The system is: Linux - 6.8.0-106-generic - x86_64
Compiling the C compiler identification source file "CMakeCCompilerId.c" succeeded.
Compiler: /usr/bin/cc 
Build flags: 
Id flags:  

The output was:
0


Compilation of the C compiler identification source "CMakeCCompilerId.c" produced "a.out"

The C compiler identification is GNU, found in "/home/sophie/isaac_lab/isaac_ws/rl_code/soarm100sim/ros2/build/soarm100_interfaces/CMakeFiles/3.22.1/CompilerIdC/a.out"

Compiling the CXX compiler identification source file "CMakeCXXCompilerId.cpp" succeeded.
Compiler: /usr/bin/c++ 
Build flags: -fvisibility-inlines-hidden;-fmessage-length=0;-march=nocona;-mtune=haswell;-ftree-vectorize;-fPIC;-fstack-protector-strong;-fno-plt;-O2;-ffunction-sections;-pipe;-isystem;/home/sophie/miniconda3/include;;-I/home/sophie/miniconda3/targets/x86_64-linux/include;;-L/home/sophie/miniconda3/targets/x86_64-linux/lib;-L/home/sophie/miniconda3/targets/x86_64-linux/lib/stubs
Id flags:  

The output was:
0


Compilation of the CXX compiler identification source "CMakeCXXCompilerId.cpp" produced "a.out"

The CXX compiler identification is GNU, found in "/home/sophie/isaac_lab/isaac_ws/rl_code/soarm100sim/ros2/build/soarm100_interfaces/CMakeFiles/3.22.1/CompilerIdCXX/a.out"

Detecting C compiler ABI info compiled with the following output:
Change Dir: /home/sophie/isaac_lab/isaac_ws/rl_code/soarm100sim/ros2/build/soarm100_interfaces/CMakeFiles/CMakeTmp

Run Build Command(s):/usr/bin/gmake -f Makefile cmTC_6d5a3/fast && /usr/bin/gmake  -f CMakeFiles/cmTC_6d5a3.dir/build.make CMakeFiles/cmTC_6d5a3.dir/build
gmake[1]: Entering directory '/home/sophie/isaac_lab/isaac_ws/rl_code/soarm100sim/ros2/build/soarm100_interfaces/CMakeFiles/CMakeTmp'
Building C object CMakeFiles/cmTC_6d5a3.dir/CMakeCCompilerABI.c.o
/usr/bin/cc   -v -o CMakeFiles/cmTC_6d5a3.dir/CMakeCCompilerABI.c.o -c /usr/share/cmake-3.22/Modules/CMakeCCompilerABI.c
Using built-in specs.
COLLECT_GCC=/usr/bin/cc
OFFLOAD_TARGET_NAMES=nvptx-none:amdgcn-amdhsa
OFFLOAD_TARGET_DEFAULT=1
Target: x86_64-linux-gnu
Configured with: ../src/configure -v --with-pkgversion='Ubuntu 11.4.0-1ubuntu1~22.04.3' --with-bugurl=file:///usr/share/doc/gcc-11/README.Bugs --enable-languages=c,ada,c++,go,brig,d,fortran,objc,obj-c++,m2 --prefix=/usr --with-gcc-major-version-only --program-suffix=-11 --program-prefix=x86_64-linux-gnu- --enable-shared --enable-linker-build-id --libexecdir=/usr/lib --without-included-gettext --enable-threads=posix --libdir=/usr/lib --enable-nls --enable-bootstrap --enable-clocale=gnu --enable-libstdcxx-debug --enable-libstdcxx-time=yes --with-default-libstdcxx-abi=new --enable-gnu-unique-object --disable-vtable-verify --enable-plugin --enable-default-pie --with-system-zlib --enable-libphobos-checking=release --with-target-system-zlib=auto --enable-objc-gc=auto --enable-multiarch --disable-werror --enable-cet --with-arch-32=i686 --with-abi=m64 --with-multilib-list=m32,m64,mx32 --enable-multilib --with-tune=generic --enable-offload-targets=nvptx-none=/build/gcc-11-0odw26/gcc-11-11.4.0/debian/tmp-nvptx/usr,amdgcn-amdhsa=/build/gcc-11-0odw26/gcc-11-11.4.0/debian/tmp-gcn/usr --without-cuda-driver --enable-checking=release --build=x86_64-linux-gnu --host=x86_64-linux-gnu --target=x86_64-linux-gnu --with-build-config=bootstrap-lto-lean --enable-link-serialization=2
Thread model: posix
Supported LTO compression algorithms: zlib zstd
gcc version 11.4.0 (Ubuntu 11.4.0-1ubuntu1~22.04.3) 
COLLECT_GCC_OPTIONS='-v' '-o' 'CMakeFiles/cmTC_6d5a3.dir/CMakeCCompilerABI.c.o' '-c' '-mtune=generic' '-march=x86-64' '-dumpdir' 'CMakeFiles/cmTC_6d5a3.dir/'
 /usr/lib/gcc/x86_64-linux-gnu/11/cc1 -quiet -v -imultiarch x86_64-linux-gnu /usr/share/cmake-3.22/Modules/CMakeCCompilerABI.c -quiet -dumpdir CMakeFiles/cmTC_6d5a3.dir/ -dumpbase CMakeCCompilerABI.c.c -dumpbase-ext .c -mtune=generic -march=x86-64 -version -fasynchronous-unwind-tables -fstack-protector-strong -Wformat -Wformat-security -fstack-clash-protection -fcf-protection -o /tmp/ccjoI0uD.s
GNU C17 (Ubuntu 11.4.0-1ubuntu1~22.04.3) version 11.4.0 (x86_64-linux-gnu)
	compiled by GNU C version 11.4.0, GMP version 6.2.1, MPFR version 4.1.0, MPC version 1.2.1, isl version isl-0.24-GMP

GGC heuristics: --param ggc-min-expand=100 --param ggc-min-heapsize=131072
ignoring nonexistent directory "/usr/local/include/x86_64-linux-gnu"
ignoring nonexistent directory "/usr/lib/gcc/x86_64-linux-gnu/11/include-fixed"
ignoring nonexistent directory "/usr/lib/gcc/x86_64-linux-gnu/11/../../../../x86_64-linux-gnu/include"
#include "..." search starts here:
#include <...> search starts here:
 /usr/lib/gcc/x86_64-linux-gnu/11/include
 /usr/local/include
 /usr/include/x86_64-linux-gnu
 /usr/include
End of search list.
GNU C17 (Ubuntu 11.4.0-1ubuntu1~22.04.3) version 11.4.0 (x86_64-linux-gnu)
	compiled by GNU C version 11.4.0, GMP version 6.2.1, MPFR version 4.1.0, MPC version 1.2.1, isl version isl-0.24-GMP

GGC heuristics: --param ggc-min-expand=100 --param ggc-min-heapsize=131072
Compiler executable checksum: 46ebede1f5b795a957a1e85cb61af9d8
COLLECT_GCC_OPTIONS='-v' '-o' 'CMakeFiles/cmTC_6d5a3.dir/CMakeCCompilerABI.c.o' '-c' '-mtune=generic' '-march=x86-64' '-dumpdir' 'CMakeFiles/cmTC_6d5a3.dir/'
 as -v --64 -o CMakeFiles/cmTC_6d5a3.dir/CMakeCCompilerABI.c.o /tmp/ccjoI0uD.s
GNU assembler version 2.38 (x86_64-linux-gnu) using BFD version (GNU Binutils for Ubuntu) 2.38
COMPILER_PATH=/usr/lib/gcc/x86_64-linux-gnu/11/:/usr/lib/gcc/x86_64-linux-gnu/11/:/usr/lib/gcc/x86_64-linux-gnu/:/usr/lib/gcc/x86_64-linux-gnu/11/:/usr/lib/gcc/x86_64-linux-gnu/
LIBRARY_PATH=/usr/lib/gcc/x86_64-linux-gnu/11/:/usr/lib/gcc/x86_64-linux-gnu/11/../../../x86_64-linux-gnu/:/usr/lib/gcc/x86_64-linux-gnu/11/../../../../lib/:/lib/x86_64-linux-gnu/:/lib/../lib/:/usr/lib/x86_64-linux-gnu/:/usr/lib/../lib/:/usr/lib/gcc/x86_64-linux-gnu/11/../../../:/lib/:/usr/lib/
COLLECT_GCC_OPTIONS='-v' '-o' 'CMakeFiles/cmTC_6d5a3.dir/CMakeCCompilerABI.c.o' '-c' '-mtune=generic' '-march=x86-64' '-dumpdir' 'CMakeFiles/cmTC_6d5a3.dir/CMakeCCompilerABI.c.'
Linking C executable cmTC_6d5a3
/usr/bin/cmake -E cmake_link_script CMakeFiles/cmTC_6d5a3.dir/link.txt --verbose=1
/usr/bin/cc -Wl,-O2 -Wl,--sort-common -Wl,--as-needed -Wl,-z,relro -Wl,-z,now -Wl,--disable-new-dtags -Wl,--gc-sections -Wl,-rpath,/home/sophie/miniconda3/lib -Wl,-rpath-link,/home/sophie/miniconda3/lib -L/home/sophie/miniconda3/lib  -L/home/sophie/miniconda3/targets/x86_64-linux/lib -L/home/sophie/miniconda3/targets/x86_64-linux/lib/stubs -v CMakeFiles/cmTC_6d5a3.dir/CMakeCCompilerABI.c.o -o cmTC_6d5a3 
Using built-in specs.
COLLECT_GCC=/usr/bin/cc
COLLECT_LTO_WRAPPER=/usr/lib/gcc/x86_64-linux-gnu/11/lto-wrapper
OFFLOAD_TARGET_NAMES=nvptx-none:amdgcn-amdhsa
OFFLOAD_TARGET_DEFAULT=1
Target: x86_64-linux-gnu
Configured with: ../src/configure -v --with-pkgversion='Ubuntu 11.4.0-1ubuntu1~22.04.3' --with-bugurl=file:///usr/share/doc/gcc-11/README.Bugs --enable-languages=c,ada,c++,go,brig,d,fortran,objc,obj-c++,m2 --prefix=/usr --with-gcc-major-version-only --program-suffix=-11 --program-prefix=x86_64-linux-gnu- --enable-shared --enable-linker-build-id --libexecdir=/usr/lib --without-included-gettext --enable-threads=posix --libdir=/usr/lib --enable-nls --enable-bootstrap --enable-clocale=gnu --enable-libstdcxx-debug --enable-libstdcxx-time=yes --with-default-libstdcxx-abi=new --enable-gnu-unique-object --disable-vtable-verify --enable-plugin --enable-default-pie --with-system-zlib --enable-libphobos-checking=release --with-target-system-zlib=auto --enable-objc-gc=auto --enable-multiarch --disable-werror --enable-cet --with-arch-32=i686 --with-abi=m64 --with-multilib-list=m32,m64,mx32 --enable-multilib --with-tune=generic --enable-offload-targets=nvptx-none=/build/gcc-11-0odw26/gcc-11-11.4.0/debian/tmp-nvptx/usr,amdgcn-amdhsa=/build/gcc-11-0odw26/gcc-11-11.4.0/debian/tmp-gcn/usr --without-cuda-driver --enable-checking=release --build=x86_64-linux-gnu --host=x86_64-linux-gnu --target=x86_64-linux-gnu --with-build-config=bootstrap-lto-lean --enable-link-serialization=2
Thread model: posix
Supported LTO compression algorithms: zlib zstd
gcc version 11.4.0 (Ubuntu 11.4.0-1ubuntu1~22.04.3) 
COMPILER_PATH=/usr/lib/gcc/x86_64-linux-gnu/11/:/usr/lib/gcc/x86_64-linux-gnu/11/:/usr/lib/gcc/x86_64-linux-gnu/:/usr/lib/gcc/x86_64-linux-gnu/11/:/usr/lib/gcc/x86_64-linux-gnu/
LIBRARY_PATH=/usr/lib/gcc/x86_64-linux-gnu/11/:/usr/lib/gcc/x86_64-linux-gnu/11/../../../x86_64-linux-gnu/:/usr/lib/gcc/x86_64-linux-gnu/11/../../../../lib/:/lib/x86_64-linux-gnu/:/lib/../lib/:/usr/lib/x86_64-linux-gnu/:/usr/lib/../lib/:/usr/lib/gcc/x86_64-linux-gnu/11/../../../:/lib/:/usr/lib/
COLLECT_GCC_OPTIONS='-L/home/sophie/miniconda3/lib' '-L/home/sophie/miniconda3/targets/x86_64-linux/lib' '-L/home/sophie/miniconda3/targets/x86_64-linux/lib/stubs' '-v' '-o' 'cmTC_6d5a3' '-mtune=generic' '-march=x86-64' '-dumpdir' 'cmTC_6d5a3.'
 /usr/lib/gcc/x86_64-linux-gnu/11/collect2 -plugin /usr/lib/gcc/x86_64-linux-gnu/11/liblto_plugin.so -plugin-opt=/usr/lib/gcc/x86_64-linux-gnu/11/lto-wrapper -plugin-opt=-fresolution=/tmp/ccFQqf4A.res -plugin-opt=-pass-through=-lgcc -plugin-opt=-pass-through=-lgcc_s -plugin-opt=-pass-through=-lc -plugin-opt=-pass-through=-lgcc -plugin-opt=-pass-through=-lgcc_s --build-id --eh-frame-hdr -m elf_x86_64 --hash-style=gnu --as-needed -dynamic-linker /lib64/ld-linux-x86-64.so.2 -pie -z now -z relro -o cmTC_6d5a3 /usr/lib/gcc/x86_64-linux-gnu/11/../../../x86_64-linux-gnu/Scrt1.o /usr/lib/gcc/x86_64-linux-gnu/11/../../../x86_64-linux-gnu/crti.o /usr/lib/gcc/x86_64-linux-gnu/11/crtbeginS.o -L/home/sophie/miniconda3/lib -L/home/sophie/miniconda3/targets/x86_64-linux/lib -L/home/sophie/miniconda3/targets/x86_64-linux/lib/stubs -L/usr/lib/gcc/x86_64-linux-gnu/11 -L/usr/lib/gcc/x86_64-linux-gnu/11/../../../x86_64-linux-gnu -L/usr/lib/gcc/x86_64-linux-gnu/11/../../../../lib -L/lib/x86_64-linux-gnu -L/lib/../lib -L/usr/lib/x86_64-linux-gnu -L/usr/lib/../lib -L/usr/lib/gcc/x86_64-linux-gnu/11/../../.. -O2 --sort-common --as-needed -z relro -z now --disable-new-dtags --gc-sections -rpath /home/sophie/miniconda3/lib -rpath-link /home/sophie/miniconda3/lib CMakeFiles/cmTC_6d5a3.dir/CMakeCCompilerABI.c.o -lgcc --push-state --as-needed -lgcc_s --pop-state -lc -lgcc --push-state --as-needed -lgcc_s --pop-state /usr/lib/gcc/x86_64-linux-gnu/11/crtendS.o /usr/lib/gcc/x86_64-linux-gnu/11/../../../x86_64-linux-gnu/crtn.o
COLLECT_GCC_OPTIONS='-L/home/sophie/miniconda3/lib' '-L/home/sophie/miniconda3/targets/x86_64-linux/lib' '-L/home/sophie/miniconda3/targets/x86_64-linux/lib/stubs' '-v' '-o' 'cmTC_6d5a3' '-mtune=generic' '-march=x86-64' '-dumpdir' 'cmTC_6d5a3.'
gmake[1]: Leaving directory '/home/sophie/isaac_lab/isaac_ws/rl_code/soarm100sim/ros2/build/soarm100_interfaces/CMakeFiles/CMakeTmp'



Parsed C implicit include dir info from above output: rv=done
  found start of include info
  found start of implicit include info
    add: [/usr/lib/gcc/x86_64-linux-gnu/11/include]
    add: [/usr/local/include]
    add: [/usr/include/x86_64-linux-gnu]
    add: [/usr/include]
  end of search list found
  collapse include dir [/usr/lib/gcc/x86_64-linux-gnu/11/include] ==> [/usr/lib/gcc/x86_64-linux-gnu/11/include]
  collapse include dir [/usr/local/include] ==> [/usr/local/include]
  collapse include dir [/usr/include/x86_64-linux-gnu] ==> [/usr/include/x86_64-linux-gnu]
  collapse include dir [/usr/include] ==> [/usr/include]
  implicit include dirs: [/usr/lib/gcc/x86_64-linux-gnu/11/include;/usr/local/include;/usr/include/x86_64-linux-gnu;/usr/include]


Parsed C implicit link information from above output:
  link line regex: [^( *|.*[/\])(ld|CMAKE_LINK_STARTFILE-NOTFOUND|([^/\]+-)?ld|collect2)[^/\]*( |$)]
  ignore line: [Change Dir: /home/sophie/isaac_lab/isaac_ws/rl_code/soarm100sim/ros2/build/soarm100_interfaces/CMakeFiles/CMakeTmp]
  ignore line: []
  ignore line: [Run Build Command(s):/usr/bin/gmake -f Makefile cmTC_6d5a3/fast && /usr/bin/gmake  -f CMakeFiles/cmTC_6d5a3.dir/build.make CMakeFiles/cmTC_6d5a3.dir/build]
  ignore line: [gmake[1]: Entering directory '/home/sophie/isaac_lab/isaac_ws/rl_code/soarm100sim/ros2/build/soarm100_interfaces/CMakeFiles/CMakeTmp']
  ignore line: [Building C object CMakeFiles/cmTC_6d5a3.dir/CMakeCCompilerABI.c.o]
  ignore line: [/usr/bin/cc   -v -o CMakeFiles/cmTC_6d5a3.dir/CMakeCCompilerABI.c.o -c /usr/share/cmake-3.22/Modules/CMakeCCompilerABI.c]
  ignore line: [Using built-in specs.]
  ignore line: [COLLECT_GCC=/usr/bin/cc]
  ignore line: [OFFLOAD_TARGET_NAMES=nvptx-none:amdgcn-amdhsa]
  ignore line: [OFFLOAD_TARGET_DEFAULT=1]
  ignore line: [Target: x86_64-linux-gnu]
  ignore line: [Configured with: ../src/configure -v --with-pkgversion='Ubuntu 11.4.0-1ubuntu1~22.04.3' --with-bugurl=file:///usr/share/doc/gcc-11/README.Bugs --enable-languages=c ada c++ go brig d fortran objc obj-c++ m2 --prefix=/usr --with-gcc-major-version-only --program-suffix=-11 --program-prefix=x86_64-linux-gnu- --enable-shared --enable-linker-build-id --libexecdir=/usr/lib --without-included-gettext --enable-threads=posix --libdir=/usr/lib --enable-nls --enable-bootstrap --enable-clocale=gnu --enable-libstdcxx-debug --enable-libstdcxx-time=yes --with-default-libstdcxx-abi=new --enable-gnu-unique-object --disable-vtable-verify --enable-plugin --enable-default-pie --with-system-zlib --enable-libphobos-checking=release --with-target-system-zlib=auto --enable-objc-gc=auto --enable-multiarch --disable-werror --enable-cet --with-arch-32=i686 --with-abi=m64 --with-multilib-list=m32 m64 mx32 --enable-multilib --with-tune=generic --enable-offload-targets=nvptx-none=/build/gcc-11-0odw26/gcc-11-11.4.0/debian/tmp-nvptx/usr amdgcn-amdhsa=/build/gcc-11-0odw26/gcc-11-11.4.0/debian/tmp-gcn/usr --without-cuda-driver --enable-checking=release --build=x86_64-linux-gnu --host=x86_64-linux-gnu --target=x86_64-linux-gnu --with-build-config=bootstrap-lto-lean --enable-link-serialization=2]
  ignore line: [Thread model: posix]
  ignore line: [Supported LTO compression algorithms: zlib zstd]
  ignore line: [gcc version 11.4.0 (Ubuntu 11.4.0-1ubuntu1~22.04.3) ]
  ignore line: [COLLECT_GCC_OPTIONS='-v' '-o' 'CMakeFiles/cmTC_6d5a3.dir/CMakeCCompilerABI.c.o' '-c' '-mtune=generic' '-march=x86-64' '-dumpdir' 'CMakeFiles/cmTC_6d5a3.dir/']
  ignore line: [ /usr/lib/gcc/x86_64-linux-gnu/11/cc1 -quiet -v -imultiarch x86_64-linux-gnu /usr/share/cmake-3.22/Modules/CMakeCCompilerABI.c -quiet -dumpdir CMakeFiles/cmTC_6d5a3.dir/ -dumpbase CMakeCCompilerABI.c.c -dumpbase-ext .c -mtune=generic -march=x86-64 -version -fasynchronous-unwind-tables -fstack-protector-strong -Wformat -Wformat-security -fstack-clash-protection -fcf-protection -o /tmp/ccjoI0uD.s]
  ignore line: [GNU C17 (Ubuntu 11.4.0-1ubuntu1~22.04.3) version 11.4.0 (x86_64-linux-gnu)]
  ignore line: [	compiled by GNU C version 11.4.0  GMP version 6.2.1  MPFR version 4.1.0  MPC version 1.2.1  isl version isl-0.24-GMP]
  ignore line: []
  ignore line: [GGC heuristics: --param ggc-min-expand=100 --param ggc-min-heapsize=131072]
  ignore line: [ignoring nonexistent directory "/usr/local/include/x86_64-linux-gnu"]
  ignore line: [ignoring nonexistent directory "/usr/lib/gcc/x86_64-linux-gnu/11/include-fixed"]
  ignore line: [ignoring nonexistent directory "/usr/lib/gcc/x86_64-linux-gnu/11/../../../../x86_64-linux-gnu/include"]
  ignore line: [#include "..." search starts here:]
  ignore line: [#include <...> search starts here:]
  ignore line: [ /usr/lib/gcc/x86_64-linux-gnu/11/include]
  ignore line: [ /usr/local/include]
  ignore line: [ /usr/include/x86_64-linux-gnu]
  ignore line: [ /usr/include]
  ignore line: [End of search list.]
  ignore line: [GNU C17 (Ubuntu 11.4.0-1ubuntu1~22.04.3) version 11.4.0 (x86_64-linux-gnu)]
  ignore line: [	compiled by GNU C version 11.4.0  GMP version 6.2.1  MPFR version 4.1.0  MPC version 1.2.1  isl version isl-0.24-GMP]
  ignore line: []
  ignore line: [GGC heuristics: --param ggc-min-expand=100 --param ggc-min-heapsize=131072]
  ignore line: [Compiler executable checksum: 46ebede1f5b795a957a1e85cb61af9d8]
  ignore line: [COLLECT_GCC_OPTIONS='-v' '-o' 'CMakeFiles/cmTC_6d5a3.dir/CMakeCCompilerABI.c.o' '-c' '-mtune=generic' '-march=x86-64' '-dumpdir' 'CMakeFiles/cmTC_6d5a3.dir/']
  ignore line: [ as -v --64 -o CMakeFiles/cmTC_6d5a3.dir/CMakeCCompilerABI.c.o /tmp/ccjoI0uD.s]
  ignore line: [GNU assembler version 2.38 (x86_64-linux-gnu) using BFD version (GNU Binutils for Ubuntu) 2.38]
  ignore line: [COMPILER_PATH=/usr/lib/gcc/x86_64-linux-gnu/11/:/usr/lib/gcc/x86_64-linux-gnu/11/:/usr/lib/gcc/x86_64-linux-gnu/:/usr/lib/gcc/x86_64-linux-gnu/11/:/usr/lib/gcc/x86_64-linux-gnu/]
  ignore line: [LIBRARY_PATH=/usr/lib/gcc/x86_64-linux-gnu/11/:/usr/lib/gcc/x86_64-linux-gnu/11/../../../x86_64-linux-gnu/:/usr/lib/gcc/x86_64-linux-gnu/11/../../../../lib/:/lib/x86_64-linux-gnu/:/lib/../lib/:/usr/lib/x86_64-linux-gnu/:/usr/lib/../lib/:/usr/lib/gcc/x86_64-linux-gnu/11/../../../:/lib/:/usr/lib/]
  ignore line: [COLLECT_GCC_OPTIONS='-v' '-o' 'CMakeFiles/cmTC_6d5a3.dir/CMakeCCompilerABI.c.o' '-c' '-mtune=generic' '-march=x86-64' '-dumpdir' 'CMakeFiles/cmTC_6d5a3.dir/CMakeCCompilerABI.c.']
  ignore line: [Linking C executable cmTC_6d5a3]
  ignore line: [/usr/bin/cmake -E cmake_link_script CMakeFiles/cmTC_6d5a3.dir/link.txt --verbose=1]
  ignore line: [/usr/bin/cc -Wl -O2 -Wl --sort-common -Wl --as-needed -Wl -z relro -Wl -z now -Wl --disable-new-dtags -Wl --gc-sections -Wl -rpath /home/sophie/miniconda3/lib -Wl -rpath-link /home/sophie/miniconda3/lib -L/home/sophie/miniconda3/lib  -L/home/sophie/miniconda3/targets/x86_64-linux/lib -L/home/sophie/miniconda3/targets/x86_64-linux/lib/stubs -v CMakeFiles/cmTC_6d5a3.dir/CMakeCCompilerABI.c.o -o cmTC_6d5a3 ]
  ignore line: [Using built-in specs.]
  ignore line: [COLLECT_GCC=/usr/bin/cc]
  ignore line: [COLLECT_LTO_WRAPPER=/usr/lib/gcc/x86_64-linux-gnu/11/lto-wrapper]
  ignore line: [OFFLOAD_TARGET_NAMES=nvptx-none:amdgcn-amdhsa]
  ignore line: [OFFLOAD_TARGET_DEFAULT=1]
  ignore line: [Target: x86_64-linux-gnu]
  ignore line: [Configured with: ../src/configure -v --with-pkgversion='Ubuntu 11.4.0-1ubuntu1~22.04.3' --with-bugurl=file:///usr/share/doc/gcc-11/README.Bugs --enable-languages=c ada c++ go brig d fortran objc obj-c++ m2 --prefix=/usr --with-gcc-major-version-only --program-suffix=-11 --program-prefix=x86_64-linux-gnu- --enable-shared --enable-linker-build-id --libexecdir=/usr/lib --without-included-gettext --enable-threads=posix --libdir=/usr/lib --enable-nls --enable-bootstrap --enable-clocale=gnu --enable-libstdcxx-debug --enable-libstdcxx-time=yes --with-default-libstdcxx-abi=new --enable-gnu-unique-object --disable-vtable-verify --enable-plugin --enable-default-pie --with-system-zlib --enable-libphobos-checking=release --with-target-system-zlib=auto --enable-objc-gc=auto --enable-multiarch --disable-werror --enable-cet --with-arch-32=i686 --with-abi=m64 --with-multilib-list=m32 m64 mx32 --enable-multilib --with-tune=generic --enable-offload-targets=nvptx-none=/build/gcc-11-0odw26/gcc-11-11.4.0/debian/tmp-nvptx/usr amdgcn-amdhsa=/build/gcc-11-0odw26/gcc-11-11.4.0/debian/tmp-gcn/usr --without-cuda-driver --enable-checking=release --build=x86_64-linux-gnu --host=x86_64-linux-gnu --target=x86_64-linux-gnu --with-build-config=bootstrap-lto-lean --enable-link-serialization=2]
  ignore line: [Thread model: posix]
  ignore line: [Supported LTO compression algorithms: zlib zstd]
  ignore line: [gcc version 11.4.0 (Ubuntu 11.4.0-1ubuntu1~22.04.3) ]
  ignore line: [COMPILER_PATH=/usr/lib/gcc/x86_64-linux-gnu/11/:/usr/lib/gcc/x86_64-linux-gnu/11/:/usr/lib/gcc/x86_64-linux-gnu/:/usr/lib/gcc/x86_64-linux-gnu/11/:/usr/lib/gcc/x86_64-linux-gnu/]
  ignore line: [LIBRARY_PATH=/usr/lib/gcc/x86_64-linux-gnu/11/:/usr/lib/gcc/x86_64-linux-gnu/11/../../../x86_64-linux-gnu/:/usr/lib/gcc/x86_64-linux-gnu/11/../../../../lib/:/lib/x86_64-linux-gnu/:/lib/../lib/:/usr/lib/x86_64-linux-gnu/:/usr/lib/../lib/:/usr/lib/gcc/x86_64-linux-gnu/11/../../../:/lib/:/usr/lib/]
  ignore line: [COLLECT_GCC_OPTIONS='-L/home/sophie/miniconda3/lib' '-L/home/sophie/miniconda3/targets/x86_64-linux/lib' '-L/home/sophie/miniconda3/targets/x86_64-linux/lib/stubs' '-v' '-o' 'cmTC_6d5a3' '-mtune=generic' '-march=x86-64' '-dumpdir' 'cmTC_6d5a3.']
  link line: [ /usr/lib/gcc/x86_64-linux-gnu/11/collect2 -plugin /usr/lib/gcc/x86_64-linux-gnu/11/liblto_plugin.so -plugin-opt=/usr/lib/gcc/x86_64-linux-gnu/11/lto-wrapper -plugin-opt=-fresolution=/tmp/ccFQqf4A.res -plugin-opt=-pass-through=-lgcc -plugin-opt=-pass-through=-lgcc_s -plugin-opt=-pass-through=-lc -plugin-opt=-pass-through=-lgcc -plugin-opt=-pass-through=-lgcc_s --build-id --eh-frame-hdr -m elf_x86_64 --hash-style=gnu --as-needed -dynamic-linker /lib64/ld-linux-x86-64.so.2 -pie -z now -z relro -o cmTC_6d5a3 /usr/lib/gcc/x86_64-linux-gnu/11/../../../x86_64-linux-gnu/Scrt1.o /usr/lib/gcc/x86_64-linux-gnu/11/../../../x86_64-linux-gnu/crti.o /usr/lib/gcc/x86_64-linux-gnu/11/crtbeginS.o -L/home/sophie/miniconda3/lib -L/home/sophie/miniconda3/targets/x86_64-linux/lib -L/home/sophie/miniconda3/targets/x86_64-linux/lib/stubs -L/usr/lib/gcc/x86_64-linux-gnu/11 -L/usr/lib/gcc/x86_64-linux-gnu/11/../../../x86_64-linux-gnu -L/usr/lib/gcc/x86_64-linux-gnu/11/../../../../lib -L/lib/x86_64-linux-gnu -L/lib/../lib -L/usr/lib/x86_64-linux-gnu -L/usr/lib/../lib -L/usr/lib/gcc/x86_64-linux-gnu/11/../../.. -O2 --sort-common --as-needed -z relro -z now --disable-new-dtags --gc-sections -rpath /home/sophie/miniconda3/lib -rpath-link /home/sophie/miniconda3/lib CMakeFiles/cmTC_6d5a3.dir/CMakeCCompilerABI.c.o -lgcc --push-state --as-needed -lgcc_s --pop-state -lc -lgcc --push-state --as-needed -lgcc_s --pop-state /usr/lib/gcc/x86_64-linux-gnu/11/crtendS.o /usr/lib/gcc/x86_64-linux-gnu/11/../../../x86_64-linux-gnu/crtn.o]
    arg [/usr/lib/gcc/x86_64-linux-gnu/11/collect2] ==> ignore
    arg [-plugin] ==> ignore
    arg [/usr/lib/gcc/x86_64-linux-gnu/11/liblto_plugin.so] ==> ignore
    arg [-plugin-opt=/usr/lib/gcc/x86_64-linux-gnu/11/lto-wrapper] ==> ignore
    arg [-plugin-opt=-fresolution=/tmp/ccFQqf4A.res] ==> ignore
    arg [-plugin-opt=-pass-through=-lgcc] ==> ignore
    arg [-plugin-opt=-pass-through=-lgcc_s] ==> ignore
    arg [-plugin-opt=-pass-through=-lc] ==> ignore
    arg [-plugin-opt=-pass-through=-lgcc] ==> ignore
    arg [-plugin-opt=-pass-through=-lgcc_s] ==> ignore
    arg [--build-id] ==> ignore
    arg [--eh-frame-hdr] ==> ignore
    arg [-m] ==> ignore
    arg [elf_x86_64] ==> ignore
    arg [--hash-style=gnu] ==> ignore
    arg [--as-needed] ==> ignore
    arg [-dynamic-linker] ==> ignore
    arg [/lib64/ld-linux-x86-64.so.2] ==> ignore
    arg [-pie] ==> ignore
    arg [-znow] ==> ignore
    arg [-zrelro] ==> ignore
    arg [-o] ==> ignore
    arg [cmTC_6d5a3] ==> ignore
    arg [/usr/lib/gcc/x86_64-linux-gnu/11/../../../x86_64-linux-gnu/Scrt1.o] ==> obj [/usr/lib/gcc/x86_64-linux-gnu/11/../../../x86_64-linux-gnu/Scrt1.o]
    arg [/usr/lib/gcc/x86_64-linux-gnu/11/../../../x86_64-linux-gnu/crti.o] ==> obj [/usr/lib/gcc/x86_64-linux-gnu/11/../../../x86_64-linux-gnu/crti.o]
    arg [/usr/lib/gcc/x86_64-linux-gnu/11/crtbeginS.o] ==> obj [/usr/lib/gcc/x86_64-linux-gnu/11/crtbeginS.o]
    arg [-L/home/sophie/miniconda3/lib] ==> dir [/home/sophie/miniconda3/lib]
    arg [-L/home/sophie/miniconda3/targets/x86_64-linux/lib] ==> dir [/home/sophie/miniconda3/targets/x86_64-linux/lib]
    arg [-L/home/sophie/miniconda3/targets/x86_64-linux/lib/stubs] ==> dir [/home/sophie/miniconda3/targets/x86_64-linux/lib/stubs]
    arg [-L/usr/lib/gcc/x86_64-linux-gnu/11] ==> dir [/usr/lib/gcc/x86_64-linux-gnu/11]
    arg [-L/usr/lib/gcc/x86_64-linux-gnu/11/../../../x86_64-linux-gnu] ==> dir [/usr/lib/gcc/x86_64-linux-gnu/11/../../../x86_64-linux-gnu]
    arg [-L/usr/lib/gcc/x86_64-linux-gnu/11/../../../../lib] ==> dir [/usr/lib/gcc/x86_64-linux-gnu/11/../../../../lib]
    arg [-L/lib/x86_64-linux-gnu] ==> dir [/lib/x86_64-linux-gnu]
    arg [-L/lib/../lib] ==> dir [/lib/../lib]
    arg [-L/usr/lib/x86_64-linux-gnu] ==> dir [/usr/lib/x86_64-linux-gnu]
    arg [-L/usr/lib/../lib] ==> dir [/usr/lib/../lib]
    arg [-L/usr/lib/gcc/x86_64-linux-gnu/11/../../..] ==> dir [/usr/lib/gcc/x86_64-linux-gnu/11/../../..]
    arg [-O2] ==> ignore
    arg [--sort-common] ==> ignore
    arg [--as-needed] ==> ignore
    arg [-zrelro] ==> ignore
    arg [-znow] ==> ignore
    arg [--disable-new-dtags] ==> ignore
    arg [--gc-sections] ==> ignore
    arg [-rpath] ==> ignore
    arg [/home/sophie/miniconda3/lib] ==> ignore
    arg [-rpath-link] ==> ignore
    arg [/home/sophie/miniconda3/lib] ==> ignore
    arg [CMakeFiles/cmTC_6d5a3.dir/CMakeCCompilerABI.c.o] ==> ignore
    arg [-lgcc] ==> lib [gcc]
    arg [--push-state] ==> ignore
    arg [--as-needed] ==> ignore
    arg [-lgcc_s] ==> lib [gcc_s]
    arg [--pop-state] ==> ignore
    arg [-lc] ==> lib [c]
    arg [-lgcc] ==> lib [gcc]
    arg [--push-state] ==> ignore
    arg [--as-needed] ==> ignore
    arg [-lgcc_s] ==> lib [gcc_s]
    arg [--pop-state] ==> ignore
    arg [/usr/lib/gcc/x86_64-linux-gnu/11/crtendS.o] ==> obj [/usr/lib/gcc/x86_64-linux-gnu/11/crtendS.o]
    arg [/usr/lib/gcc/x86_64-linux-gnu/11/../../../x86_64-linux-gnu/crtn.o] ==> obj [/usr/lib/gcc/x86_64-linux-gnu/11/../../../x86_64-linux-gnu/crtn.o]
  collapse obj [/usr/lib/gcc/x86_64-linux-gnu/11/../../../x86_64-linux-gnu/Scrt1.o] ==> [/usr/lib/x86_64-linux-gnu/Scrt1.o]
  collapse obj [/usr/lib/gcc/x86_64-linux-gnu/11/../../../x86_64-linux-gnu/crti.o] ==> [/usr/lib/x86_64-linux-gnu/crti.o]
  collapse obj [/usr/lib/gcc/x86_64-linux-gnu/11/../../../x86_64-linux-gnu/crtn.o] ==> [/usr/lib/x86_64-linux-gnu/crtn.o]
  collapse library dir [/home/sophie/miniconda3/lib] ==> [/home/sophie/miniconda3/lib]
  collapse library dir [/home/sophie/miniconda3/targets/x86_64-linux/lib] ==> [/home/sophie/miniconda3/targets/x86_64-linux/lib]
  collapse library dir [/home/sophie/miniconda3/targets/x86_64-linux/lib/stubs] ==> [/home/sophie/miniconda3/targets/x86_64-linux/lib/stubs]
  collapse library dir [/usr/lib/gcc/x86_64-linux-gnu/11] ==> [/usr/lib/gcc/x86_64-linux-gnu/11]
  collapse library dir [/usr/lib/gcc/x86_64-linux-gnu/11/../../../x86_64-linux-gnu] ==> [/usr/lib/x86_64-linux-gnu]
  collapse library dir [/usr/lib/gcc/x86_64-linux-gnu/11/../../../../lib] ==> [/usr/lib]
  collapse library dir [/lib/x86_64-linux-gnu] ==> [/lib/x86_64-linux-gnu]
  collapse library dir [/lib/../lib] ==> [/lib]
  collapse library dir [/usr/lib/x86_64-linux-gnu] ==> [/usr/lib/x86_64-linux-gnu]
  collapse library dir [/usr/lib/../lib] ==> [/usr/lib]
  collapse library dir [/usr/lib/gcc/x86_64-linux-gnu/11/../../..] ==> [/usr/lib]
  implicit libs: [gcc;gcc_s;c;gcc;gcc_s]
  implicit objs: [/usr/lib/x86_64-linux-gnu/Scrt1.o;/usr/lib/x86_64-linux-gnu/crti.o;/usr/lib/gcc/x86_64-linux-gnu/11/crtbeginS.o;/usr/lib/gcc/x86_64-linux-gnu/11/crtendS.o;/usr/lib/x86_64-linux-gnu/crtn.o]
  implicit dirs: [/home/sophie/miniconda3/lib;/home/sophie/miniconda3/targets/x86_64-linux/lib;/home/sophie/miniconda3/targets/x86_64-linux/lib/stubs;/usr/lib/gcc/x86_64-linux-gnu/11;/usr/lib/x86_64-linux-gnu;/usr/lib;/lib/x86_64-linux-gnu;/lib]
  implicit fwks: []


Detecting CXX compiler ABI info compiled with the following output:
Change Dir: /home/sophie/isaac_lab/isaac_ws/rl_code/soarm100sim/ros2/build/soarm100_interfaces/CMakeFiles/CMakeTmp

Run Build Command(s):/usr/bin/gmake -f Makefile cmTC_20812/fast && /usr/bin/gmake  -f CMakeFiles/cmTC_20812.dir/build.make CMakeFiles/cmTC_20812.dir/build
gmake[1]: Entering directory '/home/sophie/isaac_lab/isaac_ws/rl_code/soarm100sim/ros2/build/soarm100_interfaces/CMakeFiles/CMakeTmp'
Building CXX object CMakeFiles/cmTC_20812.dir/CMakeCXXCompilerABI.cpp.o
/usr/bin/c++   -fvisibility-inlines-hidden -fmessage-length=0 -march=nocona -mtune=haswell -ftree-vectorize -fPIC -fstack-protector-strong -fno-plt -O2 -ffunction-sections -pipe -isystem /home/sophie/miniconda3/include  -I/home/sophie/miniconda3/targets/x86_64-linux/include  -L/home/sophie/miniconda3/targets/x86_64-linux/lib -L/home/sophie/miniconda3/targets/x86_64-linux/lib/stubs    -v -o CMakeFiles/cmTC_20812.dir/CMakeCXXCompilerABI.cpp.o -c /usr/share/cmake-3.22/Modules/CMakeCXXCompilerABI.cpp
Using built-in specs.
COLLECT_GCC=/usr/bin/c++
OFFLOAD_TARGET_NAMES=nvptx-none:amdgcn-amdhsa
OFFLOAD_TARGET_DEFAULT=1
Target: x86_64-linux-gnu
Configured with: ../src/configure -v --with-pkgversion='Ubuntu 11.4.0-1ubuntu1~22.04.3' --with-bugurl=file:///usr/share/doc/gcc-11/README.Bugs --enable-languages=c,ada,c++,go,brig,d,fortran,objc,obj-c++,m2 --prefix=/usr --with-gcc-major-version-only --program-suffix=-11 --program-prefix=x86_64-linux-gnu- --enable-shared --enable-linker-build-id --libexecdir=/usr/lib --without-included-gettext --enable-threads=posix --libdir=/usr/lib --enable-nls --enable-bootstrap --enable-clocale=gnu --enable-libstdcxx-debug --enable-libstdcxx-time=yes --with-default-libstdcxx-abi=new --enable-gnu-unique-object --disable-vtable-verify --enable-plugin --enable-default-pie --with-system-zlib --enable-libphobos-checking=release --with-target-system-zlib=auto --enable-objc-gc=auto --enable-multiarch --disable-werror --enable-cet --with-arch-32=i686 --with-abi=m64 --with-multilib-list=m32,m64,mx32 --enable-multilib --with-tune=generic --enable-offload-targets=nvptx-none=/build/gcc-11-0odw26/gcc-11-11.4.0/debian/tmp-nvptx/usr,amdgcn-amdhsa=/build/gcc-11-0odw26/gcc-11-11.4.0/debian/tmp-gcn/usr --without-cuda-driver --enable-checking=release --build=x86_64-linux-gnu --host=x86_64-linux-gnu --target=x86_64-linux-gnu --with-build-config=bootstrap-lto-lean --enable-link-serialization=2
Thread model: posix
Supported LTO compression algorithms: zlib zstd
gcc version 11.4.0 (Ubuntu 11.4.0-1ubuntu1~22.04.3) 
COLLECT_GCC_OPTIONS='-fvisibility-inlines-hidden' '-fmessage-length=0' '-march=nocona' '-mtune=haswell' '-ftree-vectorize' '-fPIC' '-fstack-protector-strong' '-fno-plt' '-O2' '-ffunction-sections' '-pipe' '-isystem' '/home/sophie/miniconda3/include' '-I' '/home/sophie/miniconda3/targets/x86_64-linux/include' '-L/home/sophie/miniconda3/targets/x86_64-linux/lib' '-L/home/sophie/miniconda3/targets/x86_64-linux/lib/stubs' '-v' '-o' 'CMakeFiles/cmTC_20812.dir/CMakeCXXCompilerABI.cpp.o' '-c' '-shared-libgcc' '-dumpdir' 'CMakeFiles/cmTC_20812.dir/'
 /usr/lib/gcc/x86_64-linux-gnu/11/cc1plus -quiet -v -I /home/sophie/miniconda3/targets/x86_64-linux/include -imultiarch x86_64-linux-gnu -D_GNU_SOURCE -isystem /home/sophie/miniconda3/include /usr/share/cmake-3.22/Modules/CMakeCXXCompilerABI.cpp -quiet -dumpdir CMakeFiles/cmTC_20812.dir/ -dumpbase CMakeCXXCompilerABI.cpp.cpp -dumpbase-ext .cpp -march=nocona -mtune=haswell -O2 -version -fvisibility-inlines-hidden -fmessage-length=0 -ftree-vectorize -fPIC -fstack-protector-strong -fno-plt -ffunction-sections -fasynchronous-unwind-tables -fstack-protector-strong -Wformat -Wformat-security -fstack-clash-protection -fcf-protection -o - |
 as -v -I /home/sophie/miniconda3/targets/x86_64-linux/include --64 -o CMakeFiles/cmTC_20812.dir/CMakeCXXCompilerABI.cpp.o
GNU assembler version 2.38 (x86_64-linux-gnu) using BFD version (GNU Binutils for Ubuntu) 2.38
GNU C++17 (Ubuntu 11.4.0-1ubuntu1~22.04.3) version 11.4.0 (x86_64-linux-gnu)
	compiled by GNU C version 11.4.0, GMP version 6.2.1, MPFR version 4.1.0, MPC version 1.2.1, isl version isl-0.24-GMP

GGC heuristics: --param ggc-min-expand=100 --param ggc-min-heapsize=131072
ignoring duplicate directory "/usr/include/x86_64-linux-gnu/c++/11"
ignoring nonexistent directory "/usr/local/include/x86_64-linux-gnu"
ignoring nonexistent directory "/usr/lib/gcc/x86_64-linux-gnu/11/include-fixed"
ignoring nonexistent directory "/usr/lib/gcc/x86_64-linux-gnu/11/../../../../x86_64-linux-gnu/include"
#include "..." search starts here:
#include <...> search starts here:
 /home/sophie/miniconda3/targets/x86_64-linux/include
 /home/sophie/miniconda3/include
 /usr/include/c++/11
 /usr/include/x86_64-linux-gnu/c++/11
 /usr/include/c++/11/backward
 /usr/lib/gcc/x86_64-linux-gnu/11/include
 /usr/local/include
 /usr/include/x86_64-linux-gnu
 /usr/include
End of search list.
GNU C++17 (Ubuntu 11.4.0-1ubuntu1~22.04.3) version 11.4.0 (x86_64-linux-gnu)
	compiled by GNU C version 11.4.0, GMP version 6.2.1, MPFR version 4.1.0, MPC version 1.2.1, isl version isl-0.24-GMP

GGC heuristics: --param ggc-min-expand=100 --param ggc-min-heapsize=131072
Compiler executable checksum: ac7fa628ee459f217e6fdb88b3db0bde
COMPILER_PATH=/usr/lib/gcc/x86_64-linux-gnu/11/:/usr/lib/gcc/x86_64-linux-gnu/11/:/usr/lib/gcc/x86_64-linux-gnu/:/usr/lib/gcc/x86_64-linux-gnu/11/:/usr/lib/gcc/x86_64-linux-gnu/
LIBRARY_PATH=/usr/lib/gcc/x86_64-linux-gnu/11/:/usr/lib/gcc/x86_64-linux-gnu/11/../../../x86_64-linux-gnu/:/usr/lib/gcc/x86_64-linux-gnu/11/../../../../lib/:/lib/x86_64-linux-gnu/:/lib/../lib/:/usr/lib/x86_64-linux-gnu/:/usr/lib/../lib/:/usr/lib/gcc/x86_64-linux-gnu/11/../../../:/lib/:/usr/lib/
COLLECT_GCC_OPTIONS='-fvisibility-inlines-hidden' '-fmessage-length=0' '-march=nocona' '-mtune=haswell' '-ftree-vectorize' '-fPIC' '-fstack-protector-strong' '-fno-plt' '-O2' '-ffunction-sections' '-pipe' '-isystem' '/home/sophie/miniconda3/include' '-I' '/home/sophie/miniconda3/targets/x86_64-linux/include' '-L/home/sophie/miniconda3/targets/x86_64-linux/lib' '-L/home/sophie/miniconda3/targets/x86_64-linux/lib/stubs' '-v' '-o' 'CMakeFiles/cmTC_20812.dir/CMakeCXXCompilerABI.cpp.o' '-c' '-shared-libgcc' '-dumpdir' 'CMakeFiles/cmTC_20812.dir/CMakeCXXCompilerABI.cpp.'
Linking CXX executable cmTC_20812
/usr/bin/cmake -E cmake_link_script CMakeFiles/cmTC_20812.dir/link.txt --verbose=1
/usr/bin/c++ -fvisibility-inlines-hidden -fmessage-length=0 -march=nocona -mtune=haswell -ftree-vectorize -fPIC -fstack-protector-strong -fno-plt -O2 -ffunction-sections -pipe -isystem /home/sophie/miniconda3/include  -I/home/sophie/miniconda3/targets/x86_64-linux/include  -L/home/sophie/miniconda3/targets/x86_64-linux/lib -L/home/sophie/miniconda3/targets/x86_64-linux/lib/stubs  -Wl,-O2 -Wl,--sort-common -Wl,--as-needed -Wl,-z,relro -Wl,-z,now -Wl,--disable-new-dtags -Wl,--gc-sections -Wl,-rpath,/home/sophie/miniconda3/lib -Wl,-rpath-link,/home/sophie/miniconda3/lib -L/home/sophie/miniconda3/lib  -L/home/sophie/miniconda3/targets/x86_64-linux/lib -L/home/sophie/miniconda3/targets/x86_64-linux/lib/stubs -v CMakeFiles/cmTC_20812.dir/CMakeCXXCompilerABI.cpp.o -o cmTC_20812 
Using built-in specs.
COLLECT_GCC=/usr/bin/c++
COLLECT_LTO_WRAPPER=/usr/lib/gcc/x86_64-linux-gnu/11/lto-wrapper
OFFLOAD_TARGET_NAMES=nvptx-none:amdgcn-amdhsa
OFFLOAD_TARGET_DEFAULT=1
Target: x86_64-linux-gnu
Configured with: ../src/configure -v --with-pkgversion='Ubuntu 11.4.0-1ubuntu1~22.04.3' --with-bugurl=file:///usr/share/doc/gcc-11/README.Bugs --enable-languages=c,ada,c++,go,brig,d,fortran,objc,obj-c++,m2 --prefix=/usr --with-gcc-major-version-only --program-suffix=-11 --program-prefix=x86_64-linux-gnu- --enable-shared --enable-linker-build-id --libexecdir=/usr/lib --without-included-gettext --enable-threads=posix --libdir=/usr/lib --enable-nls --enable-bootstrap --enable-clocale=gnu --enable-libstdcxx-debug --enable-libstdcxx-time=yes --with-default-libstdcxx-abi=new --enable-gnu-unique-object --disable-vtable-verify --enable-plugin --enable-default-pie --with-system-zlib --enable-libphobos-checking=release --with-target-system-zlib=auto --enable-objc-gc=auto --enable-multiarch --disable-werror --enable-cet --with-arch-32=i686 --with-abi=m64 --with-multilib-list=m32,m64,mx32 --enable-multilib --with-tune=generic --enable-offload-targets=nvptx-none=/build/gcc-11-0odw26/gcc-11-11.4.0/debian/tmp-nvptx/usr,amdgcn-amdhsa=/build/gcc-11-0odw26/gcc-11-11.4.0/debian/tmp-gcn/usr --without-cuda-driver --enable-checking=release --build=x86_64-linux-gnu --host=x86_64-linux-gnu --target=x86_64-linux-gnu --with-build-config=bootstrap-lto-lean --enable-link-serialization=2
Thread model: posix
Supported LTO compression algorithms: zlib zstd
gcc version 11.4.0 (Ubuntu 11.4.0-1ubuntu1~22.04.3) 
COMPILER_PATH=/usr/lib/gcc/x86_64-linux-gnu/11/:/usr/lib/gcc/x86_64-linux-gnu/11/:/usr/lib/gcc/x86_64-linux-gnu/:/usr/lib/gcc/x86_64-linux-gnu/11/:/usr/lib/gcc/x86_64-linux-gnu/
LIBRARY_PATH=/usr/lib/gcc/x86_64-linux-gnu/11/:/usr/lib/gcc/x86_64-linux-gnu/11/../../../x86_64-linux-gnu/:/usr/lib/gcc/x86_64-linux-gnu/11/../../../../lib/:/lib/x86_64-linux-gnu/:/lib/../lib/:/usr/lib/x86_64-linux-gnu/:/usr/lib/../lib/:/usr/lib/gcc/x86_64-linux-gnu/11/../../../:/lib/:/usr/lib/
COLLECT_GCC_OPTIONS='-fvisibility-inlines-hidden' '-fmessage-length=0' '-march=nocona' '-mtune=haswell' '-ftree-vectorize' '-fPIC' '-fstack-protector-strong' '-fno-plt' '-O2' '-ffunction-sections' '-pipe' '-isystem' '/home/sophie/miniconda3/include' '-I' '/home/sophie/miniconda3/targets/x86_64-linux/include' '-L/home/sophie/miniconda3/targets/x86_64-linux/lib' '-L/home/sophie/miniconda3/targets/x86_64-linux/lib/stubs' '-L/home/sophie/miniconda3/lib' '-L/home/sophie/miniconda3/targets/x86_64-linux/lib' '-L/home/sophie/miniconda3/targets/x86_64-linux/lib/stubs' '-v' '-o' 'cmTC_20812' '-shared-libgcc' '-dumpdir' 'cmTC_20812.'
 /usr/lib/gcc/x86_64-linux-gnu/11/collect2 -plugin /usr/lib/gcc/x86_64-linux-gnu/11/liblto_plugin.so -plugin-opt=/usr/lib/gcc/x86_64-linux-gnu/11/lto-wrapper -plugin-opt=-fresolution=/tmp/ccRDD9MY.res -plugin-opt=-pass-through=-lgcc_s -plugin-opt=-pass-through=-lgcc -plugin-opt=-pass-through=-lc -plugin-opt=-pass-through=-lgcc_s -plugin-opt=-pass-through=-lgcc --build-id --eh-frame-hdr -m elf_x86_64 --hash-style=gnu --as-needed -dynamic-linker /lib64/ld-linux-x86-64.so.2 -pie -z now -z relro -o cmTC_20812 /usr/lib/gcc/x86_64-linux-gnu/11/../../../x86_64-linux-gnu/Scrt1.o /usr/lib/gcc/x86_64-linux-gnu/11/../../../x86_64-linux-gnu/crti.o /usr/lib/gcc/x86_64-linux-gnu/11/crtbeginS.o -L/home/sophie/miniconda3/targets/x86_64-linux/lib -L/home/sophie/miniconda3/targets/x86_64-linux/lib/stubs -L/home/sophie/miniconda3/lib -L/home/sophie/miniconda3/targets/x86_64-linux/lib -L/home/sophie/miniconda3/targets/x86_64-linux/lib/stubs -L/usr/lib/gcc/x86_64-linux-gnu/11 -L/usr/lib/gcc/x86_64-linux-gnu/11/../../../x86_64-linux-gnu -L/usr/lib/gcc/x86_64-linux-gnu/11/../../../../lib -L/lib/x86_64-linux-gnu -L/lib/../lib -L/usr/lib/x86_64-linux-gnu -L/usr/lib/../lib -L/usr/lib/gcc/x86_64-linux-gnu/11/../../.. -O2 --sort-common --as-needed -z relro -z now --disable-new-dtags --gc-sections -rpath /home/sophie/miniconda3/lib -rpath-link /home/sophie/miniconda3/lib CMakeFiles/cmTC_20812.dir/CMakeCXXCompilerABI.cpp.o -lstdc++ -lm -lgcc_s -lgcc -lc -lgcc_s -lgcc /usr/lib/gcc/x86_64-linux-gnu/11/crtendS.o /usr/lib/gcc/x86_64-linux-gnu/11/../../../x86_64-linux-gnu/crtn.o
COLLECT_GCC_OPTIONS='-fvisibility-inlines-hidden' '-fmessage-length=0' '-march=nocona' '-mtune=haswell' '-ftree-vectorize' '-fPIC' '-fstack-protector-strong' '-fno-plt' '-O2' '-ffunction-sections' '-pipe' '-isystem' '/home/sophie/miniconda3/include' '-I' '/home/sophie/miniconda3/targets/x86_64-linux/include' '-L/home/sophie/miniconda3/targets/x86_64-linux/lib' '-L/home/sophie/miniconda3/targets/x86_64-linux/lib/stubs' '-L/home/sophie/miniconda3/lib' '-L/home/sophie/miniconda3/targets/x86_64-linux/lib' '-L/home/sophie/miniconda3/targets/x86_64-linux/lib/stubs' '-v' '-o' 'cmTC_20812' '-shared-libgcc' '-dumpdir' 'cmTC_20812.'
gmake[1]: Leaving directory '/home/sophie/isaac_lab/isaac_ws/rl_code/soarm100sim/ros2/build/soarm100_interfaces/CMakeFiles/CMakeTmp'



Parsed CXX implicit include dir info from above output: rv=done
  found start of include info
  found start of implicit include info
    add: [/home/sophie/miniconda3/targets/x86_64-linux/include]
    add: [/home/sophie/miniconda3/include]
    add: [/usr/include/c++/11]
    add: [/usr/include/x86_64-linux-gnu/c++/11]
    add: [/usr/include/c++/11/backward]
    add: [/usr/lib/gcc/x86_64-linux-gnu/11/include]
    add: [/usr/local/include]
    add: [/usr/include/x86_64-linux-gnu]
    add: [/usr/include]
  end of search list found
  collapse include dir [/home/sophie/miniconda3/targets/x86_64-linux/include] ==> [/home/sophie/miniconda3/targets/x86_64-linux/include]
  collapse include dir [/home/sophie/miniconda3/include] ==> [/home/sophie/miniconda3/include]
  collapse include dir [/usr/include/c++/11] ==> [/usr/include/c++/11]
  collapse include dir [/usr/include/x86_64-linux-gnu/c++/11] ==> [/usr/include/x86_64-linux-gnu/c++/11]
  collapse include dir [/usr/include/c++/11/backward] ==> [/usr/include/c++/11/backward]
  collapse include dir [/usr/lib/gcc/x86_64-linux-gnu/11/include] ==> [/usr/lib/gcc/x86_64-linux-gnu/11/include]
  collapse include dir [/usr/local/include] ==> [/usr/local/include]
  collapse include dir [/usr/include/x86_64-linux-gnu] ==> [/usr/include/x86_64-linux-gnu]
  collapse include dir [/usr/include] ==> [/usr/include]
  implicit include dirs: [/home/sophie/miniconda3/targets/x86_64-linux/include;/home/sophie/miniconda3/include;/usr/include/c++/11;/usr/include/x86_64-linux-gnu/c++/11;/usr/include/c++/11/backward;/usr/lib/gcc/x86_64-linux-gnu/11/include;/usr/local/include;/usr/include/x86_64-linux-gnu;/usr/include]


Parsed CXX implicit link information from above output:
  link line regex: [^( *|.*[/\])(ld|CMAKE_LINK_STARTFILE-NOTFOUND|([^/\]+-)?ld|collect2)[^/\]*( |$)]
  ignore line: [Change Dir: /home/sophie/isaac_lab/isaac_ws/rl_code/soarm100sim/ros2/build/soarm100_interfaces/CMakeFiles/CMakeTmp]
  ignore line: []
  ignore line: [Run Build Command(s):/usr/bin/gmake -f Makefile cmTC_20812/fast && /usr/bin/gmake  -f CMakeFiles/cmTC_20812.dir/build.make CMakeFiles/cmTC_20812.dir/build]
  ignore line: [gmake[1]: Entering directory '/home/sophie/isaac_lab/isaac_ws/rl_code/soarm100sim/ros2/build/soarm100_interfaces/CMakeFiles/CMakeTmp']
  ignore line: [Building CXX object CMakeFiles/cmTC_20812.dir/CMakeCXXCompilerABI.cpp.o]
  ignore line: [/usr/bin/c++   -fvisibility-inlines-hidden -fmessage-length=0 -march=nocona -mtune=haswell -ftree-vectorize -fPIC -fstack-protector-strong -fno-plt -O2 -ffunction-sections -pipe -isystem /home/sophie/miniconda3/include  -I/home/sophie/miniconda3/targets/x86_64-linux/include  -L/home/sophie/miniconda3/targets/x86_64-linux/lib -L/home/sophie/miniconda3/targets/x86_64-linux/lib/stubs    -v -o CMakeFiles/cmTC_20812.dir/CMakeCXXCompilerABI.cpp.o -c /usr/share/cmake-3.22/Modules/CMakeCXXCompilerABI.cpp]
  ignore line: [Using built-in specs.]
  ignore line: [COLLECT_GCC=/usr/bin/c++]
  ignore line: [OFFLOAD_TARGET_NAMES=nvptx-none:amdgcn-amdhsa]
  ignore line: [OFFLOAD_TARGET_DEFAULT=1]
  ignore line: [Target: x86_64-linux-gnu]
  ignore line: [Configured with: ../src/configure -v --with-pkgversion='Ubuntu 11.4.0-1ubuntu1~22.04.3' --with-bugurl=file:///usr/share/doc/gcc-11/README.Bugs --enable-languages=c ada c++ go brig d fortran objc obj-c++ m2 --prefix=/usr --with-gcc-major-version-only --program-suffix=-11 --program-prefix=x86_64-linux-gnu- --enable-shared --enable-linker-build-id --libexecdir=/usr/lib --without-included-gettext --enable-threads=posix --libdir=/usr/lib --enable-nls --enable-bootstrap --enable-clocale=gnu --enable-libstdcxx-debug --enable-libstdcxx-time=yes --with-default-libstdcxx-abi=new --enable-gnu-unique-object --disable-vtable-verify --enable-plugin --enable-default-pie --with-system-zlib --enable-libphobos-checking=release --with-target-system-zlib=auto --enable-objc-gc=auto --enable-multiarch --disable-werror --enable-cet --with-arch-32=i686 --with-abi=m64 --with-multilib-list=m32 m64 mx32 --enable-multilib --with-tune=generic --enable-offload-targets=nvptx-none=/build/gcc-11-0odw26/gcc-11-11.4.0/debian/tmp-nvptx/usr amdgcn-amdhsa=/build/gcc-11-0odw26/gcc-11-11.4.0/debian/tmp-gcn/usr --without-cuda-driver --enable-checking=release --build=x86_64-linux-gnu --host=x86_64-linux-gnu --target=x86_64-linux-gnu --with-build-config=bootstrap-lto-lean --enable-link-serialization=2]
  ignore line: [Thread model: posix]
  ignore line: [Supported LTO compression algorithms: zlib zstd]
  ignore line: [gcc version 11.4.0 (Ubuntu 11.4.0-1ubuntu1~22.04.3) ]
  ignore line: [COLLECT_GCC_OPTIONS='-fvisibility-inlines-hidden' '-fmessage-length=0' '-march=nocona' '-mtune=haswell' '-ftree-vectorize' '-fPIC' '-fstack-protector-strong' '-fno-plt' '-O2' '-ffunction-sections' '-pipe' '-isystem' '/home/sophie/miniconda3/include' '-I' '/home/sophie/miniconda3/targets/x86_64-linux/include' '-L/home/sophie/miniconda3/targets/x86_64-linux/lib' '-L/home/sophie/miniconda3/targets/x86_64-linux/lib/stubs' '-v' '-o' 'CMakeFiles/cmTC_20812.dir/CMakeCXXCompilerABI.cpp.o' '-c' '-shared-libgcc' '-dumpdir' 'CMakeFiles/cmTC_20812.dir/']
  ignore line: [ /usr/lib/gcc/x86_64-linux-gnu/11/cc1plus -quiet -v -I /home/sophie/miniconda3/targets/x86_64-linux/include -imultiarch x86_64-linux-gnu -D_GNU_SOURCE -isystem /home/sophie/miniconda3/include /usr/share/cmake-3.22/Modules/CMakeCXXCompilerABI.cpp -quiet -dumpdir CMakeFiles/cmTC_20812.dir/ -dumpbase CMakeCXXCompilerABI.cpp.cpp -dumpbase-ext .cpp -march=nocona -mtune=haswell -O2 -version -fvisibility-inlines-hidden -fmessage-length=0 -ftree-vectorize -fPIC -fstack-protector-strong -fno-plt -ffunction-sections -fasynchronous-unwind-tables -fstack-protector-strong -Wformat -Wformat-security -fstack-clash-protection -fcf-protection -o - |]
  ignore line: [ as -v -I /home/sophie/miniconda3/targets/x86_64-linux/include --64 -o CMakeFiles/cmTC_20812.dir/CMakeCXXCompilerABI.cpp.o]
  ignore line: [GNU assembler version 2.38 (x86_64-linux-gnu) using BFD version (GNU Binutils for Ubuntu) 2.38]
  ignore line: [GNU C++17 (Ubuntu 11.4.0-1ubuntu1~22.04.3) version 11.4.0 (x86_64-linux-gnu)]
  ignore line: [	compiled by GNU C version 11.4.0  GMP version 6.2.1  MPFR version 4.1.0  MPC version 1.2.1  isl version isl-0.24-GMP]
  ignore line: []
  ignore line: [GGC heuristics: --param ggc-min-expand=100 --param ggc-min-heapsize=131072]
  ignore line: [ignoring duplicate directory "/usr/include/x86_64-linux-gnu/c++/11"]
  ignore line: [ignoring nonexistent directory "/usr/local/include/x86_64-linux-gnu"]
  ignore line: [ignoring nonexistent directory "/usr/lib/gcc/x86_64-linux-gnu/11/include-fixed"]
  ignore line: [ignoring nonexistent directory "/usr/lib/gcc/x86_64-linux-gnu/11/../../../../x86_64-linux-gnu/include"]
  ignore line: [#include "..." search starts here:]
  ignore line: [#include <...> search starts here:]
  ignore line: [ /home/sophie/miniconda3/targets/x86_64-linux/include]
  ignore line: [ /home/sophie/miniconda3/include]
  ignore line: [ /usr/include/c++/11]
  ignore line: [ /usr/include/x86_64-linux-gnu/c++/11]
  ignore line: [ /usr/include/c++/11/backward]
  ignore line: [ /usr/lib/gcc/x86_64-linux-gnu/11/include]
  ignore line: [ /usr/local/include]
  ignore line: [ /usr/include/x86_64-linux-gnu]
  ignore line: [ /usr/include]
  ignore line: [End of search list.]
  ignore line: [GNU C++17 (Ubuntu 11.4.0-1ubuntu1~22.04.3) version 11.4.0 (x86_64-linux-gnu)]
  ignore line: [	compiled by GNU C version 11.4.0  GMP version 6.2.1  MPFR version 4.1.0  MPC version 1.2.1  isl version isl-0.24-GMP]
  ignore line: []
  ignore line: [GGC heuristics: --param ggc-min-expand=100 --param ggc-min-heapsize=131072]
  ignore line: [Compiler executable checksum: ac7fa628ee459f217e6fdb88b3db0bde]
  ignore line: [COMPILER_PATH=/usr/lib/gcc/x86_64-linux-gnu/11/:/usr/lib/gcc/x86_64-linux-gnu/11/:/usr/lib/gcc/x86_64-linux-gnu/:/usr/lib/gcc/x86_64-linux-gnu/11/:/usr/lib/gcc/x86_64-linux-gnu/]
  ignore line: [LIBRARY_PATH=/usr/lib/gcc/x86_64-linux-gnu/11/:/usr/lib/gcc/x86_64-linux-gnu/11/../../../x86_64-linux-gnu/:/usr/lib/gcc/x86_64-linux-gnu/11/../../../../lib/:/lib/x86_64-linux-gnu/:/lib/../lib/:/usr/lib/x86_64-linux-gnu/:/usr/lib/../lib/:/usr/lib/gcc/x86_64-linux-gnu/11/../../../:/lib/:/usr/lib/]
  ignore line: [COLLECT_GCC_OPTIONS='-fvisibility-inlines-hidden' '-fmessage-length=0' '-march=nocona' '-mtune=haswell' '-ftree-vectorize' '-fPIC' '-fstack-protector-strong' '-fno-plt' '-O2' '-ffunction-sections' '-pipe' '-isystem' '/home/sophie/miniconda3/include' '-I' '/home/sophie/miniconda3/targets/x86_64-linux/include' '-L/home/sophie/miniconda3/targets/x86_64-linux/lib' '-L/home/sophie/miniconda3/targets/x86_64-linux/lib/stubs' '-v' '-o' 'CMakeFiles/cmTC_20812.dir/CMakeCXXCompilerABI.cpp.o' '-c' '-shared-libgcc' '-dumpdir' 'CMakeFiles/cmTC_20812.dir/CMakeCXXCompilerABI.cpp.']
  ignore line: [Linking CXX executable cmTC_20812]
  ignore line: [/usr/bin/cmake -E cmake_link_script CMakeFiles/cmTC_20812.dir/link.txt --verbose=1]
  ignore line: [/usr/bin/c++ -fvisibility-inlines-hidden -fmessage-length=0 -march=nocona -mtune=haswell -ftree-vectorize -fPIC -fstack-protector-strong -fno-plt -O2 -ffunction-sections -pipe -isystem /home/sophie/miniconda3/include  -I/home/sophie/miniconda3/targets/x86_64-linux/include  -L/home/sophie/miniconda3/targets/x86_64-linux/lib -L/home/sophie/miniconda3/targets/x86_64-linux/lib/stubs  -Wl -O2 -Wl --sort-common -Wl --as-needed -Wl -z relro -Wl -z now -Wl --disable-new-dtags -Wl --gc-sections -Wl -rpath /home/sophie/miniconda3/lib -Wl -rpath-link /home/sophie/miniconda3/lib -L/home/sophie/miniconda3/lib  -L/home/sophie/miniconda3/targets/x86_64-linux/lib -L/home/sophie/miniconda3/targets/x86_64-linux/lib/stubs -v CMakeFiles/cmTC_20812.dir/CMakeCXXCompilerABI.cpp.o -o cmTC_20812 ]
  ignore line: [Using built-in specs.]
  ignore line: [COLLECT_GCC=/usr/bin/c++]
  ignore line: [COLLECT_LTO_WRAPPER=/usr/lib/gcc/x86_64-linux-gnu/11/lto-wrapper]
  ignore line: [OFFLOAD_TARGET_NAMES=nvptx-none:amdgcn-amdhsa]
  ignore line: [OFFLOAD_TARGET_DEFAULT=1]
  ignore line: [Target: x86_64-linux-gnu]
  ignore line: [Configured with: ../src/configure -v --with-pkgversion='Ubuntu 11.4.0-1ubuntu1~22.04.3' --with-bugurl=file:///usr/share/doc/gcc-11/README.Bugs --enable-languages=c ada c++ go brig d fortran objc obj-c++ m2 --prefix=/usr --with-gcc-major-version-only --program-suffix=-11 --program-prefix=x86_64-linux-gnu- --enable-shared --enable-linker-build-id --libexecdir=/usr/lib --without-included-gettext --enable-threads=posix --libdir=/usr/lib --enable-nls --enable-bootstrap --enable-clocale=gnu --enable-libstdcxx-debug --enable-libstdcxx-time=yes --with-default-libstdcxx-abi=new --enable-gnu-unique-object --disable-vtable-verify --enable-plugin --enable-default-pie --with-system-zlib --enable-libphobos-checking=release --with-target-system-zlib=auto --enable-objc-gc=auto --enable-multiarch --disable-werror --enable-cet --with-arch-32=i686 --with-abi=m64 --with-multilib-list=m32 m64 mx32 --enable-multilib --with-tune=generic --enable-offload-targets=nvptx-none=/build/gcc-11-0odw26/gcc-11-11.4.0/debian/tmp-nvptx/usr amdgcn-amdhsa=/build/gcc-11-0odw26/gcc-11-11.4.0/debian/tmp-gcn/usr --without-cuda-driver --enable-checking=release --build=x86_64-linux-gnu --host=x86_64-linux-gnu --target=x86_64-linux-gnu --with-build-config=bootstrap-lto-lean --enable-link-serialization=2]
  ignore line: [Thread model: posix]
  ignore line: [Supported LTO compression algorithms: zlib zstd]
  ignore line: [gcc version 11.4.0 (Ubuntu 11.4.0-1ubuntu1~22.04.3) ]
  ignore line: [COMPILER_PATH=/usr/lib/gcc/x86_64-linux-gnu/11/:/usr/lib/gcc/x86_64-linux-gnu/11/:/usr/lib/gcc/x86_64-linux-gnu/:/usr/lib/gcc/x86_64-linux-gnu/11/:/usr/lib/gcc/x86_64-linux-gnu/]
  ignore line: [LIBRARY_PATH=/usr/lib/gcc/x86_64-linux-gnu/11/:/usr/lib/gcc/x86_64-linux-gnu/11/../../../x86_64-linux-gnu/:/usr/lib/gcc/x86_64-linux-gnu/11/../../../../lib/:/lib/x86_64-linux-gnu/:/lib/../lib/:/usr/lib/x86_64-linux-gnu/:/usr/lib/../lib/:/usr/lib/gcc/x86_64-linux-gnu/11/../../../:/lib/:/usr/lib/]
  ignore line: [COLLECT_GCC_OPTIONS='-fvisibility-inlines-hidden' '-fmessage-length=0' '-march=nocona' '-mtune=haswell' '-ftree-vectorize' '-fPIC' '-fstack-protector-strong' '-fno-plt' '-O2' '-ffunction-sections' '-pipe' '-isystem' '/home/sophie/miniconda3/include' '-I' '/home/sophie/miniconda3/targets/x86_64-linux/include' '-L/home/sophie/miniconda3/targets/x86_64-linux/lib' '-L/home/sophie/miniconda3/targets/x86_64-linux/lib/stubs' '-L/home/sophie/miniconda3/lib' '-L/home/sophie/miniconda3/targets/x86_64-linux/lib' '-L/home/sophie/miniconda3/targets/x86_64-linux/lib/stubs' '-v' '-o' 'cmTC_20812' '-shared-libgcc' '-dumpdir' 'cmTC_20812.']
  link line: [ /usr/lib/gcc/x86_64-linux-gnu/11/collect2 -plugin /usr/lib/gcc/x86_64-linux-gnu/11/liblto_plugin.so -plugin-opt=/usr/lib/gcc/x86_64-linux-gnu/11/lto-wrapper -plugin-opt=-fresolution=/tmp/ccRDD9MY.res -plugin-opt=-pass-through=-lgcc_s -plugin-opt=-pass-through=-lgcc -plugin-opt=-pass-through=-lc -plugin-opt=-pass-through=-lgcc_s -plugin-opt=-pass-through=-lgcc --build-id --eh-frame-hdr -m elf_x86_64 --hash-style=gnu --as-needed -dynamic-linker /lib64/ld-linux-x86-64.so.2 -pie -z now -z relro -o cmTC_20812 /usr/lib/gcc/x86_64-linux-gnu/11/../../../x86_64-linux-gnu/Scrt1.o /usr/lib/gcc/x86_64-linux-gnu/11/../../../x86_64-linux-gnu/crti.o /usr/lib/gcc/x86_64-linux-gnu/11/crtbeginS.o -L/home/sophie/miniconda3/targets/x86_64-linux/lib -L/home/sophie/miniconda3/targets/x86_64-linux/lib/stubs -L/home/sophie/miniconda3/lib -L/home/sophie/miniconda3/targets/x86_64-linux/lib -L/home/sophie/miniconda3/targets/x86_64-linux/lib/stubs -L/usr/lib/gcc/x86_64-linux-gnu/11 -L/usr/lib/gcc/x86_64-linux-gnu/11/../../../x86_64-linux-gnu -L/usr/lib/gcc/x86_64-linux-gnu/11/../../../../lib -L/lib/x86_64-linux-gnu -L/lib/../lib -L/usr/lib/x86_64-linux-gnu -L/usr/lib/../lib -L/usr/lib/gcc/x86_64-linux-gnu/11/../../.. -O2 --sort-common --as-needed -z relro -z now --disable-new-dtags --gc-sections -rpath /home/sophie/miniconda3/lib -rpath-link /home/sophie/miniconda3/lib CMakeFiles/cmTC_20812.dir/CMakeCXXCompilerABI.cpp.o -lstdc++ -lm -lgcc_s -lgcc -lc -lgcc_s -lgcc /usr/lib/gcc/x86_64-linux-gnu/11/crtendS.o /usr/lib/gcc/x86_64-linux-gnu/11/../../../x86_64-linux-gnu/crtn.o]
    arg [/usr/lib/gcc/x86_64-linux-gnu/11/collect2] ==> ignore
    arg [-plugin] ==> ignore
    arg [/usr/lib/gcc/x86_64-linux-gnu/11/liblto_plugin.so] ==> ignore
    arg [-plugin-opt=/usr/lib/gcc/x86_64-linux-gnu/11/lto-wrapper] ==> ignore
    arg [-plugin-opt=-fresolution=/tmp/ccRDD9MY.res] ==> ignore
    arg [-plugin-opt=-pass-through=-lgcc_s] ==> ignore
    arg [-plugin-opt=-pass-through=-lgcc] ==> ignore
    arg [-plugin-opt=-pass-through=-lc] ==> ignore
    arg [-plugin-opt=-pass-through=-lgcc_s] ==> ignore
    arg [-plugin-opt=-pass-through=-lgcc] ==> ignore
    arg [--build-id] ==> ignore
    arg [--eh-frame-hdr] ==> ignore
    arg [-m] ==> ignore
    arg [elf_x86_64] ==> ignore
    arg [--hash-style=gnu] ==> ignore
    arg [--as-needed] ==> ignore
    arg [-dynamic-linker] ==> ignore
    arg [/lib64/ld-linux-x86-64.so.2] ==> ignore
    arg [-pie] ==> ignore
    arg [-znow] ==> ignore
    arg [-zrelro] ==> ignore
    arg [-o] ==> ignore
    arg [cmTC_20812] ==> ignore
    arg [/usr/lib/gcc/x86_64-linux-gnu/11/../../../x86_64-linux-gnu/Scrt1.o] ==> obj [/usr/lib/gcc/x86_64-linux-gnu/11/../../../x86_64-linux-gnu/Scrt1.o]
    arg [/usr/lib/gcc/x86_64-linux-gnu/11/../../../x86_64-linux-gnu/crti.o] ==> obj [/usr/lib/gcc/x86_64-linux-gnu/11/../../../x86_64-linux-gnu/crti.o]
    arg [/usr/lib/gcc/x86_64-linux-gnu/11/crtbeginS.o] ==> obj [/usr/lib/gcc/x86_64-linux-gnu/11/crtbeginS.o]
    arg [-L/home/sophie/miniconda3/targets/x86_64-linux/lib] ==> dir [/home/sophie/miniconda3/targets/x86_64-linux/lib]
    arg [-L/home/sophie/miniconda3/targets/x86_64-linux/lib/stubs] ==> dir [/home/sophie/miniconda3/targets/x86_64-linux/lib/stubs]
    arg [-L/home/sophie/miniconda3/lib] ==> dir [/home/sophie/miniconda3/lib]
    arg [-L/home/sophie/miniconda3/targets/x86_64-linux/lib] ==> dir [/home/sophie/miniconda3/targets/x86_64-linux/lib]
    arg [-L/home/sophie/miniconda3/targets/x86_64-linux/lib/stubs] ==> dir [/home/sophie/miniconda3/targets/x86_64-linux/lib/stubs]
    arg [-L/usr/lib/gcc/x86_64-linux-gnu/11] ==> dir [/usr/lib/gcc/x86_64-linux-gnu/11]
    arg [-L/usr/lib/gcc/x86_64-linux-gnu/11/../../../x86_64-linux-gnu] ==> dir [/usr/lib/gcc/x86_64-linux-gnu/11/../../../x86_64-linux-gnu]
    arg [-L/usr/lib/gcc/x86_64-linux-gnu/11/../../../../lib] ==> dir [/usr/lib/gcc/x86_64-linux-gnu/11/../../../../lib]
    arg [-L/lib/x86_64-linux-gnu] ==> dir [/lib/x86_64-linux-gnu]
    arg [-L/lib/../lib] ==> dir [/lib/../lib]
    arg [-L/usr/lib/x86_64-linux-gnu] ==> dir [/usr/lib/x86_64-linux-gnu]
    arg [-L/usr/lib/../lib] ==> dir [/usr/lib/../lib]
    arg [-L/usr/lib/gcc/x86_64-linux-gnu/11/../../..] ==> dir [/usr/lib/gcc/x86_64-linux-gnu/11/../../..]
    arg [-O2] ==> ignore
    arg [--sort-common] ==> ignore
    arg [--as-needed] ==> ignore
    arg [-zrelro] ==> ignore
    arg [-znow] ==> ignore
    arg [--disable-new-dtags] ==> ignore
    arg [--gc-sections] ==> ignore
    arg [-rpath] ==> ignore
    arg [/home/sophie/miniconda3/lib] ==> ignore
    arg [-rpath-link] ==> ignore
    arg [/home/sophie/miniconda3/lib] ==> ignore
    arg [CMakeFiles/cmTC_20812.dir/CMakeCXXCompilerABI.cpp.o] ==> ignore
    arg [-lstdc++] ==> lib [stdc++]
    arg [-lm] ==> lib [m]
    arg [-lgcc_s] ==> lib [gcc_s]
    arg [-lgcc] ==> lib [gcc]
    arg [-lc] ==> lib [c]
    arg [-lgcc_s] ==> lib [gcc_s]
    arg [-lgcc] ==> lib [gcc]
    arg [/usr/lib/gcc/x86_64-linux-gnu/11/crtendS.o] ==> obj [/usr/lib/gcc/x86_64-linux-gnu/11/crtendS.o]
    arg [/usr/lib/gcc/x86_64-linux-gnu/11/../../../x86_64-linux-gnu/crtn.o] ==> obj [/usr/lib/gcc/x86_64-linux-gnu/11/../../../x86_64-linux-gnu/crtn.o]
  collapse obj [/usr/lib/gcc/x86_64-linux-gnu/11/../../../x86_64-linux-gnu/Scrt1.o] ==> [/usr/lib/x86_64-linux-gnu/Scrt1.o]
  collapse obj [/usr/lib/gcc/x86_64-linux-gnu/11/../../../x86_64-linux-gnu/crti.o] ==> [/usr/lib/x86_64-linux-gnu/crti.o]
  collapse obj [/usr/lib/gcc/x86_64-linux-gnu/11/../../../x86_64-linux-gnu/crtn.o] ==> [/usr/lib/x86_64-linux-gnu/crtn.o]
  collapse library dir [/home/sophie/miniconda3/targets/x86_64-linux/lib] ==> [/home/sophie/miniconda3/targets/x86_64-linux/lib]
  collapse library dir [/home/sophie/miniconda3/targets/x86_64-linux/lib/stubs] ==> [/home/sophie/miniconda3/targets/x86_64-linux/lib/stubs]
  collapse library dir [/home/sophie/miniconda3/lib] ==> [/home/sophie/miniconda3/lib]
  collapse library dir [/home/sophie/miniconda3/targets/x86_64-linux/lib] ==> [/home/sophie/miniconda3/targets/x86_64-linux/lib]
  collapse library dir [/home/sophie/miniconda3/targets/x86_64-linux/lib/stubs] ==> [/home/sophie/miniconda3/targets/x86_64-linux/lib/stubs]
  collapse library dir [/usr/lib/gcc/x86_64-linux-gnu/11] ==> [/usr/lib/gcc/x86_64-linux-gnu/11]
  collapse library dir [/usr/lib/gcc/x86_64-linux-gnu/11/../../../x86_64-linux-gnu] ==> [/usr/lib/x86_64-linux-gnu]
  collapse library dir [/usr/lib/gcc/x86_64-linux-gnu/11/../../../../lib] ==> [/usr/lib]
  collapse library dir [/lib/x86_64-linux-gnu] ==> [/lib/x86_64-linux-gnu]
  collapse library dir [/lib/../lib] ==> [/lib]
  collapse library dir [/usr/lib/x86_64-linux-gnu] ==> [/usr/lib/x86_64-linux-gnu]
  collapse library dir [/usr/lib/../lib] ==> [/usr/lib]
  collapse library dir [/usr/lib/gcc/x86_64-linux-gnu/11/../../..] ==> [/usr/lib]
  implicit libs: [stdc++;m;gcc_s;gcc;c;gcc_s;gcc]
  implicit objs: [/usr/lib/x86_64-linux-gnu/Scrt1.o;/usr/lib/x86_64-linux-gnu/crti.o;/usr/lib/gcc/x86_64-linux-gnu/11/crtbeginS.o;/usr/lib/gcc/x86_64-linux-gnu/11/crtendS.o;/usr/lib/x86_64-linux-gnu/crtn.o]
  implicit dirs: [/home/sophie/miniconda3/targets/x86_64-linux/lib;/home/sophie/miniconda3/targets/x86_64-linux/lib/stubs;/home/sophie/miniconda3/lib;/usr/lib/gcc/x86_64-linux-gnu/11;/usr/lib/x86_64-linux-gnu;/usr/lib;/lib/x86_64-linux-gnu;/lib]
  implicit fwks: []


The system is: Linux - 6.8.0-106-generic - x86_64
Compiling the C compiler identification source file "CMakeCCompilerId.c" succeeded.
Compiler: /usr/bin/cc 
Build flags: 
Id flags:  

The output was:
0


Compilation of the C compiler identification source "CMakeCCompilerId.c" produced "a.out"

The C compiler identification is GNU, found in "/home/sophie/isaac_lab/isaac_ws/rl_code/soarm100sim/ros2/build/soarm100_interfaces/CMakeFiles/3.22.1/CompilerIdC/a.out"

Compiling the CXX compiler identification source file "CMakeCXXCompilerId.cpp" succeeded.
Compiler: /usr/bin/c++ 
Build flags: -fvisibility-inlines-hidden;-fmessage-length=0;-march=nocona;-mtune=haswell;-ftree-vectorize;-fPIC;-fstack-protector-strong;-fno-plt;-O2;-ffunction-sections;-pipe;-isystem;/home/sophie/miniconda3/include;;-I/home/sophie/miniconda3/targets/x86_64-linux/include;;-L/home/sophie/miniconda3/targets/x86_64-linux/lib;-L/home/sophie/miniconda3/targets/x86_64-linux/lib/stubs
Id flags:  

The output was:
0


Compilation of the CXX compiler identification source "CMakeCXXCompilerId.cpp" produced "a.out"

The CXX compiler identification is GNU, found in "/home/sophie/isaac_lab/isaac_ws/rl_code/soarm100sim/ros2/build/soarm100_interfaces/CMakeFiles/3.22.1/CompilerIdCXX/a.out"

Detecting C compiler ABI info compiled with the following output:
Change Dir: /home/sophie/isaac_lab/isaac_ws/rl_code/soarm100sim/ros2/build/soarm100_interfaces/CMakeFiles/CMakeTmp

Run Build Command(s):/usr/bin/gmake -f Makefile cmTC_ee54c/fast && /usr/bin/gmake  -f CMakeFiles/cmTC_ee54c.dir/build.make CMakeFiles/cmTC_ee54c.dir/build
gmake[1]: Entering directory '/home/sophie/isaac_lab/isaac_ws/rl_code/soarm100sim/ros2/build/soarm100_interfaces/CMakeFiles/CMakeTmp'
Building C object CMakeFiles/cmTC_ee54c.dir/CMakeCCompilerABI.c.o
/usr/bin/cc   -v -o CMakeFiles/cmTC_ee54c.dir/CMakeCCompilerABI.c.o -c /usr/share/cmake-3.22/Modules/CMakeCCompilerABI.c
Using built-in specs.
COLLECT_GCC=/usr/bin/cc
OFFLOAD_TARGET_NAMES=nvptx-none:amdgcn-amdhsa
OFFLOAD_TARGET_DEFAULT=1
Target: x86_64-linux-gnu
Configured with: ../src/configure -v --with-pkgversion='Ubuntu 11.4.0-1ubuntu1~22.04.3' --with-bugurl=file:///usr/share/doc/gcc-11/README.Bugs --enable-languages=c,ada,c++,go,brig,d,fortran,objc,obj-c++,m2 --prefix=/usr --with-gcc-major-version-only --program-suffix=-11 --program-prefix=x86_64-linux-gnu- --enable-shared --enable-linker-build-id --libexecdir=/usr/lib --without-included-gettext --enable-threads=posix --libdir=/usr/lib --enable-nls --enable-bootstrap --enable-clocale=gnu --enable-libstdcxx-debug --enable-libstdcxx-time=yes --with-default-libstdcxx-abi=new --enable-gnu-unique-object --disable-vtable-verify --enable-plugin --enable-default-pie --with-system-zlib --enable-libphobos-checking=release --with-target-system-zlib=auto --enable-objc-gc=auto --enable-multiarch --disable-werror --enable-cet --with-arch-32=i686 --with-abi=m64 --with-multilib-list=m32,m64,mx32 --enable-multilib --with-tune=generic --enable-offload-targets=nvptx-none=/build/gcc-11-0odw26/gcc-11-11.4.0/debian/tmp-nvptx/usr,amdgcn-amdhsa=/build/gcc-11-0odw26/gcc-11-11.4.0/debian/tmp-gcn/usr --without-cuda-driver --enable-checking=release --build=x86_64-linux-gnu --host=x86_64-linux-gnu --target=x86_64-linux-gnu --with-build-config=bootstrap-lto-lean --enable-link-serialization=2
Thread model: posix
Supported LTO compression algorithms: zlib zstd
gcc version 11.4.0 (Ubuntu 11.4.0-1ubuntu1~22.04.3) 
COLLECT_GCC_OPTIONS='-v' '-o' 'CMakeFiles/cmTC_ee54c.dir/CMakeCCompilerABI.c.o' '-c' '-mtune=generic' '-march=x86-64' '-dumpdir' 'CMakeFiles/cmTC_ee54c.dir/'
 /usr/lib/gcc/x86_64-linux-gnu/11/cc1 -quiet -v -imultiarch x86_64-linux-gnu /usr/share/cmake-3.22/Modules/CMakeCCompilerABI.c -quiet -dumpdir CMakeFiles/cmTC_ee54c.dir/ -dumpbase CMakeCCompilerABI.c.c -dumpbase-ext .c -mtune=generic -march=x86-64 -version -fasynchronous-unwind-tables -fstack-protector-strong -Wformat -Wformat-security -fstack-clash-protection -fcf-protection -o /tmp/ccOIlC2k.s
GNU C17 (Ubuntu 11.4.0-1ubuntu1~22.04.3) version 11.4.0 (x86_64-linux-gnu)
	compiled by GNU C version 11.4.0, GMP version 6.2.1, MPFR version 4.1.0, MPC version 1.2.1, isl version isl-0.24-GMP

GGC heuristics: --param ggc-min-expand=100 --param ggc-min-heapsize=131072
ignoring nonexistent directory "/usr/local/include/x86_64-linux-gnu"
ignoring nonexistent directory "/usr/lib/gcc/x86_64-linux-gnu/11/include-fixed"
ignoring nonexistent directory "/usr/lib/gcc/x86_64-linux-gnu/11/../../../../x86_64-linux-gnu/include"
#include "..." search starts here:
#include <...> search starts here:
 /usr/lib/gcc/x86_64-linux-gnu/11/include
 /usr/local/include
 /usr/include/x86_64-linux-gnu
 /usr/include
End of search list.
GNU C17 (Ubuntu 11.4.0-1ubuntu1~22.04.3) version 11.4.0 (x86_64-linux-gnu)
	compiled by GNU C version 11.4.0, GMP version 6.2.1, MPFR version 4.1.0, MPC version 1.2.1, isl version isl-0.24-GMP

GGC heuristics: --param ggc-min-expand=100 --param ggc-min-heapsize=131072
Compiler executable checksum: 46ebede1f5b795a957a1e85cb61af9d8
COLLECT_GCC_OPTIONS='-v' '-o' 'CMakeFiles/cmTC_ee54c.dir/CMakeCCompilerABI.c.o' '-c' '-mtune=generic' '-march=x86-64' '-dumpdir' 'CMakeFiles/cmTC_ee54c.dir/'
 as -v --64 -o CMakeFiles/cmTC_ee54c.dir/CMakeCCompilerABI.c.o /tmp/ccOIlC2k.s
GNU assembler version 2.38 (x86_64-linux-gnu) using BFD version (GNU Binutils for Ubuntu) 2.38
COMPILER_PATH=/usr/lib/gcc/x86_64-linux-gnu/11/:/usr/lib/gcc/x86_64-linux-gnu/11/:/usr/lib/gcc/x86_64-linux-gnu/:/usr/lib/gcc/x86_64-linux-gnu/11/:/usr/lib/gcc/x86_64-linux-gnu/
LIBRARY_PATH=/usr/lib/gcc/x86_64-linux-gnu/11/:/usr/lib/gcc/x86_64-linux-gnu/11/../../../x86_64-linux-gnu/:/usr/lib/gcc/x86_64-linux-gnu/11/../../../../lib/:/lib/x86_64-linux-gnu/:/lib/../lib/:/usr/lib/x86_64-linux-gnu/:/usr/lib/../lib/:/usr/lib/gcc/x86_64-linux-gnu/11/../../../:/lib/:/usr/lib/
COLLECT_GCC_OPTIONS='-v' '-o' 'CMakeFiles/cmTC_ee54c.dir/CMakeCCompilerABI.c.o' '-c' '-mtune=generic' '-march=x86-64' '-dumpdir' 'CMakeFiles/cmTC_ee54c.dir/CMakeCCompilerABI.c.'
Linking C executable cmTC_ee54c
/usr/bin/cmake -E cmake_link_script CMakeFiles/cmTC_ee54c.dir/link.txt --verbose=1
/usr/bin/cc -Wl,-O2 -Wl,--sort-common -Wl,--as-needed -Wl,-z,relro -Wl,-z,now -Wl,--disable-new-dtags -Wl,--gc-sections -Wl,-rpath,/home/sophie/miniconda3/lib -Wl,-rpath-link,/home/sophie/miniconda3/lib -L/home/sophie/miniconda3/lib  -L/home/sophie/miniconda3/targets/x86_64-linux/lib -L/home/sophie/miniconda3/targets/x86_64-linux/lib/stubs -v CMakeFiles/cmTC_ee54c.dir/CMakeCCompilerABI.c.o -o cmTC_ee54c 
Using built-in specs.
COLLECT_GCC=/usr/bin/cc
COLLECT_LTO_WRAPPER=/usr/lib/gcc/x86_64-linux-gnu/11/lto-wrapper
OFFLOAD_TARGET_NAMES=nvptx-none:amdgcn-amdhsa
OFFLOAD_TARGET_DEFAULT=1
Target: x86_64-linux-gnu
Configured with: ../src/configure -v --with-pkgversion='Ubuntu 11.4.0-1ubuntu1~22.04.3' --with-bugurl=file:///usr/share/doc/gcc-11/README.Bugs --enable-languages=c,ada,c++,go,brig,d,fortran,objc,obj-c++,m2 --prefix=/usr --with-gcc-major-version-only --program-suffix=-11 --program-prefix=x86_64-linux-gnu- --enable-shared --enable-linker-build-id --libexecdir=/usr/lib --without-included-gettext --enable-threads=posix --libdir=/usr/lib --enable-nls --enable-bootstrap --enable-clocale=gnu --enable-libstdcxx-debug --enable-libstdcxx-time=yes --with-default-libstdcxx-abi=new --enable-gnu-unique-object --disable-vtable-verify --enable-plugin --enable-default-pie --with-system-zlib --enable-libphobos-checking=release --with-target-system-zlib=auto --enable-objc-gc=auto --enable-multiarch --disable-werror --enable-cet --with-arch-32=i686 --with-abi=m64 --with-multilib-list=m32,m64,mx32 --enable-multilib --with-tune=generic --enable-offload-targets=nvptx-none=/build/gcc-11-0odw26/gcc-11-11.4.0/debian/tmp-nvptx/usr,amdgcn-amdhsa=/build/gcc-11-0odw26/gcc-11-11.4.0/debian/tmp-gcn/usr --without-cuda-driver --enable-checking=release --build=x86_64-linux-gnu --host=x86_64-linux-gnu --target=x86_64-linux-gnu --with-build-config=bootstrap-lto-lean --enable-link-serialization=2
Thread model: posix
Supported LTO compression algorithms: zlib zstd
gcc version 11.4.0 (Ubuntu 11.4.0-1ubuntu1~22.04.3) 
COMPILER_PATH=/usr/lib/gcc/x86_64-linux-gnu/11/:/usr/lib/gcc/x86_64-linux-gnu/11/:/usr/lib/gcc/x86_64-linux-gnu/:/usr/lib/gcc/x86_64-linux-gnu/11/:/usr/lib/gcc/x86_64-linux-gnu/
LIBRARY_PATH=/usr/lib/gcc/x86_64-linux-gnu/11/:/usr/lib/gcc/x86_64-linux-gnu/11/../../../x86_64-linux-gnu/:/usr/lib/gcc/x86_64-linux-gnu/11/../../../../lib/:/lib/x86_64-linux-gnu/:/lib/../lib/:/usr/lib/x86_64-linux-gnu/:/usr/lib/../lib/:/usr/lib/gcc/x86_64-linux-gnu/11/../../../:/lib/:/usr/lib/
COLLECT_GCC_OPTIONS='-L/home/sophie/miniconda3/lib' '-L/home/sophie/miniconda3/targets/x86_64-linux/lib' '-L/home/sophie/miniconda3/targets/x86_64-linux/lib/stubs' '-v' '-o' 'cmTC_ee54c' '-mtune=generic' '-march=x86-64' '-dumpdir' 'cmTC_ee54c.'
 /usr/lib/gcc/x86_64-linux-gnu/11/collect2 -plugin /usr/lib/gcc/x86_64-linux-gnu/11/liblto_plugin.so -plugin-opt=/usr/lib/gcc/x86_64-linux-gnu/11/lto-wrapper -plugin-opt=-fresolution=/tmp/ccgPPWev.res -plugin-opt=-pass-through=-lgcc -plugin-opt=-pass-through=-lgcc_s -plugin-opt=-pass-through=-lc -plugin-opt=-pass-through=-lgcc -plugin-opt=-pass-through=-lgcc_s --build-id --eh-frame-hdr -m elf_x86_64 --hash-style=gnu --as-needed -dynamic-linker /lib64/ld-linux-x86-64.so.2 -pie -z now -z relro -o cmTC_ee54c /usr/lib/gcc/x86_64-linux-gnu/11/../../../x86_64-linux-gnu/Scrt1.o /usr/lib/gcc/x86_64-linux-gnu/11/../../../x86_64-linux-gnu/crti.o /usr/lib/gcc/x86_64-linux-gnu/11/crtbeginS.o -L/home/sophie/miniconda3/lib -L/home/sophie/miniconda3/targets/x86_64-linux/lib -L/home/sophie/miniconda3/targets/x86_64-linux/lib/stubs -L/usr/lib/gcc/x86_64-linux-gnu/11 -L/usr/lib/gcc/x86_64-linux-gnu/11/../../../x86_64-linux-gnu -L/usr/lib/gcc/x86_64-linux-gnu/11/../../../../lib -L/lib/x86_64-linux-gnu -L/lib/../lib -L/usr/lib/x86_64-linux-gnu -L/usr/lib/../lib -L/usr/lib/gcc/x86_64-linux-gnu/11/../../.. -O2 --sort-common --as-needed -z relro -z now --disable-new-dtags --gc-sections -rpath /home/sophie/miniconda3/lib -rpath-link /home/sophie/miniconda3/lib CMakeFiles/cmTC_ee54c.dir/CMakeCCompilerABI.c.o -lgcc --push-state --as-needed -lgcc_s --pop-state -lc -lgcc --push-state --as-needed -lgcc_s --pop-state /usr/lib/gcc/x86_64-linux-gnu/11/crtendS.o /usr/lib/gcc/x86_64-linux-gnu/11/../../../x86_64-linux-gnu/crtn.o
COLLECT_GCC_OPTIONS='-L/home/sophie/miniconda3/lib' '-L/home/sophie/miniconda3/targets/x86_64-linux/lib' '-L/home/sophie/miniconda3/targets/x86_64-linux/lib/stubs' '-v' '-o' 'cmTC_ee54c' '-mtune=generic' '-march=x86-64' '-dumpdir' 'cmTC_ee54c.'
gmake[1]: Leaving directory '/home/sophie/isaac_lab/isaac_ws/rl_code/soarm100sim/ros2/build/soarm100_interfaces/CMakeFiles/CMakeTmp'



Parsed C implicit include dir info from above output: rv=done
  found start of include info
  found start of implicit include info
    add: [/usr/lib/gcc/x86_64-linux-gnu/11/include]
    add: [/usr/local/include]
    add: [/usr/include/x86_64-linux-gnu]
    add: [/usr/include]
  end of search list found
  collapse include dir [/usr/lib/gcc/x86_64-linux-gnu/11/include] ==> [/usr/lib/gcc/x86_64-linux-gnu/11/include]
  collapse include dir [/usr/local/include] ==> [/usr/local/include]
  collapse include dir [/usr/include/x86_64-linux-gnu] ==> [/usr/include/x86_64-linux-gnu]
  collapse include dir [/usr/include] ==> [/usr/include]
  implicit include dirs: [/usr/lib/gcc/x86_64-linux-gnu/11/include;/usr/local/include;/usr/include/x86_64-linux-gnu;/usr/include]


Parsed C implicit link information from above output:
  link line regex: [^( *|.*[/\])(ld|CMAKE_LINK_STARTFILE-NOTFOUND|([^/\]+-)?ld|collect2)[^/\]*( |$)]
  ignore line: [Change Dir: /home/sophie/isaac_lab/isaac_ws/rl_code/soarm100sim/ros2/build/soarm100_interfaces/CMakeFiles/CMakeTmp]
  ignore line: []
  ignore line: [Run Build Command(s):/usr/bin/gmake -f Makefile cmTC_ee54c/fast && /usr/bin/gmake  -f CMakeFiles/cmTC_ee54c.dir/build.make CMakeFiles/cmTC_ee54c.dir/build]
  ignore line: [gmake[1]: Entering directory '/home/sophie/isaac_lab/isaac_ws/rl_code/soarm100sim/ros2/build/soarm100_interfaces/CMakeFiles/CMakeTmp']
  ignore line: [Building C object CMakeFiles/cmTC_ee54c.dir/CMakeCCompilerABI.c.o]
  ignore line: [/usr/bin/cc   -v -o CMakeFiles/cmTC_ee54c.dir/CMakeCCompilerABI.c.o -c /usr/share/cmake-3.22/Modules/CMakeCCompilerABI.c]
  ignore line: [Using built-in specs.]
  ignore line: [COLLECT_GCC=/usr/bin/cc]
  ignore line: [OFFLOAD_TARGET_NAMES=nvptx-none:amdgcn-amdhsa]
  ignore line: [OFFLOAD_TARGET_DEFAULT=1]
  ignore line: [Target: x86_64-linux-gnu]
  ignore line: [Configured with: ../src/configure -v --with-pkgversion='Ubuntu 11.4.0-1ubuntu1~22.04.3' --with-bugurl=file:///usr/share/doc/gcc-11/README.Bugs --enable-languages=c ada c++ go brig d fortran objc obj-c++ m2 --prefix=/usr --with-gcc-major-version-only --program-suffix=-11 --program-prefix=x86_64-linux-gnu- --enable-shared --enable-linker-build-id --libexecdir=/usr/lib --without-included-gettext --enable-threads=posix --libdir=/usr/lib --enable-nls --enable-bootstrap --enable-clocale=gnu --enable-libstdcxx-debug --enable-libstdcxx-time=yes --with-default-libstdcxx-abi=new --enable-gnu-unique-object --disable-vtable-verify --enable-plugin --enable-default-pie --with-system-zlib --enable-libphobos-checking=release --with-target-system-zlib=auto --enable-objc-gc=auto --enable-multiarch --disable-werror --enable-cet --with-arch-32=i686 --with-abi=m64 --with-multilib-list=m32 m64 mx32 --enable-multilib --with-tune=generic --enable-offload-targets=nvptx-none=/build/gcc-11-0odw26/gcc-11-11.4.0/debian/tmp-nvptx/usr amdgcn-amdhsa=/build/gcc-11-0odw26/gcc-11-11.4.0/debian/tmp-gcn/usr --without-cuda-driver --enable-checking=release --build=x86_64-linux-gnu --host=x86_64-linux-gnu --target=x86_64-linux-gnu --with-build-config=bootstrap-lto-lean --enable-link-serialization=2]
  ignore line: [Thread model: posix]
  ignore line: [Supported LTO compression algorithms: zlib zstd]
  ignore line: [gcc version 11.4.0 (Ubuntu 11.4.0-1ubuntu1~22.04.3) ]
  ignore line: [COLLECT_GCC_OPTIONS='-v' '-o' 'CMakeFiles/cmTC_ee54c.dir/CMakeCCompilerABI.c.o' '-c' '-mtune=generic' '-march=x86-64' '-dumpdir' 'CMakeFiles/cmTC_ee54c.dir/']
  ignore line: [ /usr/lib/gcc/x86_64-linux-gnu/11/cc1 -quiet -v -imultiarch x86_64-linux-gnu /usr/share/cmake-3.22/Modules/CMakeCCompilerABI.c -quiet -dumpdir CMakeFiles/cmTC_ee54c.dir/ -dumpbase CMakeCCompilerABI.c.c -dumpbase-ext .c -mtune=generic -march=x86-64 -version -fasynchronous-unwind-tables -fstack-protector-strong -Wformat -Wformat-security -fstack-clash-protection -fcf-protection -o /tmp/ccOIlC2k.s]
  ignore line: [GNU C17 (Ubuntu 11.4.0-1ubuntu1~22.04.3) version 11.4.0 (x86_64-linux-gnu)]
  ignore line: [	compiled by GNU C version 11.4.0  GMP version 6.2.1  MPFR version 4.1.0  MPC version 1.2.1  isl version isl-0.24-GMP]
  ignore line: []
  ignore line: [GGC heuristics: --param ggc-min-expand=100 --param ggc-min-heapsize=131072]
  ignore line: [ignoring nonexistent directory "/usr/local/include/x86_64-linux-gnu"]
  ignore line: [ignoring nonexistent directory "/usr/lib/gcc/x86_64-linux-gnu/11/include-fixed"]
  ignore line: [ignoring nonexistent directory "/usr/lib/gcc/x86_64-linux-gnu/11/../../../../x86_64-linux-gnu/include"]
  ignore line: [#include "..." search starts here:]
  ignore line: [#include <...> search starts here:]
  ignore line: [ /usr/lib/gcc/x86_64-linux-gnu/11/include]
  ignore line: [ /usr/local/include]
  ignore line: [ /usr/include/x86_64-linux-gnu]
  ignore line: [ /usr/include]
  ignore line: [End of search list.]
  ignore line: [GNU C17 (Ubuntu 11.4.0-1ubuntu1~22.04.3) version 11.4.0 (x86_64-linux-gnu)]
  ignore line: [	compiled by GNU C version 11.4.0  GMP version 6.2.1  MPFR version 4.1.0  MPC version 1.2.1  isl version isl-0.24-GMP]
  ignore line: []
  ignore line: [GGC heuristics: --param ggc-min-expand=100 --param ggc-min-heapsize=131072]
  ignore line: [Compiler executable checksum: 46ebede1f5b795a957a1e85cb61af9d8]
  ignore line: [COLLECT_GCC_OPTIONS='-v' '-o' 'CMakeFiles/cmTC_ee54c.dir/CMakeCCompilerABI.c.o' '-c' '-mtune=generic' '-march=x86-64' '-dumpdir' 'CMakeFiles/cmTC_ee54c.dir/']
  ignore line: [ as -v --64 -o CMakeFiles/cmTC_ee54c.dir/CMakeCCompilerABI.c.o /tmp/ccOIlC2k.s]
  ignore line: [GNU assembler version 2.38 (x86_64-linux-gnu) using BFD version (GNU Binutils for Ubuntu) 2.38]
  ignore line: [COMPILER_PATH=/usr/lib/gcc/x86_64-linux-gnu/11/:/usr/lib/gcc/x86_64-linux-gnu/11/:/usr/lib/gcc/x86_64-linux-gnu/:/usr/lib/gcc/x86_64-linux-gnu/11/:/usr/lib/gcc/x86_64-linux-gnu/]
  ignore line: [LIBRARY_PATH=/usr/lib/gcc/x86_64-linux-gnu/11/:/usr/lib/gcc/x86_64-linux-gnu/11/../../../x86_64-linux-gnu/:/usr/lib/gcc/x86_64-linux-gnu/11/../../../../lib/:/lib/x86_64-linux-gnu/:/lib/../lib/:/usr/lib/x86_64-linux-gnu/:/usr/lib/../lib/:/usr/lib/gcc/x86_64-linux-gnu/11/../../../:/lib/:/usr/lib/]
  ignore line: [COLLECT_GCC_OPTIONS='-v' '-o' 'CMakeFiles/cmTC_ee54c.dir/CMakeCCompilerABI.c.o' '-c' '-mtune=generic' '-march=x86-64' '-dumpdir' 'CMakeFiles/cmTC_ee54c.dir/CMakeCCompilerABI.c.']
  ignore line: [Linking C executable cmTC_ee54c]
  ignore line: [/usr/bin/cmake -E cmake_link_script CMakeFiles/cmTC_ee54c.dir/link.txt --verbose=1]
  ignore line: [/usr/bin/cc -Wl -O2 -Wl --sort-common -Wl --as-needed -Wl -z relro -Wl -z now -Wl --disable-new-dtags -Wl --gc-sections -Wl -rpath /home/sophie/miniconda3/lib -Wl -rpath-link /home/sophie/miniconda3/lib -L/home/sophie/miniconda3/lib  -L/home/sophie/miniconda3/targets/x86_64-linux/lib -L/home/sophie/miniconda3/targets/x86_64-linux/lib/stubs -v CMakeFiles/cmTC_ee54c.dir/CMakeCCompilerABI.c.o -o cmTC_ee54c ]
  ignore line: [Using built-in specs.]
  ignore line: [COLLECT_GCC=/usr/bin/cc]
  ignore line: [COLLECT_LTO_WRAPPER=/usr/lib/gcc/x86_64-linux-gnu/11/lto-wrapper]
  ignore line: [OFFLOAD_TARGET_NAMES=nvptx-none:amdgcn-amdhsa]
  ignore line: [OFFLOAD_TARGET_DEFAULT=1]
  ignore line: [Target: x86_64-linux-gnu]
  ignore line: [Configured with: ../src/configure -v --with-pkgversion='Ubuntu 11.4.0-1ubuntu1~22.04.3' --with-bugurl=file:///usr/share/doc/gcc-11/README.Bugs --enable-languages=c ada c++ go brig d fortran objc obj-c++ m2 --prefix=/usr --with-gcc-major-version-only --program-suffix=-11 --program-prefix=x86_64-linux-gnu- --enable-shared --enable-linker-build-id --libexecdir=/usr/lib --without-included-gettext --enable-threads=posix --libdir=/usr/lib --enable-nls --enable-bootstrap --enable-clocale=gnu --enable-libstdcxx-debug --enable-libstdcxx-time=yes --with-default-libstdcxx-abi=new --enable-gnu-unique-object --disable-vtable-verify --enable-plugin --enable-default-pie --with-system-zlib --enable-libphobos-checking=release --with-target-system-zlib=auto --enable-objc-gc=auto --enable-multiarch --disable-werror --enable-cet --with-arch-32=i686 --with-abi=m64 --with-multilib-list=m32 m64 mx32 --enable-multilib --with-tune=generic --enable-offload-targets=nvptx-none=/build/gcc-11-0odw26/gcc-11-11.4.0/debian/tmp-nvptx/usr amdgcn-amdhsa=/build/gcc-11-0odw26/gcc-11-11.4.0/debian/tmp-gcn/usr --without-cuda-driver --enable-checking=release --build=x86_64-linux-gnu --host=x86_64-linux-gnu --target=x86_64-linux-gnu --with-build-config=bootstrap-lto-lean --enable-link-serialization=2]
  ignore line: [Thread model: posix]
  ignore line: [Supported LTO compression algorithms: zlib zstd]
  ignore line: [gcc version 11.4.0 (Ubuntu 11.4.0-1ubuntu1~22.04.3) ]
  ignore line: [COMPILER_PATH=/usr/lib/gcc/x86_64-linux-gnu/11/:/usr/lib/gcc/x86_64-linux-gnu/11/:/usr/lib/gcc/x86_64-linux-gnu/:/usr/lib/gcc/x86_64-linux-gnu/11/:/usr/lib/gcc/x86_64-linux-gnu/]
  ignore line: [LIBRARY_PATH=/usr/lib/gcc/x86_64-linux-gnu/11/:/usr/lib/gcc/x86_64-linux-gnu/11/../../../x86_64-linux-gnu/:/usr/lib/gcc/x86_64-linux-gnu/11/../../../../lib/:/lib/x86_64-linux-gnu/:/lib/../lib/:/usr/lib/x86_64-linux-gnu/:/usr/lib/../lib/:/usr/lib/gcc/x86_64-linux-gnu/11/../../../:/lib/:/usr/lib/]
  ignore line: [COLLECT_GCC_OPTIONS='-L/home/sophie/miniconda3/lib' '-L/home/sophie/miniconda3/targets/x86_64-linux/lib' '-L/home/sophie/miniconda3/targets/x86_64-linux/lib/stubs' '-v' '-o' 'cmTC_ee54c' '-mtune=generic' '-march=x86-64' '-dumpdir' 'cmTC_ee54c.']
  link line: [ /usr/lib/gcc/x86_64-linux-gnu/11/collect2 -plugin /usr/lib/gcc/x86_64-linux-gnu/11/liblto_plugin.so -plugin-opt=/usr/lib/gcc/x86_64-linux-gnu/11/lto-wrapper -plugin-opt=-fresolution=/tmp/ccgPPWev.res -plugin-opt=-pass-through=-lgcc -plugin-opt=-pass-through=-lgcc_s -plugin-opt=-pass-through=-lc -plugin-opt=-pass-through=-lgcc -plugin-opt=-pass-through=-lgcc_s --build-id --eh-frame-hdr -m elf_x86_64 --hash-style=gnu --as-needed -dynamic-linker /lib64/ld-linux-x86-64.so.2 -pie -z now -z relro -o cmTC_ee54c /usr/lib/gcc/x86_64-linux-gnu/11/../../../x86_64-linux-gnu/Scrt1.o /usr/lib/gcc/x86_64-linux-gnu/11/../../../x86_64-linux-gnu/crti.o /usr/lib/gcc/x86_64-linux-gnu/11/crtbeginS.o -L/home/sophie/miniconda3/lib -L/home/sophie/miniconda3/targets/x86_64-linux/lib -L/home/sophie/miniconda3/targets/x86_64-linux/lib/stubs -L/usr/lib/gcc/x86_64-linux-gnu/11 -L/usr/lib/gcc/x86_64-linux-gnu/11/../../../x86_64-linux-gnu -L/usr/lib/gcc/x86_64-linux-gnu/11/../../../../lib -L/lib/x86_64-linux-gnu -L/lib/../lib -L/usr/lib/x86_64-linux-gnu -L/usr/lib/../lib -L/usr/lib/gcc/x86_64-linux-gnu/11/../../.. -O2 --sort-common --as-needed -z relro -z now --disable-new-dtags --gc-sections -rpath /home/sophie/miniconda3/lib -rpath-link /home/sophie/miniconda3/lib CMakeFiles/cmTC_ee54c.dir/CMakeCCompilerABI.c.o -lgcc --push-state --as-needed -lgcc_s --pop-state -lc -lgcc --push-state --as-needed -lgcc_s --pop-state /usr/lib/gcc/x86_64-linux-gnu/11/crtendS.o /usr/lib/gcc/x86_64-linux-gnu/11/../../../x86_64-linux-gnu/crtn.o]
    arg [/usr/lib/gcc/x86_64-linux-gnu/11/collect2] ==> ignore
    arg [-plugin] ==> ignore
    arg [/usr/lib/gcc/x86_64-linux-gnu/11/liblto_plugin.so] ==> ignore
    arg [-plugin-opt=/usr/lib/gcc/x86_64-linux-gnu/11/lto-wrapper] ==> ignore
    arg [-plugin-opt=-fresolution=/tmp/ccgPPWev.res] ==> ignore
    arg [-plugin-opt=-pass-through=-lgcc] ==> ignore
    arg [-plugin-opt=-pass-through=-lgcc_s] ==> ignore
    arg [-plugin-opt=-pass-through=-lc] ==> ignore
    arg [-plugin-opt=-pass-through=-lgcc] ==> ignore
    arg [-plugin-opt=-pass-through=-lgcc_s] ==> ignore
    arg [--build-id] ==> ignore
    arg [--eh-frame-hdr] ==> ignore
    arg [-m] ==> ignore
    arg [elf_x86_64] ==> ignore
    arg [--hash-style=gnu] ==> ignore
    arg [--as-needed] ==> ignore
    arg [-dynamic-linker] ==> ignore
    arg [/lib64/ld-linux-x86-64.so.2] ==> ignore
    arg [-pie] ==> ignore
    arg [-znow] ==> ignore
    arg [-zrelro] ==> ignore
    arg [-o] ==> ignore
    arg [cmTC_ee54c] ==> ignore
    arg [/usr/lib/gcc/x86_64-linux-gnu/11/../../../x86_64-linux-gnu/Scrt1.o] ==> obj [/usr/lib/gcc/x86_64-linux-gnu/11/../../../x86_64-linux-gnu/Scrt1.o]
    arg [/usr/lib/gcc/x86_64-linux-gnu/11/../../../x86_64-linux-gnu/crti.o] ==> obj [/usr/lib/gcc/x86_64-linux-gnu/11/../../../x86_64-linux-gnu/crti.o]
    arg [/usr/lib/gcc/x86_64-linux-gnu/11/crtbeginS.o] ==> obj [/usr/lib/gcc/x86_64-linux-gnu/11/crtbeginS.o]
    arg [-L/home/sophie/miniconda3/lib] ==> dir [/home/sophie/miniconda3/lib]
    arg [-L/home/sophie/miniconda3/targets/x86_64-linux/lib] ==> dir [/home/sophie/miniconda3/targets/x86_64-linux/lib]
    arg [-L/home/sophie/miniconda3/targets/x86_64-linux/lib/stubs] ==> dir [/home/sophie/miniconda3/targets/x86_64-linux/lib/stubs]
    arg [-L/usr/lib/gcc/x86_64-linux-gnu/11] ==> dir [/usr/lib/gcc/x86_64-linux-gnu/11]
    arg [-L/usr/lib/gcc/x86_64-linux-gnu/11/../../../x86_64-linux-gnu] ==> dir [/usr/lib/gcc/x86_64-linux-gnu/11/../../../x86_64-linux-gnu]
    arg [-L/usr/lib/gcc/x86_64-linux-gnu/11/../../../../lib] ==> dir [/usr/lib/gcc/x86_64-linux-gnu/11/../../../../lib]
    arg [-L/lib/x86_64-linux-gnu] ==> dir [/lib/x86_64-linux-gnu]
    arg [-L/lib/../lib] ==> dir [/lib/../lib]
    arg [-L/usr/lib/x86_64-linux-gnu] ==> dir [/usr/lib/x86_64-linux-gnu]
    arg [-L/usr/lib/../lib] ==> dir [/usr/lib/../lib]
    arg [-L/usr/lib/gcc/x86_64-linux-gnu/11/../../..] ==> dir [/usr/lib/gcc/x86_64-linux-gnu/11/../../..]
    arg [-O2] ==> ignore
    arg [--sort-common] ==> ignore
    arg [--as-needed] ==> ignore
    arg [-zrelro] ==> ignore
    arg [-znow] ==> ignore
    arg [--disable-new-dtags] ==> ignore
    arg [--gc-sections] ==> ignore
    arg [-rpath] ==> ignore
    arg [/home/sophie/miniconda3/lib] ==> ignore
    arg [-rpath-link] ==> ignore
    arg [/home/sophie/miniconda3/lib] ==> ignore
    arg [CMakeFiles/cmTC_ee54c.dir/CMakeCCompilerABI.c.o] ==> ignore
    arg [-lgcc] ==> lib [gcc]
    arg [--push-state] ==> ignore
    arg [--as-needed] ==> ignore
    arg [-lgcc_s] ==> lib [gcc_s]
    arg [--pop-state] ==> ignore
    arg [-lc] ==> lib [c]
    arg [-lgcc] ==> lib [gcc]
    arg [--push-state] ==> ignore
    arg [--as-needed] ==> ignore
    arg [-lgcc_s] ==> lib [gcc_s]
    arg [--pop-state] ==> ignore
    arg [/usr/lib/gcc/x86_64-linux-gnu/11/crtendS.o] ==> obj [/usr/lib/gcc/x86_64-linux-gnu/11/crtendS.o]
    arg [/usr/lib/gcc/x86_64-linux-gnu/11/../../../x86_64-linux-gnu/crtn.o] ==> obj [/usr/lib/gcc/x86_64-linux-gnu/11/../../../x86_64-linux-gnu/crtn.o]
  collapse obj [/usr/lib/gcc/x86_64-linux-gnu/11/../../../x86_64-linux-gnu/Scrt1.o] ==> [/usr/lib/x86_64-linux-gnu/Scrt1.o]
  collapse obj [/usr/lib/gcc/x86_64-linux-gnu/11/../../../x86_64-linux-gnu/crti.o] ==> [/usr/lib/x86_64-linux-gnu/crti.o]
  collapse obj [/usr/lib/gcc/x86_64-linux-gnu/11/../../../x86_64-linux-gnu/crtn.o] ==> [/usr/lib/x86_64-linux-gnu/crtn.o]
  collapse library dir [/home/sophie/miniconda3/lib] ==> [/home/sophie/miniconda3/lib]
  collapse library dir [/home/sophie/miniconda3/targets/x86_64-linux/lib] ==> [/home/sophie/miniconda3/targets/x86_64-linux/lib]
  collapse library dir [/home/sophie/miniconda3/targets/x86_64-linux/lib/stubs] ==> [/home/sophie/miniconda3/targets/x86_64-linux/lib/stubs]
  collapse library dir [/usr/lib/gcc/x86_64-linux-gnu/11] ==> [/usr/lib/gcc/x86_64-linux-gnu/11]
  collapse library dir [/usr/lib/gcc/x86_64-linux-gnu/11/../../../x86_64-linux-gnu] ==> [/usr/lib/x86_64-linux-gnu]
  collapse library dir [/usr/lib/gcc/x86_64-linux-gnu/11/../../../../lib] ==> [/usr/lib]
  collapse library dir [/lib/x86_64-linux-gnu] ==> [/lib/x86_64-linux-gnu]
  collapse library dir [/lib/../lib] ==> [/lib]
  collapse library dir [/usr/lib/x86_64-linux-gnu] ==> [/usr/lib/x86_64-linux-gnu]
  collapse library dir [/usr/lib/../lib] ==> [/usr/lib]
  collapse library dir [/usr/lib/gcc/x86_64-linux-gnu/11/../../..] ==> [/usr/lib]
  implicit libs: [gcc;gcc_s;c;gcc;gcc_s]
  implicit objs: [/usr/lib/x86_64-linux-gnu/Scrt1.o;/usr/lib/x86_64-linux-gnu/crti.o;/usr/lib/gcc/x86_64-linux-gnu/11/crtbeginS.o;/usr/lib/gcc/x86_64-linux-gnu/11/crtendS.o;/usr/lib/x86_64-linux-gnu/crtn.o]
  implicit dirs: [/home/sophie/miniconda3/lib;/home/sophie/miniconda3/targets/x86_64-linux/lib;/home/sophie/miniconda3/targets/x86_64-linux/lib/stubs;/usr/lib/gcc/x86_64-linux-gnu/11;/usr/lib/x86_64-linux-gnu;/usr/lib;/lib/x86_64-linux-gnu;/lib]
  implicit fwks: []


Detecting CXX compiler ABI info compiled with the following output:
Change Dir: /home/sophie/isaac_lab/isaac_ws/rl_code/soarm100sim/ros2/build/soarm100_interfaces/CMakeFiles/CMakeTmp

Run Build Command(s):/usr/bin/gmake -f Makefile cmTC_66fda/fast && /usr/bin/gmake  -f CMakeFiles/cmTC_66fda.dir/build.make CMakeFiles/cmTC_66fda.dir/build
gmake[1]: Entering directory '/home/sophie/isaac_lab/isaac_ws/rl_code/soarm100sim/ros2/build/soarm100_interfaces/CMakeFiles/CMakeTmp'
Building CXX object CMakeFiles/cmTC_66fda.dir/CMakeCXXCompilerABI.cpp.o
/usr/bin/c++   -fvisibility-inlines-hidden -fmessage-length=0 -march=nocona -mtune=haswell -ftree-vectorize -fPIC -fstack-protector-strong -fno-plt -O2 -ffunction-sections -pipe -isystem /home/sophie/miniconda3/include  -I/home/sophie/miniconda3/targets/x86_64-linux/include  -L/home/sophie/miniconda3/targets/x86_64-linux/lib -L/home/sophie/miniconda3/targets/x86_64-linux/lib/stubs    -v -o CMakeFiles/cmTC_66fda.dir/CMakeCXXCompilerABI.cpp.o -c /usr/share/cmake-3.22/Modules/CMakeCXXCompilerABI.cpp
Using built-in specs.
COLLECT_GCC=/usr/bin/c++
OFFLOAD_TARGET_NAMES=nvptx-none:amdgcn-amdhsa
OFFLOAD_TARGET_DEFAULT=1
Target: x86_64-linux-gnu
Configured with: ../src/configure -v --with-pkgversion='Ubuntu 11.4.0-1ubuntu1~22.04.3' --with-bugurl=file:///usr/share/doc/gcc-11/README.Bugs --enable-languages=c,ada,c++,go,brig,d,fortran,objc,obj-c++,m2 --prefix=/usr --with-gcc-major-version-only --program-suffix=-11 --program-prefix=x86_64-linux-gnu- --enable-shared --enable-linker-build-id --libexecdir=/usr/lib --without-included-gettext --enable-threads=posix --libdir=/usr/lib --enable-nls --enable-bootstrap --enable-clocale=gnu --enable-libstdcxx-debug --enable-libstdcxx-time=yes --with-default-libstdcxx-abi=new --enable-gnu-unique-object --disable-vtable-verify --enable-plugin --enable-default-pie --with-system-zlib --enable-libphobos-checking=release --with-target-system-zlib=auto --enable-objc-gc=auto --enable-multiarch --disable-werror --enable-cet --with-arch-32=i686 --with-abi=m64 --with-multilib-list=m32,m64,mx32 --enable-multilib --with-tune=generic --enable-offload-targets=nvptx-none=/build/gcc-11-0odw26/gcc-11-11.4.0/debian/tmp-nvptx/usr,amdgcn-amdhsa=/build/gcc-11-0odw26/gcc-11-11.4.0/debian/tmp-gcn/usr --without-cuda-driver --enable-checking=release --build=x86_64-linux-gnu --host=x86_64-linux-gnu --target=x86_64-linux-gnu --with-build-config=bootstrap-lto-lean --enable-link-serialization=2
Thread model: posix
Supported LTO compression algorithms: zlib zstd
gcc version 11.4.0 (Ubuntu 11.4.0-1ubuntu1~22.04.3) 
COLLECT_GCC_OPTIONS='-fvisibility-inlines-hidden' '-fmessage-length=0' '-march=nocona' '-mtune=haswell' '-ftree-vectorize' '-fPIC' '-fstack-protector-strong' '-fno-plt' '-O2' '-ffunction-sections' '-pipe' '-isystem' '/home/sophie/miniconda3/include' '-I' '/home/sophie/miniconda3/targets/x86_64-linux/include' '-L/home/sophie/miniconda3/targets/x86_64-linux/lib' '-L/home/sophie/miniconda3/targets/x86_64-linux/lib/stubs' '-v' '-o' 'CMakeFiles/cmTC_66fda.dir/CMakeCXXCompilerABI.cpp.o' '-c' '-shared-libgcc' '-dumpdir' 'CMakeFiles/cmTC_66fda.dir/'
 /usr/lib/gcc/x86_64-linux-gnu/11/cc1plus -quiet -v -I /home/sophie/miniconda3/targets/x86_64-linux/include -imultiarch x86_64-linux-gnu -D_GNU_SOURCE -isystem /home/sophie/miniconda3/include /usr/share/cmake-3.22/Modules/CMakeCXXCompilerABI.cpp -quiet -dumpdir CMakeFiles/cmTC_66fda.dir/ -dumpbase CMakeCXXCompilerABI.cpp.cpp -dumpbase-ext .cpp -march=nocona -mtune=haswell -O2 -version -fvisibility-inlines-hidden -fmessage-length=0 -ftree-vectorize -fPIC -fstack-protector-strong -fno-plt -ffunction-sections -fasynchronous-unwind-tables -fstack-protector-strong -Wformat -Wformat-security -fstack-clash-protection -fcf-protection -o - |
 as -v -I /home/sophie/miniconda3/targets/x86_64-linux/include --64 -o CMakeFiles/cmTC_66fda.dir/CMakeCXXCompilerABI.cpp.o
GNU assembler version 2.38 (x86_64-linux-gnu) using BFD version (GNU Binutils for Ubuntu) 2.38
GNU C++17 (Ubuntu 11.4.0-1ubuntu1~22.04.3) version 11.4.0 (x86_64-linux-gnu)
	compiled by GNU C version 11.4.0, GMP version 6.2.1, MPFR version 4.1.0, MPC version 1.2.1, isl version isl-0.24-GMP

GGC heuristics: --param ggc-min-expand=100 --param ggc-min-heapsize=131072
ignoring duplicate directory "/usr/include/x86_64-linux-gnu/c++/11"
ignoring nonexistent directory "/usr/local/include/x86_64-linux-gnu"
ignoring nonexistent directory "/usr/lib/gcc/x86_64-linux-gnu/11/include-fixed"
ignoring nonexistent directory "/usr/lib/gcc/x86_64-linux-gnu/11/../../../../x86_64-linux-gnu/include"
#include "..." search starts here:
#include <...> search starts here:
 /home/sophie/miniconda3/targets/x86_64-linux/include
 /home/sophie/miniconda3/include
 /usr/include/c++/11
 /usr/include/x86_64-linux-gnu/c++/11
 /usr/include/c++/11/backward
 /usr/lib/gcc/x86_64-linux-gnu/11/include
 /usr/local/include
 /usr/include/x86_64-linux-gnu
 /usr/include
End of search list.
GNU C++17 (Ubuntu 11.4.0-1ubuntu1~22.04.3) version 11.4.0 (x86_64-linux-gnu)
	compiled by GNU C version 11.4.0, GMP version 6.2.1, MPFR version 4.1.0, MPC version 1.2.1, isl version isl-0.24-GMP

GGC heuristics: --param ggc-min-expand=100 --param ggc-min-heapsize=131072
Compiler executable checksum: ac7fa628ee459f217e6fdb88b3db0bde
COMPILER_PATH=/usr/lib/gcc/x86_64-linux-gnu/11/:/usr/lib/gcc/x86_64-linux-gnu/11/:/usr/lib/gcc/x86_64-linux-gnu/:/usr/lib/gcc/x86_64-linux-gnu/11/:/usr/lib/gcc/x86_64-linux-gnu/
LIBRARY_PATH=/usr/lib/gcc/x86_64-linux-gnu/11/:/usr/lib/gcc/x86_64-linux-gnu/11/../../../x86_64-linux-gnu/:/usr/lib/gcc/x86_64-linux-gnu/11/../../../../lib/:/lib/x86_64-linux-gnu/:/lib/../lib/:/usr/lib/x86_64-linux-gnu/:/usr/lib/../lib/:/usr/lib/gcc/x86_64-linux-gnu/11/../../../:/lib/:/usr/lib/
COLLECT_GCC_OPTIONS='-fvisibility-inlines-hidden' '-fmessage-length=0' '-march=nocona' '-mtune=haswell' '-ftree-vectorize' '-fPIC' '-fstack-protector-strong' '-fno-plt' '-O2' '-ffunction-sections' '-pipe' '-isystem' '/home/sophie/miniconda3/include' '-I' '/home/sophie/miniconda3/targets/x86_64-linux/include' '-L/home/sophie/miniconda3/targets/x86_64-linux/lib' '-L/home/sophie/miniconda3/targets/x86_64-linux/lib/stubs' '-v' '-o' 'CMakeFiles/cmTC_66fda.dir/CMakeCXXCompilerABI.cpp.o' '-c' '-shared-libgcc' '-dumpdir' 'CMakeFiles/cmTC_66fda.dir/CMakeCXXCompilerABI.cpp.'
Linking CXX executable cmTC_66fda
/usr/bin/cmake -E cmake_link_script CMakeFiles/cmTC_66fda.dir/link.txt --verbose=1
/usr/bin/c++ -fvisibility-inlines-hidden -fmessage-length=0 -march=nocona -mtune=haswell -ftree-vectorize -fPIC -fstack-protector-strong -fno-plt -O2 -ffunction-sections -pipe -isystem /home/sophie/miniconda3/include  -I/home/sophie/miniconda3/targets/x86_64-linux/include  -L/home/sophie/miniconda3/targets/x86_64-linux/lib -L/home/sophie/miniconda3/targets/x86_64-linux/lib/stubs  -Wl,-O2 -Wl,--sort-common -Wl,--as-needed -Wl,-z,relro -Wl,-z,now -Wl,--disable-new-dtags -Wl,--gc-sections -Wl,-rpath,/home/sophie/miniconda3/lib -Wl,-rpath-link,/home/sophie/miniconda3/lib -L/home/sophie/miniconda3/lib  -L/home/sophie/miniconda3/targets/x86_64-linux/lib -L/home/sophie/miniconda3/targets/x86_64-linux/lib/stubs -v CMakeFiles/cmTC_66fda.dir/CMakeCXXCompilerABI.cpp.o -o cmTC_66fda 
Using built-in specs.
COLLECT_GCC=/usr/bin/c++
COLLECT_LTO_WRAPPER=/usr/lib/gcc/x86_64-linux-gnu/11/lto-wrapper
OFFLOAD_TARGET_NAMES=nvptx-none:amdgcn-amdhsa
OFFLOAD_TARGET_DEFAULT=1
Target: x86_64-linux-gnu
Configured with: ../src/configure -v --with-pkgversion='Ubuntu 11.4.0-1ubuntu1~22.04.3' --with-bugurl=file:///usr/share/doc/gcc-11/README.Bugs --enable-languages=c,ada,c++,go,brig,d,fortran,objc,obj-c++,m2 --prefix=/usr --with-gcc-major-version-only --program-suffix=-11 --program-prefix=x86_64-linux-gnu- --enable-shared --enable-linker-build-id --libexecdir=/usr/lib --without-included-gettext --enable-threads=posix --libdir=/usr/lib --enable-nls --enable-bootstrap --enable-clocale=gnu --enable-libstdcxx-debug --enable-libstdcxx-time=yes --with-default-libstdcxx-abi=new --enable-gnu-unique-object --disable-vtable-verify --enable-plugin --enable-default-pie --with-system-zlib --enable-libphobos-checking=release --with-target-system-zlib=auto --enable-objc-gc=auto --enable-multiarch --disable-werror --enable-cet --with-arch-32=i686 --with-abi=m64 --with-multilib-list=m32,m64,mx32 --enable-multilib --with-tune=generic --enable-offload-targets=nvptx-none=/build/gcc-11-0odw26/gcc-11-11.4.0/debian/tmp-nvptx/usr,amdgcn-amdhsa=/build/gcc-11-0odw26/gcc-11-11.4.0/debian/tmp-gcn/usr --without-cuda-driver --enable-checking=release --build=x86_64-linux-gnu --host=x86_64-linux-gnu --target=x86_64-linux-gnu --with-build-config=bootstrap-lto-lean --enable-link-serialization=2
Thread model: posix
Supported LTO compression algorithms: zlib zstd
gcc version 11.4.0 (Ubuntu 11.4.0-1ubuntu1~22.04.3) 
COMPILER_PATH=/usr/lib/gcc/x86_64-linux-gnu/11/:/usr/lib/gcc/x86_64-linux-gnu/11/:/usr/lib/gcc/x86_64-linux-gnu/:/usr/lib/gcc/x86_64-linux-gnu/11/:/usr/lib/gcc/x86_64-linux-gnu/
LIBRARY_PATH=/usr/lib/gcc/x86_64-linux-gnu/11/:/usr/lib/gcc/x86_64-linux-gnu/11/../../../x86_64-linux-gnu/:/usr/lib/gcc/x86_64-linux-gnu/11/../../../../lib/:/lib/x86_64-linux-gnu/:/lib/../lib/:/usr/lib/x86_64-linux-gnu/:/usr/lib/../lib/:/usr/lib/gcc/x86_64-linux-gnu/11/../../../:/lib/:/usr/lib/
COLLECT_GCC_OPTIONS='-fvisibility-inlines-hidden' '-fmessage-length=0' '-march=nocona' '-mtune=haswell' '-ftree-vectorize' '-fPIC' '-fstack-protector-strong' '-fno-plt' '-O2' '-ffunction-sections' '-pipe' '-isystem' '/home/sophie/miniconda3/include' '-I' '/home/sophie/miniconda3/targets/x86_64-linux/include' '-L/home/sophie/miniconda3/targets/x86_64-linux/lib' '-L/home/sophie/miniconda3/targets/x86_64-linux/lib/stubs' '-L/home/sophie/miniconda3/lib' '-L/home/sophie/miniconda3/targets/x86_64-linux/lib' '-L/home/sophie/miniconda3/targets/x86_64-linux/lib/stubs' '-v' '-o' 'cmTC_66fda' '-shared-libgcc' '-dumpdir' 'cmTC_66fda.'
 /usr/lib/gcc/x86_64-linux-gnu/11/collect2 -plugin /usr/lib/gcc/x86_64-linux-gnu/11/liblto_plugin.so -plugin-opt=/usr/lib/gcc/x86_64-linux-gnu/11/lto-wrapper -plugin-opt=-fresolution=/tmp/cckU6CcG.res -plugin-opt=-pass-through=-lgcc_s -plugin-opt=-pass-through=-lgcc -plugin-opt=-pass-through=-lc -plugin-opt=-pass-through=-lgcc_s -plugin-opt=-pass-through=-lgcc --build-id --eh-frame-hdr -m elf_x86_64 --hash-style=gnu --as-needed -dynamic-linker /lib64/ld-linux-x86-64.so.2 -pie -z now -z relro -o cmTC_66fda /usr/lib/gcc/x86_64-linux-gnu/11/../../../x86_64-linux-gnu/Scrt1.o /usr/lib/gcc/x86_64-linux-gnu/11/../../../x86_64-linux-gnu/crti.o /usr/lib/gcc/x86_64-linux-gnu/11/crtbeginS.o -L/home/sophie/miniconda3/targets/x86_64-linux/lib -L/home/sophie/miniconda3/targets/x86_64-linux/lib/stubs -L/home/sophie/miniconda3/lib -L/home/sophie/miniconda3/targets/x86_64-linux/lib -L/home/sophie/miniconda3/targets/x86_64-linux/lib/stubs -L/usr/lib/gcc/x86_64-linux-gnu/11 -L/usr/lib/gcc/x86_64-linux-gnu/11/../../../x86_64-linux-gnu -L/usr/lib/gcc/x86_64-linux-gnu/11/../../../../lib -L/lib/x86_64-linux-gnu -L/lib/../lib -L/usr/lib/x86_64-linux-gnu -L/usr/lib/../lib -L/usr/lib/gcc/x86_64-linux-gnu/11/../../.. -O2 --sort-common --as-needed -z relro -z now --disable-new-dtags --gc-sections -rpath /home/sophie/miniconda3/lib -rpath-link /home/sophie/miniconda3/lib CMakeFiles/cmTC_66fda.dir/CMakeCXXCompilerABI.cpp.o -lstdc++ -lm -lgcc_s -lgcc -lc -lgcc_s -lgcc /usr/lib/gcc/x86_64-linux-gnu/11/crtendS.o /usr/lib/gcc/x86_64-linux-gnu/11/../../../x86_64-linux-gnu/crtn.o
COLLECT_GCC_OPTIONS='-fvisibility-inlines-hidden' '-fmessage-length=0' '-march=nocona' '-mtune=haswell' '-ftree-vectorize' '-fPIC' '-fstack-protector-strong' '-fno-plt' '-O2' '-ffunction-sections' '-pipe' '-isystem' '/home/sophie/miniconda3/include' '-I' '/home/sophie/miniconda3/targets/x86_64-linux/include' '-L/home/sophie/miniconda3/targets/x86_64-linux/lib' '-L/home/sophie/miniconda3/targets/x86_64-linux/lib/stubs' '-L/home/sophie/miniconda3/lib' '-L/home/sophie/miniconda3/targets/x86_64-linux/lib' '-L/home/sophie/miniconda3/targets/x86_64-linux/lib/stubs' '-v' '-o' 'cmTC_66fda' '-shared-libgcc' '-dumpdir' 'cmTC_66fda.'
gmake[1]: Leaving directory '/home/sophie/isaac_lab/isaac_ws/rl_code/soarm100sim/ros2/build/soarm100_interfaces/CMakeFiles/CMakeTmp'



Parsed CXX implicit include dir info from above output: rv=done
  found start of include info
  found start of implicit include info
    add: [/home/sophie/miniconda3/targets/x86_64-linux/include]
    add: [/home/sophie/miniconda3/include]
    add: [/usr/include/c++/11]
    add: [/usr/include/x86_64-linux-gnu/c++/11]
    add: [/usr/include/c++/11/backward]
    add: [/usr/lib/gcc/x86_64-linux-gnu/11/include]
    add: [/usr/local/include]
    add: [/usr/include/x86_64-linux-gnu]
    add: [/usr/include]
  end of search list found
  collapse include dir [/home/sophie/miniconda3/targets/x86_64-linux/include] ==> [/home/sophie/miniconda3/targets/x86_64-linux/include]
  collapse include dir [/home/sophie/miniconda3/include] ==> [/home/sophie/miniconda3/include]
  collapse include dir [/usr/include/c++/11] ==> [/usr/include/c++/11]
  collapse include dir [/usr/include/x86_64-linux-gnu/c++/11] ==> [/usr/include/x86_64-linux-gnu/c++/11]
  collapse include dir [/usr/include/c++/11/backward] ==> [/usr/include/c++/11/backward]
  collapse include dir [/usr/lib/gcc/x86_64-linux-gnu/11/include] ==> [/usr/lib/gcc/x86_64-linux-gnu/11/include]
  collapse include dir [/usr/local/include] ==> [/usr/local/include]
  collapse include dir [/usr/include/x86_64-linux-gnu] ==> [/usr/include/x86_64-linux-gnu]
  collapse include dir [/usr/include] ==> [/usr/include]
  implicit include dirs: [/home/sophie/miniconda3/targets/x86_64-linux/include;/home/sophie/miniconda3/include;/usr/include/c++/11;/usr/include/x86_64-linux-gnu/c++/11;/usr/include/c++/11/backward;/usr/lib/gcc/x86_64-linux-gnu/11/include;/usr/local/include;/usr/include/x86_64-linux-gnu;/usr/include]


Parsed CXX implicit link information from above output:
  link line regex: [^( *|.*[/\])(ld|CMAKE_LINK_STARTFILE-NOTFOUND|([^/\]+-)?ld|collect2)[^/\]*( |$)]
  ignore line: [Change Dir: /home/sophie/isaac_lab/isaac_ws/rl_code/soarm100sim/ros2/build/soarm100_interfaces/CMakeFiles/CMakeTmp]
  ignore line: []
  ignore line: [Run Build Command(s):/usr/bin/gmake -f Makefile cmTC_66fda/fast && /usr/bin/gmake  -f CMakeFiles/cmTC_66fda.dir/build.make CMakeFiles/cmTC_66fda.dir/build]
  ignore line: [gmake[1]: Entering directory '/home/sophie/isaac_lab/isaac_ws/rl_code/soarm100sim/ros2/build/soarm100_interfaces/CMakeFiles/CMakeTmp']
  ignore line: [Building CXX object CMakeFiles/cmTC_66fda.dir/CMakeCXXCompilerABI.cpp.o]
  ignore line: [/usr/bin/c++   -fvisibility-inlines-hidden -fmessage-length=0 -march=nocona -mtune=haswell -ftree-vectorize -fPIC -fstack-protector-strong -fno-plt -O2 -ffunction-sections -pipe -isystem /home/sophie/miniconda3/include  -I/home/sophie/miniconda3/targets/x86_64-linux/include  -L/home/sophie/miniconda3/targets/x86_64-linux/lib -L/home/sophie/miniconda3/targets/x86_64-linux/lib/stubs    -v -o CMakeFiles/cmTC_66fda.dir/CMakeCXXCompilerABI.cpp.o -c /usr/share/cmake-3.22/Modules/CMakeCXXCompilerABI.cpp]
  ignore line: [Using built-in specs.]
  ignore line: [COLLECT_GCC=/usr/bin/c++]
  ignore line: [OFFLOAD_TARGET_NAMES=nvptx-none:amdgcn-amdhsa]
  ignore line: [OFFLOAD_TARGET_DEFAULT=1]
  ignore line: [Target: x86_64-linux-gnu]
  ignore line: [Configured with: ../src/configure -v --with-pkgversion='Ubuntu 11.4.0-1ubuntu1~22.04.3' --with-bugurl=file:///usr/share/doc/gcc-11/README.Bugs --enable-languages=c ada c++ go brig d fortran objc obj-c++ m2 --prefix=/usr --with-gcc-major-version-only --program-suffix=-11 --program-prefix=x86_64-linux-gnu- --enable-shared --enable-linker-build-id --libexecdir=/usr/lib --without-included-gettext --enable-threads=posix --libdir=/usr/lib --enable-nls --enable-bootstrap --enable-clocale=gnu --enable-libstdcxx-debug --enable-libstdcxx-time=yes --with-default-libstdcxx-abi=new --enable-gnu-unique-object --disable-vtable-verify --enable-plugin --enable-default-pie --with-system-zlib --enable-libphobos-checking=release --with-target-system-zlib=auto --enable-objc-gc=auto --enable-multiarch --disable-werror --enable-cet --with-arch-32=i686 --with-abi=m64 --with-multilib-list=m32 m64 mx32 --enable-multilib --with-tune=generic --enable-offload-targets=nvptx-none=/build/gcc-11-0odw26/gcc-11-11.4.0/debian/tmp-nvptx/usr amdgcn-amdhsa=/build/gcc-11-0odw26/gcc-11-11.4.0/debian/tmp-gcn/usr --without-cuda-driver --enable-checking=release --build=x86_64-linux-gnu --host=x86_64-linux-gnu --target=x86_64-linux-gnu --with-build-config=bootstrap-lto-lean --enable-link-serialization=2]
  ignore line: [Thread model: posix]
  ignore line: [Supported LTO compression algorithms: zlib zstd]
  ignore line: [gcc version 11.4.0 (Ubuntu 11.4.0-1ubuntu1~22.04.3) ]
  ignore line: [COLLECT_GCC_OPTIONS='-fvisibility-inlines-hidden' '-fmessage-length=0' '-march=nocona' '-mtune=haswell' '-ftree-vectorize' '-fPIC' '-fstack-protector-strong' '-fno-plt' '-O2' '-ffunction-sections' '-pipe' '-isystem' '/home/sophie/miniconda3/include' '-I' '/home/sophie/miniconda3/targets/x86_64-linux/include' '-L/home/sophie/miniconda3/targets/x86_64-linux/lib' '-L/home/sophie/miniconda3/targets/x86_64-linux/lib/stubs' '-v' '-o' 'CMakeFiles/cmTC_66fda.dir/CMakeCXXCompilerABI.cpp.o' '-c' '-shared-libgcc' '-dumpdir' 'CMakeFiles/cmTC_66fda.dir/']
  ignore line: [ /usr/lib/gcc/x86_64-linux-gnu/11/cc1plus -quiet -v -I /home/sophie/miniconda3/targets/x86_64-linux/include -imultiarch x86_64-linux-gnu -D_GNU_SOURCE -isystem /home/sophie/miniconda3/include /usr/share/cmake-3.22/Modules/CMakeCXXCompilerABI.cpp -quiet -dumpdir CMakeFiles/cmTC_66fda.dir/ -dumpbase CMakeCXXCompilerABI.cpp.cpp -dumpbase-ext .cpp -march=nocona -mtune=haswell -O2 -version -fvisibility-inlines-hidden -fmessage-length=0 -ftree-vectorize -fPIC -fstack-protector-strong -fno-plt -ffunction-sections -fasynchronous-unwind-tables -fstack-protector-strong -Wformat -Wformat-security -fstack-clash-protection -fcf-protection -o - |]
  ignore line: [ as -v -I /home/sophie/miniconda3/targets/x86_64-linux/include --64 -o CMakeFiles/cmTC_66fda.dir/CMakeCXXCompilerABI.cpp.o]
  ignore line: [GNU assembler version 2.38 (x86_64-linux-gnu) using BFD version (GNU Binutils for Ubuntu) 2.38]
  ignore line: [GNU C++17 (Ubuntu 11.4.0-1ubuntu1~22.04.3) version 11.4.0 (x86_64-linux-gnu)]
  ignore line: [	compiled by GNU C version 11.4.0  GMP version 6.2.1  MPFR version 4.1.0  MPC version 1.2.1  isl version isl-0.24-GMP]
  ignore line: []
  ignore line: [GGC heuristics: --param ggc-min-expand=100 --param ggc-min-heapsize=131072]
  ignore line: [ignoring duplicate directory "/usr/include/x86_64-linux-gnu/c++/11"]
  ignore line: [ignoring nonexistent directory "/usr/local/include/x86_64-linux-gnu"]
  ignore line: [ignoring nonexistent directory "/usr/lib/gcc/x86_64-linux-gnu/11/include-fixed"]
  ignore line: [ignoring nonexistent directory "/usr/lib/gcc/x86_64-linux-gnu/11/../../../../x86_64-linux-gnu/include"]
  ignore line: [#include "..." search starts here:]
  ignore line: [#include <...> search starts here:]
  ignore line: [ /home/sophie/miniconda3/targets/x86_64-linux/include]
  ignore line: [ /home/sophie/miniconda3/include]
  ignore line: [ /usr/include/c++/11]
  ignore line: [ /usr/include/x86_64-linux-gnu/c++/11]
  ignore line: [ /usr/include/c++/11/backward]
  ignore line: [ /usr/lib/gcc/x86_64-linux-gnu/11/include]
  ignore line: [ /usr/local/include]
  ignore line: [ /usr/include/x86_64-linux-gnu]
  ignore line: [ /usr/include]
  ignore line: [End of search list.]
  ignore line: [GNU C++17 (Ubuntu 11.4.0-1ubuntu1~22.04.3) version 11.4.0 (x86_64-linux-gnu)]
  ignore line: [	compiled by GNU C version 11.4.0  GMP version 6.2.1  MPFR version 4.1.0  MPC version 1.2.1  isl version isl-0.24-GMP]
  ignore line: []
  ignore line: [GGC heuristics: --param ggc-min-expand=100 --param ggc-min-heapsize=131072]
  ignore line: [Compiler executable checksum: ac7fa628ee459f217e6fdb88b3db0bde]
  ignore line: [COMPILER_PATH=/usr/lib/gcc/x86_64-linux-gnu/11/:/usr/lib/gcc/x86_64-linux-gnu/11/:/usr/lib/gcc/x86_64-linux-gnu/:/usr/lib/gcc/x86_64-linux-gnu/11/:/usr/lib/gcc/x86_64-linux-gnu/]
  ignore line: [LIBRARY_PATH=/usr/lib/gcc/x86_64-linux-gnu/11/:/usr/lib/gcc/x86_64-linux-gnu/11/../../../x86_64-linux-gnu/:/usr/lib/gcc/x86_64-linux-gnu/11/../../../../lib/:/lib/x86_64-linux-gnu/:/lib/../lib/:/usr/lib/x86_64-linux-gnu/:/usr/lib/../lib/:/usr/lib/gcc/x86_64-linux-gnu/11/../../../:/lib/:/usr/lib/]
  ignore line: [COLLECT_GCC_OPTIONS='-fvisibility-inlines-hidden' '-fmessage-length=0' '-march=nocona' '-mtune=haswell' '-ftree-vectorize' '-fPIC' '-fstack-protector-strong' '-fno-plt' '-O2' '-ffunction-sections' '-pipe' '-isystem' '/home/sophie/miniconda3/include' '-I' '/home/sophie/miniconda3/targets/x86_64-linux/include' '-L/home/sophie/miniconda3/targets/x86_64-linux/lib' '-L/home/sophie/miniconda3/targets/x86_64-linux/lib/stubs' '-v' '-o' 'CMakeFiles/cmTC_66fda.dir/CMakeCXXCompilerABI.cpp.o' '-c' '-shared-libgcc' '-dumpdir' 'CMakeFiles/cmTC_66fda.dir/CMakeCXXCompilerABI.cpp.']
  ignore line: [Linking CXX executable cmTC_66fda]
  ignore line: [/usr/bin/cmake -E cmake_link_script CMakeFiles/cmTC_66fda.dir/link.txt --verbose=1]
  ignore line: [/usr/bin/c++ -fvisibility-inlines-hidden -fmessage-length=0 -march=nocona -mtune=haswell -ftree-vectorize -fPIC -fstack-protector-strong -fno-plt -O2 -ffunction-sections -pipe -isystem /home/sophie/miniconda3/include  -I/home/sophie/miniconda3/targets/x86_64-linux/include  -L/home/sophie/miniconda3/targets/x86_64-linux/lib -L/home/sophie/miniconda3/targets/x86_64-linux/lib/stubs  -Wl -O2 -Wl --sort-common -Wl --as-needed -Wl -z relro -Wl -z now -Wl --disable-new-dtags -Wl --gc-sections -Wl -rpath /home/sophie/miniconda3/lib -Wl -rpath-link /home/sophie/miniconda3/lib -L/home/sophie/miniconda3/lib  -L/home/sophie/miniconda3/targets/x86_64-linux/lib -L/home/sophie/miniconda3/targets/x86_64-linux/lib/stubs -v CMakeFiles/cmTC_66fda.dir/CMakeCXXCompilerABI.cpp.o -o cmTC_66fda ]
  ignore line: [Using built-in specs.]
  ignore line: [COLLECT_GCC=/usr/bin/c++]
  ignore line: [COLLECT_LTO_WRAPPER=/usr/lib/gcc/x86_64-linux-gnu/11/lto-wrapper]
  ignore line: [OFFLOAD_TARGET_NAMES=nvptx-none:amdgcn-amdhsa]
  ignore line: [OFFLOAD_TARGET_DEFAULT=1]
  ignore line: [Target: x86_64-linux-gnu]
  ignore line: [Configured with: ../src/configure -v --with-pkgversion='Ubuntu 11.4.0-1ubuntu1~22.04.3' --with-bugurl=file:///usr/share/doc/gcc-11/README.Bugs --enable-languages=c ada c++ go brig d fortran objc obj-c++ m2 --prefix=/usr --with-gcc-major-version-only --program-suffix=-11 --program-prefix=x86_64-linux-gnu- --enable-shared --enable-linker-build-id --libexecdir=/usr/lib --without-included-gettext --enable-threads=posix --libdir=/usr/lib --enable-nls --enable-bootstrap --enable-clocale=gnu --enable-libstdcxx-debug --enable-libstdcxx-time=yes --with-default-libstdcxx-abi=new --enable-gnu-unique-object --disable-vtable-verify --enable-plugin --enable-default-pie --with-system-zlib --enable-libphobos-checking=release --with-target-system-zlib=auto --enable-objc-gc=auto --enable-multiarch --disable-werror --enable-cet --with-arch-32=i686 --with-abi=m64 --with-multilib-list=m32 m64 mx32 --enable-multilib --with-tune=generic --enable-offload-targets=nvptx-none=/build/gcc-11-0odw26/gcc-11-11.4.0/debian/tmp-nvptx/usr amdgcn-amdhsa=/build/gcc-11-0odw26/gcc-11-11.4.0/debian/tmp-gcn/usr --without-cuda-driver --enable-checking=release --build=x86_64-linux-gnu --host=x86_64-linux-gnu --target=x86_64-linux-gnu --with-build-config=bootstrap-lto-lean --enable-link-serialization=2]
  ignore line: [Thread model: posix]
  ignore line: [Supported LTO compression algorithms: zlib zstd]
  ignore line: [gcc version 11.4.0 (Ubuntu 11.4.0-1ubuntu1~22.04.3) ]
  ignore line: [COMPILER_PATH=/usr/lib/gcc/x86_64-linux-gnu/11/:/usr/lib/gcc/x86_64-linux-gnu/11/:/usr/lib/gcc/x86_64-linux-gnu/:/usr/lib/gcc/x86_64-linux-gnu/11/:/usr/lib/gcc/x86_64-linux-gnu/]
  ignore line: [LIBRARY_PATH=/usr/lib/gcc/x86_64-linux-gnu/11/:/usr/lib/gcc/x86_64-linux-gnu/11/../../../x86_64-linux-gnu/:/usr/lib/gcc/x86_64-linux-gnu/11/../../../../lib/:/lib/x86_64-linux-gnu/:/lib/../lib/:/usr/lib/x86_64-linux-gnu/:/usr/lib/../lib/:/usr/lib/gcc/x86_64-linux-gnu/11/../../../:/lib/:/usr/lib/]
  ignore line: [COLLECT_GCC_OPTIONS='-fvisibility-inlines-hidden' '-fmessage-length=0' '-march=nocona' '-mtune=haswell' '-ftree-vectorize' '-fPIC' '-fstack-protector-strong' '-fno-plt' '-O2' '-ffunction-sections' '-pipe' '-isystem' '/home/sophie/miniconda3/include' '-I' '/home/sophie/miniconda3/targets/x86_64-linux/include' '-L/home/sophie/miniconda3/targets/x86_64-linux/lib' '-L/home/sophie/miniconda3/targets/x86_64-linux/lib/stubs' '-L/home/sophie/miniconda3/lib' '-L/home/sophie/miniconda3/targets/x86_64-linux/lib' '-L/home/sophie/miniconda3/targets/x86_64-linux/lib/stubs' '-v' '-o' 'cmTC_66fda' '-shared-libgcc' '-dumpdir' 'cmTC_66fda.']
  link line: [ /usr/lib/gcc/x86_64-linux-gnu/11/collect2 -plugin /usr/lib/gcc/x86_64-linux-gnu/11/liblto_plugin.so -plugin-opt=/usr/lib/gcc/x86_64-linux-gnu/11/lto-wrapper -plugin-opt=-fresolution=/tmp/cckU6CcG.res -plugin-opt=-pass-through=-lgcc_s -plugin-opt=-pass-through=-lgcc -plugin-opt=-pass-through=-lc -plugin-opt=-pass-through=-lgcc_s -plugin-opt=-pass-through=-lgcc --build-id --eh-frame-hdr -m elf_x86_64 --hash-style=gnu --as-needed -dynamic-linker /lib64/ld-linux-x86-64.so.2 -pie -z now -z relro -o cmTC_66fda /usr/lib/gcc/x86_64-linux-gnu/11/../../../x86_64-linux-gnu/Scrt1.o /usr/lib/gcc/x86_64-linux-gnu/11/../../../x86_64-linux-gnu/crti.o /usr/lib/gcc/x86_64-linux-gnu/11/crtbeginS.o -L/home/sophie/miniconda3/targets/x86_64-linux/lib -L/home/sophie/miniconda3/targets/x86_64-linux/lib/stubs -L/home/sophie/miniconda3/lib -L/home/sophie/miniconda3/targets/x86_64-linux/lib -L/home/sophie/miniconda3/targets/x86_64-linux/lib/stubs -L/usr/lib/gcc/x86_64-linux-gnu/11 -L/usr/lib/gcc/x86_64-linux-gnu/11/../../../x86_64-linux-gnu -L/usr/lib/gcc/x86_64-linux-gnu/11/../../../../lib -L/lib/x86_64-linux-gnu -L/lib/../lib -L/usr/lib/x86_64-linux-gnu -L/usr/lib/../lib -L/usr/lib/gcc/x86_64-linux-gnu/11/../../.. -O2 --sort-common --as-needed -z relro -z now --disable-new-dtags --gc-sections -rpath /home/sophie/miniconda3/lib -rpath-link /home/sophie/miniconda3/lib CMakeFiles/cmTC_66fda.dir/CMakeCXXCompilerABI.cpp.o -lstdc++ -lm -lgcc_s -lgcc -lc -lgcc_s -lgcc /usr/lib/gcc/x86_64-linux-gnu/11/crtendS.o /usr/lib/gcc/x86_64-linux-gnu/11/../../../x86_64-linux-gnu/crtn.o]
    arg [/usr/lib/gcc/x86_64-linux-gnu/11/collect2] ==> ignore
    arg [-plugin] ==> ignore
    arg [/usr/lib/gcc/x86_64-linux-gnu/11/liblto_plugin.so] ==> ignore
    arg [-plugin-opt=/usr/lib/gcc/x86_64-linux-gnu/11/lto-wrapper] ==> ignore
    arg [-plugin-opt=-fresolution=/tmp/cckU6CcG.res] ==> ignore
    arg [-plugin-opt=-pass-through=-lgcc_s] ==> ignore
    arg [-plugin-opt=-pass-through=-lgcc] ==> ignore
    arg [-plugin-opt=-pass-through=-lc] ==> ignore
    arg [-plugin-opt=-pass-through=-lgcc_s] ==> ignore
    arg [-plugin-opt=-pass-through=-lgcc] ==> ignore
    arg [--build-id] ==> ignore
    arg [--eh-frame-hdr] ==> ignore
    arg [-m] ==> ignore
    arg [elf_x86_64] ==> ignore
    arg [--hash-style=gnu] ==> ignore
    arg [--as-needed] ==> ignore
    arg [-dynamic-linker] ==> ignore
    arg [/lib64/ld-linux-x86-64.so.2] ==> ignore
    arg [-pie] ==> ignore
    arg [-znow] ==> ignore
    arg [-zrelro] ==> ignore
    arg [-o] ==> ignore
    arg [cmTC_66fda] ==> ignore
    arg [/usr/lib/gcc/x86_64-linux-gnu/11/../../../x86_64-linux-gnu/Scrt1.o] ==> obj [/usr/lib/gcc/x86_64-linux-gnu/11/../../../x86_64-linux-gnu/Scrt1.o]
    arg [/usr/lib/gcc/x86_64-linux-gnu/11/../../../x86_64-linux-gnu/crti.o] ==> obj [/usr/lib/gcc/x86_64-linux-gnu/11/../../../x86_64-linux-gnu/crti.o]
    arg [/usr/lib/gcc/x86_64-linux-gnu/11/crtbeginS.o] ==> obj [/usr/lib/gcc/x86_64-linux-gnu/11/crtbeginS.o]
    arg [-L/home/sophie/miniconda3/targets/x86_64-linux/lib] ==> dir [/home/sophie/miniconda3/targets/x86_64-linux/lib]
    arg [-L/home/sophie/miniconda3/targets/x86_64-linux/lib/stubs] ==> dir [/home/sophie/miniconda3/targets/x86_64-linux/lib/stubs]
    arg [-L/home/sophie/miniconda3/lib] ==> dir [/home/sophie/miniconda3/lib]
    arg [-L/home/sophie/miniconda3/targets/x86_64-linux/lib] ==> dir [/home/sophie/miniconda3/targets/x86_64-linux/lib]
    arg [-L/home/sophie/miniconda3/targets/x86_64-linux/lib/stubs] ==> dir [/home/sophie/miniconda3/targets/x86_64-linux/lib/stubs]
    arg [-L/usr/lib/gcc/x86_64-linux-gnu/11] ==> dir [/usr/lib/gcc/x86_64-linux-gnu/11]
    arg [-L/usr/lib/gcc/x86_64-linux-gnu/11/../../../x86_64-linux-gnu] ==> dir [/usr/lib/gcc/x86_64-linux-gnu/11/../../../x86_64-linux-gnu]
    arg [-L/usr/lib/gcc/x86_64-linux-gnu/11/../../../../lib] ==> dir [/usr/lib/gcc/x86_64-linux-gnu/11/../../../../lib]
    arg [-L/lib/x86_64-linux-gnu] ==> dir [/lib/x86_64-linux-gnu]
    arg [-L/lib/../lib] ==> dir [/lib/../lib]
    arg [-L/usr/lib/x86_64-linux-gnu] ==> dir [/usr/lib/x86_64-linux-gnu]
    arg [-L/usr/lib/../lib] ==> dir [/usr/lib/../lib]
    arg [-L/usr/lib/gcc/x86_64-linux-gnu/11/../../..] ==> dir [/usr/lib/gcc/x86_64-linux-gnu/11/../../..]
    arg [-O2] ==> ignore
    arg [--sort-common] ==> ignore
    arg [--as-needed] ==> ignore
    arg [-zrelro] ==> ignore
    arg [-znow] ==> ignore
    arg [--disable-new-dtags] ==> ignore
    arg [--gc-sections] ==> ignore
    arg [-rpath] ==> ignore
    arg [/home/sophie/miniconda3/lib] ==> ignore
    arg [-rpath-link] ==> ignore
    arg [/home/sophie/miniconda3/lib] ==> ignore
    arg [CMakeFiles/cmTC_66fda.dir/CMakeCXXCompilerABI.cpp.o] ==> ignore
    arg [-lstdc++] ==> lib [stdc++]
    arg [-lm] ==> lib [m]
    arg [-lgcc_s] ==> lib [gcc_s]
    arg [-lgcc] ==> lib [gcc]
    arg [-lc] ==> lib [c]
    arg [-lgcc_s] ==> lib [gcc_s]
    arg [-lgcc] ==> lib [gcc]
    arg [/usr/lib/gcc/x86_64-linux-gnu/11/crtendS.o] ==> obj [/usr/lib/gcc/x86_64-linux-gnu/11/crtendS.o]
    arg [/usr/lib/gcc/x86_64-linux-gnu/11/../../../x86_64-linux-gnu/crtn.o] ==> obj [/usr/lib/gcc/x86_64-linux-gnu/11/../../../x86_64-linux-gnu/crtn.o]
  collapse obj [/usr/lib/gcc/x86_64-linux-gnu/11/../../../x86_64-linux-gnu/Scrt1.o] ==> [/usr/lib/x86_64-linux-gnu/Scrt1.o]
  collapse obj [/usr/lib/gcc/x86_64-linux-gnu/11/../../../x86_64-linux-gnu/crti.o] ==> [/usr/lib/x86_64-linux-gnu/crti.o]
  collapse obj [/usr/lib/gcc/x86_64-linux-gnu/11/../../../x86_64-linux-gnu/crtn.o] ==> [/usr/lib/x86_64-linux-gnu/crtn.o]
  collapse library dir [/home/sophie/miniconda3/targets/x86_64-linux/lib] ==> [/home/sophie/miniconda3/targets/x86_64-linux/lib]
  collapse library dir [/home/sophie/miniconda3/targets/x86_64-linux/lib/stubs] ==> [/home/sophie/miniconda3/targets/x86_64-linux/lib/stubs]
  collapse library dir [/home/sophie/miniconda3/lib] ==> [/home/sophie/miniconda3/lib]
  collapse library dir [/home/sophie/miniconda3/targets/x86_64-linux/lib] ==> [/home/sophie/miniconda3/targets/x86_64-linux/lib]
  collapse library dir [/home/sophie/miniconda3/targets/x86_64-linux/lib/stubs] ==> [/home/sophie/miniconda3/targets/x86_64-linux/lib/stubs]
  collapse library dir [/usr/lib/gcc/x86_64-linux-gnu/11] ==> [/usr/lib/gcc/x86_64-linux-gnu/11]
  collapse library dir [/usr/lib/gcc/x86_64-linux-gnu/11/../../../x86_64-linux-gnu] ==> [/usr/lib/x86_64-linux-gnu]
  collapse library dir [/usr/lib/gcc/x86_64-linux-gnu/11/../../../../lib] ==> [/usr/lib]
  collapse library dir [/lib/x86_64-linux-gnu] ==> [/lib/x86_64-linux-gnu]
  collapse library dir [/lib/../lib] ==> [/lib]
  collapse library dir [/usr/lib/x86_64-linux-gnu] ==> [/usr/lib/x86_64-linux-gnu]
  collapse library dir [/usr/lib/../lib] ==> [/usr/lib]
  collapse library dir [/usr/lib/gcc/x86_64-linux-gnu/11/../../..] ==> [/usr/lib]
  implicit libs: [stdc++;m;gcc_s;gcc;c;gcc_s;gcc]
  implicit objs: [/usr/lib/x86_64-linux-gnu/Scrt1.o;/usr/lib/x86_64-linux-gnu/crti.o;/usr/lib/gcc/x86_64-linux-gnu/11/crtbeginS.o;/usr/lib/gcc/x86_64-linux-gnu/11/crtendS.o;/usr/lib/x86_64-linux-gnu/crtn.o]
  implicit dirs: [/home/sophie/miniconda3/targets/x86_64-linux/lib;/home/sophie/miniconda3/targets/x86_64-linux/lib/stubs;/home/sophie/miniconda3/lib;/usr/lib/gcc/x86_64-linux-gnu/11;/usr/lib/x86_64-linux-gnu;/usr/lib;/lib/x86_64-linux-gnu;/lib]
  implicit fwks: []


The system is: Linux - 6.8.0-106-generic - x86_64
Compiling the C compiler identification source file "CMakeCCompilerId.c" succeeded.
Compiler: /usr/bin/cc 
Build flags: 
Id flags:  

The output was:
0


Compilation of the C compiler identification source "CMakeCCompilerId.c" produced "a.out"

The C compiler identification is GNU, found in "/home/sophie/isaac_lab/isaac_ws/rl_code/soarm100sim/ros2/build/soarm100_interfaces/CMakeFiles/3.22.1/CompilerIdC/a.out"

Compiling the CXX compiler identification source file "CMakeCXXCompilerId.cpp" succeeded.
Compiler: /usr/bin/c++ 
Build flags: -fvisibility-inlines-hidden;-fmessage-length=0;-march=nocona;-mtune=haswell;-ftree-vectorize;-fPIC;-fstack-protector-strong;-fno-plt;-O2;-ffunction-sections;-pipe;-isystem;/home/sophie/miniconda3/include;;-I/home/sophie/miniconda3/targets/x86_64-linux/include;;-L/home/sophie/miniconda3/targets/x86_64-linux/lib;-L/home/sophie/miniconda3/targets/x86_64-linux/lib/stubs
Id flags:  

The output was:
0


Compilation of the CXX compiler identification source "CMakeCXXCompilerId.cpp" produced "a.out"

The CXX compiler identification is GNU, found in "/home/sophie/isaac_lab/isaac_ws/rl_code/soarm100sim/ros2/build/soarm100_interfaces/CMakeFiles/3.22.1/CompilerIdCXX/a.out"

Detecting C compiler ABI info compiled with the following output:
Change Dir: /home/sophie/isaac_lab/isaac_ws/rl_code/soarm100sim/ros2/build/soarm100_interfaces/CMakeFiles/CMakeTmp

Run Build Command(s):/usr/bin/gmake -f Makefile cmTC_b9390/fast && /usr/bin/gmake  -f CMakeFiles/cmTC_b9390.dir/build.make CMakeFiles/cmTC_b9390.dir/build
gmake[1]: Entering directory '/home/sophie/isaac_lab/isaac_ws/rl_code/soarm100sim/ros2/build/soarm100_interfaces/CMakeFiles/CMakeTmp'
Building C object CMakeFiles/cmTC_b9390.dir/CMakeCCompilerABI.c.o
/usr/bin/cc   -v -o CMakeFiles/cmTC_b9390.dir/CMakeCCompilerABI.c.o -c /usr/share/cmake-3.22/Modules/CMakeCCompilerABI.c
Using built-in specs.
COLLECT_GCC=/usr/bin/cc
OFFLOAD_TARGET_NAMES=nvptx-none:amdgcn-amdhsa
OFFLOAD_TARGET_DEFAULT=1
Target: x86_64-linux-gnu
Configured with: ../src/configure -v --with-pkgversion='Ubuntu 11.4.0-1ubuntu1~22.04.3' --with-bugurl=file:///usr/share/doc/gcc-11/README.Bugs --enable-languages=c,ada,c++,go,brig,d,fortran,objc,obj-c++,m2 --prefix=/usr --with-gcc-major-version-only --program-suffix=-11 --program-prefix=x86_64-linux-gnu- --enable-shared --enable-linker-build-id --libexecdir=/usr/lib --without-included-gettext --enable-threads=posix --libdir=/usr/lib --enable-nls --enable-bootstrap --enable-clocale=gnu --enable-libstdcxx-debug --enable-libstdcxx-time=yes --with-default-libstdcxx-abi=new --enable-gnu-unique-object --disable-vtable-verify --enable-plugin --enable-default-pie --with-system-zlib --enable-libphobos-checking=release --with-target-system-zlib=auto --enable-objc-gc=auto --enable-multiarch --disable-werror --enable-cet --with-arch-32=i686 --with-abi=m64 --with-multilib-list=m32,m64,mx32 --enable-multilib --with-tune=generic --enable-offload-targets=nvptx-none=/build/gcc-11-0odw26/gcc-11-11.4.0/debian/tmp-nvptx/usr,amdgcn-amdhsa=/build/gcc-11-0odw26/gcc-11-11.4.0/debian/tmp-gcn/usr --without-cuda-driver --enable-checking=release --build=x86_64-linux-gnu --host=x86_64-linux-gnu --target=x86_64-linux-gnu --with-build-config=bootstrap-lto-lean --enable-link-serialization=2
Thread model: posix
Supported LTO compression algorithms: zlib zstd
gcc version 11.4.0 (Ubuntu 11.4.0-1ubuntu1~22.04.3) 
COLLECT_GCC_OPTIONS='-v' '-o' 'CMakeFiles/cmTC_b9390.dir/CMakeCCompilerABI.c.o' '-c' '-mtune=generic' '-march=x86-64' '-dumpdir' 'CMakeFiles/cmTC_b9390.dir/'
 /usr/lib/gcc/x86_64-linux-gnu/11/cc1 -quiet -v -imultiarch x86_64-linux-gnu /usr/share/cmake-3.22/Modules/CMakeCCompilerABI.c -quiet -dumpdir CMakeFiles/cmTC_b9390.dir/ -dumpbase CMakeCCompilerABI.c.c -dumpbase-ext .c -mtune=generic -march=x86-64 -version -fasynchronous-unwind-tables -fstack-protector-strong -Wformat -Wformat-security -fstack-clash-protection -fcf-protection -o /tmp/cciRKs2H.s
GNU C17 (Ubuntu 11.4.0-1ubuntu1~22.04.3) version 11.4.0 (x86_64-linux-gnu)
	compiled by GNU C version 11.4.0, GMP version 6.2.1, MPFR version 4.1.0, MPC version 1.2.1, isl version isl-0.24-GMP

GGC heuristics: --param ggc-min-expand=100 --param ggc-min-heapsize=131072
ignoring nonexistent directory "/usr/local/include/x86_64-linux-gnu"
ignoring nonexistent directory "/usr/lib/gcc/x86_64-linux-gnu/11/include-fixed"
ignoring nonexistent directory "/usr/lib/gcc/x86_64-linux-gnu/11/../../../../x86_64-linux-gnu/include"
#include "..." search starts here:
#include <...> search starts here:
 /usr/lib/gcc/x86_64-linux-gnu/11/include
 /usr/local/include
 /usr/include/x86_64-linux-gnu
 /usr/include
End of search list.
GNU C17 (Ubuntu 11.4.0-1ubuntu1~22.04.3) version 11.4.0 (x86_64-linux-gnu)
	compiled by GNU C version 11.4.0, GMP version 6.2.1, MPFR version 4.1.0, MPC version 1.2.1, isl version isl-0.24-GMP

GGC heuristics: --param ggc-min-expand=100 --param ggc-min-heapsize=131072
Compiler executable checksum: 46ebede1f5b795a957a1e85cb61af9d8
COLLECT_GCC_OPTIONS='-v' '-o' 'CMakeFiles/cmTC_b9390.dir/CMakeCCompilerABI.c.o' '-c' '-mtune=generic' '-march=x86-64' '-dumpdir' 'CMakeFiles/cmTC_b9390.dir/'
 as -v --64 -o CMakeFiles/cmTC_b9390.dir/CMakeCCompilerABI.c.o /tmp/cciRKs2H.s
GNU assembler version 2.38 (x86_64-linux-gnu) using BFD version (GNU Binutils for Ubuntu) 2.38
COMPILER_PATH=/usr/lib/gcc/x86_64-linux-gnu/11/:/usr/lib/gcc/x86_64-linux-gnu/11/:/usr/lib/gcc/x86_64-linux-gnu/:/usr/lib/gcc/x86_64-linux-gnu/11/:/usr/lib/gcc/x86_64-linux-gnu/
LIBRARY_PATH=/usr/lib/gcc/x86_64-linux-gnu/11/:/usr/lib/gcc/x86_64-linux-gnu/11/../../../x86_64-linux-gnu/:/usr/lib/gcc/x86_64-linux-gnu/11/../../../../lib/:/lib/x86_64-linux-gnu/:/lib/../lib/:/usr/lib/x86_64-linux-gnu/:/usr/lib/../lib/:/usr/lib/gcc/x86_64-linux-gnu/11/../../../:/lib/:/usr/lib/
COLLECT_GCC_OPTIONS='-v' '-o' 'CMakeFiles/cmTC_b9390.dir/CMakeCCompilerABI.c.o' '-c' '-mtune=generic' '-march=x86-64' '-dumpdir' 'CMakeFiles/cmTC_b9390.dir/CMakeCCompilerABI.c.'
Linking C executable cmTC_b9390
/usr/bin/cmake -E cmake_link_script CMakeFiles/cmTC_b9390.dir/link.txt --verbose=1
/usr/bin/cc -Wl,-O2 -Wl,--sort-common -Wl,--as-needed -Wl,-z,relro -Wl,-z,now -Wl,--disable-new-dtags -Wl,--gc-sections -Wl,-rpath,/home/sophie/miniconda3/lib -Wl,-rpath-link,/home/sophie/miniconda3/lib -L/home/sophie/miniconda3/lib  -L/home/sophie/miniconda3/targets/x86_64-linux/lib -L/home/sophie/miniconda3/targets/x86_64-linux/lib/stubs -v CMakeFiles/cmTC_b9390.dir/CMakeCCompilerABI.c.o -o cmTC_b9390 
Using built-in specs.
COLLECT_GCC=/usr/bin/cc
COLLECT_LTO_WRAPPER=/usr/lib/gcc/x86_64-linux-gnu/11/lto-wrapper
OFFLOAD_TARGET_NAMES=nvptx-none:amdgcn-amdhsa
OFFLOAD_TARGET_DEFAULT=1
Target: x86_64-linux-gnu
Configured with: ../src/configure -v --with-pkgversion='Ubuntu 11.4.0-1ubuntu1~22.04.3' --with-bugurl=file:///usr/share/doc/gcc-11/README.Bugs --enable-languages=c,ada,c++,go,brig,d,fortran,objc,obj-c++,m2 --prefix=/usr --with-gcc-major-version-only --program-suffix=-11 --program-prefix=x86_64-linux-gnu- --enable-shared --enable-linker-build-id --libexecdir=/usr/lib --without-included-gettext --enable-threads=posix --libdir=/usr/lib --enable-nls --enable-bootstrap --enable-clocale=gnu --enable-libstdcxx-debug --enable-libstdcxx-time=yes --with-default-libstdcxx-abi=new --enable-gnu-unique-object --disable-vtable-verify --enable-plugin --enable-default-pie --with-system-zlib --enable-libphobos-checking=release --with-target-system-zlib=auto --enable-objc-gc=auto --enable-multiarch --disable-werror --enable-cet --with-arch-32=i686 --with-abi=m64 --with-multilib-list=m32,m64,mx32 --enable-multilib --with-tune=generic --enable-offload-targets=nvptx-none=/build/gcc-11-0odw26/gcc-11-11.4.0/debian/tmp-nvptx/usr,amdgcn-amdhsa=/build/gcc-11-0odw26/gcc-11-11.4.0/debian/tmp-gcn/usr --without-cuda-driver --enable-checking=release --build=x86_64-linux-gnu --host=x86_64-linux-gnu --target=x86_64-linux-gnu --with-build-config=bootstrap-lto-lean --enable-link-serialization=2
Thread model: posix
Supported LTO compression algorithms: zlib zstd
gcc version 11.4.0 (Ubuntu 11.4.0-1ubuntu1~22.04.3) 
COMPILER_PATH=/usr/lib/gcc/x86_64-linux-gnu/11/:/usr/lib/gcc/x86_64-linux-gnu/11/:/usr/lib/gcc/x86_64-linux-gnu/:/usr/lib/gcc/x86_64-linux-gnu/11/:/usr/lib/gcc/x86_64-linux-gnu/
LIBRARY_PATH=/usr/lib/gcc/x86_64-linux-gnu/11/:/usr/lib/gcc/x86_64-linux-gnu/11/../../../x86_64-linux-gnu/:/usr/lib/gcc/x86_64-linux-gnu/11/../../../../lib/:/lib/x86_64-linux-gnu/:/lib/../lib/:/usr/lib/x86_64-linux-gnu/:/usr/lib/../lib/:/usr/lib/gcc/x86_64-linux-gnu/11/../../../:/lib/:/usr/lib/
COLLECT_GCC_OPTIONS='-L/home/sophie/miniconda3/lib' '-L/home/sophie/miniconda3/targets/x86_64-linux/lib' '-L/home/sophie/miniconda3/targets/x86_64-linux/lib/stubs' '-v' '-o' 'cmTC_b9390' '-mtune=generic' '-march=x86-64' '-dumpdir' 'cmTC_b9390.'
 /usr/lib/gcc/x86_64-linux-gnu/11/collect2 -plugin /usr/lib/gcc/x86_64-linux-gnu/11/liblto_plugin.so -plugin-opt=/usr/lib/gcc/x86_64-linux-gnu/11/lto-wrapper -plugin-opt=-fresolution=/tmp/ccR5heTI.res -plugin-opt=-pass-through=-lgcc -plugin-opt=-pass-through=-lgcc_s -plugin-opt=-pass-through=-lc -plugin-opt=-pass-through=-lgcc -plugin-opt=-pass-through=-lgcc_s --build-id --eh-frame-hdr -m elf_x86_64 --hash-style=gnu --as-needed -dynamic-linker /lib64/ld-linux-x86-64.so.2 -pie -z now -z relro -o cmTC_b9390 /usr/lib/gcc/x86_64-linux-gnu/11/../../../x86_64-linux-gnu/Scrt1.o /usr/lib/gcc/x86_64-linux-gnu/11/../../../x86_64-linux-gnu/crti.o /usr/lib/gcc/x86_64-linux-gnu/11/crtbeginS.o -L/home/sophie/miniconda3/lib -L/home/sophie/miniconda3/targets/x86_64-linux/lib -L/home/sophie/miniconda3/targets/x86_64-linux/lib/stubs -L/usr/lib/gcc/x86_64-linux-gnu/11 -L/usr/lib/gcc/x86_64-linux-gnu/11/../../../x86_64-linux-gnu -L/usr/lib/gcc/x86_64-linux-gnu/11/../../../../lib -L/lib/x86_64-linux-gnu -L/lib/../lib -L/usr/lib/x86_64-linux-gnu -L/usr/lib/../lib -L/usr/lib/gcc/x86_64-linux-gnu/11/../../.. -O2 --sort-common --as-needed -z relro -z now --disable-new-dtags --gc-sections -rpath /home/sophie/miniconda3/lib -rpath-link /home/sophie/miniconda3/lib CMakeFiles/cmTC_b9390.dir/CMakeCCompilerABI.c.o -lgcc --push-state --as-needed -lgcc_s --pop-state -lc -lgcc --push-state --as-needed -lgcc_s --pop-state /usr/lib/gcc/x86_64-linux-gnu/11/crtendS.o /usr/lib/gcc/x86_64-linux-gnu/11/../../../x86_64-linux-gnu/crtn.o
COLLECT_GCC_OPTIONS='-L/home/sophie/miniconda3/lib' '-L/home/sophie/miniconda3/targets/x86_64-linux/lib' '-L/home/sophie/miniconda3/targets/x86_64-linux/lib/stubs' '-v' '-o' 'cmTC_b9390' '-mtune=generic' '-march=x86-64' '-dumpdir' 'cmTC_b9390.'
gmake[1]: Leaving directory '/home/sophie/isaac_lab/isaac_ws/rl_code/soarm100sim/ros2/build/soarm100_interfaces/CMakeFiles/CMakeTmp'



Parsed C implicit include dir info from above output: rv=done
  found start of include info
  found start of implicit include info
    add: [/usr/lib/gcc/x86_64-linux-gnu/11/include]
    add: [/usr/local/include]
    add: [/usr/include/x86_64-linux-gnu]
    add: [/usr/include]
  end of search list found
  collapse include dir [/usr/lib/gcc/x86_64-linux-gnu/11/include] ==> [/usr/lib/gcc/x86_64-linux-gnu/11/include]
  collapse include dir [/usr/local/include] ==> [/usr/local/include]
  collapse include dir [/usr/include/x86_64-linux-gnu] ==> [/usr/include/x86_64-linux-gnu]
  collapse include dir [/usr/include] ==> [/usr/include]
  implicit include dirs: [/usr/lib/gcc/x86_64-linux-gnu/11/include;/usr/local/include;/usr/include/x86_64-linux-gnu;/usr/include]


Parsed C implicit link information from above output:
  link line regex: [^( *|.*[/\])(ld|CMAKE_LINK_STARTFILE-NOTFOUND|([^/\]+-)?ld|collect2)[^/\]*( |$)]
  ignore line: [Change Dir: /home/sophie/isaac_lab/isaac_ws/rl_code/soarm100sim/ros2/build/soarm100_interfaces/CMakeFiles/CMakeTmp]
  ignore line: []
  ignore line: [Run Build Command(s):/usr/bin/gmake -f Makefile cmTC_b9390/fast && /usr/bin/gmake  -f CMakeFiles/cmTC_b9390.dir/build.make CMakeFiles/cmTC_b9390.dir/build]
  ignore line: [gmake[1]: Entering directory '/home/sophie/isaac_lab/isaac_ws/rl_code/soarm100sim/ros2/build/soarm100_interfaces/CMakeFiles/CMakeTmp']
  ignore line: [Building C object CMakeFiles/cmTC_b9390.dir/CMakeCCompilerABI.c.o]
  ignore line: [/usr/bin/cc   -v -o CMakeFiles/cmTC_b9390.dir/CMakeCCompilerABI.c.o -c /usr/share/cmake-3.22/Modules/CMakeCCompilerABI.c]
  ignore line: [Using built-in specs.]
  ignore line: [COLLECT_GCC=/usr/bin/cc]
  ignore line: [OFFLOAD_TARGET_NAMES=nvptx-none:amdgcn-amdhsa]
  ignore line: [OFFLOAD_TARGET_DEFAULT=1]
  ignore line: [Target: x86_64-linux-gnu]
  ignore line: [Configured with: ../src/configure -v --with-pkgversion='Ubuntu 11.4.0-1ubuntu1~22.04.3' --with-bugurl=file:///usr/share/doc/gcc-11/README.Bugs --enable-languages=c ada c++ go brig d fortran objc obj-c++ m2 --prefix=/usr --with-gcc-major-version-only --program-suffix=-11 --program-prefix=x86_64-linux-gnu- --enable-shared --enable-linker-build-id --libexecdir=/usr/lib --without-included-gettext --enable-threads=posix --libdir=/usr/lib --enable-nls --enable-bootstrap --enable-clocale=gnu --enable-libstdcxx-debug --enable-libstdcxx-time=yes --with-default-libstdcxx-abi=new --enable-gnu-unique-object --disable-vtable-verify --enable-plugin --enable-default-pie --with-system-zlib --enable-libphobos-checking=release --with-target-system-zlib=auto --enable-objc-gc=auto --enable-multiarch --disable-werror --enable-cet --with-arch-32=i686 --with-abi=m64 --with-multilib-list=m32 m64 mx32 --enable-multilib --with-tune=generic --enable-offload-targets=nvptx-none=/build/gcc-11-0odw26/gcc-11-11.4.0/debian/tmp-nvptx/usr amdgcn-amdhsa=/build/gcc-11-0odw26/gcc-11-11.4.0/debian/tmp-gcn/usr --without-cuda-driver --enable-checking=release --build=x86_64-linux-gnu --host=x86_64-linux-gnu --target=x86_64-linux-gnu --with-build-config=bootstrap-lto-lean --enable-link-serialization=2]
  ignore line: [Thread model: posix]
  ignore line: [Supported LTO compression algorithms: zlib zstd]
  ignore line: [gcc version 11.4.0 (Ubuntu 11.4.0-1ubuntu1~22.04.3) ]
  ignore line: [COLLECT_GCC_OPTIONS='-v' '-o' 'CMakeFiles/cmTC_b9390.dir/CMakeCCompilerABI.c.o' '-c' '-mtune=generic' '-march=x86-64' '-dumpdir' 'CMakeFiles/cmTC_b9390.dir/']
  ignore line: [ /usr/lib/gcc/x86_64-linux-gnu/11/cc1 -quiet -v -imultiarch x86_64-linux-gnu /usr/share/cmake-3.22/Modules/CMakeCCompilerABI.c -quiet -dumpdir CMakeFiles/cmTC_b9390.dir/ -dumpbase CMakeCCompilerABI.c.c -dumpbase-ext .c -mtune=generic -march=x86-64 -version -fasynchronous-unwind-tables -fstack-protector-strong -Wformat -Wformat-security -fstack-clash-protection -fcf-protection -o /tmp/cciRKs2H.s]
  ignore line: [GNU C17 (Ubuntu 11.4.0-1ubuntu1~22.04.3) version 11.4.0 (x86_64-linux-gnu)]
  ignore line: [	compiled by GNU C version 11.4.0  GMP version 6.2.1  MPFR version 4.1.0  MPC version 1.2.1  isl version isl-0.24-GMP]
  ignore line: []
  ignore line: [GGC heuristics: --param ggc-min-expand=100 --param ggc-min-heapsize=131072]
  ignore line: [ignoring nonexistent directory "/usr/local/include/x86_64-linux-gnu"]
  ignore line: [ignoring nonexistent directory "/usr/lib/gcc/x86_64-linux-gnu/11/include-fixed"]
  ignore line: [ignoring nonexistent directory "/usr/lib/gcc/x86_64-linux-gnu/11/../../../../x86_64-linux-gnu/include"]
  ignore line: [#include "..." search starts here:]
  ignore line: [#include <...> search starts here:]
  ignore line: [ /usr/lib/gcc/x86_64-linux-gnu/11/include]
  ignore line: [ /usr/local/include]
  ignore line: [ /usr/include/x86_64-linux-gnu]
  ignore line: [ /usr/include]
  ignore line: [End of search list.]
  ignore line: [GNU C17 (Ubuntu 11.4.0-1ubuntu1~22.04.3) version 11.4.0 (x86_64-linux-gnu)]
  ignore line: [	compiled by GNU C version 11.4.0  GMP version 6.2.1  MPFR version 4.1.0  MPC version 1.2.1  isl version isl-0.24-GMP]
  ignore line: []
  ignore line: [GGC heuristics: --param ggc-min-expand=100 --param ggc-min-heapsize=131072]
  ignore line: [Compiler executable checksum: 46ebede1f5b795a957a1e85cb61af9d8]
  ignore line: [COLLECT_GCC_OPTIONS='-v' '-o' 'CMakeFiles/cmTC_b9390.dir/CMakeCCompilerABI.c.o' '-c' '-mtune=generic' '-march=x86-64' '-dumpdir' 'CMakeFiles/cmTC_b9390.dir/']
  ignore line: [ as -v --64 -o CMakeFiles/cmTC_b9390.dir/CMakeCCompilerABI.c.o /tmp/cciRKs2H.s]
  ignore line: [GNU assembler version 2.38 (x86_64-linux-gnu) using BFD version (GNU Binutils for Ubuntu) 2.38]
  ignore line: [COMPILER_PATH=/usr/lib/gcc/x86_64-linux-gnu/11/:/usr/lib/gcc/x86_64-linux-gnu/11/:/usr/lib/gcc/x86_64-linux-gnu/:/usr/lib/gcc/x86_64-linux-gnu/11/:/usr/lib/gcc/x86_64-linux-gnu/]
  ignore line: [LIBRARY_PATH=/usr/lib/gcc/x86_64-linux-gnu/11/:/usr/lib/gcc/x86_64-linux-gnu/11/../../../x86_64-linux-gnu/:/usr/lib/gcc/x86_64-linux-gnu/11/../../../../lib/:/lib/x86_64-linux-gnu/:/lib/../lib/:/usr/lib/x86_64-linux-gnu/:/usr/lib/../lib/:/usr/lib/gcc/x86_64-linux-gnu/11/../../../:/lib/:/usr/lib/]
  ignore line: [COLLECT_GCC_OPTIONS='-v' '-o' 'CMakeFiles/cmTC_b9390.dir/CMakeCCompilerABI.c.o' '-c' '-mtune=generic' '-march=x86-64' '-dumpdir' 'CMakeFiles/cmTC_b9390.dir/CMakeCCompilerABI.c.']
  ignore line: [Linking C executable cmTC_b9390]
  ignore line: [/usr/bin/cmake -E cmake_link_script CMakeFiles/cmTC_b9390.dir/link.txt --verbose=1]
  ignore line: [/usr/bin/cc -Wl -O2 -Wl --sort-common -Wl --as-needed -Wl -z relro -Wl -z now -Wl --disable-new-dtags -Wl --gc-sections -Wl -rpath /home/sophie/miniconda3/lib -Wl -rpath-link /home/sophie/miniconda3/lib -L/home/sophie/miniconda3/lib  -L/home/sophie/miniconda3/targets/x86_64-linux/lib -L/home/sophie/miniconda3/targets/x86_64-linux/lib/stubs -v CMakeFiles/cmTC_b9390.dir/CMakeCCompilerABI.c.o -o cmTC_b9390 ]
  ignore line: [Using built-in specs.]
  ignore line: [COLLECT_GCC=/usr/bin/cc]
  ignore line: [COLLECT_LTO_WRAPPER=/usr/lib/gcc/x86_64-linux-gnu/11/lto-wrapper]
  ignore line: [OFFLOAD_TARGET_NAMES=nvptx-none:amdgcn-amdhsa]
  ignore line: [OFFLOAD_TARGET_DEFAULT=1]
  ignore line: [Target: x86_64-linux-gnu]
  ignore line: [Configured with: ../src/configure -v --with-pkgversion='Ubuntu 11.4.0-1ubuntu1~22.04.3' --with-bugurl=file:///usr/share/doc/gcc-11/README.Bugs --enable-languages=c ada c++ go brig d fortran objc obj-c++ m2 --prefix=/usr --with-gcc-major-version-only --program-suffix=-11 --program-prefix=x86_64-linux-gnu- --enable-shared --enable-linker-build-id --libexecdir=/usr/lib --without-included-gettext --enable-threads=posix --libdir=/usr/lib --enable-nls --enable-bootstrap --enable-clocale=gnu --enable-libstdcxx-debug --enable-libstdcxx-time=yes --with-default-libstdcxx-abi=new --enable-gnu-unique-object --disable-vtable-verify --enable-plugin --enable-default-pie --with-system-zlib --enable-libphobos-checking=release --with-target-system-zlib=auto --enable-objc-gc=auto --enable-multiarch --disable-werror --enable-cet --with-arch-32=i686 --with-abi=m64 --with-multilib-list=m32 m64 mx32 --enable-multilib --with-tune=generic --enable-offload-targets=nvptx-none=/build/gcc-11-0odw26/gcc-11-11.4.0/debian/tmp-nvptx/usr amdgcn-amdhsa=/build/gcc-11-0odw26/gcc-11-11.4.0/debian/tmp-gcn/usr --without-cuda-driver --enable-checking=release --build=x86_64-linux-gnu --host=x86_64-linux-gnu --target=x86_64-linux-gnu --with-build-config=bootstrap-lto-lean --enable-link-serialization=2]
  ignore line: [Thread model: posix]
  ignore line: [Supported LTO compression algorithms: zlib zstd]
  ignore line: [gcc version 11.4.0 (Ubuntu 11.4.0-1ubuntu1~22.04.3) ]
  ignore line: [COMPILER_PATH=/usr/lib/gcc/x86_64-linux-gnu/11/:/usr/lib/gcc/x86_64-linux-gnu/11/:/usr/lib/gcc/x86_64-linux-gnu/:/usr/lib/gcc/x86_64-linux-gnu/11/:/usr/lib/gcc/x86_64-linux-gnu/]
  ignore line: [LIBRARY_PATH=/usr/lib/gcc/x86_64-linux-gnu/11/:/usr/lib/gcc/x86_64-linux-gnu/11/../../../x86_64-linux-gnu/:/usr/lib/gcc/x86_64-linux-gnu/11/../../../../lib/:/lib/x86_64-linux-gnu/:/lib/../lib/:/usr/lib/x86_64-linux-gnu/:/usr/lib/../lib/:/usr/lib/gcc/x86_64-linux-gnu/11/../../../:/lib/:/usr/lib/]
  ignore line: [COLLECT_GCC_OPTIONS='-L/home/sophie/miniconda3/lib' '-L/home/sophie/miniconda3/targets/x86_64-linux/lib' '-L/home/sophie/miniconda3/targets/x86_64-linux/lib/stubs' '-v' '-o' 'cmTC_b9390' '-mtune=generic' '-march=x86-64' '-dumpdir' 'cmTC_b9390.']
  link line: [ /usr/lib/gcc/x86_64-linux-gnu/11/collect2 -plugin /usr/lib/gcc/x86_64-linux-gnu/11/liblto_plugin.so -plugin-opt=/usr/lib/gcc/x86_64-linux-gnu/11/lto-wrapper -plugin-opt=-fresolution=/tmp/ccR5heTI.res -plugin-opt=-pass-through=-lgcc -plugin-opt=-pass-through=-lgcc_s -plugin-opt=-pass-through=-lc -plugin-opt=-pass-through=-lgcc -plugin-opt=-pass-through=-lgcc_s --build-id --eh-frame-hdr -m elf_x86_64 --hash-style=gnu --as-needed -dynamic-linker /lib64/ld-linux-x86-64.so.2 -pie -z now -z relro -o cmTC_b9390 /usr/lib/gcc/x86_64-linux-gnu/11/../../../x86_64-linux-gnu/Scrt1.o /usr/lib/gcc/x86_64-linux-gnu/11/../../../x86_64-linux-gnu/crti.o /usr/lib/gcc/x86_64-linux-gnu/11/crtbeginS.o -L/home/sophie/miniconda3/lib -L/home/sophie/miniconda3/targets/x86_64-linux/lib -L/home/sophie/miniconda3/targets/x86_64-linux/lib/stubs -L/usr/lib/gcc/x86_64-linux-gnu/11 -L/usr/lib/gcc/x86_64-linux-gnu/11/../../../x86_64-linux-gnu -L/usr/lib/gcc/x86_64-linux-gnu/11/../../../../lib -L/lib/x86_64-linux-gnu -L/lib/../lib -L/usr/lib/x86_64-linux-gnu -L/usr/lib/../lib -L/usr/lib/gcc/x86_64-linux-gnu/11/../../.. -O2 --sort-common --as-needed -z relro -z now --disable-new-dtags --gc-sections -rpath /home/sophie/miniconda3/lib -rpath-link /home/sophie/miniconda3/lib CMakeFiles/cmTC_b9390.dir/CMakeCCompilerABI.c.o -lgcc --push-state --as-needed -lgcc_s --pop-state -lc -lgcc --push-state --as-needed -lgcc_s --pop-state /usr/lib/gcc/x86_64-linux-gnu/11/crtendS.o /usr/lib/gcc/x86_64-linux-gnu/11/../../../x86_64-linux-gnu/crtn.o]
    arg [/usr/lib/gcc/x86_64-linux-gnu/11/collect2] ==> ignore
    arg [-plugin] ==> ignore
    arg [/usr/lib/gcc/x86_64-linux-gnu/11/liblto_plugin.so] ==> ignore
    arg [-plugin-opt=/usr/lib/gcc/x86_64-linux-gnu/11/lto-wrapper] ==> ignore
    arg [-plugin-opt=-fresolution=/tmp/ccR5heTI.res] ==> ignore
    arg [-plugin-opt=-pass-through=-lgcc] ==> ignore
    arg [-plugin-opt=-pass-through=-lgcc_s] ==> ignore
    arg [-plugin-opt=-pass-through=-lc] ==> ignore
    arg [-plugin-opt=-pass-through=-lgcc] ==> ignore
    arg [-plugin-opt=-pass-through=-lgcc_s] ==> ignore
    arg [--build-id] ==> ignore
    arg [--eh-frame-hdr] ==> ignore
    arg [-m] ==> ignore
    arg [elf_x86_64] ==> ignore
    arg [--hash-style=gnu] ==> ignore
    arg [--as-needed] ==> ignore
    arg [-dynamic-linker] ==> ignore
    arg [/lib64/ld-linux-x86-64.so.2] ==> ignore
    arg [-pie] ==> ignore
    arg [-znow] ==> ignore
    arg [-zrelro] ==> ignore
    arg [-o] ==> ignore
    arg [cmTC_b9390] ==> ignore
    arg [/usr/lib/gcc/x86_64-linux-gnu/11/../../../x86_64-linux-gnu/Scrt1.o] ==> obj [/usr/lib/gcc/x86_64-linux-gnu/11/../../../x86_64-linux-gnu/Scrt1.o]
    arg [/usr/lib/gcc/x86_64-linux-gnu/11/../../../x86_64-linux-gnu/crti.o] ==> obj [/usr/lib/gcc/x86_64-linux-gnu/11/../../../x86_64-linux-gnu/crti.o]
    arg [/usr/lib/gcc/x86_64-linux-gnu/11/crtbeginS.o] ==> obj [/usr/lib/gcc/x86_64-linux-gnu/11/crtbeginS.o]
    arg [-L/home/sophie/miniconda3/lib] ==> dir [/home/sophie/miniconda3/lib]
    arg [-L/home/sophie/miniconda3/targets/x86_64-linux/lib] ==> dir [/home/sophie/miniconda3/targets/x86_64-linux/lib]
    arg [-L/home/sophie/miniconda3/targets/x86_64-linux/lib/stubs] ==> dir [/home/sophie/miniconda3/targets/x86_64-linux/lib/stubs]
    arg [-L/usr/lib/gcc/x86_64-linux-gnu/11] ==> dir [/usr/lib/gcc/x86_64-linux-gnu/11]
    arg [-L/usr/lib/gcc/x86_64-linux-gnu/11/../../../x86_64-linux-gnu] ==> dir [/usr/lib/gcc/x86_64-linux-gnu/11/../../../x86_64-linux-gnu]
    arg [-L/usr/lib/gcc/x86_64-linux-gnu/11/../../../../lib] ==> dir [/usr/lib/gcc/x86_64-linux-gnu/11/../../../../lib]
    arg [-L/lib/x86_64-linux-gnu] ==> dir [/lib/x86_64-linux-gnu]
    arg [-L/lib/../lib] ==> dir [/lib/../lib]
    arg [-L/usr/lib/x86_64-linux-gnu] ==> dir [/usr/lib/x86_64-linux-gnu]
    arg [-L/usr/lib/../lib] ==> dir [/usr/lib/../lib]
    arg [-L/usr/lib/gcc/x86_64-linux-gnu/11/../../..] ==> dir [/usr/lib/gcc/x86_64-linux-gnu/11/../../..]
    arg [-O2] ==> ignore
    arg [--sort-common] ==> ignore
    arg [--as-needed] ==> ignore
    arg [-zrelro] ==> ignore
    arg [-znow] ==> ignore
    arg [--disable-new-dtags] ==> ignore
    arg [--gc-sections] ==> ignore
    arg [-rpath] ==> ignore
    arg [/home/sophie/miniconda3/lib] ==> ignore
    arg [-rpath-link] ==> ignore
    arg [/home/sophie/miniconda3/lib] ==> ignore
    arg [CMakeFiles/cmTC_b9390.dir/CMakeCCompilerABI.c.o] ==> ignore
    arg [-lgcc] ==> lib [gcc]
    arg [--push-state] ==> ignore
    arg [--as-needed] ==> ignore
    arg [-lgcc_s] ==> lib [gcc_s]
    arg [--pop-state] ==> ignore
    arg [-lc] ==> lib [c]
    arg [-lgcc] ==> lib [gcc]
    arg [--push-state] ==> ignore
    arg [--as-needed] ==> ignore
    arg [-lgcc_s] ==> lib [gcc_s]
    arg [--pop-state] ==> ignore
    arg [/usr/lib/gcc/x86_64-linux-gnu/11/crtendS.o] ==> obj [/usr/lib/gcc/x86_64-linux-gnu/11/crtendS.o]
    arg [/usr/lib/gcc/x86_64-linux-gnu/11/../../../x86_64-linux-gnu/crtn.o] ==> obj [/usr/lib/gcc/x86_64-linux-gnu/11/../../../x86_64-linux-gnu/crtn.o]
  collapse obj [/usr/lib/gcc/x86_64-linux-gnu/11/../../../x86_64-linux-gnu/Scrt1.o] ==> [/usr/lib/x86_64-linux-gnu/Scrt1.o]
  collapse obj [/usr/lib/gcc/x86_64-linux-gnu/11/../../../x86_64-linux-gnu/crti.o] ==> [/usr/lib/x86_64-linux-gnu/crti.o]
  collapse obj [/usr/lib/gcc/x86_64-linux-gnu/11/../../../x86_64-linux-gnu/crtn.o] ==> [/usr/lib/x86_64-linux-gnu/crtn.o]
  collapse library dir [/home/sophie/miniconda3/lib] ==> [/home/sophie/miniconda3/lib]
  collapse library dir [/home/sophie/miniconda3/targets/x86_64-linux/lib] ==> [/home/sophie/miniconda3/targets/x86_64-linux/lib]
  collapse library dir [/home/sophie/miniconda3/targets/x86_64-linux/lib/stubs] ==> [/home/sophie/miniconda3/targets/x86_64-linux/lib/stubs]
  collapse library dir [/usr/lib/gcc/x86_64-linux-gnu/11] ==> [/usr/lib/gcc/x86_64-linux-gnu/11]
  collapse library dir [/usr/lib/gcc/x86_64-linux-gnu/11/../../../x86_64-linux-gnu] ==> [/usr/lib/x86_64-linux-gnu]
  collapse library dir [/usr/lib/gcc/x86_64-linux-gnu/11/../../../../lib] ==> [/usr/lib]
  collapse library dir [/lib/x86_64-linux-gnu] ==> [/lib/x86_64-linux-gnu]
  collapse library dir [/lib/../lib] ==> [/lib]
  collapse library dir [/usr/lib/x86_64-linux-gnu] ==> [/usr/lib/x86_64-linux-gnu]
  collapse library dir [/usr/lib/../lib] ==> [/usr/lib]
  collapse library dir [/usr/lib/gcc/x86_64-linux-gnu/11/../../..] ==> [/usr/lib]
  implicit libs: [gcc;gcc_s;c;gcc;gcc_s]
  implicit objs: [/usr/lib/x86_64-linux-gnu/Scrt1.o;/usr/lib/x86_64-linux-gnu/crti.o;/usr/lib/gcc/x86_64-linux-gnu/11/crtbeginS.o;/usr/lib/gcc/x86_64-linux-gnu/11/crtendS.o;/usr/lib/x86_64-linux-gnu/crtn.o]
  implicit dirs: [/home/sophie/miniconda3/lib;/home/sophie/miniconda3/targets/x86_64-linux/lib;/home/sophie/miniconda3/targets/x86_64-linux/lib/stubs;/usr/lib/gcc/x86_64-linux-gnu/11;/usr/lib/x86_64-linux-gnu;/usr/lib;/lib/x86_64-linux-gnu;/lib]
  implicit fwks: []


Detecting CXX compiler ABI info compiled with the following output:
Change Dir: /home/sophie/isaac_lab/isaac_ws/rl_code/soarm100sim/ros2/build/soarm100_interfaces/CMakeFiles/CMakeTmp

Run Build Command(s):/usr/bin/gmake -f Makefile cmTC_86227/fast && /usr/bin/gmake  -f CMakeFiles/cmTC_86227.dir/build.make CMakeFiles/cmTC_86227.dir/build
gmake[1]: Entering directory '/home/sophie/isaac_lab/isaac_ws/rl_code/soarm100sim/ros2/build/soarm100_interfaces/CMakeFiles/CMakeTmp'
Building CXX object CMakeFiles/cmTC_86227.dir/CMakeCXXCompilerABI.cpp.o
/usr/bin/c++   -fvisibility-inlines-hidden -fmessage-length=0 -march=nocona -mtune=haswell -ftree-vectorize -fPIC -fstack-protector-strong -fno-plt -O2 -ffunction-sections -pipe -isystem /home/sophie/miniconda3/include  -I/home/sophie/miniconda3/targets/x86_64-linux/include  -L/home/sophie/miniconda3/targets/x86_64-linux/lib -L/home/sophie/miniconda3/targets/x86_64-linux/lib/stubs    -v -o CMakeFiles/cmTC_86227.dir/CMakeCXXCompilerABI.cpp.o -c /usr/share/cmake-3.22/Modules/CMakeCXXCompilerABI.cpp
Using built-in specs.
COLLECT_GCC=/usr/bin/c++
OFFLOAD_TARGET_NAMES=nvptx-none:amdgcn-amdhsa
OFFLOAD_TARGET_DEFAULT=1
Target: x86_64-linux-gnu
Configured with: ../src/configure -v --with-pkgversion='Ubuntu 11.4.0-1ubuntu1~22.04.3' --with-bugurl=file:///usr/share/doc/gcc-11/README.Bugs --enable-languages=c,ada,c++,go,brig,d,fortran,objc,obj-c++,m2 --prefix=/usr --with-gcc-major-version-only --program-suffix=-11 --program-prefix=x86_64-linux-gnu- --enable-shared --enable-linker-build-id --libexecdir=/usr/lib --without-included-gettext --enable-threads=posix --libdir=/usr/lib --enable-nls --enable-bootstrap --enable-clocale=gnu --enable-libstdcxx-debug --enable-libstdcxx-time=yes --with-default-libstdcxx-abi=new --enable-gnu-unique-object --disable-vtable-verify --enable-plugin --enable-default-pie --with-system-zlib --enable-libphobos-checking=release --with-target-system-zlib=auto --enable-objc-gc=auto --enable-multiarch --disable-werror --enable-cet --with-arch-32=i686 --with-abi=m64 --with-multilib-list=m32,m64,mx32 --enable-multilib --with-tune=generic --enable-offload-targets=nvptx-none=/build/gcc-11-0odw26/gcc-11-11.4.0/debian/tmp-nvptx/usr,amdgcn-amdhsa=/build/gcc-11-0odw26/gcc-11-11.4.0/debian/tmp-gcn/usr --without-cuda-driver --enable-checking=release --build=x86_64-linux-gnu --host=x86_64-linux-gnu --target=x86_64-linux-gnu --with-build-config=bootstrap-lto-lean --enable-link-serialization=2
Thread model: posix
Supported LTO compression algorithms: zlib zstd
gcc version 11.4.0 (Ubuntu 11.4.0-1ubuntu1~22.04.3) 
COLLECT_GCC_OPTIONS='-fvisibility-inlines-hidden' '-fmessage-length=0' '-march=nocona' '-mtune=haswell' '-ftree-vectorize' '-fPIC' '-fstack-protector-strong' '-fno-plt' '-O2' '-ffunction-sections' '-pipe' '-isystem' '/home/sophie/miniconda3/include' '-I' '/home/sophie/miniconda3/targets/x86_64-linux/include' '-L/home/sophie/miniconda3/targets/x86_64-linux/lib' '-L/home/sophie/miniconda3/targets/x86_64-linux/lib/stubs' '-v' '-o' 'CMakeFiles/cmTC_86227.dir/CMakeCXXCompilerABI.cpp.o' '-c' '-shared-libgcc' '-dumpdir' 'CMakeFiles/cmTC_86227.dir/'
 /usr/lib/gcc/x86_64-linux-gnu/11/cc1plus -quiet -v -I /home/sophie/miniconda3/targets/x86_64-linux/include -imultiarch x86_64-linux-gnu -D_GNU_SOURCE -isystem /home/sophie/miniconda3/include /usr/share/cmake-3.22/Modules/CMakeCXXCompilerABI.cpp -quiet -dumpdir CMakeFiles/cmTC_86227.dir/ -dumpbase CMakeCXXCompilerABI.cpp.cpp -dumpbase-ext .cpp -march=nocona -mtune=haswell -O2 -version -fvisibility-inlines-hidden -fmessage-length=0 -ftree-vectorize -fPIC -fstack-protector-strong -fno-plt -ffunction-sections -fasynchronous-unwind-tables -fstack-protector-strong -Wformat -Wformat-security -fstack-clash-protection -fcf-protection -o - |
 as -v -I /home/sophie/miniconda3/targets/x86_64-linux/include --64 -o CMakeFiles/cmTC_86227.dir/CMakeCXXCompilerABI.cpp.o
GNU assembler version 2.38 (x86_64-linux-gnu) using BFD version (GNU Binutils for Ubuntu) 2.38
GNU C++17 (Ubuntu 11.4.0-1ubuntu1~22.04.3) version 11.4.0 (x86_64-linux-gnu)
	compiled by GNU C version 11.4.0, GMP version 6.2.1, MPFR version 4.1.0, MPC version 1.2.1, isl version isl-0.24-GMP

GGC heuristics: --param ggc-min-expand=100 --param ggc-min-heapsize=131072
ignoring duplicate directory "/usr/include/x86_64-linux-gnu/c++/11"
ignoring nonexistent directory "/usr/local/include/x86_64-linux-gnu"
ignoring nonexistent directory "/usr/lib/gcc/x86_64-linux-gnu/11/include-fixed"
ignoring nonexistent directory "/usr/lib/gcc/x86_64-linux-gnu/11/../../../../x86_64-linux-gnu/include"
#include "..." search starts here:
#include <...> search starts here:
 /home/sophie/miniconda3/targets/x86_64-linux/include
 /home/sophie/miniconda3/include
 /usr/include/c++/11
 /usr/include/x86_64-linux-gnu/c++/11
 /usr/include/c++/11/backward
 /usr/lib/gcc/x86_64-linux-gnu/11/include
 /usr/local/include
 /usr/include/x86_64-linux-gnu
 /usr/include
End of search list.
GNU C++17 (Ubuntu 11.4.0-1ubuntu1~22.04.3) version 11.4.0 (x86_64-linux-gnu)
	compiled by GNU C version 11.4.0, GMP version 6.2.1, MPFR version 4.1.0, MPC version 1.2.1, isl version isl-0.24-GMP

GGC heuristics: --param ggc-min-expand=100 --param ggc-min-heapsize=131072
Compiler executable checksum: ac7fa628ee459f217e6fdb88b3db0bde
COMPILER_PATH=/usr/lib/gcc/x86_64-linux-gnu/11/:/usr/lib/gcc/x86_64-linux-gnu/11/:/usr/lib/gcc/x86_64-linux-gnu/:/usr/lib/gcc/x86_64-linux-gnu/11/:/usr/lib/gcc/x86_64-linux-gnu/
LIBRARY_PATH=/usr/lib/gcc/x86_64-linux-gnu/11/:/usr/lib/gcc/x86_64-linux-gnu/11/../../../x86_64-linux-gnu/:/usr/lib/gcc/x86_64-linux-gnu/11/../../../../lib/:/lib/x86_64-linux-gnu/:/lib/../lib/:/usr/lib/x86_64-linux-gnu/:/usr/lib/../lib/:/usr/lib/gcc/x86_64-linux-gnu/11/../../../:/lib/:/usr/lib/
COLLECT_GCC_OPTIONS='-fvisibility-inlines-hidden' '-fmessage-length=0' '-march=nocona' '-mtune=haswell' '-ftree-vectorize' '-fPIC' '-fstack-protector-strong' '-fno-plt' '-O2' '-ffunction-sections' '-pipe' '-isystem' '/home/sophie/miniconda3/include' '-I' '/home/sophie/miniconda3/targets/x86_64-linux/include' '-L/home/sophie/miniconda3/targets/x86_64-linux/lib' '-L/home/sophie/miniconda3/targets/x86_64-linux/lib/stubs' '-v' '-o' 'CMakeFiles/cmTC_86227.dir/CMakeCXXCompilerABI.cpp.o' '-c' '-shared-libgcc' '-dumpdir' 'CMakeFiles/cmTC_86227.dir/CMakeCXXCompilerABI.cpp.'
Linking CXX executable cmTC_86227
/usr/bin/cmake -E cmake_link_script CMakeFiles/cmTC_86227.dir/link.txt --verbose=1
/usr/bin/c++ -fvisibility-inlines-hidden -fmessage-length=0 -march=nocona -mtune=haswell -ftree-vectorize -fPIC -fstack-protector-strong -fno-plt -O2 -ffunction-sections -pipe -isystem /home/sophie/miniconda3/include  -I/home/sophie/miniconda3/targets/x86_64-linux/include  -L/home/sophie/miniconda3/targets/x86_64-linux/lib -L/home/sophie/miniconda3/targets/x86_64-linux/lib/stubs  -Wl,-O2 -Wl,--sort-common -Wl,--as-needed -Wl,-z,relro -Wl,-z,now -Wl,--disable-new-dtags -Wl,--gc-sections -Wl,-rpath,/home/sophie/miniconda3/lib -Wl,-rpath-link,/home/sophie/miniconda3/lib -L/home/sophie/miniconda3/lib  -L/home/sophie/miniconda3/targets/x86_64-linux/lib -L/home/sophie/miniconda3/targets/x86_64-linux/lib/stubs -v CMakeFiles/cmTC_86227.dir/CMakeCXXCompilerABI.cpp.o -o cmTC_86227 
Using built-in specs.
COLLECT_GCC=/usr/bin/c++
COLLECT_LTO_WRAPPER=/usr/lib/gcc/x86_64-linux-gnu/11/lto-wrapper
OFFLOAD_TARGET_NAMES=nvptx-none:amdgcn-amdhsa
OFFLOAD_TARGET_DEFAULT=1
Target: x86_64-linux-gnu
Configured with: ../src/configure -v --with-pkgversion='Ubuntu 11.4.0-1ubuntu1~22.04.3' --with-bugurl=file:///usr/share/doc/gcc-11/README.Bugs --enable-languages=c,ada,c++,go,brig,d,fortran,objc,obj-c++,m2 --prefix=/usr --with-gcc-major-version-only --program-suffix=-11 --program-prefix=x86_64-linux-gnu- --enable-shared --enable-linker-build-id --libexecdir=/usr/lib --without-included-gettext --enable-threads=posix --libdir=/usr/lib --enable-nls --enable-bootstrap --enable-clocale=gnu --enable-libstdcxx-debug --enable-libstdcxx-time=yes --with-default-libstdcxx-abi=new --enable-gnu-unique-object --disable-vtable-verify --enable-plugin --enable-default-pie --with-system-zlib --enable-libphobos-checking=release --with-target-system-zlib=auto --enable-objc-gc=auto --enable-multiarch --disable-werror --enable-cet --with-arch-32=i686 --with-abi=m64 --with-multilib-list=m32,m64,mx32 --enable-multilib --with-tune=generic --enable-offload-targets=nvptx-none=/build/gcc-11-0odw26/gcc-11-11.4.0/debian/tmp-nvptx/usr,amdgcn-amdhsa=/build/gcc-11-0odw26/gcc-11-11.4.0/debian/tmp-gcn/usr --without-cuda-driver --enable-checking=release --build=x86_64-linux-gnu --host=x86_64-linux-gnu --target=x86_64-linux-gnu --with-build-config=bootstrap-lto-lean --enable-link-serialization=2
Thread model: posix
Supported LTO compression algorithms: zlib zstd
gcc version 11.4.0 (Ubuntu 11.4.0-1ubuntu1~22.04.3) 
COMPILER_PATH=/usr/lib/gcc/x86_64-linux-gnu/11/:/usr/lib/gcc/x86_64-linux-gnu/11/:/usr/lib/gcc/x86_64-linux-gnu/:/usr/lib/gcc/x86_64-linux-gnu/11/:/usr/lib/gcc/x86_64-linux-gnu/
LIBRARY_PATH=/usr/lib/gcc/x86_64-linux-gnu/11/:/usr/lib/gcc/x86_64-linux-gnu/11/../../../x86_64-linux-gnu/:/usr/lib/gcc/x86_64-linux-gnu/11/../../../../lib/:/lib/x86_64-linux-gnu/:/lib/../lib/:/usr/lib/x86_64-linux-gnu/:/usr/lib/../lib/:/usr/lib/gcc/x86_64-linux-gnu/11/../../../:/lib/:/usr/lib/
COLLECT_GCC_OPTIONS='-fvisibility-inlines-hidden' '-fmessage-length=0' '-march=nocona' '-mtune=haswell' '-ftree-vectorize' '-fPIC' '-fstack-protector-strong' '-fno-plt' '-O2' '-ffunction-sections' '-pipe' '-isystem' '/home/sophie/miniconda3/include' '-I' '/home/sophie/miniconda3/targets/x86_64-linux/include' '-L/home/sophie/miniconda3/targets/x86_64-linux/lib' '-L/home/sophie/miniconda3/targets/x86_64-linux/lib/stubs' '-L/home/sophie/miniconda3/lib' '-L/home/sophie/miniconda3/targets/x86_64-linux/lib' '-L/home/sophie/miniconda3/targets/x86_64-linux/lib/stubs' '-v' '-o' 'cmTC_86227' '-shared-libgcc' '-dumpdir' 'cmTC_86227.'
 /usr/lib/gcc/x86_64-linux-gnu/11/collect2 -plugin /usr/lib/gcc/x86_64-linux-gnu/11/liblto_plugin.so -plugin-opt=/usr/lib/gcc/x86_64-linux-gnu/11/lto-wrapper -plugin-opt=-fresolution=/tmp/ccXGNCkf.res -plugin-opt=-pass-through=-lgcc_s -plugin-opt=-pass-through=-lgcc -plugin-opt=-pass-through=-lc -plugin-opt=-pass-through=-lgcc_s -plugin-opt=-pass-through=-lgcc --build-id --eh-frame-hdr -m elf_x86_64 --hash-style=gnu --as-needed -dynamic-linker /lib64/ld-linux-x86-64.so.2 -pie -z now -z relro -o cmTC_86227 /usr/lib/gcc/x86_64-linux-gnu/11/../../../x86_64-linux-gnu/Scrt1.o /usr/lib/gcc/x86_64-linux-gnu/11/../../../x86_64-linux-gnu/crti.o /usr/lib/gcc/x86_64-linux-gnu/11/crtbeginS.o -L/home/sophie/miniconda3/targets/x86_64-linux/lib -L/home/sophie/miniconda3/targets/x86_64-linux/lib/stubs -L/home/sophie/miniconda3/lib -L/home/sophie/miniconda3/targets/x86_64-linux/lib -L/home/sophie/miniconda3/targets/x86_64-linux/lib/stubs -L/usr/lib/gcc/x86_64-linux-gnu/11 -L/usr/lib/gcc/x86_64-linux-gnu/11/../../../x86_64-linux-gnu -L/usr/lib/gcc/x86_64-linux-gnu/11/../../../../lib -L/lib/x86_64-linux-gnu -L/lib/../lib -L/usr/lib/x86_64-linux-gnu -L/usr/lib/../lib -L/usr/lib/gcc/x86_64-linux-gnu/11/../../.. -O2 --sort-common --as-needed -z relro -z now --disable-new-dtags --gc-sections -rpath /home/sophie/miniconda3/lib -rpath-link /home/sophie/miniconda3/lib CMakeFiles/cmTC_86227.dir/CMakeCXXCompilerABI.cpp.o -lstdc++ -lm -lgcc_s -lgcc -lc -lgcc_s -lgcc /usr/lib/gcc/x86_64-linux-gnu/11/crtendS.o /usr/lib/gcc/x86_64-linux-gnu/11/../../../x86_64-linux-gnu/crtn.o
COLLECT_GCC_OPTIONS='-fvisibility-inlines-hidden' '-fmessage-length=0' '-march=nocona' '-mtune=haswell' '-ftree-vectorize' '-fPIC' '-fstack-protector-strong' '-fno-plt' '-O2' '-ffunction-sections' '-pipe' '-isystem' '/home/sophie/miniconda3/include' '-I' '/home/sophie/miniconda3/targets/x86_64-linux/include' '-L/home/sophie/miniconda3/targets/x86_64-linux/lib' '-L/home/sophie/miniconda3/targets/x86_64-linux/lib/stubs' '-L/home/sophie/miniconda3/lib' '-L/home/sophie/miniconda3/targets/x86_64-linux/lib' '-L/home/sophie/miniconda3/targets/x86_64-linux/lib/stubs' '-v' '-o' 'cmTC_86227' '-shared-libgcc' '-dumpdir' 'cmTC_86227.'
gmake[1]: Leaving directory '/home/sophie/isaac_lab/isaac_ws/rl_code/soarm100sim/ros2/build/soarm100_interfaces/CMakeFiles/CMakeTmp'



Parsed CXX implicit include dir info from above output: rv=done
  found start of include info
  found start of implicit include info
    add: [/home/sophie/miniconda3/targets/x86_64-linux/include]
    add: [/home/sophie/miniconda3/include]
    add: [/usr/include/c++/11]
    add: [/usr/include/x86_64-linux-gnu/c++/11]
    add: [/usr/include/c++/11/backward]
    add: [/usr/lib/gcc/x86_64-linux-gnu/11/include]
    add: [/usr/local/include]
    add: [/usr/include/x86_64-linux-gnu]
    add: [/usr/include]
  end of search list found
  collapse include dir [/home/sophie/miniconda3/targets/x86_64-linux/include] ==> [/home/sophie/miniconda3/targets/x86_64-linux/include]
  collapse include dir [/home/sophie/miniconda3/include] ==> [/home/sophie/miniconda3/include]
  collapse include dir [/usr/include/c++/11] ==> [/usr/include/c++/11]
  collapse include dir [/usr/include/x86_64-linux-gnu/c++/11] ==> [/usr/include/x86_64-linux-gnu/c++/11]
  collapse include dir [/usr/include/c++/11/backward] ==> [/usr/include/c++/11/backward]
  collapse include dir [/usr/lib/gcc/x86_64-linux-gnu/11/include] ==> [/usr/lib/gcc/x86_64-linux-gnu/11/include]
  collapse include dir [/usr/local/include] ==> [/usr/local/include]
  collapse include dir [/usr/include/x86_64-linux-gnu] ==> [/usr/include/x86_64-linux-gnu]
  collapse include dir [/usr/include] ==> [/usr/include]
  implicit include dirs: [/home/sophie/miniconda3/targets/x86_64-linux/include;/home/sophie/miniconda3/include;/usr/include/c++/11;/usr/include/x86_64-linux-gnu/c++/11;/usr/include/c++/11/backward;/usr/lib/gcc/x86_64-linux-gnu/11/include;/usr/local/include;/usr/include/x86_64-linux-gnu;/usr/include]


Parsed CXX implicit link information from above output:
  link line regex: [^( *|.*[/\])(ld|CMAKE_LINK_STARTFILE-NOTFOUND|([^/\]+-)?ld|collect2)[^/\]*( |$)]
  ignore line: [Change Dir: /home/sophie/isaac_lab/isaac_ws/rl_code/soarm100sim/ros2/build/soarm100_interfaces/CMakeFiles/CMakeTmp]
  ignore line: []
  ignore line: [Run Build Command(s):/usr/bin/gmake -f Makefile cmTC_86227/fast && /usr/bin/gmake  -f CMakeFiles/cmTC_86227.dir/build.make CMakeFiles/cmTC_86227.dir/build]
  ignore line: [gmake[1]: Entering directory '/home/sophie/isaac_lab/isaac_ws/rl_code/soarm100sim/ros2/build/soarm100_interfaces/CMakeFiles/CMakeTmp']
  ignore line: [Building CXX object CMakeFiles/cmTC_86227.dir/CMakeCXXCompilerABI.cpp.o]
  ignore line: [/usr/bin/c++   -fvisibility-inlines-hidden -fmessage-length=0 -march=nocona -mtune=haswell -ftree-vectorize -fPIC -fstack-protector-strong -fno-plt -O2 -ffunction-sections -pipe -isystem /home/sophie/miniconda3/include  -I/home/sophie/miniconda3/targets/x86_64-linux/include  -L/home/sophie/miniconda3/targets/x86_64-linux/lib -L/home/sophie/miniconda3/targets/x86_64-linux/lib/stubs    -v -o CMakeFiles/cmTC_86227.dir/CMakeCXXCompilerABI.cpp.o -c /usr/share/cmake-3.22/Modules/CMakeCXXCompilerABI.cpp]
  ignore line: [Using built-in specs.]
  ignore line: [COLLECT_GCC=/usr/bin/c++]
  ignore line: [OFFLOAD_TARGET_NAMES=nvptx-none:amdgcn-amdhsa]
  ignore line: [OFFLOAD_TARGET_DEFAULT=1]
  ignore line: [Target: x86_64-linux-gnu]
  ignore line: [Configured with: ../src/configure -v --with-pkgversion='Ubuntu 11.4.0-1ubuntu1~22.04.3' --with-bugurl=file:///usr/share/doc/gcc-11/README.Bugs --enable-languages=c ada c++ go brig d fortran objc obj-c++ m2 --prefix=/usr --with-gcc-major-version-only --program-suffix=-11 --program-prefix=x86_64-linux-gnu- --enable-shared --enable-linker-build-id --libexecdir=/usr/lib --without-included-gettext --enable-threads=posix --libdir=/usr/lib --enable-nls --enable-bootstrap --enable-clocale=gnu --enable-libstdcxx-debug --enable-libstdcxx-time=yes --with-default-libstdcxx-abi=new --enable-gnu-unique-object --disable-vtable-verify --enable-plugin --enable-default-pie --with-system-zlib --enable-libphobos-checking=release --with-target-system-zlib=auto --enable-objc-gc=auto --enable-multiarch --disable-werror --enable-cet --with-arch-32=i686 --with-abi=m64 --with-multilib-list=m32 m64 mx32 --enable-multilib --with-tune=generic --enable-offload-targets=nvptx-none=/build/gcc-11-0odw26/gcc-11-11.4.0/debian/tmp-nvptx/usr amdgcn-amdhsa=/build/gcc-11-0odw26/gcc-11-11.4.0/debian/tmp-gcn/usr --without-cuda-driver --enable-checking=release --build=x86_64-linux-gnu --host=x86_64-linux-gnu --target=x86_64-linux-gnu --with-build-config=bootstrap-lto-lean --enable-link-serialization=2]
  ignore line: [Thread model: posix]
  ignore line: [Supported LTO compression algorithms: zlib zstd]
  ignore line: [gcc version 11.4.0 (Ubuntu 11.4.0-1ubuntu1~22.04.3) ]
  ignore line: [COLLECT_GCC_OPTIONS='-fvisibility-inlines-hidden' '-fmessage-length=0' '-march=nocona' '-mtune=haswell' '-ftree-vectorize' '-fPIC' '-fstack-protector-strong' '-fno-plt' '-O2' '-ffunction-sections' '-pipe' '-isystem' '/home/sophie/miniconda3/include' '-I' '/home/sophie/miniconda3/targets/x86_64-linux/include' '-L/home/sophie/miniconda3/targets/x86_64-linux/lib' '-L/home/sophie/miniconda3/targets/x86_64-linux/lib/stubs' '-v' '-o' 'CMakeFiles/cmTC_86227.dir/CMakeCXXCompilerABI.cpp.o' '-c' '-shared-libgcc' '-dumpdir' 'CMakeFiles/cmTC_86227.dir/']
  ignore line: [ /usr/lib/gcc/x86_64-linux-gnu/11/cc1plus -quiet -v -I /home/sophie/miniconda3/targets/x86_64-linux/include -imultiarch x86_64-linux-gnu -D_GNU_SOURCE -isystem /home/sophie/miniconda3/include /usr/share/cmake-3.22/Modules/CMakeCXXCompilerABI.cpp -quiet -dumpdir CMakeFiles/cmTC_86227.dir/ -dumpbase CMakeCXXCompilerABI.cpp.cpp -dumpbase-ext .cpp -march=nocona -mtune=haswell -O2 -version -fvisibility-inlines-hidden -fmessage-length=0 -ftree-vectorize -fPIC -fstack-protector-strong -fno-plt -ffunction-sections -fasynchronous-unwind-tables -fstack-protector-strong -Wformat -Wformat-security -fstack-clash-protection -fcf-protection -o - |]
  ignore line: [ as -v -I /home/sophie/miniconda3/targets/x86_64-linux/include --64 -o CMakeFiles/cmTC_86227.dir/CMakeCXXCompilerABI.cpp.o]
  ignore line: [GNU assembler version 2.38 (x86_64-linux-gnu) using BFD version (GNU Binutils for Ubuntu) 2.38]
  ignore line: [GNU C++17 (Ubuntu 11.4.0-1ubuntu1~22.04.3) version 11.4.0 (x86_64-linux-gnu)]
  ignore line: [	compiled by GNU C version 11.4.0  GMP version 6.2.1  MPFR version 4.1.0  MPC version 1.2.1  isl version isl-0.24-GMP]
  ignore line: []
  ignore line: [GGC heuristics: --param ggc-min-expand=100 --param ggc-min-heapsize=131072]
  ignore line: [ignoring duplicate directory "/usr/include/x86_64-linux-gnu/c++/11"]
  ignore line: [ignoring nonexistent directory "/usr/local/include/x86_64-linux-gnu"]
  ignore line: [ignoring nonexistent directory "/usr/lib/gcc/x86_64-linux-gnu/11/include-fixed"]
  ignore line: [ignoring nonexistent directory "/usr/lib/gcc/x86_64-linux-gnu/11/../../../../x86_64-linux-gnu/include"]
  ignore line: [#include "..." search starts here:]
  ignore line: [#include <...> search starts here:]
  ignore line: [ /home/sophie/miniconda3/targets/x86_64-linux/include]
  ignore line: [ /home/sophie/miniconda3/include]
  ignore line: [ /usr/include/c++/11]
  ignore line: [ /usr/include/x86_64-linux-gnu/c++/11]
  ignore line: [ /usr/include/c++/11/backward]
  ignore line: [ /usr/lib/gcc/x86_64-linux-gnu/11/include]
  ignore line: [ /usr/local/include]
  ignore line: [ /usr/include/x86_64-linux-gnu]
  ignore line: [ /usr/include]
  ignore line: [End of search list.]
  ignore line: [GNU C++17 (Ubuntu 11.4.0-1ubuntu1~22.04.3) version 11.4.0 (x86_64-linux-gnu)]
  ignore line: [	compiled by GNU C version 11.4.0  GMP version 6.2.1  MPFR version 4.1.0  MPC version 1.2.1  isl version isl-0.24-GMP]
  ignore line: []
  ignore line: [GGC heuristics: --param ggc-min-expand=100 --param ggc-min-heapsize=131072]
  ignore line: [Compiler executable checksum: ac7fa628ee459f217e6fdb88b3db0bde]
  ignore line: [COMPILER_PATH=/usr/lib/gcc/x86_64-linux-gnu/11/:/usr/lib/gcc/x86_64-linux-gnu/11/:/usr/lib/gcc/x86_64-linux-gnu/:/usr/lib/gcc/x86_64-linux-gnu/11/:/usr/lib/gcc/x86_64-linux-gnu/]
  ignore line: [LIBRARY_PATH=/usr/lib/gcc/x86_64-linux-gnu/11/:/usr/lib/gcc/x86_64-linux-gnu/11/../../../x86_64-linux-gnu/:/usr/lib/gcc/x86_64-linux-gnu/11/../../../../lib/:/lib/x86_64-linux-gnu/:/lib/../lib/:/usr/lib/x86_64-linux-gnu/:/usr/lib/../lib/:/usr/lib/gcc/x86_64-linux-gnu/11/../../../:/lib/:/usr/lib/]
  ignore line: [COLLECT_GCC_OPTIONS='-fvisibility-inlines-hidden' '-fmessage-length=0' '-march=nocona' '-mtune=haswell' '-ftree-vectorize' '-fPIC' '-fstack-protector-strong' '-fno-plt' '-O2' '-ffunction-sections' '-pipe' '-isystem' '/home/sophie/miniconda3/include' '-I' '/home/sophie/miniconda3/targets/x86_64-linux/include' '-L/home/sophie/miniconda3/targets/x86_64-linux/lib' '-L/home/sophie/miniconda3/targets/x86_64-linux/lib/stubs' '-v' '-o' 'CMakeFiles/cmTC_86227.dir/CMakeCXXCompilerABI.cpp.o' '-c' '-shared-libgcc' '-dumpdir' 'CMakeFiles/cmTC_86227.dir/CMakeCXXCompilerABI.cpp.']
  ignore line: [Linking CXX executable cmTC_86227]
  ignore line: [/usr/bin/cmake -E cmake_link_script CMakeFiles/cmTC_86227.dir/link.txt --verbose=1]
  ignore line: [/usr/bin/c++ -fvisibility-inlines-hidden -fmessage-length=0 -march=nocona -mtune=haswell -ftree-vectorize -fPIC -fstack-protector-strong -fno-plt -O2 -ffunction-sections -pipe -isystem /home/sophie/miniconda3/include  -I/home/sophie/miniconda3/targets/x86_64-linux/include  -L/home/sophie/miniconda3/targets/x86_64-linux/lib -L/home/sophie/miniconda3/targets/x86_64-linux/lib/stubs  -Wl -O2 -Wl --sort-common -Wl --as-needed -Wl -z relro -Wl -z now -Wl --disable-new-dtags -Wl --gc-sections -Wl -rpath /home/sophie/miniconda3/lib -Wl -rpath-link /home/sophie/miniconda3/lib -L/home/sophie/miniconda3/lib  -L/home/sophie/miniconda3/targets/x86_64-linux/lib -L/home/sophie/miniconda3/targets/x86_64-linux/lib/stubs -v CMakeFiles/cmTC_86227.dir/CMakeCXXCompilerABI.cpp.o -o cmTC_86227 ]
  ignore line: [Using built-in specs.]
  ignore line: [COLLECT_GCC=/usr/bin/c++]
  ignore line: [COLLECT_LTO_WRAPPER=/usr/lib/gcc/x86_64-linux-gnu/11/lto-wrapper]
  ignore line: [OFFLOAD_TARGET_NAMES=nvptx-none:amdgcn-amdhsa]
  ignore line: [OFFLOAD_TARGET_DEFAULT=1]
  ignore line: [Target: x86_64-linux-gnu]
  ignore line: [Configured with: ../src/configure -v --with-pkgversion='Ubuntu 11.4.0-1ubuntu1~22.04.3' --with-bugurl=file:///usr/share/doc/gcc-11/README.Bugs --enable-languages=c ada c++ go brig d fortran objc obj-c++ m2 --prefix=/usr --with-gcc-major-version-only --program-suffix=-11 --program-prefix=x86_64-linux-gnu- --enable-shared --enable-linker-build-id --libexecdir=/usr/lib --without-included-gettext --enable-threads=posix --libdir=/usr/lib --enable-nls --enable-bootstrap --enable-clocale=gnu --enable-libstdcxx-debug --enable-libstdcxx-time=yes --with-default-libstdcxx-abi=new --enable-gnu-unique-object --disable-vtable-verify --enable-plugin --enable-default-pie --with-system-zlib --enable-libphobos-checking=release --with-target-system-zlib=auto --enable-objc-gc=auto --enable-multiarch --disable-werror --enable-cet --with-arch-32=i686 --with-abi=m64 --with-multilib-list=m32 m64 mx32 --enable-multilib --with-tune=generic --enable-offload-targets=nvptx-none=/build/gcc-11-0odw26/gcc-11-11.4.0/debian/tmp-nvptx/usr amdgcn-amdhsa=/build/gcc-11-0odw26/gcc-11-11.4.0/debian/tmp-gcn/usr --without-cuda-driver --enable-checking=release --build=x86_64-linux-gnu --host=x86_64-linux-gnu --target=x86_64-linux-gnu --with-build-config=bootstrap-lto-lean --enable-link-serialization=2]
  ignore line: [Thread model: posix]
  ignore line: [Supported LTO compression algorithms: zlib zstd]
  ignore line: [gcc version 11.4.0 (Ubuntu 11.4.0-1ubuntu1~22.04.3) ]
  ignore line: [COMPILER_PATH=/usr/lib/gcc/x86_64-linux-gnu/11/:/usr/lib/gcc/x86_64-linux-gnu/11/:/usr/lib/gcc/x86_64-linux-gnu/:/usr/lib/gcc/x86_64-linux-gnu/11/:/usr/lib/gcc/x86_64-linux-gnu/]
  ignore line: [LIBRARY_PATH=/usr/lib/gcc/x86_64-linux-gnu/11/:/usr/lib/gcc/x86_64-linux-gnu/11/../../../x86_64-linux-gnu/:/usr/lib/gcc/x86_64-linux-gnu/11/../../../../lib/:/lib/x86_64-linux-gnu/:/lib/../lib/:/usr/lib/x86_64-linux-gnu/:/usr/lib/../lib/:/usr/lib/gcc/x86_64-linux-gnu/11/../../../:/lib/:/usr/lib/]
  ignore line: [COLLECT_GCC_OPTIONS='-fvisibility-inlines-hidden' '-fmessage-length=0' '-march=nocona' '-mtune=haswell' '-ftree-vectorize' '-fPIC' '-fstack-protector-strong' '-fno-plt' '-O2' '-ffunction-sections' '-pipe' '-isystem' '/home/sophie/miniconda3/include' '-I' '/home/sophie/miniconda3/targets/x86_64-linux/include' '-L/home/sophie/miniconda3/targets/x86_64-linux/lib' '-L/home/sophie/miniconda3/targets/x86_64-linux/lib/stubs' '-L/home/sophie/miniconda3/lib' '-L/home/sophie/miniconda3/targets/x86_64-linux/lib' '-L/home/sophie/miniconda3/targets/x86_64-linux/lib/stubs' '-v' '-o' 'cmTC_86227' '-shared-libgcc' '-dumpdir' 'cmTC_86227.']
  link line: [ /usr/lib/gcc/x86_64-linux-gnu/11/collect2 -plugin /usr/lib/gcc/x86_64-linux-gnu/11/liblto_plugin.so -plugin-opt=/usr/lib/gcc/x86_64-linux-gnu/11/lto-wrapper -plugin-opt=-fresolution=/tmp/ccXGNCkf.res -plugin-opt=-pass-through=-lgcc_s -plugin-opt=-pass-through=-lgcc -plugin-opt=-pass-through=-lc -plugin-opt=-pass-through=-lgcc_s -plugin-opt=-pass-through=-lgcc --build-id --eh-frame-hdr -m elf_x86_64 --hash-style=gnu --as-needed -dynamic-linker /lib64/ld-linux-x86-64.so.2 -pie -z now -z relro -o cmTC_86227 /usr/lib/gcc/x86_64-linux-gnu/11/../../../x86_64-linux-gnu/Scrt1.o /usr/lib/gcc/x86_64-linux-gnu/11/../../../x86_64-linux-gnu/crti.o /usr/lib/gcc/x86_64-linux-gnu/11/crtbeginS.o -L/home/sophie/miniconda3/targets/x86_64-linux/lib -L/home/sophie/miniconda3/targets/x86_64-linux/lib/stubs -L/home/sophie/miniconda3/lib -L/home/sophie/miniconda3/targets/x86_64-linux/lib -L/home/sophie/miniconda3/targets/x86_64-linux/lib/stubs -L/usr/lib/gcc/x86_64-linux-gnu/11 -L/usr/lib/gcc/x86_64-linux-gnu/11/../../../x86_64-linux-gnu -L/usr/lib/gcc/x86_64-linux-gnu/11/../../../../lib -L/lib/x86_64-linux-gnu -L/lib/../lib -L/usr/lib/x86_64-linux-gnu -L/usr/lib/../lib -L/usr/lib/gcc/x86_64-linux-gnu/11/../../.. -O2 --sort-common --as-needed -z relro -z now --disable-new-dtags --gc-sections -rpath /home/sophie/miniconda3/lib -rpath-link /home/sophie/miniconda3/lib CMakeFiles/cmTC_86227.dir/CMakeCXXCompilerABI.cpp.o -lstdc++ -lm -lgcc_s -lgcc -lc -lgcc_s -lgcc /usr/lib/gcc/x86_64-linux-gnu/11/crtendS.o /usr/lib/gcc/x86_64-linux-gnu/11/../../../x86_64-linux-gnu/crtn.o]
    arg [/usr/lib/gcc/x86_64-linux-gnu/11/collect2] ==> ignore
    arg [-plugin] ==> ignore
    arg [/usr/lib/gcc/x86_64-linux-gnu/11/liblto_plugin.so] ==> ignore
    arg [-plugin-opt=/usr/lib/gcc/x86_64-linux-gnu/11/lto-wrapper] ==> ignore
    arg [-plugin-opt=-fresolution=/tmp/ccXGNCkf.res] ==> ignore
    arg [-plugin-opt=-pass-through=-lgcc_s] ==> ignore
    arg [-plugin-opt=-pass-through=-lgcc] ==> ignore
    arg [-plugin-opt=-pass-through=-lc] ==> ignore
    arg [-plugin-opt=-pass-through=-lgcc_s] ==> ignore
    arg [-plugin-opt=-pass-through=-lgcc] ==> ignore
    arg [--build-id] ==> ignore
    arg [--eh-frame-hdr] ==> ignore
    arg [-m] ==> ignore
    arg [elf_x86_64] ==> ignore
    arg [--hash-style=gnu] ==> ignore
    arg [--as-needed] ==> ignore
    arg [-dynamic-linker] ==> ignore
    arg [/lib64/ld-linux-x86-64.so.2] ==> ignore
    arg [-pie] ==> ignore
    arg [-znow] ==> ignore
    arg [-zrelro] ==> ignore
    arg [-o] ==> ignore
    arg [cmTC_86227] ==> ignore
    arg [/usr/lib/gcc/x86_64-linux-gnu/11/../../../x86_64-linux-gnu/Scrt1.o] ==> obj [/usr/lib/gcc/x86_64-linux-gnu/11/../../../x86_64-linux-gnu/Scrt1.o]
    arg [/usr/lib/gcc/x86_64-linux-gnu/11/../../../x86_64-linux-gnu/crti.o] ==> obj [/usr/lib/gcc/x86_64-linux-gnu/11/../../../x86_64-linux-gnu/crti.o]
    arg [/usr/lib/gcc/x86_64-linux-gnu/11/crtbeginS.o] ==> obj [/usr/lib/gcc/x86_64-linux-gnu/11/crtbeginS.o]
    arg [-L/home/sophie/miniconda3/targets/x86_64-linux/lib] ==> dir [/home/sophie/miniconda3/targets/x86_64-linux/lib]
    arg [-L/home/sophie/miniconda3/targets/x86_64-linux/lib/stubs] ==> dir [/home/sophie/miniconda3/targets/x86_64-linux/lib/stubs]
    arg [-L/home/sophie/miniconda3/lib] ==> dir [/home/sophie/miniconda3/lib]
    arg [-L/home/sophie/miniconda3/targets/x86_64-linux/lib] ==> dir [/home/sophie/miniconda3/targets/x86_64-linux/lib]
    arg [-L/home/sophie/miniconda3/targets/x86_64-linux/lib/stubs] ==> dir [/home/sophie/miniconda3/targets/x86_64-linux/lib/stubs]
    arg [-L/usr/lib/gcc/x86_64-linux-gnu/11] ==> dir [/usr/lib/gcc/x86_64-linux-gnu/11]
    arg [-L/usr/lib/gcc/x86_64-linux-gnu/11/../../../x86_64-linux-gnu] ==> dir [/usr/lib/gcc/x86_64-linux-gnu/11/../../../x86_64-linux-gnu]
    arg [-L/usr/lib/gcc/x86_64-linux-gnu/11/../../../../lib] ==> dir [/usr/lib/gcc/x86_64-linux-gnu/11/../../../../lib]
    arg [-L/lib/x86_64-linux-gnu] ==> dir [/lib/x86_64-linux-gnu]
    arg [-L/lib/../lib] ==> dir [/lib/../lib]
    arg [-L/usr/lib/x86_64-linux-gnu] ==> dir [/usr/lib/x86_64-linux-gnu]
    arg [-L/usr/lib/../lib] ==> dir [/usr/lib/../lib]
    arg [-L/usr/lib/gcc/x86_64-linux-gnu/11/../../..] ==> dir [/usr/lib/gcc/x86_64-linux-gnu/11/../../..]
    arg [-O2] ==> ignore
    arg [--sort-common] ==> ignore
    arg [--as-needed] ==> ignore
    arg [-zrelro] ==> ignore
    arg [-znow] ==> ignore
    arg [--disable-new-dtags] ==> ignore
    arg [--gc-sections] ==> ignore
    arg [-rpath] ==> ignore
    arg [/home/sophie/miniconda3/lib] ==> ignore
    arg [-rpath-link] ==> ignore
    arg [/home/sophie/miniconda3/lib] ==> ignore
    arg [CMakeFiles/cmTC_86227.dir/CMakeCXXCompilerABI.cpp.o] ==> ignore
    arg [-lstdc++] ==> lib [stdc++]
    arg [-lm] ==> lib [m]
    arg [-lgcc_s] ==> lib [gcc_s]
    arg [-lgcc] ==> lib [gcc]
    arg [-lc] ==> lib [c]
    arg [-lgcc_s] ==> lib [gcc_s]
    arg [-lgcc] ==> lib [gcc]
    arg [/usr/lib/gcc/x86_64-linux-gnu/11/crtendS.o] ==> obj [/usr/lib/gcc/x86_64-linux-gnu/11/crtendS.o]
    arg [/usr/lib/gcc/x86_64-linux-gnu/11/../../../x86_64-linux-gnu/crtn.o] ==> obj [/usr/lib/gcc/x86_64-linux-gnu/11/../../../x86_64-linux-gnu/crtn.o]
  collapse obj [/usr/lib/gcc/x86_64-linux-gnu/11/../../../x86_64-linux-gnu/Scrt1.o] ==> [/usr/lib/x86_64-linux-gnu/Scrt1.o]
  collapse obj [/usr/lib/gcc/x86_64-linux-gnu/11/../../../x86_64-linux-gnu/crti.o] ==> [/usr/lib/x86_64-linux-gnu/crti.o]
  collapse obj [/usr/lib/gcc/x86_64-linux-gnu/11/../../../x86_64-linux-gnu/crtn.o] ==> [/usr/lib/x86_64-linux-gnu/crtn.o]
  collapse library dir [/home/sophie/miniconda3/targets/x86_64-linux/lib] ==> [/home/sophie/miniconda3/targets/x86_64-linux/lib]
  collapse library dir [/home/sophie/miniconda3/targets/x86_64-linux/lib/stubs] ==> [/home/sophie/miniconda3/targets/x86_64-linux/lib/stubs]
  collapse library dir [/home/sophie/miniconda3/lib] ==> [/home/sophie/miniconda3/lib]
  collapse library dir [/home/sophie/miniconda3/targets/x86_64-linux/lib] ==> [/home/sophie/miniconda3/targets/x86_64-linux/lib]
  collapse library dir [/home/sophie/miniconda3/targets/x86_64-linux/lib/stubs] ==> [/home/sophie/miniconda3/targets/x86_64-linux/lib/stubs]
  collapse library dir [/usr/lib/gcc/x86_64-linux-gnu/11] ==> [/usr/lib/gcc/x86_64-linux-gnu/11]
  collapse library dir [/usr/lib/gcc/x86_64-linux-gnu/11/../../../x86_64-linux-gnu] ==> [/usr/lib/x86_64-linux-gnu]
  collapse library dir [/usr/lib/gcc/x86_64-linux-gnu/11/../../../../lib] ==> [/usr/lib]
  collapse library dir [/lib/x86_64-linux-gnu] ==> [/lib/x86_64-linux-gnu]
  collapse library dir [/lib/../lib] ==> [/lib]
  collapse library dir [/usr/lib/x86_64-linux-gnu] ==> [/usr/lib/x86_64-linux-gnu]
  collapse library dir [/usr/lib/../lib] ==> [/usr/lib]
  collapse library dir [/usr/lib/gcc/x86_64-linux-gnu/11/../../..] ==> [/usr/lib]
  implicit libs: [stdc++;m;gcc_s;gcc;c;gcc_s;gcc]
  implicit objs: [/usr/lib/x86_64-linux-gnu/Scrt1.o;/usr/lib/x86_64-linux-gnu/crti.o;/usr/lib/gcc/x86_64-linux-gnu/11/crtbeginS.o;/usr/lib/gcc/x86_64-linux-gnu/11/crtendS.o;/usr/lib/x86_64-linux-gnu/crtn.o]
  implicit dirs: [/home/sophie/miniconda3/targets/x86_64-linux/lib;/home/sophie/miniconda3/targets/x86_64-linux/lib/stubs;/home/sophie/miniconda3/lib;/usr/lib/gcc/x86_64-linux-gnu/11;/usr/lib/x86_64-linux-gnu;/usr/lib;/lib/x86_64-linux-gnu;/lib]
  implicit fwks: []


The system is: Linux - 6.8.0-106-generic - x86_64
Compiling the C compiler identification source file "CMakeCCompilerId.c" succeeded.
Compiler: /usr/bin/cc 
Build flags: 
Id flags:  

The output was:
0


Compilation of the C compiler identification source "CMakeCCompilerId.c" produced "a.out"

The C compiler identification is GNU, found in "/home/sophie/isaac_lab/isaac_ws/rl_code/soarm100sim/ros2/build/soarm100_interfaces/CMakeFiles/3.22.1/CompilerIdC/a.out"

Compiling the CXX compiler identification source file "CMakeCXXCompilerId.cpp" succeeded.
Compiler: /usr/bin/c++ 
Build flags: -fvisibility-inlines-hidden;-fmessage-length=0;-march=nocona;-mtune=haswell;-ftree-vectorize;-fPIC;-fstack-protector-strong;-fno-plt;-O2;-ffunction-sections;-pipe;-isystem;/home/sophie/miniconda3/include;;-I/home/sophie/miniconda3/targets/x86_64-linux/include;;-L/home/sophie/miniconda3/targets/x86_64-linux/lib;-L/home/sophie/miniconda3/targets/x86_64-linux/lib/stubs
Id flags:  

The output was:
0


Compilation of the CXX compiler identification source "CMakeCXXCompilerId.cpp" produced "a.out"

The CXX compiler identification is GNU, found in "/home/sophie/isaac_lab/isaac_ws/rl_code/soarm100sim/ros2/build/soarm100_interfaces/CMakeFiles/3.22.1/CompilerIdCXX/a.out"

Detecting C compiler ABI info compiled with the following output:
Change Dir: /home/sophie/isaac_lab/isaac_ws/rl_code/soarm100sim/ros2/build/soarm100_interfaces/CMakeFiles/CMakeTmp

Run Build Command(s):/usr/bin/gmake -f Makefile cmTC_5e40f/fast && /usr/bin/gmake  -f CMakeFiles/cmTC_5e40f.dir/build.make CMakeFiles/cmTC_5e40f.dir/build
gmake[1]: Entering directory '/home/sophie/isaac_lab/isaac_ws/rl_code/soarm100sim/ros2/build/soarm100_interfaces/CMakeFiles/CMakeTmp'
Building C object CMakeFiles/cmTC_5e40f.dir/CMakeCCompilerABI.c.o
/usr/bin/cc   -v -o CMakeFiles/cmTC_5e40f.dir/CMakeCCompilerABI.c.o -c /usr/share/cmake-3.22/Modules/CMakeCCompilerABI.c
Using built-in specs.
COLLECT_GCC=/usr/bin/cc
OFFLOAD_TARGET_NAMES=nvptx-none:amdgcn-amdhsa
OFFLOAD_TARGET_DEFAULT=1
Target: x86_64-linux-gnu
Configured with: ../src/configure -v --with-pkgversion='Ubuntu 11.4.0-1ubuntu1~22.04.3' --with-bugurl=file:///usr/share/doc/gcc-11/README.Bugs --enable-languages=c,ada,c++,go,brig,d,fortran,objc,obj-c++,m2 --prefix=/usr --with-gcc-major-version-only --program-suffix=-11 --program-prefix=x86_64-linux-gnu- --enable-shared --enable-linker-build-id --libexecdir=/usr/lib --without-included-gettext --enable-threads=posix --libdir=/usr/lib --enable-nls --enable-bootstrap --enable-clocale=gnu --enable-libstdcxx-debug --enable-libstdcxx-time=yes --with-default-libstdcxx-abi=new --enable-gnu-unique-object --disable-vtable-verify --enable-plugin --enable-default-pie --with-system-zlib --enable-libphobos-checking=release --with-target-system-zlib=auto --enable-objc-gc=auto --enable-multiarch --disable-werror --enable-cet --with-arch-32=i686 --with-abi=m64 --with-multilib-list=m32,m64,mx32 --enable-multilib --with-tune=generic --enable-offload-targets=nvptx-none=/build/gcc-11-0odw26/gcc-11-11.4.0/debian/tmp-nvptx/usr,amdgcn-amdhsa=/build/gcc-11-0odw26/gcc-11-11.4.0/debian/tmp-gcn/usr --without-cuda-driver --enable-checking=release --build=x86_64-linux-gnu --host=x86_64-linux-gnu --target=x86_64-linux-gnu --with-build-config=bootstrap-lto-lean --enable-link-serialization=2
Thread model: posix
Supported LTO compression algorithms: zlib zstd
gcc version 11.4.0 (Ubuntu 11.4.0-1ubuntu1~22.04.3) 
COLLECT_GCC_OPTIONS='-v' '-o' 'CMakeFiles/cmTC_5e40f.dir/CMakeCCompilerABI.c.o' '-c' '-mtune=generic' '-march=x86-64' '-dumpdir' 'CMakeFiles/cmTC_5e40f.dir/'
 /usr/lib/gcc/x86_64-linux-gnu/11/cc1 -quiet -v -imultiarch x86_64-linux-gnu /usr/share/cmake-3.22/Modules/CMakeCCompilerABI.c -quiet -dumpdir CMakeFiles/cmTC_5e40f.dir/ -dumpbase CMakeCCompilerABI.c.c -dumpbase-ext .c -mtune=generic -march=x86-64 -version -fasynchronous-unwind-tables -fstack-protector-strong -Wformat -Wformat-security -fstack-clash-protection -fcf-protection -o /tmp/ccAT2155.s
GNU C17 (Ubuntu 11.4.0-1ubuntu1~22.04.3) version 11.4.0 (x86_64-linux-gnu)
	compiled by GNU C version 11.4.0, GMP version 6.2.1, MPFR version 4.1.0, MPC version 1.2.1, isl version isl-0.24-GMP

GGC heuristics: --param ggc-min-expand=100 --param ggc-min-heapsize=131072
ignoring nonexistent directory "/usr/local/include/x86_64-linux-gnu"
ignoring nonexistent directory "/usr/lib/gcc/x86_64-linux-gnu/11/include-fixed"
ignoring nonexistent directory "/usr/lib/gcc/x86_64-linux-gnu/11/../../../../x86_64-linux-gnu/include"
#include "..." search starts here:
#include <...> search starts here:
 /usr/lib/gcc/x86_64-linux-gnu/11/include
 /usr/local/include
 /usr/include/x86_64-linux-gnu
 /usr/include
End of search list.
GNU C17 (Ubuntu 11.4.0-1ubuntu1~22.04.3) version 11.4.0 (x86_64-linux-gnu)
	compiled by GNU C version 11.4.0, GMP version 6.2.1, MPFR version 4.1.0, MPC version 1.2.1, isl version isl-0.24-GMP

GGC heuristics: --param ggc-min-expand=100 --param ggc-min-heapsize=131072
Compiler executable checksum: 46ebede1f5b795a957a1e85cb61af9d8
COLLECT_GCC_OPTIONS='-v' '-o' 'CMakeFiles/cmTC_5e40f.dir/CMakeCCompilerABI.c.o' '-c' '-mtune=generic' '-march=x86-64' '-dumpdir' 'CMakeFiles/cmTC_5e40f.dir/'
 as -v --64 -o CMakeFiles/cmTC_5e40f.dir/CMakeCCompilerABI.c.o /tmp/ccAT2155.s
GNU assembler version 2.38 (x86_64-linux-gnu) using BFD version (GNU Binutils for Ubuntu) 2.38
COMPILER_PATH=/usr/lib/gcc/x86_64-linux-gnu/11/:/usr/lib/gcc/x86_64-linux-gnu/11/:/usr/lib/gcc/x86_64-linux-gnu/:/usr/lib/gcc/x86_64-linux-gnu/11/:/usr/lib/gcc/x86_64-linux-gnu/
LIBRARY_PATH=/usr/lib/gcc/x86_64-linux-gnu/11/:/usr/lib/gcc/x86_64-linux-gnu/11/../../../x86_64-linux-gnu/:/usr/lib/gcc/x86_64-linux-gnu/11/../../../../lib/:/lib/x86_64-linux-gnu/:/lib/../lib/:/usr/lib/x86_64-linux-gnu/:/usr/lib/../lib/:/usr/lib/gcc/x86_64-linux-gnu/11/../../../:/lib/:/usr/lib/
COLLECT_GCC_OPTIONS='-v' '-o' 'CMakeFiles/cmTC_5e40f.dir/CMakeCCompilerABI.c.o' '-c' '-mtune=generic' '-march=x86-64' '-dumpdir' 'CMakeFiles/cmTC_5e40f.dir/CMakeCCompilerABI.c.'
Linking C executable cmTC_5e40f
/usr/bin/cmake -E cmake_link_script CMakeFiles/cmTC_5e40f.dir/link.txt --verbose=1
/usr/bin/cc -Wl,-O2 -Wl,--sort-common -Wl,--as-needed -Wl,-z,relro -Wl,-z,now -Wl,--disable-new-dtags -Wl,--gc-sections -Wl,-rpath,/home/sophie/miniconda3/lib -Wl,-rpath-link,/home/sophie/miniconda3/lib -L/home/sophie/miniconda3/lib  -L/home/sophie/miniconda3/targets/x86_64-linux/lib -L/home/sophie/miniconda3/targets/x86_64-linux/lib/stubs -v CMakeFiles/cmTC_5e40f.dir/CMakeCCompilerABI.c.o -o cmTC_5e40f 
Using built-in specs.
COLLECT_GCC=/usr/bin/cc
COLLECT_LTO_WRAPPER=/usr/lib/gcc/x86_64-linux-gnu/11/lto-wrapper
OFFLOAD_TARGET_NAMES=nvptx-none:amdgcn-amdhsa
OFFLOAD_TARGET_DEFAULT=1
Target: x86_64-linux-gnu
Configured with: ../src/configure -v --with-pkgversion='Ubuntu 11.4.0-1ubuntu1~22.04.3' --with-bugurl=file:///usr/share/doc/gcc-11/README.Bugs --enable-languages=c,ada,c++,go,brig,d,fortran,objc,obj-c++,m2 --prefix=/usr --with-gcc-major-version-only --program-suffix=-11 --program-prefix=x86_64-linux-gnu- --enable-shared --enable-linker-build-id --libexecdir=/usr/lib --without-included-gettext --enable-threads=posix --libdir=/usr/lib --enable-nls --enable-bootstrap --enable-clocale=gnu --enable-libstdcxx-debug --enable-libstdcxx-time=yes --with-default-libstdcxx-abi=new --enable-gnu-unique-object --disable-vtable-verify --enable-plugin --enable-default-pie --with-system-zlib --enable-libphobos-checking=release --with-target-system-zlib=auto --enable-objc-gc=auto --enable-multiarch --disable-werror --enable-cet --with-arch-32=i686 --with-abi=m64 --with-multilib-list=m32,m64,mx32 --enable-multilib --with-tune=generic --enable-offload-targets=nvptx-none=/build/gcc-11-0odw26/gcc-11-11.4.0/debian/tmp-nvptx/usr,amdgcn-amdhsa=/build/gcc-11-0odw26/gcc-11-11.4.0/debian/tmp-gcn/usr --without-cuda-driver --enable-checking=release --build=x86_64-linux-gnu --host=x86_64-linux-gnu --target=x86_64-linux-gnu --with-build-config=bootstrap-lto-lean --enable-link-serialization=2
Thread model: posix
Supported LTO compression algorithms: zlib zstd
gcc version 11.4.0 (Ubuntu 11.4.0-1ubuntu1~22.04.3) 
COMPILER_PATH=/usr/lib/gcc/x86_64-linux-gnu/11/:/usr/lib/gcc/x86_64-linux-gnu/11/:/usr/lib/gcc/x86_64-linux-gnu/:/usr/lib/gcc/x86_64-linux-gnu/11/:/usr/lib/gcc/x86_64-linux-gnu/
LIBRARY_PATH=/usr/lib/gcc/x86_64-linux-gnu/11/:/usr/lib/gcc/x86_64-linux-gnu/11/../../../x86_64-linux-gnu/:/usr/lib/gcc/x86_64-linux-gnu/11/../../../../lib/:/lib/x86_64-linux-gnu/:/lib/../lib/:/usr/lib/x86_64-linux-gnu/:/usr/lib/../lib/:/usr/lib/gcc/x86_64-linux-gnu/11/../../../:/lib/:/usr/lib/
COLLECT_GCC_OPTIONS='-L/home/sophie/miniconda3/lib' '-L/home/sophie/miniconda3/targets/x86_64-linux/lib' '-L/home/sophie/miniconda3/targets/x86_64-linux/lib/stubs' '-v' '-o' 'cmTC_5e40f' '-mtune=generic' '-march=x86-64' '-dumpdir' 'cmTC_5e40f.'
 /usr/lib/gcc/x86_64-linux-gnu/11/collect2 -plugin /usr/lib/gcc/x86_64-linux-gnu/11/liblto_plugin.so -plugin-opt=/usr/lib/gcc/x86_64-linux-gnu/11/lto-wrapper -plugin-opt=-fresolution=/tmp/ccfkdfeF.res -plugin-opt=-pass-through=-lgcc -plugin-opt=-pass-through=-lgcc_s -plugin-opt=-pass-through=-lc -plugin-opt=-pass-through=-lgcc -plugin-opt=-pass-through=-lgcc_s --build-id --eh-frame-hdr -m elf_x86_64 --hash-style=gnu --as-needed -dynamic-linker /lib64/ld-linux-x86-64.so.2 -pie -z now -z relro -o cmTC_5e40f /usr/lib/gcc/x86_64-linux-gnu/11/../../../x86_64-linux-gnu/Scrt1.o /usr/lib/gcc/x86_64-linux-gnu/11/../../../x86_64-linux-gnu/crti.o /usr/lib/gcc/x86_64-linux-gnu/11/crtbeginS.o -L/home/sophie/miniconda3/lib -L/home/sophie/miniconda3/targets/x86_64-linux/lib -L/home/sophie/miniconda3/targets/x86_64-linux/lib/stubs -L/usr/lib/gcc/x86_64-linux-gnu/11 -L/usr/lib/gcc/x86_64-linux-gnu/11/../../../x86_64-linux-gnu -L/usr/lib/gcc/x86_64-linux-gnu/11/../../../../lib -L/lib/x86_64-linux-gnu -L/lib/../lib -L/usr/lib/x86_64-linux-gnu -L/usr/lib/../lib -L/usr/lib/gcc/x86_64-linux-gnu/11/../../.. -O2 --sort-common --as-needed -z relro -z now --disable-new-dtags --gc-sections -rpath /home/sophie/miniconda3/lib -rpath-link /home/sophie/miniconda3/lib CMakeFiles/cmTC_5e40f.dir/CMakeCCompilerABI.c.o -lgcc --push-state --as-needed -lgcc_s --pop-state -lc -lgcc --push-state --as-needed -lgcc_s --pop-state /usr/lib/gcc/x86_64-linux-gnu/11/crtendS.o /usr/lib/gcc/x86_64-linux-gnu/11/../../../x86_64-linux-gnu/crtn.o
COLLECT_GCC_OPTIONS='-L/home/sophie/miniconda3/lib' '-L/home/sophie/miniconda3/targets/x86_64-linux/lib' '-L/home/sophie/miniconda3/targets/x86_64-linux/lib/stubs' '-v' '-o' 'cmTC_5e40f' '-mtune=generic' '-march=x86-64' '-dumpdir' 'cmTC_5e40f.'
gmake[1]: Leaving directory '/home/sophie/isaac_lab/isaac_ws/rl_code/soarm100sim/ros2/build/soarm100_interfaces/CMakeFiles/CMakeTmp'



Parsed C implicit include dir info from above output: rv=done
  found start of include info
  found start of implicit include info
    add: [/usr/lib/gcc/x86_64-linux-gnu/11/include]
    add: [/usr/local/include]
    add: [/usr/include/x86_64-linux-gnu]
    add: [/usr/include]
  end of search list found
  collapse include dir [/usr/lib/gcc/x86_64-linux-gnu/11/include] ==> [/usr/lib/gcc/x86_64-linux-gnu/11/include]
  collapse include dir [/usr/local/include] ==> [/usr/local/include]
  collapse include dir [/usr/include/x86_64-linux-gnu] ==> [/usr/include/x86_64-linux-gnu]
  collapse include dir [/usr/include] ==> [/usr/include]
  implicit include dirs: [/usr/lib/gcc/x86_64-linux-gnu/11/include;/usr/local/include;/usr/include/x86_64-linux-gnu;/usr/include]


Parsed C implicit link information from above output:
  link line regex: [^( *|.*[/\])(ld|CMAKE_LINK_STARTFILE-NOTFOUND|([^/\]+-)?ld|collect2)[^/\]*( |$)]
  ignore line: [Change Dir: /home/sophie/isaac_lab/isaac_ws/rl_code/soarm100sim/ros2/build/soarm100_interfaces/CMakeFiles/CMakeTmp]
  ignore line: []
  ignore line: [Run Build Command(s):/usr/bin/gmake -f Makefile cmTC_5e40f/fast && /usr/bin/gmake  -f CMakeFiles/cmTC_5e40f.dir/build.make CMakeFiles/cmTC_5e40f.dir/build]
  ignore line: [gmake[1]: Entering directory '/home/sophie/isaac_lab/isaac_ws/rl_code/soarm100sim/ros2/build/soarm100_interfaces/CMakeFiles/CMakeTmp']
  ignore line: [Building C object CMakeFiles/cmTC_5e40f.dir/CMakeCCompilerABI.c.o]
  ignore line: [/usr/bin/cc   -v -o CMakeFiles/cmTC_5e40f.dir/CMakeCCompilerABI.c.o -c /usr/share/cmake-3.22/Modules/CMakeCCompilerABI.c]
  ignore line: [Using built-in specs.]
  ignore line: [COLLECT_GCC=/usr/bin/cc]
  ignore line: [OFFLOAD_TARGET_NAMES=nvptx-none:amdgcn-amdhsa]
  ignore line: [OFFLOAD_TARGET_DEFAULT=1]
  ignore line: [Target: x86_64-linux-gnu]
  ignore line: [Configured with: ../src/configure -v --with-pkgversion='Ubuntu 11.4.0-1ubuntu1~22.04.3' --with-bugurl=file:///usr/share/doc/gcc-11/README.Bugs --enable-languages=c ada c++ go brig d fortran objc obj-c++ m2 --prefix=/usr --with-gcc-major-version-only --program-suffix=-11 --program-prefix=x86_64-linux-gnu- --enable-shared --enable-linker-build-id --libexecdir=/usr/lib --without-included-gettext --enable-threads=posix --libdir=/usr/lib --enable-nls --enable-bootstrap --enable-clocale=gnu --enable-libstdcxx-debug --enable-libstdcxx-time=yes --with-default-libstdcxx-abi=new --enable-gnu-unique-object --disable-vtable-verify --enable-plugin --enable-default-pie --with-system-zlib --enable-libphobos-checking=release --with-target-system-zlib=auto --enable-objc-gc=auto --enable-multiarch --disable-werror --enable-cet --with-arch-32=i686 --with-abi=m64 --with-multilib-list=m32 m64 mx32 --enable-multilib --with-tune=generic --enable-offload-targets=nvptx-none=/build/gcc-11-0odw26/gcc-11-11.4.0/debian/tmp-nvptx/usr amdgcn-amdhsa=/build/gcc-11-0odw26/gcc-11-11.4.0/debian/tmp-gcn/usr --without-cuda-driver --enable-checking=release --build=x86_64-linux-gnu --host=x86_64-linux-gnu --target=x86_64-linux-gnu --with-build-config=bootstrap-lto-lean --enable-link-serialization=2]
  ignore line: [Thread model: posix]
  ignore line: [Supported LTO compression algorithms: zlib zstd]
  ignore line: [gcc version 11.4.0 (Ubuntu 11.4.0-1ubuntu1~22.04.3) ]
  ignore line: [COLLECT_GCC_OPTIONS='-v' '-o' 'CMakeFiles/cmTC_5e40f.dir/CMakeCCompilerABI.c.o' '-c' '-mtune=generic' '-march=x86-64' '-dumpdir' 'CMakeFiles/cmTC_5e40f.dir/']
  ignore line: [ /usr/lib/gcc/x86_64-linux-gnu/11/cc1 -quiet -v -imultiarch x86_64-linux-gnu /usr/share/cmake-3.22/Modules/CMakeCCompilerABI.c -quiet -dumpdir CMakeFiles/cmTC_5e40f.dir/ -dumpbase CMakeCCompilerABI.c.c -dumpbase-ext .c -mtune=generic -march=x86-64 -version -fasynchronous-unwind-tables -fstack-protector-strong -Wformat -Wformat-security -fstack-clash-protection -fcf-protection -o /tmp/ccAT2155.s]
  ignore line: [GNU C17 (Ubuntu 11.4.0-1ubuntu1~22.04.3) version 11.4.0 (x86_64-linux-gnu)]
  ignore line: [	compiled by GNU C version 11.4.0  GMP version 6.2.1  MPFR version 4.1.0  MPC version 1.2.1  isl version isl-0.24-GMP]
  ignore line: []
  ignore line: [GGC heuristics: --param ggc-min-expand=100 --param ggc-min-heapsize=131072]
  ignore line: [ignoring nonexistent directory "/usr/local/include/x86_64-linux-gnu"]
  ignore line: [ignoring nonexistent directory "/usr/lib/gcc/x86_64-linux-gnu/11/include-fixed"]
  ignore line: [ignoring nonexistent directory "/usr/lib/gcc/x86_64-linux-gnu/11/../../../../x86_64-linux-gnu/include"]
  ignore line: [#include "..." search starts here:]
  ignore line: [#include <...> search starts here:]
  ignore line: [ /usr/lib/gcc/x86_64-linux-gnu/11/include]
  ignore line: [ /usr/local/include]
  ignore line: [ /usr/include/x86_64-linux-gnu]
  ignore line: [ /usr/include]
  ignore line: [End of search list.]
  ignore line: [GNU C17 (Ubuntu 11.4.0-1ubuntu1~22.04.3) version 11.4.0 (x86_64-linux-gnu)]
  ignore line: [	compiled by GNU C version 11.4.0  GMP version 6.2.1  MPFR version 4.1.0  MPC version 1.2.1  isl version isl-0.24-GMP]
  ignore line: []
  ignore line: [GGC heuristics: --param ggc-min-expand=100 --param ggc-min-heapsize=131072]
  ignore line: [Compiler executable checksum: 46ebede1f5b795a957a1e85cb61af9d8]
  ignore line: [COLLECT_GCC_OPTIONS='-v' '-o' 'CMakeFiles/cmTC_5e40f.dir/CMakeCCompilerABI.c.o' '-c' '-mtune=generic' '-march=x86-64' '-dumpdir' 'CMakeFiles/cmTC_5e40f.dir/']
  ignore line: [ as -v --64 -o CMakeFiles/cmTC_5e40f.dir/CMakeCCompilerABI.c.o /tmp/ccAT2155.s]
  ignore line: [GNU assembler version 2.38 (x86_64-linux-gnu) using BFD version (GNU Binutils for Ubuntu) 2.38]
  ignore line: [COMPILER_PATH=/usr/lib/gcc/x86_64-linux-gnu/11/:/usr/lib/gcc/x86_64-linux-gnu/11/:/usr/lib/gcc/x86_64-linux-gnu/:/usr/lib/gcc/x86_64-linux-gnu/11/:/usr/lib/gcc/x86_64-linux-gnu/]
  ignore line: [LIBRARY_PATH=/usr/lib/gcc/x86_64-linux-gnu/11/:/usr/lib/gcc/x86_64-linux-gnu/11/../../../x86_64-linux-gnu/:/usr/lib/gcc/x86_64-linux-gnu/11/../../../../lib/:/lib/x86_64-linux-gnu/:/lib/../lib/:/usr/lib/x86_64-linux-gnu/:/usr/lib/../lib/:/usr/lib/gcc/x86_64-linux-gnu/11/../../../:/lib/:/usr/lib/]
  ignore line: [COLLECT_GCC_OPTIONS='-v' '-o' 'CMakeFiles/cmTC_5e40f.dir/CMakeCCompilerABI.c.o' '-c' '-mtune=generic' '-march=x86-64' '-dumpdir' 'CMakeFiles/cmTC_5e40f.dir/CMakeCCompilerABI.c.']
  ignore line: [Linking C executable cmTC_5e40f]
  ignore line: [/usr/bin/cmake -E cmake_link_script CMakeFiles/cmTC_5e40f.dir/link.txt --verbose=1]
  ignore line: [/usr/bin/cc -Wl -O2 -Wl --sort-common -Wl --as-needed -Wl -z relro -Wl -z now -Wl --disable-new-dtags -Wl --gc-sections -Wl -rpath /home/sophie/miniconda3/lib -Wl -rpath-link /home/sophie/miniconda3/lib -L/home/sophie/miniconda3/lib  -L/home/sophie/miniconda3/targets/x86_64-linux/lib -L/home/sophie/miniconda3/targets/x86_64-linux/lib/stubs -v CMakeFiles/cmTC_5e40f.dir/CMakeCCompilerABI.c.o -o cmTC_5e40f ]
  ignore line: [Using built-in specs.]
  ignore line: [COLLECT_GCC=/usr/bin/cc]
  ignore line: [COLLECT_LTO_WRAPPER=/usr/lib/gcc/x86_64-linux-gnu/11/lto-wrapper]
  ignore line: [OFFLOAD_TARGET_NAMES=nvptx-none:amdgcn-amdhsa]
  ignore line: [OFFLOAD_TARGET_DEFAULT=1]
  ignore line: [Target: x86_64-linux-gnu]
  ignore line: [Configured with: ../src/configure -v --with-pkgversion='Ubuntu 11.4.0-1ubuntu1~22.04.3' --with-bugurl=file:///usr/share/doc/gcc-11/README.Bugs --enable-languages=c ada c++ go brig d fortran objc obj-c++ m2 --prefix=/usr --with-gcc-major-version-only --program-suffix=-11 --program-prefix=x86_64-linux-gnu- --enable-shared --enable-linker-build-id --libexecdir=/usr/lib --without-included-gettext --enable-threads=posix --libdir=/usr/lib --enable-nls --enable-bootstrap --enable-clocale=gnu --enable-libstdcxx-debug --enable-libstdcxx-time=yes --with-default-libstdcxx-abi=new --enable-gnu-unique-object --disable-vtable-verify --enable-plugin --enable-default-pie --with-system-zlib --enable-libphobos-checking=release --with-target-system-zlib=auto --enable-objc-gc=auto --enable-multiarch --disable-werror --enable-cet --with-arch-32=i686 --with-abi=m64 --with-multilib-list=m32 m64 mx32 --enable-multilib --with-tune=generic --enable-offload-targets=nvptx-none=/build/gcc-11-0odw26/gcc-11-11.4.0/debian/tmp-nvptx/usr amdgcn-amdhsa=/build/gcc-11-0odw26/gcc-11-11.4.0/debian/tmp-gcn/usr --without-cuda-driver --enable-checking=release --build=x86_64-linux-gnu --host=x86_64-linux-gnu --target=x86_64-linux-gnu --with-build-config=bootstrap-lto-lean --enable-link-serialization=2]
  ignore line: [Thread model: posix]
  ignore line: [Supported LTO compression algorithms: zlib zstd]
  ignore line: [gcc version 11.4.0 (Ubuntu 11.4.0-1ubuntu1~22.04.3) ]
  ignore line: [COMPILER_PATH=/usr/lib/gcc/x86_64-linux-gnu/11/:/usr/lib/gcc/x86_64-linux-gnu/11/:/usr/lib/gcc/x86_64-linux-gnu/:/usr/lib/gcc/x86_64-linux-gnu/11/:/usr/lib/gcc/x86_64-linux-gnu/]
  ignore line: [LIBRARY_PATH=/usr/lib/gcc/x86_64-linux-gnu/11/:/usr/lib/gcc/x86_64-linux-gnu/11/../../../x86_64-linux-gnu/:/usr/lib/gcc/x86_64-linux-gnu/11/../../../../lib/:/lib/x86_64-linux-gnu/:/lib/../lib/:/usr/lib/x86_64-linux-gnu/:/usr/lib/../lib/:/usr/lib/gcc/x86_64-linux-gnu/11/../../../:/lib/:/usr/lib/]
  ignore line: [COLLECT_GCC_OPTIONS='-L/home/sophie/miniconda3/lib' '-L/home/sophie/miniconda3/targets/x86_64-linux/lib' '-L/home/sophie/miniconda3/targets/x86_64-linux/lib/stubs' '-v' '-o' 'cmTC_5e40f' '-mtune=generic' '-march=x86-64' '-dumpdir' 'cmTC_5e40f.']
  link line: [ /usr/lib/gcc/x86_64-linux-gnu/11/collect2 -plugin /usr/lib/gcc/x86_64-linux-gnu/11/liblto_plugin.so -plugin-opt=/usr/lib/gcc/x86_64-linux-gnu/11/lto-wrapper -plugin-opt=-fresolution=/tmp/ccfkdfeF.res -plugin-opt=-pass-through=-lgcc -plugin-opt=-pass-through=-lgcc_s -plugin-opt=-pass-through=-lc -plugin-opt=-pass-through=-lgcc -plugin-opt=-pass-through=-lgcc_s --build-id --eh-frame-hdr -m elf_x86_64 --hash-style=gnu --as-needed -dynamic-linker /lib64/ld-linux-x86-64.so.2 -pie -z now -z relro -o cmTC_5e40f /usr/lib/gcc/x86_64-linux-gnu/11/../../../x86_64-linux-gnu/Scrt1.o /usr/lib/gcc/x86_64-linux-gnu/11/../../../x86_64-linux-gnu/crti.o /usr/lib/gcc/x86_64-linux-gnu/11/crtbeginS.o -L/home/sophie/miniconda3/lib -L/home/sophie/miniconda3/targets/x86_64-linux/lib -L/home/sophie/miniconda3/targets/x86_64-linux/lib/stubs -L/usr/lib/gcc/x86_64-linux-gnu/11 -L/usr/lib/gcc/x86_64-linux-gnu/11/../../../x86_64-linux-gnu -L/usr/lib/gcc/x86_64-linux-gnu/11/../../../../lib -L/lib/x86_64-linux-gnu -L/lib/../lib -L/usr/lib/x86_64-linux-gnu -L/usr/lib/../lib -L/usr/lib/gcc/x86_64-linux-gnu/11/../../.. -O2 --sort-common --as-needed -z relro -z now --disable-new-dtags --gc-sections -rpath /home/sophie/miniconda3/lib -rpath-link /home/sophie/miniconda3/lib CMakeFiles/cmTC_5e40f.dir/CMakeCCompilerABI.c.o -lgcc --push-state --as-needed -lgcc_s --pop-state -lc -lgcc --push-state --as-needed -lgcc_s --pop-state /usr/lib/gcc/x86_64-linux-gnu/11/crtendS.o /usr/lib/gcc/x86_64-linux-gnu/11/../../../x86_64-linux-gnu/crtn.o]
    arg [/usr/lib/gcc/x86_64-linux-gnu/11/collect2] ==> ignore
    arg [-plugin] ==> ignore
    arg [/usr/lib/gcc/x86_64-linux-gnu/11/liblto_plugin.so] ==> ignore
    arg [-plugin-opt=/usr/lib/gcc/x86_64-linux-gnu/11/lto-wrapper] ==> ignore
    arg [-plugin-opt=-fresolution=/tmp/ccfkdfeF.res] ==> ignore
    arg [-plugin-opt=-pass-through=-lgcc] ==> ignore
    arg [-plugin-opt=-pass-through=-lgcc_s] ==> ignore
    arg [-plugin-opt=-pass-through=-lc] ==> ignore
    arg [-plugin-opt=-pass-through=-lgcc] ==> ignore
    arg [-plugin-opt=-pass-through=-lgcc_s] ==> ignore
    arg [--build-id] ==> ignore
    arg [--eh-frame-hdr] ==> ignore
    arg [-m] ==> ignore
    arg [elf_x86_64] ==> ignore
    arg [--hash-style=gnu] ==> ignore
    arg [--as-needed] ==> ignore
    arg [-dynamic-linker] ==> ignore
    arg [/lib64/ld-linux-x86-64.so.2] ==> ignore
    arg [-pie] ==> ignore
    arg [-znow] ==> ignore
    arg [-zrelro] ==> ignore
    arg [-o] ==> ignore
    arg [cmTC_5e40f] ==> ignore
    arg [/usr/lib/gcc/x86_64-linux-gnu/11/../../../x86_64-linux-gnu/Scrt1.o] ==> obj [/usr/lib/gcc/x86_64-linux-gnu/11/../../../x86_64-linux-gnu/Scrt1.o]
    arg [/usr/lib/gcc/x86_64-linux-gnu/11/../../../x86_64-linux-gnu/crti.o] ==> obj [/usr/lib/gcc/x86_64-linux-gnu/11/../../../x86_64-linux-gnu/crti.o]
    arg [/usr/lib/gcc/x86_64-linux-gnu/11/crtbeginS.o] ==> obj [/usr/lib/gcc/x86_64-linux-gnu/11/crtbeginS.o]
    arg [-L/home/sophie/miniconda3/lib] ==> dir [/home/sophie/miniconda3/lib]
    arg [-L/home/sophie/miniconda3/targets/x86_64-linux/lib] ==> dir [/home/sophie/miniconda3/targets/x86_64-linux/lib]
    arg [-L/home/sophie/miniconda3/targets/x86_64-linux/lib/stubs] ==> dir [/home/sophie/miniconda3/targets/x86_64-linux/lib/stubs]
    arg [-L/usr/lib/gcc/x86_64-linux-gnu/11] ==> dir [/usr/lib/gcc/x86_64-linux-gnu/11]
    arg [-L/usr/lib/gcc/x86_64-linux-gnu/11/../../../x86_64-linux-gnu] ==> dir [/usr/lib/gcc/x86_64-linux-gnu/11/../../../x86_64-linux-gnu]
    arg [-L/usr/lib/gcc/x86_64-linux-gnu/11/../../../../lib] ==> dir [/usr/lib/gcc/x86_64-linux-gnu/11/../../../../lib]
    arg [-L/lib/x86_64-linux-gnu] ==> dir [/lib/x86_64-linux-gnu]
    arg [-L/lib/../lib] ==> dir [/lib/../lib]
    arg [-L/usr/lib/x86_64-linux-gnu] ==> dir [/usr/lib/x86_64-linux-gnu]
    arg [-L/usr/lib/../lib] ==> dir [/usr/lib/../lib]
    arg [-L/usr/lib/gcc/x86_64-linux-gnu/11/../../..] ==> dir [/usr/lib/gcc/x86_64-linux-gnu/11/../../..]
    arg [-O2] ==> ignore
    arg [--sort-common] ==> ignore
    arg [--as-needed] ==> ignore
    arg [-zrelro] ==> ignore
    arg [-znow] ==> ignore
    arg [--disable-new-dtags] ==> ignore
    arg [--gc-sections] ==> ignore
    arg [-rpath] ==> ignore
    arg [/home/sophie/miniconda3/lib] ==> ignore
    arg [-rpath-link] ==> ignore
    arg [/home/sophie/miniconda3/lib] ==> ignore
    arg [CMakeFiles/cmTC_5e40f.dir/CMakeCCompilerABI.c.o] ==> ignore
    arg [-lgcc] ==> lib [gcc]
    arg [--push-state] ==> ignore
    arg [--as-needed] ==> ignore
    arg [-lgcc_s] ==> lib [gcc_s]
    arg [--pop-state] ==> ignore
    arg [-lc] ==> lib [c]
    arg [-lgcc] ==> lib [gcc]
    arg [--push-state] ==> ignore
    arg [--as-needed] ==> ignore
    arg [-lgcc_s] ==> lib [gcc_s]
    arg [--pop-state] ==> ignore
    arg [/usr/lib/gcc/x86_64-linux-gnu/11/crtendS.o] ==> obj [/usr/lib/gcc/x86_64-linux-gnu/11/crtendS.o]
    arg [/usr/lib/gcc/x86_64-linux-gnu/11/../../../x86_64-linux-gnu/crtn.o] ==> obj [/usr/lib/gcc/x86_64-linux-gnu/11/../../../x86_64-linux-gnu/crtn.o]
  collapse obj [/usr/lib/gcc/x86_64-linux-gnu/11/../../../x86_64-linux-gnu/Scrt1.o] ==> [/usr/lib/x86_64-linux-gnu/Scrt1.o]
  collapse obj [/usr/lib/gcc/x86_64-linux-gnu/11/../../../x86_64-linux-gnu/crti.o] ==> [/usr/lib/x86_64-linux-gnu/crti.o]
  collapse obj [/usr/lib/gcc/x86_64-linux-gnu/11/../../../x86_64-linux-gnu/crtn.o] ==> [/usr/lib/x86_64-linux-gnu/crtn.o]
  collapse library dir [/home/sophie/miniconda3/lib] ==> [/home/sophie/miniconda3/lib]
  collapse library dir [/home/sophie/miniconda3/targets/x86_64-linux/lib] ==> [/home/sophie/miniconda3/targets/x86_64-linux/lib]
  collapse library dir [/home/sophie/miniconda3/targets/x86_64-linux/lib/stubs] ==> [/home/sophie/miniconda3/targets/x86_64-linux/lib/stubs]
  collapse library dir [/usr/lib/gcc/x86_64-linux-gnu/11] ==> [/usr/lib/gcc/x86_64-linux-gnu/11]
  collapse library dir [/usr/lib/gcc/x86_64-linux-gnu/11/../../../x86_64-linux-gnu] ==> [/usr/lib/x86_64-linux-gnu]
  collapse library dir [/usr/lib/gcc/x86_64-linux-gnu/11/../../../../lib] ==> [/usr/lib]
  collapse library dir [/lib/x86_64-linux-gnu] ==> [/lib/x86_64-linux-gnu]
  collapse library dir [/lib/../lib] ==> [/lib]
  collapse library dir [/usr/lib/x86_64-linux-gnu] ==> [/usr/lib/x86_64-linux-gnu]
  collapse library dir [/usr/lib/../lib] ==> [/usr/lib]
  collapse library dir [/usr/lib/gcc/x86_64-linux-gnu/11/../../..] ==> [/usr/lib]
  implicit libs: [gcc;gcc_s;c;gcc;gcc_s]
  implicit objs: [/usr/lib/x86_64-linux-gnu/Scrt1.o;/usr/lib/x86_64-linux-gnu/crti.o;/usr/lib/gcc/x86_64-linux-gnu/11/crtbeginS.o;/usr/lib/gcc/x86_64-linux-gnu/11/crtendS.o;/usr/lib/x86_64-linux-gnu/crtn.o]
  implicit dirs: [/home/sophie/miniconda3/lib;/home/sophie/miniconda3/targets/x86_64-linux/lib;/home/sophie/miniconda3/targets/x86_64-linux/lib/stubs;/usr/lib/gcc/x86_64-linux-gnu/11;/usr/lib/x86_64-linux-gnu;/usr/lib;/lib/x86_64-linux-gnu;/lib]
  implicit fwks: []


Detecting CXX compiler ABI info compiled with the following output:
Change Dir: /home/sophie/isaac_lab/isaac_ws/rl_code/soarm100sim/ros2/build/soarm100_interfaces/CMakeFiles/CMakeTmp

Run Build Command(s):/usr/bin/gmake -f Makefile cmTC_6f3c7/fast && /usr/bin/gmake  -f CMakeFiles/cmTC_6f3c7.dir/build.make CMakeFiles/cmTC_6f3c7.dir/build
gmake[1]: Entering directory '/home/sophie/isaac_lab/isaac_ws/rl_code/soarm100sim/ros2/build/soarm100_interfaces/CMakeFiles/CMakeTmp'
Building CXX object CMakeFiles/cmTC_6f3c7.dir/CMakeCXXCompilerABI.cpp.o
/usr/bin/c++   -fvisibility-inlines-hidden -fmessage-length=0 -march=nocona -mtune=haswell -ftree-vectorize -fPIC -fstack-protector-strong -fno-plt -O2 -ffunction-sections -pipe -isystem /home/sophie/miniconda3/include  -I/home/sophie/miniconda3/targets/x86_64-linux/include  -L/home/sophie/miniconda3/targets/x86_64-linux/lib -L/home/sophie/miniconda3/targets/x86_64-linux/lib/stubs    -v -o CMakeFiles/cmTC_6f3c7.dir/CMakeCXXCompilerABI.cpp.o -c /usr/share/cmake-3.22/Modules/CMakeCXXCompilerABI.cpp
Using built-in specs.
COLLECT_GCC=/usr/bin/c++
OFFLOAD_TARGET_NAMES=nvptx-none:amdgcn-amdhsa
OFFLOAD_TARGET_DEFAULT=1
Target: x86_64-linux-gnu
Configured with: ../src/configure -v --with-pkgversion='Ubuntu 11.4.0-1ubuntu1~22.04.3' --with-bugurl=file:///usr/share/doc/gcc-11/README.Bugs --enable-languages=c,ada,c++,go,brig,d,fortran,objc,obj-c++,m2 --prefix=/usr --with-gcc-major-version-only --program-suffix=-11 --program-prefix=x86_64-linux-gnu- --enable-shared --enable-linker-build-id --libexecdir=/usr/lib --without-included-gettext --enable-threads=posix --libdir=/usr/lib --enable-nls --enable-bootstrap --enable-clocale=gnu --enable-libstdcxx-debug --enable-libstdcxx-time=yes --with-default-libstdcxx-abi=new --enable-gnu-unique-object --disable-vtable-verify --enable-plugin --enable-default-pie --with-system-zlib --enable-libphobos-checking=release --with-target-system-zlib=auto --enable-objc-gc=auto --enable-multiarch --disable-werror --enable-cet --with-arch-32=i686 --with-abi=m64 --with-multilib-list=m32,m64,mx32 --enable-multilib --with-tune=generic --enable-offload-targets=nvptx-none=/build/gcc-11-0odw26/gcc-11-11.4.0/debian/tmp-nvptx/usr,amdgcn-amdhsa=/build/gcc-11-0odw26/gcc-11-11.4.0/debian/tmp-gcn/usr --without-cuda-driver --enable-checking=release --build=x86_64-linux-gnu --host=x86_64-linux-gnu --target=x86_64-linux-gnu --with-build-config=bootstrap-lto-lean --enable-link-serialization=2
Thread model: posix
Supported LTO compression algorithms: zlib zstd
gcc version 11.4.0 (Ubuntu 11.4.0-1ubuntu1~22.04.3) 
COLLECT_GCC_OPTIONS='-fvisibility-inlines-hidden' '-fmessage-length=0' '-march=nocona' '-mtune=haswell' '-ftree-vectorize' '-fPIC' '-fstack-protector-strong' '-fno-plt' '-O2' '-ffunction-sections' '-pipe' '-isystem' '/home/sophie/miniconda3/include' '-I' '/home/sophie/miniconda3/targets/x86_64-linux/include' '-L/home/sophie/miniconda3/targets/x86_64-linux/lib' '-L/home/sophie/miniconda3/targets/x86_64-linux/lib/stubs' '-v' '-o' 'CMakeFiles/cmTC_6f3c7.dir/CMakeCXXCompilerABI.cpp.o' '-c' '-shared-libgcc' '-dumpdir' 'CMakeFiles/cmTC_6f3c7.dir/'
 /usr/lib/gcc/x86_64-linux-gnu/11/cc1plus -quiet -v -I /home/sophie/miniconda3/targets/x86_64-linux/include -imultiarch x86_64-linux-gnu -D_GNU_SOURCE -isystem /home/sophie/miniconda3/include /usr/share/cmake-3.22/Modules/CMakeCXXCompilerABI.cpp -quiet -dumpdir CMakeFiles/cmTC_6f3c7.dir/ -dumpbase CMakeCXXCompilerABI.cpp.cpp -dumpbase-ext .cpp -march=nocona -mtune=haswell -O2 -version -fvisibility-inlines-hidden -fmessage-length=0 -ftree-vectorize -fPIC -fstack-protector-strong -fno-plt -ffunction-sections -fasynchronous-unwind-tables -fstack-protector-strong -Wformat -Wformat-security -fstack-clash-protection -fcf-protection -o - |
 as -v -I /home/sophie/miniconda3/targets/x86_64-linux/include --64 -o CMakeFiles/cmTC_6f3c7.dir/CMakeCXXCompilerABI.cpp.o
GNU assembler version 2.38 (x86_64-linux-gnu) using BFD version (GNU Binutils for Ubuntu) 2.38
GNU C++17 (Ubuntu 11.4.0-1ubuntu1~22.04.3) version 11.4.0 (x86_64-linux-gnu)
	compiled by GNU C version 11.4.0, GMP version 6.2.1, MPFR version 4.1.0, MPC version 1.2.1, isl version isl-0.24-GMP

GGC heuristics: --param ggc-min-expand=100 --param ggc-min-heapsize=131072
ignoring duplicate directory "/usr/include/x86_64-linux-gnu/c++/11"
ignoring nonexistent directory "/usr/local/include/x86_64-linux-gnu"
ignoring nonexistent directory "/usr/lib/gcc/x86_64-linux-gnu/11/include-fixed"
ignoring nonexistent directory "/usr/lib/gcc/x86_64-linux-gnu/11/../../../../x86_64-linux-gnu/include"
#include "..." search starts here:
#include <...> search starts here:
 /home/sophie/miniconda3/targets/x86_64-linux/include
 /home/sophie/miniconda3/include
 /usr/include/c++/11
 /usr/include/x86_64-linux-gnu/c++/11
 /usr/include/c++/11/backward
 /usr/lib/gcc/x86_64-linux-gnu/11/include
 /usr/local/include
 /usr/include/x86_64-linux-gnu
 /usr/include
End of search list.
GNU C++17 (Ubuntu 11.4.0-1ubuntu1~22.04.3) version 11.4.0 (x86_64-linux-gnu)
	compiled by GNU C version 11.4.0, GMP version 6.2.1, MPFR version 4.1.0, MPC version 1.2.1, isl version isl-0.24-GMP

GGC heuristics: --param ggc-min-expand=100 --param ggc-min-heapsize=131072
Compiler executable checksum: ac7fa628ee459f217e6fdb88b3db0bde
COMPILER_PATH=/usr/lib/gcc/x86_64-linux-gnu/11/:/usr/lib/gcc/x86_64-linux-gnu/11/:/usr/lib/gcc/x86_64-linux-gnu/:/usr/lib/gcc/x86_64-linux-gnu/11/:/usr/lib/gcc/x86_64-linux-gnu/
LIBRARY_PATH=/usr/lib/gcc/x86_64-linux-gnu/11/:/usr/lib/gcc/x86_64-linux-gnu/11/../../../x86_64-linux-gnu/:/usr/lib/gcc/x86_64-linux-gnu/11/../../../../lib/:/lib/x86_64-linux-gnu/:/lib/../lib/:/usr/lib/x86_64-linux-gnu/:/usr/lib/../lib/:/usr/lib/gcc/x86_64-linux-gnu/11/../../../:/lib/:/usr/lib/
COLLECT_GCC_OPTIONS='-fvisibility-inlines-hidden' '-fmessage-length=0' '-march=nocona' '-mtune=haswell' '-ftree-vectorize' '-fPIC' '-fstack-protector-strong' '-fno-plt' '-O2' '-ffunction-sections' '-pipe' '-isystem' '/home/sophie/miniconda3/include' '-I' '/home/sophie/miniconda3/targets/x86_64-linux/include' '-L/home/sophie/miniconda3/targets/x86_64-linux/lib' '-L/home/sophie/miniconda3/targets/x86_64-linux/lib/stubs' '-v' '-o' 'CMakeFiles/cmTC_6f3c7.dir/CMakeCXXCompilerABI.cpp.o' '-c' '-shared-libgcc' '-dumpdir' 'CMakeFiles/cmTC_6f3c7.dir/CMakeCXXCompilerABI.cpp.'
Linking CXX executable cmTC_6f3c7
/usr/bin/cmake -E cmake_link_script CMakeFiles/cmTC_6f3c7.dir/link.txt --verbose=1
/usr/bin/c++ -fvisibility-inlines-hidden -fmessage-length=0 -march=nocona -mtune=haswell -ftree-vectorize -fPIC -fstack-protector-strong -fno-plt -O2 -ffunction-sections -pipe -isystem /home/sophie/miniconda3/include  -I/home/sophie/miniconda3/targets/x86_64-linux/include  -L/home/sophie/miniconda3/targets/x86_64-linux/lib -L/home/sophie/miniconda3/targets/x86_64-linux/lib/stubs  -Wl,-O2 -Wl,--sort-common -Wl,--as-needed -Wl,-z,relro -Wl,-z,now -Wl,--disable-new-dtags -Wl,--gc-sections -Wl,-rpath,/home/sophie/miniconda3/lib -Wl,-rpath-link,/home/sophie/miniconda3/lib -L/home/sophie/miniconda3/lib  -L/home/sophie/miniconda3/targets/x86_64-linux/lib -L/home/sophie/miniconda3/targets/x86_64-linux/lib/stubs -v CMakeFiles/cmTC_6f3c7.dir/CMakeCXXCompilerABI.cpp.o -o cmTC_6f3c7 
Using built-in specs.
COLLECT_GCC=/usr/bin/c++
COLLECT_LTO_WRAPPER=/usr/lib/gcc/x86_64-linux-gnu/11/lto-wrapper
OFFLOAD_TARGET_NAMES=nvptx-none:amdgcn-amdhsa
OFFLOAD_TARGET_DEFAULT=1
Target: x86_64-linux-gnu
Configured with: ../src/configure -v --with-pkgversion='Ubuntu 11.4.0-1ubuntu1~22.04.3' --with-bugurl=file:///usr/share/doc/gcc-11/README.Bugs --enable-languages=c,ada,c++,go,brig,d,fortran,objc,obj-c++,m2 --prefix=/usr --with-gcc-major-version-only --program-suffix=-11 --program-prefix=x86_64-linux-gnu- --enable-shared --enable-linker-build-id --libexecdir=/usr/lib --without-included-gettext --enable-threads=posix --libdir=/usr/lib --enable-nls --enable-bootstrap --enable-clocale=gnu --enable-libstdcxx-debug --enable-libstdcxx-time=yes --with-default-libstdcxx-abi=new --enable-gnu-unique-object --disable-vtable-verify --enable-plugin --enable-default-pie --with-system-zlib --enable-libphobos-checking=release --with-target-system-zlib=auto --enable-objc-gc=auto --enable-multiarch --disable-werror --enable-cet --with-arch-32=i686 --with-abi=m64 --with-multilib-list=m32,m64,mx32 --enable-multilib --with-tune=generic --enable-offload-targets=nvptx-none=/build/gcc-11-0odw26/gcc-11-11.4.0/debian/tmp-nvptx/usr,amdgcn-amdhsa=/build/gcc-11-0odw26/gcc-11-11.4.0/debian/tmp-gcn/usr --without-cuda-driver --enable-checking=release --build=x86_64-linux-gnu --host=x86_64-linux-gnu --target=x86_64-linux-gnu --with-build-config=bootstrap-lto-lean --enable-link-serialization=2
Thread model: posix
Supported LTO compression algorithms: zlib zstd
gcc version 11.4.0 (Ubuntu 11.4.0-1ubuntu1~22.04.3) 
COMPILER_PATH=/usr/lib/gcc/x86_64-linux-gnu/11/:/usr/lib/gcc/x86_64-linux-gnu/11/:/usr/lib/gcc/x86_64-linux-gnu/:/usr/lib/gcc/x86_64-linux-gnu/11/:/usr/lib/gcc/x86_64-linux-gnu/
LIBRARY_PATH=/usr/lib/gcc/x86_64-linux-gnu/11/:/usr/lib/gcc/x86_64-linux-gnu/11/../../../x86_64-linux-gnu/:/usr/lib/gcc/x86_64-linux-gnu/11/../../../../lib/:/lib/x86_64-linux-gnu/:/lib/../lib/:/usr/lib/x86_64-linux-gnu/:/usr/lib/../lib/:/usr/lib/gcc/x86_64-linux-gnu/11/../../../:/lib/:/usr/lib/
COLLECT_GCC_OPTIONS='-fvisibility-inlines-hidden' '-fmessage-length=0' '-march=nocona' '-mtune=haswell' '-ftree-vectorize' '-fPIC' '-fstack-protector-strong' '-fno-plt' '-O2' '-ffunction-sections' '-pipe' '-isystem' '/home/sophie/miniconda3/include' '-I' '/home/sophie/miniconda3/targets/x86_64-linux/include' '-L/home/sophie/miniconda3/targets/x86_64-linux/lib' '-L/home/sophie/miniconda3/targets/x86_64-linux/lib/stubs' '-L/home/sophie/miniconda3/lib' '-L/home/sophie/miniconda3/targets/x86_64-linux/lib' '-L/home/sophie/miniconda3/targets/x86_64-linux/lib/stubs' '-v' '-o' 'cmTC_6f3c7' '-shared-libgcc' '-dumpdir' 'cmTC_6f3c7.'
 /usr/lib/gcc/x86_64-linux-gnu/11/collect2 -plugin /usr/lib/gcc/x86_64-linux-gnu/11/liblto_plugin.so -plugin-opt=/usr/lib/gcc/x86_64-linux-gnu/11/lto-wrapper -plugin-opt=-fresolution=/tmp/ccSteD2w.res -plugin-opt=-pass-through=-lgcc_s -plugin-opt=-pass-through=-lgcc -plugin-opt=-pass-through=-lc -plugin-opt=-pass-through=-lgcc_s -plugin-opt=-pass-through=-lgcc --build-id --eh-frame-hdr -m elf_x86_64 --hash-style=gnu --as-needed -dynamic-linker /lib64/ld-linux-x86-64.so.2 -pie -z now -z relro -o cmTC_6f3c7 /usr/lib/gcc/x86_64-linux-gnu/11/../../../x86_64-linux-gnu/Scrt1.o /usr/lib/gcc/x86_64-linux-gnu/11/../../../x86_64-linux-gnu/crti.o /usr/lib/gcc/x86_64-linux-gnu/11/crtbeginS.o -L/home/sophie/miniconda3/targets/x86_64-linux/lib -L/home/sophie/miniconda3/targets/x86_64-linux/lib/stubs -L/home/sophie/miniconda3/lib -L/home/sophie/miniconda3/targets/x86_64-linux/lib -L/home/sophie/miniconda3/targets/x86_64-linux/lib/stubs -L/usr/lib/gcc/x86_64-linux-gnu/11 -L/usr/lib/gcc/x86_64-linux-gnu/11/../../../x86_64-linux-gnu -L/usr/lib/gcc/x86_64-linux-gnu/11/../../../../lib -L/lib/x86_64-linux-gnu -L/lib/../lib -L/usr/lib/x86_64-linux-gnu -L/usr/lib/../lib -L/usr/lib/gcc/x86_64-linux-gnu/11/../../.. -O2 --sort-common --as-needed -z relro -z now --disable-new-dtags --gc-sections -rpath /home/sophie/miniconda3/lib -rpath-link /home/sophie/miniconda3/lib CMakeFiles/cmTC_6f3c7.dir/CMakeCXXCompilerABI.cpp.o -lstdc++ -lm -lgcc_s -lgcc -lc -lgcc_s -lgcc /usr/lib/gcc/x86_64-linux-gnu/11/crtendS.o /usr/lib/gcc/x86_64-linux-gnu/11/../../../x86_64-linux-gnu/crtn.o
COLLECT_GCC_OPTIONS='-fvisibility-inlines-hidden' '-fmessage-length=0' '-march=nocona' '-mtune=haswell' '-ftree-vectorize' '-fPIC' '-fstack-protector-strong' '-fno-plt' '-O2' '-ffunction-sections' '-pipe' '-isystem' '/home/sophie/miniconda3/include' '-I' '/home/sophie/miniconda3/targets/x86_64-linux/include' '-L/home/sophie/miniconda3/targets/x86_64-linux/lib' '-L/home/sophie/miniconda3/targets/x86_64-linux/lib/stubs' '-L/home/sophie/miniconda3/lib' '-L/home/sophie/miniconda3/targets/x86_64-linux/lib' '-L/home/sophie/miniconda3/targets/x86_64-linux/lib/stubs' '-v' '-o' 'cmTC_6f3c7' '-shared-libgcc' '-dumpdir' 'cmTC_6f3c7.'
gmake[1]: Leaving directory '/home/sophie/isaac_lab/isaac_ws/rl_code/soarm100sim/ros2/build/soarm100_interfaces/CMakeFiles/CMakeTmp'



Parsed CXX implicit include dir info from above output: rv=done
  found start of include info
  found start of implicit include info
    add: [/home/sophie/miniconda3/targets/x86_64-linux/include]
    add: [/home/sophie/miniconda3/include]
    add: [/usr/include/c++/11]
    add: [/usr/include/x86_64-linux-gnu/c++/11]
    add: [/usr/include/c++/11/backward]
    add: [/usr/lib/gcc/x86_64-linux-gnu/11/include]
    add: [/usr/local/include]
    add: [/usr/include/x86_64-linux-gnu]
    add: [/usr/include]
  end of search list found
  collapse include dir [/home/sophie/miniconda3/targets/x86_64-linux/include] ==> [/home/sophie/miniconda3/targets/x86_64-linux/include]
  collapse include dir [/home/sophie/miniconda3/include] ==> [/home/sophie/miniconda3/include]
  collapse include dir [/usr/include/c++/11] ==> [/usr/include/c++/11]
  collapse include dir [/usr/include/x86_64-linux-gnu/c++/11] ==> [/usr/include/x86_64-linux-gnu/c++/11]
  collapse include dir [/usr/include/c++/11/backward] ==> [/usr/include/c++/11/backward]
  collapse include dir [/usr/lib/gcc/x86_64-linux-gnu/11/include] ==> [/usr/lib/gcc/x86_64-linux-gnu/11/include]
  collapse include dir [/usr/local/include] ==> [/usr/local/include]
  collapse include dir [/usr/include/x86_64-linux-gnu] ==> [/usr/include/x86_64-linux-gnu]
  collapse include dir [/usr/include] ==> [/usr/include]
  implicit include dirs: [/home/sophie/miniconda3/targets/x86_64-linux/include;/home/sophie/miniconda3/include;/usr/include/c++/11;/usr/include/x86_64-linux-gnu/c++/11;/usr/include/c++/11/backward;/usr/lib/gcc/x86_64-linux-gnu/11/include;/usr/local/include;/usr/include/x86_64-linux-gnu;/usr/include]


Parsed CXX implicit link information from above output:
  link line regex: [^( *|.*[/\])(ld|CMAKE_LINK_STARTFILE-NOTFOUND|([^/\]+-)?ld|collect2)[^/\]*( |$)]
  ignore line: [Change Dir: /home/sophie/isaac_lab/isaac_ws/rl_code/soarm100sim/ros2/build/soarm100_interfaces/CMakeFiles/CMakeTmp]
  ignore line: []
  ignore line: [Run Build Command(s):/usr/bin/gmake -f Makefile cmTC_6f3c7/fast && /usr/bin/gmake  -f CMakeFiles/cmTC_6f3c7.dir/build.make CMakeFiles/cmTC_6f3c7.dir/build]
  ignore line: [gmake[1]: Entering directory '/home/sophie/isaac_lab/isaac_ws/rl_code/soarm100sim/ros2/build/soarm100_interfaces/CMakeFiles/CMakeTmp']
  ignore line: [Building CXX object CMakeFiles/cmTC_6f3c7.dir/CMakeCXXCompilerABI.cpp.o]
  ignore line: [/usr/bin/c++   -fvisibility-inlines-hidden -fmessage-length=0 -march=nocona -mtune=haswell -ftree-vectorize -fPIC -fstack-protector-strong -fno-plt -O2 -ffunction-sections -pipe -isystem /home/sophie/miniconda3/include  -I/home/sophie/miniconda3/targets/x86_64-linux/include  -L/home/sophie/miniconda3/targets/x86_64-linux/lib -L/home/sophie/miniconda3/targets/x86_64-linux/lib/stubs    -v -o CMakeFiles/cmTC_6f3c7.dir/CMakeCXXCompilerABI.cpp.o -c /usr/share/cmake-3.22/Modules/CMakeCXXCompilerABI.cpp]
  ignore line: [Using built-in specs.]
  ignore line: [COLLECT_GCC=/usr/bin/c++]
  ignore line: [OFFLOAD_TARGET_NAMES=nvptx-none:amdgcn-amdhsa]
  ignore line: [OFFLOAD_TARGET_DEFAULT=1]
  ignore line: [Target: x86_64-linux-gnu]
  ignore line: [Configured with: ../src/configure -v --with-pkgversion='Ubuntu 11.4.0-1ubuntu1~22.04.3' --with-bugurl=file:///usr/share/doc/gcc-11/README.Bugs --enable-languages=c ada c++ go brig d fortran objc obj-c++ m2 --prefix=/usr --with-gcc-major-version-only --program-suffix=-11 --program-prefix=x86_64-linux-gnu- --enable-shared --enable-linker-build-id --libexecdir=/usr/lib --without-included-gettext --enable-threads=posix --libdir=/usr/lib --enable-nls --enable-bootstrap --enable-clocale=gnu --enable-libstdcxx-debug --enable-libstdcxx-time=yes --with-default-libstdcxx-abi=new --enable-gnu-unique-object --disable-vtable-verify --enable-plugin --enable-default-pie --with-system-zlib --enable-libphobos-checking=release --with-target-system-zlib=auto --enable-objc-gc=auto --enable-multiarch --disable-werror --enable-cet --with-arch-32=i686 --with-abi=m64 --with-multilib-list=m32 m64 mx32 --enable-multilib --with-tune=generic --enable-offload-targets=nvptx-none=/build/gcc-11-0odw26/gcc-11-11.4.0/debian/tmp-nvptx/usr amdgcn-amdhsa=/build/gcc-11-0odw26/gcc-11-11.4.0/debian/tmp-gcn/usr --without-cuda-driver --enable-checking=release --build=x86_64-linux-gnu --host=x86_64-linux-gnu --target=x86_64-linux-gnu --with-build-config=bootstrap-lto-lean --enable-link-serialization=2]
  ignore line: [Thread model: posix]
  ignore line: [Supported LTO compression algorithms: zlib zstd]
  ignore line: [gcc version 11.4.0 (Ubuntu 11.4.0-1ubuntu1~22.04.3) ]
  ignore line: [COLLECT_GCC_OPTIONS='-fvisibility-inlines-hidden' '-fmessage-length=0' '-march=nocona' '-mtune=haswell' '-ftree-vectorize' '-fPIC' '-fstack-protector-strong' '-fno-plt' '-O2' '-ffunction-sections' '-pipe' '-isystem' '/home/sophie/miniconda3/include' '-I' '/home/sophie/miniconda3/targets/x86_64-linux/include' '-L/home/sophie/miniconda3/targets/x86_64-linux/lib' '-L/home/sophie/miniconda3/targets/x86_64-linux/lib/stubs' '-v' '-o' 'CMakeFiles/cmTC_6f3c7.dir/CMakeCXXCompilerABI.cpp.o' '-c' '-shared-libgcc' '-dumpdir' 'CMakeFiles/cmTC_6f3c7.dir/']
  ignore line: [ /usr/lib/gcc/x86_64-linux-gnu/11/cc1plus -quiet -v -I /home/sophie/miniconda3/targets/x86_64-linux/include -imultiarch x86_64-linux-gnu -D_GNU_SOURCE -isystem /home/sophie/miniconda3/include /usr/share/cmake-3.22/Modules/CMakeCXXCompilerABI.cpp -quiet -dumpdir CMakeFiles/cmTC_6f3c7.dir/ -dumpbase CMakeCXXCompilerABI.cpp.cpp -dumpbase-ext .cpp -march=nocona -mtune=haswell -O2 -version -fvisibility-inlines-hidden -fmessage-length=0 -ftree-vectorize -fPIC -fstack-protector-strong -fno-plt -ffunction-sections -fasynchronous-unwind-tables -fstack-protector-strong -Wformat -Wformat-security -fstack-clash-protection -fcf-protection -o - |]
  ignore line: [ as -v -I /home/sophie/miniconda3/targets/x86_64-linux/include --64 -o CMakeFiles/cmTC_6f3c7.dir/CMakeCXXCompilerABI.cpp.o]
  ignore line: [GNU assembler version 2.38 (x86_64-linux-gnu) using BFD version (GNU Binutils for Ubuntu) 2.38]
  ignore line: [GNU C++17 (Ubuntu 11.4.0-1ubuntu1~22.04.3) version 11.4.0 (x86_64-linux-gnu)]
  ignore line: [	compiled by GNU C version 11.4.0  GMP version 6.2.1  MPFR version 4.1.0  MPC version 1.2.1  isl version isl-0.24-GMP]
  ignore line: []
  ignore line: [GGC heuristics: --param ggc-min-expand=100 --param ggc-min-heapsize=131072]
  ignore line: [ignoring duplicate directory "/usr/include/x86_64-linux-gnu/c++/11"]
  ignore line: [ignoring nonexistent directory "/usr/local/include/x86_64-linux-gnu"]
  ignore line: [ignoring nonexistent directory "/usr/lib/gcc/x86_64-linux-gnu/11/include-fixed"]
  ignore line: [ignoring nonexistent directory "/usr/lib/gcc/x86_64-linux-gnu/11/../../../../x86_64-linux-gnu/include"]
  ignore line: [#include "..." search starts here:]
  ignore line: [#include <...> search starts here:]
  ignore line: [ /home/sophie/miniconda3/targets/x86_64-linux/include]
  ignore line: [ /home/sophie/miniconda3/include]
  ignore line: [ /usr/include/c++/11]
  ignore line: [ /usr/include/x86_64-linux-gnu/c++/11]
  ignore line: [ /usr/include/c++/11/backward]
  ignore line: [ /usr/lib/gcc/x86_64-linux-gnu/11/include]
  ignore line: [ /usr/local/include]
  ignore line: [ /usr/include/x86_64-linux-gnu]
  ignore line: [ /usr/include]
  ignore line: [End of search list.]
  ignore line: [GNU C++17 (Ubuntu 11.4.0-1ubuntu1~22.04.3) version 11.4.0 (x86_64-linux-gnu)]
  ignore line: [	compiled by GNU C version 11.4.0  GMP version 6.2.1  MPFR version 4.1.0  MPC version 1.2.1  isl version isl-0.24-GMP]
  ignore line: []
  ignore line: [GGC heuristics: --param ggc-min-expand=100 --param ggc-min-heapsize=131072]
  ignore line: [Compiler executable checksum: ac7fa628ee459f217e6fdb88b3db0bde]
  ignore line: [COMPILER_PATH=/usr/lib/gcc/x86_64-linux-gnu/11/:/usr/lib/gcc/x86_64-linux-gnu/11/:/usr/lib/gcc/x86_64-linux-gnu/:/usr/lib/gcc/x86_64-linux-gnu/11/:/usr/lib/gcc/x86_64-linux-gnu/]
  ignore line: [LIBRARY_PATH=/usr/lib/gcc/x86_64-linux-gnu/11/:/usr/lib/gcc/x86_64-linux-gnu/11/../../../x86_64-linux-gnu/:/usr/lib/gcc/x86_64-linux-gnu/11/../../../../lib/:/lib/x86_64-linux-gnu/:/lib/../lib/:/usr/lib/x86_64-linux-gnu/:/usr/lib/../lib/:/usr/lib/gcc/x86_64-linux-gnu/11/../../../:/lib/:/usr/lib/]
  ignore line: [COLLECT_GCC_OPTIONS='-fvisibility-inlines-hidden' '-fmessage-length=0' '-march=nocona' '-mtune=haswell' '-ftree-vectorize' '-fPIC' '-fstack-protector-strong' '-fno-plt' '-O2' '-ffunction-sections' '-pipe' '-isystem' '/home/sophie/miniconda3/include' '-I' '/home/sophie/miniconda3/targets/x86_64-linux/include' '-L/home/sophie/miniconda3/targets/x86_64-linux/lib' '-L/home/sophie/miniconda3/targets/x86_64-linux/lib/stubs' '-v' '-o' 'CMakeFiles/cmTC_6f3c7.dir/CMakeCXXCompilerABI.cpp.o' '-c' '-shared-libgcc' '-dumpdir' 'CMakeFiles/cmTC_6f3c7.dir/CMakeCXXCompilerABI.cpp.']
  ignore line: [Linking CXX executable cmTC_6f3c7]
  ignore line: [/usr/bin/cmake -E cmake_link_script CMakeFiles/cmTC_6f3c7.dir/link.txt --verbose=1]
  ignore line: [/usr/bin/c++ -fvisibility-inlines-hidden -fmessage-length=0 -march=nocona -mtune=haswell -ftree-vectorize -fPIC -fstack-protector-strong -fno-plt -O2 -ffunction-sections -pipe -isystem /home/sophie/miniconda3/include  -I/home/sophie/miniconda3/targets/x86_64-linux/include  -L/home/sophie/miniconda3/targets/x86_64-linux/lib -L/home/sophie/miniconda3/targets/x86_64-linux/lib/stubs  -Wl -O2 -Wl --sort-common -Wl --as-needed -Wl -z relro -Wl -z now -Wl --disable-new-dtags -Wl --gc-sections -Wl -rpath /home/sophie/miniconda3/lib -Wl -rpath-link /home/sophie/miniconda3/lib -L/home/sophie/miniconda3/lib  -L/home/sophie/miniconda3/targets/x86_64-linux/lib -L/home/sophie/miniconda3/targets/x86_64-linux/lib/stubs -v CMakeFiles/cmTC_6f3c7.dir/CMakeCXXCompilerABI.cpp.o -o cmTC_6f3c7 ]
  ignore line: [Using built-in specs.]
  ignore line: [COLLECT_GCC=/usr/bin/c++]
  ignore line: [COLLECT_LTO_WRAPPER=/usr/lib/gcc/x86_64-linux-gnu/11/lto-wrapper]
  ignore line: [OFFLOAD_TARGET_NAMES=nvptx-none:amdgcn-amdhsa]
  ignore line: [OFFLOAD_TARGET_DEFAULT=1]
  ignore line: [Target: x86_64-linux-gnu]
  ignore line: [Configured with: ../src/configure -v --with-pkgversion='Ubuntu 11.4.0-1ubuntu1~22.04.3' --with-bugurl=file:///usr/share/doc/gcc-11/README.Bugs --enable-languages=c ada c++ go brig d fortran objc obj-c++ m2 --prefix=/usr --with-gcc-major-version-only --program-suffix=-11 --program-prefix=x86_64-linux-gnu- --enable-shared --enable-linker-build-id --libexecdir=/usr/lib --without-included-gettext --enable-threads=posix --libdir=/usr/lib --enable-nls --enable-bootstrap --enable-clocale=gnu --enable-libstdcxx-debug --enable-libstdcxx-time=yes --with-default-libstdcxx-abi=new --enable-gnu-unique-object --disable-vtable-verify --enable-plugin --enable-default-pie --with-system-zlib --enable-libphobos-checking=release --with-target-system-zlib=auto --enable-objc-gc=auto --enable-multiarch --disable-werror --enable-cet --with-arch-32=i686 --with-abi=m64 --with-multilib-list=m32 m64 mx32 --enable-multilib --with-tune=generic --enable-offload-targets=nvptx-none=/build/gcc-11-0odw26/gcc-11-11.4.0/debian/tmp-nvptx/usr amdgcn-amdhsa=/build/gcc-11-0odw26/gcc-11-11.4.0/debian/tmp-gcn/usr --without-cuda-driver --enable-checking=release --build=x86_64-linux-gnu --host=x86_64-linux-gnu --target=x86_64-linux-gnu --with-build-config=bootstrap-lto-lean --enable-link-serialization=2]
  ignore line: [Thread model: posix]
  ignore line: [Supported LTO compression algorithms: zlib zstd]
  ignore line: [gcc version 11.4.0 (Ubuntu 11.4.0-1ubuntu1~22.04.3) ]
  ignore line: [COMPILER_PATH=/usr/lib/gcc/x86_64-linux-gnu/11/:/usr/lib/gcc/x86_64-linux-gnu/11/:/usr/lib/gcc/x86_64-linux-gnu/:/usr/lib/gcc/x86_64-linux-gnu/11/:/usr/lib/gcc/x86_64-linux-gnu/]
  ignore line: [LIBRARY_PATH=/usr/lib/gcc/x86_64-linux-gnu/11/:/usr/lib/gcc/x86_64-linux-gnu/11/../../../x86_64-linux-gnu/:/usr/lib/gcc/x86_64-linux-gnu/11/../../../../lib/:/lib/x86_64-linux-gnu/:/lib/../lib/:/usr/lib/x86_64-linux-gnu/:/usr/lib/../lib/:/usr/lib/gcc/x86_64-linux-gnu/11/../../../:/lib/:/usr/lib/]
  ignore line: [COLLECT_GCC_OPTIONS='-fvisibility-inlines-hidden' '-fmessage-length=0' '-march=nocona' '-mtune=haswell' '-ftree-vectorize' '-fPIC' '-fstack-protector-strong' '-fno-plt' '-O2' '-ffunction-sections' '-pipe' '-isystem' '/home/sophie/miniconda3/include' '-I' '/home/sophie/miniconda3/targets/x86_64-linux/include' '-L/home/sophie/miniconda3/targets/x86_64-linux/lib' '-L/home/sophie/miniconda3/targets/x86_64-linux/lib/stubs' '-L/home/sophie/miniconda3/lib' '-L/home/sophie/miniconda3/targets/x86_64-linux/lib' '-L/home/sophie/miniconda3/targets/x86_64-linux/lib/stubs' '-v' '-o' 'cmTC_6f3c7' '-shared-libgcc' '-dumpdir' 'cmTC_6f3c7.']
  link line: [ /usr/lib/gcc/x86_64-linux-gnu/11/collect2 -plugin /usr/lib/gcc/x86_64-linux-gnu/11/liblto_plugin.so -plugin-opt=/usr/lib/gcc/x86_64-linux-gnu/11/lto-wrapper -plugin-opt=-fresolution=/tmp/ccSteD2w.res -plugin-opt=-pass-through=-lgcc_s -plugin-opt=-pass-through=-lgcc -plugin-opt=-pass-through=-lc -plugin-opt=-pass-through=-lgcc_s -plugin-opt=-pass-through=-lgcc --build-id --eh-frame-hdr -m elf_x86_64 --hash-style=gnu --as-needed -dynamic-linker /lib64/ld-linux-x86-64.so.2 -pie -z now -z relro -o cmTC_6f3c7 /usr/lib/gcc/x86_64-linux-gnu/11/../../../x86_64-linux-gnu/Scrt1.o /usr/lib/gcc/x86_64-linux-gnu/11/../../../x86_64-linux-gnu/crti.o /usr/lib/gcc/x86_64-linux-gnu/11/crtbeginS.o -L/home/sophie/miniconda3/targets/x86_64-linux/lib -L/home/sophie/miniconda3/targets/x86_64-linux/lib/stubs -L/home/sophie/miniconda3/lib -L/home/sophie/miniconda3/targets/x86_64-linux/lib -L/home/sophie/miniconda3/targets/x86_64-linux/lib/stubs -L/usr/lib/gcc/x86_64-linux-gnu/11 -L/usr/lib/gcc/x86_64-linux-gnu/11/../../../x86_64-linux-gnu -L/usr/lib/gcc/x86_64-linux-gnu/11/../../../../lib -L/lib/x86_64-linux-gnu -L/lib/../lib -L/usr/lib/x86_64-linux-gnu -L/usr/lib/../lib -L/usr/lib/gcc/x86_64-linux-gnu/11/../../.. -O2 --sort-common --as-needed -z relro -z now --disable-new-dtags --gc-sections -rpath /home/sophie/miniconda3/lib -rpath-link /home/sophie/miniconda3/lib CMakeFiles/cmTC_6f3c7.dir/CMakeCXXCompilerABI.cpp.o -lstdc++ -lm -lgcc_s -lgcc -lc -lgcc_s -lgcc /usr/lib/gcc/x86_64-linux-gnu/11/crtendS.o /usr/lib/gcc/x86_64-linux-gnu/11/../../../x86_64-linux-gnu/crtn.o]
    arg [/usr/lib/gcc/x86_64-linux-gnu/11/collect2] ==> ignore
    arg [-plugin] ==> ignore
    arg [/usr/lib/gcc/x86_64-linux-gnu/11/liblto_plugin.so] ==> ignore
    arg [-plugin-opt=/usr/lib/gcc/x86_64-linux-gnu/11/lto-wrapper] ==> ignore
    arg [-plugin-opt=-fresolution=/tmp/ccSteD2w.res] ==> ignore
    arg [-plugin-opt=-pass-through=-lgcc_s] ==> ignore
    arg [-plugin-opt=-pass-through=-lgcc] ==> ignore
    arg [-plugin-opt=-pass-through=-lc] ==> ignore
    arg [-plugin-opt=-pass-through=-lgcc_s] ==> ignore
    arg [-plugin-opt=-pass-through=-lgcc] ==> ignore
    arg [--build-id] ==> ignore
    arg [--eh-frame-hdr] ==> ignore
    arg [-m] ==> ignore
    arg [elf_x86_64] ==> ignore
    arg [--hash-style=gnu] ==> ignore
    arg [--as-needed] ==> ignore
    arg [-dynamic-linker] ==> ignore
    arg [/lib64/ld-linux-x86-64.so.2] ==> ignore
    arg [-pie] ==> ignore
    arg [-znow] ==> ignore
    arg [-zrelro] ==> ignore
    arg [-o] ==> ignore
    arg [cmTC_6f3c7] ==> ignore
    arg [/usr/lib/gcc/x86_64-linux-gnu/11/../../../x86_64-linux-gnu/Scrt1.o] ==> obj [/usr/lib/gcc/x86_64-linux-gnu/11/../../../x86_64-linux-gnu/Scrt1.o]
    arg [/usr/lib/gcc/x86_64-linux-gnu/11/../../../x86_64-linux-gnu/crti.o] ==> obj [/usr/lib/gcc/x86_64-linux-gnu/11/../../../x86_64-linux-gnu/crti.o]
    arg [/usr/lib/gcc/x86_64-linux-gnu/11/crtbeginS.o] ==> obj [/usr/lib/gcc/x86_64-linux-gnu/11/crtbeginS.o]
    arg [-L/home/sophie/miniconda3/targets/x86_64-linux/lib] ==> dir [/home/sophie/miniconda3/targets/x86_64-linux/lib]
    arg [-L/home/sophie/miniconda3/targets/x86_64-linux/lib/stubs] ==> dir [/home/sophie/miniconda3/targets/x86_64-linux/lib/stubs]
    arg [-L/home/sophie/miniconda3/lib] ==> dir [/home/sophie/miniconda3/lib]
    arg [-L/home/sophie/miniconda3/targets/x86_64-linux/lib] ==> dir [/home/sophie/miniconda3/targets/x86_64-linux/lib]
    arg [-L/home/sophie/miniconda3/targets/x86_64-linux/lib/stubs] ==> dir [/home/sophie/miniconda3/targets/x86_64-linux/lib/stubs]
    arg [-L/usr/lib/gcc/x86_64-linux-gnu/11] ==> dir [/usr/lib/gcc/x86_64-linux-gnu/11]
    arg [-L/usr/lib/gcc/x86_64-linux-gnu/11/../../../x86_64-linux-gnu] ==> dir [/usr/lib/gcc/x86_64-linux-gnu/11/../../../x86_64-linux-gnu]
    arg [-L/usr/lib/gcc/x86_64-linux-gnu/11/../../../../lib] ==> dir [/usr/lib/gcc/x86_64-linux-gnu/11/../../../../lib]
    arg [-L/lib/x86_64-linux-gnu] ==> dir [/lib/x86_64-linux-gnu]
    arg [-L/lib/../lib] ==> dir [/lib/../lib]
    arg [-L/usr/lib/x86_64-linux-gnu] ==> dir [/usr/lib/x86_64-linux-gnu]
    arg [-L/usr/lib/../lib] ==> dir [/usr/lib/../lib]
    arg [-L/usr/lib/gcc/x86_64-linux-gnu/11/../../..] ==> dir [/usr/lib/gcc/x86_64-linux-gnu/11/../../..]
    arg [-O2] ==> ignore
    arg [--sort-common] ==> ignore
    arg [--as-needed] ==> ignore
    arg [-zrelro] ==> ignore
    arg [-znow] ==> ignore
    arg [--disable-new-dtags] ==> ignore
    arg [--gc-sections] ==> ignore
    arg [-rpath] ==> ignore
    arg [/home/sophie/miniconda3/lib] ==> ignore
    arg [-rpath-link] ==> ignore
    arg [/home/sophie/miniconda3/lib] ==> ignore
    arg [CMakeFiles/cmTC_6f3c7.dir/CMakeCXXCompilerABI.cpp.o] ==> ignore
    arg [-lstdc++] ==> lib [stdc++]
    arg [-lm] ==> lib [m]
    arg [-lgcc_s] ==> lib [gcc_s]
    arg [-lgcc] ==> lib [gcc]
    arg [-lc] ==> lib [c]
    arg [-lgcc_s] ==> lib [gcc_s]
    arg [-lgcc] ==> lib [gcc]
    arg [/usr/lib/gcc/x86_64-linux-gnu/11/crtendS.o] ==> obj [/usr/lib/gcc/x86_64-linux-gnu/11/crtendS.o]
    arg [/usr/lib/gcc/x86_64-linux-gnu/11/../../../x86_64-linux-gnu/crtn.o] ==> obj [/usr/lib/gcc/x86_64-linux-gnu/11/../../../x86_64-linux-gnu/crtn.o]
  collapse obj [/usr/lib/gcc/x86_64-linux-gnu/11/../../../x86_64-linux-gnu/Scrt1.o] ==> [/usr/lib/x86_64-linux-gnu/Scrt1.o]
  collapse obj [/usr/lib/gcc/x86_64-linux-gnu/11/../../../x86_64-linux-gnu/crti.o] ==> [/usr/lib/x86_64-linux-gnu/crti.o]
  collapse obj [/usr/lib/gcc/x86_64-linux-gnu/11/../../../x86_64-linux-gnu/crtn.o] ==> [/usr/lib/x86_64-linux-gnu/crtn.o]
  collapse library dir [/home/sophie/miniconda3/targets/x86_64-linux/lib] ==> [/home/sophie/miniconda3/targets/x86_64-linux/lib]
  collapse library dir [/home/sophie/miniconda3/targets/x86_64-linux/lib/stubs] ==> [/home/sophie/miniconda3/targets/x86_64-linux/lib/stubs]
  collapse library dir [/home/sophie/miniconda3/lib] ==> [/home/sophie/miniconda3/lib]
  collapse library dir [/home/sophie/miniconda3/targets/x86_64-linux/lib] ==> [/home/sophie/miniconda3/targets/x86_64-linux/lib]
  collapse library dir [/home/sophie/miniconda3/targets/x86_64-linux/lib/stubs] ==> [/home/sophie/miniconda3/targets/x86_64-linux/lib/stubs]
  collapse library dir [/usr/lib/gcc/x86_64-linux-gnu/11] ==> [/usr/lib/gcc/x86_64-linux-gnu/11]
  collapse library dir [/usr/lib/gcc/x86_64-linux-gnu/11/../../../x86_64-linux-gnu] ==> [/usr/lib/x86_64-linux-gnu]
  collapse library dir [/usr/lib/gcc/x86_64-linux-gnu/11/../../../../lib] ==> [/usr/lib]
  collapse library dir [/lib/x86_64-linux-gnu] ==> [/lib/x86_64-linux-gnu]
  collapse library dir [/lib/../lib] ==> [/lib]
  collapse library dir [/usr/lib/x86_64-linux-gnu] ==> [/usr/lib/x86_64-linux-gnu]
  collapse library dir [/usr/lib/../lib] ==> [/usr/lib]
  collapse library dir [/usr/lib/gcc/x86_64-linux-gnu/11/../../..] ==> [/usr/lib]
  implicit libs: [stdc++;m;gcc_s;gcc;c;gcc_s;gcc]
  implicit objs: [/usr/lib/x86_64-linux-gnu/Scrt1.o;/usr/lib/x86_64-linux-gnu/crti.o;/usr/lib/gcc/x86_64-linux-gnu/11/crtbeginS.o;/usr/lib/gcc/x86_64-linux-gnu/11/crtendS.o;/usr/lib/x86_64-linux-gnu/crtn.o]
  implicit dirs: [/home/sophie/miniconda3/targets/x86_64-linux/lib;/home/sophie/miniconda3/targets/x86_64-linux/lib/stubs;/home/sophie/miniconda3/lib;/usr/lib/gcc/x86_64-linux-gnu/11;/usr/lib/x86_64-linux-gnu;/usr/lib;/lib/x86_64-linux-gnu;/lib]
  implicit fwks: []


The system is: Linux - 6.8.0-106-generic - x86_64
Compiling the C compiler identification source file "CMakeCCompilerId.c" succeeded.
Compiler: /usr/bin/cc 
Build flags: 
Id flags:  

The output was:
0


Compilation of the C compiler identification source "CMakeCCompilerId.c" produced "a.out"

The C compiler identification is GNU, found in "/home/sophie/isaac_lab/isaac_ws/rl_code/soarm100sim/ros2/build/soarm100_interfaces/CMakeFiles/3.22.1/CompilerIdC/a.out"

Compiling the CXX compiler identification source file "CMakeCXXCompilerId.cpp" succeeded.
Compiler: /usr/bin/c++ 
Build flags: -fvisibility-inlines-hidden;-fmessage-length=0;-march=nocona;-mtune=haswell;-ftree-vectorize;-fPIC;-fstack-protector-strong;-fno-plt;-O2;-ffunction-sections;-pipe;-isystem;/home/sophie/miniconda3/include;;-I/home/sophie/miniconda3/targets/x86_64-linux/include;;-L/home/sophie/miniconda3/targets/x86_64-linux/lib;-L/home/sophie/miniconda3/targets/x86_64-linux/lib/stubs
Id flags:  

The output was:
0


Compilation of the CXX compiler identification source "CMakeCXXCompilerId.cpp" produced "a.out"

The CXX compiler identification is GNU, found in "/home/sophie/isaac_lab/isaac_ws/rl_code/soarm100sim/ros2/build/soarm100_interfaces/CMakeFiles/3.22.1/CompilerIdCXX/a.out"

Detecting C compiler ABI info compiled with the following output:
Change Dir: /home/sophie/isaac_lab/isaac_ws/rl_code/soarm100sim/ros2/build/soarm100_interfaces/CMakeFiles/CMakeTmp

Run Build Command(s):/usr/bin/gmake -f Makefile cmTC_3c2c2/fast && /usr/bin/gmake  -f CMakeFiles/cmTC_3c2c2.dir/build.make CMakeFiles/cmTC_3c2c2.dir/build
gmake[1]: Entering directory '/home/sophie/isaac_lab/isaac_ws/rl_code/soarm100sim/ros2/build/soarm100_interfaces/CMakeFiles/CMakeTmp'
Building C object CMakeFiles/cmTC_3c2c2.dir/CMakeCCompilerABI.c.o
/usr/bin/cc   -v -o CMakeFiles/cmTC_3c2c2.dir/CMakeCCompilerABI.c.o -c /usr/share/cmake-3.22/Modules/CMakeCCompilerABI.c
Using built-in specs.
COLLECT_GCC=/usr/bin/cc
OFFLOAD_TARGET_NAMES=nvptx-none:amdgcn-amdhsa
OFFLOAD_TARGET_DEFAULT=1
Target: x86_64-linux-gnu
Configured with: ../src/configure -v --with-pkgversion='Ubuntu 11.4.0-1ubuntu1~22.04.3' --with-bugurl=file:///usr/share/doc/gcc-11/README.Bugs --enable-languages=c,ada,c++,go,brig,d,fortran,objc,obj-c++,m2 --prefix=/usr --with-gcc-major-version-only --program-suffix=-11 --program-prefix=x86_64-linux-gnu- --enable-shared --enable-linker-build-id --libexecdir=/usr/lib --without-included-gettext --enable-threads=posix --libdir=/usr/lib --enable-nls --enable-bootstrap --enable-clocale=gnu --enable-libstdcxx-debug --enable-libstdcxx-time=yes --with-default-libstdcxx-abi=new --enable-gnu-unique-object --disable-vtable-verify --enable-plugin --enable-default-pie --with-system-zlib --enable-libphobos-checking=release --with-target-system-zlib=auto --enable-objc-gc=auto --enable-multiarch --disable-werror --enable-cet --with-arch-32=i686 --with-abi=m64 --with-multilib-list=m32,m64,mx32 --enable-multilib --with-tune=generic --enable-offload-targets=nvptx-none=/build/gcc-11-0odw26/gcc-11-11.4.0/debian/tmp-nvptx/usr,amdgcn-amdhsa=/build/gcc-11-0odw26/gcc-11-11.4.0/debian/tmp-gcn/usr --without-cuda-driver --enable-checking=release --build=x86_64-linux-gnu --host=x86_64-linux-gnu --target=x86_64-linux-gnu --with-build-config=bootstrap-lto-lean --enable-link-serialization=2
Thread model: posix
Supported LTO compression algorithms: zlib zstd
gcc version 11.4.0 (Ubuntu 11.4.0-1ubuntu1~22.04.3) 
COLLECT_GCC_OPTIONS='-v' '-o' 'CMakeFiles/cmTC_3c2c2.dir/CMakeCCompilerABI.c.o' '-c' '-mtune=generic' '-march=x86-64' '-dumpdir' 'CMakeFiles/cmTC_3c2c2.dir/'
 /usr/lib/gcc/x86_64-linux-gnu/11/cc1 -quiet -v -imultiarch x86_64-linux-gnu /usr/share/cmake-3.22/Modules/CMakeCCompilerABI.c -quiet -dumpdir CMakeFiles/cmTC_3c2c2.dir/ -dumpbase CMakeCCompilerABI.c.c -dumpbase-ext .c -mtune=generic -march=x86-64 -version -fasynchronous-unwind-tables -fstack-protector-strong -Wformat -Wformat-security -fstack-clash-protection -fcf-protection -o /tmp/ccrnkm9S.s
GNU C17 (Ubuntu 11.4.0-1ubuntu1~22.04.3) version 11.4.0 (x86_64-linux-gnu)
	compiled by GNU C version 11.4.0, GMP version 6.2.1, MPFR version 4.1.0, MPC version 1.2.1, isl version isl-0.24-GMP

GGC heuristics: --param ggc-min-expand=100 --param ggc-min-heapsize=131072
ignoring nonexistent directory "/usr/local/include/x86_64-linux-gnu"
ignoring nonexistent directory "/usr/lib/gcc/x86_64-linux-gnu/11/include-fixed"
ignoring nonexistent directory "/usr/lib/gcc/x86_64-linux-gnu/11/../../../../x86_64-linux-gnu/include"
#include "..." search starts here:
#include <...> search starts here:
 /usr/lib/gcc/x86_64-linux-gnu/11/include
 /usr/local/include
 /usr/include/x86_64-linux-gnu
 /usr/include
End of search list.
GNU C17 (Ubuntu 11.4.0-1ubuntu1~22.04.3) version 11.4.0 (x86_64-linux-gnu)
	compiled by GNU C version 11.4.0, GMP version 6.2.1, MPFR version 4.1.0, MPC version 1.2.1, isl version isl-0.24-GMP

GGC heuristics: --param ggc-min-expand=100 --param ggc-min-heapsize=131072
Compiler executable checksum: 46ebede1f5b795a957a1e85cb61af9d8
COLLECT_GCC_OPTIONS='-v' '-o' 'CMakeFiles/cmTC_3c2c2.dir/CMakeCCompilerABI.c.o' '-c' '-mtune=generic' '-march=x86-64' '-dumpdir' 'CMakeFiles/cmTC_3c2c2.dir/'
 as -v --64 -o CMakeFiles/cmTC_3c2c2.dir/CMakeCCompilerABI.c.o /tmp/ccrnkm9S.s
GNU assembler version 2.38 (x86_64-linux-gnu) using BFD version (GNU Binutils for Ubuntu) 2.38
COMPILER_PATH=/usr/lib/gcc/x86_64-linux-gnu/11/:/usr/lib/gcc/x86_64-linux-gnu/11/:/usr/lib/gcc/x86_64-linux-gnu/:/usr/lib/gcc/x86_64-linux-gnu/11/:/usr/lib/gcc/x86_64-linux-gnu/
LIBRARY_PATH=/usr/lib/gcc/x86_64-linux-gnu/11/:/usr/lib/gcc/x86_64-linux-gnu/11/../../../x86_64-linux-gnu/:/usr/lib/gcc/x86_64-linux-gnu/11/../../../../lib/:/lib/x86_64-linux-gnu/:/lib/../lib/:/usr/lib/x86_64-linux-gnu/:/usr/lib/../lib/:/usr/lib/gcc/x86_64-linux-gnu/11/../../../:/lib/:/usr/lib/
COLLECT_GCC_OPTIONS='-v' '-o' 'CMakeFiles/cmTC_3c2c2.dir/CMakeCCompilerABI.c.o' '-c' '-mtune=generic' '-march=x86-64' '-dumpdir' 'CMakeFiles/cmTC_3c2c2.dir/CMakeCCompilerABI.c.'
Linking C executable cmTC_3c2c2
/usr/bin/cmake -E cmake_link_script CMakeFiles/cmTC_3c2c2.dir/link.txt --verbose=1
/usr/bin/cc -Wl,-O2 -Wl,--sort-common -Wl,--as-needed -Wl,-z,relro -Wl,-z,now -Wl,--disable-new-dtags -Wl,--gc-sections -Wl,-rpath,/home/sophie/miniconda3/lib -Wl,-rpath-link,/home/sophie/miniconda3/lib -L/home/sophie/miniconda3/lib  -L/home/sophie/miniconda3/targets/x86_64-linux/lib -L/home/sophie/miniconda3/targets/x86_64-linux/lib/stubs -v CMakeFiles/cmTC_3c2c2.dir/CMakeCCompilerABI.c.o -o cmTC_3c2c2 
Using built-in specs.
COLLECT_GCC=/usr/bin/cc
COLLECT_LTO_WRAPPER=/usr/lib/gcc/x86_64-linux-gnu/11/lto-wrapper
OFFLOAD_TARGET_NAMES=nvptx-none:amdgcn-amdhsa
OFFLOAD_TARGET_DEFAULT=1
Target: x86_64-linux-gnu
Configured with: ../src/configure -v --with-pkgversion='Ubuntu 11.4.0-1ubuntu1~22.04.3' --with-bugurl=file:///usr/share/doc/gcc-11/README.Bugs --enable-languages=c,ada,c++,go,brig,d,fortran,objc,obj-c++,m2 --prefix=/usr --with-gcc-major-version-only --program-suffix=-11 --program-prefix=x86_64-linux-gnu- --enable-shared --enable-linker-build-id --libexecdir=/usr/lib --without-included-gettext --enable-threads=posix --libdir=/usr/lib --enable-nls --enable-bootstrap --enable-clocale=gnu --enable-libstdcxx-debug --enable-libstdcxx-time=yes --with-default-libstdcxx-abi=new --enable-gnu-unique-object --disable-vtable-verify --enable-plugin --enable-default-pie --with-system-zlib --enable-libphobos-checking=release --with-target-system-zlib=auto --enable-objc-gc=auto --enable-multiarch --disable-werror --enable-cet --with-arch-32=i686 --with-abi=m64 --with-multilib-list=m32,m64,mx32 --enable-multilib --with-tune=generic --enable-offload-targets=nvptx-none=/build/gcc-11-0odw26/gcc-11-11.4.0/debian/tmp-nvptx/usr,amdgcn-amdhsa=/build/gcc-11-0odw26/gcc-11-11.4.0/debian/tmp-gcn/usr --without-cuda-driver --enable-checking=release --build=x86_64-linux-gnu --host=x86_64-linux-gnu --target=x86_64-linux-gnu --with-build-config=bootstrap-lto-lean --enable-link-serialization=2
Thread model: posix
Supported LTO compression algorithms: zlib zstd
gcc version 11.4.0 (Ubuntu 11.4.0-1ubuntu1~22.04.3) 
COMPILER_PATH=/usr/lib/gcc/x86_64-linux-gnu/11/:/usr/lib/gcc/x86_64-linux-gnu/11/:/usr/lib/gcc/x86_64-linux-gnu/:/usr/lib/gcc/x86_64-linux-gnu/11/:/usr/lib/gcc/x86_64-linux-gnu/
LIBRARY_PATH=/usr/lib/gcc/x86_64-linux-gnu/11/:/usr/lib/gcc/x86_64-linux-gnu/11/../../../x86_64-linux-gnu/:/usr/lib/gcc/x86_64-linux-gnu/11/../../../../lib/:/lib/x86_64-linux-gnu/:/lib/../lib/:/usr/lib/x86_64-linux-gnu/:/usr/lib/../lib/:/usr/lib/gcc/x86_64-linux-gnu/11/../../../:/lib/:/usr/lib/
COLLECT_GCC_OPTIONS='-L/home/sophie/miniconda3/lib' '-L/home/sophie/miniconda3/targets/x86_64-linux/lib' '-L/home/sophie/miniconda3/targets/x86_64-linux/lib/stubs' '-v' '-o' 'cmTC_3c2c2' '-mtune=generic' '-march=x86-64' '-dumpdir' 'cmTC_3c2c2.'
 /usr/lib/gcc/x86_64-linux-gnu/11/collect2 -plugin /usr/lib/gcc/x86_64-linux-gnu/11/liblto_plugin.so -plugin-opt=/usr/lib/gcc/x86_64-linux-gnu/11/lto-wrapper -plugin-opt=-fresolution=/tmp/ccbs9fKo.res -plugin-opt=-pass-through=-lgcc -plugin-opt=-pass-through=-lgcc_s -plugin-opt=-pass-through=-lc -plugin-opt=-pass-through=-lgcc -plugin-opt=-pass-through=-lgcc_s --build-id --eh-frame-hdr -m elf_x86_64 --hash-style=gnu --as-needed -dynamic-linker /lib64/ld-linux-x86-64.so.2 -pie -z now -z relro -o cmTC_3c2c2 /usr/lib/gcc/x86_64-linux-gnu/11/../../../x86_64-linux-gnu/Scrt1.o /usr/lib/gcc/x86_64-linux-gnu/11/../../../x86_64-linux-gnu/crti.o /usr/lib/gcc/x86_64-linux-gnu/11/crtbeginS.o -L/home/sophie/miniconda3/lib -L/home/sophie/miniconda3/targets/x86_64-linux/lib -L/home/sophie/miniconda3/targets/x86_64-linux/lib/stubs -L/usr/lib/gcc/x86_64-linux-gnu/11 -L/usr/lib/gcc/x86_64-linux-gnu/11/../../../x86_64-linux-gnu -L/usr/lib/gcc/x86_64-linux-gnu/11/../../../../lib -L/lib/x86_64-linux-gnu -L/lib/../lib -L/usr/lib/x86_64-linux-gnu -L/usr/lib/../lib -L/usr/lib/gcc/x86_64-linux-gnu/11/../../.. -O2 --sort-common --as-needed -z relro -z now --disable-new-dtags --gc-sections -rpath /home/sophie/miniconda3/lib -rpath-link /home/sophie/miniconda3/lib CMakeFiles/cmTC_3c2c2.dir/CMakeCCompilerABI.c.o -lgcc --push-state --as-needed -lgcc_s --pop-state -lc -lgcc --push-state --as-needed -lgcc_s --pop-state /usr/lib/gcc/x86_64-linux-gnu/11/crtendS.o /usr/lib/gcc/x86_64-linux-gnu/11/../../../x86_64-linux-gnu/crtn.o
COLLECT_GCC_OPTIONS='-L/home/sophie/miniconda3/lib' '-L/home/sophie/miniconda3/targets/x86_64-linux/lib' '-L/home/sophie/miniconda3/targets/x86_64-linux/lib/stubs' '-v' '-o' 'cmTC_3c2c2' '-mtune=generic' '-march=x86-64' '-dumpdir' 'cmTC_3c2c2.'
gmake[1]: Leaving directory '/home/sophie/isaac_lab/isaac_ws/rl_code/soarm100sim/ros2/build/soarm100_interfaces/CMakeFiles/CMakeTmp'



Parsed C implicit include dir info from above output: rv=done
  found start of include info
  found start of implicit include info
    add: [/usr/lib/gcc/x86_64-linux-gnu/11/include]
    add: [/usr/local/include]
    add: [/usr/include/x86_64-linux-gnu]
    add: [/usr/include]
  end of search list found
  collapse include dir [/usr/lib/gcc/x86_64-linux-gnu/11/include] ==> [/usr/lib/gcc/x86_64-linux-gnu/11/include]
  collapse include dir [/usr/local/include] ==> [/usr/local/include]
  collapse include dir [/usr/include/x86_64-linux-gnu] ==> [/usr/include/x86_64-linux-gnu]
  collapse include dir [/usr/include] ==> [/usr/include]
  implicit include dirs: [/usr/lib/gcc/x86_64-linux-gnu/11/include;/usr/local/include;/usr/include/x86_64-linux-gnu;/usr/include]


Parsed C implicit link information from above output:
  link line regex: [^( *|.*[/\])(ld|CMAKE_LINK_STARTFILE-NOTFOUND|([^/\]+-)?ld|collect2)[^/\]*( |$)]
  ignore line: [Change Dir: /home/sophie/isaac_lab/isaac_ws/rl_code/soarm100sim/ros2/build/soarm100_interfaces/CMakeFiles/CMakeTmp]
  ignore line: []
  ignore line: [Run Build Command(s):/usr/bin/gmake -f Makefile cmTC_3c2c2/fast && /usr/bin/gmake  -f CMakeFiles/cmTC_3c2c2.dir/build.make CMakeFiles/cmTC_3c2c2.dir/build]
  ignore line: [gmake[1]: Entering directory '/home/sophie/isaac_lab/isaac_ws/rl_code/soarm100sim/ros2/build/soarm100_interfaces/CMakeFiles/CMakeTmp']
  ignore line: [Building C object CMakeFiles/cmTC_3c2c2.dir/CMakeCCompilerABI.c.o]
  ignore line: [/usr/bin/cc   -v -o CMakeFiles/cmTC_3c2c2.dir/CMakeCCompilerABI.c.o -c /usr/share/cmake-3.22/Modules/CMakeCCompilerABI.c]
  ignore line: [Using built-in specs.]
  ignore line: [COLLECT_GCC=/usr/bin/cc]
  ignore line: [OFFLOAD_TARGET_NAMES=nvptx-none:amdgcn-amdhsa]
  ignore line: [OFFLOAD_TARGET_DEFAULT=1]
  ignore line: [Target: x86_64-linux-gnu]
  ignore line: [Configured with: ../src/configure -v --with-pkgversion='Ubuntu 11.4.0-1ubuntu1~22.04.3' --with-bugurl=file:///usr/share/doc/gcc-11/README.Bugs --enable-languages=c ada c++ go brig d fortran objc obj-c++ m2 --prefix=/usr --with-gcc-major-version-only --program-suffix=-11 --program-prefix=x86_64-linux-gnu- --enable-shared --enable-linker-build-id --libexecdir=/usr/lib --without-included-gettext --enable-threads=posix --libdir=/usr/lib --enable-nls --enable-bootstrap --enable-clocale=gnu --enable-libstdcxx-debug --enable-libstdcxx-time=yes --with-default-libstdcxx-abi=new --enable-gnu-unique-object --disable-vtable-verify --enable-plugin --enable-default-pie --with-system-zlib --enable-libphobos-checking=release --with-target-system-zlib=auto --enable-objc-gc=auto --enable-multiarch --disable-werror --enable-cet --with-arch-32=i686 --with-abi=m64 --with-multilib-list=m32 m64 mx32 --enable-multilib --with-tune=generic --enable-offload-targets=nvptx-none=/build/gcc-11-0odw26/gcc-11-11.4.0/debian/tmp-nvptx/usr amdgcn-amdhsa=/build/gcc-11-0odw26/gcc-11-11.4.0/debian/tmp-gcn/usr --without-cuda-driver --enable-checking=release --build=x86_64-linux-gnu --host=x86_64-linux-gnu --target=x86_64-linux-gnu --with-build-config=bootstrap-lto-lean --enable-link-serialization=2]
  ignore line: [Thread model: posix]
  ignore line: [Supported LTO compression algorithms: zlib zstd]
  ignore line: [gcc version 11.4.0 (Ubuntu 11.4.0-1ubuntu1~22.04.3) ]
  ignore line: [COLLECT_GCC_OPTIONS='-v' '-o' 'CMakeFiles/cmTC_3c2c2.dir/CMakeCCompilerABI.c.o' '-c' '-mtune=generic' '-march=x86-64' '-dumpdir' 'CMakeFiles/cmTC_3c2c2.dir/']
  ignore line: [ /usr/lib/gcc/x86_64-linux-gnu/11/cc1 -quiet -v -imultiarch x86_64-linux-gnu /usr/share/cmake-3.22/Modules/CMakeCCompilerABI.c -quiet -dumpdir CMakeFiles/cmTC_3c2c2.dir/ -dumpbase CMakeCCompilerABI.c.c -dumpbase-ext .c -mtune=generic -march=x86-64 -version -fasynchronous-unwind-tables -fstack-protector-strong -Wformat -Wformat-security -fstack-clash-protection -fcf-protection -o /tmp/ccrnkm9S.s]
  ignore line: [GNU C17 (Ubuntu 11.4.0-1ubuntu1~22.04.3) version 11.4.0 (x86_64-linux-gnu)]
  ignore line: [	compiled by GNU C version 11.4.0  GMP version 6.2.1  MPFR version 4.1.0  MPC version 1.2.1  isl version isl-0.24-GMP]
  ignore line: []
  ignore line: [GGC heuristics: --param ggc-min-expand=100 --param ggc-min-heapsize=131072]
  ignore line: [ignoring nonexistent directory "/usr/local/include/x86_64-linux-gnu"]
  ignore line: [ignoring nonexistent directory "/usr/lib/gcc/x86_64-linux-gnu/11/include-fixed"]
  ignore line: [ignoring nonexistent directory "/usr/lib/gcc/x86_64-linux-gnu/11/../../../../x86_64-linux-gnu/include"]
  ignore line: [#include "..." search starts here:]
  ignore line: [#include <...> search starts here:]
  ignore line: [ /usr/lib/gcc/x86_64-linux-gnu/11/include]
  ignore line: [ /usr/local/include]
  ignore line: [ /usr/include/x86_64-linux-gnu]
  ignore line: [ /usr/include]
  ignore line: [End of search list.]
  ignore line: [GNU C17 (Ubuntu 11.4.0-1ubuntu1~22.04.3) version 11.4.0 (x86_64-linux-gnu)]
  ignore line: [	compiled by GNU C version 11.4.0  GMP version 6.2.1  MPFR version 4.1.0  MPC version 1.2.1  isl version isl-0.24-GMP]
  ignore line: []
  ignore line: [GGC heuristics: --param ggc-min-expand=100 --param ggc-min-heapsize=131072]
  ignore line: [Compiler executable checksum: 46ebede1f5b795a957a1e85cb61af9d8]
  ignore line: [COLLECT_GCC_OPTIONS='-v' '-o' 'CMakeFiles/cmTC_3c2c2.dir/CMakeCCompilerABI.c.o' '-c' '-mtune=generic' '-march=x86-64' '-dumpdir' 'CMakeFiles/cmTC_3c2c2.dir/']
  ignore line: [ as -v --64 -o CMakeFiles/cmTC_3c2c2.dir/CMakeCCompilerABI.c.o /tmp/ccrnkm9S.s]
  ignore line: [GNU assembler version 2.38 (x86_64-linux-gnu) using BFD version (GNU Binutils for Ubuntu) 2.38]
  ignore line: [COMPILER_PATH=/usr/lib/gcc/x86_64-linux-gnu/11/:/usr/lib/gcc/x86_64-linux-gnu/11/:/usr/lib/gcc/x86_64-linux-gnu/:/usr/lib/gcc/x86_64-linux-gnu/11/:/usr/lib/gcc/x86_64-linux-gnu/]
  ignore line: [LIBRARY_PATH=/usr/lib/gcc/x86_64-linux-gnu/11/:/usr/lib/gcc/x86_64-linux-gnu/11/../../../x86_64-linux-gnu/:/usr/lib/gcc/x86_64-linux-gnu/11/../../../../lib/:/lib/x86_64-linux-gnu/:/lib/../lib/:/usr/lib/x86_64-linux-gnu/:/usr/lib/../lib/:/usr/lib/gcc/x86_64-linux-gnu/11/../../../:/lib/:/usr/lib/]
  ignore line: [COLLECT_GCC_OPTIONS='-v' '-o' 'CMakeFiles/cmTC_3c2c2.dir/CMakeCCompilerABI.c.o' '-c' '-mtune=generic' '-march=x86-64' '-dumpdir' 'CMakeFiles/cmTC_3c2c2.dir/CMakeCCompilerABI.c.']
  ignore line: [Linking C executable cmTC_3c2c2]
  ignore line: [/usr/bin/cmake -E cmake_link_script CMakeFiles/cmTC_3c2c2.dir/link.txt --verbose=1]
  ignore line: [/usr/bin/cc -Wl -O2 -Wl --sort-common -Wl --as-needed -Wl -z relro -Wl -z now -Wl --disable-new-dtags -Wl --gc-sections -Wl -rpath /home/sophie/miniconda3/lib -Wl -rpath-link /home/sophie/miniconda3/lib -L/home/sophie/miniconda3/lib  -L/home/sophie/miniconda3/targets/x86_64-linux/lib -L/home/sophie/miniconda3/targets/x86_64-linux/lib/stubs -v CMakeFiles/cmTC_3c2c2.dir/CMakeCCompilerABI.c.o -o cmTC_3c2c2 ]
  ignore line: [Using built-in specs.]
  ignore line: [COLLECT_GCC=/usr/bin/cc]
  ignore line: [COLLECT_LTO_WRAPPER=/usr/lib/gcc/x86_64-linux-gnu/11/lto-wrapper]
  ignore line: [OFFLOAD_TARGET_NAMES=nvptx-none:amdgcn-amdhsa]
  ignore line: [OFFLOAD_TARGET_DEFAULT=1]
  ignore line: [Target: x86_64-linux-gnu]
  ignore line: [Configured with: ../src/configure -v --with-pkgversion='Ubuntu 11.4.0-1ubuntu1~22.04.3' --with-bugurl=file:///usr/share/doc/gcc-11/README.Bugs --enable-languages=c ada c++ go brig d fortran objc obj-c++ m2 --prefix=/usr --with-gcc-major-version-only --program-suffix=-11 --program-prefix=x86_64-linux-gnu- --enable-shared --enable-linker-build-id --libexecdir=/usr/lib --without-included-gettext --enable-threads=posix --libdir=/usr/lib --enable-nls --enable-bootstrap --enable-clocale=gnu --enable-libstdcxx-debug --enable-libstdcxx-time=yes --with-default-libstdcxx-abi=new --enable-gnu-unique-object --disable-vtable-verify --enable-plugin --enable-default-pie --with-system-zlib --enable-libphobos-checking=release --with-target-system-zlib=auto --enable-objc-gc=auto --enable-multiarch --disable-werror --enable-cet --with-arch-32=i686 --with-abi=m64 --with-multilib-list=m32 m64 mx32 --enable-multilib --with-tune=generic --enable-offload-targets=nvptx-none=/build/gcc-11-0odw26/gcc-11-11.4.0/debian/tmp-nvptx/usr amdgcn-amdhsa=/build/gcc-11-0odw26/gcc-11-11.4.0/debian/tmp-gcn/usr --without-cuda-driver --enable-checking=release --build=x86_64-linux-gnu --host=x86_64-linux-gnu --target=x86_64-linux-gnu --with-build-config=bootstrap-lto-lean --enable-link-serialization=2]
  ignore line: [Thread model: posix]
  ignore line: [Supported LTO compression algorithms: zlib zstd]
  ignore line: [gcc version 11.4.0 (Ubuntu 11.4.0-1ubuntu1~22.04.3) ]
  ignore line: [COMPILER_PATH=/usr/lib/gcc/x86_64-linux-gnu/11/:/usr/lib/gcc/x86_64-linux-gnu/11/:/usr/lib/gcc/x86_64-linux-gnu/:/usr/lib/gcc/x86_64-linux-gnu/11/:/usr/lib/gcc/x86_64-linux-gnu/]
  ignore line: [LIBRARY_PATH=/usr/lib/gcc/x86_64-linux-gnu/11/:/usr/lib/gcc/x86_64-linux-gnu/11/../../../x86_64-linux-gnu/:/usr/lib/gcc/x86_64-linux-gnu/11/../../../../lib/:/lib/x86_64-linux-gnu/:/lib/../lib/:/usr/lib/x86_64-linux-gnu/:/usr/lib/../lib/:/usr/lib/gcc/x86_64-linux-gnu/11/../../../:/lib/:/usr/lib/]
  ignore line: [COLLECT_GCC_OPTIONS='-L/home/sophie/miniconda3/lib' '-L/home/sophie/miniconda3/targets/x86_64-linux/lib' '-L/home/sophie/miniconda3/targets/x86_64-linux/lib/stubs' '-v' '-o' 'cmTC_3c2c2' '-mtune=generic' '-march=x86-64' '-dumpdir' 'cmTC_3c2c2.']
  link line: [ /usr/lib/gcc/x86_64-linux-gnu/11/collect2 -plugin /usr/lib/gcc/x86_64-linux-gnu/11/liblto_plugin.so -plugin-opt=/usr/lib/gcc/x86_64-linux-gnu/11/lto-wrapper -plugin-opt=-fresolution=/tmp/ccbs9fKo.res -plugin-opt=-pass-through=-lgcc -plugin-opt=-pass-through=-lgcc_s -plugin-opt=-pass-through=-lc -plugin-opt=-pass-through=-lgcc -plugin-opt=-pass-through=-lgcc_s --build-id --eh-frame-hdr -m elf_x86_64 --hash-style=gnu --as-needed -dynamic-linker /lib64/ld-linux-x86-64.so.2 -pie -z now -z relro -o cmTC_3c2c2 /usr/lib/gcc/x86_64-linux-gnu/11/../../../x86_64-linux-gnu/Scrt1.o /usr/lib/gcc/x86_64-linux-gnu/11/../../../x86_64-linux-gnu/crti.o /usr/lib/gcc/x86_64-linux-gnu/11/crtbeginS.o -L/home/sophie/miniconda3/lib -L/home/sophie/miniconda3/targets/x86_64-linux/lib -L/home/sophie/miniconda3/targets/x86_64-linux/lib/stubs -L/usr/lib/gcc/x86_64-linux-gnu/11 -L/usr/lib/gcc/x86_64-linux-gnu/11/../../../x86_64-linux-gnu -L/usr/lib/gcc/x86_64-linux-gnu/11/../../../../lib -L/lib/x86_64-linux-gnu -L/lib/../lib -L/usr/lib/x86_64-linux-gnu -L/usr/lib/../lib -L/usr/lib/gcc/x86_64-linux-gnu/11/../../.. -O2 --sort-common --as-needed -z relro -z now --disable-new-dtags --gc-sections -rpath /home/sophie/miniconda3/lib -rpath-link /home/sophie/miniconda3/lib CMakeFiles/cmTC_3c2c2.dir/CMakeCCompilerABI.c.o -lgcc --push-state --as-needed -lgcc_s --pop-state -lc -lgcc --push-state --as-needed -lgcc_s --pop-state /usr/lib/gcc/x86_64-linux-gnu/11/crtendS.o /usr/lib/gcc/x86_64-linux-gnu/11/../../../x86_64-linux-gnu/crtn.o]
    arg [/usr/lib/gcc/x86_64-linux-gnu/11/collect2] ==> ignore
    arg [-plugin] ==> ignore
    arg [/usr/lib/gcc/x86_64-linux-gnu/11/liblto_plugin.so] ==> ignore
    arg [-plugin-opt=/usr/lib/gcc/x86_64-linux-gnu/11/lto-wrapper] ==> ignore
    arg [-plugin-opt=-fresolution=/tmp/ccbs9fKo.res] ==> ignore
    arg [-plugin-opt=-pass-through=-lgcc] ==> ignore
    arg [-plugin-opt=-pass-through=-lgcc_s] ==> ignore
    arg [-plugin-opt=-pass-through=-lc] ==> ignore
    arg [-plugin-opt=-pass-through=-lgcc] ==> ignore
    arg [-plugin-opt=-pass-through=-lgcc_s] ==> ignore
    arg [--build-id] ==> ignore
    arg [--eh-frame-hdr] ==> ignore
    arg [-m] ==> ignore
    arg [elf_x86_64] ==> ignore
    arg [--hash-style=gnu] ==> ignore
    arg [--as-needed] ==> ignore
    arg [-dynamic-linker] ==> ignore
    arg [/lib64/ld-linux-x86-64.so.2] ==> ignore
    arg [-pie] ==> ignore
    arg [-znow] ==> ignore
    arg [-zrelro] ==> ignore
    arg [-o] ==> ignore
    arg [cmTC_3c2c2] ==> ignore
    arg [/usr/lib/gcc/x86_64-linux-gnu/11/../../../x86_64-linux-gnu/Scrt1.o] ==> obj [/usr/lib/gcc/x86_64-linux-gnu/11/../../../x86_64-linux-gnu/Scrt1.o]
    arg [/usr/lib/gcc/x86_64-linux-gnu/11/../../../x86_64-linux-gnu/crti.o] ==> obj [/usr/lib/gcc/x86_64-linux-gnu/11/../../../x86_64-linux-gnu/crti.o]
    arg [/usr/lib/gcc/x86_64-linux-gnu/11/crtbeginS.o] ==> obj [/usr/lib/gcc/x86_64-linux-gnu/11/crtbeginS.o]
    arg [-L/home/sophie/miniconda3/lib] ==> dir [/home/sophie/miniconda3/lib]
    arg [-L/home/sophie/miniconda3/targets/x86_64-linux/lib] ==> dir [/home/sophie/miniconda3/targets/x86_64-linux/lib]
    arg [-L/home/sophie/miniconda3/targets/x86_64-linux/lib/stubs] ==> dir [/home/sophie/miniconda3/targets/x86_64-linux/lib/stubs]
    arg [-L/usr/lib/gcc/x86_64-linux-gnu/11] ==> dir [/usr/lib/gcc/x86_64-linux-gnu/11]
    arg [-L/usr/lib/gcc/x86_64-linux-gnu/11/../../../x86_64-linux-gnu] ==> dir [/usr/lib/gcc/x86_64-linux-gnu/11/../../../x86_64-linux-gnu]
    arg [-L/usr/lib/gcc/x86_64-linux-gnu/11/../../../../lib] ==> dir [/usr/lib/gcc/x86_64-linux-gnu/11/../../../../lib]
    arg [-L/lib/x86_64-linux-gnu] ==> dir [/lib/x86_64-linux-gnu]
    arg [-L/lib/../lib] ==> dir [/lib/../lib]
    arg [-L/usr/lib/x86_64-linux-gnu] ==> dir [/usr/lib/x86_64-linux-gnu]
    arg [-L/usr/lib/../lib] ==> dir [/usr/lib/../lib]
    arg [-L/usr/lib/gcc/x86_64-linux-gnu/11/../../..] ==> dir [/usr/lib/gcc/x86_64-linux-gnu/11/../../..]
    arg [-O2] ==> ignore
    arg [--sort-common] ==> ignore
    arg [--as-needed] ==> ignore
    arg [-zrelro] ==> ignore
    arg [-znow] ==> ignore
    arg [--disable-new-dtags] ==> ignore
    arg [--gc-sections] ==> ignore
    arg [-rpath] ==> ignore
    arg [/home/sophie/miniconda3/lib] ==> ignore
    arg [-rpath-link] ==> ignore
    arg [/home/sophie/miniconda3/lib] ==> ignore
    arg [CMakeFiles/cmTC_3c2c2.dir/CMakeCCompilerABI.c.o] ==> ignore
    arg [-lgcc] ==> lib [gcc]
    arg [--push-state] ==> ignore
    arg [--as-needed] ==> ignore
    arg [-lgcc_s] ==> lib [gcc_s]
    arg [--pop-state] ==> ignore
    arg [-lc] ==> lib [c]
    arg [-lgcc] ==> lib [gcc]
    arg [--push-state] ==> ignore
    arg [--as-needed] ==> ignore
    arg [-lgcc_s] ==> lib [gcc_s]
    arg [--pop-state] ==> ignore
    arg [/usr/lib/gcc/x86_64-linux-gnu/11/crtendS.o] ==> obj [/usr/lib/gcc/x86_64-linux-gnu/11/crtendS.o]
    arg [/usr/lib/gcc/x86_64-linux-gnu/11/../../../x86_64-linux-gnu/crtn.o] ==> obj [/usr/lib/gcc/x86_64-linux-gnu/11/../../../x86_64-linux-gnu/crtn.o]
  collapse obj [/usr/lib/gcc/x86_64-linux-gnu/11/../../../x86_64-linux-gnu/Scrt1.o] ==> [/usr/lib/x86_64-linux-gnu/Scrt1.o]
  collapse obj [/usr/lib/gcc/x86_64-linux-gnu/11/../../../x86_64-linux-gnu/crti.o] ==> [/usr/lib/x86_64-linux-gnu/crti.o]
  collapse obj [/usr/lib/gcc/x86_64-linux-gnu/11/../../../x86_64-linux-gnu/crtn.o] ==> [/usr/lib/x86_64-linux-gnu/crtn.o]
  collapse library dir [/home/sophie/miniconda3/lib] ==> [/home/sophie/miniconda3/lib]
  collapse library dir [/home/sophie/miniconda3/targets/x86_64-linux/lib] ==> [/home/sophie/miniconda3/targets/x86_64-linux/lib]
  collapse library dir [/home/sophie/miniconda3/targets/x86_64-linux/lib/stubs] ==> [/home/sophie/miniconda3/targets/x86_64-linux/lib/stubs]
  collapse library dir [/usr/lib/gcc/x86_64-linux-gnu/11] ==> [/usr/lib/gcc/x86_64-linux-gnu/11]
  collapse library dir [/usr/lib/gcc/x86_64-linux-gnu/11/../../../x86_64-linux-gnu] ==> [/usr/lib/x86_64-linux-gnu]
  collapse library dir [/usr/lib/gcc/x86_64-linux-gnu/11/../../../../lib] ==> [/usr/lib]
  collapse library dir [/lib/x86_64-linux-gnu] ==> [/lib/x86_64-linux-gnu]
  collapse library dir [/lib/../lib] ==> [/lib]
  collapse library dir [/usr/lib/x86_64-linux-gnu] ==> [/usr/lib/x86_64-linux-gnu]
  collapse library dir [/usr/lib/../lib] ==> [/usr/lib]
  collapse library dir [/usr/lib/gcc/x86_64-linux-gnu/11/../../..] ==> [/usr/lib]
  implicit libs: [gcc;gcc_s;c;gcc;gcc_s]
  implicit objs: [/usr/lib/x86_64-linux-gnu/Scrt1.o;/usr/lib/x86_64-linux-gnu/crti.o;/usr/lib/gcc/x86_64-linux-gnu/11/crtbeginS.o;/usr/lib/gcc/x86_64-linux-gnu/11/crtendS.o;/usr/lib/x86_64-linux-gnu/crtn.o]
  implicit dirs: [/home/sophie/miniconda3/lib;/home/sophie/miniconda3/targets/x86_64-linux/lib;/home/sophie/miniconda3/targets/x86_64-linux/lib/stubs;/usr/lib/gcc/x86_64-linux-gnu/11;/usr/lib/x86_64-linux-gnu;/usr/lib;/lib/x86_64-linux-gnu;/lib]
  implicit fwks: []


Detecting CXX compiler ABI info compiled with the following output:
Change Dir: /home/sophie/isaac_lab/isaac_ws/rl_code/soarm100sim/ros2/build/soarm100_interfaces/CMakeFiles/CMakeTmp

Run Build Command(s):/usr/bin/gmake -f Makefile cmTC_c7e7c/fast && /usr/bin/gmake  -f CMakeFiles/cmTC_c7e7c.dir/build.make CMakeFiles/cmTC_c7e7c.dir/build
gmake[1]: Entering directory '/home/sophie/isaac_lab/isaac_ws/rl_code/soarm100sim/ros2/build/soarm100_interfaces/CMakeFiles/CMakeTmp'
Building CXX object CMakeFiles/cmTC_c7e7c.dir/CMakeCXXCompilerABI.cpp.o
/usr/bin/c++   -fvisibility-inlines-hidden -fmessage-length=0 -march=nocona -mtune=haswell -ftree-vectorize -fPIC -fstack-protector-strong -fno-plt -O2 -ffunction-sections -pipe -isystem /home/sophie/miniconda3/include  -I/home/sophie/miniconda3/targets/x86_64-linux/include  -L/home/sophie/miniconda3/targets/x86_64-linux/lib -L/home/sophie/miniconda3/targets/x86_64-linux/lib/stubs    -v -o CMakeFiles/cmTC_c7e7c.dir/CMakeCXXCompilerABI.cpp.o -c /usr/share/cmake-3.22/Modules/CMakeCXXCompilerABI.cpp
Using built-in specs.
COLLECT_GCC=/usr/bin/c++
OFFLOAD_TARGET_NAMES=nvptx-none:amdgcn-amdhsa
OFFLOAD_TARGET_DEFAULT=1
Target: x86_64-linux-gnu
Configured with: ../src/configure -v --with-pkgversion='Ubuntu 11.4.0-1ubuntu1~22.04.3' --with-bugurl=file:///usr/share/doc/gcc-11/README.Bugs --enable-languages=c,ada,c++,go,brig,d,fortran,objc,obj-c++,m2 --prefix=/usr --with-gcc-major-version-only --program-suffix=-11 --program-prefix=x86_64-linux-gnu- --enable-shared --enable-linker-build-id --libexecdir=/usr/lib --without-included-gettext --enable-threads=posix --libdir=/usr/lib --enable-nls --enable-bootstrap --enable-clocale=gnu --enable-libstdcxx-debug --enable-libstdcxx-time=yes --with-default-libstdcxx-abi=new --enable-gnu-unique-object --disable-vtable-verify --enable-plugin --enable-default-pie --with-system-zlib --enable-libphobos-checking=release --with-target-system-zlib=auto --enable-objc-gc=auto --enable-multiarch --disable-werror --enable-cet --with-arch-32=i686 --with-abi=m64 --with-multilib-list=m32,m64,mx32 --enable-multilib --with-tune=generic --enable-offload-targets=nvptx-none=/build/gcc-11-0odw26/gcc-11-11.4.0/debian/tmp-nvptx/usr,amdgcn-amdhsa=/build/gcc-11-0odw26/gcc-11-11.4.0/debian/tmp-gcn/usr --without-cuda-driver --enable-checking=release --build=x86_64-linux-gnu --host=x86_64-linux-gnu --target=x86_64-linux-gnu --with-build-config=bootstrap-lto-lean --enable-link-serialization=2
Thread model: posix
Supported LTO compression algorithms: zlib zstd
gcc version 11.4.0 (Ubuntu 11.4.0-1ubuntu1~22.04.3) 
COLLECT_GCC_OPTIONS='-fvisibility-inlines-hidden' '-fmessage-length=0' '-march=nocona' '-mtune=haswell' '-ftree-vectorize' '-fPIC' '-fstack-protector-strong' '-fno-plt' '-O2' '-ffunction-sections' '-pipe' '-isystem' '/home/sophie/miniconda3/include' '-I' '/home/sophie/miniconda3/targets/x86_64-linux/include' '-L/home/sophie/miniconda3/targets/x86_64-linux/lib' '-L/home/sophie/miniconda3/targets/x86_64-linux/lib/stubs' '-v' '-o' 'CMakeFiles/cmTC_c7e7c.dir/CMakeCXXCompilerABI.cpp.o' '-c' '-shared-libgcc' '-dumpdir' 'CMakeFiles/cmTC_c7e7c.dir/'
 /usr/lib/gcc/x86_64-linux-gnu/11/cc1plus -quiet -v -I /home/sophie/miniconda3/targets/x86_64-linux/include -imultiarch x86_64-linux-gnu -D_GNU_SOURCE -isystem /home/sophie/miniconda3/include /usr/share/cmake-3.22/Modules/CMakeCXXCompilerABI.cpp -quiet -dumpdir CMakeFiles/cmTC_c7e7c.dir/ -dumpbase CMakeCXXCompilerABI.cpp.cpp -dumpbase-ext .cpp -march=nocona -mtune=haswell -O2 -version -fvisibility-inlines-hidden -fmessage-length=0 -ftree-vectorize -fPIC -fstack-protector-strong -fno-plt -ffunction-sections -fasynchronous-unwind-tables -fstack-protector-strong -Wformat -Wformat-security -fstack-clash-protection -fcf-protection -o - |
 as -v -I /home/sophie/miniconda3/targets/x86_64-linux/include --64 -o CMakeFiles/cmTC_c7e7c.dir/CMakeCXXCompilerABI.cpp.o
GNU assembler version 2.38 (x86_64-linux-gnu) using BFD version (GNU Binutils for Ubuntu) 2.38
GNU C++17 (Ubuntu 11.4.0-1ubuntu1~22.04.3) version 11.4.0 (x86_64-linux-gnu)
	compiled by GNU C version 11.4.0, GMP version 6.2.1, MPFR version 4.1.0, MPC version 1.2.1, isl version isl-0.24-GMP

GGC heuristics: --param ggc-min-expand=100 --param ggc-min-heapsize=131072
ignoring duplicate directory "/usr/include/x86_64-linux-gnu/c++/11"
ignoring nonexistent directory "/usr/local/include/x86_64-linux-gnu"
ignoring nonexistent directory "/usr/lib/gcc/x86_64-linux-gnu/11/include-fixed"
ignoring nonexistent directory "/usr/lib/gcc/x86_64-linux-gnu/11/../../../../x86_64-linux-gnu/include"
#include "..." search starts here:
#include <...> search starts here:
 /home/sophie/miniconda3/targets/x86_64-linux/include
 /home/sophie/miniconda3/include
 /usr/include/c++/11
 /usr/include/x86_64-linux-gnu/c++/11
 /usr/include/c++/11/backward
 /usr/lib/gcc/x86_64-linux-gnu/11/include
 /usr/local/include
 /usr/include/x86_64-linux-gnu
 /usr/include
End of search list.
GNU C++17 (Ubuntu 11.4.0-1ubuntu1~22.04.3) version 11.4.0 (x86_64-linux-gnu)
	compiled by GNU C version 11.4.0, GMP version 6.2.1, MPFR version 4.1.0, MPC version 1.2.1, isl version isl-0.24-GMP

GGC heuristics: --param ggc-min-expand=100 --param ggc-min-heapsize=131072
Compiler executable checksum: ac7fa628ee459f217e6fdb88b3db0bde
COMPILER_PATH=/usr/lib/gcc/x86_64-linux-gnu/11/:/usr/lib/gcc/x86_64-linux-gnu/11/:/usr/lib/gcc/x86_64-linux-gnu/:/usr/lib/gcc/x86_64-linux-gnu/11/:/usr/lib/gcc/x86_64-linux-gnu/
LIBRARY_PATH=/usr/lib/gcc/x86_64-linux-gnu/11/:/usr/lib/gcc/x86_64-linux-gnu/11/../../../x86_64-linux-gnu/:/usr/lib/gcc/x86_64-linux-gnu/11/../../../../lib/:/lib/x86_64-linux-gnu/:/lib/../lib/:/usr/lib/x86_64-linux-gnu/:/usr/lib/../lib/:/usr/lib/gcc/x86_64-linux-gnu/11/../../../:/lib/:/usr/lib/
COLLECT_GCC_OPTIONS='-fvisibility-inlines-hidden' '-fmessage-length=0' '-march=nocona' '-mtune=haswell' '-ftree-vectorize' '-fPIC' '-fstack-protector-strong' '-fno-plt' '-O2' '-ffunction-sections' '-pipe' '-isystem' '/home/sophie/miniconda3/include' '-I' '/home/sophie/miniconda3/targets/x86_64-linux/include' '-L/home/sophie/miniconda3/targets/x86_64-linux/lib' '-L/home/sophie/miniconda3/targets/x86_64-linux/lib/stubs' '-v' '-o' 'CMakeFiles/cmTC_c7e7c.dir/CMakeCXXCompilerABI.cpp.o' '-c' '-shared-libgcc' '-dumpdir' 'CMakeFiles/cmTC_c7e7c.dir/CMakeCXXCompilerABI.cpp.'
Linking CXX executable cmTC_c7e7c
/usr/bin/cmake -E cmake_link_script CMakeFiles/cmTC_c7e7c.dir/link.txt --verbose=1
/usr/bin/c++ -fvisibility-inlines-hidden -fmessage-length=0 -march=nocona -mtune=haswell -ftree-vectorize -fPIC -fstack-protector-strong -fno-plt -O2 -ffunction-sections -pipe -isystem /home/sophie/miniconda3/include  -I/home/sophie/miniconda3/targets/x86_64-linux/include  -L/home/sophie/miniconda3/targets/x86_64-linux/lib -L/home/sophie/miniconda3/targets/x86_64-linux/lib/stubs  -Wl,-O2 -Wl,--sort-common -Wl,--as-needed -Wl,-z,relro -Wl,-z,now -Wl,--disable-new-dtags -Wl,--gc-sections -Wl,-rpath,/home/sophie/miniconda3/lib -Wl,-rpath-link,/home/sophie/miniconda3/lib -L/home/sophie/miniconda3/lib  -L/home/sophie/miniconda3/targets/x86_64-linux/lib -L/home/sophie/miniconda3/targets/x86_64-linux/lib/stubs -v CMakeFiles/cmTC_c7e7c.dir/CMakeCXXCompilerABI.cpp.o -o cmTC_c7e7c 
Using built-in specs.
COLLECT_GCC=/usr/bin/c++
COLLECT_LTO_WRAPPER=/usr/lib/gcc/x86_64-linux-gnu/11/lto-wrapper
OFFLOAD_TARGET_NAMES=nvptx-none:amdgcn-amdhsa
OFFLOAD_TARGET_DEFAULT=1
Target: x86_64-linux-gnu
Configured with: ../src/configure -v --with-pkgversion='Ubuntu 11.4.0-1ubuntu1~22.04.3' --with-bugurl=file:///usr/share/doc/gcc-11/README.Bugs --enable-languages=c,ada,c++,go,brig,d,fortran,objc,obj-c++,m2 --prefix=/usr --with-gcc-major-version-only --program-suffix=-11 --program-prefix=x86_64-linux-gnu- --enable-shared --enable-linker-build-id --libexecdir=/usr/lib --without-included-gettext --enable-threads=posix --libdir=/usr/lib --enable-nls --enable-bootstrap --enable-clocale=gnu --enable-libstdcxx-debug --enable-libstdcxx-time=yes --with-default-libstdcxx-abi=new --enable-gnu-unique-object --disable-vtable-verify --enable-plugin --enable-default-pie --with-system-zlib --enable-libphobos-checking=release --with-target-system-zlib=auto --enable-objc-gc=auto --enable-multiarch --disable-werror --enable-cet --with-arch-32=i686 --with-abi=m64 --with-multilib-list=m32,m64,mx32 --enable-multilib --with-tune=generic --enable-offload-targets=nvptx-none=/build/gcc-11-0odw26/gcc-11-11.4.0/debian/tmp-nvptx/usr,amdgcn-amdhsa=/build/gcc-11-0odw26/gcc-11-11.4.0/debian/tmp-gcn/usr --without-cuda-driver --enable-checking=release --build=x86_64-linux-gnu --host=x86_64-linux-gnu --target=x86_64-linux-gnu --with-build-config=bootstrap-lto-lean --enable-link-serialization=2
Thread model: posix
Supported LTO compression algorithms: zlib zstd
gcc version 11.4.0 (Ubuntu 11.4.0-1ubuntu1~22.04.3) 
COMPILER_PATH=/usr/lib/gcc/x86_64-linux-gnu/11/:/usr/lib/gcc/x86_64-linux-gnu/11/:/usr/lib/gcc/x86_64-linux-gnu/:/usr/lib/gcc/x86_64-linux-gnu/11/:/usr/lib/gcc/x86_64-linux-gnu/
LIBRARY_PATH=/usr/lib/gcc/x86_64-linux-gnu/11/:/usr/lib/gcc/x86_64-linux-gnu/11/../../../x86_64-linux-gnu/:/usr/lib/gcc/x86_64-linux-gnu/11/../../../../lib/:/lib/x86_64-linux-gnu/:/lib/../lib/:/usr/lib/x86_64-linux-gnu/:/usr/lib/../lib/:/usr/lib/gcc/x86_64-linux-gnu/11/../../../:/lib/:/usr/lib/
COLLECT_GCC_OPTIONS='-fvisibility-inlines-hidden' '-fmessage-length=0' '-march=nocona' '-mtune=haswell' '-ftree-vectorize' '-fPIC' '-fstack-protector-strong' '-fno-plt' '-O2' '-ffunction-sections' '-pipe' '-isystem' '/home/sophie/miniconda3/include' '-I' '/home/sophie/miniconda3/targets/x86_64-linux/include' '-L/home/sophie/miniconda3/targets/x86_64-linux/lib' '-L/home/sophie/miniconda3/targets/x86_64-linux/lib/stubs' '-L/home/sophie/miniconda3/lib' '-L/home/sophie/miniconda3/targets/x86_64-linux/lib' '-L/home/sophie/miniconda3/targets/x86_64-linux/lib/stubs' '-v' '-o' 'cmTC_c7e7c' '-shared-libgcc' '-dumpdir' 'cmTC_c7e7c.'
 /usr/lib/gcc/x86_64-linux-gnu/11/collect2 -plugin /usr/lib/gcc/x86_64-linux-gnu/11/liblto_plugin.so -plugin-opt=/usr/lib/gcc/x86_64-linux-gnu/11/lto-wrapper -plugin-opt=-fresolution=/tmp/ccARHHqn.res -plugin-opt=-pass-through=-lgcc_s -plugin-opt=-pass-through=-lgcc -plugin-opt=-pass-through=-lc -plugin-opt=-pass-through=-lgcc_s -plugin-opt=-pass-through=-lgcc --build-id --eh-frame-hdr -m elf_x86_64 --hash-style=gnu --as-needed -dynamic-linker /lib64/ld-linux-x86-64.so.2 -pie -z now -z relro -o cmTC_c7e7c /usr/lib/gcc/x86_64-linux-gnu/11/../../../x86_64-linux-gnu/Scrt1.o /usr/lib/gcc/x86_64-linux-gnu/11/../../../x86_64-linux-gnu/crti.o /usr/lib/gcc/x86_64-linux-gnu/11/crtbeginS.o -L/home/sophie/miniconda3/targets/x86_64-linux/lib -L/home/sophie/miniconda3/targets/x86_64-linux/lib/stubs -L/home/sophie/miniconda3/lib -L/home/sophie/miniconda3/targets/x86_64-linux/lib -L/home/sophie/miniconda3/targets/x86_64-linux/lib/stubs -L/usr/lib/gcc/x86_64-linux-gnu/11 -L/usr/lib/gcc/x86_64-linux-gnu/11/../../../x86_64-linux-gnu -L/usr/lib/gcc/x86_64-linux-gnu/11/../../../../lib -L/lib/x86_64-linux-gnu -L/lib/../lib -L/usr/lib/x86_64-linux-gnu -L/usr/lib/../lib -L/usr/lib/gcc/x86_64-linux-gnu/11/../../.. -O2 --sort-common --as-needed -z relro -z now --disable-new-dtags --gc-sections -rpath /home/sophie/miniconda3/lib -rpath-link /home/sophie/miniconda3/lib CMakeFiles/cmTC_c7e7c.dir/CMakeCXXCompilerABI.cpp.o -lstdc++ -lm -lgcc_s -lgcc -lc -lgcc_s -lgcc /usr/lib/gcc/x86_64-linux-gnu/11/crtendS.o /usr/lib/gcc/x86_64-linux-gnu/11/../../../x86_64-linux-gnu/crtn.o
COLLECT_GCC_OPTIONS='-fvisibility-inlines-hidden' '-fmessage-length=0' '-march=nocona' '-mtune=haswell' '-ftree-vectorize' '-fPIC' '-fstack-protector-strong' '-fno-plt' '-O2' '-ffunction-sections' '-pipe' '-isystem' '/home/sophie/miniconda3/include' '-I' '/home/sophie/miniconda3/targets/x86_64-linux/include' '-L/home/sophie/miniconda3/targets/x86_64-linux/lib' '-L/home/sophie/miniconda3/targets/x86_64-linux/lib/stubs' '-L/home/sophie/miniconda3/lib' '-L/home/sophie/miniconda3/targets/x86_64-linux/lib' '-L/home/sophie/miniconda3/targets/x86_64-linux/lib/stubs' '-v' '-o' 'cmTC_c7e7c' '-shared-libgcc' '-dumpdir' 'cmTC_c7e7c.'
gmake[1]: Leaving directory '/home/sophie/isaac_lab/isaac_ws/rl_code/soarm100sim/ros2/build/soarm100_interfaces/CMakeFiles/CMakeTmp'



Parsed CXX implicit include dir info from above output: rv=done
  found start of include info
  found start of implicit include info
    add: [/home/sophie/miniconda3/targets/x86_64-linux/include]
    add: [/home/sophie/miniconda3/include]
    add: [/usr/include/c++/11]
    add: [/usr/include/x86_64-linux-gnu/c++/11]
    add: [/usr/include/c++/11/backward]
    add: [/usr/lib/gcc/x86_64-linux-gnu/11/include]
    add: [/usr/local/include]
    add: [/usr/include/x86_64-linux-gnu]
    add: [/usr/include]
  end of search list found
  collapse include dir [/home/sophie/miniconda3/targets/x86_64-linux/include] ==> [/home/sophie/miniconda3/targets/x86_64-linux/include]
  collapse include dir [/home/sophie/miniconda3/include] ==> [/home/sophie/miniconda3/include]
  collapse include dir [/usr/include/c++/11] ==> [/usr/include/c++/11]
  collapse include dir [/usr/include/x86_64-linux-gnu/c++/11] ==> [/usr/include/x86_64-linux-gnu/c++/11]
  collapse include dir [/usr/include/c++/11/backward] ==> [/usr/include/c++/11/backward]
  collapse include dir [/usr/lib/gcc/x86_64-linux-gnu/11/include] ==> [/usr/lib/gcc/x86_64-linux-gnu/11/include]
  collapse include dir [/usr/local/include] ==> [/usr/local/include]
  collapse include dir [/usr/include/x86_64-linux-gnu] ==> [/usr/include/x86_64-linux-gnu]
  collapse include dir [/usr/include] ==> [/usr/include]
  implicit include dirs: [/home/sophie/miniconda3/targets/x86_64-linux/include;/home/sophie/miniconda3/include;/usr/include/c++/11;/usr/include/x86_64-linux-gnu/c++/11;/usr/include/c++/11/backward;/usr/lib/gcc/x86_64-linux-gnu/11/include;/usr/local/include;/usr/include/x86_64-linux-gnu;/usr/include]


Parsed CXX implicit link information from above output:
  link line regex: [^( *|.*[/\])(ld|CMAKE_LINK_STARTFILE-NOTFOUND|([^/\]+-)?ld|collect2)[^/\]*( |$)]
  ignore line: [Change Dir: /home/sophie/isaac_lab/isaac_ws/rl_code/soarm100sim/ros2/build/soarm100_interfaces/CMakeFiles/CMakeTmp]
  ignore line: []
  ignore line: [Run Build Command(s):/usr/bin/gmake -f Makefile cmTC_c7e7c/fast && /usr/bin/gmake  -f CMakeFiles/cmTC_c7e7c.dir/build.make CMakeFiles/cmTC_c7e7c.dir/build]
  ignore line: [gmake[1]: Entering directory '/home/sophie/isaac_lab/isaac_ws/rl_code/soarm100sim/ros2/build/soarm100_interfaces/CMakeFiles/CMakeTmp']
  ignore line: [Building CXX object CMakeFiles/cmTC_c7e7c.dir/CMakeCXXCompilerABI.cpp.o]
  ignore line: [/usr/bin/c++   -fvisibility-inlines-hidden -fmessage-length=0 -march=nocona -mtune=haswell -ftree-vectorize -fPIC -fstack-protector-strong -fno-plt -O2 -ffunction-sections -pipe -isystem /home/sophie/miniconda3/include  -I/home/sophie/miniconda3/targets/x86_64-linux/include  -L/home/sophie/miniconda3/targets/x86_64-linux/lib -L/home/sophie/miniconda3/targets/x86_64-linux/lib/stubs    -v -o CMakeFiles/cmTC_c7e7c.dir/CMakeCXXCompilerABI.cpp.o -c /usr/share/cmake-3.22/Modules/CMakeCXXCompilerABI.cpp]
  ignore line: [Using built-in specs.]
  ignore line: [COLLECT_GCC=/usr/bin/c++]
  ignore line: [OFFLOAD_TARGET_NAMES=nvptx-none:amdgcn-amdhsa]
  ignore line: [OFFLOAD_TARGET_DEFAULT=1]
  ignore line: [Target: x86_64-linux-gnu]
  ignore line: [Configured with: ../src/configure -v --with-pkgversion='Ubuntu 11.4.0-1ubuntu1~22.04.3' --with-bugurl=file:///usr/share/doc/gcc-11/README.Bugs --enable-languages=c ada c++ go brig d fortran objc obj-c++ m2 --prefix=/usr --with-gcc-major-version-only --program-suffix=-11 --program-prefix=x86_64-linux-gnu- --enable-shared --enable-linker-build-id --libexecdir=/usr/lib --without-included-gettext --enable-threads=posix --libdir=/usr/lib --enable-nls --enable-bootstrap --enable-clocale=gnu --enable-libstdcxx-debug --enable-libstdcxx-time=yes --with-default-libstdcxx-abi=new --enable-gnu-unique-object --disable-vtable-verify --enable-plugin --enable-default-pie --with-system-zlib --enable-libphobos-checking=release --with-target-system-zlib=auto --enable-objc-gc=auto --enable-multiarch --disable-werror --enable-cet --with-arch-32=i686 --with-abi=m64 --with-multilib-list=m32 m64 mx32 --enable-multilib --with-tune=generic --enable-offload-targets=nvptx-none=/build/gcc-11-0odw26/gcc-11-11.4.0/debian/tmp-nvptx/usr amdgcn-amdhsa=/build/gcc-11-0odw26/gcc-11-11.4.0/debian/tmp-gcn/usr --without-cuda-driver --enable-checking=release --build=x86_64-linux-gnu --host=x86_64-linux-gnu --target=x86_64-linux-gnu --with-build-config=bootstrap-lto-lean --enable-link-serialization=2]
  ignore line: [Thread model: posix]
  ignore line: [Supported LTO compression algorithms: zlib zstd]
  ignore line: [gcc version 11.4.0 (Ubuntu 11.4.0-1ubuntu1~22.04.3) ]
  ignore line: [COLLECT_GCC_OPTIONS='-fvisibility-inlines-hidden' '-fmessage-length=0' '-march=nocona' '-mtune=haswell' '-ftree-vectorize' '-fPIC' '-fstack-protector-strong' '-fno-plt' '-O2' '-ffunction-sections' '-pipe' '-isystem' '/home/sophie/miniconda3/include' '-I' '/home/sophie/miniconda3/targets/x86_64-linux/include' '-L/home/sophie/miniconda3/targets/x86_64-linux/lib' '-L/home/sophie/miniconda3/targets/x86_64-linux/lib/stubs' '-v' '-o' 'CMakeFiles/cmTC_c7e7c.dir/CMakeCXXCompilerABI.cpp.o' '-c' '-shared-libgcc' '-dumpdir' 'CMakeFiles/cmTC_c7e7c.dir/']
  ignore line: [ /usr/lib/gcc/x86_64-linux-gnu/11/cc1plus -quiet -v -I /home/sophie/miniconda3/targets/x86_64-linux/include -imultiarch x86_64-linux-gnu -D_GNU_SOURCE -isystem /home/sophie/miniconda3/include /usr/share/cmake-3.22/Modules/CMakeCXXCompilerABI.cpp -quiet -dumpdir CMakeFiles/cmTC_c7e7c.dir/ -dumpbase CMakeCXXCompilerABI.cpp.cpp -dumpbase-ext .cpp -march=nocona -mtune=haswell -O2 -version -fvisibility-inlines-hidden -fmessage-length=0 -ftree-vectorize -fPIC -fstack-protector-strong -fno-plt -ffunction-sections -fasynchronous-unwind-tables -fstack-protector-strong -Wformat -Wformat-security -fstack-clash-protection -fcf-protection -o - |]
  ignore line: [ as -v -I /home/sophie/miniconda3/targets/x86_64-linux/include --64 -o CMakeFiles/cmTC_c7e7c.dir/CMakeCXXCompilerABI.cpp.o]
  ignore line: [GNU assembler version 2.38 (x86_64-linux-gnu) using BFD version (GNU Binutils for Ubuntu) 2.38]
  ignore line: [GNU C++17 (Ubuntu 11.4.0-1ubuntu1~22.04.3) version 11.4.0 (x86_64-linux-gnu)]
  ignore line: [	compiled by GNU C version 11.4.0  GMP version 6.2.1  MPFR version 4.1.0  MPC version 1.2.1  isl version isl-0.24-GMP]
  ignore line: []
  ignore line: [GGC heuristics: --param ggc-min-expand=100 --param ggc-min-heapsize=131072]
  ignore line: [ignoring duplicate directory "/usr/include/x86_64-linux-gnu/c++/11"]
  ignore line: [ignoring nonexistent directory "/usr/local/include/x86_64-linux-gnu"]
  ignore line: [ignoring nonexistent directory "/usr/lib/gcc/x86_64-linux-gnu/11/include-fixed"]
  ignore line: [ignoring nonexistent directory "/usr/lib/gcc/x86_64-linux-gnu/11/../../../../x86_64-linux-gnu/include"]
  ignore line: [#include "..." search starts here:]
  ignore line: [#include <...> search starts here:]
  ignore line: [ /home/sophie/miniconda3/targets/x86_64-linux/include]
  ignore line: [ /home/sophie/miniconda3/include]
  ignore line: [ /usr/include/c++/11]
  ignore line: [ /usr/include/x86_64-linux-gnu/c++/11]
  ignore line: [ /usr/include/c++/11/backward]
  ignore line: [ /usr/lib/gcc/x86_64-linux-gnu/11/include]
  ignore line: [ /usr/local/include]
  ignore line: [ /usr/include/x86_64-linux-gnu]
  ignore line: [ /usr/include]
  ignore line: [End of search list.]
  ignore line: [GNU C++17 (Ubuntu 11.4.0-1ubuntu1~22.04.3) version 11.4.0 (x86_64-linux-gnu)]
  ignore line: [	compiled by GNU C version 11.4.0  GMP version 6.2.1  MPFR version 4.1.0  MPC version 1.2.1  isl version isl-0.24-GMP]
  ignore line: []
  ignore line: [GGC heuristics: --param ggc-min-expand=100 --param ggc-min-heapsize=131072]
  ignore line: [Compiler executable checksum: ac7fa628ee459f217e6fdb88b3db0bde]
  ignore line: [COMPILER_PATH=/usr/lib/gcc/x86_64-linux-gnu/11/:/usr/lib/gcc/x86_64-linux-gnu/11/:/usr/lib/gcc/x86_64-linux-gnu/:/usr/lib/gcc/x86_64-linux-gnu/11/:/usr/lib/gcc/x86_64-linux-gnu/]
  ignore line: [LIBRARY_PATH=/usr/lib/gcc/x86_64-linux-gnu/11/:/usr/lib/gcc/x86_64-linux-gnu/11/../../../x86_64-linux-gnu/:/usr/lib/gcc/x86_64-linux-gnu/11/../../../../lib/:/lib/x86_64-linux-gnu/:/lib/../lib/:/usr/lib/x86_64-linux-gnu/:/usr/lib/../lib/:/usr/lib/gcc/x86_64-linux-gnu/11/../../../:/lib/:/usr/lib/]
  ignore line: [COLLECT_GCC_OPTIONS='-fvisibility-inlines-hidden' '-fmessage-length=0' '-march=nocona' '-mtune=haswell' '-ftree-vectorize' '-fPIC' '-fstack-protector-strong' '-fno-plt' '-O2' '-ffunction-sections' '-pipe' '-isystem' '/home/sophie/miniconda3/include' '-I' '/home/sophie/miniconda3/targets/x86_64-linux/include' '-L/home/sophie/miniconda3/targets/x86_64-linux/lib' '-L/home/sophie/miniconda3/targets/x86_64-linux/lib/stubs' '-v' '-o' 'CMakeFiles/cmTC_c7e7c.dir/CMakeCXXCompilerABI.cpp.o' '-c' '-shared-libgcc' '-dumpdir' 'CMakeFiles/cmTC_c7e7c.dir/CMakeCXXCompilerABI.cpp.']
  ignore line: [Linking CXX executable cmTC_c7e7c]
  ignore line: [/usr/bin/cmake -E cmake_link_script CMakeFiles/cmTC_c7e7c.dir/link.txt --verbose=1]
  ignore line: [/usr/bin/c++ -fvisibility-inlines-hidden -fmessage-length=0 -march=nocona -mtune=haswell -ftree-vectorize -fPIC -fstack-protector-strong -fno-plt -O2 -ffunction-sections -pipe -isystem /home/sophie/miniconda3/include  -I/home/sophie/miniconda3/targets/x86_64-linux/include  -L/home/sophie/miniconda3/targets/x86_64-linux/lib -L/home/sophie/miniconda3/targets/x86_64-linux/lib/stubs  -Wl -O2 -Wl --sort-common -Wl --as-needed -Wl -z relro -Wl -z now -Wl --disable-new-dtags -Wl --gc-sections -Wl -rpath /home/sophie/miniconda3/lib -Wl -rpath-link /home/sophie/miniconda3/lib -L/home/sophie/miniconda3/lib  -L/home/sophie/miniconda3/targets/x86_64-linux/lib -L/home/sophie/miniconda3/targets/x86_64-linux/lib/stubs -v CMakeFiles/cmTC_c7e7c.dir/CMakeCXXCompilerABI.cpp.o -o cmTC_c7e7c ]
  ignore line: [Using built-in specs.]
  ignore line: [COLLECT_GCC=/usr/bin/c++]
  ignore line: [COLLECT_LTO_WRAPPER=/usr/lib/gcc/x86_64-linux-gnu/11/lto-wrapper]
  ignore line: [OFFLOAD_TARGET_NAMES=nvptx-none:amdgcn-amdhsa]
  ignore line: [OFFLOAD_TARGET_DEFAULT=1]
  ignore line: [Target: x86_64-linux-gnu]
  ignore line: [Configured with: ../src/configure -v --with-pkgversion='Ubuntu 11.4.0-1ubuntu1~22.04.3' --with-bugurl=file:///usr/share/doc/gcc-11/README.Bugs --enable-languages=c ada c++ go brig d fortran objc obj-c++ m2 --prefix=/usr --with-gcc-major-version-only --program-suffix=-11 --program-prefix=x86_64-linux-gnu- --enable-shared --enable-linker-build-id --libexecdir=/usr/lib --without-included-gettext --enable-threads=posix --libdir=/usr/lib --enable-nls --enable-bootstrap --enable-clocale=gnu --enable-libstdcxx-debug --enable-libstdcxx-time=yes --with-default-libstdcxx-abi=new --enable-gnu-unique-object --disable-vtable-verify --enable-plugin --enable-default-pie --with-system-zlib --enable-libphobos-checking=release --with-target-system-zlib=auto --enable-objc-gc=auto --enable-multiarch --disable-werror --enable-cet --with-arch-32=i686 --with-abi=m64 --with-multilib-list=m32 m64 mx32 --enable-multilib --with-tune=generic --enable-offload-targets=nvptx-none=/build/gcc-11-0odw26/gcc-11-11.4.0/debian/tmp-nvptx/usr amdgcn-amdhsa=/build/gcc-11-0odw26/gcc-11-11.4.0/debian/tmp-gcn/usr --without-cuda-driver --enable-checking=release --build=x86_64-linux-gnu --host=x86_64-linux-gnu --target=x86_64-linux-gnu --with-build-config=bootstrap-lto-lean --enable-link-serialization=2]
  ignore line: [Thread model: posix]
  ignore line: [Supported LTO compression algorithms: zlib zstd]
  ignore line: [gcc version 11.4.0 (Ubuntu 11.4.0-1ubuntu1~22.04.3) ]
  ignore line: [COMPILER_PATH=/usr/lib/gcc/x86_64-linux-gnu/11/:/usr/lib/gcc/x86_64-linux-gnu/11/:/usr/lib/gcc/x86_64-linux-gnu/:/usr/lib/gcc/x86_64-linux-gnu/11/:/usr/lib/gcc/x86_64-linux-gnu/]
  ignore line: [LIBRARY_PATH=/usr/lib/gcc/x86_64-linux-gnu/11/:/usr/lib/gcc/x86_64-linux-gnu/11/../../../x86_64-linux-gnu/:/usr/lib/gcc/x86_64-linux-gnu/11/../../../../lib/:/lib/x86_64-linux-gnu/:/lib/../lib/:/usr/lib/x86_64-linux-gnu/:/usr/lib/../lib/:/usr/lib/gcc/x86_64-linux-gnu/11/../../../:/lib/:/usr/lib/]
  ignore line: [COLLECT_GCC_OPTIONS='-fvisibility-inlines-hidden' '-fmessage-length=0' '-march=nocona' '-mtune=haswell' '-ftree-vectorize' '-fPIC' '-fstack-protector-strong' '-fno-plt' '-O2' '-ffunction-sections' '-pipe' '-isystem' '/home/sophie/miniconda3/include' '-I' '/home/sophie/miniconda3/targets/x86_64-linux/include' '-L/home/sophie/miniconda3/targets/x86_64-linux/lib' '-L/home/sophie/miniconda3/targets/x86_64-linux/lib/stubs' '-L/home/sophie/miniconda3/lib' '-L/home/sophie/miniconda3/targets/x86_64-linux/lib' '-L/home/sophie/miniconda3/targets/x86_64-linux/lib/stubs' '-v' '-o' 'cmTC_c7e7c' '-shared-libgcc' '-dumpdir' 'cmTC_c7e7c.']
  link line: [ /usr/lib/gcc/x86_64-linux-gnu/11/collect2 -plugin /usr/lib/gcc/x86_64-linux-gnu/11/liblto_plugin.so -plugin-opt=/usr/lib/gcc/x86_64-linux-gnu/11/lto-wrapper -plugin-opt=-fresolution=/tmp/ccARHHqn.res -plugin-opt=-pass-through=-lgcc_s -plugin-opt=-pass-through=-lgcc -plugin-opt=-pass-through=-lc -plugin-opt=-pass-through=-lgcc_s -plugin-opt=-pass-through=-lgcc --build-id --eh-frame-hdr -m elf_x86_64 --hash-style=gnu --as-needed -dynamic-linker /lib64/ld-linux-x86-64.so.2 -pie -z now -z relro -o cmTC_c7e7c /usr/lib/gcc/x86_64-linux-gnu/11/../../../x86_64-linux-gnu/Scrt1.o /usr/lib/gcc/x86_64-linux-gnu/11/../../../x86_64-linux-gnu/crti.o /usr/lib/gcc/x86_64-linux-gnu/11/crtbeginS.o -L/home/sophie/miniconda3/targets/x86_64-linux/lib -L/home/sophie/miniconda3/targets/x86_64-linux/lib/stubs -L/home/sophie/miniconda3/lib -L/home/sophie/miniconda3/targets/x86_64-linux/lib -L/home/sophie/miniconda3/targets/x86_64-linux/lib/stubs -L/usr/lib/gcc/x86_64-linux-gnu/11 -L/usr/lib/gcc/x86_64-linux-gnu/11/../../../x86_64-linux-gnu -L/usr/lib/gcc/x86_64-linux-gnu/11/../../../../lib -L/lib/x86_64-linux-gnu -L/lib/../lib -L/usr/lib/x86_64-linux-gnu -L/usr/lib/../lib -L/usr/lib/gcc/x86_64-linux-gnu/11/../../.. -O2 --sort-common --as-needed -z relro -z now --disable-new-dtags --gc-sections -rpath /home/sophie/miniconda3/lib -rpath-link /home/sophie/miniconda3/lib CMakeFiles/cmTC_c7e7c.dir/CMakeCXXCompilerABI.cpp.o -lstdc++ -lm -lgcc_s -lgcc -lc -lgcc_s -lgcc /usr/lib/gcc/x86_64-linux-gnu/11/crtendS.o /usr/lib/gcc/x86_64-linux-gnu/11/../../../x86_64-linux-gnu/crtn.o]
    arg [/usr/lib/gcc/x86_64-linux-gnu/11/collect2] ==> ignore
    arg [-plugin] ==> ignore
    arg [/usr/lib/gcc/x86_64-linux-gnu/11/liblto_plugin.so] ==> ignore
    arg [-plugin-opt=/usr/lib/gcc/x86_64-linux-gnu/11/lto-wrapper] ==> ignore
    arg [-plugin-opt=-fresolution=/tmp/ccARHHqn.res] ==> ignore
    arg [-plugin-opt=-pass-through=-lgcc_s] ==> ignore
    arg [-plugin-opt=-pass-through=-lgcc] ==> ignore
    arg [-plugin-opt=-pass-through=-lc] ==> ignore
    arg [-plugin-opt=-pass-through=-lgcc_s] ==> ignore
    arg [-plugin-opt=-pass-through=-lgcc] ==> ignore
    arg [--build-id] ==> ignore
    arg [--eh-frame-hdr] ==> ignore
    arg [-m] ==> ignore
    arg [elf_x86_64] ==> ignore
    arg [--hash-style=gnu] ==> ignore
    arg [--as-needed] ==> ignore
    arg [-dynamic-linker] ==> ignore
    arg [/lib64/ld-linux-x86-64.so.2] ==> ignore
    arg [-pie] ==> ignore
    arg [-znow] ==> ignore
    arg [-zrelro] ==> ignore
    arg [-o] ==> ignore
    arg [cmTC_c7e7c] ==> ignore
    arg [/usr/lib/gcc/x86_64-linux-gnu/11/../../../x86_64-linux-gnu/Scrt1.o] ==> obj [/usr/lib/gcc/x86_64-linux-gnu/11/../../../x86_64-linux-gnu/Scrt1.o]
    arg [/usr/lib/gcc/x86_64-linux-gnu/11/../../../x86_64-linux-gnu/crti.o] ==> obj [/usr/lib/gcc/x86_64-linux-gnu/11/../../../x86_64-linux-gnu/crti.o]
    arg [/usr/lib/gcc/x86_64-linux-gnu/11/crtbeginS.o] ==> obj [/usr/lib/gcc/x86_64-linux-gnu/11/crtbeginS.o]
    arg [-L/home/sophie/miniconda3/targets/x86_64-linux/lib] ==> dir [/home/sophie/miniconda3/targets/x86_64-linux/lib]
    arg [-L/home/sophie/miniconda3/targets/x86_64-linux/lib/stubs] ==> dir [/home/sophie/miniconda3/targets/x86_64-linux/lib/stubs]
    arg [-L/home/sophie/miniconda3/lib] ==> dir [/home/sophie/miniconda3/lib]
    arg [-L/home/sophie/miniconda3/targets/x86_64-linux/lib] ==> dir [/home/sophie/miniconda3/targets/x86_64-linux/lib]
    arg [-L/home/sophie/miniconda3/targets/x86_64-linux/lib/stubs] ==> dir [/home/sophie/miniconda3/targets/x86_64-linux/lib/stubs]
    arg [-L/usr/lib/gcc/x86_64-linux-gnu/11] ==> dir [/usr/lib/gcc/x86_64-linux-gnu/11]
    arg [-L/usr/lib/gcc/x86_64-linux-gnu/11/../../../x86_64-linux-gnu] ==> dir [/usr/lib/gcc/x86_64-linux-gnu/11/../../../x86_64-linux-gnu]
    arg [-L/usr/lib/gcc/x86_64-linux-gnu/11/../../../../lib] ==> dir [/usr/lib/gcc/x86_64-linux-gnu/11/../../../../lib]
    arg [-L/lib/x86_64-linux-gnu] ==> dir [/lib/x86_64-linux-gnu]
    arg [-L/lib/../lib] ==> dir [/lib/../lib]
    arg [-L/usr/lib/x86_64-linux-gnu] ==> dir [/usr/lib/x86_64-linux-gnu]
    arg [-L/usr/lib/../lib] ==> dir [/usr/lib/../lib]
    arg [-L/usr/lib/gcc/x86_64-linux-gnu/11/../../..] ==> dir [/usr/lib/gcc/x86_64-linux-gnu/11/../../..]
    arg [-O2] ==> ignore
    arg [--sort-common] ==> ignore
    arg [--as-needed] ==> ignore
    arg [-zrelro] ==> ignore
    arg [-znow] ==> ignore
    arg [--disable-new-dtags] ==> ignore
    arg [--gc-sections] ==> ignore
    arg [-rpath] ==> ignore
    arg [/home/sophie/miniconda3/lib] ==> ignore
    arg [-rpath-link] ==> ignore
    arg [/home/sophie/miniconda3/lib] ==> ignore
    arg [CMakeFiles/cmTC_c7e7c.dir/CMakeCXXCompilerABI.cpp.o] ==> ignore
    arg [-lstdc++] ==> lib [stdc++]
    arg [-lm] ==> lib [m]
    arg [-lgcc_s] ==> lib [gcc_s]
    arg [-lgcc] ==> lib [gcc]
    arg [-lc] ==> lib [c]
    arg [-lgcc_s] ==> lib [gcc_s]
    arg [-lgcc] ==> lib [gcc]
    arg [/usr/lib/gcc/x86_64-linux-gnu/11/crtendS.o] ==> obj [/usr/lib/gcc/x86_64-linux-gnu/11/crtendS.o]
    arg [/usr/lib/gcc/x86_64-linux-gnu/11/../../../x86_64-linux-gnu/crtn.o] ==> obj [/usr/lib/gcc/x86_64-linux-gnu/11/../../../x86_64-linux-gnu/crtn.o]
  collapse obj [/usr/lib/gcc/x86_64-linux-gnu/11/../../../x86_64-linux-gnu/Scrt1.o] ==> [/usr/lib/x86_64-linux-gnu/Scrt1.o]
  collapse obj [/usr/lib/gcc/x86_64-linux-gnu/11/../../../x86_64-linux-gnu/crti.o] ==> [/usr/lib/x86_64-linux-gnu/crti.o]
  collapse obj [/usr/lib/gcc/x86_64-linux-gnu/11/../../../x86_64-linux-gnu/crtn.o] ==> [/usr/lib/x86_64-linux-gnu/crtn.o]
  collapse library dir [/home/sophie/miniconda3/targets/x86_64-linux/lib] ==> [/home/sophie/miniconda3/targets/x86_64-linux/lib]
  collapse library dir [/home/sophie/miniconda3/targets/x86_64-linux/lib/stubs] ==> [/home/sophie/miniconda3/targets/x86_64-linux/lib/stubs]
  collapse library dir [/home/sophie/miniconda3/lib] ==> [/home/sophie/miniconda3/lib]
  collapse library dir [/home/sophie/miniconda3/targets/x86_64-linux/lib] ==> [/home/sophie/miniconda3/targets/x86_64-linux/lib]
  collapse library dir [/home/sophie/miniconda3/targets/x86_64-linux/lib/stubs] ==> [/home/sophie/miniconda3/targets/x86_64-linux/lib/stubs]
  collapse library dir [/usr/lib/gcc/x86_64-linux-gnu/11] ==> [/usr/lib/gcc/x86_64-linux-gnu/11]
  collapse library dir [/usr/lib/gcc/x86_64-linux-gnu/11/../../../x86_64-linux-gnu] ==> [/usr/lib/x86_64-linux-gnu]
  collapse library dir [/usr/lib/gcc/x86_64-linux-gnu/11/../../../../lib] ==> [/usr/lib]
  collapse library dir [/lib/x86_64-linux-gnu] ==> [/lib/x86_64-linux-gnu]
  collapse library dir [/lib/../lib] ==> [/lib]
  collapse library dir [/usr/lib/x86_64-linux-gnu] ==> [/usr/lib/x86_64-linux-gnu]
  collapse library dir [/usr/lib/../lib] ==> [/usr/lib]
  collapse library dir [/usr/lib/gcc/x86_64-linux-gnu/11/../../..] ==> [/usr/lib]
  implicit libs: [stdc++;m;gcc_s;gcc;c;gcc_s;gcc]
  implicit objs: [/usr/lib/x86_64-linux-gnu/Scrt1.o;/usr/lib/x86_64-linux-gnu/crti.o;/usr/lib/gcc/x86_64-linux-gnu/11/crtbeginS.o;/usr/lib/gcc/x86_64-linux-gnu/11/crtendS.o;/usr/lib/x86_64-linux-gnu/crtn.o]
  implicit dirs: [/home/sophie/miniconda3/targets/x86_64-linux/lib;/home/sophie/miniconda3/targets/x86_64-linux/lib/stubs;/home/sophie/miniconda3/lib;/usr/lib/gcc/x86_64-linux-gnu/11;/usr/lib/x86_64-linux-gnu;/usr/lib;/lib/x86_64-linux-gnu;/lib]
  implicit fwks: []


The system is: Linux - 6.8.0-106-generic - x86_64
Compiling the C compiler identification source file "CMakeCCompilerId.c" succeeded.
Compiler: /usr/bin/cc 
Build flags: 
Id flags:  

The output was:
0


Compilation of the C compiler identification source "CMakeCCompilerId.c" produced "a.out"

The C compiler identification is GNU, found in "/home/sophie/isaac_lab/isaac_ws/rl_code/soarm100sim/ros2/build/soarm100_interfaces/CMakeFiles/3.22.1/CompilerIdC/a.out"

Compiling the CXX compiler identification source file "CMakeCXXCompilerId.cpp" succeeded.
Compiler: /usr/bin/c++ 
Build flags: -fvisibility-inlines-hidden;-fmessage-length=0;-march=nocona;-mtune=haswell;-ftree-vectorize;-fPIC;-fstack-protector-strong;-fno-plt;-O2;-ffunction-sections;-pipe;-isystem;/home/sophie/miniconda3/include;;-I/home/sophie/miniconda3/targets/x86_64-linux/include;;-L/home/sophie/miniconda3/targets/x86_64-linux/lib;-L/home/sophie/miniconda3/targets/x86_64-linux/lib/stubs
Id flags:  

The output was:
0


Compilation of the CXX compiler identification source "CMakeCXXCompilerId.cpp" produced "a.out"

The CXX compiler identification is GNU, found in "/home/sophie/isaac_lab/isaac_ws/rl_code/soarm100sim/ros2/build/soarm100_interfaces/CMakeFiles/3.22.1/CompilerIdCXX/a.out"

Detecting C compiler ABI info compiled with the following output:
Change Dir: /home/sophie/isaac_lab/isaac_ws/rl_code/soarm100sim/ros2/build/soarm100_interfaces/CMakeFiles/CMakeTmp

Run Build Command(s):/usr/bin/gmake -f Makefile cmTC_1dd16/fast && /usr/bin/gmake  -f CMakeFiles/cmTC_1dd16.dir/build.make CMakeFiles/cmTC_1dd16.dir/build
gmake[1]: Entering directory '/home/sophie/isaac_lab/isaac_ws/rl_code/soarm100sim/ros2/build/soarm100_interfaces/CMakeFiles/CMakeTmp'
Building C object CMakeFiles/cmTC_1dd16.dir/CMakeCCompilerABI.c.o
/usr/bin/cc   -v -o CMakeFiles/cmTC_1dd16.dir/CMakeCCompilerABI.c.o -c /usr/share/cmake-3.22/Modules/CMakeCCompilerABI.c
Using built-in specs.
COLLECT_GCC=/usr/bin/cc
OFFLOAD_TARGET_NAMES=nvptx-none:amdgcn-amdhsa
OFFLOAD_TARGET_DEFAULT=1
Target: x86_64-linux-gnu
Configured with: ../src/configure -v --with-pkgversion='Ubuntu 11.4.0-1ubuntu1~22.04.3' --with-bugurl=file:///usr/share/doc/gcc-11/README.Bugs --enable-languages=c,ada,c++,go,brig,d,fortran,objc,obj-c++,m2 --prefix=/usr --with-gcc-major-version-only --program-suffix=-11 --program-prefix=x86_64-linux-gnu- --enable-shared --enable-linker-build-id --libexecdir=/usr/lib --without-included-gettext --enable-threads=posix --libdir=/usr/lib --enable-nls --enable-bootstrap --enable-clocale=gnu --enable-libstdcxx-debug --enable-libstdcxx-time=yes --with-default-libstdcxx-abi=new --enable-gnu-unique-object --disable-vtable-verify --enable-plugin --enable-default-pie --with-system-zlib --enable-libphobos-checking=release --with-target-system-zlib=auto --enable-objc-gc=auto --enable-multiarch --disable-werror --enable-cet --with-arch-32=i686 --with-abi=m64 --with-multilib-list=m32,m64,mx32 --enable-multilib --with-tune=generic --enable-offload-targets=nvptx-none=/build/gcc-11-0odw26/gcc-11-11.4.0/debian/tmp-nvptx/usr,amdgcn-amdhsa=/build/gcc-11-0odw26/gcc-11-11.4.0/debian/tmp-gcn/usr --without-cuda-driver --enable-checking=release --build=x86_64-linux-gnu --host=x86_64-linux-gnu --target=x86_64-linux-gnu --with-build-config=bootstrap-lto-lean --enable-link-serialization=2
Thread model: posix
Supported LTO compression algorithms: zlib zstd
gcc version 11.4.0 (Ubuntu 11.4.0-1ubuntu1~22.04.3) 
COLLECT_GCC_OPTIONS='-v' '-o' 'CMakeFiles/cmTC_1dd16.dir/CMakeCCompilerABI.c.o' '-c' '-mtune=generic' '-march=x86-64' '-dumpdir' 'CMakeFiles/cmTC_1dd16.dir/'
 /usr/lib/gcc/x86_64-linux-gnu/11/cc1 -quiet -v -imultiarch x86_64-linux-gnu /usr/share/cmake-3.22/Modules/CMakeCCompilerABI.c -quiet -dumpdir CMakeFiles/cmTC_1dd16.dir/ -dumpbase CMakeCCompilerABI.c.c -dumpbase-ext .c -mtune=generic -march=x86-64 -version -fasynchronous-unwind-tables -fstack-protector-strong -Wformat -Wformat-security -fstack-clash-protection -fcf-protection -o /tmp/cctCNtm3.s
GNU C17 (Ubuntu 11.4.0-1ubuntu1~22.04.3) version 11.4.0 (x86_64-linux-gnu)
	compiled by GNU C version 11.4.0, GMP version 6.2.1, MPFR version 4.1.0, MPC version 1.2.1, isl version isl-0.24-GMP

GGC heuristics: --param ggc-min-expand=100 --param ggc-min-heapsize=131072
ignoring nonexistent directory "/usr/local/include/x86_64-linux-gnu"
ignoring nonexistent directory "/usr/lib/gcc/x86_64-linux-gnu/11/include-fixed"
ignoring nonexistent directory "/usr/lib/gcc/x86_64-linux-gnu/11/../../../../x86_64-linux-gnu/include"
#include "..." search starts here:
#include <...> search starts here:
 /usr/lib/gcc/x86_64-linux-gnu/11/include
 /usr/local/include
 /usr/include/x86_64-linux-gnu
 /usr/include
End of search list.
GNU C17 (Ubuntu 11.4.0-1ubuntu1~22.04.3) version 11.4.0 (x86_64-linux-gnu)
	compiled by GNU C version 11.4.0, GMP version 6.2.1, MPFR version 4.1.0, MPC version 1.2.1, isl version isl-0.24-GMP

GGC heuristics: --param ggc-min-expand=100 --param ggc-min-heapsize=131072
Compiler executable checksum: 46ebede1f5b795a957a1e85cb61af9d8
COLLECT_GCC_OPTIONS='-v' '-o' 'CMakeFiles/cmTC_1dd16.dir/CMakeCCompilerABI.c.o' '-c' '-mtune=generic' '-march=x86-64' '-dumpdir' 'CMakeFiles/cmTC_1dd16.dir/'
 as -v --64 -o CMakeFiles/cmTC_1dd16.dir/CMakeCCompilerABI.c.o /tmp/cctCNtm3.s
GNU assembler version 2.38 (x86_64-linux-gnu) using BFD version (GNU Binutils for Ubuntu) 2.38
COMPILER_PATH=/usr/lib/gcc/x86_64-linux-gnu/11/:/usr/lib/gcc/x86_64-linux-gnu/11/:/usr/lib/gcc/x86_64-linux-gnu/:/usr/lib/gcc/x86_64-linux-gnu/11/:/usr/lib/gcc/x86_64-linux-gnu/
LIBRARY_PATH=/usr/lib/gcc/x86_64-linux-gnu/11/:/usr/lib/gcc/x86_64-linux-gnu/11/../../../x86_64-linux-gnu/:/usr/lib/gcc/x86_64-linux-gnu/11/../../../../lib/:/lib/x86_64-linux-gnu/:/lib/../lib/:/usr/lib/x86_64-linux-gnu/:/usr/lib/../lib/:/usr/lib/gcc/x86_64-linux-gnu/11/../../../:/lib/:/usr/lib/
COLLECT_GCC_OPTIONS='-v' '-o' 'CMakeFiles/cmTC_1dd16.dir/CMakeCCompilerABI.c.o' '-c' '-mtune=generic' '-march=x86-64' '-dumpdir' 'CMakeFiles/cmTC_1dd16.dir/CMakeCCompilerABI.c.'
Linking C executable cmTC_1dd16
/usr/bin/cmake -E cmake_link_script CMakeFiles/cmTC_1dd16.dir/link.txt --verbose=1
/usr/bin/cc -Wl,-O2 -Wl,--sort-common -Wl,--as-needed -Wl,-z,relro -Wl,-z,now -Wl,--disable-new-dtags -Wl,--gc-sections -Wl,-rpath,/home/sophie/miniconda3/lib -Wl,-rpath-link,/home/sophie/miniconda3/lib -L/home/sophie/miniconda3/lib  -L/home/sophie/miniconda3/targets/x86_64-linux/lib -L/home/sophie/miniconda3/targets/x86_64-linux/lib/stubs -v CMakeFiles/cmTC_1dd16.dir/CMakeCCompilerABI.c.o -o cmTC_1dd16 
Using built-in specs.
COLLECT_GCC=/usr/bin/cc
COLLECT_LTO_WRAPPER=/usr/lib/gcc/x86_64-linux-gnu/11/lto-wrapper
OFFLOAD_TARGET_NAMES=nvptx-none:amdgcn-amdhsa
OFFLOAD_TARGET_DEFAULT=1
Target: x86_64-linux-gnu
Configured with: ../src/configure -v --with-pkgversion='Ubuntu 11.4.0-1ubuntu1~22.04.3' --with-bugurl=file:///usr/share/doc/gcc-11/README.Bugs --enable-languages=c,ada,c++,go,brig,d,fortran,objc,obj-c++,m2 --prefix=/usr --with-gcc-major-version-only --program-suffix=-11 --program-prefix=x86_64-linux-gnu- --enable-shared --enable-linker-build-id --libexecdir=/usr/lib --without-included-gettext --enable-threads=posix --libdir=/usr/lib --enable-nls --enable-bootstrap --enable-clocale=gnu --enable-libstdcxx-debug --enable-libstdcxx-time=yes --with-default-libstdcxx-abi=new --enable-gnu-unique-object --disable-vtable-verify --enable-plugin --enable-default-pie --with-system-zlib --enable-libphobos-checking=release --with-target-system-zlib=auto --enable-objc-gc=auto --enable-multiarch --disable-werror --enable-cet --with-arch-32=i686 --with-abi=m64 --with-multilib-list=m32,m64,mx32 --enable-multilib --with-tune=generic --enable-offload-targets=nvptx-none=/build/gcc-11-0odw26/gcc-11-11.4.0/debian/tmp-nvptx/usr,amdgcn-amdhsa=/build/gcc-11-0odw26/gcc-11-11.4.0/debian/tmp-gcn/usr --without-cuda-driver --enable-checking=release --build=x86_64-linux-gnu --host=x86_64-linux-gnu --target=x86_64-linux-gnu --with-build-config=bootstrap-lto-lean --enable-link-serialization=2
Thread model: posix
Supported LTO compression algorithms: zlib zstd
gcc version 11.4.0 (Ubuntu 11.4.0-1ubuntu1~22.04.3) 
COMPILER_PATH=/usr/lib/gcc/x86_64-linux-gnu/11/:/usr/lib/gcc/x86_64-linux-gnu/11/:/usr/lib/gcc/x86_64-linux-gnu/:/usr/lib/gcc/x86_64-linux-gnu/11/:/usr/lib/gcc/x86_64-linux-gnu/
LIBRARY_PATH=/usr/lib/gcc/x86_64-linux-gnu/11/:/usr/lib/gcc/x86_64-linux-gnu/11/../../../x86_64-linux-gnu/:/usr/lib/gcc/x86_64-linux-gnu/11/../../../../lib/:/lib/x86_64-linux-gnu/:/lib/../lib/:/usr/lib/x86_64-linux-gnu/:/usr/lib/../lib/:/usr/lib/gcc/x86_64-linux-gnu/11/../../../:/lib/:/usr/lib/
COLLECT_GCC_OPTIONS='-L/home/sophie/miniconda3/lib' '-L/home/sophie/miniconda3/targets/x86_64-linux/lib' '-L/home/sophie/miniconda3/targets/x86_64-linux/lib/stubs' '-v' '-o' 'cmTC_1dd16' '-mtune=generic' '-march=x86-64' '-dumpdir' 'cmTC_1dd16.'
 /usr/lib/gcc/x86_64-linux-gnu/11/collect2 -plugin /usr/lib/gcc/x86_64-linux-gnu/11/liblto_plugin.so -plugin-opt=/usr/lib/gcc/x86_64-linux-gnu/11/lto-wrapper -plugin-opt=-fresolution=/tmp/cchZ7dXG.res -plugin-opt=-pass-through=-lgcc -plugin-opt=-pass-through=-lgcc_s -plugin-opt=-pass-through=-lc -plugin-opt=-pass-through=-lgcc -plugin-opt=-pass-through=-lgcc_s --build-id --eh-frame-hdr -m elf_x86_64 --hash-style=gnu --as-needed -dynamic-linker /lib64/ld-linux-x86-64.so.2 -pie -z now -z relro -o cmTC_1dd16 /usr/lib/gcc/x86_64-linux-gnu/11/../../../x86_64-linux-gnu/Scrt1.o /usr/lib/gcc/x86_64-linux-gnu/11/../../../x86_64-linux-gnu/crti.o /usr/lib/gcc/x86_64-linux-gnu/11/crtbeginS.o -L/home/sophie/miniconda3/lib -L/home/sophie/miniconda3/targets/x86_64-linux/lib -L/home/sophie/miniconda3/targets/x86_64-linux/lib/stubs -L/usr/lib/gcc/x86_64-linux-gnu/11 -L/usr/lib/gcc/x86_64-linux-gnu/11/../../../x86_64-linux-gnu -L/usr/lib/gcc/x86_64-linux-gnu/11/../../../../lib -L/lib/x86_64-linux-gnu -L/lib/../lib -L/usr/lib/x86_64-linux-gnu -L/usr/lib/../lib -L/usr/lib/gcc/x86_64-linux-gnu/11/../../.. -O2 --sort-common --as-needed -z relro -z now --disable-new-dtags --gc-sections -rpath /home/sophie/miniconda3/lib -rpath-link /home/sophie/miniconda3/lib CMakeFiles/cmTC_1dd16.dir/CMakeCCompilerABI.c.o -lgcc --push-state --as-needed -lgcc_s --pop-state -lc -lgcc --push-state --as-needed -lgcc_s --pop-state /usr/lib/gcc/x86_64-linux-gnu/11/crtendS.o /usr/lib/gcc/x86_64-linux-gnu/11/../../../x86_64-linux-gnu/crtn.o
COLLECT_GCC_OPTIONS='-L/home/sophie/miniconda3/lib' '-L/home/sophie/miniconda3/targets/x86_64-linux/lib' '-L/home/sophie/miniconda3/targets/x86_64-linux/lib/stubs' '-v' '-o' 'cmTC_1dd16' '-mtune=generic' '-march=x86-64' '-dumpdir' 'cmTC_1dd16.'
gmake[1]: Leaving directory '/home/sophie/isaac_lab/isaac_ws/rl_code/soarm100sim/ros2/build/soarm100_interfaces/CMakeFiles/CMakeTmp'



Parsed C implicit include dir info from above output: rv=done
  found start of include info
  found start of implicit include info
    add: [/usr/lib/gcc/x86_64-linux-gnu/11/include]
    add: [/usr/local/include]
    add: [/usr/include/x86_64-linux-gnu]
    add: [/usr/include]
  end of search list found
  collapse include dir [/usr/lib/gcc/x86_64-linux-gnu/11/include] ==> [/usr/lib/gcc/x86_64-linux-gnu/11/include]
  collapse include dir [/usr/local/include] ==> [/usr/local/include]
  collapse include dir [/usr/include/x86_64-linux-gnu] ==> [/usr/include/x86_64-linux-gnu]
  collapse include dir [/usr/include] ==> [/usr/include]
  implicit include dirs: [/usr/lib/gcc/x86_64-linux-gnu/11/include;/usr/local/include;/usr/include/x86_64-linux-gnu;/usr/include]


Parsed C implicit link information from above output:
  link line regex: [^( *|.*[/\])(ld|CMAKE_LINK_STARTFILE-NOTFOUND|([^/\]+-)?ld|collect2)[^/\]*( |$)]
  ignore line: [Change Dir: /home/sophie/isaac_lab/isaac_ws/rl_code/soarm100sim/ros2/build/soarm100_interfaces/CMakeFiles/CMakeTmp]
  ignore line: []
  ignore line: [Run Build Command(s):/usr/bin/gmake -f Makefile cmTC_1dd16/fast && /usr/bin/gmake  -f CMakeFiles/cmTC_1dd16.dir/build.make CMakeFiles/cmTC_1dd16.dir/build]
  ignore line: [gmake[1]: Entering directory '/home/sophie/isaac_lab/isaac_ws/rl_code/soarm100sim/ros2/build/soarm100_interfaces/CMakeFiles/CMakeTmp']
  ignore line: [Building C object CMakeFiles/cmTC_1dd16.dir/CMakeCCompilerABI.c.o]
  ignore line: [/usr/bin/cc   -v -o CMakeFiles/cmTC_1dd16.dir/CMakeCCompilerABI.c.o -c /usr/share/cmake-3.22/Modules/CMakeCCompilerABI.c]
  ignore line: [Using built-in specs.]
  ignore line: [COLLECT_GCC=/usr/bin/cc]
  ignore line: [OFFLOAD_TARGET_NAMES=nvptx-none:amdgcn-amdhsa]
  ignore line: [OFFLOAD_TARGET_DEFAULT=1]
  ignore line: [Target: x86_64-linux-gnu]
  ignore line: [Configured with: ../src/configure -v --with-pkgversion='Ubuntu 11.4.0-1ubuntu1~22.04.3' --with-bugurl=file:///usr/share/doc/gcc-11/README.Bugs --enable-languages=c ada c++ go brig d fortran objc obj-c++ m2 --prefix=/usr --with-gcc-major-version-only --program-suffix=-11 --program-prefix=x86_64-linux-gnu- --enable-shared --enable-linker-build-id --libexecdir=/usr/lib --without-included-gettext --enable-threads=posix --libdir=/usr/lib --enable-nls --enable-bootstrap --enable-clocale=gnu --enable-libstdcxx-debug --enable-libstdcxx-time=yes --with-default-libstdcxx-abi=new --enable-gnu-unique-object --disable-vtable-verify --enable-plugin --enable-default-pie --with-system-zlib --enable-libphobos-checking=release --with-target-system-zlib=auto --enable-objc-gc=auto --enable-multiarch --disable-werror --enable-cet --with-arch-32=i686 --with-abi=m64 --with-multilib-list=m32 m64 mx32 --enable-multilib --with-tune=generic --enable-offload-targets=nvptx-none=/build/gcc-11-0odw26/gcc-11-11.4.0/debian/tmp-nvptx/usr amdgcn-amdhsa=/build/gcc-11-0odw26/gcc-11-11.4.0/debian/tmp-gcn/usr --without-cuda-driver --enable-checking=release --build=x86_64-linux-gnu --host=x86_64-linux-gnu --target=x86_64-linux-gnu --with-build-config=bootstrap-lto-lean --enable-link-serialization=2]
  ignore line: [Thread model: posix]
  ignore line: [Supported LTO compression algorithms: zlib zstd]
  ignore line: [gcc version 11.4.0 (Ubuntu 11.4.0-1ubuntu1~22.04.3) ]
  ignore line: [COLLECT_GCC_OPTIONS='-v' '-o' 'CMakeFiles/cmTC_1dd16.dir/CMakeCCompilerABI.c.o' '-c' '-mtune=generic' '-march=x86-64' '-dumpdir' 'CMakeFiles/cmTC_1dd16.dir/']
  ignore line: [ /usr/lib/gcc/x86_64-linux-gnu/11/cc1 -quiet -v -imultiarch x86_64-linux-gnu /usr/share/cmake-3.22/Modules/CMakeCCompilerABI.c -quiet -dumpdir CMakeFiles/cmTC_1dd16.dir/ -dumpbase CMakeCCompilerABI.c.c -dumpbase-ext .c -mtune=generic -march=x86-64 -version -fasynchronous-unwind-tables -fstack-protector-strong -Wformat -Wformat-security -fstack-clash-protection -fcf-protection -o /tmp/cctCNtm3.s]
  ignore line: [GNU C17 (Ubuntu 11.4.0-1ubuntu1~22.04.3) version 11.4.0 (x86_64-linux-gnu)]
  ignore line: [	compiled by GNU C version 11.4.0  GMP version 6.2.1  MPFR version 4.1.0  MPC version 1.2.1  isl version isl-0.24-GMP]
  ignore line: []
  ignore line: [GGC heuristics: --param ggc-min-expand=100 --param ggc-min-heapsize=131072]
  ignore line: [ignoring nonexistent directory "/usr/local/include/x86_64-linux-gnu"]
  ignore line: [ignoring nonexistent directory "/usr/lib/gcc/x86_64-linux-gnu/11/include-fixed"]
  ignore line: [ignoring nonexistent directory "/usr/lib/gcc/x86_64-linux-gnu/11/../../../../x86_64-linux-gnu/include"]
  ignore line: [#include "..." search starts here:]
  ignore line: [#include <...> search starts here:]
  ignore line: [ /usr/lib/gcc/x86_64-linux-gnu/11/include]
  ignore line: [ /usr/local/include]
  ignore line: [ /usr/include/x86_64-linux-gnu]
  ignore line: [ /usr/include]
  ignore line: [End of search list.]
  ignore line: [GNU C17 (Ubuntu 11.4.0-1ubuntu1~22.04.3) version 11.4.0 (x86_64-linux-gnu)]
  ignore line: [	compiled by GNU C version 11.4.0  GMP version 6.2.1  MPFR version 4.1.0  MPC version 1.2.1  isl version isl-0.24-GMP]
  ignore line: []
  ignore line: [GGC heuristics: --param ggc-min-expand=100 --param ggc-min-heapsize=131072]
  ignore line: [Compiler executable checksum: 46ebede1f5b795a957a1e85cb61af9d8]
  ignore line: [COLLECT_GCC_OPTIONS='-v' '-o' 'CMakeFiles/cmTC_1dd16.dir/CMakeCCompilerABI.c.o' '-c' '-mtune=generic' '-march=x86-64' '-dumpdir' 'CMakeFiles/cmTC_1dd16.dir/']
  ignore line: [ as -v --64 -o CMakeFiles/cmTC_1dd16.dir/CMakeCCompilerABI.c.o /tmp/cctCNtm3.s]
  ignore line: [GNU assembler version 2.38 (x86_64-linux-gnu) using BFD version (GNU Binutils for Ubuntu) 2.38]
  ignore line: [COMPILER_PATH=/usr/lib/gcc/x86_64-linux-gnu/11/:/usr/lib/gcc/x86_64-linux-gnu/11/:/usr/lib/gcc/x86_64-linux-gnu/:/usr/lib/gcc/x86_64-linux-gnu/11/:/usr/lib/gcc/x86_64-linux-gnu/]
  ignore line: [LIBRARY_PATH=/usr/lib/gcc/x86_64-linux-gnu/11/:/usr/lib/gcc/x86_64-linux-gnu/11/../../../x86_64-linux-gnu/:/usr/lib/gcc/x86_64-linux-gnu/11/../../../../lib/:/lib/x86_64-linux-gnu/:/lib/../lib/:/usr/lib/x86_64-linux-gnu/:/usr/lib/../lib/:/usr/lib/gcc/x86_64-linux-gnu/11/../../../:/lib/:/usr/lib/]
  ignore line: [COLLECT_GCC_OPTIONS='-v' '-o' 'CMakeFiles/cmTC_1dd16.dir/CMakeCCompilerABI.c.o' '-c' '-mtune=generic' '-march=x86-64' '-dumpdir' 'CMakeFiles/cmTC_1dd16.dir/CMakeCCompilerABI.c.']
  ignore line: [Linking C executable cmTC_1dd16]
  ignore line: [/usr/bin/cmake -E cmake_link_script CMakeFiles/cmTC_1dd16.dir/link.txt --verbose=1]
  ignore line: [/usr/bin/cc -Wl -O2 -Wl --sort-common -Wl --as-needed -Wl -z relro -Wl -z now -Wl --disable-new-dtags -Wl --gc-sections -Wl -rpath /home/sophie/miniconda3/lib -Wl -rpath-link /home/sophie/miniconda3/lib -L/home/sophie/miniconda3/lib  -L/home/sophie/miniconda3/targets/x86_64-linux/lib -L/home/sophie/miniconda3/targets/x86_64-linux/lib/stubs -v CMakeFiles/cmTC_1dd16.dir/CMakeCCompilerABI.c.o -o cmTC_1dd16 ]
  ignore line: [Using built-in specs.]
  ignore line: [COLLECT_GCC=/usr/bin/cc]
  ignore line: [COLLECT_LTO_WRAPPER=/usr/lib/gcc/x86_64-linux-gnu/11/lto-wrapper]
  ignore line: [OFFLOAD_TARGET_NAMES=nvptx-none:amdgcn-amdhsa]
  ignore line: [OFFLOAD_TARGET_DEFAULT=1]
  ignore line: [Target: x86_64-linux-gnu]
  ignore line: [Configured with: ../src/configure -v --with-pkgversion='Ubuntu 11.4.0-1ubuntu1~22.04.3' --with-bugurl=file:///usr/share/doc/gcc-11/README.Bugs --enable-languages=c ada c++ go brig d fortran objc obj-c++ m2 --prefix=/usr --with-gcc-major-version-only --program-suffix=-11 --program-prefix=x86_64-linux-gnu- --enable-shared --enable-linker-build-id --libexecdir=/usr/lib --without-included-gettext --enable-threads=posix --libdir=/usr/lib --enable-nls --enable-bootstrap --enable-clocale=gnu --enable-libstdcxx-debug --enable-libstdcxx-time=yes --with-default-libstdcxx-abi=new --enable-gnu-unique-object --disable-vtable-verify --enable-plugin --enable-default-pie --with-system-zlib --enable-libphobos-checking=release --with-target-system-zlib=auto --enable-objc-gc=auto --enable-multiarch --disable-werror --enable-cet --with-arch-32=i686 --with-abi=m64 --with-multilib-list=m32 m64 mx32 --enable-multilib --with-tune=generic --enable-offload-targets=nvptx-none=/build/gcc-11-0odw26/gcc-11-11.4.0/debian/tmp-nvptx/usr amdgcn-amdhsa=/build/gcc-11-0odw26/gcc-11-11.4.0/debian/tmp-gcn/usr --without-cuda-driver --enable-checking=release --build=x86_64-linux-gnu --host=x86_64-linux-gnu --target=x86_64-linux-gnu --with-build-config=bootstrap-lto-lean --enable-link-serialization=2]
  ignore line: [Thread model: posix]
  ignore line: [Supported LTO compression algorithms: zlib zstd]
  ignore line: [gcc version 11.4.0 (Ubuntu 11.4.0-1ubuntu1~22.04.3) ]
  ignore line: [COMPILER_PATH=/usr/lib/gcc/x86_64-linux-gnu/11/:/usr/lib/gcc/x86_64-linux-gnu/11/:/usr/lib/gcc/x86_64-linux-gnu/:/usr/lib/gcc/x86_64-linux-gnu/11/:/usr/lib/gcc/x86_64-linux-gnu/]
  ignore line: [LIBRARY_PATH=/usr/lib/gcc/x86_64-linux-gnu/11/:/usr/lib/gcc/x86_64-linux-gnu/11/../../../x86_64-linux-gnu/:/usr/lib/gcc/x86_64-linux-gnu/11/../../../../lib/:/lib/x86_64-linux-gnu/:/lib/../lib/:/usr/lib/x86_64-linux-gnu/:/usr/lib/../lib/:/usr/lib/gcc/x86_64-linux-gnu/11/../../../:/lib/:/usr/lib/]
  ignore line: [COLLECT_GCC_OPTIONS='-L/home/sophie/miniconda3/lib' '-L/home/sophie/miniconda3/targets/x86_64-linux/lib' '-L/home/sophie/miniconda3/targets/x86_64-linux/lib/stubs' '-v' '-o' 'cmTC_1dd16' '-mtune=generic' '-march=x86-64' '-dumpdir' 'cmTC_1dd16.']
  link line: [ /usr/lib/gcc/x86_64-linux-gnu/11/collect2 -plugin /usr/lib/gcc/x86_64-linux-gnu/11/liblto_plugin.so -plugin-opt=/usr/lib/gcc/x86_64-linux-gnu/11/lto-wrapper -plugin-opt=-fresolution=/tmp/cchZ7dXG.res -plugin-opt=-pass-through=-lgcc -plugin-opt=-pass-through=-lgcc_s -plugin-opt=-pass-through=-lc -plugin-opt=-pass-through=-lgcc -plugin-opt=-pass-through=-lgcc_s --build-id --eh-frame-hdr -m elf_x86_64 --hash-style=gnu --as-needed -dynamic-linker /lib64/ld-linux-x86-64.so.2 -pie -z now -z relro -o cmTC_1dd16 /usr/lib/gcc/x86_64-linux-gnu/11/../../../x86_64-linux-gnu/Scrt1.o /usr/lib/gcc/x86_64-linux-gnu/11/../../../x86_64-linux-gnu/crti.o /usr/lib/gcc/x86_64-linux-gnu/11/crtbeginS.o -L/home/sophie/miniconda3/lib -L/home/sophie/miniconda3/targets/x86_64-linux/lib -L/home/sophie/miniconda3/targets/x86_64-linux/lib/stubs -L/usr/lib/gcc/x86_64-linux-gnu/11 -L/usr/lib/gcc/x86_64-linux-gnu/11/../../../x86_64-linux-gnu -L/usr/lib/gcc/x86_64-linux-gnu/11/../../../../lib -L/lib/x86_64-linux-gnu -L/lib/../lib -L/usr/lib/x86_64-linux-gnu -L/usr/lib/../lib -L/usr/lib/gcc/x86_64-linux-gnu/11/../../.. -O2 --sort-common --as-needed -z relro -z now --disable-new-dtags --gc-sections -rpath /home/sophie/miniconda3/lib -rpath-link /home/sophie/miniconda3/lib CMakeFiles/cmTC_1dd16.dir/CMakeCCompilerABI.c.o -lgcc --push-state --as-needed -lgcc_s --pop-state -lc -lgcc --push-state --as-needed -lgcc_s --pop-state /usr/lib/gcc/x86_64-linux-gnu/11/crtendS.o /usr/lib/gcc/x86_64-linux-gnu/11/../../../x86_64-linux-gnu/crtn.o]
    arg [/usr/lib/gcc/x86_64-linux-gnu/11/collect2] ==> ignore
    arg [-plugin] ==> ignore
    arg [/usr/lib/gcc/x86_64-linux-gnu/11/liblto_plugin.so] ==> ignore
    arg [-plugin-opt=/usr/lib/gcc/x86_64-linux-gnu/11/lto-wrapper] ==> ignore
    arg [-plugin-opt=-fresolution=/tmp/cchZ7dXG.res] ==> ignore
    arg [-plugin-opt=-pass-through=-lgcc] ==> ignore
    arg [-plugin-opt=-pass-through=-lgcc_s] ==> ignore
    arg [-plugin-opt=-pass-through=-lc] ==> ignore
    arg [-plugin-opt=-pass-through=-lgcc] ==> ignore
    arg [-plugin-opt=-pass-through=-lgcc_s] ==> ignore
    arg [--build-id] ==> ignore
    arg [--eh-frame-hdr] ==> ignore
    arg [-m] ==> ignore
    arg [elf_x86_64] ==> ignore
    arg [--hash-style=gnu] ==> ignore
    arg [--as-needed] ==> ignore
    arg [-dynamic-linker] ==> ignore
    arg [/lib64/ld-linux-x86-64.so.2] ==> ignore
    arg [-pie] ==> ignore
    arg [-znow] ==> ignore
    arg [-zrelro] ==> ignore
    arg [-o] ==> ignore
    arg [cmTC_1dd16] ==> ignore
    arg [/usr/lib/gcc/x86_64-linux-gnu/11/../../../x86_64-linux-gnu/Scrt1.o] ==> obj [/usr/lib/gcc/x86_64-linux-gnu/11/../../../x86_64-linux-gnu/Scrt1.o]
    arg [/usr/lib/gcc/x86_64-linux-gnu/11/../../../x86_64-linux-gnu/crti.o] ==> obj [/usr/lib/gcc/x86_64-linux-gnu/11/../../../x86_64-linux-gnu/crti.o]
    arg [/usr/lib/gcc/x86_64-linux-gnu/11/crtbeginS.o] ==> obj [/usr/lib/gcc/x86_64-linux-gnu/11/crtbeginS.o]
    arg [-L/home/sophie/miniconda3/lib] ==> dir [/home/sophie/miniconda3/lib]
    arg [-L/home/sophie/miniconda3/targets/x86_64-linux/lib] ==> dir [/home/sophie/miniconda3/targets/x86_64-linux/lib]
    arg [-L/home/sophie/miniconda3/targets/x86_64-linux/lib/stubs] ==> dir [/home/sophie/miniconda3/targets/x86_64-linux/lib/stubs]
    arg [-L/usr/lib/gcc/x86_64-linux-gnu/11] ==> dir [/usr/lib/gcc/x86_64-linux-gnu/11]
    arg [-L/usr/lib/gcc/x86_64-linux-gnu/11/../../../x86_64-linux-gnu] ==> dir [/usr/lib/gcc/x86_64-linux-gnu/11/../../../x86_64-linux-gnu]
    arg [-L/usr/lib/gcc/x86_64-linux-gnu/11/../../../../lib] ==> dir [/usr/lib/gcc/x86_64-linux-gnu/11/../../../../lib]
    arg [-L/lib/x86_64-linux-gnu] ==> dir [/lib/x86_64-linux-gnu]
    arg [-L/lib/../lib] ==> dir [/lib/../lib]
    arg [-L/usr/lib/x86_64-linux-gnu] ==> dir [/usr/lib/x86_64-linux-gnu]
    arg [-L/usr/lib/../lib] ==> dir [/usr/lib/../lib]
    arg [-L/usr/lib/gcc/x86_64-linux-gnu/11/../../..] ==> dir [/usr/lib/gcc/x86_64-linux-gnu/11/../../..]
    arg [-O2] ==> ignore
    arg [--sort-common] ==> ignore
    arg [--as-needed] ==> ignore
    arg [-zrelro] ==> ignore
    arg [-znow] ==> ignore
    arg [--disable-new-dtags] ==> ignore
    arg [--gc-sections] ==> ignore
    arg [-rpath] ==> ignore
    arg [/home/sophie/miniconda3/lib] ==> ignore
    arg [-rpath-link] ==> ignore
    arg [/home/sophie/miniconda3/lib] ==> ignore
    arg [CMakeFiles/cmTC_1dd16.dir/CMakeCCompilerABI.c.o] ==> ignore
    arg [-lgcc] ==> lib [gcc]
    arg [--push-state] ==> ignore
    arg [--as-needed] ==> ignore
    arg [-lgcc_s] ==> lib [gcc_s]
    arg [--pop-state] ==> ignore
    arg [-lc] ==> lib [c]
    arg [-lgcc] ==> lib [gcc]
    arg [--push-state] ==> ignore
    arg [--as-needed] ==> ignore
    arg [-lgcc_s] ==> lib [gcc_s]
    arg [--pop-state] ==> ignore
    arg [/usr/lib/gcc/x86_64-linux-gnu/11/crtendS.o] ==> obj [/usr/lib/gcc/x86_64-linux-gnu/11/crtendS.o]
    arg [/usr/lib/gcc/x86_64-linux-gnu/11/../../../x86_64-linux-gnu/crtn.o] ==> obj [/usr/lib/gcc/x86_64-linux-gnu/11/../../../x86_64-linux-gnu/crtn.o]
  collapse obj [/usr/lib/gcc/x86_64-linux-gnu/11/../../../x86_64-linux-gnu/Scrt1.o] ==> [/usr/lib/x86_64-linux-gnu/Scrt1.o]
  collapse obj [/usr/lib/gcc/x86_64-linux-gnu/11/../../../x86_64-linux-gnu/crti.o] ==> [/usr/lib/x86_64-linux-gnu/crti.o]
  collapse obj [/usr/lib/gcc/x86_64-linux-gnu/11/../../../x86_64-linux-gnu/crtn.o] ==> [/usr/lib/x86_64-linux-gnu/crtn.o]
  collapse library dir [/home/sophie/miniconda3/lib] ==> [/home/sophie/miniconda3/lib]
  collapse library dir [/home/sophie/miniconda3/targets/x86_64-linux/lib] ==> [/home/sophie/miniconda3/targets/x86_64-linux/lib]
  collapse library dir [/home/sophie/miniconda3/targets/x86_64-linux/lib/stubs] ==> [/home/sophie/miniconda3/targets/x86_64-linux/lib/stubs]
  collapse library dir [/usr/lib/gcc/x86_64-linux-gnu/11] ==> [/usr/lib/gcc/x86_64-linux-gnu/11]
  collapse library dir [/usr/lib/gcc/x86_64-linux-gnu/11/../../../x86_64-linux-gnu] ==> [/usr/lib/x86_64-linux-gnu]
  collapse library dir [/usr/lib/gcc/x86_64-linux-gnu/11/../../../../lib] ==> [/usr/lib]
  collapse library dir [/lib/x86_64-linux-gnu] ==> [/lib/x86_64-linux-gnu]
  collapse library dir [/lib/../lib] ==> [/lib]
  collapse library dir [/usr/lib/x86_64-linux-gnu] ==> [/usr/lib/x86_64-linux-gnu]
  collapse library dir [/usr/lib/../lib] ==> [/usr/lib]
  collapse library dir [/usr/lib/gcc/x86_64-linux-gnu/11/../../..] ==> [/usr/lib]
  implicit libs: [gcc;gcc_s;c;gcc;gcc_s]
  implicit objs: [/usr/lib/x86_64-linux-gnu/Scrt1.o;/usr/lib/x86_64-linux-gnu/crti.o;/usr/lib/gcc/x86_64-linux-gnu/11/crtbeginS.o;/usr/lib/gcc/x86_64-linux-gnu/11/crtendS.o;/usr/lib/x86_64-linux-gnu/crtn.o]
  implicit dirs: [/home/sophie/miniconda3/lib;/home/sophie/miniconda3/targets/x86_64-linux/lib;/home/sophie/miniconda3/targets/x86_64-linux/lib/stubs;/usr/lib/gcc/x86_64-linux-gnu/11;/usr/lib/x86_64-linux-gnu;/usr/lib;/lib/x86_64-linux-gnu;/lib]
  implicit fwks: []


Detecting CXX compiler ABI info compiled with the following output:
Change Dir: /home/sophie/isaac_lab/isaac_ws/rl_code/soarm100sim/ros2/build/soarm100_interfaces/CMakeFiles/CMakeTmp

Run Build Command(s):/usr/bin/gmake -f Makefile cmTC_14a89/fast && /usr/bin/gmake  -f CMakeFiles/cmTC_14a89.dir/build.make CMakeFiles/cmTC_14a89.dir/build
gmake[1]: Entering directory '/home/sophie/isaac_lab/isaac_ws/rl_code/soarm100sim/ros2/build/soarm100_interfaces/CMakeFiles/CMakeTmp'
Building CXX object CMakeFiles/cmTC_14a89.dir/CMakeCXXCompilerABI.cpp.o
/usr/bin/c++   -fvisibility-inlines-hidden -fmessage-length=0 -march=nocona -mtune=haswell -ftree-vectorize -fPIC -fstack-protector-strong -fno-plt -O2 -ffunction-sections -pipe -isystem /home/sophie/miniconda3/include  -I/home/sophie/miniconda3/targets/x86_64-linux/include  -L/home/sophie/miniconda3/targets/x86_64-linux/lib -L/home/sophie/miniconda3/targets/x86_64-linux/lib/stubs    -v -o CMakeFiles/cmTC_14a89.dir/CMakeCXXCompilerABI.cpp.o -c /usr/share/cmake-3.22/Modules/CMakeCXXCompilerABI.cpp
Using built-in specs.
COLLECT_GCC=/usr/bin/c++
OFFLOAD_TARGET_NAMES=nvptx-none:amdgcn-amdhsa
OFFLOAD_TARGET_DEFAULT=1
Target: x86_64-linux-gnu
Configured with: ../src/configure -v --with-pkgversion='Ubuntu 11.4.0-1ubuntu1~22.04.3' --with-bugurl=file:///usr/share/doc/gcc-11/README.Bugs --enable-languages=c,ada,c++,go,brig,d,fortran,objc,obj-c++,m2 --prefix=/usr --with-gcc-major-version-only --program-suffix=-11 --program-prefix=x86_64-linux-gnu- --enable-shared --enable-linker-build-id --libexecdir=/usr/lib --without-included-gettext --enable-threads=posix --libdir=/usr/lib --enable-nls --enable-bootstrap --enable-clocale=gnu --enable-libstdcxx-debug --enable-libstdcxx-time=yes --with-default-libstdcxx-abi=new --enable-gnu-unique-object --disable-vtable-verify --enable-plugin --enable-default-pie --with-system-zlib --enable-libphobos-checking=release --with-target-system-zlib=auto --enable-objc-gc=auto --enable-multiarch --disable-werror --enable-cet --with-arch-32=i686 --with-abi=m64 --with-multilib-list=m32,m64,mx32 --enable-multilib --with-tune=generic --enable-offload-targets=nvptx-none=/build/gcc-11-0odw26/gcc-11-11.4.0/debian/tmp-nvptx/usr,amdgcn-amdhsa=/build/gcc-11-0odw26/gcc-11-11.4.0/debian/tmp-gcn/usr --without-cuda-driver --enable-checking=release --build=x86_64-linux-gnu --host=x86_64-linux-gnu --target=x86_64-linux-gnu --with-build-config=bootstrap-lto-lean --enable-link-serialization=2
Thread model: posix
Supported LTO compression algorithms: zlib zstd
gcc version 11.4.0 (Ubuntu 11.4.0-1ubuntu1~22.04.3) 
COLLECT_GCC_OPTIONS='-fvisibility-inlines-hidden' '-fmessage-length=0' '-march=nocona' '-mtune=haswell' '-ftree-vectorize' '-fPIC' '-fstack-protector-strong' '-fno-plt' '-O2' '-ffunction-sections' '-pipe' '-isystem' '/home/sophie/miniconda3/include' '-I' '/home/sophie/miniconda3/targets/x86_64-linux/include' '-L/home/sophie/miniconda3/targets/x86_64-linux/lib' '-L/home/sophie/miniconda3/targets/x86_64-linux/lib/stubs' '-v' '-o' 'CMakeFiles/cmTC_14a89.dir/CMakeCXXCompilerABI.cpp.o' '-c' '-shared-libgcc' '-dumpdir' 'CMakeFiles/cmTC_14a89.dir/'
 /usr/lib/gcc/x86_64-linux-gnu/11/cc1plus -quiet -v -I /home/sophie/miniconda3/targets/x86_64-linux/include -imultiarch x86_64-linux-gnu -D_GNU_SOURCE -isystem /home/sophie/miniconda3/include /usr/share/cmake-3.22/Modules/CMakeCXXCompilerABI.cpp -quiet -dumpdir CMakeFiles/cmTC_14a89.dir/ -dumpbase CMakeCXXCompilerABI.cpp.cpp -dumpbase-ext .cpp -march=nocona -mtune=haswell -O2 -version -fvisibility-inlines-hidden -fmessage-length=0 -ftree-vectorize -fPIC -fstack-protector-strong -fno-plt -ffunction-sections -fasynchronous-unwind-tables -fstack-protector-strong -Wformat -Wformat-security -fstack-clash-protection -fcf-protection -o - |
 as -v -I /home/sophie/miniconda3/targets/x86_64-linux/include --64 -o CMakeFiles/cmTC_14a89.dir/CMakeCXXCompilerABI.cpp.o
GNU assembler version 2.38 (x86_64-linux-gnu) using BFD version (GNU Binutils for Ubuntu) 2.38
GNU C++17 (Ubuntu 11.4.0-1ubuntu1~22.04.3) version 11.4.0 (x86_64-linux-gnu)
	compiled by GNU C version 11.4.0, GMP version 6.2.1, MPFR version 4.1.0, MPC version 1.2.1, isl version isl-0.24-GMP

GGC heuristics: --param ggc-min-expand=100 --param ggc-min-heapsize=131072
ignoring duplicate directory "/usr/include/x86_64-linux-gnu/c++/11"
ignoring nonexistent directory "/usr/local/include/x86_64-linux-gnu"
ignoring nonexistent directory "/usr/lib/gcc/x86_64-linux-gnu/11/include-fixed"
ignoring nonexistent directory "/usr/lib/gcc/x86_64-linux-gnu/11/../../../../x86_64-linux-gnu/include"
#include "..." search starts here:
#include <...> search starts here:
 /home/sophie/miniconda3/targets/x86_64-linux/include
 /home/sophie/miniconda3/include
 /usr/include/c++/11
 /usr/include/x86_64-linux-gnu/c++/11
 /usr/include/c++/11/backward
 /usr/lib/gcc/x86_64-linux-gnu/11/include
 /usr/local/include
 /usr/include/x86_64-linux-gnu
 /usr/include
End of search list.
GNU C++17 (Ubuntu 11.4.0-1ubuntu1~22.04.3) version 11.4.0 (x86_64-linux-gnu)
	compiled by GNU C version 11.4.0, GMP version 6.2.1, MPFR version 4.1.0, MPC version 1.2.1, isl version isl-0.24-GMP

GGC heuristics: --param ggc-min-expand=100 --param ggc-min-heapsize=131072
Compiler executable checksum: ac7fa628ee459f217e6fdb88b3db0bde
COMPILER_PATH=/usr/lib/gcc/x86_64-linux-gnu/11/:/usr/lib/gcc/x86_64-linux-gnu/11/:/usr/lib/gcc/x86_64-linux-gnu/:/usr/lib/gcc/x86_64-linux-gnu/11/:/usr/lib/gcc/x86_64-linux-gnu/
LIBRARY_PATH=/usr/lib/gcc/x86_64-linux-gnu/11/:/usr/lib/gcc/x86_64-linux-gnu/11/../../../x86_64-linux-gnu/:/usr/lib/gcc/x86_64-linux-gnu/11/../../../../lib/:/lib/x86_64-linux-gnu/:/lib/../lib/:/usr/lib/x86_64-linux-gnu/:/usr/lib/../lib/:/usr/lib/gcc/x86_64-linux-gnu/11/../../../:/lib/:/usr/lib/
COLLECT_GCC_OPTIONS='-fvisibility-inlines-hidden' '-fmessage-length=0' '-march=nocona' '-mtune=haswell' '-ftree-vectorize' '-fPIC' '-fstack-protector-strong' '-fno-plt' '-O2' '-ffunction-sections' '-pipe' '-isystem' '/home/sophie/miniconda3/include' '-I' '/home/sophie/miniconda3/targets/x86_64-linux/include' '-L/home/sophie/miniconda3/targets/x86_64-linux/lib' '-L/home/sophie/miniconda3/targets/x86_64-linux/lib/stubs' '-v' '-o' 'CMakeFiles/cmTC_14a89.dir/CMakeCXXCompilerABI.cpp.o' '-c' '-shared-libgcc' '-dumpdir' 'CMakeFiles/cmTC_14a89.dir/CMakeCXXCompilerABI.cpp.'
Linking CXX executable cmTC_14a89
/usr/bin/cmake -E cmake_link_script CMakeFiles/cmTC_14a89.dir/link.txt --verbose=1
/usr/bin/c++ -fvisibility-inlines-hidden -fmessage-length=0 -march=nocona -mtune=haswell -ftree-vectorize -fPIC -fstack-protector-strong -fno-plt -O2 -ffunction-sections -pipe -isystem /home/sophie/miniconda3/include  -I/home/sophie/miniconda3/targets/x86_64-linux/include  -L/home/sophie/miniconda3/targets/x86_64-linux/lib -L/home/sophie/miniconda3/targets/x86_64-linux/lib/stubs  -Wl,-O2 -Wl,--sort-common -Wl,--as-needed -Wl,-z,relro -Wl,-z,now -Wl,--disable-new-dtags -Wl,--gc-sections -Wl,-rpath,/home/sophie/miniconda3/lib -Wl,-rpath-link,/home/sophie/miniconda3/lib -L/home/sophie/miniconda3/lib  -L/home/sophie/miniconda3/targets/x86_64-linux/lib -L/home/sophie/miniconda3/targets/x86_64-linux/lib/stubs -v CMakeFiles/cmTC_14a89.dir/CMakeCXXCompilerABI.cpp.o -o cmTC_14a89 
Using built-in specs.
COLLECT_GCC=/usr/bin/c++
COLLECT_LTO_WRAPPER=/usr/lib/gcc/x86_64-linux-gnu/11/lto-wrapper
OFFLOAD_TARGET_NAMES=nvptx-none:amdgcn-amdhsa
OFFLOAD_TARGET_DEFAULT=1
Target: x86_64-linux-gnu
Configured with: ../src/configure -v --with-pkgversion='Ubuntu 11.4.0-1ubuntu1~22.04.3' --with-bugurl=file:///usr/share/doc/gcc-11/README.Bugs --enable-languages=c,ada,c++,go,brig,d,fortran,objc,obj-c++,m2 --prefix=/usr --with-gcc-major-version-only --program-suffix=-11 --program-prefix=x86_64-linux-gnu- --enable-shared --enable-linker-build-id --libexecdir=/usr/lib --without-included-gettext --enable-threads=posix --libdir=/usr/lib --enable-nls --enable-bootstrap --enable-clocale=gnu --enable-libstdcxx-debug --enable-libstdcxx-time=yes --with-default-libstdcxx-abi=new --enable-gnu-unique-object --disable-vtable-verify --enable-plugin --enable-default-pie --with-system-zlib --enable-libphobos-checking=release --with-target-system-zlib=auto --enable-objc-gc=auto --enable-multiarch --disable-werror --enable-cet --with-arch-32=i686 --with-abi=m64 --with-multilib-list=m32,m64,mx32 --enable-multilib --with-tune=generic --enable-offload-targets=nvptx-none=/build/gcc-11-0odw26/gcc-11-11.4.0/debian/tmp-nvptx/usr,amdgcn-amdhsa=/build/gcc-11-0odw26/gcc-11-11.4.0/debian/tmp-gcn/usr --without-cuda-driver --enable-checking=release --build=x86_64-linux-gnu --host=x86_64-linux-gnu --target=x86_64-linux-gnu --with-build-config=bootstrap-lto-lean --enable-link-serialization=2
Thread model: posix
Supported LTO compression algorithms: zlib zstd
gcc version 11.4.0 (Ubuntu 11.4.0-1ubuntu1~22.04.3) 
COMPILER_PATH=/usr/lib/gcc/x86_64-linux-gnu/11/:/usr/lib/gcc/x86_64-linux-gnu/11/:/usr/lib/gcc/x86_64-linux-gnu/:/usr/lib/gcc/x86_64-linux-gnu/11/:/usr/lib/gcc/x86_64-linux-gnu/
LIBRARY_PATH=/usr/lib/gcc/x86_64-linux-gnu/11/:/usr/lib/gcc/x86_64-linux-gnu/11/../../../x86_64-linux-gnu/:/usr/lib/gcc/x86_64-linux-gnu/11/../../../../lib/:/lib/x86_64-linux-gnu/:/lib/../lib/:/usr/lib/x86_64-linux-gnu/:/usr/lib/../lib/:/usr/lib/gcc/x86_64-linux-gnu/11/../../../:/lib/:/usr/lib/
COLLECT_GCC_OPTIONS='-fvisibility-inlines-hidden' '-fmessage-length=0' '-march=nocona' '-mtune=haswell' '-ftree-vectorize' '-fPIC' '-fstack-protector-strong' '-fno-plt' '-O2' '-ffunction-sections' '-pipe' '-isystem' '/home/sophie/miniconda3/include' '-I' '/home/sophie/miniconda3/targets/x86_64-linux/include' '-L/home/sophie/miniconda3/targets/x86_64-linux/lib' '-L/home/sophie/miniconda3/targets/x86_64-linux/lib/stubs' '-L/home/sophie/miniconda3/lib' '-L/home/sophie/miniconda3/targets/x86_64-linux/lib' '-L/home/sophie/miniconda3/targets/x86_64-linux/lib/stubs' '-v' '-o' 'cmTC_14a89' '-shared-libgcc' '-dumpdir' 'cmTC_14a89.'
 /usr/lib/gcc/x86_64-linux-gnu/11/collect2 -plugin /usr/lib/gcc/x86_64-linux-gnu/11/liblto_plugin.so -plugin-opt=/usr/lib/gcc/x86_64-linux-gnu/11/lto-wrapper -plugin-opt=-fresolution=/tmp/ccZvlUYA.res -plugin-opt=-pass-through=-lgcc_s -plugin-opt=-pass-through=-lgcc -plugin-opt=-pass-through=-lc -plugin-opt=-pass-through=-lgcc_s -plugin-opt=-pass-through=-lgcc --build-id --eh-frame-hdr -m elf_x86_64 --hash-style=gnu --as-needed -dynamic-linker /lib64/ld-linux-x86-64.so.2 -pie -z now -z relro -o cmTC_14a89 /usr/lib/gcc/x86_64-linux-gnu/11/../../../x86_64-linux-gnu/Scrt1.o /usr/lib/gcc/x86_64-linux-gnu/11/../../../x86_64-linux-gnu/crti.o /usr/lib/gcc/x86_64-linux-gnu/11/crtbeginS.o -L/home/sophie/miniconda3/targets/x86_64-linux/lib -L/home/sophie/miniconda3/targets/x86_64-linux/lib/stubs -L/home/sophie/miniconda3/lib -L/home/sophie/miniconda3/targets/x86_64-linux/lib -L/home/sophie/miniconda3/targets/x86_64-linux/lib/stubs -L/usr/lib/gcc/x86_64-linux-gnu/11 -L/usr/lib/gcc/x86_64-linux-gnu/11/../../../x86_64-linux-gnu -L/usr/lib/gcc/x86_64-linux-gnu/11/../../../../lib -L/lib/x86_64-linux-gnu -L/lib/../lib -L/usr/lib/x86_64-linux-gnu -L/usr/lib/../lib -L/usr/lib/gcc/x86_64-linux-gnu/11/../../.. -O2 --sort-common --as-needed -z relro -z now --disable-new-dtags --gc-sections -rpath /home/sophie/miniconda3/lib -rpath-link /home/sophie/miniconda3/lib CMakeFiles/cmTC_14a89.dir/CMakeCXXCompilerABI.cpp.o -lstdc++ -lm -lgcc_s -lgcc -lc -lgcc_s -lgcc /usr/lib/gcc/x86_64-linux-gnu/11/crtendS.o /usr/lib/gcc/x86_64-linux-gnu/11/../../../x86_64-linux-gnu/crtn.o
COLLECT_GCC_OPTIONS='-fvisibility-inlines-hidden' '-fmessage-length=0' '-march=nocona' '-mtune=haswell' '-ftree-vectorize' '-fPIC' '-fstack-protector-strong' '-fno-plt' '-O2' '-ffunction-sections' '-pipe' '-isystem' '/home/sophie/miniconda3/include' '-I' '/home/sophie/miniconda3/targets/x86_64-linux/include' '-L/home/sophie/miniconda3/targets/x86_64-linux/lib' '-L/home/sophie/miniconda3/targets/x86_64-linux/lib/stubs' '-L/home/sophie/miniconda3/lib' '-L/home/sophie/miniconda3/targets/x86_64-linux/lib' '-L/home/sophie/miniconda3/targets/x86_64-linux/lib/stubs' '-v' '-o' 'cmTC_14a89' '-shared-libgcc' '-dumpdir' 'cmTC_14a89.'
gmake[1]: Leaving directory '/home/sophie/isaac_lab/isaac_ws/rl_code/soarm100sim/ros2/build/soarm100_interfaces/CMakeFiles/CMakeTmp'



Parsed CXX implicit include dir info from above output: rv=done
  found start of include info
  found start of implicit include info
    add: [/home/sophie/miniconda3/targets/x86_64-linux/include]
    add: [/home/sophie/miniconda3/include]
    add: [/usr/include/c++/11]
    add: [/usr/include/x86_64-linux-gnu/c++/11]
    add: [/usr/include/c++/11/backward]
    add: [/usr/lib/gcc/x86_64-linux-gnu/11/include]
    add: [/usr/local/include]
    add: [/usr/include/x86_64-linux-gnu]
    add: [/usr/include]
  end of search list found
  collapse include dir [/home/sophie/miniconda3/targets/x86_64-linux/include] ==> [/home/sophie/miniconda3/targets/x86_64-linux/include]
  collapse include dir [/home/sophie/miniconda3/include] ==> [/home/sophie/miniconda3/include]
  collapse include dir [/usr/include/c++/11] ==> [/usr/include/c++/11]
  collapse include dir [/usr/include/x86_64-linux-gnu/c++/11] ==> [/usr/include/x86_64-linux-gnu/c++/11]
  collapse include dir [/usr/include/c++/11/backward] ==> [/usr/include/c++/11/backward]
  collapse include dir [/usr/lib/gcc/x86_64-linux-gnu/11/include] ==> [/usr/lib/gcc/x86_64-linux-gnu/11/include]
  collapse include dir [/usr/local/include] ==> [/usr/local/include]
  collapse include dir [/usr/include/x86_64-linux-gnu] ==> [/usr/include/x86_64-linux-gnu]
  collapse include dir [/usr/include] ==> [/usr/include]
  implicit include dirs: [/home/sophie/miniconda3/targets/x86_64-linux/include;/home/sophie/miniconda3/include;/usr/include/c++/11;/usr/include/x86_64-linux-gnu/c++/11;/usr/include/c++/11/backward;/usr/lib/gcc/x86_64-linux-gnu/11/include;/usr/local/include;/usr/include/x86_64-linux-gnu;/usr/include]


Parsed CXX implicit link information from above output:
  link line regex: [^( *|.*[/\])(ld|CMAKE_LINK_STARTFILE-NOTFOUND|([^/\]+-)?ld|collect2)[^/\]*( |$)]
  ignore line: [Change Dir: /home/sophie/isaac_lab/isaac_ws/rl_code/soarm100sim/ros2/build/soarm100_interfaces/CMakeFiles/CMakeTmp]
  ignore line: []
  ignore line: [Run Build Command(s):/usr/bin/gmake -f Makefile cmTC_14a89/fast && /usr/bin/gmake  -f CMakeFiles/cmTC_14a89.dir/build.make CMakeFiles/cmTC_14a89.dir/build]
  ignore line: [gmake[1]: Entering directory '/home/sophie/isaac_lab/isaac_ws/rl_code/soarm100sim/ros2/build/soarm100_interfaces/CMakeFiles/CMakeTmp']
  ignore line: [Building CXX object CMakeFiles/cmTC_14a89.dir/CMakeCXXCompilerABI.cpp.o]
  ignore line: [/usr/bin/c++   -fvisibility-inlines-hidden -fmessage-length=0 -march=nocona -mtune=haswell -ftree-vectorize -fPIC -fstack-protector-strong -fno-plt -O2 -ffunction-sections -pipe -isystem /home/sophie/miniconda3/include  -I/home/sophie/miniconda3/targets/x86_64-linux/include  -L/home/sophie/miniconda3/targets/x86_64-linux/lib -L/home/sophie/miniconda3/targets/x86_64-linux/lib/stubs    -v -o CMakeFiles/cmTC_14a89.dir/CMakeCXXCompilerABI.cpp.o -c /usr/share/cmake-3.22/Modules/CMakeCXXCompilerABI.cpp]
  ignore line: [Using built-in specs.]
  ignore line: [COLLECT_GCC=/usr/bin/c++]
  ignore line: [OFFLOAD_TARGET_NAMES=nvptx-none:amdgcn-amdhsa]
  ignore line: [OFFLOAD_TARGET_DEFAULT=1]
  ignore line: [Target: x86_64-linux-gnu]
  ignore line: [Configured with: ../src/configure -v --with-pkgversion='Ubuntu 11.4.0-1ubuntu1~22.04.3' --with-bugurl=file:///usr/share/doc/gcc-11/README.Bugs --enable-languages=c ada c++ go brig d fortran objc obj-c++ m2 --prefix=/usr --with-gcc-major-version-only --program-suffix=-11 --program-prefix=x86_64-linux-gnu- --enable-shared --enable-linker-build-id --libexecdir=/usr/lib --without-included-gettext --enable-threads=posix --libdir=/usr/lib --enable-nls --enable-bootstrap --enable-clocale=gnu --enable-libstdcxx-debug --enable-libstdcxx-time=yes --with-default-libstdcxx-abi=new --enable-gnu-unique-object --disable-vtable-verify --enable-plugin --enable-default-pie --with-system-zlib --enable-libphobos-checking=release --with-target-system-zlib=auto --enable-objc-gc=auto --enable-multiarch --disable-werror --enable-cet --with-arch-32=i686 --with-abi=m64 --with-multilib-list=m32 m64 mx32 --enable-multilib --with-tune=generic --enable-offload-targets=nvptx-none=/build/gcc-11-0odw26/gcc-11-11.4.0/debian/tmp-nvptx/usr amdgcn-amdhsa=/build/gcc-11-0odw26/gcc-11-11.4.0/debian/tmp-gcn/usr --without-cuda-driver --enable-checking=release --build=x86_64-linux-gnu --host=x86_64-linux-gnu --target=x86_64-linux-gnu --with-build-config=bootstrap-lto-lean --enable-link-serialization=2]
  ignore line: [Thread model: posix]
  ignore line: [Supported LTO compression algorithms: zlib zstd]
  ignore line: [gcc version 11.4.0 (Ubuntu 11.4.0-1ubuntu1~22.04.3) ]
  ignore line: [COLLECT_GCC_OPTIONS='-fvisibility-inlines-hidden' '-fmessage-length=0' '-march=nocona' '-mtune=haswell' '-ftree-vectorize' '-fPIC' '-fstack-protector-strong' '-fno-plt' '-O2' '-ffunction-sections' '-pipe' '-isystem' '/home/sophie/miniconda3/include' '-I' '/home/sophie/miniconda3/targets/x86_64-linux/include' '-L/home/sophie/miniconda3/targets/x86_64-linux/lib' '-L/home/sophie/miniconda3/targets/x86_64-linux/lib/stubs' '-v' '-o' 'CMakeFiles/cmTC_14a89.dir/CMakeCXXCompilerABI.cpp.o' '-c' '-shared-libgcc' '-dumpdir' 'CMakeFiles/cmTC_14a89.dir/']
  ignore line: [ /usr/lib/gcc/x86_64-linux-gnu/11/cc1plus -quiet -v -I /home/sophie/miniconda3/targets/x86_64-linux/include -imultiarch x86_64-linux-gnu -D_GNU_SOURCE -isystem /home/sophie/miniconda3/include /usr/share/cmake-3.22/Modules/CMakeCXXCompilerABI.cpp -quiet -dumpdir CMakeFiles/cmTC_14a89.dir/ -dumpbase CMakeCXXCompilerABI.cpp.cpp -dumpbase-ext .cpp -march=nocona -mtune=haswell -O2 -version -fvisibility-inlines-hidden -fmessage-length=0 -ftree-vectorize -fPIC -fstack-protector-strong -fno-plt -ffunction-sections -fasynchronous-unwind-tables -fstack-protector-strong -Wformat -Wformat-security -fstack-clash-protection -fcf-protection -o - |]
  ignore line: [ as -v -I /home/sophie/miniconda3/targets/x86_64-linux/include --64 -o CMakeFiles/cmTC_14a89.dir/CMakeCXXCompilerABI.cpp.o]
  ignore line: [GNU assembler version 2.38 (x86_64-linux-gnu) using BFD version (GNU Binutils for Ubuntu) 2.38]
  ignore line: [GNU C++17 (Ubuntu 11.4.0-1ubuntu1~22.04.3) version 11.4.0 (x86_64-linux-gnu)]
  ignore line: [	compiled by GNU C version 11.4.0  GMP version 6.2.1  MPFR version 4.1.0  MPC version 1.2.1  isl version isl-0.24-GMP]
  ignore line: []
  ignore line: [GGC heuristics: --param ggc-min-expand=100 --param ggc-min-heapsize=131072]
  ignore line: [ignoring duplicate directory "/usr/include/x86_64-linux-gnu/c++/11"]
  ignore line: [ignoring nonexistent directory "/usr/local/include/x86_64-linux-gnu"]
  ignore line: [ignoring nonexistent directory "/usr/lib/gcc/x86_64-linux-gnu/11/include-fixed"]
  ignore line: [ignoring nonexistent directory "/usr/lib/gcc/x86_64-linux-gnu/11/../../../../x86_64-linux-gnu/include"]
  ignore line: [#include "..." search starts here:]
  ignore line: [#include <...> search starts here:]
  ignore line: [ /home/sophie/miniconda3/targets/x86_64-linux/include]
  ignore line: [ /home/sophie/miniconda3/include]
  ignore line: [ /usr/include/c++/11]
  ignore line: [ /usr/include/x86_64-linux-gnu/c++/11]
  ignore line: [ /usr/include/c++/11/backward]
  ignore line: [ /usr/lib/gcc/x86_64-linux-gnu/11/include]
  ignore line: [ /usr/local/include]
  ignore line: [ /usr/include/x86_64-linux-gnu]
  ignore line: [ /usr/include]
  ignore line: [End of search list.]
  ignore line: [GNU C++17 (Ubuntu 11.4.0-1ubuntu1~22.04.3) version 11.4.0 (x86_64-linux-gnu)]
  ignore line: [	compiled by GNU C version 11.4.0  GMP version 6.2.1  MPFR version 4.1.0  MPC version 1.2.1  isl version isl-0.24-GMP]
  ignore line: []
  ignore line: [GGC heuristics: --param ggc-min-expand=100 --param ggc-min-heapsize=131072]
  ignore line: [Compiler executable checksum: ac7fa628ee459f217e6fdb88b3db0bde]
  ignore line: [COMPILER_PATH=/usr/lib/gcc/x86_64-linux-gnu/11/:/usr/lib/gcc/x86_64-linux-gnu/11/:/usr/lib/gcc/x86_64-linux-gnu/:/usr/lib/gcc/x86_64-linux-gnu/11/:/usr/lib/gcc/x86_64-linux-gnu/]
  ignore line: [LIBRARY_PATH=/usr/lib/gcc/x86_64-linux-gnu/11/:/usr/lib/gcc/x86_64-linux-gnu/11/../../../x86_64-linux-gnu/:/usr/lib/gcc/x86_64-linux-gnu/11/../../../../lib/:/lib/x86_64-linux-gnu/:/lib/../lib/:/usr/lib/x86_64-linux-gnu/:/usr/lib/../lib/:/usr/lib/gcc/x86_64-linux-gnu/11/../../../:/lib/:/usr/lib/]
  ignore line: [COLLECT_GCC_OPTIONS='-fvisibility-inlines-hidden' '-fmessage-length=0' '-march=nocona' '-mtune=haswell' '-ftree-vectorize' '-fPIC' '-fstack-protector-strong' '-fno-plt' '-O2' '-ffunction-sections' '-pipe' '-isystem' '/home/sophie/miniconda3/include' '-I' '/home/sophie/miniconda3/targets/x86_64-linux/include' '-L/home/sophie/miniconda3/targets/x86_64-linux/lib' '-L/home/sophie/miniconda3/targets/x86_64-linux/lib/stubs' '-v' '-o' 'CMakeFiles/cmTC_14a89.dir/CMakeCXXCompilerABI.cpp.o' '-c' '-shared-libgcc' '-dumpdir' 'CMakeFiles/cmTC_14a89.dir/CMakeCXXCompilerABI.cpp.']
  ignore line: [Linking CXX executable cmTC_14a89]
  ignore line: [/usr/bin/cmake -E cmake_link_script CMakeFiles/cmTC_14a89.dir/link.txt --verbose=1]
  ignore line: [/usr/bin/c++ -fvisibility-inlines-hidden -fmessage-length=0 -march=nocona -mtune=haswell -ftree-vectorize -fPIC -fstack-protector-strong -fno-plt -O2 -ffunction-sections -pipe -isystem /home/sophie/miniconda3/include  -I/home/sophie/miniconda3/targets/x86_64-linux/include  -L/home/sophie/miniconda3/targets/x86_64-linux/lib -L/home/sophie/miniconda3/targets/x86_64-linux/lib/stubs  -Wl -O2 -Wl --sort-common -Wl --as-needed -Wl -z relro -Wl -z now -Wl --disable-new-dtags -Wl --gc-sections -Wl -rpath /home/sophie/miniconda3/lib -Wl -rpath-link /home/sophie/miniconda3/lib -L/home/sophie/miniconda3/lib  -L/home/sophie/miniconda3/targets/x86_64-linux/lib -L/home/sophie/miniconda3/targets/x86_64-linux/lib/stubs -v CMakeFiles/cmTC_14a89.dir/CMakeCXXCompilerABI.cpp.o -o cmTC_14a89 ]
  ignore line: [Using built-in specs.]
  ignore line: [COLLECT_GCC=/usr/bin/c++]
  ignore line: [COLLECT_LTO_WRAPPER=/usr/lib/gcc/x86_64-linux-gnu/11/lto-wrapper]
  ignore line: [OFFLOAD_TARGET_NAMES=nvptx-none:amdgcn-amdhsa]
  ignore line: [OFFLOAD_TARGET_DEFAULT=1]
  ignore line: [Target: x86_64-linux-gnu]
  ignore line: [Configured with: ../src/configure -v --with-pkgversion='Ubuntu 11.4.0-1ubuntu1~22.04.3' --with-bugurl=file:///usr/share/doc/gcc-11/README.Bugs --enable-languages=c ada c++ go brig d fortran objc obj-c++ m2 --prefix=/usr --with-gcc-major-version-only --program-suffix=-11 --program-prefix=x86_64-linux-gnu- --enable-shared --enable-linker-build-id --libexecdir=/usr/lib --without-included-gettext --enable-threads=posix --libdir=/usr/lib --enable-nls --enable-bootstrap --enable-clocale=gnu --enable-libstdcxx-debug --enable-libstdcxx-time=yes --with-default-libstdcxx-abi=new --enable-gnu-unique-object --disable-vtable-verify --enable-plugin --enable-default-pie --with-system-zlib --enable-libphobos-checking=release --with-target-system-zlib=auto --enable-objc-gc=auto --enable-multiarch --disable-werror --enable-cet --with-arch-32=i686 --with-abi=m64 --with-multilib-list=m32 m64 mx32 --enable-multilib --with-tune=generic --enable-offload-targets=nvptx-none=/build/gcc-11-0odw26/gcc-11-11.4.0/debian/tmp-nvptx/usr amdgcn-amdhsa=/build/gcc-11-0odw26/gcc-11-11.4.0/debian/tmp-gcn/usr --without-cuda-driver --enable-checking=release --build=x86_64-linux-gnu --host=x86_64-linux-gnu --target=x86_64-linux-gnu --with-build-config=bootstrap-lto-lean --enable-link-serialization=2]
  ignore line: [Thread model: posix]
  ignore line: [Supported LTO compression algorithms: zlib zstd]
  ignore line: [gcc version 11.4.0 (Ubuntu 11.4.0-1ubuntu1~22.04.3) ]
  ignore line: [COMPILER_PATH=/usr/lib/gcc/x86_64-linux-gnu/11/:/usr/lib/gcc/x86_64-linux-gnu/11/:/usr/lib/gcc/x86_64-linux-gnu/:/usr/lib/gcc/x86_64-linux-gnu/11/:/usr/lib/gcc/x86_64-linux-gnu/]
  ignore line: [LIBRARY_PATH=/usr/lib/gcc/x86_64-linux-gnu/11/:/usr/lib/gcc/x86_64-linux-gnu/11/../../../x86_64-linux-gnu/:/usr/lib/gcc/x86_64-linux-gnu/11/../../../../lib/:/lib/x86_64-linux-gnu/:/lib/../lib/:/usr/lib/x86_64-linux-gnu/:/usr/lib/../lib/:/usr/lib/gcc/x86_64-linux-gnu/11/../../../:/lib/:/usr/lib/]
  ignore line: [COLLECT_GCC_OPTIONS='-fvisibility-inlines-hidden' '-fmessage-length=0' '-march=nocona' '-mtune=haswell' '-ftree-vectorize' '-fPIC' '-fstack-protector-strong' '-fno-plt' '-O2' '-ffunction-sections' '-pipe' '-isystem' '/home/sophie/miniconda3/include' '-I' '/home/sophie/miniconda3/targets/x86_64-linux/include' '-L/home/sophie/miniconda3/targets/x86_64-linux/lib' '-L/home/sophie/miniconda3/targets/x86_64-linux/lib/stubs' '-L/home/sophie/miniconda3/lib' '-L/home/sophie/miniconda3/targets/x86_64-linux/lib' '-L/home/sophie/miniconda3/targets/x86_64-linux/lib/stubs' '-v' '-o' 'cmTC_14a89' '-shared-libgcc' '-dumpdir' 'cmTC_14a89.']
  link line: [ /usr/lib/gcc/x86_64-linux-gnu/11/collect2 -plugin /usr/lib/gcc/x86_64-linux-gnu/11/liblto_plugin.so -plugin-opt=/usr/lib/gcc/x86_64-linux-gnu/11/lto-wrapper -plugin-opt=-fresolution=/tmp/ccZvlUYA.res -plugin-opt=-pass-through=-lgcc_s -plugin-opt=-pass-through=-lgcc -plugin-opt=-pass-through=-lc -plugin-opt=-pass-through=-lgcc_s -plugin-opt=-pass-through=-lgcc --build-id --eh-frame-hdr -m elf_x86_64 --hash-style=gnu --as-needed -dynamic-linker /lib64/ld-linux-x86-64.so.2 -pie -z now -z relro -o cmTC_14a89 /usr/lib/gcc/x86_64-linux-gnu/11/../../../x86_64-linux-gnu/Scrt1.o /usr/lib/gcc/x86_64-linux-gnu/11/../../../x86_64-linux-gnu/crti.o /usr/lib/gcc/x86_64-linux-gnu/11/crtbeginS.o -L/home/sophie/miniconda3/targets/x86_64-linux/lib -L/home/sophie/miniconda3/targets/x86_64-linux/lib/stubs -L/home/sophie/miniconda3/lib -L/home/sophie/miniconda3/targets/x86_64-linux/lib -L/home/sophie/miniconda3/targets/x86_64-linux/lib/stubs -L/usr/lib/gcc/x86_64-linux-gnu/11 -L/usr/lib/gcc/x86_64-linux-gnu/11/../../../x86_64-linux-gnu -L/usr/lib/gcc/x86_64-linux-gnu/11/../../../../lib -L/lib/x86_64-linux-gnu -L/lib/../lib -L/usr/lib/x86_64-linux-gnu -L/usr/lib/../lib -L/usr/lib/gcc/x86_64-linux-gnu/11/../../.. -O2 --sort-common --as-needed -z relro -z now --disable-new-dtags --gc-sections -rpath /home/sophie/miniconda3/lib -rpath-link /home/sophie/miniconda3/lib CMakeFiles/cmTC_14a89.dir/CMakeCXXCompilerABI.cpp.o -lstdc++ -lm -lgcc_s -lgcc -lc -lgcc_s -lgcc /usr/lib/gcc/x86_64-linux-gnu/11/crtendS.o /usr/lib/gcc/x86_64-linux-gnu/11/../../../x86_64-linux-gnu/crtn.o]
    arg [/usr/lib/gcc/x86_64-linux-gnu/11/collect2] ==> ignore
    arg [-plugin] ==> ignore
    arg [/usr/lib/gcc/x86_64-linux-gnu/11/liblto_plugin.so] ==> ignore
    arg [-plugin-opt=/usr/lib/gcc/x86_64-linux-gnu/11/lto-wrapper] ==> ignore
    arg [-plugin-opt=-fresolution=/tmp/ccZvlUYA.res] ==> ignore
    arg [-plugin-opt=-pass-through=-lgcc_s] ==> ignore
    arg [-plugin-opt=-pass-through=-lgcc] ==> ignore
    arg [-plugin-opt=-pass-through=-lc] ==> ignore
    arg [-plugin-opt=-pass-through=-lgcc_s] ==> ignore
    arg [-plugin-opt=-pass-through=-lgcc] ==> ignore
    arg [--build-id] ==> ignore
    arg [--eh-frame-hdr] ==> ignore
    arg [-m] ==> ignore
    arg [elf_x86_64] ==> ignore
    arg [--hash-style=gnu] ==> ignore
    arg [--as-needed] ==> ignore
    arg [-dynamic-linker] ==> ignore
    arg [/lib64/ld-linux-x86-64.so.2] ==> ignore
    arg [-pie] ==> ignore
    arg [-znow] ==> ignore
    arg [-zrelro] ==> ignore
    arg [-o] ==> ignore
    arg [cmTC_14a89] ==> ignore
    arg [/usr/lib/gcc/x86_64-linux-gnu/11/../../../x86_64-linux-gnu/Scrt1.o] ==> obj [/usr/lib/gcc/x86_64-linux-gnu/11/../../../x86_64-linux-gnu/Scrt1.o]
    arg [/usr/lib/gcc/x86_64-linux-gnu/11/../../../x86_64-linux-gnu/crti.o] ==> obj [/usr/lib/gcc/x86_64-linux-gnu/11/../../../x86_64-linux-gnu/crti.o]
    arg [/usr/lib/gcc/x86_64-linux-gnu/11/crtbeginS.o] ==> obj [/usr/lib/gcc/x86_64-linux-gnu/11/crtbeginS.o]
    arg [-L/home/sophie/miniconda3/targets/x86_64-linux/lib] ==> dir [/home/sophie/miniconda3/targets/x86_64-linux/lib]
    arg [-L/home/sophie/miniconda3/targets/x86_64-linux/lib/stubs] ==> dir [/home/sophie/miniconda3/targets/x86_64-linux/lib/stubs]
    arg [-L/home/sophie/miniconda3/lib] ==> dir [/home/sophie/miniconda3/lib]
    arg [-L/home/sophie/miniconda3/targets/x86_64-linux/lib] ==> dir [/home/sophie/miniconda3/targets/x86_64-linux/lib]
    arg [-L/home/sophie/miniconda3/targets/x86_64-linux/lib/stubs] ==> dir [/home/sophie/miniconda3/targets/x86_64-linux/lib/stubs]
    arg [-L/usr/lib/gcc/x86_64-linux-gnu/11] ==> dir [/usr/lib/gcc/x86_64-linux-gnu/11]
    arg [-L/usr/lib/gcc/x86_64-linux-gnu/11/../../../x86_64-linux-gnu] ==> dir [/usr/lib/gcc/x86_64-linux-gnu/11/../../../x86_64-linux-gnu]
    arg [-L/usr/lib/gcc/x86_64-linux-gnu/11/../../../../lib] ==> dir [/usr/lib/gcc/x86_64-linux-gnu/11/../../../../lib]
    arg [-L/lib/x86_64-linux-gnu] ==> dir [/lib/x86_64-linux-gnu]
    arg [-L/lib/../lib] ==> dir [/lib/../lib]
    arg [-L/usr/lib/x86_64-linux-gnu] ==> dir [/usr/lib/x86_64-linux-gnu]
    arg [-L/usr/lib/../lib] ==> dir [/usr/lib/../lib]
    arg [-L/usr/lib/gcc/x86_64-linux-gnu/11/../../..] ==> dir [/usr/lib/gcc/x86_64-linux-gnu/11/../../..]
    arg [-O2] ==> ignore
    arg [--sort-common] ==> ignore
    arg [--as-needed] ==> ignore
    arg [-zrelro] ==> ignore
    arg [-znow] ==> ignore
    arg [--disable-new-dtags] ==> ignore
    arg [--gc-sections] ==> ignore
    arg [-rpath] ==> ignore
    arg [/home/sophie/miniconda3/lib] ==> ignore
    arg [-rpath-link] ==> ignore
    arg [/home/sophie/miniconda3/lib] ==> ignore
    arg [CMakeFiles/cmTC_14a89.dir/CMakeCXXCompilerABI.cpp.o] ==> ignore
    arg [-lstdc++] ==> lib [stdc++]
    arg [-lm] ==> lib [m]
    arg [-lgcc_s] ==> lib [gcc_s]
    arg [-lgcc] ==> lib [gcc]
    arg [-lc] ==> lib [c]
    arg [-lgcc_s] ==> lib [gcc_s]
    arg [-lgcc] ==> lib [gcc]
    arg [/usr/lib/gcc/x86_64-linux-gnu/11/crtendS.o] ==> obj [/usr/lib/gcc/x86_64-linux-gnu/11/crtendS.o]
    arg [/usr/lib/gcc/x86_64-linux-gnu/11/../../../x86_64-linux-gnu/crtn.o] ==> obj [/usr/lib/gcc/x86_64-linux-gnu/11/../../../x86_64-linux-gnu/crtn.o]
  collapse obj [/usr/lib/gcc/x86_64-linux-gnu/11/../../../x86_64-linux-gnu/Scrt1.o] ==> [/usr/lib/x86_64-linux-gnu/Scrt1.o]
  collapse obj [/usr/lib/gcc/x86_64-linux-gnu/11/../../../x86_64-linux-gnu/crti.o] ==> [/usr/lib/x86_64-linux-gnu/crti.o]
  collapse obj [/usr/lib/gcc/x86_64-linux-gnu/11/../../../x86_64-linux-gnu/crtn.o] ==> [/usr/lib/x86_64-linux-gnu/crtn.o]
  collapse library dir [/home/sophie/miniconda3/targets/x86_64-linux/lib] ==> [/home/sophie/miniconda3/targets/x86_64-linux/lib]
  collapse library dir [/home/sophie/miniconda3/targets/x86_64-linux/lib/stubs] ==> [/home/sophie/miniconda3/targets/x86_64-linux/lib/stubs]
  collapse library dir [/home/sophie/miniconda3/lib] ==> [/home/sophie/miniconda3/lib]
  collapse library dir [/home/sophie/miniconda3/targets/x86_64-linux/lib] ==> [/home/sophie/miniconda3/targets/x86_64-linux/lib]
  collapse library dir [/home/sophie/miniconda3/targets/x86_64-linux/lib/stubs] ==> [/home/sophie/miniconda3/targets/x86_64-linux/lib/stubs]
  collapse library dir [/usr/lib/gcc/x86_64-linux-gnu/11] ==> [/usr/lib/gcc/x86_64-linux-gnu/11]
  collapse library dir [/usr/lib/gcc/x86_64-linux-gnu/11/../../../x86_64-linux-gnu] ==> [/usr/lib/x86_64-linux-gnu]
  collapse library dir [/usr/lib/gcc/x86_64-linux-gnu/11/../../../../lib] ==> [/usr/lib]
  collapse library dir [/lib/x86_64-linux-gnu] ==> [/lib/x86_64-linux-gnu]
  collapse library dir [/lib/../lib] ==> [/lib]
  collapse library dir [/usr/lib/x86_64-linux-gnu] ==> [/usr/lib/x86_64-linux-gnu]
  collapse library dir [/usr/lib/../lib] ==> [/usr/lib]
  collapse library dir [/usr/lib/gcc/x86_64-linux-gnu/11/../../..] ==> [/usr/lib]
  implicit libs: [stdc++;m;gcc_s;gcc;c;gcc_s;gcc]
  implicit objs: [/usr/lib/x86_64-linux-gnu/Scrt1.o;/usr/lib/x86_64-linux-gnu/crti.o;/usr/lib/gcc/x86_64-linux-gnu/11/crtbeginS.o;/usr/lib/gcc/x86_64-linux-gnu/11/crtendS.o;/usr/lib/x86_64-linux-gnu/crtn.o]
  implicit dirs: [/home/sophie/miniconda3/targets/x86_64-linux/lib;/home/sophie/miniconda3/targets/x86_64-linux/lib/stubs;/home/sophie/miniconda3/lib;/usr/lib/gcc/x86_64-linux-gnu/11;/usr/lib/x86_64-linux-gnu;/usr/lib;/lib/x86_64-linux-gnu;/lib]
  implicit fwks: []


The system is: Linux - 6.8.0-106-generic - x86_64
Compiling the C compiler identification source file "CMakeCCompilerId.c" succeeded.
Compiler: /usr/bin/cc 
Build flags: 
Id flags:  

The output was:
0


Compilation of the C compiler identification source "CMakeCCompilerId.c" produced "a.out"

The C compiler identification is GNU, found in "/home/sophie/isaac_lab/isaac_ws/rl_code/soarm100sim/ros2/build/soarm100_interfaces/CMakeFiles/3.22.1/CompilerIdC/a.out"

Compiling the CXX compiler identification source file "CMakeCXXCompilerId.cpp" succeeded.
Compiler: /usr/bin/c++ 
Build flags: -fvisibility-inlines-hidden;-fmessage-length=0;-march=nocona;-mtune=haswell;-ftree-vectorize;-fPIC;-fstack-protector-strong;-fno-plt;-O2;-ffunction-sections;-pipe;-isystem;/home/sophie/miniconda3/include;;-I/home/sophie/miniconda3/targets/x86_64-linux/include;;-L/home/sophie/miniconda3/targets/x86_64-linux/lib;-L/home/sophie/miniconda3/targets/x86_64-linux/lib/stubs
Id flags:  

The output was:
0


Compilation of the CXX compiler identification source "CMakeCXXCompilerId.cpp" produced "a.out"

The CXX compiler identification is GNU, found in "/home/sophie/isaac_lab/isaac_ws/rl_code/soarm100sim/ros2/build/soarm100_interfaces/CMakeFiles/3.22.1/CompilerIdCXX/a.out"

Detecting C compiler ABI info compiled with the following output:
Change Dir: /home/sophie/isaac_lab/isaac_ws/rl_code/soarm100sim/ros2/build/soarm100_interfaces/CMakeFiles/CMakeTmp

Run Build Command(s):/usr/bin/gmake -f Makefile cmTC_392b2/fast && /usr/bin/gmake  -f CMakeFiles/cmTC_392b2.dir/build.make CMakeFiles/cmTC_392b2.dir/build
gmake[1]: Entering directory '/home/sophie/isaac_lab/isaac_ws/rl_code/soarm100sim/ros2/build/soarm100_interfaces/CMakeFiles/CMakeTmp'
Building C object CMakeFiles/cmTC_392b2.dir/CMakeCCompilerABI.c.o
/usr/bin/cc   -v -o CMakeFiles/cmTC_392b2.dir/CMakeCCompilerABI.c.o -c /usr/share/cmake-3.22/Modules/CMakeCCompilerABI.c
Using built-in specs.
COLLECT_GCC=/usr/bin/cc
OFFLOAD_TARGET_NAMES=nvptx-none:amdgcn-amdhsa
OFFLOAD_TARGET_DEFAULT=1
Target: x86_64-linux-gnu
Configured with: ../src/configure -v --with-pkgversion='Ubuntu 11.4.0-1ubuntu1~22.04.3' --with-bugurl=file:///usr/share/doc/gcc-11/README.Bugs --enable-languages=c,ada,c++,go,brig,d,fortran,objc,obj-c++,m2 --prefix=/usr --with-gcc-major-version-only --program-suffix=-11 --program-prefix=x86_64-linux-gnu- --enable-shared --enable-linker-build-id --libexecdir=/usr/lib --without-included-gettext --enable-threads=posix --libdir=/usr/lib --enable-nls --enable-bootstrap --enable-clocale=gnu --enable-libstdcxx-debug --enable-libstdcxx-time=yes --with-default-libstdcxx-abi=new --enable-gnu-unique-object --disable-vtable-verify --enable-plugin --enable-default-pie --with-system-zlib --enable-libphobos-checking=release --with-target-system-zlib=auto --enable-objc-gc=auto --enable-multiarch --disable-werror --enable-cet --with-arch-32=i686 --with-abi=m64 --with-multilib-list=m32,m64,mx32 --enable-multilib --with-tune=generic --enable-offload-targets=nvptx-none=/build/gcc-11-0odw26/gcc-11-11.4.0/debian/tmp-nvptx/usr,amdgcn-amdhsa=/build/gcc-11-0odw26/gcc-11-11.4.0/debian/tmp-gcn/usr --without-cuda-driver --enable-checking=release --build=x86_64-linux-gnu --host=x86_64-linux-gnu --target=x86_64-linux-gnu --with-build-config=bootstrap-lto-lean --enable-link-serialization=2
Thread model: posix
Supported LTO compression algorithms: zlib zstd
gcc version 11.4.0 (Ubuntu 11.4.0-1ubuntu1~22.04.3) 
COLLECT_GCC_OPTIONS='-v' '-o' 'CMakeFiles/cmTC_392b2.dir/CMakeCCompilerABI.c.o' '-c' '-mtune=generic' '-march=x86-64' '-dumpdir' 'CMakeFiles/cmTC_392b2.dir/'
 /usr/lib/gcc/x86_64-linux-gnu/11/cc1 -quiet -v -imultiarch x86_64-linux-gnu /usr/share/cmake-3.22/Modules/CMakeCCompilerABI.c -quiet -dumpdir CMakeFiles/cmTC_392b2.dir/ -dumpbase CMakeCCompilerABI.c.c -dumpbase-ext .c -mtune=generic -march=x86-64 -version -fasynchronous-unwind-tables -fstack-protector-strong -Wformat -Wformat-security -fstack-clash-protection -fcf-protection -o /tmp/ccfEf6GL.s
GNU C17 (Ubuntu 11.4.0-1ubuntu1~22.04.3) version 11.4.0 (x86_64-linux-gnu)
	compiled by GNU C version 11.4.0, GMP version 6.2.1, MPFR version 4.1.0, MPC version 1.2.1, isl version isl-0.24-GMP

GGC heuristics: --param ggc-min-expand=100 --param ggc-min-heapsize=131072
ignoring nonexistent directory "/usr/local/include/x86_64-linux-gnu"
ignoring nonexistent directory "/usr/lib/gcc/x86_64-linux-gnu/11/include-fixed"
ignoring nonexistent directory "/usr/lib/gcc/x86_64-linux-gnu/11/../../../../x86_64-linux-gnu/include"
#include "..." search starts here:
#include <...> search starts here:
 /usr/lib/gcc/x86_64-linux-gnu/11/include
 /usr/local/include
 /usr/include/x86_64-linux-gnu
 /usr/include
End of search list.
GNU C17 (Ubuntu 11.4.0-1ubuntu1~22.04.3) version 11.4.0 (x86_64-linux-gnu)
	compiled by GNU C version 11.4.0, GMP version 6.2.1, MPFR version 4.1.0, MPC version 1.2.1, isl version isl-0.24-GMP

GGC heuristics: --param ggc-min-expand=100 --param ggc-min-heapsize=131072
Compiler executable checksum: 46ebede1f5b795a957a1e85cb61af9d8
COLLECT_GCC_OPTIONS='-v' '-o' 'CMakeFiles/cmTC_392b2.dir/CMakeCCompilerABI.c.o' '-c' '-mtune=generic' '-march=x86-64' '-dumpdir' 'CMakeFiles/cmTC_392b2.dir/'
 as -v --64 -o CMakeFiles/cmTC_392b2.dir/CMakeCCompilerABI.c.o /tmp/ccfEf6GL.s
GNU assembler version 2.38 (x86_64-linux-gnu) using BFD version (GNU Binutils for Ubuntu) 2.38
COMPILER_PATH=/usr/lib/gcc/x86_64-linux-gnu/11/:/usr/lib/gcc/x86_64-linux-gnu/11/:/usr/lib/gcc/x86_64-linux-gnu/:/usr/lib/gcc/x86_64-linux-gnu/11/:/usr/lib/gcc/x86_64-linux-gnu/
LIBRARY_PATH=/usr/lib/gcc/x86_64-linux-gnu/11/:/usr/lib/gcc/x86_64-linux-gnu/11/../../../x86_64-linux-gnu/:/usr/lib/gcc/x86_64-linux-gnu/11/../../../../lib/:/lib/x86_64-linux-gnu/:/lib/../lib/:/usr/lib/x86_64-linux-gnu/:/usr/lib/../lib/:/usr/lib/gcc/x86_64-linux-gnu/11/../../../:/lib/:/usr/lib/
COLLECT_GCC_OPTIONS='-v' '-o' 'CMakeFiles/cmTC_392b2.dir/CMakeCCompilerABI.c.o' '-c' '-mtune=generic' '-march=x86-64' '-dumpdir' 'CMakeFiles/cmTC_392b2.dir/CMakeCCompilerABI.c.'
Linking C executable cmTC_392b2
/usr/bin/cmake -E cmake_link_script CMakeFiles/cmTC_392b2.dir/link.txt --verbose=1
/usr/bin/cc -Wl,-O2 -Wl,--sort-common -Wl,--as-needed -Wl,-z,relro -Wl,-z,now -Wl,--disable-new-dtags -Wl,--gc-sections -Wl,-rpath,/home/sophie/miniconda3/lib -Wl,-rpath-link,/home/sophie/miniconda3/lib -L/home/sophie/miniconda3/lib  -L/home/sophie/miniconda3/targets/x86_64-linux/lib -L/home/sophie/miniconda3/targets/x86_64-linux/lib/stubs -v CMakeFiles/cmTC_392b2.dir/CMakeCCompilerABI.c.o -o cmTC_392b2 
Using built-in specs.
COLLECT_GCC=/usr/bin/cc
COLLECT_LTO_WRAPPER=/usr/lib/gcc/x86_64-linux-gnu/11/lto-wrapper
OFFLOAD_TARGET_NAMES=nvptx-none:amdgcn-amdhsa
OFFLOAD_TARGET_DEFAULT=1
Target: x86_64-linux-gnu
Configured with: ../src/configure -v --with-pkgversion='Ubuntu 11.4.0-1ubuntu1~22.04.3' --with-bugurl=file:///usr/share/doc/gcc-11/README.Bugs --enable-languages=c,ada,c++,go,brig,d,fortran,objc,obj-c++,m2 --prefix=/usr --with-gcc-major-version-only --program-suffix=-11 --program-prefix=x86_64-linux-gnu- --enable-shared --enable-linker-build-id --libexecdir=/usr/lib --without-included-gettext --enable-threads=posix --libdir=/usr/lib --enable-nls --enable-bootstrap --enable-clocale=gnu --enable-libstdcxx-debug --enable-libstdcxx-time=yes --with-default-libstdcxx-abi=new --enable-gnu-unique-object --disable-vtable-verify --enable-plugin --enable-default-pie --with-system-zlib --enable-libphobos-checking=release --with-target-system-zlib=auto --enable-objc-gc=auto --enable-multiarch --disable-werror --enable-cet --with-arch-32=i686 --with-abi=m64 --with-multilib-list=m32,m64,mx32 --enable-multilib --with-tune=generic --enable-offload-targets=nvptx-none=/build/gcc-11-0odw26/gcc-11-11.4.0/debian/tmp-nvptx/usr,amdgcn-amdhsa=/build/gcc-11-0odw26/gcc-11-11.4.0/debian/tmp-gcn/usr --without-cuda-driver --enable-checking=release --build=x86_64-linux-gnu --host=x86_64-linux-gnu --target=x86_64-linux-gnu --with-build-config=bootstrap-lto-lean --enable-link-serialization=2
Thread model: posix
Supported LTO compression algorithms: zlib zstd
gcc version 11.4.0 (Ubuntu 11.4.0-1ubuntu1~22.04.3) 
COMPILER_PATH=/usr/lib/gcc/x86_64-linux-gnu/11/:/usr/lib/gcc/x86_64-linux-gnu/11/:/usr/lib/gcc/x86_64-linux-gnu/:/usr/lib/gcc/x86_64-linux-gnu/11/:/usr/lib/gcc/x86_64-linux-gnu/
LIBRARY_PATH=/usr/lib/gcc/x86_64-linux-gnu/11/:/usr/lib/gcc/x86_64-linux-gnu/11/../../../x86_64-linux-gnu/:/usr/lib/gcc/x86_64-linux-gnu/11/../../../../lib/:/lib/x86_64-linux-gnu/:/lib/../lib/:/usr/lib/x86_64-linux-gnu/:/usr/lib/../lib/:/usr/lib/gcc/x86_64-linux-gnu/11/../../../:/lib/:/usr/lib/
COLLECT_GCC_OPTIONS='-L/home/sophie/miniconda3/lib' '-L/home/sophie/miniconda3/targets/x86_64-linux/lib' '-L/home/sophie/miniconda3/targets/x86_64-linux/lib/stubs' '-v' '-o' 'cmTC_392b2' '-mtune=generic' '-march=x86-64' '-dumpdir' 'cmTC_392b2.'
 /usr/lib/gcc/x86_64-linux-gnu/11/collect2 -plugin /usr/lib/gcc/x86_64-linux-gnu/11/liblto_plugin.so -plugin-opt=/usr/lib/gcc/x86_64-linux-gnu/11/lto-wrapper -plugin-opt=-fresolution=/tmp/cc42Kupi.res -plugin-opt=-pass-through=-lgcc -plugin-opt=-pass-through=-lgcc_s -plugin-opt=-pass-through=-lc -plugin-opt=-pass-through=-lgcc -plugin-opt=-pass-through=-lgcc_s --build-id --eh-frame-hdr -m elf_x86_64 --hash-style=gnu --as-needed -dynamic-linker /lib64/ld-linux-x86-64.so.2 -pie -z now -z relro -o cmTC_392b2 /usr/lib/gcc/x86_64-linux-gnu/11/../../../x86_64-linux-gnu/Scrt1.o /usr/lib/gcc/x86_64-linux-gnu/11/../../../x86_64-linux-gnu/crti.o /usr/lib/gcc/x86_64-linux-gnu/11/crtbeginS.o -L/home/sophie/miniconda3/lib -L/home/sophie/miniconda3/targets/x86_64-linux/lib -L/home/sophie/miniconda3/targets/x86_64-linux/lib/stubs -L/usr/lib/gcc/x86_64-linux-gnu/11 -L/usr/lib/gcc/x86_64-linux-gnu/11/../../../x86_64-linux-gnu -L/usr/lib/gcc/x86_64-linux-gnu/11/../../../../lib -L/lib/x86_64-linux-gnu -L/lib/../lib -L/usr/lib/x86_64-linux-gnu -L/usr/lib/../lib -L/usr/lib/gcc/x86_64-linux-gnu/11/../../.. -O2 --sort-common --as-needed -z relro -z now --disable-new-dtags --gc-sections -rpath /home/sophie/miniconda3/lib -rpath-link /home/sophie/miniconda3/lib CMakeFiles/cmTC_392b2.dir/CMakeCCompilerABI.c.o -lgcc --push-state --as-needed -lgcc_s --pop-state -lc -lgcc --push-state --as-needed -lgcc_s --pop-state /usr/lib/gcc/x86_64-linux-gnu/11/crtendS.o /usr/lib/gcc/x86_64-linux-gnu/11/../../../x86_64-linux-gnu/crtn.o
COLLECT_GCC_OPTIONS='-L/home/sophie/miniconda3/lib' '-L/home/sophie/miniconda3/targets/x86_64-linux/lib' '-L/home/sophie/miniconda3/targets/x86_64-linux/lib/stubs' '-v' '-o' 'cmTC_392b2' '-mtune=generic' '-march=x86-64' '-dumpdir' 'cmTC_392b2.'
gmake[1]: Leaving directory '/home/sophie/isaac_lab/isaac_ws/rl_code/soarm100sim/ros2/build/soarm100_interfaces/CMakeFiles/CMakeTmp'



Parsed C implicit include dir info from above output: rv=done
  found start of include info
  found start of implicit include info
    add: [/usr/lib/gcc/x86_64-linux-gnu/11/include]
    add: [/usr/local/include]
    add: [/usr/include/x86_64-linux-gnu]
    add: [/usr/include]
  end of search list found
  collapse include dir [/usr/lib/gcc/x86_64-linux-gnu/11/include] ==> [/usr/lib/gcc/x86_64-linux-gnu/11/include]
  collapse include dir [/usr/local/include] ==> [/usr/local/include]
  collapse include dir [/usr/include/x86_64-linux-gnu] ==> [/usr/include/x86_64-linux-gnu]
  collapse include dir [/usr/include] ==> [/usr/include]
  implicit include dirs: [/usr/lib/gcc/x86_64-linux-gnu/11/include;/usr/local/include;/usr/include/x86_64-linux-gnu;/usr/include]


Parsed C implicit link information from above output:
  link line regex: [^( *|.*[/\])(ld|CMAKE_LINK_STARTFILE-NOTFOUND|([^/\]+-)?ld|collect2)[^/\]*( |$)]
  ignore line: [Change Dir: /home/sophie/isaac_lab/isaac_ws/rl_code/soarm100sim/ros2/build/soarm100_interfaces/CMakeFiles/CMakeTmp]
  ignore line: []
  ignore line: [Run Build Command(s):/usr/bin/gmake -f Makefile cmTC_392b2/fast && /usr/bin/gmake  -f CMakeFiles/cmTC_392b2.dir/build.make CMakeFiles/cmTC_392b2.dir/build]
  ignore line: [gmake[1]: Entering directory '/home/sophie/isaac_lab/isaac_ws/rl_code/soarm100sim/ros2/build/soarm100_interfaces/CMakeFiles/CMakeTmp']
  ignore line: [Building C object CMakeFiles/cmTC_392b2.dir/CMakeCCompilerABI.c.o]
  ignore line: [/usr/bin/cc   -v -o CMakeFiles/cmTC_392b2.dir/CMakeCCompilerABI.c.o -c /usr/share/cmake-3.22/Modules/CMakeCCompilerABI.c]
  ignore line: [Using built-in specs.]
  ignore line: [COLLECT_GCC=/usr/bin/cc]
  ignore line: [OFFLOAD_TARGET_NAMES=nvptx-none:amdgcn-amdhsa]
  ignore line: [OFFLOAD_TARGET_DEFAULT=1]
  ignore line: [Target: x86_64-linux-gnu]
  ignore line: [Configured with: ../src/configure -v --with-pkgversion='Ubuntu 11.4.0-1ubuntu1~22.04.3' --with-bugurl=file:///usr/share/doc/gcc-11/README.Bugs --enable-languages=c ada c++ go brig d fortran objc obj-c++ m2 --prefix=/usr --with-gcc-major-version-only --program-suffix=-11 --program-prefix=x86_64-linux-gnu- --enable-shared --enable-linker-build-id --libexecdir=/usr/lib --without-included-gettext --enable-threads=posix --libdir=/usr/lib --enable-nls --enable-bootstrap --enable-clocale=gnu --enable-libstdcxx-debug --enable-libstdcxx-time=yes --with-default-libstdcxx-abi=new --enable-gnu-unique-object --disable-vtable-verify --enable-plugin --enable-default-pie --with-system-zlib --enable-libphobos-checking=release --with-target-system-zlib=auto --enable-objc-gc=auto --enable-multiarch --disable-werror --enable-cet --with-arch-32=i686 --with-abi=m64 --with-multilib-list=m32 m64 mx32 --enable-multilib --with-tune=generic --enable-offload-targets=nvptx-none=/build/gcc-11-0odw26/gcc-11-11.4.0/debian/tmp-nvptx/usr amdgcn-amdhsa=/build/gcc-11-0odw26/gcc-11-11.4.0/debian/tmp-gcn/usr --without-cuda-driver --enable-checking=release --build=x86_64-linux-gnu --host=x86_64-linux-gnu --target=x86_64-linux-gnu --with-build-config=bootstrap-lto-lean --enable-link-serialization=2]
  ignore line: [Thread model: posix]
  ignore line: [Supported LTO compression algorithms: zlib zstd]
  ignore line: [gcc version 11.4.0 (Ubuntu 11.4.0-1ubuntu1~22.04.3) ]
  ignore line: [COLLECT_GCC_OPTIONS='-v' '-o' 'CMakeFiles/cmTC_392b2.dir/CMakeCCompilerABI.c.o' '-c' '-mtune=generic' '-march=x86-64' '-dumpdir' 'CMakeFiles/cmTC_392b2.dir/']
  ignore line: [ /usr/lib/gcc/x86_64-linux-gnu/11/cc1 -quiet -v -imultiarch x86_64-linux-gnu /usr/share/cmake-3.22/Modules/CMakeCCompilerABI.c -quiet -dumpdir CMakeFiles/cmTC_392b2.dir/ -dumpbase CMakeCCompilerABI.c.c -dumpbase-ext .c -mtune=generic -march=x86-64 -version -fasynchronous-unwind-tables -fstack-protector-strong -Wformat -Wformat-security -fstack-clash-protection -fcf-protection -o /tmp/ccfEf6GL.s]
  ignore line: [GNU C17 (Ubuntu 11.4.0-1ubuntu1~22.04.3) version 11.4.0 (x86_64-linux-gnu)]
  ignore line: [	compiled by GNU C version 11.4.0  GMP version 6.2.1  MPFR version 4.1.0  MPC version 1.2.1  isl version isl-0.24-GMP]
  ignore line: []
  ignore line: [GGC heuristics: --param ggc-min-expand=100 --param ggc-min-heapsize=131072]
  ignore line: [ignoring nonexistent directory "/usr/local/include/x86_64-linux-gnu"]
  ignore line: [ignoring nonexistent directory "/usr/lib/gcc/x86_64-linux-gnu/11/include-fixed"]
  ignore line: [ignoring nonexistent directory "/usr/lib/gcc/x86_64-linux-gnu/11/../../../../x86_64-linux-gnu/include"]
  ignore line: [#include "..." search starts here:]
  ignore line: [#include <...> search starts here:]
  ignore line: [ /usr/lib/gcc/x86_64-linux-gnu/11/include]
  ignore line: [ /usr/local/include]
  ignore line: [ /usr/include/x86_64-linux-gnu]
  ignore line: [ /usr/include]
  ignore line: [End of search list.]
  ignore line: [GNU C17 (Ubuntu 11.4.0-1ubuntu1~22.04.3) version 11.4.0 (x86_64-linux-gnu)]
  ignore line: [	compiled by GNU C version 11.4.0  GMP version 6.2.1  MPFR version 4.1.0  MPC version 1.2.1  isl version isl-0.24-GMP]
  ignore line: []
  ignore line: [GGC heuristics: --param ggc-min-expand=100 --param ggc-min-heapsize=131072]
  ignore line: [Compiler executable checksum: 46ebede1f5b795a957a1e85cb61af9d8]
  ignore line: [COLLECT_GCC_OPTIONS='-v' '-o' 'CMakeFiles/cmTC_392b2.dir/CMakeCCompilerABI.c.o' '-c' '-mtune=generic' '-march=x86-64' '-dumpdir' 'CMakeFiles/cmTC_392b2.dir/']
  ignore line: [ as -v --64 -o CMakeFiles/cmTC_392b2.dir/CMakeCCompilerABI.c.o /tmp/ccfEf6GL.s]
  ignore line: [GNU assembler version 2.38 (x86_64-linux-gnu) using BFD version (GNU Binutils for Ubuntu) 2.38]
  ignore line: [COMPILER_PATH=/usr/lib/gcc/x86_64-linux-gnu/11/:/usr/lib/gcc/x86_64-linux-gnu/11/:/usr/lib/gcc/x86_64-linux-gnu/:/usr/lib/gcc/x86_64-linux-gnu/11/:/usr/lib/gcc/x86_64-linux-gnu/]
  ignore line: [LIBRARY_PATH=/usr/lib/gcc/x86_64-linux-gnu/11/:/usr/lib/gcc/x86_64-linux-gnu/11/../../../x86_64-linux-gnu/:/usr/lib/gcc/x86_64-linux-gnu/11/../../../../lib/:/lib/x86_64-linux-gnu/:/lib/../lib/:/usr/lib/x86_64-linux-gnu/:/usr/lib/../lib/:/usr/lib/gcc/x86_64-linux-gnu/11/../../../:/lib/:/usr/lib/]
  ignore line: [COLLECT_GCC_OPTIONS='-v' '-o' 'CMakeFiles/cmTC_392b2.dir/CMakeCCompilerABI.c.o' '-c' '-mtune=generic' '-march=x86-64' '-dumpdir' 'CMakeFiles/cmTC_392b2.dir/CMakeCCompilerABI.c.']
  ignore line: [Linking C executable cmTC_392b2]
  ignore line: [/usr/bin/cmake -E cmake_link_script CMakeFiles/cmTC_392b2.dir/link.txt --verbose=1]
  ignore line: [/usr/bin/cc -Wl -O2 -Wl --sort-common -Wl --as-needed -Wl -z relro -Wl -z now -Wl --disable-new-dtags -Wl --gc-sections -Wl -rpath /home/sophie/miniconda3/lib -Wl -rpath-link /home/sophie/miniconda3/lib -L/home/sophie/miniconda3/lib  -L/home/sophie/miniconda3/targets/x86_64-linux/lib -L/home/sophie/miniconda3/targets/x86_64-linux/lib/stubs -v CMakeFiles/cmTC_392b2.dir/CMakeCCompilerABI.c.o -o cmTC_392b2 ]
  ignore line: [Using built-in specs.]
  ignore line: [COLLECT_GCC=/usr/bin/cc]
  ignore line: [COLLECT_LTO_WRAPPER=/usr/lib/gcc/x86_64-linux-gnu/11/lto-wrapper]
  ignore line: [OFFLOAD_TARGET_NAMES=nvptx-none:amdgcn-amdhsa]
  ignore line: [OFFLOAD_TARGET_DEFAULT=1]
  ignore line: [Target: x86_64-linux-gnu]
  ignore line: [Configured with: ../src/configure -v --with-pkgversion='Ubuntu 11.4.0-1ubuntu1~22.04.3' --with-bugurl=file:///usr/share/doc/gcc-11/README.Bugs --enable-languages=c ada c++ go brig d fortran objc obj-c++ m2 --prefix=/usr --with-gcc-major-version-only --program-suffix=-11 --program-prefix=x86_64-linux-gnu- --enable-shared --enable-linker-build-id --libexecdir=/usr/lib --without-included-gettext --enable-threads=posix --libdir=/usr/lib --enable-nls --enable-bootstrap --enable-clocale=gnu --enable-libstdcxx-debug --enable-libstdcxx-time=yes --with-default-libstdcxx-abi=new --enable-gnu-unique-object --disable-vtable-verify --enable-plugin --enable-default-pie --with-system-zlib --enable-libphobos-checking=release --with-target-system-zlib=auto --enable-objc-gc=auto --enable-multiarch --disable-werror --enable-cet --with-arch-32=i686 --with-abi=m64 --with-multilib-list=m32 m64 mx32 --enable-multilib --with-tune=generic --enable-offload-targets=nvptx-none=/build/gcc-11-0odw26/gcc-11-11.4.0/debian/tmp-nvptx/usr amdgcn-amdhsa=/build/gcc-11-0odw26/gcc-11-11.4.0/debian/tmp-gcn/usr --without-cuda-driver --enable-checking=release --build=x86_64-linux-gnu --host=x86_64-linux-gnu --target=x86_64-linux-gnu --with-build-config=bootstrap-lto-lean --enable-link-serialization=2]
  ignore line: [Thread model: posix]
  ignore line: [Supported LTO compression algorithms: zlib zstd]
  ignore line: [gcc version 11.4.0 (Ubuntu 11.4.0-1ubuntu1~22.04.3) ]
  ignore line: [COMPILER_PATH=/usr/lib/gcc/x86_64-linux-gnu/11/:/usr/lib/gcc/x86_64-linux-gnu/11/:/usr/lib/gcc/x86_64-linux-gnu/:/usr/lib/gcc/x86_64-linux-gnu/11/:/usr/lib/gcc/x86_64-linux-gnu/]
  ignore line: [LIBRARY_PATH=/usr/lib/gcc/x86_64-linux-gnu/11/:/usr/lib/gcc/x86_64-linux-gnu/11/../../../x86_64-linux-gnu/:/usr/lib/gcc/x86_64-linux-gnu/11/../../../../lib/:/lib/x86_64-linux-gnu/:/lib/../lib/:/usr/lib/x86_64-linux-gnu/:/usr/lib/../lib/:/usr/lib/gcc/x86_64-linux-gnu/11/../../../:/lib/:/usr/lib/]
  ignore line: [COLLECT_GCC_OPTIONS='-L/home/sophie/miniconda3/lib' '-L/home/sophie/miniconda3/targets/x86_64-linux/lib' '-L/home/sophie/miniconda3/targets/x86_64-linux/lib/stubs' '-v' '-o' 'cmTC_392b2' '-mtune=generic' '-march=x86-64' '-dumpdir' 'cmTC_392b2.']
  link line: [ /usr/lib/gcc/x86_64-linux-gnu/11/collect2 -plugin /usr/lib/gcc/x86_64-linux-gnu/11/liblto_plugin.so -plugin-opt=/usr/lib/gcc/x86_64-linux-gnu/11/lto-wrapper -plugin-opt=-fresolution=/tmp/cc42Kupi.res -plugin-opt=-pass-through=-lgcc -plugin-opt=-pass-through=-lgcc_s -plugin-opt=-pass-through=-lc -plugin-opt=-pass-through=-lgcc -plugin-opt=-pass-through=-lgcc_s --build-id --eh-frame-hdr -m elf_x86_64 --hash-style=gnu --as-needed -dynamic-linker /lib64/ld-linux-x86-64.so.2 -pie -z now -z relro -o cmTC_392b2 /usr/lib/gcc/x86_64-linux-gnu/11/../../../x86_64-linux-gnu/Scrt1.o /usr/lib/gcc/x86_64-linux-gnu/11/../../../x86_64-linux-gnu/crti.o /usr/lib/gcc/x86_64-linux-gnu/11/crtbeginS.o -L/home/sophie/miniconda3/lib -L/home/sophie/miniconda3/targets/x86_64-linux/lib -L/home/sophie/miniconda3/targets/x86_64-linux/lib/stubs -L/usr/lib/gcc/x86_64-linux-gnu/11 -L/usr/lib/gcc/x86_64-linux-gnu/11/../../../x86_64-linux-gnu -L/usr/lib/gcc/x86_64-linux-gnu/11/../../../../lib -L/lib/x86_64-linux-gnu -L/lib/../lib -L/usr/lib/x86_64-linux-gnu -L/usr/lib/../lib -L/usr/lib/gcc/x86_64-linux-gnu/11/../../.. -O2 --sort-common --as-needed -z relro -z now --disable-new-dtags --gc-sections -rpath /home/sophie/miniconda3/lib -rpath-link /home/sophie/miniconda3/lib CMakeFiles/cmTC_392b2.dir/CMakeCCompilerABI.c.o -lgcc --push-state --as-needed -lgcc_s --pop-state -lc -lgcc --push-state --as-needed -lgcc_s --pop-state /usr/lib/gcc/x86_64-linux-gnu/11/crtendS.o /usr/lib/gcc/x86_64-linux-gnu/11/../../../x86_64-linux-gnu/crtn.o]
    arg [/usr/lib/gcc/x86_64-linux-gnu/11/collect2] ==> ignore
    arg [-plugin] ==> ignore
    arg [/usr/lib/gcc/x86_64-linux-gnu/11/liblto_plugin.so] ==> ignore
    arg [-plugin-opt=/usr/lib/gcc/x86_64-linux-gnu/11/lto-wrapper] ==> ignore
    arg [-plugin-opt=-fresolution=/tmp/cc42Kupi.res] ==> ignore
    arg [-plugin-opt=-pass-through=-lgcc] ==> ignore
    arg [-plugin-opt=-pass-through=-lgcc_s] ==> ignore
    arg [-plugin-opt=-pass-through=-lc] ==> ignore
    arg [-plugin-opt=-pass-through=-lgcc] ==> ignore
    arg [-plugin-opt=-pass-through=-lgcc_s] ==> ignore
    arg [--build-id] ==> ignore
    arg [--eh-frame-hdr] ==> ignore
    arg [-m] ==> ignore
    arg [elf_x86_64] ==> ignore
    arg [--hash-style=gnu] ==> ignore
    arg [--as-needed] ==> ignore
    arg [-dynamic-linker] ==> ignore
    arg [/lib64/ld-linux-x86-64.so.2] ==> ignore
    arg [-pie] ==> ignore
    arg [-znow] ==> ignore
    arg [-zrelro] ==> ignore
    arg [-o] ==> ignore
    arg [cmTC_392b2] ==> ignore
    arg [/usr/lib/gcc/x86_64-linux-gnu/11/../../../x86_64-linux-gnu/Scrt1.o] ==> obj [/usr/lib/gcc/x86_64-linux-gnu/11/../../../x86_64-linux-gnu/Scrt1.o]
    arg [/usr/lib/gcc/x86_64-linux-gnu/11/../../../x86_64-linux-gnu/crti.o] ==> obj [/usr/lib/gcc/x86_64-linux-gnu/11/../../../x86_64-linux-gnu/crti.o]
    arg [/usr/lib/gcc/x86_64-linux-gnu/11/crtbeginS.o] ==> obj [/usr/lib/gcc/x86_64-linux-gnu/11/crtbeginS.o]
    arg [-L/home/sophie/miniconda3/lib] ==> dir [/home/sophie/miniconda3/lib]
    arg [-L/home/sophie/miniconda3/targets/x86_64-linux/lib] ==> dir [/home/sophie/miniconda3/targets/x86_64-linux/lib]
    arg [-L/home/sophie/miniconda3/targets/x86_64-linux/lib/stubs] ==> dir [/home/sophie/miniconda3/targets/x86_64-linux/lib/stubs]
    arg [-L/usr/lib/gcc/x86_64-linux-gnu/11] ==> dir [/usr/lib/gcc/x86_64-linux-gnu/11]
    arg [-L/usr/lib/gcc/x86_64-linux-gnu/11/../../../x86_64-linux-gnu] ==> dir [/usr/lib/gcc/x86_64-linux-gnu/11/../../../x86_64-linux-gnu]
    arg [-L/usr/lib/gcc/x86_64-linux-gnu/11/../../../../lib] ==> dir [/usr/lib/gcc/x86_64-linux-gnu/11/../../../../lib]
    arg [-L/lib/x86_64-linux-gnu] ==> dir [/lib/x86_64-linux-gnu]
    arg [-L/lib/../lib] ==> dir [/lib/../lib]
    arg [-L/usr/lib/x86_64-linux-gnu] ==> dir [/usr/lib/x86_64-linux-gnu]
    arg [-L/usr/lib/../lib] ==> dir [/usr/lib/../lib]
    arg [-L/usr/lib/gcc/x86_64-linux-gnu/11/../../..] ==> dir [/usr/lib/gcc/x86_64-linux-gnu/11/../../..]
    arg [-O2] ==> ignore
    arg [--sort-common] ==> ignore
    arg [--as-needed] ==> ignore
    arg [-zrelro] ==> ignore
    arg [-znow] ==> ignore
    arg [--disable-new-dtags] ==> ignore
    arg [--gc-sections] ==> ignore
    arg [-rpath] ==> ignore
    arg [/home/sophie/miniconda3/lib] ==> ignore
    arg [-rpath-link] ==> ignore
    arg [/home/sophie/miniconda3/lib] ==> ignore
    arg [CMakeFiles/cmTC_392b2.dir/CMakeCCompilerABI.c.o] ==> ignore
    arg [-lgcc] ==> lib [gcc]
    arg [--push-state] ==> ignore
    arg [--as-needed] ==> ignore
    arg [-lgcc_s] ==> lib [gcc_s]
    arg [--pop-state] ==> ignore
    arg [-lc] ==> lib [c]
    arg [-lgcc] ==> lib [gcc]
    arg [--push-state] ==> ignore
    arg [--as-needed] ==> ignore
    arg [-lgcc_s] ==> lib [gcc_s]
    arg [--pop-state] ==> ignore
    arg [/usr/lib/gcc/x86_64-linux-gnu/11/crtendS.o] ==> obj [/usr/lib/gcc/x86_64-linux-gnu/11/crtendS.o]
    arg [/usr/lib/gcc/x86_64-linux-gnu/11/../../../x86_64-linux-gnu/crtn.o] ==> obj [/usr/lib/gcc/x86_64-linux-gnu/11/../../../x86_64-linux-gnu/crtn.o]
  collapse obj [/usr/lib/gcc/x86_64-linux-gnu/11/../../../x86_64-linux-gnu/Scrt1.o] ==> [/usr/lib/x86_64-linux-gnu/Scrt1.o]
  collapse obj [/usr/lib/gcc/x86_64-linux-gnu/11/../../../x86_64-linux-gnu/crti.o] ==> [/usr/lib/x86_64-linux-gnu/crti.o]
  collapse obj [/usr/lib/gcc/x86_64-linux-gnu/11/../../../x86_64-linux-gnu/crtn.o] ==> [/usr/lib/x86_64-linux-gnu/crtn.o]
  collapse library dir [/home/sophie/miniconda3/lib] ==> [/home/sophie/miniconda3/lib]
  collapse library dir [/home/sophie/miniconda3/targets/x86_64-linux/lib] ==> [/home/sophie/miniconda3/targets/x86_64-linux/lib]
  collapse library dir [/home/sophie/miniconda3/targets/x86_64-linux/lib/stubs] ==> [/home/sophie/miniconda3/targets/x86_64-linux/lib/stubs]
  collapse library dir [/usr/lib/gcc/x86_64-linux-gnu/11] ==> [/usr/lib/gcc/x86_64-linux-gnu/11]
  collapse library dir [/usr/lib/gcc/x86_64-linux-gnu/11/../../../x86_64-linux-gnu] ==> [/usr/lib/x86_64-linux-gnu]
  collapse library dir [/usr/lib/gcc/x86_64-linux-gnu/11/../../../../lib] ==> [/usr/lib]
  collapse library dir [/lib/x86_64-linux-gnu] ==> [/lib/x86_64-linux-gnu]
  collapse library dir [/lib/../lib] ==> [/lib]
  collapse library dir [/usr/lib/x86_64-linux-gnu] ==> [/usr/lib/x86_64-linux-gnu]
  collapse library dir [/usr/lib/../lib] ==> [/usr/lib]
  collapse library dir [/usr/lib/gcc/x86_64-linux-gnu/11/../../..] ==> [/usr/lib]
  implicit libs: [gcc;gcc_s;c;gcc;gcc_s]
  implicit objs: [/usr/lib/x86_64-linux-gnu/Scrt1.o;/usr/lib/x86_64-linux-gnu/crti.o;/usr/lib/gcc/x86_64-linux-gnu/11/crtbeginS.o;/usr/lib/gcc/x86_64-linux-gnu/11/crtendS.o;/usr/lib/x86_64-linux-gnu/crtn.o]
  implicit dirs: [/home/sophie/miniconda3/lib;/home/sophie/miniconda3/targets/x86_64-linux/lib;/home/sophie/miniconda3/targets/x86_64-linux/lib/stubs;/usr/lib/gcc/x86_64-linux-gnu/11;/usr/lib/x86_64-linux-gnu;/usr/lib;/lib/x86_64-linux-gnu;/lib]
  implicit fwks: []


Detecting CXX compiler ABI info compiled with the following output:
Change Dir: /home/sophie/isaac_lab/isaac_ws/rl_code/soarm100sim/ros2/build/soarm100_interfaces/CMakeFiles/CMakeTmp

Run Build Command(s):/usr/bin/gmake -f Makefile cmTC_e18d6/fast && /usr/bin/gmake  -f CMakeFiles/cmTC_e18d6.dir/build.make CMakeFiles/cmTC_e18d6.dir/build
gmake[1]: Entering directory '/home/sophie/isaac_lab/isaac_ws/rl_code/soarm100sim/ros2/build/soarm100_interfaces/CMakeFiles/CMakeTmp'
Building CXX object CMakeFiles/cmTC_e18d6.dir/CMakeCXXCompilerABI.cpp.o
/usr/bin/c++   -fvisibility-inlines-hidden -fmessage-length=0 -march=nocona -mtune=haswell -ftree-vectorize -fPIC -fstack-protector-strong -fno-plt -O2 -ffunction-sections -pipe -isystem /home/sophie/miniconda3/include  -I/home/sophie/miniconda3/targets/x86_64-linux/include  -L/home/sophie/miniconda3/targets/x86_64-linux/lib -L/home/sophie/miniconda3/targets/x86_64-linux/lib/stubs    -v -o CMakeFiles/cmTC_e18d6.dir/CMakeCXXCompilerABI.cpp.o -c /usr/share/cmake-3.22/Modules/CMakeCXXCompilerABI.cpp
Using built-in specs.
COLLECT_GCC=/usr/bin/c++
OFFLOAD_TARGET_NAMES=nvptx-none:amdgcn-amdhsa
OFFLOAD_TARGET_DEFAULT=1
Target: x86_64-linux-gnu
Configured with: ../src/configure -v --with-pkgversion='Ubuntu 11.4.0-1ubuntu1~22.04.3' --with-bugurl=file:///usr/share/doc/gcc-11/README.Bugs --enable-languages=c,ada,c++,go,brig,d,fortran,objc,obj-c++,m2 --prefix=/usr --with-gcc-major-version-only --program-suffix=-11 --program-prefix=x86_64-linux-gnu- --enable-shared --enable-linker-build-id --libexecdir=/usr/lib --without-included-gettext --enable-threads=posix --libdir=/usr/lib --enable-nls --enable-bootstrap --enable-clocale=gnu --enable-libstdcxx-debug --enable-libstdcxx-time=yes --with-default-libstdcxx-abi=new --enable-gnu-unique-object --disable-vtable-verify --enable-plugin --enable-default-pie --with-system-zlib --enable-libphobos-checking=release --with-target-system-zlib=auto --enable-objc-gc=auto --enable-multiarch --disable-werror --enable-cet --with-arch-32=i686 --with-abi=m64 --with-multilib-list=m32,m64,mx32 --enable-multilib --with-tune=generic --enable-offload-targets=nvptx-none=/build/gcc-11-0odw26/gcc-11-11.4.0/debian/tmp-nvptx/usr,amdgcn-amdhsa=/build/gcc-11-0odw26/gcc-11-11.4.0/debian/tmp-gcn/usr --without-cuda-driver --enable-checking=release --build=x86_64-linux-gnu --host=x86_64-linux-gnu --target=x86_64-linux-gnu --with-build-config=bootstrap-lto-lean --enable-link-serialization=2
Thread model: posix
Supported LTO compression algorithms: zlib zstd
gcc version 11.4.0 (Ubuntu 11.4.0-1ubuntu1~22.04.3) 
COLLECT_GCC_OPTIONS='-fvisibility-inlines-hidden' '-fmessage-length=0' '-march=nocona' '-mtune=haswell' '-ftree-vectorize' '-fPIC' '-fstack-protector-strong' '-fno-plt' '-O2' '-ffunction-sections' '-pipe' '-isystem' '/home/sophie/miniconda3/include' '-I' '/home/sophie/miniconda3/targets/x86_64-linux/include' '-L/home/sophie/miniconda3/targets/x86_64-linux/lib' '-L/home/sophie/miniconda3/targets/x86_64-linux/lib/stubs' '-v' '-o' 'CMakeFiles/cmTC_e18d6.dir/CMakeCXXCompilerABI.cpp.o' '-c' '-shared-libgcc' '-dumpdir' 'CMakeFiles/cmTC_e18d6.dir/'
 /usr/lib/gcc/x86_64-linux-gnu/11/cc1plus -quiet -v -I /home/sophie/miniconda3/targets/x86_64-linux/include -imultiarch x86_64-linux-gnu -D_GNU_SOURCE -isystem /home/sophie/miniconda3/include /usr/share/cmake-3.22/Modules/CMakeCXXCompilerABI.cpp -quiet -dumpdir CMakeFiles/cmTC_e18d6.dir/ -dumpbase CMakeCXXCompilerABI.cpp.cpp -dumpbase-ext .cpp -march=nocona -mtune=haswell -O2 -version -fvisibility-inlines-hidden -fmessage-length=0 -ftree-vectorize -fPIC -fstack-protector-strong -fno-plt -ffunction-sections -fasynchronous-unwind-tables -fstack-protector-strong -Wformat -Wformat-security -fstack-clash-protection -fcf-protection -o - |
 as -v -I /home/sophie/miniconda3/targets/x86_64-linux/include --64 -o CMakeFiles/cmTC_e18d6.dir/CMakeCXXCompilerABI.cpp.o
GNU assembler version 2.38 (x86_64-linux-gnu) using BFD version (GNU Binutils for Ubuntu) 2.38
GNU C++17 (Ubuntu 11.4.0-1ubuntu1~22.04.3) version 11.4.0 (x86_64-linux-gnu)
	compiled by GNU C version 11.4.0, GMP version 6.2.1, MPFR version 4.1.0, MPC version 1.2.1, isl version isl-0.24-GMP

GGC heuristics: --param ggc-min-expand=100 --param ggc-min-heapsize=131072
ignoring duplicate directory "/usr/include/x86_64-linux-gnu/c++/11"
ignoring nonexistent directory "/usr/local/include/x86_64-linux-gnu"
ignoring nonexistent directory "/usr/lib/gcc/x86_64-linux-gnu/11/include-fixed"
ignoring nonexistent directory "/usr/lib/gcc/x86_64-linux-gnu/11/../../../../x86_64-linux-gnu/include"
#include "..." search starts here:
#include <...> search starts here:
 /home/sophie/miniconda3/targets/x86_64-linux/include
 /home/sophie/miniconda3/include
 /usr/include/c++/11
 /usr/include/x86_64-linux-gnu/c++/11
 /usr/include/c++/11/backward
 /usr/lib/gcc/x86_64-linux-gnu/11/include
 /usr/local/include
 /usr/include/x86_64-linux-gnu
 /usr/include
End of search list.
GNU C++17 (Ubuntu 11.4.0-1ubuntu1~22.04.3) version 11.4.0 (x86_64-linux-gnu)
	compiled by GNU C version 11.4.0, GMP version 6.2.1, MPFR version 4.1.0, MPC version 1.2.1, isl version isl-0.24-GMP

GGC heuristics: --param ggc-min-expand=100 --param ggc-min-heapsize=131072
Compiler executable checksum: ac7fa628ee459f217e6fdb88b3db0bde
COMPILER_PATH=/usr/lib/gcc/x86_64-linux-gnu/11/:/usr/lib/gcc/x86_64-linux-gnu/11/:/usr/lib/gcc/x86_64-linux-gnu/:/usr/lib/gcc/x86_64-linux-gnu/11/:/usr/lib/gcc/x86_64-linux-gnu/
LIBRARY_PATH=/usr/lib/gcc/x86_64-linux-gnu/11/:/usr/lib/gcc/x86_64-linux-gnu/11/../../../x86_64-linux-gnu/:/usr/lib/gcc/x86_64-linux-gnu/11/../../../../lib/:/lib/x86_64-linux-gnu/:/lib/../lib/:/usr/lib/x86_64-linux-gnu/:/usr/lib/../lib/:/usr/lib/gcc/x86_64-linux-gnu/11/../../../:/lib/:/usr/lib/
COLLECT_GCC_OPTIONS='-fvisibility-inlines-hidden' '-fmessage-length=0' '-march=nocona' '-mtune=haswell' '-ftree-vectorize' '-fPIC' '-fstack-protector-strong' '-fno-plt' '-O2' '-ffunction-sections' '-pipe' '-isystem' '/home/sophie/miniconda3/include' '-I' '/home/sophie/miniconda3/targets/x86_64-linux/include' '-L/home/sophie/miniconda3/targets/x86_64-linux/lib' '-L/home/sophie/miniconda3/targets/x86_64-linux/lib/stubs' '-v' '-o' 'CMakeFiles/cmTC_e18d6.dir/CMakeCXXCompilerABI.cpp.o' '-c' '-shared-libgcc' '-dumpdir' 'CMakeFiles/cmTC_e18d6.dir/CMakeCXXCompilerABI.cpp.'
Linking CXX executable cmTC_e18d6
/usr/bin/cmake -E cmake_link_script CMakeFiles/cmTC_e18d6.dir/link.txt --verbose=1
/usr/bin/c++ -fvisibility-inlines-hidden -fmessage-length=0 -march=nocona -mtune=haswell -ftree-vectorize -fPIC -fstack-protector-strong -fno-plt -O2 -ffunction-sections -pipe -isystem /home/sophie/miniconda3/include  -I/home/sophie/miniconda3/targets/x86_64-linux/include  -L/home/sophie/miniconda3/targets/x86_64-linux/lib -L/home/sophie/miniconda3/targets/x86_64-linux/lib/stubs  -Wl,-O2 -Wl,--sort-common -Wl,--as-needed -Wl,-z,relro -Wl,-z,now -Wl,--disable-new-dtags -Wl,--gc-sections -Wl,-rpath,/home/sophie/miniconda3/lib -Wl,-rpath-link,/home/sophie/miniconda3/lib -L/home/sophie/miniconda3/lib  -L/home/sophie/miniconda3/targets/x86_64-linux/lib -L/home/sophie/miniconda3/targets/x86_64-linux/lib/stubs -v CMakeFiles/cmTC_e18d6.dir/CMakeCXXCompilerABI.cpp.o -o cmTC_e18d6 
Using built-in specs.
COLLECT_GCC=/usr/bin/c++
COLLECT_LTO_WRAPPER=/usr/lib/gcc/x86_64-linux-gnu/11/lto-wrapper
OFFLOAD_TARGET_NAMES=nvptx-none:amdgcn-amdhsa
OFFLOAD_TARGET_DEFAULT=1
Target: x86_64-linux-gnu
Configured with: ../src/configure -v --with-pkgversion='Ubuntu 11.4.0-1ubuntu1~22.04.3' --with-bugurl=file:///usr/share/doc/gcc-11/README.Bugs --enable-languages=c,ada,c++,go,brig,d,fortran,objc,obj-c++,m2 --prefix=/usr --with-gcc-major-version-only --program-suffix=-11 --program-prefix=x86_64-linux-gnu- --enable-shared --enable-linker-build-id --libexecdir=/usr/lib --without-included-gettext --enable-threads=posix --libdir=/usr/lib --enable-nls --enable-bootstrap --enable-clocale=gnu --enable-libstdcxx-debug --enable-libstdcxx-time=yes --with-default-libstdcxx-abi=new --enable-gnu-unique-object --disable-vtable-verify --enable-plugin --enable-default-pie --with-system-zlib --enable-libphobos-checking=release --with-target-system-zlib=auto --enable-objc-gc=auto --enable-multiarch --disable-werror --enable-cet --with-arch-32=i686 --with-abi=m64 --with-multilib-list=m32,m64,mx32 --enable-multilib --with-tune=generic --enable-offload-targets=nvptx-none=/build/gcc-11-0odw26/gcc-11-11.4.0/debian/tmp-nvptx/usr,amdgcn-amdhsa=/build/gcc-11-0odw26/gcc-11-11.4.0/debian/tmp-gcn/usr --without-cuda-driver --enable-checking=release --build=x86_64-linux-gnu --host=x86_64-linux-gnu --target=x86_64-linux-gnu --with-build-config=bootstrap-lto-lean --enable-link-serialization=2
Thread model: posix
Supported LTO compression algorithms: zlib zstd
gcc version 11.4.0 (Ubuntu 11.4.0-1ubuntu1~22.04.3) 
COMPILER_PATH=/usr/lib/gcc/x86_64-linux-gnu/11/:/usr/lib/gcc/x86_64-linux-gnu/11/:/usr/lib/gcc/x86_64-linux-gnu/:/usr/lib/gcc/x86_64-linux-gnu/11/:/usr/lib/gcc/x86_64-linux-gnu/
LIBRARY_PATH=/usr/lib/gcc/x86_64-linux-gnu/11/:/usr/lib/gcc/x86_64-linux-gnu/11/../../../x86_64-linux-gnu/:/usr/lib/gcc/x86_64-linux-gnu/11/../../../../lib/:/lib/x86_64-linux-gnu/:/lib/../lib/:/usr/lib/x86_64-linux-gnu/:/usr/lib/../lib/:/usr/lib/gcc/x86_64-linux-gnu/11/../../../:/lib/:/usr/lib/
COLLECT_GCC_OPTIONS='-fvisibility-inlines-hidden' '-fmessage-length=0' '-march=nocona' '-mtune=haswell' '-ftree-vectorize' '-fPIC' '-fstack-protector-strong' '-fno-plt' '-O2' '-ffunction-sections' '-pipe' '-isystem' '/home/sophie/miniconda3/include' '-I' '/home/sophie/miniconda3/targets/x86_64-linux/include' '-L/home/sophie/miniconda3/targets/x86_64-linux/lib' '-L/home/sophie/miniconda3/targets/x86_64-linux/lib/stubs' '-L/home/sophie/miniconda3/lib' '-L/home/sophie/miniconda3/targets/x86_64-linux/lib' '-L/home/sophie/miniconda3/targets/x86_64-linux/lib/stubs' '-v' '-o' 'cmTC_e18d6' '-shared-libgcc' '-dumpdir' 'cmTC_e18d6.'
 /usr/lib/gcc/x86_64-linux-gnu/11/collect2 -plugin /usr/lib/gcc/x86_64-linux-gnu/11/liblto_plugin.so -plugin-opt=/usr/lib/gcc/x86_64-linux-gnu/11/lto-wrapper -plugin-opt=-fresolution=/tmp/ccO8KvFE.res -plugin-opt=-pass-through=-lgcc_s -plugin-opt=-pass-through=-lgcc -plugin-opt=-pass-through=-lc -plugin-opt=-pass-through=-lgcc_s -plugin-opt=-pass-through=-lgcc --build-id --eh-frame-hdr -m elf_x86_64 --hash-style=gnu --as-needed -dynamic-linker /lib64/ld-linux-x86-64.so.2 -pie -z now -z relro -o cmTC_e18d6 /usr/lib/gcc/x86_64-linux-gnu/11/../../../x86_64-linux-gnu/Scrt1.o /usr/lib/gcc/x86_64-linux-gnu/11/../../../x86_64-linux-gnu/crti.o /usr/lib/gcc/x86_64-linux-gnu/11/crtbeginS.o -L/home/sophie/miniconda3/targets/x86_64-linux/lib -L/home/sophie/miniconda3/targets/x86_64-linux/lib/stubs -L/home/sophie/miniconda3/lib -L/home/sophie/miniconda3/targets/x86_64-linux/lib -L/home/sophie/miniconda3/targets/x86_64-linux/lib/stubs -L/usr/lib/gcc/x86_64-linux-gnu/11 -L/usr/lib/gcc/x86_64-linux-gnu/11/../../../x86_64-linux-gnu -L/usr/lib/gcc/x86_64-linux-gnu/11/../../../../lib -L/lib/x86_64-linux-gnu -L/lib/../lib -L/usr/lib/x86_64-linux-gnu -L/usr/lib/../lib -L/usr/lib/gcc/x86_64-linux-gnu/11/../../.. -O2 --sort-common --as-needed -z relro -z now --disable-new-dtags --gc-sections -rpath /home/sophie/miniconda3/lib -rpath-link /home/sophie/miniconda3/lib CMakeFiles/cmTC_e18d6.dir/CMakeCXXCompilerABI.cpp.o -lstdc++ -lm -lgcc_s -lgcc -lc -lgcc_s -lgcc /usr/lib/gcc/x86_64-linux-gnu/11/crtendS.o /usr/lib/gcc/x86_64-linux-gnu/11/../../../x86_64-linux-gnu/crtn.o
COLLECT_GCC_OPTIONS='-fvisibility-inlines-hidden' '-fmessage-length=0' '-march=nocona' '-mtune=haswell' '-ftree-vectorize' '-fPIC' '-fstack-protector-strong' '-fno-plt' '-O2' '-ffunction-sections' '-pipe' '-isystem' '/home/sophie/miniconda3/include' '-I' '/home/sophie/miniconda3/targets/x86_64-linux/include' '-L/home/sophie/miniconda3/targets/x86_64-linux/lib' '-L/home/sophie/miniconda3/targets/x86_64-linux/lib/stubs' '-L/home/sophie/miniconda3/lib' '-L/home/sophie/miniconda3/targets/x86_64-linux/lib' '-L/home/sophie/miniconda3/targets/x86_64-linux/lib/stubs' '-v' '-o' 'cmTC_e18d6' '-shared-libgcc' '-dumpdir' 'cmTC_e18d6.'
gmake[1]: Leaving directory '/home/sophie/isaac_lab/isaac_ws/rl_code/soarm100sim/ros2/build/soarm100_interfaces/CMakeFiles/CMakeTmp'



Parsed CXX implicit include dir info from above output: rv=done
  found start of include info
  found start of implicit include info
    add: [/home/sophie/miniconda3/targets/x86_64-linux/include]
    add: [/home/sophie/miniconda3/include]
    add: [/usr/include/c++/11]
    add: [/usr/include/x86_64-linux-gnu/c++/11]
    add: [/usr/include/c++/11/backward]
    add: [/usr/lib/gcc/x86_64-linux-gnu/11/include]
    add: [/usr/local/include]
    add: [/usr/include/x86_64-linux-gnu]
    add: [/usr/include]
  end of search list found
  collapse include dir [/home/sophie/miniconda3/targets/x86_64-linux/include] ==> [/home/sophie/miniconda3/targets/x86_64-linux/include]
  collapse include dir [/home/sophie/miniconda3/include] ==> [/home/sophie/miniconda3/include]
  collapse include dir [/usr/include/c++/11] ==> [/usr/include/c++/11]
  collapse include dir [/usr/include/x86_64-linux-gnu/c++/11] ==> [/usr/include/x86_64-linux-gnu/c++/11]
  collapse include dir [/usr/include/c++/11/backward] ==> [/usr/include/c++/11/backward]
  collapse include dir [/usr/lib/gcc/x86_64-linux-gnu/11/include] ==> [/usr/lib/gcc/x86_64-linux-gnu/11/include]
  collapse include dir [/usr/local/include] ==> [/usr/local/include]
  collapse include dir [/usr/include/x86_64-linux-gnu] ==> [/usr/include/x86_64-linux-gnu]
  collapse include dir [/usr/include] ==> [/usr/include]
  implicit include dirs: [/home/sophie/miniconda3/targets/x86_64-linux/include;/home/sophie/miniconda3/include;/usr/include/c++/11;/usr/include/x86_64-linux-gnu/c++/11;/usr/include/c++/11/backward;/usr/lib/gcc/x86_64-linux-gnu/11/include;/usr/local/include;/usr/include/x86_64-linux-gnu;/usr/include]


Parsed CXX implicit link information from above output:
  link line regex: [^( *|.*[/\])(ld|CMAKE_LINK_STARTFILE-NOTFOUND|([^/\]+-)?ld|collect2)[^/\]*( |$)]
  ignore line: [Change Dir: /home/sophie/isaac_lab/isaac_ws/rl_code/soarm100sim/ros2/build/soarm100_interfaces/CMakeFiles/CMakeTmp]
  ignore line: []
  ignore line: [Run Build Command(s):/usr/bin/gmake -f Makefile cmTC_e18d6/fast && /usr/bin/gmake  -f CMakeFiles/cmTC_e18d6.dir/build.make CMakeFiles/cmTC_e18d6.dir/build]
  ignore line: [gmake[1]: Entering directory '/home/sophie/isaac_lab/isaac_ws/rl_code/soarm100sim/ros2/build/soarm100_interfaces/CMakeFiles/CMakeTmp']
  ignore line: [Building CXX object CMakeFiles/cmTC_e18d6.dir/CMakeCXXCompilerABI.cpp.o]
  ignore line: [/usr/bin/c++   -fvisibility-inlines-hidden -fmessage-length=0 -march=nocona -mtune=haswell -ftree-vectorize -fPIC -fstack-protector-strong -fno-plt -O2 -ffunction-sections -pipe -isystem /home/sophie/miniconda3/include  -I/home/sophie/miniconda3/targets/x86_64-linux/include  -L/home/sophie/miniconda3/targets/x86_64-linux/lib -L/home/sophie/miniconda3/targets/x86_64-linux/lib/stubs    -v -o CMakeFiles/cmTC_e18d6.dir/CMakeCXXCompilerABI.cpp.o -c /usr/share/cmake-3.22/Modules/CMakeCXXCompilerABI.cpp]
  ignore line: [Using built-in specs.]
  ignore line: [COLLECT_GCC=/usr/bin/c++]
  ignore line: [OFFLOAD_TARGET_NAMES=nvptx-none:amdgcn-amdhsa]
  ignore line: [OFFLOAD_TARGET_DEFAULT=1]
  ignore line: [Target: x86_64-linux-gnu]
  ignore line: [Configured with: ../src/configure -v --with-pkgversion='Ubuntu 11.4.0-1ubuntu1~22.04.3' --with-bugurl=file:///usr/share/doc/gcc-11/README.Bugs --enable-languages=c ada c++ go brig d fortran objc obj-c++ m2 --prefix=/usr --with-gcc-major-version-only --program-suffix=-11 --program-prefix=x86_64-linux-gnu- --enable-shared --enable-linker-build-id --libexecdir=/usr/lib --without-included-gettext --enable-threads=posix --libdir=/usr/lib --enable-nls --enable-bootstrap --enable-clocale=gnu --enable-libstdcxx-debug --enable-libstdcxx-time=yes --with-default-libstdcxx-abi=new --enable-gnu-unique-object --disable-vtable-verify --enable-plugin --enable-default-pie --with-system-zlib --enable-libphobos-checking=release --with-target-system-zlib=auto --enable-objc-gc=auto --enable-multiarch --disable-werror --enable-cet --with-arch-32=i686 --with-abi=m64 --with-multilib-list=m32 m64 mx32 --enable-multilib --with-tune=generic --enable-offload-targets=nvptx-none=/build/gcc-11-0odw26/gcc-11-11.4.0/debian/tmp-nvptx/usr amdgcn-amdhsa=/build/gcc-11-0odw26/gcc-11-11.4.0/debian/tmp-gcn/usr --without-cuda-driver --enable-checking=release --build=x86_64-linux-gnu --host=x86_64-linux-gnu --target=x86_64-linux-gnu --with-build-config=bootstrap-lto-lean --enable-link-serialization=2]
  ignore line: [Thread model: posix]
  ignore line: [Supported LTO compression algorithms: zlib zstd]
  ignore line: [gcc version 11.4.0 (Ubuntu 11.4.0-1ubuntu1~22.04.3) ]
  ignore line: [COLLECT_GCC_OPTIONS='-fvisibility-inlines-hidden' '-fmessage-length=0' '-march=nocona' '-mtune=haswell' '-ftree-vectorize' '-fPIC' '-fstack-protector-strong' '-fno-plt' '-O2' '-ffunction-sections' '-pipe' '-isystem' '/home/sophie/miniconda3/include' '-I' '/home/sophie/miniconda3/targets/x86_64-linux/include' '-L/home/sophie/miniconda3/targets/x86_64-linux/lib' '-L/home/sophie/miniconda3/targets/x86_64-linux/lib/stubs' '-v' '-o' 'CMakeFiles/cmTC_e18d6.dir/CMakeCXXCompilerABI.cpp.o' '-c' '-shared-libgcc' '-dumpdir' 'CMakeFiles/cmTC_e18d6.dir/']
  ignore line: [ /usr/lib/gcc/x86_64-linux-gnu/11/cc1plus -quiet -v -I /home/sophie/miniconda3/targets/x86_64-linux/include -imultiarch x86_64-linux-gnu -D_GNU_SOURCE -isystem /home/sophie/miniconda3/include /usr/share/cmake-3.22/Modules/CMakeCXXCompilerABI.cpp -quiet -dumpdir CMakeFiles/cmTC_e18d6.dir/ -dumpbase CMakeCXXCompilerABI.cpp.cpp -dumpbase-ext .cpp -march=nocona -mtune=haswell -O2 -version -fvisibility-inlines-hidden -fmessage-length=0 -ftree-vectorize -fPIC -fstack-protector-strong -fno-plt -ffunction-sections -fasynchronous-unwind-tables -fstack-protector-strong -Wformat -Wformat-security -fstack-clash-protection -fcf-protection -o - |]
  ignore line: [ as -v -I /home/sophie/miniconda3/targets/x86_64-linux/include --64 -o CMakeFiles/cmTC_e18d6.dir/CMakeCXXCompilerABI.cpp.o]
  ignore line: [GNU assembler version 2.38 (x86_64-linux-gnu) using BFD version (GNU Binutils for Ubuntu) 2.38]
  ignore line: [GNU C++17 (Ubuntu 11.4.0-1ubuntu1~22.04.3) version 11.4.0 (x86_64-linux-gnu)]
  ignore line: [	compiled by GNU C version 11.4.0  GMP version 6.2.1  MPFR version 4.1.0  MPC version 1.2.1  isl version isl-0.24-GMP]
  ignore line: []
  ignore line: [GGC heuristics: --param ggc-min-expand=100 --param ggc-min-heapsize=131072]
  ignore line: [ignoring duplicate directory "/usr/include/x86_64-linux-gnu/c++/11"]
  ignore line: [ignoring nonexistent directory "/usr/local/include/x86_64-linux-gnu"]
  ignore line: [ignoring nonexistent directory "/usr/lib/gcc/x86_64-linux-gnu/11/include-fixed"]
  ignore line: [ignoring nonexistent directory "/usr/lib/gcc/x86_64-linux-gnu/11/../../../../x86_64-linux-gnu/include"]
  ignore line: [#include "..." search starts here:]
  ignore line: [#include <...> search starts here:]
  ignore line: [ /home/sophie/miniconda3/targets/x86_64-linux/include]
  ignore line: [ /home/sophie/miniconda3/include]
  ignore line: [ /usr/include/c++/11]
  ignore line: [ /usr/include/x86_64-linux-gnu/c++/11]
  ignore line: [ /usr/include/c++/11/backward]
  ignore line: [ /usr/lib/gcc/x86_64-linux-gnu/11/include]
  ignore line: [ /usr/local/include]
  ignore line: [ /usr/include/x86_64-linux-gnu]
  ignore line: [ /usr/include]
  ignore line: [End of search list.]
  ignore line: [GNU C++17 (Ubuntu 11.4.0-1ubuntu1~22.04.3) version 11.4.0 (x86_64-linux-gnu)]
  ignore line: [	compiled by GNU C version 11.4.0  GMP version 6.2.1  MPFR version 4.1.0  MPC version 1.2.1  isl version isl-0.24-GMP]
  ignore line: []
  ignore line: [GGC heuristics: --param ggc-min-expand=100 --param ggc-min-heapsize=131072]
  ignore line: [Compiler executable checksum: ac7fa628ee459f217e6fdb88b3db0bde]
  ignore line: [COMPILER_PATH=/usr/lib/gcc/x86_64-linux-gnu/11/:/usr/lib/gcc/x86_64-linux-gnu/11/:/usr/lib/gcc/x86_64-linux-gnu/:/usr/lib/gcc/x86_64-linux-gnu/11/:/usr/lib/gcc/x86_64-linux-gnu/]
  ignore line: [LIBRARY_PATH=/usr/lib/gcc/x86_64-linux-gnu/11/:/usr/lib/gcc/x86_64-linux-gnu/11/../../../x86_64-linux-gnu/:/usr/lib/gcc/x86_64-linux-gnu/11/../../../../lib/:/lib/x86_64-linux-gnu/:/lib/../lib/:/usr/lib/x86_64-linux-gnu/:/usr/lib/../lib/:/usr/lib/gcc/x86_64-linux-gnu/11/../../../:/lib/:/usr/lib/]
  ignore line: [COLLECT_GCC_OPTIONS='-fvisibility-inlines-hidden' '-fmessage-length=0' '-march=nocona' '-mtune=haswell' '-ftree-vectorize' '-fPIC' '-fstack-protector-strong' '-fno-plt' '-O2' '-ffunction-sections' '-pipe' '-isystem' '/home/sophie/miniconda3/include' '-I' '/home/sophie/miniconda3/targets/x86_64-linux/include' '-L/home/sophie/miniconda3/targets/x86_64-linux/lib' '-L/home/sophie/miniconda3/targets/x86_64-linux/lib/stubs' '-v' '-o' 'CMakeFiles/cmTC_e18d6.dir/CMakeCXXCompilerABI.cpp.o' '-c' '-shared-libgcc' '-dumpdir' 'CMakeFiles/cmTC_e18d6.dir/CMakeCXXCompilerABI.cpp.']
  ignore line: [Linking CXX executable cmTC_e18d6]
  ignore line: [/usr/bin/cmake -E cmake_link_script CMakeFiles/cmTC_e18d6.dir/link.txt --verbose=1]
  ignore line: [/usr/bin/c++ -fvisibility-inlines-hidden -fmessage-length=0 -march=nocona -mtune=haswell -ftree-vectorize -fPIC -fstack-protector-strong -fno-plt -O2 -ffunction-sections -pipe -isystem /home/sophie/miniconda3/include  -I/home/sophie/miniconda3/targets/x86_64-linux/include  -L/home/sophie/miniconda3/targets/x86_64-linux/lib -L/home/sophie/miniconda3/targets/x86_64-linux/lib/stubs  -Wl -O2 -Wl --sort-common -Wl --as-needed -Wl -z relro -Wl -z now -Wl --disable-new-dtags -Wl --gc-sections -Wl -rpath /home/sophie/miniconda3/lib -Wl -rpath-link /home/sophie/miniconda3/lib -L/home/sophie/miniconda3/lib  -L/home/sophie/miniconda3/targets/x86_64-linux/lib -L/home/sophie/miniconda3/targets/x86_64-linux/lib/stubs -v CMakeFiles/cmTC_e18d6.dir/CMakeCXXCompilerABI.cpp.o -o cmTC_e18d6 ]
  ignore line: [Using built-in specs.]
  ignore line: [COLLECT_GCC=/usr/bin/c++]
  ignore line: [COLLECT_LTO_WRAPPER=/usr/lib/gcc/x86_64-linux-gnu/11/lto-wrapper]
  ignore line: [OFFLOAD_TARGET_NAMES=nvptx-none:amdgcn-amdhsa]
  ignore line: [OFFLOAD_TARGET_DEFAULT=1]
  ignore line: [Target: x86_64-linux-gnu]
  ignore line: [Configured with: ../src/configure -v --with-pkgversion='Ubuntu 11.4.0-1ubuntu1~22.04.3' --with-bugurl=file:///usr/share/doc/gcc-11/README.Bugs --enable-languages=c ada c++ go brig d fortran objc obj-c++ m2 --prefix=/usr --with-gcc-major-version-only --program-suffix=-11 --program-prefix=x86_64-linux-gnu- --enable-shared --enable-linker-build-id --libexecdir=/usr/lib --without-included-gettext --enable-threads=posix --libdir=/usr/lib --enable-nls --enable-bootstrap --enable-clocale=gnu --enable-libstdcxx-debug --enable-libstdcxx-time=yes --with-default-libstdcxx-abi=new --enable-gnu-unique-object --disable-vtable-verify --enable-plugin --enable-default-pie --with-system-zlib --enable-libphobos-checking=release --with-target-system-zlib=auto --enable-objc-gc=auto --enable-multiarch --disable-werror --enable-cet --with-arch-32=i686 --with-abi=m64 --with-multilib-list=m32 m64 mx32 --enable-multilib --with-tune=generic --enable-offload-targets=nvptx-none=/build/gcc-11-0odw26/gcc-11-11.4.0/debian/tmp-nvptx/usr amdgcn-amdhsa=/build/gcc-11-0odw26/gcc-11-11.4.0/debian/tmp-gcn/usr --without-cuda-driver --enable-checking=release --build=x86_64-linux-gnu --host=x86_64-linux-gnu --target=x86_64-linux-gnu --with-build-config=bootstrap-lto-lean --enable-link-serialization=2]
  ignore line: [Thread model: posix]
  ignore line: [Supported LTO compression algorithms: zlib zstd]
  ignore line: [gcc version 11.4.0 (Ubuntu 11.4.0-1ubuntu1~22.04.3) ]
  ignore line: [COMPILER_PATH=/usr/lib/gcc/x86_64-linux-gnu/11/:/usr/lib/gcc/x86_64-linux-gnu/11/:/usr/lib/gcc/x86_64-linux-gnu/:/usr/lib/gcc/x86_64-linux-gnu/11/:/usr/lib/gcc/x86_64-linux-gnu/]
  ignore line: [LIBRARY_PATH=/usr/lib/gcc/x86_64-linux-gnu/11/:/usr/lib/gcc/x86_64-linux-gnu/11/../../../x86_64-linux-gnu/:/usr/lib/gcc/x86_64-linux-gnu/11/../../../../lib/:/lib/x86_64-linux-gnu/:/lib/../lib/:/usr/lib/x86_64-linux-gnu/:/usr/lib/../lib/:/usr/lib/gcc/x86_64-linux-gnu/11/../../../:/lib/:/usr/lib/]
  ignore line: [COLLECT_GCC_OPTIONS='-fvisibility-inlines-hidden' '-fmessage-length=0' '-march=nocona' '-mtune=haswell' '-ftree-vectorize' '-fPIC' '-fstack-protector-strong' '-fno-plt' '-O2' '-ffunction-sections' '-pipe' '-isystem' '/home/sophie/miniconda3/include' '-I' '/home/sophie/miniconda3/targets/x86_64-linux/include' '-L/home/sophie/miniconda3/targets/x86_64-linux/lib' '-L/home/sophie/miniconda3/targets/x86_64-linux/lib/stubs' '-L/home/sophie/miniconda3/lib' '-L/home/sophie/miniconda3/targets/x86_64-linux/lib' '-L/home/sophie/miniconda3/targets/x86_64-linux/lib/stubs' '-v' '-o' 'cmTC_e18d6' '-shared-libgcc' '-dumpdir' 'cmTC_e18d6.']
  link line: [ /usr/lib/gcc/x86_64-linux-gnu/11/collect2 -plugin /usr/lib/gcc/x86_64-linux-gnu/11/liblto_plugin.so -plugin-opt=/usr/lib/gcc/x86_64-linux-gnu/11/lto-wrapper -plugin-opt=-fresolution=/tmp/ccO8KvFE.res -plugin-opt=-pass-through=-lgcc_s -plugin-opt=-pass-through=-lgcc -plugin-opt=-pass-through=-lc -plugin-opt=-pass-through=-lgcc_s -plugin-opt=-pass-through=-lgcc --build-id --eh-frame-hdr -m elf_x86_64 --hash-style=gnu --as-needed -dynamic-linker /lib64/ld-linux-x86-64.so.2 -pie -z now -z relro -o cmTC_e18d6 /usr/lib/gcc/x86_64-linux-gnu/11/../../../x86_64-linux-gnu/Scrt1.o /usr/lib/gcc/x86_64-linux-gnu/11/../../../x86_64-linux-gnu/crti.o /usr/lib/gcc/x86_64-linux-gnu/11/crtbeginS.o -L/home/sophie/miniconda3/targets/x86_64-linux/lib -L/home/sophie/miniconda3/targets/x86_64-linux/lib/stubs -L/home/sophie/miniconda3/lib -L/home/sophie/miniconda3/targets/x86_64-linux/lib -L/home/sophie/miniconda3/targets/x86_64-linux/lib/stubs -L/usr/lib/gcc/x86_64-linux-gnu/11 -L/usr/lib/gcc/x86_64-linux-gnu/11/../../../x86_64-linux-gnu -L/usr/lib/gcc/x86_64-linux-gnu/11/../../../../lib -L/lib/x86_64-linux-gnu -L/lib/../lib -L/usr/lib/x86_64-linux-gnu -L/usr/lib/../lib -L/usr/lib/gcc/x86_64-linux-gnu/11/../../.. -O2 --sort-common --as-needed -z relro -z now --disable-new-dtags --gc-sections -rpath /home/sophie/miniconda3/lib -rpath-link /home/sophie/miniconda3/lib CMakeFiles/cmTC_e18d6.dir/CMakeCXXCompilerABI.cpp.o -lstdc++ -lm -lgcc_s -lgcc -lc -lgcc_s -lgcc /usr/lib/gcc/x86_64-linux-gnu/11/crtendS.o /usr/lib/gcc/x86_64-linux-gnu/11/../../../x86_64-linux-gnu/crtn.o]
    arg [/usr/lib/gcc/x86_64-linux-gnu/11/collect2] ==> ignore
    arg [-plugin] ==> ignore
    arg [/usr/lib/gcc/x86_64-linux-gnu/11/liblto_plugin.so] ==> ignore
    arg [-plugin-opt=/usr/lib/gcc/x86_64-linux-gnu/11/lto-wrapper] ==> ignore
    arg [-plugin-opt=-fresolution=/tmp/ccO8KvFE.res] ==> ignore
    arg [-plugin-opt=-pass-through=-lgcc_s] ==> ignore
    arg [-plugin-opt=-pass-through=-lgcc] ==> ignore
    arg [-plugin-opt=-pass-through=-lc] ==> ignore
    arg [-plugin-opt=-pass-through=-lgcc_s] ==> ignore
    arg [-plugin-opt=-pass-through=-lgcc] ==> ignore
    arg [--build-id] ==> ignore
    arg [--eh-frame-hdr] ==> ignore
    arg [-m] ==> ignore
    arg [elf_x86_64] ==> ignore
    arg [--hash-style=gnu] ==> ignore
    arg [--as-needed] ==> ignore
    arg [-dynamic-linker] ==> ignore
    arg [/lib64/ld-linux-x86-64.so.2] ==> ignore
    arg [-pie] ==> ignore
    arg [-znow] ==> ignore
    arg [-zrelro] ==> ignore
    arg [-o] ==> ignore
    arg [cmTC_e18d6] ==> ignore
    arg [/usr/lib/gcc/x86_64-linux-gnu/11/../../../x86_64-linux-gnu/Scrt1.o] ==> obj [/usr/lib/gcc/x86_64-linux-gnu/11/../../../x86_64-linux-gnu/Scrt1.o]
    arg [/usr/lib/gcc/x86_64-linux-gnu/11/../../../x86_64-linux-gnu/crti.o] ==> obj [/usr/lib/gcc/x86_64-linux-gnu/11/../../../x86_64-linux-gnu/crti.o]
    arg [/usr/lib/gcc/x86_64-linux-gnu/11/crtbeginS.o] ==> obj [/usr/lib/gcc/x86_64-linux-gnu/11/crtbeginS.o]
    arg [-L/home/sophie/miniconda3/targets/x86_64-linux/lib] ==> dir [/home/sophie/miniconda3/targets/x86_64-linux/lib]
    arg [-L/home/sophie/miniconda3/targets/x86_64-linux/lib/stubs] ==> dir [/home/sophie/miniconda3/targets/x86_64-linux/lib/stubs]
    arg [-L/home/sophie/miniconda3/lib] ==> dir [/home/sophie/miniconda3/lib]
    arg [-L/home/sophie/miniconda3/targets/x86_64-linux/lib] ==> dir [/home/sophie/miniconda3/targets/x86_64-linux/lib]
    arg [-L/home/sophie/miniconda3/targets/x86_64-linux/lib/stubs] ==> dir [/home/sophie/miniconda3/targets/x86_64-linux/lib/stubs]
    arg [-L/usr/lib/gcc/x86_64-linux-gnu/11] ==> dir [/usr/lib/gcc/x86_64-linux-gnu/11]
    arg [-L/usr/lib/gcc/x86_64-linux-gnu/11/../../../x86_64-linux-gnu] ==> dir [/usr/lib/gcc/x86_64-linux-gnu/11/../../../x86_64-linux-gnu]
    arg [-L/usr/lib/gcc/x86_64-linux-gnu/11/../../../../lib] ==> dir [/usr/lib/gcc/x86_64-linux-gnu/11/../../../../lib]
    arg [-L/lib/x86_64-linux-gnu] ==> dir [/lib/x86_64-linux-gnu]
    arg [-L/lib/../lib] ==> dir [/lib/../lib]
    arg [-L/usr/lib/x86_64-linux-gnu] ==> dir [/usr/lib/x86_64-linux-gnu]
    arg [-L/usr/lib/../lib] ==> dir [/usr/lib/../lib]
    arg [-L/usr/lib/gcc/x86_64-linux-gnu/11/../../..] ==> dir [/usr/lib/gcc/x86_64-linux-gnu/11/../../..]
    arg [-O2] ==> ignore
    arg [--sort-common] ==> ignore
    arg [--as-needed] ==> ignore
    arg [-zrelro] ==> ignore
    arg [-znow] ==> ignore
    arg [--disable-new-dtags] ==> ignore
    arg [--gc-sections] ==> ignore
    arg [-rpath] ==> ignore
    arg [/home/sophie/miniconda3/lib] ==> ignore
    arg [-rpath-link] ==> ignore
    arg [/home/sophie/miniconda3/lib] ==> ignore
    arg [CMakeFiles/cmTC_e18d6.dir/CMakeCXXCompilerABI.cpp.o] ==> ignore
    arg [-lstdc++] ==> lib [stdc++]
    arg [-lm] ==> lib [m]
    arg [-lgcc_s] ==> lib [gcc_s]
    arg [-lgcc] ==> lib [gcc]
    arg [-lc] ==> lib [c]
    arg [-lgcc_s] ==> lib [gcc_s]
    arg [-lgcc] ==> lib [gcc]
    arg [/usr/lib/gcc/x86_64-linux-gnu/11/crtendS.o] ==> obj [/usr/lib/gcc/x86_64-linux-gnu/11/crtendS.o]
    arg [/usr/lib/gcc/x86_64-linux-gnu/11/../../../x86_64-linux-gnu/crtn.o] ==> obj [/usr/lib/gcc/x86_64-linux-gnu/11/../../../x86_64-linux-gnu/crtn.o]
  collapse obj [/usr/lib/gcc/x86_64-linux-gnu/11/../../../x86_64-linux-gnu/Scrt1.o] ==> [/usr/lib/x86_64-linux-gnu/Scrt1.o]
  collapse obj [/usr/lib/gcc/x86_64-linux-gnu/11/../../../x86_64-linux-gnu/crti.o] ==> [/usr/lib/x86_64-linux-gnu/crti.o]
  collapse obj [/usr/lib/gcc/x86_64-linux-gnu/11/../../../x86_64-linux-gnu/crtn.o] ==> [/usr/lib/x86_64-linux-gnu/crtn.o]
  collapse library dir [/home/sophie/miniconda3/targets/x86_64-linux/lib] ==> [/home/sophie/miniconda3/targets/x86_64-linux/lib]
  collapse library dir [/home/sophie/miniconda3/targets/x86_64-linux/lib/stubs] ==> [/home/sophie/miniconda3/targets/x86_64-linux/lib/stubs]
  collapse library dir [/home/sophie/miniconda3/lib] ==> [/home/sophie/miniconda3/lib]
  collapse library dir [/home/sophie/miniconda3/targets/x86_64-linux/lib] ==> [/home/sophie/miniconda3/targets/x86_64-linux/lib]
  collapse library dir [/home/sophie/miniconda3/targets/x86_64-linux/lib/stubs] ==> [/home/sophie/miniconda3/targets/x86_64-linux/lib/stubs]
  collapse library dir [/usr/lib/gcc/x86_64-linux-gnu/11] ==> [/usr/lib/gcc/x86_64-linux-gnu/11]
  collapse library dir [/usr/lib/gcc/x86_64-linux-gnu/11/../../../x86_64-linux-gnu] ==> [/usr/lib/x86_64-linux-gnu]
  collapse library dir [/usr/lib/gcc/x86_64-linux-gnu/11/../../../../lib] ==> [/usr/lib]
  collapse library dir [/lib/x86_64-linux-gnu] ==> [/lib/x86_64-linux-gnu]
  collapse library dir [/lib/../lib] ==> [/lib]
  collapse library dir [/usr/lib/x86_64-linux-gnu] ==> [/usr/lib/x86_64-linux-gnu]
  collapse library dir [/usr/lib/../lib] ==> [/usr/lib]
  collapse library dir [/usr/lib/gcc/x86_64-linux-gnu/11/../../..] ==> [/usr/lib]
  implicit libs: [stdc++;m;gcc_s;gcc;c;gcc_s;gcc]
  implicit objs: [/usr/lib/x86_64-linux-gnu/Scrt1.o;/usr/lib/x86_64-linux-gnu/crti.o;/usr/lib/gcc/x86_64-linux-gnu/11/crtbeginS.o;/usr/lib/gcc/x86_64-linux-gnu/11/crtendS.o;/usr/lib/x86_64-linux-gnu/crtn.o]
  implicit dirs: [/home/sophie/miniconda3/targets/x86_64-linux/lib;/home/sophie/miniconda3/targets/x86_64-linux/lib/stubs;/home/sophie/miniconda3/lib;/usr/lib/gcc/x86_64-linux-gnu/11;/usr/lib/x86_64-linux-gnu;/usr/lib;/lib/x86_64-linux-gnu;/lib]
  implicit fwks: []


The system is: Linux - 6.8.0-106-generic - x86_64
Compiling the C compiler identification source file "CMakeCCompilerId.c" succeeded.
Compiler: /usr/bin/cc 
Build flags: 
Id flags:  

The output was:
0


Compilation of the C compiler identification source "CMakeCCompilerId.c" produced "a.out"

The C compiler identification is GNU, found in "/home/sophie/isaac_lab/isaac_ws/rl_code/soarm100sim/ros2/build/soarm100_interfaces/CMakeFiles/3.22.1/CompilerIdC/a.out"

Compiling the CXX compiler identification source file "CMakeCXXCompilerId.cpp" succeeded.
Compiler: /usr/bin/c++ 
Build flags: -fvisibility-inlines-hidden;-fmessage-length=0;-march=nocona;-mtune=haswell;-ftree-vectorize;-fPIC;-fstack-protector-strong;-fno-plt;-O2;-ffunction-sections;-pipe;-isystem;/home/sophie/miniconda3/include;;-I/home/sophie/miniconda3/targets/x86_64-linux/include;;-L/home/sophie/miniconda3/targets/x86_64-linux/lib;-L/home/sophie/miniconda3/targets/x86_64-linux/lib/stubs
Id flags:  

The output was:
0


Compilation of the CXX compiler identification source "CMakeCXXCompilerId.cpp" produced "a.out"

The CXX compiler identification is GNU, found in "/home/sophie/isaac_lab/isaac_ws/rl_code/soarm100sim/ros2/build/soarm100_interfaces/CMakeFiles/3.22.1/CompilerIdCXX/a.out"

Detecting C compiler ABI info compiled with the following output:
Change Dir: /home/sophie/isaac_lab/isaac_ws/rl_code/soarm100sim/ros2/build/soarm100_interfaces/CMakeFiles/CMakeTmp

Run Build Command(s):/usr/bin/gmake -f Makefile cmTC_b9dcd/fast && /usr/bin/gmake  -f CMakeFiles/cmTC_b9dcd.dir/build.make CMakeFiles/cmTC_b9dcd.dir/build
gmake[1]: Entering directory '/home/sophie/isaac_lab/isaac_ws/rl_code/soarm100sim/ros2/build/soarm100_interfaces/CMakeFiles/CMakeTmp'
Building C object CMakeFiles/cmTC_b9dcd.dir/CMakeCCompilerABI.c.o
/usr/bin/cc   -v -o CMakeFiles/cmTC_b9dcd.dir/CMakeCCompilerABI.c.o -c /usr/share/cmake-3.22/Modules/CMakeCCompilerABI.c
Using built-in specs.
COLLECT_GCC=/usr/bin/cc
OFFLOAD_TARGET_NAMES=nvptx-none:amdgcn-amdhsa
OFFLOAD_TARGET_DEFAULT=1
Target: x86_64-linux-gnu
Configured with: ../src/configure -v --with-pkgversion='Ubuntu 11.4.0-1ubuntu1~22.04.3' --with-bugurl=file:///usr/share/doc/gcc-11/README.Bugs --enable-languages=c,ada,c++,go,brig,d,fortran,objc,obj-c++,m2 --prefix=/usr --with-gcc-major-version-only --program-suffix=-11 --program-prefix=x86_64-linux-gnu- --enable-shared --enable-linker-build-id --libexecdir=/usr/lib --without-included-gettext --enable-threads=posix --libdir=/usr/lib --enable-nls --enable-bootstrap --enable-clocale=gnu --enable-libstdcxx-debug --enable-libstdcxx-time=yes --with-default-libstdcxx-abi=new --enable-gnu-unique-object --disable-vtable-verify --enable-plugin --enable-default-pie --with-system-zlib --enable-libphobos-checking=release --with-target-system-zlib=auto --enable-objc-gc=auto --enable-multiarch --disable-werror --enable-cet --with-arch-32=i686 --with-abi=m64 --with-multilib-list=m32,m64,mx32 --enable-multilib --with-tune=generic --enable-offload-targets=nvptx-none=/build/gcc-11-0odw26/gcc-11-11.4.0/debian/tmp-nvptx/usr,amdgcn-amdhsa=/build/gcc-11-0odw26/gcc-11-11.4.0/debian/tmp-gcn/usr --without-cuda-driver --enable-checking=release --build=x86_64-linux-gnu --host=x86_64-linux-gnu --target=x86_64-linux-gnu --with-build-config=bootstrap-lto-lean --enable-link-serialization=2
Thread model: posix
Supported LTO compression algorithms: zlib zstd
gcc version 11.4.0 (Ubuntu 11.4.0-1ubuntu1~22.04.3) 
COLLECT_GCC_OPTIONS='-v' '-o' 'CMakeFiles/cmTC_b9dcd.dir/CMakeCCompilerABI.c.o' '-c' '-mtune=generic' '-march=x86-64' '-dumpdir' 'CMakeFiles/cmTC_b9dcd.dir/'
 /usr/lib/gcc/x86_64-linux-gnu/11/cc1 -quiet -v -imultiarch x86_64-linux-gnu /usr/share/cmake-3.22/Modules/CMakeCCompilerABI.c -quiet -dumpdir CMakeFiles/cmTC_b9dcd.dir/ -dumpbase CMakeCCompilerABI.c.c -dumpbase-ext .c -mtune=generic -march=x86-64 -version -fasynchronous-unwind-tables -fstack-protector-strong -Wformat -Wformat-security -fstack-clash-protection -fcf-protection -o /tmp/ccfEnUJ1.s
GNU C17 (Ubuntu 11.4.0-1ubuntu1~22.04.3) version 11.4.0 (x86_64-linux-gnu)
	compiled by GNU C version 11.4.0, GMP version 6.2.1, MPFR version 4.1.0, MPC version 1.2.1, isl version isl-0.24-GMP

GGC heuristics: --param ggc-min-expand=100 --param ggc-min-heapsize=131072
ignoring nonexistent directory "/usr/local/include/x86_64-linux-gnu"
ignoring nonexistent directory "/usr/lib/gcc/x86_64-linux-gnu/11/include-fixed"
ignoring nonexistent directory "/usr/lib/gcc/x86_64-linux-gnu/11/../../../../x86_64-linux-gnu/include"
#include "..." search starts here:
#include <...> search starts here:
 /usr/lib/gcc/x86_64-linux-gnu/11/include
 /usr/local/include
 /usr/include/x86_64-linux-gnu
 /usr/include
End of search list.
GNU C17 (Ubuntu 11.4.0-1ubuntu1~22.04.3) version 11.4.0 (x86_64-linux-gnu)
	compiled by GNU C version 11.4.0, GMP version 6.2.1, MPFR version 4.1.0, MPC version 1.2.1, isl version isl-0.24-GMP

GGC heuristics: --param ggc-min-expand=100 --param ggc-min-heapsize=131072
Compiler executable checksum: 46ebede1f5b795a957a1e85cb61af9d8
COLLECT_GCC_OPTIONS='-v' '-o' 'CMakeFiles/cmTC_b9dcd.dir/CMakeCCompilerABI.c.o' '-c' '-mtune=generic' '-march=x86-64' '-dumpdir' 'CMakeFiles/cmTC_b9dcd.dir/'
 as -v --64 -o CMakeFiles/cmTC_b9dcd.dir/CMakeCCompilerABI.c.o /tmp/ccfEnUJ1.s
GNU assembler version 2.38 (x86_64-linux-gnu) using BFD version (GNU Binutils for Ubuntu) 2.38
COMPILER_PATH=/usr/lib/gcc/x86_64-linux-gnu/11/:/usr/lib/gcc/x86_64-linux-gnu/11/:/usr/lib/gcc/x86_64-linux-gnu/:/usr/lib/gcc/x86_64-linux-gnu/11/:/usr/lib/gcc/x86_64-linux-gnu/
LIBRARY_PATH=/usr/lib/gcc/x86_64-linux-gnu/11/:/usr/lib/gcc/x86_64-linux-gnu/11/../../../x86_64-linux-gnu/:/usr/lib/gcc/x86_64-linux-gnu/11/../../../../lib/:/lib/x86_64-linux-gnu/:/lib/../lib/:/usr/lib/x86_64-linux-gnu/:/usr/lib/../lib/:/usr/lib/gcc/x86_64-linux-gnu/11/../../../:/lib/:/usr/lib/
COLLECT_GCC_OPTIONS='-v' '-o' 'CMakeFiles/cmTC_b9dcd.dir/CMakeCCompilerABI.c.o' '-c' '-mtune=generic' '-march=x86-64' '-dumpdir' 'CMakeFiles/cmTC_b9dcd.dir/CMakeCCompilerABI.c.'
Linking C executable cmTC_b9dcd
/usr/bin/cmake -E cmake_link_script CMakeFiles/cmTC_b9dcd.dir/link.txt --verbose=1
/usr/bin/cc -Wl,-O2 -Wl,--sort-common -Wl,--as-needed -Wl,-z,relro -Wl,-z,now -Wl,--disable-new-dtags -Wl,--gc-sections -Wl,-rpath,/home/sophie/miniconda3/lib -Wl,-rpath-link,/home/sophie/miniconda3/lib -L/home/sophie/miniconda3/lib  -L/home/sophie/miniconda3/targets/x86_64-linux/lib -L/home/sophie/miniconda3/targets/x86_64-linux/lib/stubs -v CMakeFiles/cmTC_b9dcd.dir/CMakeCCompilerABI.c.o -o cmTC_b9dcd 
Using built-in specs.
COLLECT_GCC=/usr/bin/cc
COLLECT_LTO_WRAPPER=/usr/lib/gcc/x86_64-linux-gnu/11/lto-wrapper
OFFLOAD_TARGET_NAMES=nvptx-none:amdgcn-amdhsa
OFFLOAD_TARGET_DEFAULT=1
Target: x86_64-linux-gnu
Configured with: ../src/configure -v --with-pkgversion='Ubuntu 11.4.0-1ubuntu1~22.04.3' --with-bugurl=file:///usr/share/doc/gcc-11/README.Bugs --enable-languages=c,ada,c++,go,brig,d,fortran,objc,obj-c++,m2 --prefix=/usr --with-gcc-major-version-only --program-suffix=-11 --program-prefix=x86_64-linux-gnu- --enable-shared --enable-linker-build-id --libexecdir=/usr/lib --without-included-gettext --enable-threads=posix --libdir=/usr/lib --enable-nls --enable-bootstrap --enable-clocale=gnu --enable-libstdcxx-debug --enable-libstdcxx-time=yes --with-default-libstdcxx-abi=new --enable-gnu-unique-object --disable-vtable-verify --enable-plugin --enable-default-pie --with-system-zlib --enable-libphobos-checking=release --with-target-system-zlib=auto --enable-objc-gc=auto --enable-multiarch --disable-werror --enable-cet --with-arch-32=i686 --with-abi=m64 --with-multilib-list=m32,m64,mx32 --enable-multilib --with-tune=generic --enable-offload-targets=nvptx-none=/build/gcc-11-0odw26/gcc-11-11.4.0/debian/tmp-nvptx/usr,amdgcn-amdhsa=/build/gcc-11-0odw26/gcc-11-11.4.0/debian/tmp-gcn/usr --without-cuda-driver --enable-checking=release --build=x86_64-linux-gnu --host=x86_64-linux-gnu --target=x86_64-linux-gnu --with-build-config=bootstrap-lto-lean --enable-link-serialization=2
Thread model: posix
Supported LTO compression algorithms: zlib zstd
gcc version 11.4.0 (Ubuntu 11.4.0-1ubuntu1~22.04.3) 
COMPILER_PATH=/usr/lib/gcc/x86_64-linux-gnu/11/:/usr/lib/gcc/x86_64-linux-gnu/11/:/usr/lib/gcc/x86_64-linux-gnu/:/usr/lib/gcc/x86_64-linux-gnu/11/:/usr/lib/gcc/x86_64-linux-gnu/
LIBRARY_PATH=/usr/lib/gcc/x86_64-linux-gnu/11/:/usr/lib/gcc/x86_64-linux-gnu/11/../../../x86_64-linux-gnu/:/usr/lib/gcc/x86_64-linux-gnu/11/../../../../lib/:/lib/x86_64-linux-gnu/:/lib/../lib/:/usr/lib/x86_64-linux-gnu/:/usr/lib/../lib/:/usr/lib/gcc/x86_64-linux-gnu/11/../../../:/lib/:/usr/lib/
COLLECT_GCC_OPTIONS='-L/home/sophie/miniconda3/lib' '-L/home/sophie/miniconda3/targets/x86_64-linux/lib' '-L/home/sophie/miniconda3/targets/x86_64-linux/lib/stubs' '-v' '-o' 'cmTC_b9dcd' '-mtune=generic' '-march=x86-64' '-dumpdir' 'cmTC_b9dcd.'
 /usr/lib/gcc/x86_64-linux-gnu/11/collect2 -plugin /usr/lib/gcc/x86_64-linux-gnu/11/liblto_plugin.so -plugin-opt=/usr/lib/gcc/x86_64-linux-gnu/11/lto-wrapper -plugin-opt=-fresolution=/tmp/ccwJlhrk.res -plugin-opt=-pass-through=-lgcc -plugin-opt=-pass-through=-lgcc_s -plugin-opt=-pass-through=-lc -plugin-opt=-pass-through=-lgcc -plugin-opt=-pass-through=-lgcc_s --build-id --eh-frame-hdr -m elf_x86_64 --hash-style=gnu --as-needed -dynamic-linker /lib64/ld-linux-x86-64.so.2 -pie -z now -z relro -o cmTC_b9dcd /usr/lib/gcc/x86_64-linux-gnu/11/../../../x86_64-linux-gnu/Scrt1.o /usr/lib/gcc/x86_64-linux-gnu/11/../../../x86_64-linux-gnu/crti.o /usr/lib/gcc/x86_64-linux-gnu/11/crtbeginS.o -L/home/sophie/miniconda3/lib -L/home/sophie/miniconda3/targets/x86_64-linux/lib -L/home/sophie/miniconda3/targets/x86_64-linux/lib/stubs -L/usr/lib/gcc/x86_64-linux-gnu/11 -L/usr/lib/gcc/x86_64-linux-gnu/11/../../../x86_64-linux-gnu -L/usr/lib/gcc/x86_64-linux-gnu/11/../../../../lib -L/lib/x86_64-linux-gnu -L/lib/../lib -L/usr/lib/x86_64-linux-gnu -L/usr/lib/../lib -L/usr/lib/gcc/x86_64-linux-gnu/11/../../.. -O2 --sort-common --as-needed -z relro -z now --disable-new-dtags --gc-sections -rpath /home/sophie/miniconda3/lib -rpath-link /home/sophie/miniconda3/lib CMakeFiles/cmTC_b9dcd.dir/CMakeCCompilerABI.c.o -lgcc --push-state --as-needed -lgcc_s --pop-state -lc -lgcc --push-state --as-needed -lgcc_s --pop-state /usr/lib/gcc/x86_64-linux-gnu/11/crtendS.o /usr/lib/gcc/x86_64-linux-gnu/11/../../../x86_64-linux-gnu/crtn.o
COLLECT_GCC_OPTIONS='-L/home/sophie/miniconda3/lib' '-L/home/sophie/miniconda3/targets/x86_64-linux/lib' '-L/home/sophie/miniconda3/targets/x86_64-linux/lib/stubs' '-v' '-o' 'cmTC_b9dcd' '-mtune=generic' '-march=x86-64' '-dumpdir' 'cmTC_b9dcd.'
gmake[1]: Leaving directory '/home/sophie/isaac_lab/isaac_ws/rl_code/soarm100sim/ros2/build/soarm100_interfaces/CMakeFiles/CMakeTmp'



Parsed C implicit include dir info from above output: rv=done
  found start of include info
  found start of implicit include info
    add: [/usr/lib/gcc/x86_64-linux-gnu/11/include]
    add: [/usr/local/include]
    add: [/usr/include/x86_64-linux-gnu]
    add: [/usr/include]
  end of search list found
  collapse include dir [/usr/lib/gcc/x86_64-linux-gnu/11/include] ==> [/usr/lib/gcc/x86_64-linux-gnu/11/include]
  collapse include dir [/usr/local/include] ==> [/usr/local/include]
  collapse include dir [/usr/include/x86_64-linux-gnu] ==> [/usr/include/x86_64-linux-gnu]
  collapse include dir [/usr/include] ==> [/usr/include]
  implicit include dirs: [/usr/lib/gcc/x86_64-linux-gnu/11/include;/usr/local/include;/usr/include/x86_64-linux-gnu;/usr/include]


Parsed C implicit link information from above output:
  link line regex: [^( *|.*[/\])(ld|CMAKE_LINK_STARTFILE-NOTFOUND|([^/\]+-)?ld|collect2)[^/\]*( |$)]
  ignore line: [Change Dir: /home/sophie/isaac_lab/isaac_ws/rl_code/soarm100sim/ros2/build/soarm100_interfaces/CMakeFiles/CMakeTmp]
  ignore line: []
  ignore line: [Run Build Command(s):/usr/bin/gmake -f Makefile cmTC_b9dcd/fast && /usr/bin/gmake  -f CMakeFiles/cmTC_b9dcd.dir/build.make CMakeFiles/cmTC_b9dcd.dir/build]
  ignore line: [gmake[1]: Entering directory '/home/sophie/isaac_lab/isaac_ws/rl_code/soarm100sim/ros2/build/soarm100_interfaces/CMakeFiles/CMakeTmp']
  ignore line: [Building C object CMakeFiles/cmTC_b9dcd.dir/CMakeCCompilerABI.c.o]
  ignore line: [/usr/bin/cc   -v -o CMakeFiles/cmTC_b9dcd.dir/CMakeCCompilerABI.c.o -c /usr/share/cmake-3.22/Modules/CMakeCCompilerABI.c]
  ignore line: [Using built-in specs.]
  ignore line: [COLLECT_GCC=/usr/bin/cc]
  ignore line: [OFFLOAD_TARGET_NAMES=nvptx-none:amdgcn-amdhsa]
  ignore line: [OFFLOAD_TARGET_DEFAULT=1]
  ignore line: [Target: x86_64-linux-gnu]
  ignore line: [Configured with: ../src/configure -v --with-pkgversion='Ubuntu 11.4.0-1ubuntu1~22.04.3' --with-bugurl=file:///usr/share/doc/gcc-11/README.Bugs --enable-languages=c ada c++ go brig d fortran objc obj-c++ m2 --prefix=/usr --with-gcc-major-version-only --program-suffix=-11 --program-prefix=x86_64-linux-gnu- --enable-shared --enable-linker-build-id --libexecdir=/usr/lib --without-included-gettext --enable-threads=posix --libdir=/usr/lib --enable-nls --enable-bootstrap --enable-clocale=gnu --enable-libstdcxx-debug --enable-libstdcxx-time=yes --with-default-libstdcxx-abi=new --enable-gnu-unique-object --disable-vtable-verify --enable-plugin --enable-default-pie --with-system-zlib --enable-libphobos-checking=release --with-target-system-zlib=auto --enable-objc-gc=auto --enable-multiarch --disable-werror --enable-cet --with-arch-32=i686 --with-abi=m64 --with-multilib-list=m32 m64 mx32 --enable-multilib --with-tune=generic --enable-offload-targets=nvptx-none=/build/gcc-11-0odw26/gcc-11-11.4.0/debian/tmp-nvptx/usr amdgcn-amdhsa=/build/gcc-11-0odw26/gcc-11-11.4.0/debian/tmp-gcn/usr --without-cuda-driver --enable-checking=release --build=x86_64-linux-gnu --host=x86_64-linux-gnu --target=x86_64-linux-gnu --with-build-config=bootstrap-lto-lean --enable-link-serialization=2]
  ignore line: [Thread model: posix]
  ignore line: [Supported LTO compression algorithms: zlib zstd]
  ignore line: [gcc version 11.4.0 (Ubuntu 11.4.0-1ubuntu1~22.04.3) ]
  ignore line: [COLLECT_GCC_OPTIONS='-v' '-o' 'CMakeFiles/cmTC_b9dcd.dir/CMakeCCompilerABI.c.o' '-c' '-mtune=generic' '-march=x86-64' '-dumpdir' 'CMakeFiles/cmTC_b9dcd.dir/']
  ignore line: [ /usr/lib/gcc/x86_64-linux-gnu/11/cc1 -quiet -v -imultiarch x86_64-linux-gnu /usr/share/cmake-3.22/Modules/CMakeCCompilerABI.c -quiet -dumpdir CMakeFiles/cmTC_b9dcd.dir/ -dumpbase CMakeCCompilerABI.c.c -dumpbase-ext .c -mtune=generic -march=x86-64 -version -fasynchronous-unwind-tables -fstack-protector-strong -Wformat -Wformat-security -fstack-clash-protection -fcf-protection -o /tmp/ccfEnUJ1.s]
  ignore line: [GNU C17 (Ubuntu 11.4.0-1ubuntu1~22.04.3) version 11.4.0 (x86_64-linux-gnu)]
  ignore line: [	compiled by GNU C version 11.4.0  GMP version 6.2.1  MPFR version 4.1.0  MPC version 1.2.1  isl version isl-0.24-GMP]
  ignore line: []
  ignore line: [GGC heuristics: --param ggc-min-expand=100 --param ggc-min-heapsize=131072]
  ignore line: [ignoring nonexistent directory "/usr/local/include/x86_64-linux-gnu"]
  ignore line: [ignoring nonexistent directory "/usr/lib/gcc/x86_64-linux-gnu/11/include-fixed"]
  ignore line: [ignoring nonexistent directory "/usr/lib/gcc/x86_64-linux-gnu/11/../../../../x86_64-linux-gnu/include"]
  ignore line: [#include "..." search starts here:]
  ignore line: [#include <...> search starts here:]
  ignore line: [ /usr/lib/gcc/x86_64-linux-gnu/11/include]
  ignore line: [ /usr/local/include]
  ignore line: [ /usr/include/x86_64-linux-gnu]
  ignore line: [ /usr/include]
  ignore line: [End of search list.]
  ignore line: [GNU C17 (Ubuntu 11.4.0-1ubuntu1~22.04.3) version 11.4.0 (x86_64-linux-gnu)]
  ignore line: [	compiled by GNU C version 11.4.0  GMP version 6.2.1  MPFR version 4.1.0  MPC version 1.2.1  isl version isl-0.24-GMP]
  ignore line: []
  ignore line: [GGC heuristics: --param ggc-min-expand=100 --param ggc-min-heapsize=131072]
  ignore line: [Compiler executable checksum: 46ebede1f5b795a957a1e85cb61af9d8]
  ignore line: [COLLECT_GCC_OPTIONS='-v' '-o' 'CMakeFiles/cmTC_b9dcd.dir/CMakeCCompilerABI.c.o' '-c' '-mtune=generic' '-march=x86-64' '-dumpdir' 'CMakeFiles/cmTC_b9dcd.dir/']
  ignore line: [ as -v --64 -o CMakeFiles/cmTC_b9dcd.dir/CMakeCCompilerABI.c.o /tmp/ccfEnUJ1.s]
  ignore line: [GNU assembler version 2.38 (x86_64-linux-gnu) using BFD version (GNU Binutils for Ubuntu) 2.38]
  ignore line: [COMPILER_PATH=/usr/lib/gcc/x86_64-linux-gnu/11/:/usr/lib/gcc/x86_64-linux-gnu/11/:/usr/lib/gcc/x86_64-linux-gnu/:/usr/lib/gcc/x86_64-linux-gnu/11/:/usr/lib/gcc/x86_64-linux-gnu/]
  ignore line: [LIBRARY_PATH=/usr/lib/gcc/x86_64-linux-gnu/11/:/usr/lib/gcc/x86_64-linux-gnu/11/../../../x86_64-linux-gnu/:/usr/lib/gcc/x86_64-linux-gnu/11/../../../../lib/:/lib/x86_64-linux-gnu/:/lib/../lib/:/usr/lib/x86_64-linux-gnu/:/usr/lib/../lib/:/usr/lib/gcc/x86_64-linux-gnu/11/../../../:/lib/:/usr/lib/]
  ignore line: [COLLECT_GCC_OPTIONS='-v' '-o' 'CMakeFiles/cmTC_b9dcd.dir/CMakeCCompilerABI.c.o' '-c' '-mtune=generic' '-march=x86-64' '-dumpdir' 'CMakeFiles/cmTC_b9dcd.dir/CMakeCCompilerABI.c.']
  ignore line: [Linking C executable cmTC_b9dcd]
  ignore line: [/usr/bin/cmake -E cmake_link_script CMakeFiles/cmTC_b9dcd.dir/link.txt --verbose=1]
  ignore line: [/usr/bin/cc -Wl -O2 -Wl --sort-common -Wl --as-needed -Wl -z relro -Wl -z now -Wl --disable-new-dtags -Wl --gc-sections -Wl -rpath /home/sophie/miniconda3/lib -Wl -rpath-link /home/sophie/miniconda3/lib -L/home/sophie/miniconda3/lib  -L/home/sophie/miniconda3/targets/x86_64-linux/lib -L/home/sophie/miniconda3/targets/x86_64-linux/lib/stubs -v CMakeFiles/cmTC_b9dcd.dir/CMakeCCompilerABI.c.o -o cmTC_b9dcd ]
  ignore line: [Using built-in specs.]
  ignore line: [COLLECT_GCC=/usr/bin/cc]
  ignore line: [COLLECT_LTO_WRAPPER=/usr/lib/gcc/x86_64-linux-gnu/11/lto-wrapper]
  ignore line: [OFFLOAD_TARGET_NAMES=nvptx-none:amdgcn-amdhsa]
  ignore line: [OFFLOAD_TARGET_DEFAULT=1]
  ignore line: [Target: x86_64-linux-gnu]
  ignore line: [Configured with: ../src/configure -v --with-pkgversion='Ubuntu 11.4.0-1ubuntu1~22.04.3' --with-bugurl=file:///usr/share/doc/gcc-11/README.Bugs --enable-languages=c ada c++ go brig d fortran objc obj-c++ m2 --prefix=/usr --with-gcc-major-version-only --program-suffix=-11 --program-prefix=x86_64-linux-gnu- --enable-shared --enable-linker-build-id --libexecdir=/usr/lib --without-included-gettext --enable-threads=posix --libdir=/usr/lib --enable-nls --enable-bootstrap --enable-clocale=gnu --enable-libstdcxx-debug --enable-libstdcxx-time=yes --with-default-libstdcxx-abi=new --enable-gnu-unique-object --disable-vtable-verify --enable-plugin --enable-default-pie --with-system-zlib --enable-libphobos-checking=release --with-target-system-zlib=auto --enable-objc-gc=auto --enable-multiarch --disable-werror --enable-cet --with-arch-32=i686 --with-abi=m64 --with-multilib-list=m32 m64 mx32 --enable-multilib --with-tune=generic --enable-offload-targets=nvptx-none=/build/gcc-11-0odw26/gcc-11-11.4.0/debian/tmp-nvptx/usr amdgcn-amdhsa=/build/gcc-11-0odw26/gcc-11-11.4.0/debian/tmp-gcn/usr --without-cuda-driver --enable-checking=release --build=x86_64-linux-gnu --host=x86_64-linux-gnu --target=x86_64-linux-gnu --with-build-config=bootstrap-lto-lean --enable-link-serialization=2]
  ignore line: [Thread model: posix]
  ignore line: [Supported LTO compression algorithms: zlib zstd]
  ignore line: [gcc version 11.4.0 (Ubuntu 11.4.0-1ubuntu1~22.04.3) ]
  ignore line: [COMPILER_PATH=/usr/lib/gcc/x86_64-linux-gnu/11/:/usr/lib/gcc/x86_64-linux-gnu/11/:/usr/lib/gcc/x86_64-linux-gnu/:/usr/lib/gcc/x86_64-linux-gnu/11/:/usr/lib/gcc/x86_64-linux-gnu/]
  ignore line: [LIBRARY_PATH=/usr/lib/gcc/x86_64-linux-gnu/11/:/usr/lib/gcc/x86_64-linux-gnu/11/../../../x86_64-linux-gnu/:/usr/lib/gcc/x86_64-linux-gnu/11/../../../../lib/:/lib/x86_64-linux-gnu/:/lib/../lib/:/usr/lib/x86_64-linux-gnu/:/usr/lib/../lib/:/usr/lib/gcc/x86_64-linux-gnu/11/../../../:/lib/:/usr/lib/]
  ignore line: [COLLECT_GCC_OPTIONS='-L/home/sophie/miniconda3/lib' '-L/home/sophie/miniconda3/targets/x86_64-linux/lib' '-L/home/sophie/miniconda3/targets/x86_64-linux/lib/stubs' '-v' '-o' 'cmTC_b9dcd' '-mtune=generic' '-march=x86-64' '-dumpdir' 'cmTC_b9dcd.']
  link line: [ /usr/lib/gcc/x86_64-linux-gnu/11/collect2 -plugin /usr/lib/gcc/x86_64-linux-gnu/11/liblto_plugin.so -plugin-opt=/usr/lib/gcc/x86_64-linux-gnu/11/lto-wrapper -plugin-opt=-fresolution=/tmp/ccwJlhrk.res -plugin-opt=-pass-through=-lgcc -plugin-opt=-pass-through=-lgcc_s -plugin-opt=-pass-through=-lc -plugin-opt=-pass-through=-lgcc -plugin-opt=-pass-through=-lgcc_s --build-id --eh-frame-hdr -m elf_x86_64 --hash-style=gnu --as-needed -dynamic-linker /lib64/ld-linux-x86-64.so.2 -pie -z now -z relro -o cmTC_b9dcd /usr/lib/gcc/x86_64-linux-gnu/11/../../../x86_64-linux-gnu/Scrt1.o /usr/lib/gcc/x86_64-linux-gnu/11/../../../x86_64-linux-gnu/crti.o /usr/lib/gcc/x86_64-linux-gnu/11/crtbeginS.o -L/home/sophie/miniconda3/lib -L/home/sophie/miniconda3/targets/x86_64-linux/lib -L/home/sophie/miniconda3/targets/x86_64-linux/lib/stubs -L/usr/lib/gcc/x86_64-linux-gnu/11 -L/usr/lib/gcc/x86_64-linux-gnu/11/../../../x86_64-linux-gnu -L/usr/lib/gcc/x86_64-linux-gnu/11/../../../../lib -L/lib/x86_64-linux-gnu -L/lib/../lib -L/usr/lib/x86_64-linux-gnu -L/usr/lib/../lib -L/usr/lib/gcc/x86_64-linux-gnu/11/../../.. -O2 --sort-common --as-needed -z relro -z now --disable-new-dtags --gc-sections -rpath /home/sophie/miniconda3/lib -rpath-link /home/sophie/miniconda3/lib CMakeFiles/cmTC_b9dcd.dir/CMakeCCompilerABI.c.o -lgcc --push-state --as-needed -lgcc_s --pop-state -lc -lgcc --push-state --as-needed -lgcc_s --pop-state /usr/lib/gcc/x86_64-linux-gnu/11/crtendS.o /usr/lib/gcc/x86_64-linux-gnu/11/../../../x86_64-linux-gnu/crtn.o]
    arg [/usr/lib/gcc/x86_64-linux-gnu/11/collect2] ==> ignore
    arg [-plugin] ==> ignore
    arg [/usr/lib/gcc/x86_64-linux-gnu/11/liblto_plugin.so] ==> ignore
    arg [-plugin-opt=/usr/lib/gcc/x86_64-linux-gnu/11/lto-wrapper] ==> ignore
    arg [-plugin-opt=-fresolution=/tmp/ccwJlhrk.res] ==> ignore
    arg [-plugin-opt=-pass-through=-lgcc] ==> ignore
    arg [-plugin-opt=-pass-through=-lgcc_s] ==> ignore
    arg [-plugin-opt=-pass-through=-lc] ==> ignore
    arg [-plugin-opt=-pass-through=-lgcc] ==> ignore
    arg [-plugin-opt=-pass-through=-lgcc_s] ==> ignore
    arg [--build-id] ==> ignore
    arg [--eh-frame-hdr] ==> ignore
    arg [-m] ==> ignore
    arg [elf_x86_64] ==> ignore
    arg [--hash-style=gnu] ==> ignore
    arg [--as-needed] ==> ignore
    arg [-dynamic-linker] ==> ignore
    arg [/lib64/ld-linux-x86-64.so.2] ==> ignore
    arg [-pie] ==> ignore
    arg [-znow] ==> ignore
    arg [-zrelro] ==> ignore
    arg [-o] ==> ignore
    arg [cmTC_b9dcd] ==> ignore
    arg [/usr/lib/gcc/x86_64-linux-gnu/11/../../../x86_64-linux-gnu/Scrt1.o] ==> obj [/usr/lib/gcc/x86_64-linux-gnu/11/../../../x86_64-linux-gnu/Scrt1.o]
    arg [/usr/lib/gcc/x86_64-linux-gnu/11/../../../x86_64-linux-gnu/crti.o] ==> obj [/usr/lib/gcc/x86_64-linux-gnu/11/../../../x86_64-linux-gnu/crti.o]
    arg [/usr/lib/gcc/x86_64-linux-gnu/11/crtbeginS.o] ==> obj [/usr/lib/gcc/x86_64-linux-gnu/11/crtbeginS.o]
    arg [-L/home/sophie/miniconda3/lib] ==> dir [/home/sophie/miniconda3/lib]
    arg [-L/home/sophie/miniconda3/targets/x86_64-linux/lib] ==> dir [/home/sophie/miniconda3/targets/x86_64-linux/lib]
    arg [-L/home/sophie/miniconda3/targets/x86_64-linux/lib/stubs] ==> dir [/home/sophie/miniconda3/targets/x86_64-linux/lib/stubs]
    arg [-L/usr/lib/gcc/x86_64-linux-gnu/11] ==> dir [/usr/lib/gcc/x86_64-linux-gnu/11]
    arg [-L/usr/lib/gcc/x86_64-linux-gnu/11/../../../x86_64-linux-gnu] ==> dir [/usr/lib/gcc/x86_64-linux-gnu/11/../../../x86_64-linux-gnu]
    arg [-L/usr/lib/gcc/x86_64-linux-gnu/11/../../../../lib] ==> dir [/usr/lib/gcc/x86_64-linux-gnu/11/../../../../lib]
    arg [-L/lib/x86_64-linux-gnu] ==> dir [/lib/x86_64-linux-gnu]
    arg [-L/lib/../lib] ==> dir [/lib/../lib]
    arg [-L/usr/lib/x86_64-linux-gnu] ==> dir [/usr/lib/x86_64-linux-gnu]
    arg [-L/usr/lib/../lib] ==> dir [/usr/lib/../lib]
    arg [-L/usr/lib/gcc/x86_64-linux-gnu/11/../../..] ==> dir [/usr/lib/gcc/x86_64-linux-gnu/11/../../..]
    arg [-O2] ==> ignore
    arg [--sort-common] ==> ignore
    arg [--as-needed] ==> ignore
    arg [-zrelro] ==> ignore
    arg [-znow] ==> ignore
    arg [--disable-new-dtags] ==> ignore
    arg [--gc-sections] ==> ignore
    arg [-rpath] ==> ignore
    arg [/home/sophie/miniconda3/lib] ==> ignore
    arg [-rpath-link] ==> ignore
    arg [/home/sophie/miniconda3/lib] ==> ignore
    arg [CMakeFiles/cmTC_b9dcd.dir/CMakeCCompilerABI.c.o] ==> ignore
    arg [-lgcc] ==> lib [gcc]
    arg [--push-state] ==> ignore
    arg [--as-needed] ==> ignore
    arg [-lgcc_s] ==> lib [gcc_s]
    arg [--pop-state] ==> ignore
    arg [-lc] ==> lib [c]
    arg [-lgcc] ==> lib [gcc]
    arg [--push-state] ==> ignore
    arg [--as-needed] ==> ignore
    arg [-lgcc_s] ==> lib [gcc_s]
    arg [--pop-state] ==> ignore
    arg [/usr/lib/gcc/x86_64-linux-gnu/11/crtendS.o] ==> obj [/usr/lib/gcc/x86_64-linux-gnu/11/crtendS.o]
    arg [/usr/lib/gcc/x86_64-linux-gnu/11/../../../x86_64-linux-gnu/crtn.o] ==> obj [/usr/lib/gcc/x86_64-linux-gnu/11/../../../x86_64-linux-gnu/crtn.o]
  collapse obj [/usr/lib/gcc/x86_64-linux-gnu/11/../../../x86_64-linux-gnu/Scrt1.o] ==> [/usr/lib/x86_64-linux-gnu/Scrt1.o]
  collapse obj [/usr/lib/gcc/x86_64-linux-gnu/11/../../../x86_64-linux-gnu/crti.o] ==> [/usr/lib/x86_64-linux-gnu/crti.o]
  collapse obj [/usr/lib/gcc/x86_64-linux-gnu/11/../../../x86_64-linux-gnu/crtn.o] ==> [/usr/lib/x86_64-linux-gnu/crtn.o]
  collapse library dir [/home/sophie/miniconda3/lib] ==> [/home/sophie/miniconda3/lib]
  collapse library dir [/home/sophie/miniconda3/targets/x86_64-linux/lib] ==> [/home/sophie/miniconda3/targets/x86_64-linux/lib]
  collapse library dir [/home/sophie/miniconda3/targets/x86_64-linux/lib/stubs] ==> [/home/sophie/miniconda3/targets/x86_64-linux/lib/stubs]
  collapse library dir [/usr/lib/gcc/x86_64-linux-gnu/11] ==> [/usr/lib/gcc/x86_64-linux-gnu/11]
  collapse library dir [/usr/lib/gcc/x86_64-linux-gnu/11/../../../x86_64-linux-gnu] ==> [/usr/lib/x86_64-linux-gnu]
  collapse library dir [/usr/lib/gcc/x86_64-linux-gnu/11/../../../../lib] ==> [/usr/lib]
  collapse library dir [/lib/x86_64-linux-gnu] ==> [/lib/x86_64-linux-gnu]
  collapse library dir [/lib/../lib] ==> [/lib]
  collapse library dir [/usr/lib/x86_64-linux-gnu] ==> [/usr/lib/x86_64-linux-gnu]
  collapse library dir [/usr/lib/../lib] ==> [/usr/lib]
  collapse library dir [/usr/lib/gcc/x86_64-linux-gnu/11/../../..] ==> [/usr/lib]
  implicit libs: [gcc;gcc_s;c;gcc;gcc_s]
  implicit objs: [/usr/lib/x86_64-linux-gnu/Scrt1.o;/usr/lib/x86_64-linux-gnu/crti.o;/usr/lib/gcc/x86_64-linux-gnu/11/crtbeginS.o;/usr/lib/gcc/x86_64-linux-gnu/11/crtendS.o;/usr/lib/x86_64-linux-gnu/crtn.o]
  implicit dirs: [/home/sophie/miniconda3/lib;/home/sophie/miniconda3/targets/x86_64-linux/lib;/home/sophie/miniconda3/targets/x86_64-linux/lib/stubs;/usr/lib/gcc/x86_64-linux-gnu/11;/usr/lib/x86_64-linux-gnu;/usr/lib;/lib/x86_64-linux-gnu;/lib]
  implicit fwks: []


Detecting CXX compiler ABI info compiled with the following output:
Change Dir: /home/sophie/isaac_lab/isaac_ws/rl_code/soarm100sim/ros2/build/soarm100_interfaces/CMakeFiles/CMakeTmp

Run Build Command(s):/usr/bin/gmake -f Makefile cmTC_d8bab/fast && /usr/bin/gmake  -f CMakeFiles/cmTC_d8bab.dir/build.make CMakeFiles/cmTC_d8bab.dir/build
gmake[1]: Entering directory '/home/sophie/isaac_lab/isaac_ws/rl_code/soarm100sim/ros2/build/soarm100_interfaces/CMakeFiles/CMakeTmp'
Building CXX object CMakeFiles/cmTC_d8bab.dir/CMakeCXXCompilerABI.cpp.o
/usr/bin/c++   -fvisibility-inlines-hidden -fmessage-length=0 -march=nocona -mtune=haswell -ftree-vectorize -fPIC -fstack-protector-strong -fno-plt -O2 -ffunction-sections -pipe -isystem /home/sophie/miniconda3/include  -I/home/sophie/miniconda3/targets/x86_64-linux/include  -L/home/sophie/miniconda3/targets/x86_64-linux/lib -L/home/sophie/miniconda3/targets/x86_64-linux/lib/stubs    -v -o CMakeFiles/cmTC_d8bab.dir/CMakeCXXCompilerABI.cpp.o -c /usr/share/cmake-3.22/Modules/CMakeCXXCompilerABI.cpp
Using built-in specs.
COLLECT_GCC=/usr/bin/c++
OFFLOAD_TARGET_NAMES=nvptx-none:amdgcn-amdhsa
OFFLOAD_TARGET_DEFAULT=1
Target: x86_64-linux-gnu
Configured with: ../src/configure -v --with-pkgversion='Ubuntu 11.4.0-1ubuntu1~22.04.3' --with-bugurl=file:///usr/share/doc/gcc-11/README.Bugs --enable-languages=c,ada,c++,go,brig,d,fortran,objc,obj-c++,m2 --prefix=/usr --with-gcc-major-version-only --program-suffix=-11 --program-prefix=x86_64-linux-gnu- --enable-shared --enable-linker-build-id --libexecdir=/usr/lib --without-included-gettext --enable-threads=posix --libdir=/usr/lib --enable-nls --enable-bootstrap --enable-clocale=gnu --enable-libstdcxx-debug --enable-libstdcxx-time=yes --with-default-libstdcxx-abi=new --enable-gnu-unique-object --disable-vtable-verify --enable-plugin --enable-default-pie --with-system-zlib --enable-libphobos-checking=release --with-target-system-zlib=auto --enable-objc-gc=auto --enable-multiarch --disable-werror --enable-cet --with-arch-32=i686 --with-abi=m64 --with-multilib-list=m32,m64,mx32 --enable-multilib --with-tune=generic --enable-offload-targets=nvptx-none=/build/gcc-11-0odw26/gcc-11-11.4.0/debian/tmp-nvptx/usr,amdgcn-amdhsa=/build/gcc-11-0odw26/gcc-11-11.4.0/debian/tmp-gcn/usr --without-cuda-driver --enable-checking=release --build=x86_64-linux-gnu --host=x86_64-linux-gnu --target=x86_64-linux-gnu --with-build-config=bootstrap-lto-lean --enable-link-serialization=2
Thread model: posix
Supported LTO compression algorithms: zlib zstd
gcc version 11.4.0 (Ubuntu 11.4.0-1ubuntu1~22.04.3) 
COLLECT_GCC_OPTIONS='-fvisibility-inlines-hidden' '-fmessage-length=0' '-march=nocona' '-mtune=haswell' '-ftree-vectorize' '-fPIC' '-fstack-protector-strong' '-fno-plt' '-O2' '-ffunction-sections' '-pipe' '-isystem' '/home/sophie/miniconda3/include' '-I' '/home/sophie/miniconda3/targets/x86_64-linux/include' '-L/home/sophie/miniconda3/targets/x86_64-linux/lib' '-L/home/sophie/miniconda3/targets/x86_64-linux/lib/stubs' '-v' '-o' 'CMakeFiles/cmTC_d8bab.dir/CMakeCXXCompilerABI.cpp.o' '-c' '-shared-libgcc' '-dumpdir' 'CMakeFiles/cmTC_d8bab.dir/'
 /usr/lib/gcc/x86_64-linux-gnu/11/cc1plus -quiet -v -I /home/sophie/miniconda3/targets/x86_64-linux/include -imultiarch x86_64-linux-gnu -D_GNU_SOURCE -isystem /home/sophie/miniconda3/include /usr/share/cmake-3.22/Modules/CMakeCXXCompilerABI.cpp -quiet -dumpdir CMakeFiles/cmTC_d8bab.dir/ -dumpbase CMakeCXXCompilerABI.cpp.cpp -dumpbase-ext .cpp -march=nocona -mtune=haswell -O2 -version -fvisibility-inlines-hidden -fmessage-length=0 -ftree-vectorize -fPIC -fstack-protector-strong -fno-plt -ffunction-sections -fasynchronous-unwind-tables -fstack-protector-strong -Wformat -Wformat-security -fstack-clash-protection -fcf-protection -o - |
 as -v -I /home/sophie/miniconda3/targets/x86_64-linux/include --64 -o CMakeFiles/cmTC_d8bab.dir/CMakeCXXCompilerABI.cpp.o
GNU assembler version 2.38 (x86_64-linux-gnu) using BFD version (GNU Binutils for Ubuntu) 2.38
GNU C++17 (Ubuntu 11.4.0-1ubuntu1~22.04.3) version 11.4.0 (x86_64-linux-gnu)
	compiled by GNU C version 11.4.0, GMP version 6.2.1, MPFR version 4.1.0, MPC version 1.2.1, isl version isl-0.24-GMP

GGC heuristics: --param ggc-min-expand=100 --param ggc-min-heapsize=131072
ignoring duplicate directory "/usr/include/x86_64-linux-gnu/c++/11"
ignoring nonexistent directory "/usr/local/include/x86_64-linux-gnu"
ignoring nonexistent directory "/usr/lib/gcc/x86_64-linux-gnu/11/include-fixed"
ignoring nonexistent directory "/usr/lib/gcc/x86_64-linux-gnu/11/../../../../x86_64-linux-gnu/include"
#include "..." search starts here:
#include <...> search starts here:
 /home/sophie/miniconda3/targets/x86_64-linux/include
 /home/sophie/miniconda3/include
 /usr/include/c++/11
 /usr/include/x86_64-linux-gnu/c++/11
 /usr/include/c++/11/backward
 /usr/lib/gcc/x86_64-linux-gnu/11/include
 /usr/local/include
 /usr/include/x86_64-linux-gnu
 /usr/include
End of search list.
GNU C++17 (Ubuntu 11.4.0-1ubuntu1~22.04.3) version 11.4.0 (x86_64-linux-gnu)
	compiled by GNU C version 11.4.0, GMP version 6.2.1, MPFR version 4.1.0, MPC version 1.2.1, isl version isl-0.24-GMP

GGC heuristics: --param ggc-min-expand=100 --param ggc-min-heapsize=131072
Compiler executable checksum: ac7fa628ee459f217e6fdb88b3db0bde
COMPILER_PATH=/usr/lib/gcc/x86_64-linux-gnu/11/:/usr/lib/gcc/x86_64-linux-gnu/11/:/usr/lib/gcc/x86_64-linux-gnu/:/usr/lib/gcc/x86_64-linux-gnu/11/:/usr/lib/gcc/x86_64-linux-gnu/
LIBRARY_PATH=/usr/lib/gcc/x86_64-linux-gnu/11/:/usr/lib/gcc/x86_64-linux-gnu/11/../../../x86_64-linux-gnu/:/usr/lib/gcc/x86_64-linux-gnu/11/../../../../lib/:/lib/x86_64-linux-gnu/:/lib/../lib/:/usr/lib/x86_64-linux-gnu/:/usr/lib/../lib/:/usr/lib/gcc/x86_64-linux-gnu/11/../../../:/lib/:/usr/lib/
COLLECT_GCC_OPTIONS='-fvisibility-inlines-hidden' '-fmessage-length=0' '-march=nocona' '-mtune=haswell' '-ftree-vectorize' '-fPIC' '-fstack-protector-strong' '-fno-plt' '-O2' '-ffunction-sections' '-pipe' '-isystem' '/home/sophie/miniconda3/include' '-I' '/home/sophie/miniconda3/targets/x86_64-linux/include' '-L/home/sophie/miniconda3/targets/x86_64-linux/lib' '-L/home/sophie/miniconda3/targets/x86_64-linux/lib/stubs' '-v' '-o' 'CMakeFiles/cmTC_d8bab.dir/CMakeCXXCompilerABI.cpp.o' '-c' '-shared-libgcc' '-dumpdir' 'CMakeFiles/cmTC_d8bab.dir/CMakeCXXCompilerABI.cpp.'
Linking CXX executable cmTC_d8bab
/usr/bin/cmake -E cmake_link_script CMakeFiles/cmTC_d8bab.dir/link.txt --verbose=1
/usr/bin/c++ -fvisibility-inlines-hidden -fmessage-length=0 -march=nocona -mtune=haswell -ftree-vectorize -fPIC -fstack-protector-strong -fno-plt -O2 -ffunction-sections -pipe -isystem /home/sophie/miniconda3/include  -I/home/sophie/miniconda3/targets/x86_64-linux/include  -L/home/sophie/miniconda3/targets/x86_64-linux/lib -L/home/sophie/miniconda3/targets/x86_64-linux/lib/stubs  -Wl,-O2 -Wl,--sort-common -Wl,--as-needed -Wl,-z,relro -Wl,-z,now -Wl,--disable-new-dtags -Wl,--gc-sections -Wl,-rpath,/home/sophie/miniconda3/lib -Wl,-rpath-link,/home/sophie/miniconda3/lib -L/home/sophie/miniconda3/lib  -L/home/sophie/miniconda3/targets/x86_64-linux/lib -L/home/sophie/miniconda3/targets/x86_64-linux/lib/stubs -v CMakeFiles/cmTC_d8bab.dir/CMakeCXXCompilerABI.cpp.o -o cmTC_d8bab 
Using built-in specs.
COLLECT_GCC=/usr/bin/c++
COLLECT_LTO_WRAPPER=/usr/lib/gcc/x86_64-linux-gnu/11/lto-wrapper
OFFLOAD_TARGET_NAMES=nvptx-none:amdgcn-amdhsa
OFFLOAD_TARGET_DEFAULT=1
Target: x86_64-linux-gnu
Configured with: ../src/configure -v --with-pkgversion='Ubuntu 11.4.0-1ubuntu1~22.04.3' --with-bugurl=file:///usr/share/doc/gcc-11/README.Bugs --enable-languages=c,ada,c++,go,brig,d,fortran,objc,obj-c++,m2 --prefix=/usr --with-gcc-major-version-only --program-suffix=-11 --program-prefix=x86_64-linux-gnu- --enable-shared --enable-linker-build-id --libexecdir=/usr/lib --without-included-gettext --enable-threads=posix --libdir=/usr/lib --enable-nls --enable-bootstrap --enable-clocale=gnu --enable-libstdcxx-debug --enable-libstdcxx-time=yes --with-default-libstdcxx-abi=new --enable-gnu-unique-object --disable-vtable-verify --enable-plugin --enable-default-pie --with-system-zlib --enable-libphobos-checking=release --with-target-system-zlib=auto --enable-objc-gc=auto --enable-multiarch --disable-werror --enable-cet --with-arch-32=i686 --with-abi=m64 --with-multilib-list=m32,m64,mx32 --enable-multilib --with-tune=generic --enable-offload-targets=nvptx-none=/build/gcc-11-0odw26/gcc-11-11.4.0/debian/tmp-nvptx/usr,amdgcn-amdhsa=/build/gcc-11-0odw26/gcc-11-11.4.0/debian/tmp-gcn/usr --without-cuda-driver --enable-checking=release --build=x86_64-linux-gnu --host=x86_64-linux-gnu --target=x86_64-linux-gnu --with-build-config=bootstrap-lto-lean --enable-link-serialization=2
Thread model: posix
Supported LTO compression algorithms: zlib zstd
gcc version 11.4.0 (Ubuntu 11.4.0-1ubuntu1~22.04.3) 
COMPILER_PATH=/usr/lib/gcc/x86_64-linux-gnu/11/:/usr/lib/gcc/x86_64-linux-gnu/11/:/usr/lib/gcc/x86_64-linux-gnu/:/usr/lib/gcc/x86_64-linux-gnu/11/:/usr/lib/gcc/x86_64-linux-gnu/
LIBRARY_PATH=/usr/lib/gcc/x86_64-linux-gnu/11/:/usr/lib/gcc/x86_64-linux-gnu/11/../../../x86_64-linux-gnu/:/usr/lib/gcc/x86_64-linux-gnu/11/../../../../lib/:/lib/x86_64-linux-gnu/:/lib/../lib/:/usr/lib/x86_64-linux-gnu/:/usr/lib/../lib/:/usr/lib/gcc/x86_64-linux-gnu/11/../../../:/lib/:/usr/lib/
COLLECT_GCC_OPTIONS='-fvisibility-inlines-hidden' '-fmessage-length=0' '-march=nocona' '-mtune=haswell' '-ftree-vectorize' '-fPIC' '-fstack-protector-strong' '-fno-plt' '-O2' '-ffunction-sections' '-pipe' '-isystem' '/home/sophie/miniconda3/include' '-I' '/home/sophie/miniconda3/targets/x86_64-linux/include' '-L/home/sophie/miniconda3/targets/x86_64-linux/lib' '-L/home/sophie/miniconda3/targets/x86_64-linux/lib/stubs' '-L/home/sophie/miniconda3/lib' '-L/home/sophie/miniconda3/targets/x86_64-linux/lib' '-L/home/sophie/miniconda3/targets/x86_64-linux/lib/stubs' '-v' '-o' 'cmTC_d8bab' '-shared-libgcc' '-dumpdir' 'cmTC_d8bab.'
 /usr/lib/gcc/x86_64-linux-gnu/11/collect2 -plugin /usr/lib/gcc/x86_64-linux-gnu/11/liblto_plugin.so -plugin-opt=/usr/lib/gcc/x86_64-linux-gnu/11/lto-wrapper -plugin-opt=-fresolution=/tmp/ccyCrT3y.res -plugin-opt=-pass-through=-lgcc_s -plugin-opt=-pass-through=-lgcc -plugin-opt=-pass-through=-lc -plugin-opt=-pass-through=-lgcc_s -plugin-opt=-pass-through=-lgcc --build-id --eh-frame-hdr -m elf_x86_64 --hash-style=gnu --as-needed -dynamic-linker /lib64/ld-linux-x86-64.so.2 -pie -z now -z relro -o cmTC_d8bab /usr/lib/gcc/x86_64-linux-gnu/11/../../../x86_64-linux-gnu/Scrt1.o /usr/lib/gcc/x86_64-linux-gnu/11/../../../x86_64-linux-gnu/crti.o /usr/lib/gcc/x86_64-linux-gnu/11/crtbeginS.o -L/home/sophie/miniconda3/targets/x86_64-linux/lib -L/home/sophie/miniconda3/targets/x86_64-linux/lib/stubs -L/home/sophie/miniconda3/lib -L/home/sophie/miniconda3/targets/x86_64-linux/lib -L/home/sophie/miniconda3/targets/x86_64-linux/lib/stubs -L/usr/lib/gcc/x86_64-linux-gnu/11 -L/usr/lib/gcc/x86_64-linux-gnu/11/../../../x86_64-linux-gnu -L/usr/lib/gcc/x86_64-linux-gnu/11/../../../../lib -L/lib/x86_64-linux-gnu -L/lib/../lib -L/usr/lib/x86_64-linux-gnu -L/usr/lib/../lib -L/usr/lib/gcc/x86_64-linux-gnu/11/../../.. -O2 --sort-common --as-needed -z relro -z now --disable-new-dtags --gc-sections -rpath /home/sophie/miniconda3/lib -rpath-link /home/sophie/miniconda3/lib CMakeFiles/cmTC_d8bab.dir/CMakeCXXCompilerABI.cpp.o -lstdc++ -lm -lgcc_s -lgcc -lc -lgcc_s -lgcc /usr/lib/gcc/x86_64-linux-gnu/11/crtendS.o /usr/lib/gcc/x86_64-linux-gnu/11/../../../x86_64-linux-gnu/crtn.o
COLLECT_GCC_OPTIONS='-fvisibility-inlines-hidden' '-fmessage-length=0' '-march=nocona' '-mtune=haswell' '-ftree-vectorize' '-fPIC' '-fstack-protector-strong' '-fno-plt' '-O2' '-ffunction-sections' '-pipe' '-isystem' '/home/sophie/miniconda3/include' '-I' '/home/sophie/miniconda3/targets/x86_64-linux/include' '-L/home/sophie/miniconda3/targets/x86_64-linux/lib' '-L/home/sophie/miniconda3/targets/x86_64-linux/lib/stubs' '-L/home/sophie/miniconda3/lib' '-L/home/sophie/miniconda3/targets/x86_64-linux/lib' '-L/home/sophie/miniconda3/targets/x86_64-linux/lib/stubs' '-v' '-o' 'cmTC_d8bab' '-shared-libgcc' '-dumpdir' 'cmTC_d8bab.'
gmake[1]: Leaving directory '/home/sophie/isaac_lab/isaac_ws/rl_code/soarm100sim/ros2/build/soarm100_interfaces/CMakeFiles/CMakeTmp'



Parsed CXX implicit include dir info from above output: rv=done
  found start of include info
  found start of implicit include info
    add: [/home/sophie/miniconda3/targets/x86_64-linux/include]
    add: [/home/sophie/miniconda3/include]
    add: [/usr/include/c++/11]
    add: [/usr/include/x86_64-linux-gnu/c++/11]
    add: [/usr/include/c++/11/backward]
    add: [/usr/lib/gcc/x86_64-linux-gnu/11/include]
    add: [/usr/local/include]
    add: [/usr/include/x86_64-linux-gnu]
    add: [/usr/include]
  end of search list found
  collapse include dir [/home/sophie/miniconda3/targets/x86_64-linux/include] ==> [/home/sophie/miniconda3/targets/x86_64-linux/include]
  collapse include dir [/home/sophie/miniconda3/include] ==> [/home/sophie/miniconda3/include]
  collapse include dir [/usr/include/c++/11] ==> [/usr/include/c++/11]
  collapse include dir [/usr/include/x86_64-linux-gnu/c++/11] ==> [/usr/include/x86_64-linux-gnu/c++/11]
  collapse include dir [/usr/include/c++/11/backward] ==> [/usr/include/c++/11/backward]
  collapse include dir [/usr/lib/gcc/x86_64-linux-gnu/11/include] ==> [/usr/lib/gcc/x86_64-linux-gnu/11/include]
  collapse include dir [/usr/local/include] ==> [/usr/local/include]
  collapse include dir [/usr/include/x86_64-linux-gnu] ==> [/usr/include/x86_64-linux-gnu]
  collapse include dir [/usr/include] ==> [/usr/include]
  implicit include dirs: [/home/sophie/miniconda3/targets/x86_64-linux/include;/home/sophie/miniconda3/include;/usr/include/c++/11;/usr/include/x86_64-linux-gnu/c++/11;/usr/include/c++/11/backward;/usr/lib/gcc/x86_64-linux-gnu/11/include;/usr/local/include;/usr/include/x86_64-linux-gnu;/usr/include]


Parsed CXX implicit link information from above output:
  link line regex: [^( *|.*[/\])(ld|CMAKE_LINK_STARTFILE-NOTFOUND|([^/\]+-)?ld|collect2)[^/\]*( |$)]
  ignore line: [Change Dir: /home/sophie/isaac_lab/isaac_ws/rl_code/soarm100sim/ros2/build/soarm100_interfaces/CMakeFiles/CMakeTmp]
  ignore line: []
  ignore line: [Run Build Command(s):/usr/bin/gmake -f Makefile cmTC_d8bab/fast && /usr/bin/gmake  -f CMakeFiles/cmTC_d8bab.dir/build.make CMakeFiles/cmTC_d8bab.dir/build]
  ignore line: [gmake[1]: Entering directory '/home/sophie/isaac_lab/isaac_ws/rl_code/soarm100sim/ros2/build/soarm100_interfaces/CMakeFiles/CMakeTmp']
  ignore line: [Building CXX object CMakeFiles/cmTC_d8bab.dir/CMakeCXXCompilerABI.cpp.o]
  ignore line: [/usr/bin/c++   -fvisibility-inlines-hidden -fmessage-length=0 -march=nocona -mtune=haswell -ftree-vectorize -fPIC -fstack-protector-strong -fno-plt -O2 -ffunction-sections -pipe -isystem /home/sophie/miniconda3/include  -I/home/sophie/miniconda3/targets/x86_64-linux/include  -L/home/sophie/miniconda3/targets/x86_64-linux/lib -L/home/sophie/miniconda3/targets/x86_64-linux/lib/stubs    -v -o CMakeFiles/cmTC_d8bab.dir/CMakeCXXCompilerABI.cpp.o -c /usr/share/cmake-3.22/Modules/CMakeCXXCompilerABI.cpp]
  ignore line: [Using built-in specs.]
  ignore line: [COLLECT_GCC=/usr/bin/c++]
  ignore line: [OFFLOAD_TARGET_NAMES=nvptx-none:amdgcn-amdhsa]
  ignore line: [OFFLOAD_TARGET_DEFAULT=1]
  ignore line: [Target: x86_64-linux-gnu]
  ignore line: [Configured with: ../src/configure -v --with-pkgversion='Ubuntu 11.4.0-1ubuntu1~22.04.3' --with-bugurl=file:///usr/share/doc/gcc-11/README.Bugs --enable-languages=c ada c++ go brig d fortran objc obj-c++ m2 --prefix=/usr --with-gcc-major-version-only --program-suffix=-11 --program-prefix=x86_64-linux-gnu- --enable-shared --enable-linker-build-id --libexecdir=/usr/lib --without-included-gettext --enable-threads=posix --libdir=/usr/lib --enable-nls --enable-bootstrap --enable-clocale=gnu --enable-libstdcxx-debug --enable-libstdcxx-time=yes --with-default-libstdcxx-abi=new --enable-gnu-unique-object --disable-vtable-verify --enable-plugin --enable-default-pie --with-system-zlib --enable-libphobos-checking=release --with-target-system-zlib=auto --enable-objc-gc=auto --enable-multiarch --disable-werror --enable-cet --with-arch-32=i686 --with-abi=m64 --with-multilib-list=m32 m64 mx32 --enable-multilib --with-tune=generic --enable-offload-targets=nvptx-none=/build/gcc-11-0odw26/gcc-11-11.4.0/debian/tmp-nvptx/usr amdgcn-amdhsa=/build/gcc-11-0odw26/gcc-11-11.4.0/debian/tmp-gcn/usr --without-cuda-driver --enable-checking=release --build=x86_64-linux-gnu --host=x86_64-linux-gnu --target=x86_64-linux-gnu --with-build-config=bootstrap-lto-lean --enable-link-serialization=2]
  ignore line: [Thread model: posix]
  ignore line: [Supported LTO compression algorithms: zlib zstd]
  ignore line: [gcc version 11.4.0 (Ubuntu 11.4.0-1ubuntu1~22.04.3) ]
  ignore line: [COLLECT_GCC_OPTIONS='-fvisibility-inlines-hidden' '-fmessage-length=0' '-march=nocona' '-mtune=haswell' '-ftree-vectorize' '-fPIC' '-fstack-protector-strong' '-fno-plt' '-O2' '-ffunction-sections' '-pipe' '-isystem' '/home/sophie/miniconda3/include' '-I' '/home/sophie/miniconda3/targets/x86_64-linux/include' '-L/home/sophie/miniconda3/targets/x86_64-linux/lib' '-L/home/sophie/miniconda3/targets/x86_64-linux/lib/stubs' '-v' '-o' 'CMakeFiles/cmTC_d8bab.dir/CMakeCXXCompilerABI.cpp.o' '-c' '-shared-libgcc' '-dumpdir' 'CMakeFiles/cmTC_d8bab.dir/']
  ignore line: [ /usr/lib/gcc/x86_64-linux-gnu/11/cc1plus -quiet -v -I /home/sophie/miniconda3/targets/x86_64-linux/include -imultiarch x86_64-linux-gnu -D_GNU_SOURCE -isystem /home/sophie/miniconda3/include /usr/share/cmake-3.22/Modules/CMakeCXXCompilerABI.cpp -quiet -dumpdir CMakeFiles/cmTC_d8bab.dir/ -dumpbase CMakeCXXCompilerABI.cpp.cpp -dumpbase-ext .cpp -march=nocona -mtune=haswell -O2 -version -fvisibility-inlines-hidden -fmessage-length=0 -ftree-vectorize -fPIC -fstack-protector-strong -fno-plt -ffunction-sections -fasynchronous-unwind-tables -fstack-protector-strong -Wformat -Wformat-security -fstack-clash-protection -fcf-protection -o - |]
  ignore line: [ as -v -I /home/sophie/miniconda3/targets/x86_64-linux/include --64 -o CMakeFiles/cmTC_d8bab.dir/CMakeCXXCompilerABI.cpp.o]
  ignore line: [GNU assembler version 2.38 (x86_64-linux-gnu) using BFD version (GNU Binutils for Ubuntu) 2.38]
  ignore line: [GNU C++17 (Ubuntu 11.4.0-1ubuntu1~22.04.3) version 11.4.0 (x86_64-linux-gnu)]
  ignore line: [	compiled by GNU C version 11.4.0  GMP version 6.2.1  MPFR version 4.1.0  MPC version 1.2.1  isl version isl-0.24-GMP]
  ignore line: []
  ignore line: [GGC heuristics: --param ggc-min-expand=100 --param ggc-min-heapsize=131072]
  ignore line: [ignoring duplicate directory "/usr/include/x86_64-linux-gnu/c++/11"]
  ignore line: [ignoring nonexistent directory "/usr/local/include/x86_64-linux-gnu"]
  ignore line: [ignoring nonexistent directory "/usr/lib/gcc/x86_64-linux-gnu/11/include-fixed"]
  ignore line: [ignoring nonexistent directory "/usr/lib/gcc/x86_64-linux-gnu/11/../../../../x86_64-linux-gnu/include"]
  ignore line: [#include "..." search starts here:]
  ignore line: [#include <...> search starts here:]
  ignore line: [ /home/sophie/miniconda3/targets/x86_64-linux/include]
  ignore line: [ /home/sophie/miniconda3/include]
  ignore line: [ /usr/include/c++/11]
  ignore line: [ /usr/include/x86_64-linux-gnu/c++/11]
  ignore line: [ /usr/include/c++/11/backward]
  ignore line: [ /usr/lib/gcc/x86_64-linux-gnu/11/include]
  ignore line: [ /usr/local/include]
  ignore line: [ /usr/include/x86_64-linux-gnu]
  ignore line: [ /usr/include]
  ignore line: [End of search list.]
  ignore line: [GNU C++17 (Ubuntu 11.4.0-1ubuntu1~22.04.3) version 11.4.0 (x86_64-linux-gnu)]
  ignore line: [	compiled by GNU C version 11.4.0  GMP version 6.2.1  MPFR version 4.1.0  MPC version 1.2.1  isl version isl-0.24-GMP]
  ignore line: []
  ignore line: [GGC heuristics: --param ggc-min-expand=100 --param ggc-min-heapsize=131072]
  ignore line: [Compiler executable checksum: ac7fa628ee459f217e6fdb88b3db0bde]
  ignore line: [COMPILER_PATH=/usr/lib/gcc/x86_64-linux-gnu/11/:/usr/lib/gcc/x86_64-linux-gnu/11/:/usr/lib/gcc/x86_64-linux-gnu/:/usr/lib/gcc/x86_64-linux-gnu/11/:/usr/lib/gcc/x86_64-linux-gnu/]
  ignore line: [LIBRARY_PATH=/usr/lib/gcc/x86_64-linux-gnu/11/:/usr/lib/gcc/x86_64-linux-gnu/11/../../../x86_64-linux-gnu/:/usr/lib/gcc/x86_64-linux-gnu/11/../../../../lib/:/lib/x86_64-linux-gnu/:/lib/../lib/:/usr/lib/x86_64-linux-gnu/:/usr/lib/../lib/:/usr/lib/gcc/x86_64-linux-gnu/11/../../../:/lib/:/usr/lib/]
  ignore line: [COLLECT_GCC_OPTIONS='-fvisibility-inlines-hidden' '-fmessage-length=0' '-march=nocona' '-mtune=haswell' '-ftree-vectorize' '-fPIC' '-fstack-protector-strong' '-fno-plt' '-O2' '-ffunction-sections' '-pipe' '-isystem' '/home/sophie/miniconda3/include' '-I' '/home/sophie/miniconda3/targets/x86_64-linux/include' '-L/home/sophie/miniconda3/targets/x86_64-linux/lib' '-L/home/sophie/miniconda3/targets/x86_64-linux/lib/stubs' '-v' '-o' 'CMakeFiles/cmTC_d8bab.dir/CMakeCXXCompilerABI.cpp.o' '-c' '-shared-libgcc' '-dumpdir' 'CMakeFiles/cmTC_d8bab.dir/CMakeCXXCompilerABI.cpp.']
  ignore line: [Linking CXX executable cmTC_d8bab]
  ignore line: [/usr/bin/cmake -E cmake_link_script CMakeFiles/cmTC_d8bab.dir/link.txt --verbose=1]
  ignore line: [/usr/bin/c++ -fvisibility-inlines-hidden -fmessage-length=0 -march=nocona -mtune=haswell -ftree-vectorize -fPIC -fstack-protector-strong -fno-plt -O2 -ffunction-sections -pipe -isystem /home/sophie/miniconda3/include  -I/home/sophie/miniconda3/targets/x86_64-linux/include  -L/home/sophie/miniconda3/targets/x86_64-linux/lib -L/home/sophie/miniconda3/targets/x86_64-linux/lib/stubs  -Wl -O2 -Wl --sort-common -Wl --as-needed -Wl -z relro -Wl -z now -Wl --disable-new-dtags -Wl --gc-sections -Wl -rpath /home/sophie/miniconda3/lib -Wl -rpath-link /home/sophie/miniconda3/lib -L/home/sophie/miniconda3/lib  -L/home/sophie/miniconda3/targets/x86_64-linux/lib -L/home/sophie/miniconda3/targets/x86_64-linux/lib/stubs -v CMakeFiles/cmTC_d8bab.dir/CMakeCXXCompilerABI.cpp.o -o cmTC_d8bab ]
  ignore line: [Using built-in specs.]
  ignore line: [COLLECT_GCC=/usr/bin/c++]
  ignore line: [COLLECT_LTO_WRAPPER=/usr/lib/gcc/x86_64-linux-gnu/11/lto-wrapper]
  ignore line: [OFFLOAD_TARGET_NAMES=nvptx-none:amdgcn-amdhsa]
  ignore line: [OFFLOAD_TARGET_DEFAULT=1]
  ignore line: [Target: x86_64-linux-gnu]
  ignore line: [Configured with: ../src/configure -v --with-pkgversion='Ubuntu 11.4.0-1ubuntu1~22.04.3' --with-bugurl=file:///usr/share/doc/gcc-11/README.Bugs --enable-languages=c ada c++ go brig d fortran objc obj-c++ m2 --prefix=/usr --with-gcc-major-version-only --program-suffix=-11 --program-prefix=x86_64-linux-gnu- --enable-shared --enable-linker-build-id --libexecdir=/usr/lib --without-included-gettext --enable-threads=posix --libdir=/usr/lib --enable-nls --enable-bootstrap --enable-clocale=gnu --enable-libstdcxx-debug --enable-libstdcxx-time=yes --with-default-libstdcxx-abi=new --enable-gnu-unique-object --disable-vtable-verify --enable-plugin --enable-default-pie --with-system-zlib --enable-libphobos-checking=release --with-target-system-zlib=auto --enable-objc-gc=auto --enable-multiarch --disable-werror --enable-cet --with-arch-32=i686 --with-abi=m64 --with-multilib-list=m32 m64 mx32 --enable-multilib --with-tune=generic --enable-offload-targets=nvptx-none=/build/gcc-11-0odw26/gcc-11-11.4.0/debian/tmp-nvptx/usr amdgcn-amdhsa=/build/gcc-11-0odw26/gcc-11-11.4.0/debian/tmp-gcn/usr --without-cuda-driver --enable-checking=release --build=x86_64-linux-gnu --host=x86_64-linux-gnu --target=x86_64-linux-gnu --with-build-config=bootstrap-lto-lean --enable-link-serialization=2]
  ignore line: [Thread model: posix]
  ignore line: [Supported LTO compression algorithms: zlib zstd]
  ignore line: [gcc version 11.4.0 (Ubuntu 11.4.0-1ubuntu1~22.04.3) ]
  ignore line: [COMPILER_PATH=/usr/lib/gcc/x86_64-linux-gnu/11/:/usr/lib/gcc/x86_64-linux-gnu/11/:/usr/lib/gcc/x86_64-linux-gnu/:/usr/lib/gcc/x86_64-linux-gnu/11/:/usr/lib/gcc/x86_64-linux-gnu/]
  ignore line: [LIBRARY_PATH=/usr/lib/gcc/x86_64-linux-gnu/11/:/usr/lib/gcc/x86_64-linux-gnu/11/../../../x86_64-linux-gnu/:/usr/lib/gcc/x86_64-linux-gnu/11/../../../../lib/:/lib/x86_64-linux-gnu/:/lib/../lib/:/usr/lib/x86_64-linux-gnu/:/usr/lib/../lib/:/usr/lib/gcc/x86_64-linux-gnu/11/../../../:/lib/:/usr/lib/]
  ignore line: [COLLECT_GCC_OPTIONS='-fvisibility-inlines-hidden' '-fmessage-length=0' '-march=nocona' '-mtune=haswell' '-ftree-vectorize' '-fPIC' '-fstack-protector-strong' '-fno-plt' '-O2' '-ffunction-sections' '-pipe' '-isystem' '/home/sophie/miniconda3/include' '-I' '/home/sophie/miniconda3/targets/x86_64-linux/include' '-L/home/sophie/miniconda3/targets/x86_64-linux/lib' '-L/home/sophie/miniconda3/targets/x86_64-linux/lib/stubs' '-L/home/sophie/miniconda3/lib' '-L/home/sophie/miniconda3/targets/x86_64-linux/lib' '-L/home/sophie/miniconda3/targets/x86_64-linux/lib/stubs' '-v' '-o' 'cmTC_d8bab' '-shared-libgcc' '-dumpdir' 'cmTC_d8bab.']
  link line: [ /usr/lib/gcc/x86_64-linux-gnu/11/collect2 -plugin /usr/lib/gcc/x86_64-linux-gnu/11/liblto_plugin.so -plugin-opt=/usr/lib/gcc/x86_64-linux-gnu/11/lto-wrapper -plugin-opt=-fresolution=/tmp/ccyCrT3y.res -plugin-opt=-pass-through=-lgcc_s -plugin-opt=-pass-through=-lgcc -plugin-opt=-pass-through=-lc -plugin-opt=-pass-through=-lgcc_s -plugin-opt=-pass-through=-lgcc --build-id --eh-frame-hdr -m elf_x86_64 --hash-style=gnu --as-needed -dynamic-linker /lib64/ld-linux-x86-64.so.2 -pie -z now -z relro -o cmTC_d8bab /usr/lib/gcc/x86_64-linux-gnu/11/../../../x86_64-linux-gnu/Scrt1.o /usr/lib/gcc/x86_64-linux-gnu/11/../../../x86_64-linux-gnu/crti.o /usr/lib/gcc/x86_64-linux-gnu/11/crtbeginS.o -L/home/sophie/miniconda3/targets/x86_64-linux/lib -L/home/sophie/miniconda3/targets/x86_64-linux/lib/stubs -L/home/sophie/miniconda3/lib -L/home/sophie/miniconda3/targets/x86_64-linux/lib -L/home/sophie/miniconda3/targets/x86_64-linux/lib/stubs -L/usr/lib/gcc/x86_64-linux-gnu/11 -L/usr/lib/gcc/x86_64-linux-gnu/11/../../../x86_64-linux-gnu -L/usr/lib/gcc/x86_64-linux-gnu/11/../../../../lib -L/lib/x86_64-linux-gnu -L/lib/../lib -L/usr/lib/x86_64-linux-gnu -L/usr/lib/../lib -L/usr/lib/gcc/x86_64-linux-gnu/11/../../.. -O2 --sort-common --as-needed -z relro -z now --disable-new-dtags --gc-sections -rpath /home/sophie/miniconda3/lib -rpath-link /home/sophie/miniconda3/lib CMakeFiles/cmTC_d8bab.dir/CMakeCXXCompilerABI.cpp.o -lstdc++ -lm -lgcc_s -lgcc -lc -lgcc_s -lgcc /usr/lib/gcc/x86_64-linux-gnu/11/crtendS.o /usr/lib/gcc/x86_64-linux-gnu/11/../../../x86_64-linux-gnu/crtn.o]
    arg [/usr/lib/gcc/x86_64-linux-gnu/11/collect2] ==> ignore
    arg [-plugin] ==> ignore
    arg [/usr/lib/gcc/x86_64-linux-gnu/11/liblto_plugin.so] ==> ignore
    arg [-plugin-opt=/usr/lib/gcc/x86_64-linux-gnu/11/lto-wrapper] ==> ignore
    arg [-plugin-opt=-fresolution=/tmp/ccyCrT3y.res] ==> ignore
    arg [-plugin-opt=-pass-through=-lgcc_s] ==> ignore
    arg [-plugin-opt=-pass-through=-lgcc] ==> ignore
    arg [-plugin-opt=-pass-through=-lc] ==> ignore
    arg [-plugin-opt=-pass-through=-lgcc_s] ==> ignore
    arg [-plugin-opt=-pass-through=-lgcc] ==> ignore
    arg [--build-id] ==> ignore
    arg [--eh-frame-hdr] ==> ignore
    arg [-m] ==> ignore
    arg [elf_x86_64] ==> ignore
    arg [--hash-style=gnu] ==> ignore
    arg [--as-needed] ==> ignore
    arg [-dynamic-linker] ==> ignore
    arg [/lib64/ld-linux-x86-64.so.2] ==> ignore
    arg [-pie] ==> ignore
    arg [-znow] ==> ignore
    arg [-zrelro] ==> ignore
    arg [-o] ==> ignore
    arg [cmTC_d8bab] ==> ignore
    arg [/usr/lib/gcc/x86_64-linux-gnu/11/../../../x86_64-linux-gnu/Scrt1.o] ==> obj [/usr/lib/gcc/x86_64-linux-gnu/11/../../../x86_64-linux-gnu/Scrt1.o]
    arg [/usr/lib/gcc/x86_64-linux-gnu/11/../../../x86_64-linux-gnu/crti.o] ==> obj [/usr/lib/gcc/x86_64-linux-gnu/11/../../../x86_64-linux-gnu/crti.o]
    arg [/usr/lib/gcc/x86_64-linux-gnu/11/crtbeginS.o] ==> obj [/usr/lib/gcc/x86_64-linux-gnu/11/crtbeginS.o]
    arg [-L/home/sophie/miniconda3/targets/x86_64-linux/lib] ==> dir [/home/sophie/miniconda3/targets/x86_64-linux/lib]
    arg [-L/home/sophie/miniconda3/targets/x86_64-linux/lib/stubs] ==> dir [/home/sophie/miniconda3/targets/x86_64-linux/lib/stubs]
    arg [-L/home/sophie/miniconda3/lib] ==> dir [/home/sophie/miniconda3/lib]
    arg [-L/home/sophie/miniconda3/targets/x86_64-linux/lib] ==> dir [/home/sophie/miniconda3/targets/x86_64-linux/lib]
    arg [-L/home/sophie/miniconda3/targets/x86_64-linux/lib/stubs] ==> dir [/home/sophie/miniconda3/targets/x86_64-linux/lib/stubs]
    arg [-L/usr/lib/gcc/x86_64-linux-gnu/11] ==> dir [/usr/lib/gcc/x86_64-linux-gnu/11]
    arg [-L/usr/lib/gcc/x86_64-linux-gnu/11/../../../x86_64-linux-gnu] ==> dir [/usr/lib/gcc/x86_64-linux-gnu/11/../../../x86_64-linux-gnu]
    arg [-L/usr/lib/gcc/x86_64-linux-gnu/11/../../../../lib] ==> dir [/usr/lib/gcc/x86_64-linux-gnu/11/../../../../lib]
    arg [-L/lib/x86_64-linux-gnu] ==> dir [/lib/x86_64-linux-gnu]
    arg [-L/lib/../lib] ==> dir [/lib/../lib]
    arg [-L/usr/lib/x86_64-linux-gnu] ==> dir [/usr/lib/x86_64-linux-gnu]
    arg [-L/usr/lib/../lib] ==> dir [/usr/lib/../lib]
    arg [-L/usr/lib/gcc/x86_64-linux-gnu/11/../../..] ==> dir [/usr/lib/gcc/x86_64-linux-gnu/11/../../..]
    arg [-O2] ==> ignore
    arg [--sort-common] ==> ignore
    arg [--as-needed] ==> ignore
    arg [-zrelro] ==> ignore
    arg [-znow] ==> ignore
    arg [--disable-new-dtags] ==> ignore
    arg [--gc-sections] ==> ignore
    arg [-rpath] ==> ignore
    arg [/home/sophie/miniconda3/lib] ==> ignore
    arg [-rpath-link] ==> ignore
    arg [/home/sophie/miniconda3/lib] ==> ignore
    arg [CMakeFiles/cmTC_d8bab.dir/CMakeCXXCompilerABI.cpp.o] ==> ignore
    arg [-lstdc++] ==> lib [stdc++]
    arg [-lm] ==> lib [m]
    arg [-lgcc_s] ==> lib [gcc_s]
    arg [-lgcc] ==> lib [gcc]
    arg [-lc] ==> lib [c]
    arg [-lgcc_s] ==> lib [gcc_s]
    arg [-lgcc] ==> lib [gcc]
    arg [/usr/lib/gcc/x86_64-linux-gnu/11/crtendS.o] ==> obj [/usr/lib/gcc/x86_64-linux-gnu/11/crtendS.o]
    arg [/usr/lib/gcc/x86_64-linux-gnu/11/../../../x86_64-linux-gnu/crtn.o] ==> obj [/usr/lib/gcc/x86_64-linux-gnu/11/../../../x86_64-linux-gnu/crtn.o]
  collapse obj [/usr/lib/gcc/x86_64-linux-gnu/11/../../../x86_64-linux-gnu/Scrt1.o] ==> [/usr/lib/x86_64-linux-gnu/Scrt1.o]
  collapse obj [/usr/lib/gcc/x86_64-linux-gnu/11/../../../x86_64-linux-gnu/crti.o] ==> [/usr/lib/x86_64-linux-gnu/crti.o]
  collapse obj [/usr/lib/gcc/x86_64-linux-gnu/11/../../../x86_64-linux-gnu/crtn.o] ==> [/usr/lib/x86_64-linux-gnu/crtn.o]
  collapse library dir [/home/sophie/miniconda3/targets/x86_64-linux/lib] ==> [/home/sophie/miniconda3/targets/x86_64-linux/lib]
  collapse library dir [/home/sophie/miniconda3/targets/x86_64-linux/lib/stubs] ==> [/home/sophie/miniconda3/targets/x86_64-linux/lib/stubs]
  collapse library dir [/home/sophie/miniconda3/lib] ==> [/home/sophie/miniconda3/lib]
  collapse library dir [/home/sophie/miniconda3/targets/x86_64-linux/lib] ==> [/home/sophie/miniconda3/targets/x86_64-linux/lib]
  collapse library dir [/home/sophie/miniconda3/targets/x86_64-linux/lib/stubs] ==> [/home/sophie/miniconda3/targets/x86_64-linux/lib/stubs]
  collapse library dir [/usr/lib/gcc/x86_64-linux-gnu/11] ==> [/usr/lib/gcc/x86_64-linux-gnu/11]
  collapse library dir [/usr/lib/gcc/x86_64-linux-gnu/11/../../../x86_64-linux-gnu] ==> [/usr/lib/x86_64-linux-gnu]
  collapse library dir [/usr/lib/gcc/x86_64-linux-gnu/11/../../../../lib] ==> [/usr/lib]
  collapse library dir [/lib/x86_64-linux-gnu] ==> [/lib/x86_64-linux-gnu]
  collapse library dir [/lib/../lib] ==> [/lib]
  collapse library dir [/usr/lib/x86_64-linux-gnu] ==> [/usr/lib/x86_64-linux-gnu]
  collapse library dir [/usr/lib/../lib] ==> [/usr/lib]
  collapse library dir [/usr/lib/gcc/x86_64-linux-gnu/11/../../..] ==> [/usr/lib]
  implicit libs: [stdc++;m;gcc_s;gcc;c;gcc_s;gcc]
  implicit objs: [/usr/lib/x86_64-linux-gnu/Scrt1.o;/usr/lib/x86_64-linux-gnu/crti.o;/usr/lib/gcc/x86_64-linux-gnu/11/crtbeginS.o;/usr/lib/gcc/x86_64-linux-gnu/11/crtendS.o;/usr/lib/x86_64-linux-gnu/crtn.o]
  implicit dirs: [/home/sophie/miniconda3/targets/x86_64-linux/lib;/home/sophie/miniconda3/targets/x86_64-linux/lib/stubs;/home/sophie/miniconda3/lib;/usr/lib/gcc/x86_64-linux-gnu/11;/usr/lib/x86_64-linux-gnu;/usr/lib;/lib/x86_64-linux-gnu;/lib]
  implicit fwks: []


The system is: Linux - 6.8.0-106-generic - x86_64
Compiling the C compiler identification source file "CMakeCCompilerId.c" succeeded.
Compiler: /usr/bin/cc 
Build flags: 
Id flags:  

The output was:
0


Compilation of the C compiler identification source "CMakeCCompilerId.c" produced "a.out"

The C compiler identification is GNU, found in "/home/sophie/isaac_lab/isaac_ws/rl_code/soarm100sim/ros2/build/soarm100_interfaces/CMakeFiles/3.22.1/CompilerIdC/a.out"

Compiling the CXX compiler identification source file "CMakeCXXCompilerId.cpp" succeeded.
Compiler: /usr/bin/c++ 
Build flags: -fvisibility-inlines-hidden;-fmessage-length=0;-march=nocona;-mtune=haswell;-ftree-vectorize;-fPIC;-fstack-protector-strong;-fno-plt;-O2;-ffunction-sections;-pipe;-isystem;/home/sophie/miniconda3/include;;-I/home/sophie/miniconda3/targets/x86_64-linux/include;;-L/home/sophie/miniconda3/targets/x86_64-linux/lib;-L/home/sophie/miniconda3/targets/x86_64-linux/lib/stubs
Id flags:  

The output was:
0


Compilation of the CXX compiler identification source "CMakeCXXCompilerId.cpp" produced "a.out"

The CXX compiler identification is GNU, found in "/home/sophie/isaac_lab/isaac_ws/rl_code/soarm100sim/ros2/build/soarm100_interfaces/CMakeFiles/3.22.1/CompilerIdCXX/a.out"

Detecting C compiler ABI info compiled with the following output:
Change Dir: /home/sophie/isaac_lab/isaac_ws/rl_code/soarm100sim/ros2/build/soarm100_interfaces/CMakeFiles/CMakeTmp

Run Build Command(s):/usr/bin/gmake -f Makefile cmTC_3b520/fast && /usr/bin/gmake  -f CMakeFiles/cmTC_3b520.dir/build.make CMakeFiles/cmTC_3b520.dir/build
gmake[1]: Entering directory '/home/sophie/isaac_lab/isaac_ws/rl_code/soarm100sim/ros2/build/soarm100_interfaces/CMakeFiles/CMakeTmp'
Building C object CMakeFiles/cmTC_3b520.dir/CMakeCCompilerABI.c.o
/usr/bin/cc   -v -o CMakeFiles/cmTC_3b520.dir/CMakeCCompilerABI.c.o -c /usr/share/cmake-3.22/Modules/CMakeCCompilerABI.c
Using built-in specs.
COLLECT_GCC=/usr/bin/cc
OFFLOAD_TARGET_NAMES=nvptx-none:amdgcn-amdhsa
OFFLOAD_TARGET_DEFAULT=1
Target: x86_64-linux-gnu
Configured with: ../src/configure -v --with-pkgversion='Ubuntu 11.4.0-1ubuntu1~22.04.3' --with-bugurl=file:///usr/share/doc/gcc-11/README.Bugs --enable-languages=c,ada,c++,go,brig,d,fortran,objc,obj-c++,m2 --prefix=/usr --with-gcc-major-version-only --program-suffix=-11 --program-prefix=x86_64-linux-gnu- --enable-shared --enable-linker-build-id --libexecdir=/usr/lib --without-included-gettext --enable-threads=posix --libdir=/usr/lib --enable-nls --enable-bootstrap --enable-clocale=gnu --enable-libstdcxx-debug --enable-libstdcxx-time=yes --with-default-libstdcxx-abi=new --enable-gnu-unique-object --disable-vtable-verify --enable-plugin --enable-default-pie --with-system-zlib --enable-libphobos-checking=release --with-target-system-zlib=auto --enable-objc-gc=auto --enable-multiarch --disable-werror --enable-cet --with-arch-32=i686 --with-abi=m64 --with-multilib-list=m32,m64,mx32 --enable-multilib --with-tune=generic --enable-offload-targets=nvptx-none=/build/gcc-11-0odw26/gcc-11-11.4.0/debian/tmp-nvptx/usr,amdgcn-amdhsa=/build/gcc-11-0odw26/gcc-11-11.4.0/debian/tmp-gcn/usr --without-cuda-driver --enable-checking=release --build=x86_64-linux-gnu --host=x86_64-linux-gnu --target=x86_64-linux-gnu --with-build-config=bootstrap-lto-lean --enable-link-serialization=2
Thread model: posix
Supported LTO compression algorithms: zlib zstd
gcc version 11.4.0 (Ubuntu 11.4.0-1ubuntu1~22.04.3) 
COLLECT_GCC_OPTIONS='-v' '-o' 'CMakeFiles/cmTC_3b520.dir/CMakeCCompilerABI.c.o' '-c' '-mtune=generic' '-march=x86-64' '-dumpdir' 'CMakeFiles/cmTC_3b520.dir/'
 /usr/lib/gcc/x86_64-linux-gnu/11/cc1 -quiet -v -imultiarch x86_64-linux-gnu /usr/share/cmake-3.22/Modules/CMakeCCompilerABI.c -quiet -dumpdir CMakeFiles/cmTC_3b520.dir/ -dumpbase CMakeCCompilerABI.c.c -dumpbase-ext .c -mtune=generic -march=x86-64 -version -fasynchronous-unwind-tables -fstack-protector-strong -Wformat -Wformat-security -fstack-clash-protection -fcf-protection -o /tmp/cc9VdDBb.s
GNU C17 (Ubuntu 11.4.0-1ubuntu1~22.04.3) version 11.4.0 (x86_64-linux-gnu)
	compiled by GNU C version 11.4.0, GMP version 6.2.1, MPFR version 4.1.0, MPC version 1.2.1, isl version isl-0.24-GMP

GGC heuristics: --param ggc-min-expand=100 --param ggc-min-heapsize=131072
ignoring nonexistent directory "/usr/local/include/x86_64-linux-gnu"
ignoring nonexistent directory "/usr/lib/gcc/x86_64-linux-gnu/11/include-fixed"
ignoring nonexistent directory "/usr/lib/gcc/x86_64-linux-gnu/11/../../../../x86_64-linux-gnu/include"
#include "..." search starts here:
#include <...> search starts here:
 /usr/lib/gcc/x86_64-linux-gnu/11/include
 /usr/local/include
 /usr/include/x86_64-linux-gnu
 /usr/include
End of search list.
GNU C17 (Ubuntu 11.4.0-1ubuntu1~22.04.3) version 11.4.0 (x86_64-linux-gnu)
	compiled by GNU C version 11.4.0, GMP version 6.2.1, MPFR version 4.1.0, MPC version 1.2.1, isl version isl-0.24-GMP

GGC heuristics: --param ggc-min-expand=100 --param ggc-min-heapsize=131072
Compiler executable checksum: 46ebede1f5b795a957a1e85cb61af9d8
COLLECT_GCC_OPTIONS='-v' '-o' 'CMakeFiles/cmTC_3b520.dir/CMakeCCompilerABI.c.o' '-c' '-mtune=generic' '-march=x86-64' '-dumpdir' 'CMakeFiles/cmTC_3b520.dir/'
 as -v --64 -o CMakeFiles/cmTC_3b520.dir/CMakeCCompilerABI.c.o /tmp/cc9VdDBb.s
GNU assembler version 2.38 (x86_64-linux-gnu) using BFD version (GNU Binutils for Ubuntu) 2.38
COMPILER_PATH=/usr/lib/gcc/x86_64-linux-gnu/11/:/usr/lib/gcc/x86_64-linux-gnu/11/:/usr/lib/gcc/x86_64-linux-gnu/:/usr/lib/gcc/x86_64-linux-gnu/11/:/usr/lib/gcc/x86_64-linux-gnu/
LIBRARY_PATH=/usr/lib/gcc/x86_64-linux-gnu/11/:/usr/lib/gcc/x86_64-linux-gnu/11/../../../x86_64-linux-gnu/:/usr/lib/gcc/x86_64-linux-gnu/11/../../../../lib/:/lib/x86_64-linux-gnu/:/lib/../lib/:/usr/lib/x86_64-linux-gnu/:/usr/lib/../lib/:/usr/lib/gcc/x86_64-linux-gnu/11/../../../:/lib/:/usr/lib/
COLLECT_GCC_OPTIONS='-v' '-o' 'CMakeFiles/cmTC_3b520.dir/CMakeCCompilerABI.c.o' '-c' '-mtune=generic' '-march=x86-64' '-dumpdir' 'CMakeFiles/cmTC_3b520.dir/CMakeCCompilerABI.c.'
Linking C executable cmTC_3b520
/usr/bin/cmake -E cmake_link_script CMakeFiles/cmTC_3b520.dir/link.txt --verbose=1
/usr/bin/cc -Wl,-O2 -Wl,--sort-common -Wl,--as-needed -Wl,-z,relro -Wl,-z,now -Wl,--disable-new-dtags -Wl,--gc-sections -Wl,-rpath,/home/sophie/miniconda3/lib -Wl,-rpath-link,/home/sophie/miniconda3/lib -L/home/sophie/miniconda3/lib  -L/home/sophie/miniconda3/targets/x86_64-linux/lib -L/home/sophie/miniconda3/targets/x86_64-linux/lib/stubs -v CMakeFiles/cmTC_3b520.dir/CMakeCCompilerABI.c.o -o cmTC_3b520 
Using built-in specs.
COLLECT_GCC=/usr/bin/cc
COLLECT_LTO_WRAPPER=/usr/lib/gcc/x86_64-linux-gnu/11/lto-wrapper
OFFLOAD_TARGET_NAMES=nvptx-none:amdgcn-amdhsa
OFFLOAD_TARGET_DEFAULT=1
Target: x86_64-linux-gnu
Configured with: ../src/configure -v --with-pkgversion='Ubuntu 11.4.0-1ubuntu1~22.04.3' --with-bugurl=file:///usr/share/doc/gcc-11/README.Bugs --enable-languages=c,ada,c++,go,brig,d,fortran,objc,obj-c++,m2 --prefix=/usr --with-gcc-major-version-only --program-suffix=-11 --program-prefix=x86_64-linux-gnu- --enable-shared --enable-linker-build-id --libexecdir=/usr/lib --without-included-gettext --enable-threads=posix --libdir=/usr/lib --enable-nls --enable-bootstrap --enable-clocale=gnu --enable-libstdcxx-debug --enable-libstdcxx-time=yes --with-default-libstdcxx-abi=new --enable-gnu-unique-object --disable-vtable-verify --enable-plugin --enable-default-pie --with-system-zlib --enable-libphobos-checking=release --with-target-system-zlib=auto --enable-objc-gc=auto --enable-multiarch --disable-werror --enable-cet --with-arch-32=i686 --with-abi=m64 --with-multilib-list=m32,m64,mx32 --enable-multilib --with-tune=generic --enable-offload-targets=nvptx-none=/build/gcc-11-0odw26/gcc-11-11.4.0/debian/tmp-nvptx/usr,amdgcn-amdhsa=/build/gcc-11-0odw26/gcc-11-11.4.0/debian/tmp-gcn/usr --without-cuda-driver --enable-checking=release --build=x86_64-linux-gnu --host=x86_64-linux-gnu --target=x86_64-linux-gnu --with-build-config=bootstrap-lto-lean --enable-link-serialization=2
Thread model: posix
Supported LTO compression algorithms: zlib zstd
gcc version 11.4.0 (Ubuntu 11.4.0-1ubuntu1~22.04.3) 
COMPILER_PATH=/usr/lib/gcc/x86_64-linux-gnu/11/:/usr/lib/gcc/x86_64-linux-gnu/11/:/usr/lib/gcc/x86_64-linux-gnu/:/usr/lib/gcc/x86_64-linux-gnu/11/:/usr/lib/gcc/x86_64-linux-gnu/
LIBRARY_PATH=/usr/lib/gcc/x86_64-linux-gnu/11/:/usr/lib/gcc/x86_64-linux-gnu/11/../../../x86_64-linux-gnu/:/usr/lib/gcc/x86_64-linux-gnu/11/../../../../lib/:/lib/x86_64-linux-gnu/:/lib/../lib/:/usr/lib/x86_64-linux-gnu/:/usr/lib/../lib/:/usr/lib/gcc/x86_64-linux-gnu/11/../../../:/lib/:/usr/lib/
COLLECT_GCC_OPTIONS='-L/home/sophie/miniconda3/lib' '-L/home/sophie/miniconda3/targets/x86_64-linux/lib' '-L/home/sophie/miniconda3/targets/x86_64-linux/lib/stubs' '-v' '-o' 'cmTC_3b520' '-mtune=generic' '-march=x86-64' '-dumpdir' 'cmTC_3b520.'
 /usr/lib/gcc/x86_64-linux-gnu/11/collect2 -plugin /usr/lib/gcc/x86_64-linux-gnu/11/liblto_plugin.so -plugin-opt=/usr/lib/gcc/x86_64-linux-gnu/11/lto-wrapper -plugin-opt=-fresolution=/tmp/cctw6ati.res -plugin-opt=-pass-through=-lgcc -plugin-opt=-pass-through=-lgcc_s -plugin-opt=-pass-through=-lc -plugin-opt=-pass-through=-lgcc -plugin-opt=-pass-through=-lgcc_s --build-id --eh-frame-hdr -m elf_x86_64 --hash-style=gnu --as-needed -dynamic-linker /lib64/ld-linux-x86-64.so.2 -pie -z now -z relro -o cmTC_3b520 /usr/lib/gcc/x86_64-linux-gnu/11/../../../x86_64-linux-gnu/Scrt1.o /usr/lib/gcc/x86_64-linux-gnu/11/../../../x86_64-linux-gnu/crti.o /usr/lib/gcc/x86_64-linux-gnu/11/crtbeginS.o -L/home/sophie/miniconda3/lib -L/home/sophie/miniconda3/targets/x86_64-linux/lib -L/home/sophie/miniconda3/targets/x86_64-linux/lib/stubs -L/usr/lib/gcc/x86_64-linux-gnu/11 -L/usr/lib/gcc/x86_64-linux-gnu/11/../../../x86_64-linux-gnu -L/usr/lib/gcc/x86_64-linux-gnu/11/../../../../lib -L/lib/x86_64-linux-gnu -L/lib/../lib -L/usr/lib/x86_64-linux-gnu -L/usr/lib/../lib -L/usr/lib/gcc/x86_64-linux-gnu/11/../../.. -O2 --sort-common --as-needed -z relro -z now --disable-new-dtags --gc-sections -rpath /home/sophie/miniconda3/lib -rpath-link /home/sophie/miniconda3/lib CMakeFiles/cmTC_3b520.dir/CMakeCCompilerABI.c.o -lgcc --push-state --as-needed -lgcc_s --pop-state -lc -lgcc --push-state --as-needed -lgcc_s --pop-state /usr/lib/gcc/x86_64-linux-gnu/11/crtendS.o /usr/lib/gcc/x86_64-linux-gnu/11/../../../x86_64-linux-gnu/crtn.o
COLLECT_GCC_OPTIONS='-L/home/sophie/miniconda3/lib' '-L/home/sophie/miniconda3/targets/x86_64-linux/lib' '-L/home/sophie/miniconda3/targets/x86_64-linux/lib/stubs' '-v' '-o' 'cmTC_3b520' '-mtune=generic' '-march=x86-64' '-dumpdir' 'cmTC_3b520.'
gmake[1]: Leaving directory '/home/sophie/isaac_lab/isaac_ws/rl_code/soarm100sim/ros2/build/soarm100_interfaces/CMakeFiles/CMakeTmp'



Parsed C implicit include dir info from above output: rv=done
  found start of include info
  found start of implicit include info
    add: [/usr/lib/gcc/x86_64-linux-gnu/11/include]
    add: [/usr/local/include]
    add: [/usr/include/x86_64-linux-gnu]
    add: [/usr/include]
  end of search list found
  collapse include dir [/usr/lib/gcc/x86_64-linux-gnu/11/include] ==> [/usr/lib/gcc/x86_64-linux-gnu/11/include]
  collapse include dir [/usr/local/include] ==> [/usr/local/include]
  collapse include dir [/usr/include/x86_64-linux-gnu] ==> [/usr/include/x86_64-linux-gnu]
  collapse include dir [/usr/include] ==> [/usr/include]
  implicit include dirs: [/usr/lib/gcc/x86_64-linux-gnu/11/include;/usr/local/include;/usr/include/x86_64-linux-gnu;/usr/include]


Parsed C implicit link information from above output:
  link line regex: [^( *|.*[/\])(ld|CMAKE_LINK_STARTFILE-NOTFOUND|([^/\]+-)?ld|collect2)[^/\]*( |$)]
  ignore line: [Change Dir: /home/sophie/isaac_lab/isaac_ws/rl_code/soarm100sim/ros2/build/soarm100_interfaces/CMakeFiles/CMakeTmp]
  ignore line: []
  ignore line: [Run Build Command(s):/usr/bin/gmake -f Makefile cmTC_3b520/fast && /usr/bin/gmake  -f CMakeFiles/cmTC_3b520.dir/build.make CMakeFiles/cmTC_3b520.dir/build]
  ignore line: [gmake[1]: Entering directory '/home/sophie/isaac_lab/isaac_ws/rl_code/soarm100sim/ros2/build/soarm100_interfaces/CMakeFiles/CMakeTmp']
  ignore line: [Building C object CMakeFiles/cmTC_3b520.dir/CMakeCCompilerABI.c.o]
  ignore line: [/usr/bin/cc   -v -o CMakeFiles/cmTC_3b520.dir/CMakeCCompilerABI.c.o -c /usr/share/cmake-3.22/Modules/CMakeCCompilerABI.c]
  ignore line: [Using built-in specs.]
  ignore line: [COLLECT_GCC=/usr/bin/cc]
  ignore line: [OFFLOAD_TARGET_NAMES=nvptx-none:amdgcn-amdhsa]
  ignore line: [OFFLOAD_TARGET_DEFAULT=1]
  ignore line: [Target: x86_64-linux-gnu]
  ignore line: [Configured with: ../src/configure -v --with-pkgversion='Ubuntu 11.4.0-1ubuntu1~22.04.3' --with-bugurl=file:///usr/share/doc/gcc-11/README.Bugs --enable-languages=c ada c++ go brig d fortran objc obj-c++ m2 --prefix=/usr --with-gcc-major-version-only --program-suffix=-11 --program-prefix=x86_64-linux-gnu- --enable-shared --enable-linker-build-id --libexecdir=/usr/lib --without-included-gettext --enable-threads=posix --libdir=/usr/lib --enable-nls --enable-bootstrap --enable-clocale=gnu --enable-libstdcxx-debug --enable-libstdcxx-time=yes --with-default-libstdcxx-abi=new --enable-gnu-unique-object --disable-vtable-verify --enable-plugin --enable-default-pie --with-system-zlib --enable-libphobos-checking=release --with-target-system-zlib=auto --enable-objc-gc=auto --enable-multiarch --disable-werror --enable-cet --with-arch-32=i686 --with-abi=m64 --with-multilib-list=m32 m64 mx32 --enable-multilib --with-tune=generic --enable-offload-targets=nvptx-none=/build/gcc-11-0odw26/gcc-11-11.4.0/debian/tmp-nvptx/usr amdgcn-amdhsa=/build/gcc-11-0odw26/gcc-11-11.4.0/debian/tmp-gcn/usr --without-cuda-driver --enable-checking=release --build=x86_64-linux-gnu --host=x86_64-linux-gnu --target=x86_64-linux-gnu --with-build-config=bootstrap-lto-lean --enable-link-serialization=2]
  ignore line: [Thread model: posix]
  ignore line: [Supported LTO compression algorithms: zlib zstd]
  ignore line: [gcc version 11.4.0 (Ubuntu 11.4.0-1ubuntu1~22.04.3) ]
  ignore line: [COLLECT_GCC_OPTIONS='-v' '-o' 'CMakeFiles/cmTC_3b520.dir/CMakeCCompilerABI.c.o' '-c' '-mtune=generic' '-march=x86-64' '-dumpdir' 'CMakeFiles/cmTC_3b520.dir/']
  ignore line: [ /usr/lib/gcc/x86_64-linux-gnu/11/cc1 -quiet -v -imultiarch x86_64-linux-gnu /usr/share/cmake-3.22/Modules/CMakeCCompilerABI.c -quiet -dumpdir CMakeFiles/cmTC_3b520.dir/ -dumpbase CMakeCCompilerABI.c.c -dumpbase-ext .c -mtune=generic -march=x86-64 -version -fasynchronous-unwind-tables -fstack-protector-strong -Wformat -Wformat-security -fstack-clash-protection -fcf-protection -o /tmp/cc9VdDBb.s]
  ignore line: [GNU C17 (Ubuntu 11.4.0-1ubuntu1~22.04.3) version 11.4.0 (x86_64-linux-gnu)]
  ignore line: [	compiled by GNU C version 11.4.0  GMP version 6.2.1  MPFR version 4.1.0  MPC version 1.2.1  isl version isl-0.24-GMP]
  ignore line: []
  ignore line: [GGC heuristics: --param ggc-min-expand=100 --param ggc-min-heapsize=131072]
  ignore line: [ignoring nonexistent directory "/usr/local/include/x86_64-linux-gnu"]
  ignore line: [ignoring nonexistent directory "/usr/lib/gcc/x86_64-linux-gnu/11/include-fixed"]
  ignore line: [ignoring nonexistent directory "/usr/lib/gcc/x86_64-linux-gnu/11/../../../../x86_64-linux-gnu/include"]
  ignore line: [#include "..." search starts here:]
  ignore line: [#include <...> search starts here:]
  ignore line: [ /usr/lib/gcc/x86_64-linux-gnu/11/include]
  ignore line: [ /usr/local/include]
  ignore line: [ /usr/include/x86_64-linux-gnu]
  ignore line: [ /usr/include]
  ignore line: [End of search list.]
  ignore line: [GNU C17 (Ubuntu 11.4.0-1ubuntu1~22.04.3) version 11.4.0 (x86_64-linux-gnu)]
  ignore line: [	compiled by GNU C version 11.4.0  GMP version 6.2.1  MPFR version 4.1.0  MPC version 1.2.1  isl version isl-0.24-GMP]
  ignore line: []
  ignore line: [GGC heuristics: --param ggc-min-expand=100 --param ggc-min-heapsize=131072]
  ignore line: [Compiler executable checksum: 46ebede1f5b795a957a1e85cb61af9d8]
  ignore line: [COLLECT_GCC_OPTIONS='-v' '-o' 'CMakeFiles/cmTC_3b520.dir/CMakeCCompilerABI.c.o' '-c' '-mtune=generic' '-march=x86-64' '-dumpdir' 'CMakeFiles/cmTC_3b520.dir/']
  ignore line: [ as -v --64 -o CMakeFiles/cmTC_3b520.dir/CMakeCCompilerABI.c.o /tmp/cc9VdDBb.s]
  ignore line: [GNU assembler version 2.38 (x86_64-linux-gnu) using BFD version (GNU Binutils for Ubuntu) 2.38]
  ignore line: [COMPILER_PATH=/usr/lib/gcc/x86_64-linux-gnu/11/:/usr/lib/gcc/x86_64-linux-gnu/11/:/usr/lib/gcc/x86_64-linux-gnu/:/usr/lib/gcc/x86_64-linux-gnu/11/:/usr/lib/gcc/x86_64-linux-gnu/]
  ignore line: [LIBRARY_PATH=/usr/lib/gcc/x86_64-linux-gnu/11/:/usr/lib/gcc/x86_64-linux-gnu/11/../../../x86_64-linux-gnu/:/usr/lib/gcc/x86_64-linux-gnu/11/../../../../lib/:/lib/x86_64-linux-gnu/:/lib/../lib/:/usr/lib/x86_64-linux-gnu/:/usr/lib/../lib/:/usr/lib/gcc/x86_64-linux-gnu/11/../../../:/lib/:/usr/lib/]
  ignore line: [COLLECT_GCC_OPTIONS='-v' '-o' 'CMakeFiles/cmTC_3b520.dir/CMakeCCompilerABI.c.o' '-c' '-mtune=generic' '-march=x86-64' '-dumpdir' 'CMakeFiles/cmTC_3b520.dir/CMakeCCompilerABI.c.']
  ignore line: [Linking C executable cmTC_3b520]
  ignore line: [/usr/bin/cmake -E cmake_link_script CMakeFiles/cmTC_3b520.dir/link.txt --verbose=1]
  ignore line: [/usr/bin/cc -Wl -O2 -Wl --sort-common -Wl --as-needed -Wl -z relro -Wl -z now -Wl --disable-new-dtags -Wl --gc-sections -Wl -rpath /home/sophie/miniconda3/lib -Wl -rpath-link /home/sophie/miniconda3/lib -L/home/sophie/miniconda3/lib  -L/home/sophie/miniconda3/targets/x86_64-linux/lib -L/home/sophie/miniconda3/targets/x86_64-linux/lib/stubs -v CMakeFiles/cmTC_3b520.dir/CMakeCCompilerABI.c.o -o cmTC_3b520 ]
  ignore line: [Using built-in specs.]
  ignore line: [COLLECT_GCC=/usr/bin/cc]
  ignore line: [COLLECT_LTO_WRAPPER=/usr/lib/gcc/x86_64-linux-gnu/11/lto-wrapper]
  ignore line: [OFFLOAD_TARGET_NAMES=nvptx-none:amdgcn-amdhsa]
  ignore line: [OFFLOAD_TARGET_DEFAULT=1]
  ignore line: [Target: x86_64-linux-gnu]
  ignore line: [Configured with: ../src/configure -v --with-pkgversion='Ubuntu 11.4.0-1ubuntu1~22.04.3' --with-bugurl=file:///usr/share/doc/gcc-11/README.Bugs --enable-languages=c ada c++ go brig d fortran objc obj-c++ m2 --prefix=/usr --with-gcc-major-version-only --program-suffix=-11 --program-prefix=x86_64-linux-gnu- --enable-shared --enable-linker-build-id --libexecdir=/usr/lib --without-included-gettext --enable-threads=posix --libdir=/usr/lib --enable-nls --enable-bootstrap --enable-clocale=gnu --enable-libstdcxx-debug --enable-libstdcxx-time=yes --with-default-libstdcxx-abi=new --enable-gnu-unique-object --disable-vtable-verify --enable-plugin --enable-default-pie --with-system-zlib --enable-libphobos-checking=release --with-target-system-zlib=auto --enable-objc-gc=auto --enable-multiarch --disable-werror --enable-cet --with-arch-32=i686 --with-abi=m64 --with-multilib-list=m32 m64 mx32 --enable-multilib --with-tune=generic --enable-offload-targets=nvptx-none=/build/gcc-11-0odw26/gcc-11-11.4.0/debian/tmp-nvptx/usr amdgcn-amdhsa=/build/gcc-11-0odw26/gcc-11-11.4.0/debian/tmp-gcn/usr --without-cuda-driver --enable-checking=release --build=x86_64-linux-gnu --host=x86_64-linux-gnu --target=x86_64-linux-gnu --with-build-config=bootstrap-lto-lean --enable-link-serialization=2]
  ignore line: [Thread model: posix]
  ignore line: [Supported LTO compression algorithms: zlib zstd]
  ignore line: [gcc version 11.4.0 (Ubuntu 11.4.0-1ubuntu1~22.04.3) ]
  ignore line: [COMPILER_PATH=/usr/lib/gcc/x86_64-linux-gnu/11/:/usr/lib/gcc/x86_64-linux-gnu/11/:/usr/lib/gcc/x86_64-linux-gnu/:/usr/lib/gcc/x86_64-linux-gnu/11/:/usr/lib/gcc/x86_64-linux-gnu/]
  ignore line: [LIBRARY_PATH=/usr/lib/gcc/x86_64-linux-gnu/11/:/usr/lib/gcc/x86_64-linux-gnu/11/../../../x86_64-linux-gnu/:/usr/lib/gcc/x86_64-linux-gnu/11/../../../../lib/:/lib/x86_64-linux-gnu/:/lib/../lib/:/usr/lib/x86_64-linux-gnu/:/usr/lib/../lib/:/usr/lib/gcc/x86_64-linux-gnu/11/../../../:/lib/:/usr/lib/]
  ignore line: [COLLECT_GCC_OPTIONS='-L/home/sophie/miniconda3/lib' '-L/home/sophie/miniconda3/targets/x86_64-linux/lib' '-L/home/sophie/miniconda3/targets/x86_64-linux/lib/stubs' '-v' '-o' 'cmTC_3b520' '-mtune=generic' '-march=x86-64' '-dumpdir' 'cmTC_3b520.']
  link line: [ /usr/lib/gcc/x86_64-linux-gnu/11/collect2 -plugin /usr/lib/gcc/x86_64-linux-gnu/11/liblto_plugin.so -plugin-opt=/usr/lib/gcc/x86_64-linux-gnu/11/lto-wrapper -plugin-opt=-fresolution=/tmp/cctw6ati.res -plugin-opt=-pass-through=-lgcc -plugin-opt=-pass-through=-lgcc_s -plugin-opt=-pass-through=-lc -plugin-opt=-pass-through=-lgcc -plugin-opt=-pass-through=-lgcc_s --build-id --eh-frame-hdr -m elf_x86_64 --hash-style=gnu --as-needed -dynamic-linker /lib64/ld-linux-x86-64.so.2 -pie -z now -z relro -o cmTC_3b520 /usr/lib/gcc/x86_64-linux-gnu/11/../../../x86_64-linux-gnu/Scrt1.o /usr/lib/gcc/x86_64-linux-gnu/11/../../../x86_64-linux-gnu/crti.o /usr/lib/gcc/x86_64-linux-gnu/11/crtbeginS.o -L/home/sophie/miniconda3/lib -L/home/sophie/miniconda3/targets/x86_64-linux/lib -L/home/sophie/miniconda3/targets/x86_64-linux/lib/stubs -L/usr/lib/gcc/x86_64-linux-gnu/11 -L/usr/lib/gcc/x86_64-linux-gnu/11/../../../x86_64-linux-gnu -L/usr/lib/gcc/x86_64-linux-gnu/11/../../../../lib -L/lib/x86_64-linux-gnu -L/lib/../lib -L/usr/lib/x86_64-linux-gnu -L/usr/lib/../lib -L/usr/lib/gcc/x86_64-linux-gnu/11/../../.. -O2 --sort-common --as-needed -z relro -z now --disable-new-dtags --gc-sections -rpath /home/sophie/miniconda3/lib -rpath-link /home/sophie/miniconda3/lib CMakeFiles/cmTC_3b520.dir/CMakeCCompilerABI.c.o -lgcc --push-state --as-needed -lgcc_s --pop-state -lc -lgcc --push-state --as-needed -lgcc_s --pop-state /usr/lib/gcc/x86_64-linux-gnu/11/crtendS.o /usr/lib/gcc/x86_64-linux-gnu/11/../../../x86_64-linux-gnu/crtn.o]
    arg [/usr/lib/gcc/x86_64-linux-gnu/11/collect2] ==> ignore
    arg [-plugin] ==> ignore
    arg [/usr/lib/gcc/x86_64-linux-gnu/11/liblto_plugin.so] ==> ignore
    arg [-plugin-opt=/usr/lib/gcc/x86_64-linux-gnu/11/lto-wrapper] ==> ignore
    arg [-plugin-opt=-fresolution=/tmp/cctw6ati.res] ==> ignore
    arg [-plugin-opt=-pass-through=-lgcc] ==> ignore
    arg [-plugin-opt=-pass-through=-lgcc_s] ==> ignore
    arg [-plugin-opt=-pass-through=-lc] ==> ignore
    arg [-plugin-opt=-pass-through=-lgcc] ==> ignore
    arg [-plugin-opt=-pass-through=-lgcc_s] ==> ignore
    arg [--build-id] ==> ignore
    arg [--eh-frame-hdr] ==> ignore
    arg [-m] ==> ignore
    arg [elf_x86_64] ==> ignore
    arg [--hash-style=gnu] ==> ignore
    arg [--as-needed] ==> ignore
    arg [-dynamic-linker] ==> ignore
    arg [/lib64/ld-linux-x86-64.so.2] ==> ignore
    arg [-pie] ==> ignore
    arg [-znow] ==> ignore
    arg [-zrelro] ==> ignore
    arg [-o] ==> ignore
    arg [cmTC_3b520] ==> ignore
    arg [/usr/lib/gcc/x86_64-linux-gnu/11/../../../x86_64-linux-gnu/Scrt1.o] ==> obj [/usr/lib/gcc/x86_64-linux-gnu/11/../../../x86_64-linux-gnu/Scrt1.o]
    arg [/usr/lib/gcc/x86_64-linux-gnu/11/../../../x86_64-linux-gnu/crti.o] ==> obj [/usr/lib/gcc/x86_64-linux-gnu/11/../../../x86_64-linux-gnu/crti.o]
    arg [/usr/lib/gcc/x86_64-linux-gnu/11/crtbeginS.o] ==> obj [/usr/lib/gcc/x86_64-linux-gnu/11/crtbeginS.o]
    arg [-L/home/sophie/miniconda3/lib] ==> dir [/home/sophie/miniconda3/lib]
    arg [-L/home/sophie/miniconda3/targets/x86_64-linux/lib] ==> dir [/home/sophie/miniconda3/targets/x86_64-linux/lib]
    arg [-L/home/sophie/miniconda3/targets/x86_64-linux/lib/stubs] ==> dir [/home/sophie/miniconda3/targets/x86_64-linux/lib/stubs]
    arg [-L/usr/lib/gcc/x86_64-linux-gnu/11] ==> dir [/usr/lib/gcc/x86_64-linux-gnu/11]
    arg [-L/usr/lib/gcc/x86_64-linux-gnu/11/../../../x86_64-linux-gnu] ==> dir [/usr/lib/gcc/x86_64-linux-gnu/11/../../../x86_64-linux-gnu]
    arg [-L/usr/lib/gcc/x86_64-linux-gnu/11/../../../../lib] ==> dir [/usr/lib/gcc/x86_64-linux-gnu/11/../../../../lib]
    arg [-L/lib/x86_64-linux-gnu] ==> dir [/lib/x86_64-linux-gnu]
    arg [-L/lib/../lib] ==> dir [/lib/../lib]
    arg [-L/usr/lib/x86_64-linux-gnu] ==> dir [/usr/lib/x86_64-linux-gnu]
    arg [-L/usr/lib/../lib] ==> dir [/usr/lib/../lib]
    arg [-L/usr/lib/gcc/x86_64-linux-gnu/11/../../..] ==> dir [/usr/lib/gcc/x86_64-linux-gnu/11/../../..]
    arg [-O2] ==> ignore
    arg [--sort-common] ==> ignore
    arg [--as-needed] ==> ignore
    arg [-zrelro] ==> ignore
    arg [-znow] ==> ignore
    arg [--disable-new-dtags] ==> ignore
    arg [--gc-sections] ==> ignore
    arg [-rpath] ==> ignore
    arg [/home/sophie/miniconda3/lib] ==> ignore
    arg [-rpath-link] ==> ignore
    arg [/home/sophie/miniconda3/lib] ==> ignore
    arg [CMakeFiles/cmTC_3b520.dir/CMakeCCompilerABI.c.o] ==> ignore
    arg [-lgcc] ==> lib [gcc]
    arg [--push-state] ==> ignore
    arg [--as-needed] ==> ignore
    arg [-lgcc_s] ==> lib [gcc_s]
    arg [--pop-state] ==> ignore
    arg [-lc] ==> lib [c]
    arg [-lgcc] ==> lib [gcc]
    arg [--push-state] ==> ignore
    arg [--as-needed] ==> ignore
    arg [-lgcc_s] ==> lib [gcc_s]
    arg [--pop-state] ==> ignore
    arg [/usr/lib/gcc/x86_64-linux-gnu/11/crtendS.o] ==> obj [/usr/lib/gcc/x86_64-linux-gnu/11/crtendS.o]
    arg [/usr/lib/gcc/x86_64-linux-gnu/11/../../../x86_64-linux-gnu/crtn.o] ==> obj [/usr/lib/gcc/x86_64-linux-gnu/11/../../../x86_64-linux-gnu/crtn.o]
  collapse obj [/usr/lib/gcc/x86_64-linux-gnu/11/../../../x86_64-linux-gnu/Scrt1.o] ==> [/usr/lib/x86_64-linux-gnu/Scrt1.o]
  collapse obj [/usr/lib/gcc/x86_64-linux-gnu/11/../../../x86_64-linux-gnu/crti.o] ==> [/usr/lib/x86_64-linux-gnu/crti.o]
  collapse obj [/usr/lib/gcc/x86_64-linux-gnu/11/../../../x86_64-linux-gnu/crtn.o] ==> [/usr/lib/x86_64-linux-gnu/crtn.o]
  collapse library dir [/home/sophie/miniconda3/lib] ==> [/home/sophie/miniconda3/lib]
  collapse library dir [/home/sophie/miniconda3/targets/x86_64-linux/lib] ==> [/home/sophie/miniconda3/targets/x86_64-linux/lib]
  collapse library dir [/home/sophie/miniconda3/targets/x86_64-linux/lib/stubs] ==> [/home/sophie/miniconda3/targets/x86_64-linux/lib/stubs]
  collapse library dir [/usr/lib/gcc/x86_64-linux-gnu/11] ==> [/usr/lib/gcc/x86_64-linux-gnu/11]
  collapse library dir [/usr/lib/gcc/x86_64-linux-gnu/11/../../../x86_64-linux-gnu] ==> [/usr/lib/x86_64-linux-gnu]
  collapse library dir [/usr/lib/gcc/x86_64-linux-gnu/11/../../../../lib] ==> [/usr/lib]
  collapse library dir [/lib/x86_64-linux-gnu] ==> [/lib/x86_64-linux-gnu]
  collapse library dir [/lib/../lib] ==> [/lib]
  collapse library dir [/usr/lib/x86_64-linux-gnu] ==> [/usr/lib/x86_64-linux-gnu]
  collapse library dir [/usr/lib/../lib] ==> [/usr/lib]
  collapse library dir [/usr/lib/gcc/x86_64-linux-gnu/11/../../..] ==> [/usr/lib]
  implicit libs: [gcc;gcc_s;c;gcc;gcc_s]
  implicit objs: [/usr/lib/x86_64-linux-gnu/Scrt1.o;/usr/lib/x86_64-linux-gnu/crti.o;/usr/lib/gcc/x86_64-linux-gnu/11/crtbeginS.o;/usr/lib/gcc/x86_64-linux-gnu/11/crtendS.o;/usr/lib/x86_64-linux-gnu/crtn.o]
  implicit dirs: [/home/sophie/miniconda3/lib;/home/sophie/miniconda3/targets/x86_64-linux/lib;/home/sophie/miniconda3/targets/x86_64-linux/lib/stubs;/usr/lib/gcc/x86_64-linux-gnu/11;/usr/lib/x86_64-linux-gnu;/usr/lib;/lib/x86_64-linux-gnu;/lib]
  implicit fwks: []


Detecting CXX compiler ABI info compiled with the following output:
Change Dir: /home/sophie/isaac_lab/isaac_ws/rl_code/soarm100sim/ros2/build/soarm100_interfaces/CMakeFiles/CMakeTmp

Run Build Command(s):/usr/bin/gmake -f Makefile cmTC_67c71/fast && /usr/bin/gmake  -f CMakeFiles/cmTC_67c71.dir/build.make CMakeFiles/cmTC_67c71.dir/build
gmake[1]: Entering directory '/home/sophie/isaac_lab/isaac_ws/rl_code/soarm100sim/ros2/build/soarm100_interfaces/CMakeFiles/CMakeTmp'
Building CXX object CMakeFiles/cmTC_67c71.dir/CMakeCXXCompilerABI.cpp.o
/usr/bin/c++   -fvisibility-inlines-hidden -fmessage-length=0 -march=nocona -mtune=haswell -ftree-vectorize -fPIC -fstack-protector-strong -fno-plt -O2 -ffunction-sections -pipe -isystem /home/sophie/miniconda3/include  -I/home/sophie/miniconda3/targets/x86_64-linux/include  -L/home/sophie/miniconda3/targets/x86_64-linux/lib -L/home/sophie/miniconda3/targets/x86_64-linux/lib/stubs    -v -o CMakeFiles/cmTC_67c71.dir/CMakeCXXCompilerABI.cpp.o -c /usr/share/cmake-3.22/Modules/CMakeCXXCompilerABI.cpp
Using built-in specs.
COLLECT_GCC=/usr/bin/c++
OFFLOAD_TARGET_NAMES=nvptx-none:amdgcn-amdhsa
OFFLOAD_TARGET_DEFAULT=1
Target: x86_64-linux-gnu
Configured with: ../src/configure -v --with-pkgversion='Ubuntu 11.4.0-1ubuntu1~22.04.3' --with-bugurl=file:///usr/share/doc/gcc-11/README.Bugs --enable-languages=c,ada,c++,go,brig,d,fortran,objc,obj-c++,m2 --prefix=/usr --with-gcc-major-version-only --program-suffix=-11 --program-prefix=x86_64-linux-gnu- --enable-shared --enable-linker-build-id --libexecdir=/usr/lib --without-included-gettext --enable-threads=posix --libdir=/usr/lib --enable-nls --enable-bootstrap --enable-clocale=gnu --enable-libstdcxx-debug --enable-libstdcxx-time=yes --with-default-libstdcxx-abi=new --enable-gnu-unique-object --disable-vtable-verify --enable-plugin --enable-default-pie --with-system-zlib --enable-libphobos-checking=release --with-target-system-zlib=auto --enable-objc-gc=auto --enable-multiarch --disable-werror --enable-cet --with-arch-32=i686 --with-abi=m64 --with-multilib-list=m32,m64,mx32 --enable-multilib --with-tune=generic --enable-offload-targets=nvptx-none=/build/gcc-11-0odw26/gcc-11-11.4.0/debian/tmp-nvptx/usr,amdgcn-amdhsa=/build/gcc-11-0odw26/gcc-11-11.4.0/debian/tmp-gcn/usr --without-cuda-driver --enable-checking=release --build=x86_64-linux-gnu --host=x86_64-linux-gnu --target=x86_64-linux-gnu --with-build-config=bootstrap-lto-lean --enable-link-serialization=2
Thread model: posix
Supported LTO compression algorithms: zlib zstd
gcc version 11.4.0 (Ubuntu 11.4.0-1ubuntu1~22.04.3) 
COLLECT_GCC_OPTIONS='-fvisibility-inlines-hidden' '-fmessage-length=0' '-march=nocona' '-mtune=haswell' '-ftree-vectorize' '-fPIC' '-fstack-protector-strong' '-fno-plt' '-O2' '-ffunction-sections' '-pipe' '-isystem' '/home/sophie/miniconda3/include' '-I' '/home/sophie/miniconda3/targets/x86_64-linux/include' '-L/home/sophie/miniconda3/targets/x86_64-linux/lib' '-L/home/sophie/miniconda3/targets/x86_64-linux/lib/stubs' '-v' '-o' 'CMakeFiles/cmTC_67c71.dir/CMakeCXXCompilerABI.cpp.o' '-c' '-shared-libgcc' '-dumpdir' 'CMakeFiles/cmTC_67c71.dir/'
 /usr/lib/gcc/x86_64-linux-gnu/11/cc1plus -quiet -v -I /home/sophie/miniconda3/targets/x86_64-linux/include -imultiarch x86_64-linux-gnu -D_GNU_SOURCE -isystem /home/sophie/miniconda3/include /usr/share/cmake-3.22/Modules/CMakeCXXCompilerABI.cpp -quiet -dumpdir CMakeFiles/cmTC_67c71.dir/ -dumpbase CMakeCXXCompilerABI.cpp.cpp -dumpbase-ext .cpp -march=nocona -mtune=haswell -O2 -version -fvisibility-inlines-hidden -fmessage-length=0 -ftree-vectorize -fPIC -fstack-protector-strong -fno-plt -ffunction-sections -fasynchronous-unwind-tables -fstack-protector-strong -Wformat -Wformat-security -fstack-clash-protection -fcf-protection -o - |
 as -v -I /home/sophie/miniconda3/targets/x86_64-linux/include --64 -o CMakeFiles/cmTC_67c71.dir/CMakeCXXCompilerABI.cpp.o
GNU assembler version 2.38 (x86_64-linux-gnu) using BFD version (GNU Binutils for Ubuntu) 2.38
GNU C++17 (Ubuntu 11.4.0-1ubuntu1~22.04.3) version 11.4.0 (x86_64-linux-gnu)
	compiled by GNU C version 11.4.0, GMP version 6.2.1, MPFR version 4.1.0, MPC version 1.2.1, isl version isl-0.24-GMP

GGC heuristics: --param ggc-min-expand=100 --param ggc-min-heapsize=131072
ignoring duplicate directory "/usr/include/x86_64-linux-gnu/c++/11"
ignoring nonexistent directory "/usr/local/include/x86_64-linux-gnu"
ignoring nonexistent directory "/usr/lib/gcc/x86_64-linux-gnu/11/include-fixed"
ignoring nonexistent directory "/usr/lib/gcc/x86_64-linux-gnu/11/../../../../x86_64-linux-gnu/include"
#include "..." search starts here:
#include <...> search starts here:
 /home/sophie/miniconda3/targets/x86_64-linux/include
 /home/sophie/miniconda3/include
 /usr/include/c++/11
 /usr/include/x86_64-linux-gnu/c++/11
 /usr/include/c++/11/backward
 /usr/lib/gcc/x86_64-linux-gnu/11/include
 /usr/local/include
 /usr/include/x86_64-linux-gnu
 /usr/include
End of search list.
GNU C++17 (Ubuntu 11.4.0-1ubuntu1~22.04.3) version 11.4.0 (x86_64-linux-gnu)
	compiled by GNU C version 11.4.0, GMP version 6.2.1, MPFR version 4.1.0, MPC version 1.2.1, isl version isl-0.24-GMP

GGC heuristics: --param ggc-min-expand=100 --param ggc-min-heapsize=131072
Compiler executable checksum: ac7fa628ee459f217e6fdb88b3db0bde
COMPILER_PATH=/usr/lib/gcc/x86_64-linux-gnu/11/:/usr/lib/gcc/x86_64-linux-gnu/11/:/usr/lib/gcc/x86_64-linux-gnu/:/usr/lib/gcc/x86_64-linux-gnu/11/:/usr/lib/gcc/x86_64-linux-gnu/
LIBRARY_PATH=/usr/lib/gcc/x86_64-linux-gnu/11/:/usr/lib/gcc/x86_64-linux-gnu/11/../../../x86_64-linux-gnu/:/usr/lib/gcc/x86_64-linux-gnu/11/../../../../lib/:/lib/x86_64-linux-gnu/:/lib/../lib/:/usr/lib/x86_64-linux-gnu/:/usr/lib/../lib/:/usr/lib/gcc/x86_64-linux-gnu/11/../../../:/lib/:/usr/lib/
COLLECT_GCC_OPTIONS='-fvisibility-inlines-hidden' '-fmessage-length=0' '-march=nocona' '-mtune=haswell' '-ftree-vectorize' '-fPIC' '-fstack-protector-strong' '-fno-plt' '-O2' '-ffunction-sections' '-pipe' '-isystem' '/home/sophie/miniconda3/include' '-I' '/home/sophie/miniconda3/targets/x86_64-linux/include' '-L/home/sophie/miniconda3/targets/x86_64-linux/lib' '-L/home/sophie/miniconda3/targets/x86_64-linux/lib/stubs' '-v' '-o' 'CMakeFiles/cmTC_67c71.dir/CMakeCXXCompilerABI.cpp.o' '-c' '-shared-libgcc' '-dumpdir' 'CMakeFiles/cmTC_67c71.dir/CMakeCXXCompilerABI.cpp.'
Linking CXX executable cmTC_67c71
/usr/bin/cmake -E cmake_link_script CMakeFiles/cmTC_67c71.dir/link.txt --verbose=1
/usr/bin/c++ -fvisibility-inlines-hidden -fmessage-length=0 -march=nocona -mtune=haswell -ftree-vectorize -fPIC -fstack-protector-strong -fno-plt -O2 -ffunction-sections -pipe -isystem /home/sophie/miniconda3/include  -I/home/sophie/miniconda3/targets/x86_64-linux/include  -L/home/sophie/miniconda3/targets/x86_64-linux/lib -L/home/sophie/miniconda3/targets/x86_64-linux/lib/stubs  -Wl,-O2 -Wl,--sort-common -Wl,--as-needed -Wl,-z,relro -Wl,-z,now -Wl,--disable-new-dtags -Wl,--gc-sections -Wl,-rpath,/home/sophie/miniconda3/lib -Wl,-rpath-link,/home/sophie/miniconda3/lib -L/home/sophie/miniconda3/lib  -L/home/sophie/miniconda3/targets/x86_64-linux/lib -L/home/sophie/miniconda3/targets/x86_64-linux/lib/stubs -v CMakeFiles/cmTC_67c71.dir/CMakeCXXCompilerABI.cpp.o -o cmTC_67c71 
Using built-in specs.
COLLECT_GCC=/usr/bin/c++
COLLECT_LTO_WRAPPER=/usr/lib/gcc/x86_64-linux-gnu/11/lto-wrapper
OFFLOAD_TARGET_NAMES=nvptx-none:amdgcn-amdhsa
OFFLOAD_TARGET_DEFAULT=1
Target: x86_64-linux-gnu
Configured with: ../src/configure -v --with-pkgversion='Ubuntu 11.4.0-1ubuntu1~22.04.3' --with-bugurl=file:///usr/share/doc/gcc-11/README.Bugs --enable-languages=c,ada,c++,go,brig,d,fortran,objc,obj-c++,m2 --prefix=/usr --with-gcc-major-version-only --program-suffix=-11 --program-prefix=x86_64-linux-gnu- --enable-shared --enable-linker-build-id --libexecdir=/usr/lib --without-included-gettext --enable-threads=posix --libdir=/usr/lib --enable-nls --enable-bootstrap --enable-clocale=gnu --enable-libstdcxx-debug --enable-libstdcxx-time=yes --with-default-libstdcxx-abi=new --enable-gnu-unique-object --disable-vtable-verify --enable-plugin --enable-default-pie --with-system-zlib --enable-libphobos-checking=release --with-target-system-zlib=auto --enable-objc-gc=auto --enable-multiarch --disable-werror --enable-cet --with-arch-32=i686 --with-abi=m64 --with-multilib-list=m32,m64,mx32 --enable-multilib --with-tune=generic --enable-offload-targets=nvptx-none=/build/gcc-11-0odw26/gcc-11-11.4.0/debian/tmp-nvptx/usr,amdgcn-amdhsa=/build/gcc-11-0odw26/gcc-11-11.4.0/debian/tmp-gcn/usr --without-cuda-driver --enable-checking=release --build=x86_64-linux-gnu --host=x86_64-linux-gnu --target=x86_64-linux-gnu --with-build-config=bootstrap-lto-lean --enable-link-serialization=2
Thread model: posix
Supported LTO compression algorithms: zlib zstd
gcc version 11.4.0 (Ubuntu 11.4.0-1ubuntu1~22.04.3) 
COMPILER_PATH=/usr/lib/gcc/x86_64-linux-gnu/11/:/usr/lib/gcc/x86_64-linux-gnu/11/:/usr/lib/gcc/x86_64-linux-gnu/:/usr/lib/gcc/x86_64-linux-gnu/11/:/usr/lib/gcc/x86_64-linux-gnu/
LIBRARY_PATH=/usr/lib/gcc/x86_64-linux-gnu/11/:/usr/lib/gcc/x86_64-linux-gnu/11/../../../x86_64-linux-gnu/:/usr/lib/gcc/x86_64-linux-gnu/11/../../../../lib/:/lib/x86_64-linux-gnu/:/lib/../lib/:/usr/lib/x86_64-linux-gnu/:/usr/lib/../lib/:/usr/lib/gcc/x86_64-linux-gnu/11/../../../:/lib/:/usr/lib/
COLLECT_GCC_OPTIONS='-fvisibility-inlines-hidden' '-fmessage-length=0' '-march=nocona' '-mtune=haswell' '-ftree-vectorize' '-fPIC' '-fstack-protector-strong' '-fno-plt' '-O2' '-ffunction-sections' '-pipe' '-isystem' '/home/sophie/miniconda3/include' '-I' '/home/sophie/miniconda3/targets/x86_64-linux/include' '-L/home/sophie/miniconda3/targets/x86_64-linux/lib' '-L/home/sophie/miniconda3/targets/x86_64-linux/lib/stubs' '-L/home/sophie/miniconda3/lib' '-L/home/sophie/miniconda3/targets/x86_64-linux/lib' '-L/home/sophie/miniconda3/targets/x86_64-linux/lib/stubs' '-v' '-o' 'cmTC_67c71' '-shared-libgcc' '-dumpdir' 'cmTC_67c71.'
 /usr/lib/gcc/x86_64-linux-gnu/11/collect2 -plugin /usr/lib/gcc/x86_64-linux-gnu/11/liblto_plugin.so -plugin-opt=/usr/lib/gcc/x86_64-linux-gnu/11/lto-wrapper -plugin-opt=-fresolution=/tmp/cc2Gemzv.res -plugin-opt=-pass-through=-lgcc_s -plugin-opt=-pass-through=-lgcc -plugin-opt=-pass-through=-lc -plugin-opt=-pass-through=-lgcc_s -plugin-opt=-pass-through=-lgcc --build-id --eh-frame-hdr -m elf_x86_64 --hash-style=gnu --as-needed -dynamic-linker /lib64/ld-linux-x86-64.so.2 -pie -z now -z relro -o cmTC_67c71 /usr/lib/gcc/x86_64-linux-gnu/11/../../../x86_64-linux-gnu/Scrt1.o /usr/lib/gcc/x86_64-linux-gnu/11/../../../x86_64-linux-gnu/crti.o /usr/lib/gcc/x86_64-linux-gnu/11/crtbeginS.o -L/home/sophie/miniconda3/targets/x86_64-linux/lib -L/home/sophie/miniconda3/targets/x86_64-linux/lib/stubs -L/home/sophie/miniconda3/lib -L/home/sophie/miniconda3/targets/x86_64-linux/lib -L/home/sophie/miniconda3/targets/x86_64-linux/lib/stubs -L/usr/lib/gcc/x86_64-linux-gnu/11 -L/usr/lib/gcc/x86_64-linux-gnu/11/../../../x86_64-linux-gnu -L/usr/lib/gcc/x86_64-linux-gnu/11/../../../../lib -L/lib/x86_64-linux-gnu -L/lib/../lib -L/usr/lib/x86_64-linux-gnu -L/usr/lib/../lib -L/usr/lib/gcc/x86_64-linux-gnu/11/../../.. -O2 --sort-common --as-needed -z relro -z now --disable-new-dtags --gc-sections -rpath /home/sophie/miniconda3/lib -rpath-link /home/sophie/miniconda3/lib CMakeFiles/cmTC_67c71.dir/CMakeCXXCompilerABI.cpp.o -lstdc++ -lm -lgcc_s -lgcc -lc -lgcc_s -lgcc /usr/lib/gcc/x86_64-linux-gnu/11/crtendS.o /usr/lib/gcc/x86_64-linux-gnu/11/../../../x86_64-linux-gnu/crtn.o
COLLECT_GCC_OPTIONS='-fvisibility-inlines-hidden' '-fmessage-length=0' '-march=nocona' '-mtune=haswell' '-ftree-vectorize' '-fPIC' '-fstack-protector-strong' '-fno-plt' '-O2' '-ffunction-sections' '-pipe' '-isystem' '/home/sophie/miniconda3/include' '-I' '/home/sophie/miniconda3/targets/x86_64-linux/include' '-L/home/sophie/miniconda3/targets/x86_64-linux/lib' '-L/home/sophie/miniconda3/targets/x86_64-linux/lib/stubs' '-L/home/sophie/miniconda3/lib' '-L/home/sophie/miniconda3/targets/x86_64-linux/lib' '-L/home/sophie/miniconda3/targets/x86_64-linux/lib/stubs' '-v' '-o' 'cmTC_67c71' '-shared-libgcc' '-dumpdir' 'cmTC_67c71.'
gmake[1]: Leaving directory '/home/sophie/isaac_lab/isaac_ws/rl_code/soarm100sim/ros2/build/soarm100_interfaces/CMakeFiles/CMakeTmp'



Parsed CXX implicit include dir info from above output: rv=done
  found start of include info
  found start of implicit include info
    add: [/home/sophie/miniconda3/targets/x86_64-linux/include]
    add: [/home/sophie/miniconda3/include]
    add: [/usr/include/c++/11]
    add: [/usr/include/x86_64-linux-gnu/c++/11]
    add: [/usr/include/c++/11/backward]
    add: [/usr/lib/gcc/x86_64-linux-gnu/11/include]
    add: [/usr/local/include]
    add: [/usr/include/x86_64-linux-gnu]
    add: [/usr/include]
  end of search list found
  collapse include dir [/home/sophie/miniconda3/targets/x86_64-linux/include] ==> [/home/sophie/miniconda3/targets/x86_64-linux/include]
  collapse include dir [/home/sophie/miniconda3/include] ==> [/home/sophie/miniconda3/include]
  collapse include dir [/usr/include/c++/11] ==> [/usr/include/c++/11]
  collapse include dir [/usr/include/x86_64-linux-gnu/c++/11] ==> [/usr/include/x86_64-linux-gnu/c++/11]
  collapse include dir [/usr/include/c++/11/backward] ==> [/usr/include/c++/11/backward]
  collapse include dir [/usr/lib/gcc/x86_64-linux-gnu/11/include] ==> [/usr/lib/gcc/x86_64-linux-gnu/11/include]
  collapse include dir [/usr/local/include] ==> [/usr/local/include]
  collapse include dir [/usr/include/x86_64-linux-gnu] ==> [/usr/include/x86_64-linux-gnu]
  collapse include dir [/usr/include] ==> [/usr/include]
  implicit include dirs: [/home/sophie/miniconda3/targets/x86_64-linux/include;/home/sophie/miniconda3/include;/usr/include/c++/11;/usr/include/x86_64-linux-gnu/c++/11;/usr/include/c++/11/backward;/usr/lib/gcc/x86_64-linux-gnu/11/include;/usr/local/include;/usr/include/x86_64-linux-gnu;/usr/include]


Parsed CXX implicit link information from above output:
  link line regex: [^( *|.*[/\])(ld|CMAKE_LINK_STARTFILE-NOTFOUND|([^/\]+-)?ld|collect2)[^/\]*( |$)]
  ignore line: [Change Dir: /home/sophie/isaac_lab/isaac_ws/rl_code/soarm100sim/ros2/build/soarm100_interfaces/CMakeFiles/CMakeTmp]
  ignore line: []
  ignore line: [Run Build Command(s):/usr/bin/gmake -f Makefile cmTC_67c71/fast && /usr/bin/gmake  -f CMakeFiles/cmTC_67c71.dir/build.make CMakeFiles/cmTC_67c71.dir/build]
  ignore line: [gmake[1]: Entering directory '/home/sophie/isaac_lab/isaac_ws/rl_code/soarm100sim/ros2/build/soarm100_interfaces/CMakeFiles/CMakeTmp']
  ignore line: [Building CXX object CMakeFiles/cmTC_67c71.dir/CMakeCXXCompilerABI.cpp.o]
  ignore line: [/usr/bin/c++   -fvisibility-inlines-hidden -fmessage-length=0 -march=nocona -mtune=haswell -ftree-vectorize -fPIC -fstack-protector-strong -fno-plt -O2 -ffunction-sections -pipe -isystem /home/sophie/miniconda3/include  -I/home/sophie/miniconda3/targets/x86_64-linux/include  -L/home/sophie/miniconda3/targets/x86_64-linux/lib -L/home/sophie/miniconda3/targets/x86_64-linux/lib/stubs    -v -o CMakeFiles/cmTC_67c71.dir/CMakeCXXCompilerABI.cpp.o -c /usr/share/cmake-3.22/Modules/CMakeCXXCompilerABI.cpp]
  ignore line: [Using built-in specs.]
  ignore line: [COLLECT_GCC=/usr/bin/c++]
  ignore line: [OFFLOAD_TARGET_NAMES=nvptx-none:amdgcn-amdhsa]
  ignore line: [OFFLOAD_TARGET_DEFAULT=1]
  ignore line: [Target: x86_64-linux-gnu]
  ignore line: [Configured with: ../src/configure -v --with-pkgversion='Ubuntu 11.4.0-1ubuntu1~22.04.3' --with-bugurl=file:///usr/share/doc/gcc-11/README.Bugs --enable-languages=c ada c++ go brig d fortran objc obj-c++ m2 --prefix=/usr --with-gcc-major-version-only --program-suffix=-11 --program-prefix=x86_64-linux-gnu- --enable-shared --enable-linker-build-id --libexecdir=/usr/lib --without-included-gettext --enable-threads=posix --libdir=/usr/lib --enable-nls --enable-bootstrap --enable-clocale=gnu --enable-libstdcxx-debug --enable-libstdcxx-time=yes --with-default-libstdcxx-abi=new --enable-gnu-unique-object --disable-vtable-verify --enable-plugin --enable-default-pie --with-system-zlib --enable-libphobos-checking=release --with-target-system-zlib=auto --enable-objc-gc=auto --enable-multiarch --disable-werror --enable-cet --with-arch-32=i686 --with-abi=m64 --with-multilib-list=m32 m64 mx32 --enable-multilib --with-tune=generic --enable-offload-targets=nvptx-none=/build/gcc-11-0odw26/gcc-11-11.4.0/debian/tmp-nvptx/usr amdgcn-amdhsa=/build/gcc-11-0odw26/gcc-11-11.4.0/debian/tmp-gcn/usr --without-cuda-driver --enable-checking=release --build=x86_64-linux-gnu --host=x86_64-linux-gnu --target=x86_64-linux-gnu --with-build-config=bootstrap-lto-lean --enable-link-serialization=2]
  ignore line: [Thread model: posix]
  ignore line: [Supported LTO compression algorithms: zlib zstd]
  ignore line: [gcc version 11.4.0 (Ubuntu 11.4.0-1ubuntu1~22.04.3) ]
  ignore line: [COLLECT_GCC_OPTIONS='-fvisibility-inlines-hidden' '-fmessage-length=0' '-march=nocona' '-mtune=haswell' '-ftree-vectorize' '-fPIC' '-fstack-protector-strong' '-fno-plt' '-O2' '-ffunction-sections' '-pipe' '-isystem' '/home/sophie/miniconda3/include' '-I' '/home/sophie/miniconda3/targets/x86_64-linux/include' '-L/home/sophie/miniconda3/targets/x86_64-linux/lib' '-L/home/sophie/miniconda3/targets/x86_64-linux/lib/stubs' '-v' '-o' 'CMakeFiles/cmTC_67c71.dir/CMakeCXXCompilerABI.cpp.o' '-c' '-shared-libgcc' '-dumpdir' 'CMakeFiles/cmTC_67c71.dir/']
  ignore line: [ /usr/lib/gcc/x86_64-linux-gnu/11/cc1plus -quiet -v -I /home/sophie/miniconda3/targets/x86_64-linux/include -imultiarch x86_64-linux-gnu -D_GNU_SOURCE -isystem /home/sophie/miniconda3/include /usr/share/cmake-3.22/Modules/CMakeCXXCompilerABI.cpp -quiet -dumpdir CMakeFiles/cmTC_67c71.dir/ -dumpbase CMakeCXXCompilerABI.cpp.cpp -dumpbase-ext .cpp -march=nocona -mtune=haswell -O2 -version -fvisibility-inlines-hidden -fmessage-length=0 -ftree-vectorize -fPIC -fstack-protector-strong -fno-plt -ffunction-sections -fasynchronous-unwind-tables -fstack-protector-strong -Wformat -Wformat-security -fstack-clash-protection -fcf-protection -o - |]
  ignore line: [ as -v -I /home/sophie/miniconda3/targets/x86_64-linux/include --64 -o CMakeFiles/cmTC_67c71.dir/CMakeCXXCompilerABI.cpp.o]
  ignore line: [GNU assembler version 2.38 (x86_64-linux-gnu) using BFD version (GNU Binutils for Ubuntu) 2.38]
  ignore line: [GNU C++17 (Ubuntu 11.4.0-1ubuntu1~22.04.3) version 11.4.0 (x86_64-linux-gnu)]
  ignore line: [	compiled by GNU C version 11.4.0  GMP version 6.2.1  MPFR version 4.1.0  MPC version 1.2.1  isl version isl-0.24-GMP]
  ignore line: []
  ignore line: [GGC heuristics: --param ggc-min-expand=100 --param ggc-min-heapsize=131072]
  ignore line: [ignoring duplicate directory "/usr/include/x86_64-linux-gnu/c++/11"]
  ignore line: [ignoring nonexistent directory "/usr/local/include/x86_64-linux-gnu"]
  ignore line: [ignoring nonexistent directory "/usr/lib/gcc/x86_64-linux-gnu/11/include-fixed"]
  ignore line: [ignoring nonexistent directory "/usr/lib/gcc/x86_64-linux-gnu/11/../../../../x86_64-linux-gnu/include"]
  ignore line: [#include "..." search starts here:]
  ignore line: [#include <...> search starts here:]
  ignore line: [ /home/sophie/miniconda3/targets/x86_64-linux/include]
  ignore line: [ /home/sophie/miniconda3/include]
  ignore line: [ /usr/include/c++/11]
  ignore line: [ /usr/include/x86_64-linux-gnu/c++/11]
  ignore line: [ /usr/include/c++/11/backward]
  ignore line: [ /usr/lib/gcc/x86_64-linux-gnu/11/include]
  ignore line: [ /usr/local/include]
  ignore line: [ /usr/include/x86_64-linux-gnu]
  ignore line: [ /usr/include]
  ignore line: [End of search list.]
  ignore line: [GNU C++17 (Ubuntu 11.4.0-1ubuntu1~22.04.3) version 11.4.0 (x86_64-linux-gnu)]
  ignore line: [	compiled by GNU C version 11.4.0  GMP version 6.2.1  MPFR version 4.1.0  MPC version 1.2.1  isl version isl-0.24-GMP]
  ignore line: []
  ignore line: [GGC heuristics: --param ggc-min-expand=100 --param ggc-min-heapsize=131072]
  ignore line: [Compiler executable checksum: ac7fa628ee459f217e6fdb88b3db0bde]
  ignore line: [COMPILER_PATH=/usr/lib/gcc/x86_64-linux-gnu/11/:/usr/lib/gcc/x86_64-linux-gnu/11/:/usr/lib/gcc/x86_64-linux-gnu/:/usr/lib/gcc/x86_64-linux-gnu/11/:/usr/lib/gcc/x86_64-linux-gnu/]
  ignore line: [LIBRARY_PATH=/usr/lib/gcc/x86_64-linux-gnu/11/:/usr/lib/gcc/x86_64-linux-gnu/11/../../../x86_64-linux-gnu/:/usr/lib/gcc/x86_64-linux-gnu/11/../../../../lib/:/lib/x86_64-linux-gnu/:/lib/../lib/:/usr/lib/x86_64-linux-gnu/:/usr/lib/../lib/:/usr/lib/gcc/x86_64-linux-gnu/11/../../../:/lib/:/usr/lib/]
  ignore line: [COLLECT_GCC_OPTIONS='-fvisibility-inlines-hidden' '-fmessage-length=0' '-march=nocona' '-mtune=haswell' '-ftree-vectorize' '-fPIC' '-fstack-protector-strong' '-fno-plt' '-O2' '-ffunction-sections' '-pipe' '-isystem' '/home/sophie/miniconda3/include' '-I' '/home/sophie/miniconda3/targets/x86_64-linux/include' '-L/home/sophie/miniconda3/targets/x86_64-linux/lib' '-L/home/sophie/miniconda3/targets/x86_64-linux/lib/stubs' '-v' '-o' 'CMakeFiles/cmTC_67c71.dir/CMakeCXXCompilerABI.cpp.o' '-c' '-shared-libgcc' '-dumpdir' 'CMakeFiles/cmTC_67c71.dir/CMakeCXXCompilerABI.cpp.']
  ignore line: [Linking CXX executable cmTC_67c71]
  ignore line: [/usr/bin/cmake -E cmake_link_script CMakeFiles/cmTC_67c71.dir/link.txt --verbose=1]
  ignore line: [/usr/bin/c++ -fvisibility-inlines-hidden -fmessage-length=0 -march=nocona -mtune=haswell -ftree-vectorize -fPIC -fstack-protector-strong -fno-plt -O2 -ffunction-sections -pipe -isystem /home/sophie/miniconda3/include  -I/home/sophie/miniconda3/targets/x86_64-linux/include  -L/home/sophie/miniconda3/targets/x86_64-linux/lib -L/home/sophie/miniconda3/targets/x86_64-linux/lib/stubs  -Wl -O2 -Wl --sort-common -Wl --as-needed -Wl -z relro -Wl -z now -Wl --disable-new-dtags -Wl --gc-sections -Wl -rpath /home/sophie/miniconda3/lib -Wl -rpath-link /home/sophie/miniconda3/lib -L/home/sophie/miniconda3/lib  -L/home/sophie/miniconda3/targets/x86_64-linux/lib -L/home/sophie/miniconda3/targets/x86_64-linux/lib/stubs -v CMakeFiles/cmTC_67c71.dir/CMakeCXXCompilerABI.cpp.o -o cmTC_67c71 ]
  ignore line: [Using built-in specs.]
  ignore line: [COLLECT_GCC=/usr/bin/c++]
  ignore line: [COLLECT_LTO_WRAPPER=/usr/lib/gcc/x86_64-linux-gnu/11/lto-wrapper]
  ignore line: [OFFLOAD_TARGET_NAMES=nvptx-none:amdgcn-amdhsa]
  ignore line: [OFFLOAD_TARGET_DEFAULT=1]
  ignore line: [Target: x86_64-linux-gnu]
  ignore line: [Configured with: ../src/configure -v --with-pkgversion='Ubuntu 11.4.0-1ubuntu1~22.04.3' --with-bugurl=file:///usr/share/doc/gcc-11/README.Bugs --enable-languages=c ada c++ go brig d fortran objc obj-c++ m2 --prefix=/usr --with-gcc-major-version-only --program-suffix=-11 --program-prefix=x86_64-linux-gnu- --enable-shared --enable-linker-build-id --libexecdir=/usr/lib --without-included-gettext --enable-threads=posix --libdir=/usr/lib --enable-nls --enable-bootstrap --enable-clocale=gnu --enable-libstdcxx-debug --enable-libstdcxx-time=yes --with-default-libstdcxx-abi=new --enable-gnu-unique-object --disable-vtable-verify --enable-plugin --enable-default-pie --with-system-zlib --enable-libphobos-checking=release --with-target-system-zlib=auto --enable-objc-gc=auto --enable-multiarch --disable-werror --enable-cet --with-arch-32=i686 --with-abi=m64 --with-multilib-list=m32 m64 mx32 --enable-multilib --with-tune=generic --enable-offload-targets=nvptx-none=/build/gcc-11-0odw26/gcc-11-11.4.0/debian/tmp-nvptx/usr amdgcn-amdhsa=/build/gcc-11-0odw26/gcc-11-11.4.0/debian/tmp-gcn/usr --without-cuda-driver --enable-checking=release --build=x86_64-linux-gnu --host=x86_64-linux-gnu --target=x86_64-linux-gnu --with-build-config=bootstrap-lto-lean --enable-link-serialization=2]
  ignore line: [Thread model: posix]
  ignore line: [Supported LTO compression algorithms: zlib zstd]
  ignore line: [gcc version 11.4.0 (Ubuntu 11.4.0-1ubuntu1~22.04.3) ]
  ignore line: [COMPILER_PATH=/usr/lib/gcc/x86_64-linux-gnu/11/:/usr/lib/gcc/x86_64-linux-gnu/11/:/usr/lib/gcc/x86_64-linux-gnu/:/usr/lib/gcc/x86_64-linux-gnu/11/:/usr/lib/gcc/x86_64-linux-gnu/]
  ignore line: [LIBRARY_PATH=/usr/lib/gcc/x86_64-linux-gnu/11/:/usr/lib/gcc/x86_64-linux-gnu/11/../../../x86_64-linux-gnu/:/usr/lib/gcc/x86_64-linux-gnu/11/../../../../lib/:/lib/x86_64-linux-gnu/:/lib/../lib/:/usr/lib/x86_64-linux-gnu/:/usr/lib/../lib/:/usr/lib/gcc/x86_64-linux-gnu/11/../../../:/lib/:/usr/lib/]
  ignore line: [COLLECT_GCC_OPTIONS='-fvisibility-inlines-hidden' '-fmessage-length=0' '-march=nocona' '-mtune=haswell' '-ftree-vectorize' '-fPIC' '-fstack-protector-strong' '-fno-plt' '-O2' '-ffunction-sections' '-pipe' '-isystem' '/home/sophie/miniconda3/include' '-I' '/home/sophie/miniconda3/targets/x86_64-linux/include' '-L/home/sophie/miniconda3/targets/x86_64-linux/lib' '-L/home/sophie/miniconda3/targets/x86_64-linux/lib/stubs' '-L/home/sophie/miniconda3/lib' '-L/home/sophie/miniconda3/targets/x86_64-linux/lib' '-L/home/sophie/miniconda3/targets/x86_64-linux/lib/stubs' '-v' '-o' 'cmTC_67c71' '-shared-libgcc' '-dumpdir' 'cmTC_67c71.']
  link line: [ /usr/lib/gcc/x86_64-linux-gnu/11/collect2 -plugin /usr/lib/gcc/x86_64-linux-gnu/11/liblto_plugin.so -plugin-opt=/usr/lib/gcc/x86_64-linux-gnu/11/lto-wrapper -plugin-opt=-fresolution=/tmp/cc2Gemzv.res -plugin-opt=-pass-through=-lgcc_s -plugin-opt=-pass-through=-lgcc -plugin-opt=-pass-through=-lc -plugin-opt=-pass-through=-lgcc_s -plugin-opt=-pass-through=-lgcc --build-id --eh-frame-hdr -m elf_x86_64 --hash-style=gnu --as-needed -dynamic-linker /lib64/ld-linux-x86-64.so.2 -pie -z now -z relro -o cmTC_67c71 /usr/lib/gcc/x86_64-linux-gnu/11/../../../x86_64-linux-gnu/Scrt1.o /usr/lib/gcc/x86_64-linux-gnu/11/../../../x86_64-linux-gnu/crti.o /usr/lib/gcc/x86_64-linux-gnu/11/crtbeginS.o -L/home/sophie/miniconda3/targets/x86_64-linux/lib -L/home/sophie/miniconda3/targets/x86_64-linux/lib/stubs -L/home/sophie/miniconda3/lib -L/home/sophie/miniconda3/targets/x86_64-linux/lib -L/home/sophie/miniconda3/targets/x86_64-linux/lib/stubs -L/usr/lib/gcc/x86_64-linux-gnu/11 -L/usr/lib/gcc/x86_64-linux-gnu/11/../../../x86_64-linux-gnu -L/usr/lib/gcc/x86_64-linux-gnu/11/../../../../lib -L/lib/x86_64-linux-gnu -L/lib/../lib -L/usr/lib/x86_64-linux-gnu -L/usr/lib/../lib -L/usr/lib/gcc/x86_64-linux-gnu/11/../../.. -O2 --sort-common --as-needed -z relro -z now --disable-new-dtags --gc-sections -rpath /home/sophie/miniconda3/lib -rpath-link /home/sophie/miniconda3/lib CMakeFiles/cmTC_67c71.dir/CMakeCXXCompilerABI.cpp.o -lstdc++ -lm -lgcc_s -lgcc -lc -lgcc_s -lgcc /usr/lib/gcc/x86_64-linux-gnu/11/crtendS.o /usr/lib/gcc/x86_64-linux-gnu/11/../../../x86_64-linux-gnu/crtn.o]
    arg [/usr/lib/gcc/x86_64-linux-gnu/11/collect2] ==> ignore
    arg [-plugin] ==> ignore
    arg [/usr/lib/gcc/x86_64-linux-gnu/11/liblto_plugin.so] ==> ignore
    arg [-plugin-opt=/usr/lib/gcc/x86_64-linux-gnu/11/lto-wrapper] ==> ignore
    arg [-plugin-opt=-fresolution=/tmp/cc2Gemzv.res] ==> ignore
    arg [-plugin-opt=-pass-through=-lgcc_s] ==> ignore
    arg [-plugin-opt=-pass-through=-lgcc] ==> ignore
    arg [-plugin-opt=-pass-through=-lc] ==> ignore
    arg [-plugin-opt=-pass-through=-lgcc_s] ==> ignore
    arg [-plugin-opt=-pass-through=-lgcc] ==> ignore
    arg [--build-id] ==> ignore
    arg [--eh-frame-hdr] ==> ignore
    arg [-m] ==> ignore
    arg [elf_x86_64] ==> ignore
    arg [--hash-style=gnu] ==> ignore
    arg [--as-needed] ==> ignore
    arg [-dynamic-linker] ==> ignore
    arg [/lib64/ld-linux-x86-64.so.2] ==> ignore
    arg [-pie] ==> ignore
    arg [-znow] ==> ignore
    arg [-zrelro] ==> ignore
    arg [-o] ==> ignore
    arg [cmTC_67c71] ==> ignore
    arg [/usr/lib/gcc/x86_64-linux-gnu/11/../../../x86_64-linux-gnu/Scrt1.o] ==> obj [/usr/lib/gcc/x86_64-linux-gnu/11/../../../x86_64-linux-gnu/Scrt1.o]
    arg [/usr/lib/gcc/x86_64-linux-gnu/11/../../../x86_64-linux-gnu/crti.o] ==> obj [/usr/lib/gcc/x86_64-linux-gnu/11/../../../x86_64-linux-gnu/crti.o]
    arg [/usr/lib/gcc/x86_64-linux-gnu/11/crtbeginS.o] ==> obj [/usr/lib/gcc/x86_64-linux-gnu/11/crtbeginS.o]
    arg [-L/home/sophie/miniconda3/targets/x86_64-linux/lib] ==> dir [/home/sophie/miniconda3/targets/x86_64-linux/lib]
    arg [-L/home/sophie/miniconda3/targets/x86_64-linux/lib/stubs] ==> dir [/home/sophie/miniconda3/targets/x86_64-linux/lib/stubs]
    arg [-L/home/sophie/miniconda3/lib] ==> dir [/home/sophie/miniconda3/lib]
    arg [-L/home/sophie/miniconda3/targets/x86_64-linux/lib] ==> dir [/home/sophie/miniconda3/targets/x86_64-linux/lib]
    arg [-L/home/sophie/miniconda3/targets/x86_64-linux/lib/stubs] ==> dir [/home/sophie/miniconda3/targets/x86_64-linux/lib/stubs]
    arg [-L/usr/lib/gcc/x86_64-linux-gnu/11] ==> dir [/usr/lib/gcc/x86_64-linux-gnu/11]
    arg [-L/usr/lib/gcc/x86_64-linux-gnu/11/../../../x86_64-linux-gnu] ==> dir [/usr/lib/gcc/x86_64-linux-gnu/11/../../../x86_64-linux-gnu]
    arg [-L/usr/lib/gcc/x86_64-linux-gnu/11/../../../../lib] ==> dir [/usr/lib/gcc/x86_64-linux-gnu/11/../../../../lib]
    arg [-L/lib/x86_64-linux-gnu] ==> dir [/lib/x86_64-linux-gnu]
    arg [-L/lib/../lib] ==> dir [/lib/../lib]
    arg [-L/usr/lib/x86_64-linux-gnu] ==> dir [/usr/lib/x86_64-linux-gnu]
    arg [-L/usr/lib/../lib] ==> dir [/usr/lib/../lib]
    arg [-L/usr/lib/gcc/x86_64-linux-gnu/11/../../..] ==> dir [/usr/lib/gcc/x86_64-linux-gnu/11/../../..]
    arg [-O2] ==> ignore
    arg [--sort-common] ==> ignore
    arg [--as-needed] ==> ignore
    arg [-zrelro] ==> ignore
    arg [-znow] ==> ignore
    arg [--disable-new-dtags] ==> ignore
    arg [--gc-sections] ==> ignore
    arg [-rpath] ==> ignore
    arg [/home/sophie/miniconda3/lib] ==> ignore
    arg [-rpath-link] ==> ignore
    arg [/home/sophie/miniconda3/lib] ==> ignore
    arg [CMakeFiles/cmTC_67c71.dir/CMakeCXXCompilerABI.cpp.o] ==> ignore
    arg [-lstdc++] ==> lib [stdc++]
    arg [-lm] ==> lib [m]
    arg [-lgcc_s] ==> lib [gcc_s]
    arg [-lgcc] ==> lib [gcc]
    arg [-lc] ==> lib [c]
    arg [-lgcc_s] ==> lib [gcc_s]
    arg [-lgcc] ==> lib [gcc]
    arg [/usr/lib/gcc/x86_64-linux-gnu/11/crtendS.o] ==> obj [/usr/lib/gcc/x86_64-linux-gnu/11/crtendS.o]
    arg [/usr/lib/gcc/x86_64-linux-gnu/11/../../../x86_64-linux-gnu/crtn.o] ==> obj [/usr/lib/gcc/x86_64-linux-gnu/11/../../../x86_64-linux-gnu/crtn.o]
  collapse obj [/usr/lib/gcc/x86_64-linux-gnu/11/../../../x86_64-linux-gnu/Scrt1.o] ==> [/usr/lib/x86_64-linux-gnu/Scrt1.o]
  collapse obj [/usr/lib/gcc/x86_64-linux-gnu/11/../../../x86_64-linux-gnu/crti.o] ==> [/usr/lib/x86_64-linux-gnu/crti.o]
  collapse obj [/usr/lib/gcc/x86_64-linux-gnu/11/../../../x86_64-linux-gnu/crtn.o] ==> [/usr/lib/x86_64-linux-gnu/crtn.o]
  collapse library dir [/home/sophie/miniconda3/targets/x86_64-linux/lib] ==> [/home/sophie/miniconda3/targets/x86_64-linux/lib]
  collapse library dir [/home/sophie/miniconda3/targets/x86_64-linux/lib/stubs] ==> [/home/sophie/miniconda3/targets/x86_64-linux/lib/stubs]
  collapse library dir [/home/sophie/miniconda3/lib] ==> [/home/sophie/miniconda3/lib]
  collapse library dir [/home/sophie/miniconda3/targets/x86_64-linux/lib] ==> [/home/sophie/miniconda3/targets/x86_64-linux/lib]
  collapse library dir [/home/sophie/miniconda3/targets/x86_64-linux/lib/stubs] ==> [/home/sophie/miniconda3/targets/x86_64-linux/lib/stubs]
  collapse library dir [/usr/lib/gcc/x86_64-linux-gnu/11] ==> [/usr/lib/gcc/x86_64-linux-gnu/11]
  collapse library dir [/usr/lib/gcc/x86_64-linux-gnu/11/../../../x86_64-linux-gnu] ==> [/usr/lib/x86_64-linux-gnu]
  collapse library dir [/usr/lib/gcc/x86_64-linux-gnu/11/../../../../lib] ==> [/usr/lib]
  collapse library dir [/lib/x86_64-linux-gnu] ==> [/lib/x86_64-linux-gnu]
  collapse library dir [/lib/../lib] ==> [/lib]
  collapse library dir [/usr/lib/x86_64-linux-gnu] ==> [/usr/lib/x86_64-linux-gnu]
  collapse library dir [/usr/lib/../lib] ==> [/usr/lib]
  collapse library dir [/usr/lib/gcc/x86_64-linux-gnu/11/../../..] ==> [/usr/lib]
  implicit libs: [stdc++;m;gcc_s;gcc;c;gcc_s;gcc]
  implicit objs: [/usr/lib/x86_64-linux-gnu/Scrt1.o;/usr/lib/x86_64-linux-gnu/crti.o;/usr/lib/gcc/x86_64-linux-gnu/11/crtbeginS.o;/usr/lib/gcc/x86_64-linux-gnu/11/crtendS.o;/usr/lib/x86_64-linux-gnu/crtn.o]
  implicit dirs: [/home/sophie/miniconda3/targets/x86_64-linux/lib;/home/sophie/miniconda3/targets/x86_64-linux/lib/stubs;/home/sophie/miniconda3/lib;/usr/lib/gcc/x86_64-linux-gnu/11;/usr/lib/x86_64-linux-gnu;/usr/lib;/lib/x86_64-linux-gnu;/lib]
  implicit fwks: []


The system is: Linux - 6.8.0-106-generic - x86_64
Compiling the C compiler identification source file "CMakeCCompilerId.c" succeeded.
Compiler: /usr/bin/cc 
Build flags: 
Id flags:  

The output was:
0


Compilation of the C compiler identification source "CMakeCCompilerId.c" produced "a.out"

The C compiler identification is GNU, found in "/home/sophie/isaac_lab/isaac_ws/rl_code/soarm100sim/ros2/build/soarm100_interfaces/CMakeFiles/3.22.1/CompilerIdC/a.out"

Compiling the CXX compiler identification source file "CMakeCXXCompilerId.cpp" succeeded.
Compiler: /usr/bin/c++ 
Build flags: -fvisibility-inlines-hidden;-fmessage-length=0;-march=nocona;-mtune=haswell;-ftree-vectorize;-fPIC;-fstack-protector-strong;-fno-plt;-O2;-ffunction-sections;-pipe;-isystem;/home/sophie/miniconda3/include;;-I/home/sophie/miniconda3/targets/x86_64-linux/include;;-L/home/sophie/miniconda3/targets/x86_64-linux/lib;-L/home/sophie/miniconda3/targets/x86_64-linux/lib/stubs
Id flags:  

The output was:
0


Compilation of the CXX compiler identification source "CMakeCXXCompilerId.cpp" produced "a.out"

The CXX compiler identification is GNU, found in "/home/sophie/isaac_lab/isaac_ws/rl_code/soarm100sim/ros2/build/soarm100_interfaces/CMakeFiles/3.22.1/CompilerIdCXX/a.out"

Detecting C compiler ABI info compiled with the following output:
Change Dir: /home/sophie/isaac_lab/isaac_ws/rl_code/soarm100sim/ros2/build/soarm100_interfaces/CMakeFiles/CMakeTmp

Run Build Command(s):/usr/bin/gmake -f Makefile cmTC_3d3af/fast && /usr/bin/gmake  -f CMakeFiles/cmTC_3d3af.dir/build.make CMakeFiles/cmTC_3d3af.dir/build
gmake[1]: Entering directory '/home/sophie/isaac_lab/isaac_ws/rl_code/soarm100sim/ros2/build/soarm100_interfaces/CMakeFiles/CMakeTmp'
Building C object CMakeFiles/cmTC_3d3af.dir/CMakeCCompilerABI.c.o
/usr/bin/cc   -v -o CMakeFiles/cmTC_3d3af.dir/CMakeCCompilerABI.c.o -c /usr/share/cmake-3.22/Modules/CMakeCCompilerABI.c
Using built-in specs.
COLLECT_GCC=/usr/bin/cc
OFFLOAD_TARGET_NAMES=nvptx-none:amdgcn-amdhsa
OFFLOAD_TARGET_DEFAULT=1
Target: x86_64-linux-gnu
Configured with: ../src/configure -v --with-pkgversion='Ubuntu 11.4.0-1ubuntu1~22.04.3' --with-bugurl=file:///usr/share/doc/gcc-11/README.Bugs --enable-languages=c,ada,c++,go,brig,d,fortran,objc,obj-c++,m2 --prefix=/usr --with-gcc-major-version-only --program-suffix=-11 --program-prefix=x86_64-linux-gnu- --enable-shared --enable-linker-build-id --libexecdir=/usr/lib --without-included-gettext --enable-threads=posix --libdir=/usr/lib --enable-nls --enable-bootstrap --enable-clocale=gnu --enable-libstdcxx-debug --enable-libstdcxx-time=yes --with-default-libstdcxx-abi=new --enable-gnu-unique-object --disable-vtable-verify --enable-plugin --enable-default-pie --with-system-zlib --enable-libphobos-checking=release --with-target-system-zlib=auto --enable-objc-gc=auto --enable-multiarch --disable-werror --enable-cet --with-arch-32=i686 --with-abi=m64 --with-multilib-list=m32,m64,mx32 --enable-multilib --with-tune=generic --enable-offload-targets=nvptx-none=/build/gcc-11-0odw26/gcc-11-11.4.0/debian/tmp-nvptx/usr,amdgcn-amdhsa=/build/gcc-11-0odw26/gcc-11-11.4.0/debian/tmp-gcn/usr --without-cuda-driver --enable-checking=release --build=x86_64-linux-gnu --host=x86_64-linux-gnu --target=x86_64-linux-gnu --with-build-config=bootstrap-lto-lean --enable-link-serialization=2
Thread model: posix
Supported LTO compression algorithms: zlib zstd
gcc version 11.4.0 (Ubuntu 11.4.0-1ubuntu1~22.04.3) 
COLLECT_GCC_OPTIONS='-v' '-o' 'CMakeFiles/cmTC_3d3af.dir/CMakeCCompilerABI.c.o' '-c' '-mtune=generic' '-march=x86-64' '-dumpdir' 'CMakeFiles/cmTC_3d3af.dir/'
 /usr/lib/gcc/x86_64-linux-gnu/11/cc1 -quiet -v -imultiarch x86_64-linux-gnu /usr/share/cmake-3.22/Modules/CMakeCCompilerABI.c -quiet -dumpdir CMakeFiles/cmTC_3d3af.dir/ -dumpbase CMakeCCompilerABI.c.c -dumpbase-ext .c -mtune=generic -march=x86-64 -version -fasynchronous-unwind-tables -fstack-protector-strong -Wformat -Wformat-security -fstack-clash-protection -fcf-protection -o /tmp/ccRUASbK.s
GNU C17 (Ubuntu 11.4.0-1ubuntu1~22.04.3) version 11.4.0 (x86_64-linux-gnu)
	compiled by GNU C version 11.4.0, GMP version 6.2.1, MPFR version 4.1.0, MPC version 1.2.1, isl version isl-0.24-GMP

GGC heuristics: --param ggc-min-expand=100 --param ggc-min-heapsize=131072
ignoring nonexistent directory "/usr/local/include/x86_64-linux-gnu"
ignoring nonexistent directory "/usr/lib/gcc/x86_64-linux-gnu/11/include-fixed"
ignoring nonexistent directory "/usr/lib/gcc/x86_64-linux-gnu/11/../../../../x86_64-linux-gnu/include"
#include "..." search starts here:
#include <...> search starts here:
 /usr/lib/gcc/x86_64-linux-gnu/11/include
 /usr/local/include
 /usr/include/x86_64-linux-gnu
 /usr/include
End of search list.
GNU C17 (Ubuntu 11.4.0-1ubuntu1~22.04.3) version 11.4.0 (x86_64-linux-gnu)
	compiled by GNU C version 11.4.0, GMP version 6.2.1, MPFR version 4.1.0, MPC version 1.2.1, isl version isl-0.24-GMP

GGC heuristics: --param ggc-min-expand=100 --param ggc-min-heapsize=131072
Compiler executable checksum: 46ebede1f5b795a957a1e85cb61af9d8
COLLECT_GCC_OPTIONS='-v' '-o' 'CMakeFiles/cmTC_3d3af.dir/CMakeCCompilerABI.c.o' '-c' '-mtune=generic' '-march=x86-64' '-dumpdir' 'CMakeFiles/cmTC_3d3af.dir/'
 as -v --64 -o CMakeFiles/cmTC_3d3af.dir/CMakeCCompilerABI.c.o /tmp/ccRUASbK.s
GNU assembler version 2.38 (x86_64-linux-gnu) using BFD version (GNU Binutils for Ubuntu) 2.38
COMPILER_PATH=/usr/lib/gcc/x86_64-linux-gnu/11/:/usr/lib/gcc/x86_64-linux-gnu/11/:/usr/lib/gcc/x86_64-linux-gnu/:/usr/lib/gcc/x86_64-linux-gnu/11/:/usr/lib/gcc/x86_64-linux-gnu/
LIBRARY_PATH=/usr/lib/gcc/x86_64-linux-gnu/11/:/usr/lib/gcc/x86_64-linux-gnu/11/../../../x86_64-linux-gnu/:/usr/lib/gcc/x86_64-linux-gnu/11/../../../../lib/:/lib/x86_64-linux-gnu/:/lib/../lib/:/usr/lib/x86_64-linux-gnu/:/usr/lib/../lib/:/usr/lib/gcc/x86_64-linux-gnu/11/../../../:/lib/:/usr/lib/
COLLECT_GCC_OPTIONS='-v' '-o' 'CMakeFiles/cmTC_3d3af.dir/CMakeCCompilerABI.c.o' '-c' '-mtune=generic' '-march=x86-64' '-dumpdir' 'CMakeFiles/cmTC_3d3af.dir/CMakeCCompilerABI.c.'
Linking C executable cmTC_3d3af
/usr/bin/cmake -E cmake_link_script CMakeFiles/cmTC_3d3af.dir/link.txt --verbose=1
/usr/bin/cc -Wl,-O2 -Wl,--sort-common -Wl,--as-needed -Wl,-z,relro -Wl,-z,now -Wl,--disable-new-dtags -Wl,--gc-sections -Wl,-rpath,/home/sophie/miniconda3/lib -Wl,-rpath-link,/home/sophie/miniconda3/lib -L/home/sophie/miniconda3/lib  -L/home/sophie/miniconda3/targets/x86_64-linux/lib -L/home/sophie/miniconda3/targets/x86_64-linux/lib/stubs -v CMakeFiles/cmTC_3d3af.dir/CMakeCCompilerABI.c.o -o cmTC_3d3af 
Using built-in specs.
COLLECT_GCC=/usr/bin/cc
COLLECT_LTO_WRAPPER=/usr/lib/gcc/x86_64-linux-gnu/11/lto-wrapper
OFFLOAD_TARGET_NAMES=nvptx-none:amdgcn-amdhsa
OFFLOAD_TARGET_DEFAULT=1
Target: x86_64-linux-gnu
Configured with: ../src/configure -v --with-pkgversion='Ubuntu 11.4.0-1ubuntu1~22.04.3' --with-bugurl=file:///usr/share/doc/gcc-11/README.Bugs --enable-languages=c,ada,c++,go,brig,d,fortran,objc,obj-c++,m2 --prefix=/usr --with-gcc-major-version-only --program-suffix=-11 --program-prefix=x86_64-linux-gnu- --enable-shared --enable-linker-build-id --libexecdir=/usr/lib --without-included-gettext --enable-threads=posix --libdir=/usr/lib --enable-nls --enable-bootstrap --enable-clocale=gnu --enable-libstdcxx-debug --enable-libstdcxx-time=yes --with-default-libstdcxx-abi=new --enable-gnu-unique-object --disable-vtable-verify --enable-plugin --enable-default-pie --with-system-zlib --enable-libphobos-checking=release --with-target-system-zlib=auto --enable-objc-gc=auto --enable-multiarch --disable-werror --enable-cet --with-arch-32=i686 --with-abi=m64 --with-multilib-list=m32,m64,mx32 --enable-multilib --with-tune=generic --enable-offload-targets=nvptx-none=/build/gcc-11-0odw26/gcc-11-11.4.0/debian/tmp-nvptx/usr,amdgcn-amdhsa=/build/gcc-11-0odw26/gcc-11-11.4.0/debian/tmp-gcn/usr --without-cuda-driver --enable-checking=release --build=x86_64-linux-gnu --host=x86_64-linux-gnu --target=x86_64-linux-gnu --with-build-config=bootstrap-lto-lean --enable-link-serialization=2
Thread model: posix
Supported LTO compression algorithms: zlib zstd
gcc version 11.4.0 (Ubuntu 11.4.0-1ubuntu1~22.04.3) 
COMPILER_PATH=/usr/lib/gcc/x86_64-linux-gnu/11/:/usr/lib/gcc/x86_64-linux-gnu/11/:/usr/lib/gcc/x86_64-linux-gnu/:/usr/lib/gcc/x86_64-linux-gnu/11/:/usr/lib/gcc/x86_64-linux-gnu/
LIBRARY_PATH=/usr/lib/gcc/x86_64-linux-gnu/11/:/usr/lib/gcc/x86_64-linux-gnu/11/../../../x86_64-linux-gnu/:/usr/lib/gcc/x86_64-linux-gnu/11/../../../../lib/:/lib/x86_64-linux-gnu/:/lib/../lib/:/usr/lib/x86_64-linux-gnu/:/usr/lib/../lib/:/usr/lib/gcc/x86_64-linux-gnu/11/../../../:/lib/:/usr/lib/
COLLECT_GCC_OPTIONS='-L/home/sophie/miniconda3/lib' '-L/home/sophie/miniconda3/targets/x86_64-linux/lib' '-L/home/sophie/miniconda3/targets/x86_64-linux/lib/stubs' '-v' '-o' 'cmTC_3d3af' '-mtune=generic' '-march=x86-64' '-dumpdir' 'cmTC_3d3af.'
 /usr/lib/gcc/x86_64-linux-gnu/11/collect2 -plugin /usr/lib/gcc/x86_64-linux-gnu/11/liblto_plugin.so -plugin-opt=/usr/lib/gcc/x86_64-linux-gnu/11/lto-wrapper -plugin-opt=-fresolution=/tmp/ccT4NHFU.res -plugin-opt=-pass-through=-lgcc -plugin-opt=-pass-through=-lgcc_s -plugin-opt=-pass-through=-lc -plugin-opt=-pass-through=-lgcc -plugin-opt=-pass-through=-lgcc_s --build-id --eh-frame-hdr -m elf_x86_64 --hash-style=gnu --as-needed -dynamic-linker /lib64/ld-linux-x86-64.so.2 -pie -z now -z relro -o cmTC_3d3af /usr/lib/gcc/x86_64-linux-gnu/11/../../../x86_64-linux-gnu/Scrt1.o /usr/lib/gcc/x86_64-linux-gnu/11/../../../x86_64-linux-gnu/crti.o /usr/lib/gcc/x86_64-linux-gnu/11/crtbeginS.o -L/home/sophie/miniconda3/lib -L/home/sophie/miniconda3/targets/x86_64-linux/lib -L/home/sophie/miniconda3/targets/x86_64-linux/lib/stubs -L/usr/lib/gcc/x86_64-linux-gnu/11 -L/usr/lib/gcc/x86_64-linux-gnu/11/../../../x86_64-linux-gnu -L/usr/lib/gcc/x86_64-linux-gnu/11/../../../../lib -L/lib/x86_64-linux-gnu -L/lib/../lib -L/usr/lib/x86_64-linux-gnu -L/usr/lib/../lib -L/usr/lib/gcc/x86_64-linux-gnu/11/../../.. -O2 --sort-common --as-needed -z relro -z now --disable-new-dtags --gc-sections -rpath /home/sophie/miniconda3/lib -rpath-link /home/sophie/miniconda3/lib CMakeFiles/cmTC_3d3af.dir/CMakeCCompilerABI.c.o -lgcc --push-state --as-needed -lgcc_s --pop-state -lc -lgcc --push-state --as-needed -lgcc_s --pop-state /usr/lib/gcc/x86_64-linux-gnu/11/crtendS.o /usr/lib/gcc/x86_64-linux-gnu/11/../../../x86_64-linux-gnu/crtn.o
COLLECT_GCC_OPTIONS='-L/home/sophie/miniconda3/lib' '-L/home/sophie/miniconda3/targets/x86_64-linux/lib' '-L/home/sophie/miniconda3/targets/x86_64-linux/lib/stubs' '-v' '-o' 'cmTC_3d3af' '-mtune=generic' '-march=x86-64' '-dumpdir' 'cmTC_3d3af.'
gmake[1]: Leaving directory '/home/sophie/isaac_lab/isaac_ws/rl_code/soarm100sim/ros2/build/soarm100_interfaces/CMakeFiles/CMakeTmp'



Parsed C implicit include dir info from above output: rv=done
  found start of include info
  found start of implicit include info
    add: [/usr/lib/gcc/x86_64-linux-gnu/11/include]
    add: [/usr/local/include]
    add: [/usr/include/x86_64-linux-gnu]
    add: [/usr/include]
  end of search list found
  collapse include dir [/usr/lib/gcc/x86_64-linux-gnu/11/include] ==> [/usr/lib/gcc/x86_64-linux-gnu/11/include]
  collapse include dir [/usr/local/include] ==> [/usr/local/include]
  collapse include dir [/usr/include/x86_64-linux-gnu] ==> [/usr/include/x86_64-linux-gnu]
  collapse include dir [/usr/include] ==> [/usr/include]
  implicit include dirs: [/usr/lib/gcc/x86_64-linux-gnu/11/include;/usr/local/include;/usr/include/x86_64-linux-gnu;/usr/include]


Parsed C implicit link information from above output:
  link line regex: [^( *|.*[/\])(ld|CMAKE_LINK_STARTFILE-NOTFOUND|([^/\]+-)?ld|collect2)[^/\]*( |$)]
  ignore line: [Change Dir: /home/sophie/isaac_lab/isaac_ws/rl_code/soarm100sim/ros2/build/soarm100_interfaces/CMakeFiles/CMakeTmp]
  ignore line: []
  ignore line: [Run Build Command(s):/usr/bin/gmake -f Makefile cmTC_3d3af/fast && /usr/bin/gmake  -f CMakeFiles/cmTC_3d3af.dir/build.make CMakeFiles/cmTC_3d3af.dir/build]
  ignore line: [gmake[1]: Entering directory '/home/sophie/isaac_lab/isaac_ws/rl_code/soarm100sim/ros2/build/soarm100_interfaces/CMakeFiles/CMakeTmp']
  ignore line: [Building C object CMakeFiles/cmTC_3d3af.dir/CMakeCCompilerABI.c.o]
  ignore line: [/usr/bin/cc   -v -o CMakeFiles/cmTC_3d3af.dir/CMakeCCompilerABI.c.o -c /usr/share/cmake-3.22/Modules/CMakeCCompilerABI.c]
  ignore line: [Using built-in specs.]
  ignore line: [COLLECT_GCC=/usr/bin/cc]
  ignore line: [OFFLOAD_TARGET_NAMES=nvptx-none:amdgcn-amdhsa]
  ignore line: [OFFLOAD_TARGET_DEFAULT=1]
  ignore line: [Target: x86_64-linux-gnu]
  ignore line: [Configured with: ../src/configure -v --with-pkgversion='Ubuntu 11.4.0-1ubuntu1~22.04.3' --with-bugurl=file:///usr/share/doc/gcc-11/README.Bugs --enable-languages=c ada c++ go brig d fortran objc obj-c++ m2 --prefix=/usr --with-gcc-major-version-only --program-suffix=-11 --program-prefix=x86_64-linux-gnu- --enable-shared --enable-linker-build-id --libexecdir=/usr/lib --without-included-gettext --enable-threads=posix --libdir=/usr/lib --enable-nls --enable-bootstrap --enable-clocale=gnu --enable-libstdcxx-debug --enable-libstdcxx-time=yes --with-default-libstdcxx-abi=new --enable-gnu-unique-object --disable-vtable-verify --enable-plugin --enable-default-pie --with-system-zlib --enable-libphobos-checking=release --with-target-system-zlib=auto --enable-objc-gc=auto --enable-multiarch --disable-werror --enable-cet --with-arch-32=i686 --with-abi=m64 --with-multilib-list=m32 m64 mx32 --enable-multilib --with-tune=generic --enable-offload-targets=nvptx-none=/build/gcc-11-0odw26/gcc-11-11.4.0/debian/tmp-nvptx/usr amdgcn-amdhsa=/build/gcc-11-0odw26/gcc-11-11.4.0/debian/tmp-gcn/usr --without-cuda-driver --enable-checking=release --build=x86_64-linux-gnu --host=x86_64-linux-gnu --target=x86_64-linux-gnu --with-build-config=bootstrap-lto-lean --enable-link-serialization=2]
  ignore line: [Thread model: posix]
  ignore line: [Supported LTO compression algorithms: zlib zstd]
  ignore line: [gcc version 11.4.0 (Ubuntu 11.4.0-1ubuntu1~22.04.3) ]
  ignore line: [COLLECT_GCC_OPTIONS='-v' '-o' 'CMakeFiles/cmTC_3d3af.dir/CMakeCCompilerABI.c.o' '-c' '-mtune=generic' '-march=x86-64' '-dumpdir' 'CMakeFiles/cmTC_3d3af.dir/']
  ignore line: [ /usr/lib/gcc/x86_64-linux-gnu/11/cc1 -quiet -v -imultiarch x86_64-linux-gnu /usr/share/cmake-3.22/Modules/CMakeCCompilerABI.c -quiet -dumpdir CMakeFiles/cmTC_3d3af.dir/ -dumpbase CMakeCCompilerABI.c.c -dumpbase-ext .c -mtune=generic -march=x86-64 -version -fasynchronous-unwind-tables -fstack-protector-strong -Wformat -Wformat-security -fstack-clash-protection -fcf-protection -o /tmp/ccRUASbK.s]
  ignore line: [GNU C17 (Ubuntu 11.4.0-1ubuntu1~22.04.3) version 11.4.0 (x86_64-linux-gnu)]
  ignore line: [	compiled by GNU C version 11.4.0  GMP version 6.2.1  MPFR version 4.1.0  MPC version 1.2.1  isl version isl-0.24-GMP]
  ignore line: []
  ignore line: [GGC heuristics: --param ggc-min-expand=100 --param ggc-min-heapsize=131072]
  ignore line: [ignoring nonexistent directory "/usr/local/include/x86_64-linux-gnu"]
  ignore line: [ignoring nonexistent directory "/usr/lib/gcc/x86_64-linux-gnu/11/include-fixed"]
  ignore line: [ignoring nonexistent directory "/usr/lib/gcc/x86_64-linux-gnu/11/../../../../x86_64-linux-gnu/include"]
  ignore line: [#include "..." search starts here:]
  ignore line: [#include <...> search starts here:]
  ignore line: [ /usr/lib/gcc/x86_64-linux-gnu/11/include]
  ignore line: [ /usr/local/include]
  ignore line: [ /usr/include/x86_64-linux-gnu]
  ignore line: [ /usr/include]
  ignore line: [End of search list.]
  ignore line: [GNU C17 (Ubuntu 11.4.0-1ubuntu1~22.04.3) version 11.4.0 (x86_64-linux-gnu)]
  ignore line: [	compiled by GNU C version 11.4.0  GMP version 6.2.1  MPFR version 4.1.0  MPC version 1.2.1  isl version isl-0.24-GMP]
  ignore line: []
  ignore line: [GGC heuristics: --param ggc-min-expand=100 --param ggc-min-heapsize=131072]
  ignore line: [Compiler executable checksum: 46ebede1f5b795a957a1e85cb61af9d8]
  ignore line: [COLLECT_GCC_OPTIONS='-v' '-o' 'CMakeFiles/cmTC_3d3af.dir/CMakeCCompilerABI.c.o' '-c' '-mtune=generic' '-march=x86-64' '-dumpdir' 'CMakeFiles/cmTC_3d3af.dir/']
  ignore line: [ as -v --64 -o CMakeFiles/cmTC_3d3af.dir/CMakeCCompilerABI.c.o /tmp/ccRUASbK.s]
  ignore line: [GNU assembler version 2.38 (x86_64-linux-gnu) using BFD version (GNU Binutils for Ubuntu) 2.38]
  ignore line: [COMPILER_PATH=/usr/lib/gcc/x86_64-linux-gnu/11/:/usr/lib/gcc/x86_64-linux-gnu/11/:/usr/lib/gcc/x86_64-linux-gnu/:/usr/lib/gcc/x86_64-linux-gnu/11/:/usr/lib/gcc/x86_64-linux-gnu/]
  ignore line: [LIBRARY_PATH=/usr/lib/gcc/x86_64-linux-gnu/11/:/usr/lib/gcc/x86_64-linux-gnu/11/../../../x86_64-linux-gnu/:/usr/lib/gcc/x86_64-linux-gnu/11/../../../../lib/:/lib/x86_64-linux-gnu/:/lib/../lib/:/usr/lib/x86_64-linux-gnu/:/usr/lib/../lib/:/usr/lib/gcc/x86_64-linux-gnu/11/../../../:/lib/:/usr/lib/]
  ignore line: [COLLECT_GCC_OPTIONS='-v' '-o' 'CMakeFiles/cmTC_3d3af.dir/CMakeCCompilerABI.c.o' '-c' '-mtune=generic' '-march=x86-64' '-dumpdir' 'CMakeFiles/cmTC_3d3af.dir/CMakeCCompilerABI.c.']
  ignore line: [Linking C executable cmTC_3d3af]
  ignore line: [/usr/bin/cmake -E cmake_link_script CMakeFiles/cmTC_3d3af.dir/link.txt --verbose=1]
  ignore line: [/usr/bin/cc -Wl -O2 -Wl --sort-common -Wl --as-needed -Wl -z relro -Wl -z now -Wl --disable-new-dtags -Wl --gc-sections -Wl -rpath /home/sophie/miniconda3/lib -Wl -rpath-link /home/sophie/miniconda3/lib -L/home/sophie/miniconda3/lib  -L/home/sophie/miniconda3/targets/x86_64-linux/lib -L/home/sophie/miniconda3/targets/x86_64-linux/lib/stubs -v CMakeFiles/cmTC_3d3af.dir/CMakeCCompilerABI.c.o -o cmTC_3d3af ]
  ignore line: [Using built-in specs.]
  ignore line: [COLLECT_GCC=/usr/bin/cc]
  ignore line: [COLLECT_LTO_WRAPPER=/usr/lib/gcc/x86_64-linux-gnu/11/lto-wrapper]
  ignore line: [OFFLOAD_TARGET_NAMES=nvptx-none:amdgcn-amdhsa]
  ignore line: [OFFLOAD_TARGET_DEFAULT=1]
  ignore line: [Target: x86_64-linux-gnu]
  ignore line: [Configured with: ../src/configure -v --with-pkgversion='Ubuntu 11.4.0-1ubuntu1~22.04.3' --with-bugurl=file:///usr/share/doc/gcc-11/README.Bugs --enable-languages=c ada c++ go brig d fortran objc obj-c++ m2 --prefix=/usr --with-gcc-major-version-only --program-suffix=-11 --program-prefix=x86_64-linux-gnu- --enable-shared --enable-linker-build-id --libexecdir=/usr/lib --without-included-gettext --enable-threads=posix --libdir=/usr/lib --enable-nls --enable-bootstrap --enable-clocale=gnu --enable-libstdcxx-debug --enable-libstdcxx-time=yes --with-default-libstdcxx-abi=new --enable-gnu-unique-object --disable-vtable-verify --enable-plugin --enable-default-pie --with-system-zlib --enable-libphobos-checking=release --with-target-system-zlib=auto --enable-objc-gc=auto --enable-multiarch --disable-werror --enable-cet --with-arch-32=i686 --with-abi=m64 --with-multilib-list=m32 m64 mx32 --enable-multilib --with-tune=generic --enable-offload-targets=nvptx-none=/build/gcc-11-0odw26/gcc-11-11.4.0/debian/tmp-nvptx/usr amdgcn-amdhsa=/build/gcc-11-0odw26/gcc-11-11.4.0/debian/tmp-gcn/usr --without-cuda-driver --enable-checking=release --build=x86_64-linux-gnu --host=x86_64-linux-gnu --target=x86_64-linux-gnu --with-build-config=bootstrap-lto-lean --enable-link-serialization=2]
  ignore line: [Thread model: posix]
  ignore line: [Supported LTO compression algorithms: zlib zstd]
  ignore line: [gcc version 11.4.0 (Ubuntu 11.4.0-1ubuntu1~22.04.3) ]
  ignore line: [COMPILER_PATH=/usr/lib/gcc/x86_64-linux-gnu/11/:/usr/lib/gcc/x86_64-linux-gnu/11/:/usr/lib/gcc/x86_64-linux-gnu/:/usr/lib/gcc/x86_64-linux-gnu/11/:/usr/lib/gcc/x86_64-linux-gnu/]
  ignore line: [LIBRARY_PATH=/usr/lib/gcc/x86_64-linux-gnu/11/:/usr/lib/gcc/x86_64-linux-gnu/11/../../../x86_64-linux-gnu/:/usr/lib/gcc/x86_64-linux-gnu/11/../../../../lib/:/lib/x86_64-linux-gnu/:/lib/../lib/:/usr/lib/x86_64-linux-gnu/:/usr/lib/../lib/:/usr/lib/gcc/x86_64-linux-gnu/11/../../../:/lib/:/usr/lib/]
  ignore line: [COLLECT_GCC_OPTIONS='-L/home/sophie/miniconda3/lib' '-L/home/sophie/miniconda3/targets/x86_64-linux/lib' '-L/home/sophie/miniconda3/targets/x86_64-linux/lib/stubs' '-v' '-o' 'cmTC_3d3af' '-mtune=generic' '-march=x86-64' '-dumpdir' 'cmTC_3d3af.']
  link line: [ /usr/lib/gcc/x86_64-linux-gnu/11/collect2 -plugin /usr/lib/gcc/x86_64-linux-gnu/11/liblto_plugin.so -plugin-opt=/usr/lib/gcc/x86_64-linux-gnu/11/lto-wrapper -plugin-opt=-fresolution=/tmp/ccT4NHFU.res -plugin-opt=-pass-through=-lgcc -plugin-opt=-pass-through=-lgcc_s -plugin-opt=-pass-through=-lc -plugin-opt=-pass-through=-lgcc -plugin-opt=-pass-through=-lgcc_s --build-id --eh-frame-hdr -m elf_x86_64 --hash-style=gnu --as-needed -dynamic-linker /lib64/ld-linux-x86-64.so.2 -pie -z now -z relro -o cmTC_3d3af /usr/lib/gcc/x86_64-linux-gnu/11/../../../x86_64-linux-gnu/Scrt1.o /usr/lib/gcc/x86_64-linux-gnu/11/../../../x86_64-linux-gnu/crti.o /usr/lib/gcc/x86_64-linux-gnu/11/crtbeginS.o -L/home/sophie/miniconda3/lib -L/home/sophie/miniconda3/targets/x86_64-linux/lib -L/home/sophie/miniconda3/targets/x86_64-linux/lib/stubs -L/usr/lib/gcc/x86_64-linux-gnu/11 -L/usr/lib/gcc/x86_64-linux-gnu/11/../../../x86_64-linux-gnu -L/usr/lib/gcc/x86_64-linux-gnu/11/../../../../lib -L/lib/x86_64-linux-gnu -L/lib/../lib -L/usr/lib/x86_64-linux-gnu -L/usr/lib/../lib -L/usr/lib/gcc/x86_64-linux-gnu/11/../../.. -O2 --sort-common --as-needed -z relro -z now --disable-new-dtags --gc-sections -rpath /home/sophie/miniconda3/lib -rpath-link /home/sophie/miniconda3/lib CMakeFiles/cmTC_3d3af.dir/CMakeCCompilerABI.c.o -lgcc --push-state --as-needed -lgcc_s --pop-state -lc -lgcc --push-state --as-needed -lgcc_s --pop-state /usr/lib/gcc/x86_64-linux-gnu/11/crtendS.o /usr/lib/gcc/x86_64-linux-gnu/11/../../../x86_64-linux-gnu/crtn.o]
    arg [/usr/lib/gcc/x86_64-linux-gnu/11/collect2] ==> ignore
    arg [-plugin] ==> ignore
    arg [/usr/lib/gcc/x86_64-linux-gnu/11/liblto_plugin.so] ==> ignore
    arg [-plugin-opt=/usr/lib/gcc/x86_64-linux-gnu/11/lto-wrapper] ==> ignore
    arg [-plugin-opt=-fresolution=/tmp/ccT4NHFU.res] ==> ignore
    arg [-plugin-opt=-pass-through=-lgcc] ==> ignore
    arg [-plugin-opt=-pass-through=-lgcc_s] ==> ignore
    arg [-plugin-opt=-pass-through=-lc] ==> ignore
    arg [-plugin-opt=-pass-through=-lgcc] ==> ignore
    arg [-plugin-opt=-pass-through=-lgcc_s] ==> ignore
    arg [--build-id] ==> ignore
    arg [--eh-frame-hdr] ==> ignore
    arg [-m] ==> ignore
    arg [elf_x86_64] ==> ignore
    arg [--hash-style=gnu] ==> ignore
    arg [--as-needed] ==> ignore
    arg [-dynamic-linker] ==> ignore
    arg [/lib64/ld-linux-x86-64.so.2] ==> ignore
    arg [-pie] ==> ignore
    arg [-znow] ==> ignore
    arg [-zrelro] ==> ignore
    arg [-o] ==> ignore
    arg [cmTC_3d3af] ==> ignore
    arg [/usr/lib/gcc/x86_64-linux-gnu/11/../../../x86_64-linux-gnu/Scrt1.o] ==> obj [/usr/lib/gcc/x86_64-linux-gnu/11/../../../x86_64-linux-gnu/Scrt1.o]
    arg [/usr/lib/gcc/x86_64-linux-gnu/11/../../../x86_64-linux-gnu/crti.o] ==> obj [/usr/lib/gcc/x86_64-linux-gnu/11/../../../x86_64-linux-gnu/crti.o]
    arg [/usr/lib/gcc/x86_64-linux-gnu/11/crtbeginS.o] ==> obj [/usr/lib/gcc/x86_64-linux-gnu/11/crtbeginS.o]
    arg [-L/home/sophie/miniconda3/lib] ==> dir [/home/sophie/miniconda3/lib]
    arg [-L/home/sophie/miniconda3/targets/x86_64-linux/lib] ==> dir [/home/sophie/miniconda3/targets/x86_64-linux/lib]
    arg [-L/home/sophie/miniconda3/targets/x86_64-linux/lib/stubs] ==> dir [/home/sophie/miniconda3/targets/x86_64-linux/lib/stubs]
    arg [-L/usr/lib/gcc/x86_64-linux-gnu/11] ==> dir [/usr/lib/gcc/x86_64-linux-gnu/11]
    arg [-L/usr/lib/gcc/x86_64-linux-gnu/11/../../../x86_64-linux-gnu] ==> dir [/usr/lib/gcc/x86_64-linux-gnu/11/../../../x86_64-linux-gnu]
    arg [-L/usr/lib/gcc/x86_64-linux-gnu/11/../../../../lib] ==> dir [/usr/lib/gcc/x86_64-linux-gnu/11/../../../../lib]
    arg [-L/lib/x86_64-linux-gnu] ==> dir [/lib/x86_64-linux-gnu]
    arg [-L/lib/../lib] ==> dir [/lib/../lib]
    arg [-L/usr/lib/x86_64-linux-gnu] ==> dir [/usr/lib/x86_64-linux-gnu]
    arg [-L/usr/lib/../lib] ==> dir [/usr/lib/../lib]
    arg [-L/usr/lib/gcc/x86_64-linux-gnu/11/../../..] ==> dir [/usr/lib/gcc/x86_64-linux-gnu/11/../../..]
    arg [-O2] ==> ignore
    arg [--sort-common] ==> ignore
    arg [--as-needed] ==> ignore
    arg [-zrelro] ==> ignore
    arg [-znow] ==> ignore
    arg [--disable-new-dtags] ==> ignore
    arg [--gc-sections] ==> ignore
    arg [-rpath] ==> ignore
    arg [/home/sophie/miniconda3/lib] ==> ignore
    arg [-rpath-link] ==> ignore
    arg [/home/sophie/miniconda3/lib] ==> ignore
    arg [CMakeFiles/cmTC_3d3af.dir/CMakeCCompilerABI.c.o] ==> ignore
    arg [-lgcc] ==> lib [gcc]
    arg [--push-state] ==> ignore
    arg [--as-needed] ==> ignore
    arg [-lgcc_s] ==> lib [gcc_s]
    arg [--pop-state] ==> ignore
    arg [-lc] ==> lib [c]
    arg [-lgcc] ==> lib [gcc]
    arg [--push-state] ==> ignore
    arg [--as-needed] ==> ignore
    arg [-lgcc_s] ==> lib [gcc_s]
    arg [--pop-state] ==> ignore
    arg [/usr/lib/gcc/x86_64-linux-gnu/11/crtendS.o] ==> obj [/usr/lib/gcc/x86_64-linux-gnu/11/crtendS.o]
    arg [/usr/lib/gcc/x86_64-linux-gnu/11/../../../x86_64-linux-gnu/crtn.o] ==> obj [/usr/lib/gcc/x86_64-linux-gnu/11/../../../x86_64-linux-gnu/crtn.o]
  collapse obj [/usr/lib/gcc/x86_64-linux-gnu/11/../../../x86_64-linux-gnu/Scrt1.o] ==> [/usr/lib/x86_64-linux-gnu/Scrt1.o]
  collapse obj [/usr/lib/gcc/x86_64-linux-gnu/11/../../../x86_64-linux-gnu/crti.o] ==> [/usr/lib/x86_64-linux-gnu/crti.o]
  collapse obj [/usr/lib/gcc/x86_64-linux-gnu/11/../../../x86_64-linux-gnu/crtn.o] ==> [/usr/lib/x86_64-linux-gnu/crtn.o]
  collapse library dir [/home/sophie/miniconda3/lib] ==> [/home/sophie/miniconda3/lib]
  collapse library dir [/home/sophie/miniconda3/targets/x86_64-linux/lib] ==> [/home/sophie/miniconda3/targets/x86_64-linux/lib]
  collapse library dir [/home/sophie/miniconda3/targets/x86_64-linux/lib/stubs] ==> [/home/sophie/miniconda3/targets/x86_64-linux/lib/stubs]
  collapse library dir [/usr/lib/gcc/x86_64-linux-gnu/11] ==> [/usr/lib/gcc/x86_64-linux-gnu/11]
  collapse library dir [/usr/lib/gcc/x86_64-linux-gnu/11/../../../x86_64-linux-gnu] ==> [/usr/lib/x86_64-linux-gnu]
  collapse library dir [/usr/lib/gcc/x86_64-linux-gnu/11/../../../../lib] ==> [/usr/lib]
  collapse library dir [/lib/x86_64-linux-gnu] ==> [/lib/x86_64-linux-gnu]
  collapse library dir [/lib/../lib] ==> [/lib]
  collapse library dir [/usr/lib/x86_64-linux-gnu] ==> [/usr/lib/x86_64-linux-gnu]
  collapse library dir [/usr/lib/../lib] ==> [/usr/lib]
  collapse library dir [/usr/lib/gcc/x86_64-linux-gnu/11/../../..] ==> [/usr/lib]
  implicit libs: [gcc;gcc_s;c;gcc;gcc_s]
  implicit objs: [/usr/lib/x86_64-linux-gnu/Scrt1.o;/usr/lib/x86_64-linux-gnu/crti.o;/usr/lib/gcc/x86_64-linux-gnu/11/crtbeginS.o;/usr/lib/gcc/x86_64-linux-gnu/11/crtendS.o;/usr/lib/x86_64-linux-gnu/crtn.o]
  implicit dirs: [/home/sophie/miniconda3/lib;/home/sophie/miniconda3/targets/x86_64-linux/lib;/home/sophie/miniconda3/targets/x86_64-linux/lib/stubs;/usr/lib/gcc/x86_64-linux-gnu/11;/usr/lib/x86_64-linux-gnu;/usr/lib;/lib/x86_64-linux-gnu;/lib]
  implicit fwks: []


Detecting CXX compiler ABI info compiled with the following output:
Change Dir: /home/sophie/isaac_lab/isaac_ws/rl_code/soarm100sim/ros2/build/soarm100_interfaces/CMakeFiles/CMakeTmp

Run Build Command(s):/usr/bin/gmake -f Makefile cmTC_62340/fast && /usr/bin/gmake  -f CMakeFiles/cmTC_62340.dir/build.make CMakeFiles/cmTC_62340.dir/build
gmake[1]: Entering directory '/home/sophie/isaac_lab/isaac_ws/rl_code/soarm100sim/ros2/build/soarm100_interfaces/CMakeFiles/CMakeTmp'
Building CXX object CMakeFiles/cmTC_62340.dir/CMakeCXXCompilerABI.cpp.o
/usr/bin/c++   -fvisibility-inlines-hidden -fmessage-length=0 -march=nocona -mtune=haswell -ftree-vectorize -fPIC -fstack-protector-strong -fno-plt -O2 -ffunction-sections -pipe -isystem /home/sophie/miniconda3/include  -I/home/sophie/miniconda3/targets/x86_64-linux/include  -L/home/sophie/miniconda3/targets/x86_64-linux/lib -L/home/sophie/miniconda3/targets/x86_64-linux/lib/stubs    -v -o CMakeFiles/cmTC_62340.dir/CMakeCXXCompilerABI.cpp.o -c /usr/share/cmake-3.22/Modules/CMakeCXXCompilerABI.cpp
Using built-in specs.
COLLECT_GCC=/usr/bin/c++
OFFLOAD_TARGET_NAMES=nvptx-none:amdgcn-amdhsa
OFFLOAD_TARGET_DEFAULT=1
Target: x86_64-linux-gnu
Configured with: ../src/configure -v --with-pkgversion='Ubuntu 11.4.0-1ubuntu1~22.04.3' --with-bugurl=file:///usr/share/doc/gcc-11/README.Bugs --enable-languages=c,ada,c++,go,brig,d,fortran,objc,obj-c++,m2 --prefix=/usr --with-gcc-major-version-only --program-suffix=-11 --program-prefix=x86_64-linux-gnu- --enable-shared --enable-linker-build-id --libexecdir=/usr/lib --without-included-gettext --enable-threads=posix --libdir=/usr/lib --enable-nls --enable-bootstrap --enable-clocale=gnu --enable-libstdcxx-debug --enable-libstdcxx-time=yes --with-default-libstdcxx-abi=new --enable-gnu-unique-object --disable-vtable-verify --enable-plugin --enable-default-pie --with-system-zlib --enable-libphobos-checking=release --with-target-system-zlib=auto --enable-objc-gc=auto --enable-multiarch --disable-werror --enable-cet --with-arch-32=i686 --with-abi=m64 --with-multilib-list=m32,m64,mx32 --enable-multilib --with-tune=generic --enable-offload-targets=nvptx-none=/build/gcc-11-0odw26/gcc-11-11.4.0/debian/tmp-nvptx/usr,amdgcn-amdhsa=/build/gcc-11-0odw26/gcc-11-11.4.0/debian/tmp-gcn/usr --without-cuda-driver --enable-checking=release --build=x86_64-linux-gnu --host=x86_64-linux-gnu --target=x86_64-linux-gnu --with-build-config=bootstrap-lto-lean --enable-link-serialization=2
Thread model: posix
Supported LTO compression algorithms: zlib zstd
gcc version 11.4.0 (Ubuntu 11.4.0-1ubuntu1~22.04.3) 
COLLECT_GCC_OPTIONS='-fvisibility-inlines-hidden' '-fmessage-length=0' '-march=nocona' '-mtune=haswell' '-ftree-vectorize' '-fPIC' '-fstack-protector-strong' '-fno-plt' '-O2' '-ffunction-sections' '-pipe' '-isystem' '/home/sophie/miniconda3/include' '-I' '/home/sophie/miniconda3/targets/x86_64-linux/include' '-L/home/sophie/miniconda3/targets/x86_64-linux/lib' '-L/home/sophie/miniconda3/targets/x86_64-linux/lib/stubs' '-v' '-o' 'CMakeFiles/cmTC_62340.dir/CMakeCXXCompilerABI.cpp.o' '-c' '-shared-libgcc' '-dumpdir' 'CMakeFiles/cmTC_62340.dir/'
 /usr/lib/gcc/x86_64-linux-gnu/11/cc1plus -quiet -v -I /home/sophie/miniconda3/targets/x86_64-linux/include -imultiarch x86_64-linux-gnu -D_GNU_SOURCE -isystem /home/sophie/miniconda3/include /usr/share/cmake-3.22/Modules/CMakeCXXCompilerABI.cpp -quiet -dumpdir CMakeFiles/cmTC_62340.dir/ -dumpbase CMakeCXXCompilerABI.cpp.cpp -dumpbase-ext .cpp -march=nocona -mtune=haswell -O2 -version -fvisibility-inlines-hidden -fmessage-length=0 -ftree-vectorize -fPIC -fstack-protector-strong -fno-plt -ffunction-sections -fasynchronous-unwind-tables -fstack-protector-strong -Wformat -Wformat-security -fstack-clash-protection -fcf-protection -o - |
 as -v -I /home/sophie/miniconda3/targets/x86_64-linux/include --64 -o CMakeFiles/cmTC_62340.dir/CMakeCXXCompilerABI.cpp.o
GNU assembler version 2.38 (x86_64-linux-gnu) using BFD version (GNU Binutils for Ubuntu) 2.38
GNU C++17 (Ubuntu 11.4.0-1ubuntu1~22.04.3) version 11.4.0 (x86_64-linux-gnu)
	compiled by GNU C version 11.4.0, GMP version 6.2.1, MPFR version 4.1.0, MPC version 1.2.1, isl version isl-0.24-GMP

GGC heuristics: --param ggc-min-expand=100 --param ggc-min-heapsize=131072
ignoring duplicate directory "/usr/include/x86_64-linux-gnu/c++/11"
ignoring nonexistent directory "/usr/local/include/x86_64-linux-gnu"
ignoring nonexistent directory "/usr/lib/gcc/x86_64-linux-gnu/11/include-fixed"
ignoring nonexistent directory "/usr/lib/gcc/x86_64-linux-gnu/11/../../../../x86_64-linux-gnu/include"
#include "..." search starts here:
#include <...> search starts here:
 /home/sophie/miniconda3/targets/x86_64-linux/include
 /home/sophie/miniconda3/include
 /usr/include/c++/11
 /usr/include/x86_64-linux-gnu/c++/11
 /usr/include/c++/11/backward
 /usr/lib/gcc/x86_64-linux-gnu/11/include
 /usr/local/include
 /usr/include/x86_64-linux-gnu
 /usr/include
End of search list.
GNU C++17 (Ubuntu 11.4.0-1ubuntu1~22.04.3) version 11.4.0 (x86_64-linux-gnu)
	compiled by GNU C version 11.4.0, GMP version 6.2.1, MPFR version 4.1.0, MPC version 1.2.1, isl version isl-0.24-GMP

GGC heuristics: --param ggc-min-expand=100 --param ggc-min-heapsize=131072
Compiler executable checksum: ac7fa628ee459f217e6fdb88b3db0bde
COMPILER_PATH=/usr/lib/gcc/x86_64-linux-gnu/11/:/usr/lib/gcc/x86_64-linux-gnu/11/:/usr/lib/gcc/x86_64-linux-gnu/:/usr/lib/gcc/x86_64-linux-gnu/11/:/usr/lib/gcc/x86_64-linux-gnu/
LIBRARY_PATH=/usr/lib/gcc/x86_64-linux-gnu/11/:/usr/lib/gcc/x86_64-linux-gnu/11/../../../x86_64-linux-gnu/:/usr/lib/gcc/x86_64-linux-gnu/11/../../../../lib/:/lib/x86_64-linux-gnu/:/lib/../lib/:/usr/lib/x86_64-linux-gnu/:/usr/lib/../lib/:/usr/lib/gcc/x86_64-linux-gnu/11/../../../:/lib/:/usr/lib/
COLLECT_GCC_OPTIONS='-fvisibility-inlines-hidden' '-fmessage-length=0' '-march=nocona' '-mtune=haswell' '-ftree-vectorize' '-fPIC' '-fstack-protector-strong' '-fno-plt' '-O2' '-ffunction-sections' '-pipe' '-isystem' '/home/sophie/miniconda3/include' '-I' '/home/sophie/miniconda3/targets/x86_64-linux/include' '-L/home/sophie/miniconda3/targets/x86_64-linux/lib' '-L/home/sophie/miniconda3/targets/x86_64-linux/lib/stubs' '-v' '-o' 'CMakeFiles/cmTC_62340.dir/CMakeCXXCompilerABI.cpp.o' '-c' '-shared-libgcc' '-dumpdir' 'CMakeFiles/cmTC_62340.dir/CMakeCXXCompilerABI.cpp.'
Linking CXX executable cmTC_62340
/usr/bin/cmake -E cmake_link_script CMakeFiles/cmTC_62340.dir/link.txt --verbose=1
/usr/bin/c++ -fvisibility-inlines-hidden -fmessage-length=0 -march=nocona -mtune=haswell -ftree-vectorize -fPIC -fstack-protector-strong -fno-plt -O2 -ffunction-sections -pipe -isystem /home/sophie/miniconda3/include  -I/home/sophie/miniconda3/targets/x86_64-linux/include  -L/home/sophie/miniconda3/targets/x86_64-linux/lib -L/home/sophie/miniconda3/targets/x86_64-linux/lib/stubs  -Wl,-O2 -Wl,--sort-common -Wl,--as-needed -Wl,-z,relro -Wl,-z,now -Wl,--disable-new-dtags -Wl,--gc-sections -Wl,-rpath,/home/sophie/miniconda3/lib -Wl,-rpath-link,/home/sophie/miniconda3/lib -L/home/sophie/miniconda3/lib  -L/home/sophie/miniconda3/targets/x86_64-linux/lib -L/home/sophie/miniconda3/targets/x86_64-linux/lib/stubs -v CMakeFiles/cmTC_62340.dir/CMakeCXXCompilerABI.cpp.o -o cmTC_62340 
Using built-in specs.
COLLECT_GCC=/usr/bin/c++
COLLECT_LTO_WRAPPER=/usr/lib/gcc/x86_64-linux-gnu/11/lto-wrapper
OFFLOAD_TARGET_NAMES=nvptx-none:amdgcn-amdhsa
OFFLOAD_TARGET_DEFAULT=1
Target: x86_64-linux-gnu
Configured with: ../src/configure -v --with-pkgversion='Ubuntu 11.4.0-1ubuntu1~22.04.3' --with-bugurl=file:///usr/share/doc/gcc-11/README.Bugs --enable-languages=c,ada,c++,go,brig,d,fortran,objc,obj-c++,m2 --prefix=/usr --with-gcc-major-version-only --program-suffix=-11 --program-prefix=x86_64-linux-gnu- --enable-shared --enable-linker-build-id --libexecdir=/usr/lib --without-included-gettext --enable-threads=posix --libdir=/usr/lib --enable-nls --enable-bootstrap --enable-clocale=gnu --enable-libstdcxx-debug --enable-libstdcxx-time=yes --with-default-libstdcxx-abi=new --enable-gnu-unique-object --disable-vtable-verify --enable-plugin --enable-default-pie --with-system-zlib --enable-libphobos-checking=release --with-target-system-zlib=auto --enable-objc-gc=auto --enable-multiarch --disable-werror --enable-cet --with-arch-32=i686 --with-abi=m64 --with-multilib-list=m32,m64,mx32 --enable-multilib --with-tune=generic --enable-offload-targets=nvptx-none=/build/gcc-11-0odw26/gcc-11-11.4.0/debian/tmp-nvptx/usr,amdgcn-amdhsa=/build/gcc-11-0odw26/gcc-11-11.4.0/debian/tmp-gcn/usr --without-cuda-driver --enable-checking=release --build=x86_64-linux-gnu --host=x86_64-linux-gnu --target=x86_64-linux-gnu --with-build-config=bootstrap-lto-lean --enable-link-serialization=2
Thread model: posix
Supported LTO compression algorithms: zlib zstd
gcc version 11.4.0 (Ubuntu 11.4.0-1ubuntu1~22.04.3) 
COMPILER_PATH=/usr/lib/gcc/x86_64-linux-gnu/11/:/usr/lib/gcc/x86_64-linux-gnu/11/:/usr/lib/gcc/x86_64-linux-gnu/:/usr/lib/gcc/x86_64-linux-gnu/11/:/usr/lib/gcc/x86_64-linux-gnu/
LIBRARY_PATH=/usr/lib/gcc/x86_64-linux-gnu/11/:/usr/lib/gcc/x86_64-linux-gnu/11/../../../x86_64-linux-gnu/:/usr/lib/gcc/x86_64-linux-gnu/11/../../../../lib/:/lib/x86_64-linux-gnu/:/lib/../lib/:/usr/lib/x86_64-linux-gnu/:/usr/lib/../lib/:/usr/lib/gcc/x86_64-linux-gnu/11/../../../:/lib/:/usr/lib/
COLLECT_GCC_OPTIONS='-fvisibility-inlines-hidden' '-fmessage-length=0' '-march=nocona' '-mtune=haswell' '-ftree-vectorize' '-fPIC' '-fstack-protector-strong' '-fno-plt' '-O2' '-ffunction-sections' '-pipe' '-isystem' '/home/sophie/miniconda3/include' '-I' '/home/sophie/miniconda3/targets/x86_64-linux/include' '-L/home/sophie/miniconda3/targets/x86_64-linux/lib' '-L/home/sophie/miniconda3/targets/x86_64-linux/lib/stubs' '-L/home/sophie/miniconda3/lib' '-L/home/sophie/miniconda3/targets/x86_64-linux/lib' '-L/home/sophie/miniconda3/targets/x86_64-linux/lib/stubs' '-v' '-o' 'cmTC_62340' '-shared-libgcc' '-dumpdir' 'cmTC_62340.'
 /usr/lib/gcc/x86_64-linux-gnu/11/collect2 -plugin /usr/lib/gcc/x86_64-linux-gnu/11/liblto_plugin.so -plugin-opt=/usr/lib/gcc/x86_64-linux-gnu/11/lto-wrapper -plugin-opt=-fresolution=/tmp/cchdoNZl.res -plugin-opt=-pass-through=-lgcc_s -plugin-opt=-pass-through=-lgcc -plugin-opt=-pass-through=-lc -plugin-opt=-pass-through=-lgcc_s -plugin-opt=-pass-through=-lgcc --build-id --eh-frame-hdr -m elf_x86_64 --hash-style=gnu --as-needed -dynamic-linker /lib64/ld-linux-x86-64.so.2 -pie -z now -z relro -o cmTC_62340 /usr/lib/gcc/x86_64-linux-gnu/11/../../../x86_64-linux-gnu/Scrt1.o /usr/lib/gcc/x86_64-linux-gnu/11/../../../x86_64-linux-gnu/crti.o /usr/lib/gcc/x86_64-linux-gnu/11/crtbeginS.o -L/home/sophie/miniconda3/targets/x86_64-linux/lib -L/home/sophie/miniconda3/targets/x86_64-linux/lib/stubs -L/home/sophie/miniconda3/lib -L/home/sophie/miniconda3/targets/x86_64-linux/lib -L/home/sophie/miniconda3/targets/x86_64-linux/lib/stubs -L/usr/lib/gcc/x86_64-linux-gnu/11 -L/usr/lib/gcc/x86_64-linux-gnu/11/../../../x86_64-linux-gnu -L/usr/lib/gcc/x86_64-linux-gnu/11/../../../../lib -L/lib/x86_64-linux-gnu -L/lib/../lib -L/usr/lib/x86_64-linux-gnu -L/usr/lib/../lib -L/usr/lib/gcc/x86_64-linux-gnu/11/../../.. -O2 --sort-common --as-needed -z relro -z now --disable-new-dtags --gc-sections -rpath /home/sophie/miniconda3/lib -rpath-link /home/sophie/miniconda3/lib CMakeFiles/cmTC_62340.dir/CMakeCXXCompilerABI.cpp.o -lstdc++ -lm -lgcc_s -lgcc -lc -lgcc_s -lgcc /usr/lib/gcc/x86_64-linux-gnu/11/crtendS.o /usr/lib/gcc/x86_64-linux-gnu/11/../../../x86_64-linux-gnu/crtn.o
COLLECT_GCC_OPTIONS='-fvisibility-inlines-hidden' '-fmessage-length=0' '-march=nocona' '-mtune=haswell' '-ftree-vectorize' '-fPIC' '-fstack-protector-strong' '-fno-plt' '-O2' '-ffunction-sections' '-pipe' '-isystem' '/home/sophie/miniconda3/include' '-I' '/home/sophie/miniconda3/targets/x86_64-linux/include' '-L/home/sophie/miniconda3/targets/x86_64-linux/lib' '-L/home/sophie/miniconda3/targets/x86_64-linux/lib/stubs' '-L/home/sophie/miniconda3/lib' '-L/home/sophie/miniconda3/targets/x86_64-linux/lib' '-L/home/sophie/miniconda3/targets/x86_64-linux/lib/stubs' '-v' '-o' 'cmTC_62340' '-shared-libgcc' '-dumpdir' 'cmTC_62340.'
gmake[1]: Leaving directory '/home/sophie/isaac_lab/isaac_ws/rl_code/soarm100sim/ros2/build/soarm100_interfaces/CMakeFiles/CMakeTmp'



Parsed CXX implicit include dir info from above output: rv=done
  found start of include info
  found start of implicit include info
    add: [/home/sophie/miniconda3/targets/x86_64-linux/include]
    add: [/home/sophie/miniconda3/include]
    add: [/usr/include/c++/11]
    add: [/usr/include/x86_64-linux-gnu/c++/11]
    add: [/usr/include/c++/11/backward]
    add: [/usr/lib/gcc/x86_64-linux-gnu/11/include]
    add: [/usr/local/include]
    add: [/usr/include/x86_64-linux-gnu]
    add: [/usr/include]
  end of search list found
  collapse include dir [/home/sophie/miniconda3/targets/x86_64-linux/include] ==> [/home/sophie/miniconda3/targets/x86_64-linux/include]
  collapse include dir [/home/sophie/miniconda3/include] ==> [/home/sophie/miniconda3/include]
  collapse include dir [/usr/include/c++/11] ==> [/usr/include/c++/11]
  collapse include dir [/usr/include/x86_64-linux-gnu/c++/11] ==> [/usr/include/x86_64-linux-gnu/c++/11]
  collapse include dir [/usr/include/c++/11/backward] ==> [/usr/include/c++/11/backward]
  collapse include dir [/usr/lib/gcc/x86_64-linux-gnu/11/include] ==> [/usr/lib/gcc/x86_64-linux-gnu/11/include]
  collapse include dir [/usr/local/include] ==> [/usr/local/include]
  collapse include dir [/usr/include/x86_64-linux-gnu] ==> [/usr/include/x86_64-linux-gnu]
  collapse include dir [/usr/include] ==> [/usr/include]
  implicit include dirs: [/home/sophie/miniconda3/targets/x86_64-linux/include;/home/sophie/miniconda3/include;/usr/include/c++/11;/usr/include/x86_64-linux-gnu/c++/11;/usr/include/c++/11/backward;/usr/lib/gcc/x86_64-linux-gnu/11/include;/usr/local/include;/usr/include/x86_64-linux-gnu;/usr/include]


Parsed CXX implicit link information from above output:
  link line regex: [^( *|.*[/\])(ld|CMAKE_LINK_STARTFILE-NOTFOUND|([^/\]+-)?ld|collect2)[^/\]*( |$)]
  ignore line: [Change Dir: /home/sophie/isaac_lab/isaac_ws/rl_code/soarm100sim/ros2/build/soarm100_interfaces/CMakeFiles/CMakeTmp]
  ignore line: []
  ignore line: [Run Build Command(s):/usr/bin/gmake -f Makefile cmTC_62340/fast && /usr/bin/gmake  -f CMakeFiles/cmTC_62340.dir/build.make CMakeFiles/cmTC_62340.dir/build]
  ignore line: [gmake[1]: Entering directory '/home/sophie/isaac_lab/isaac_ws/rl_code/soarm100sim/ros2/build/soarm100_interfaces/CMakeFiles/CMakeTmp']
  ignore line: [Building CXX object CMakeFiles/cmTC_62340.dir/CMakeCXXCompilerABI.cpp.o]
  ignore line: [/usr/bin/c++   -fvisibility-inlines-hidden -fmessage-length=0 -march=nocona -mtune=haswell -ftree-vectorize -fPIC -fstack-protector-strong -fno-plt -O2 -ffunction-sections -pipe -isystem /home/sophie/miniconda3/include  -I/home/sophie/miniconda3/targets/x86_64-linux/include  -L/home/sophie/miniconda3/targets/x86_64-linux/lib -L/home/sophie/miniconda3/targets/x86_64-linux/lib/stubs    -v -o CMakeFiles/cmTC_62340.dir/CMakeCXXCompilerABI.cpp.o -c /usr/share/cmake-3.22/Modules/CMakeCXXCompilerABI.cpp]
  ignore line: [Using built-in specs.]
  ignore line: [COLLECT_GCC=/usr/bin/c++]
  ignore line: [OFFLOAD_TARGET_NAMES=nvptx-none:amdgcn-amdhsa]
  ignore line: [OFFLOAD_TARGET_DEFAULT=1]
  ignore line: [Target: x86_64-linux-gnu]
  ignore line: [Configured with: ../src/configure -v --with-pkgversion='Ubuntu 11.4.0-1ubuntu1~22.04.3' --with-bugurl=file:///usr/share/doc/gcc-11/README.Bugs --enable-languages=c ada c++ go brig d fortran objc obj-c++ m2 --prefix=/usr --with-gcc-major-version-only --program-suffix=-11 --program-prefix=x86_64-linux-gnu- --enable-shared --enable-linker-build-id --libexecdir=/usr/lib --without-included-gettext --enable-threads=posix --libdir=/usr/lib --enable-nls --enable-bootstrap --enable-clocale=gnu --enable-libstdcxx-debug --enable-libstdcxx-time=yes --with-default-libstdcxx-abi=new --enable-gnu-unique-object --disable-vtable-verify --enable-plugin --enable-default-pie --with-system-zlib --enable-libphobos-checking=release --with-target-system-zlib=auto --enable-objc-gc=auto --enable-multiarch --disable-werror --enable-cet --with-arch-32=i686 --with-abi=m64 --with-multilib-list=m32 m64 mx32 --enable-multilib --with-tune=generic --enable-offload-targets=nvptx-none=/build/gcc-11-0odw26/gcc-11-11.4.0/debian/tmp-nvptx/usr amdgcn-amdhsa=/build/gcc-11-0odw26/gcc-11-11.4.0/debian/tmp-gcn/usr --without-cuda-driver --enable-checking=release --build=x86_64-linux-gnu --host=x86_64-linux-gnu --target=x86_64-linux-gnu --with-build-config=bootstrap-lto-lean --enable-link-serialization=2]
  ignore line: [Thread model: posix]
  ignore line: [Supported LTO compression algorithms: zlib zstd]
  ignore line: [gcc version 11.4.0 (Ubuntu 11.4.0-1ubuntu1~22.04.3) ]
  ignore line: [COLLECT_GCC_OPTIONS='-fvisibility-inlines-hidden' '-fmessage-length=0' '-march=nocona' '-mtune=haswell' '-ftree-vectorize' '-fPIC' '-fstack-protector-strong' '-fno-plt' '-O2' '-ffunction-sections' '-pipe' '-isystem' '/home/sophie/miniconda3/include' '-I' '/home/sophie/miniconda3/targets/x86_64-linux/include' '-L/home/sophie/miniconda3/targets/x86_64-linux/lib' '-L/home/sophie/miniconda3/targets/x86_64-linux/lib/stubs' '-v' '-o' 'CMakeFiles/cmTC_62340.dir/CMakeCXXCompilerABI.cpp.o' '-c' '-shared-libgcc' '-dumpdir' 'CMakeFiles/cmTC_62340.dir/']
  ignore line: [ /usr/lib/gcc/x86_64-linux-gnu/11/cc1plus -quiet -v -I /home/sophie/miniconda3/targets/x86_64-linux/include -imultiarch x86_64-linux-gnu -D_GNU_SOURCE -isystem /home/sophie/miniconda3/include /usr/share/cmake-3.22/Modules/CMakeCXXCompilerABI.cpp -quiet -dumpdir CMakeFiles/cmTC_62340.dir/ -dumpbase CMakeCXXCompilerABI.cpp.cpp -dumpbase-ext .cpp -march=nocona -mtune=haswell -O2 -version -fvisibility-inlines-hidden -fmessage-length=0 -ftree-vectorize -fPIC -fstack-protector-strong -fno-plt -ffunction-sections -fasynchronous-unwind-tables -fstack-protector-strong -Wformat -Wformat-security -fstack-clash-protection -fcf-protection -o - |]
  ignore line: [ as -v -I /home/sophie/miniconda3/targets/x86_64-linux/include --64 -o CMakeFiles/cmTC_62340.dir/CMakeCXXCompilerABI.cpp.o]
  ignore line: [GNU assembler version 2.38 (x86_64-linux-gnu) using BFD version (GNU Binutils for Ubuntu) 2.38]
  ignore line: [GNU C++17 (Ubuntu 11.4.0-1ubuntu1~22.04.3) version 11.4.0 (x86_64-linux-gnu)]
  ignore line: [	compiled by GNU C version 11.4.0  GMP version 6.2.1  MPFR version 4.1.0  MPC version 1.2.1  isl version isl-0.24-GMP]
  ignore line: []
  ignore line: [GGC heuristics: --param ggc-min-expand=100 --param ggc-min-heapsize=131072]
  ignore line: [ignoring duplicate directory "/usr/include/x86_64-linux-gnu/c++/11"]
  ignore line: [ignoring nonexistent directory "/usr/local/include/x86_64-linux-gnu"]
  ignore line: [ignoring nonexistent directory "/usr/lib/gcc/x86_64-linux-gnu/11/include-fixed"]
  ignore line: [ignoring nonexistent directory "/usr/lib/gcc/x86_64-linux-gnu/11/../../../../x86_64-linux-gnu/include"]
  ignore line: [#include "..." search starts here:]
  ignore line: [#include <...> search starts here:]
  ignore line: [ /home/sophie/miniconda3/targets/x86_64-linux/include]
  ignore line: [ /home/sophie/miniconda3/include]
  ignore line: [ /usr/include/c++/11]
  ignore line: [ /usr/include/x86_64-linux-gnu/c++/11]
  ignore line: [ /usr/include/c++/11/backward]
  ignore line: [ /usr/lib/gcc/x86_64-linux-gnu/11/include]
  ignore line: [ /usr/local/include]
  ignore line: [ /usr/include/x86_64-linux-gnu]
  ignore line: [ /usr/include]
  ignore line: [End of search list.]
  ignore line: [GNU C++17 (Ubuntu 11.4.0-1ubuntu1~22.04.3) version 11.4.0 (x86_64-linux-gnu)]
  ignore line: [	compiled by GNU C version 11.4.0  GMP version 6.2.1  MPFR version 4.1.0  MPC version 1.2.1  isl version isl-0.24-GMP]
  ignore line: []
  ignore line: [GGC heuristics: --param ggc-min-expand=100 --param ggc-min-heapsize=131072]
  ignore line: [Compiler executable checksum: ac7fa628ee459f217e6fdb88b3db0bde]
  ignore line: [COMPILER_PATH=/usr/lib/gcc/x86_64-linux-gnu/11/:/usr/lib/gcc/x86_64-linux-gnu/11/:/usr/lib/gcc/x86_64-linux-gnu/:/usr/lib/gcc/x86_64-linux-gnu/11/:/usr/lib/gcc/x86_64-linux-gnu/]
  ignore line: [LIBRARY_PATH=/usr/lib/gcc/x86_64-linux-gnu/11/:/usr/lib/gcc/x86_64-linux-gnu/11/../../../x86_64-linux-gnu/:/usr/lib/gcc/x86_64-linux-gnu/11/../../../../lib/:/lib/x86_64-linux-gnu/:/lib/../lib/:/usr/lib/x86_64-linux-gnu/:/usr/lib/../lib/:/usr/lib/gcc/x86_64-linux-gnu/11/../../../:/lib/:/usr/lib/]
  ignore line: [COLLECT_GCC_OPTIONS='-fvisibility-inlines-hidden' '-fmessage-length=0' '-march=nocona' '-mtune=haswell' '-ftree-vectorize' '-fPIC' '-fstack-protector-strong' '-fno-plt' '-O2' '-ffunction-sections' '-pipe' '-isystem' '/home/sophie/miniconda3/include' '-I' '/home/sophie/miniconda3/targets/x86_64-linux/include' '-L/home/sophie/miniconda3/targets/x86_64-linux/lib' '-L/home/sophie/miniconda3/targets/x86_64-linux/lib/stubs' '-v' '-o' 'CMakeFiles/cmTC_62340.dir/CMakeCXXCompilerABI.cpp.o' '-c' '-shared-libgcc' '-dumpdir' 'CMakeFiles/cmTC_62340.dir/CMakeCXXCompilerABI.cpp.']
  ignore line: [Linking CXX executable cmTC_62340]
  ignore line: [/usr/bin/cmake -E cmake_link_script CMakeFiles/cmTC_62340.dir/link.txt --verbose=1]
  ignore line: [/usr/bin/c++ -fvisibility-inlines-hidden -fmessage-length=0 -march=nocona -mtune=haswell -ftree-vectorize -fPIC -fstack-protector-strong -fno-plt -O2 -ffunction-sections -pipe -isystem /home/sophie/miniconda3/include  -I/home/sophie/miniconda3/targets/x86_64-linux/include  -L/home/sophie/miniconda3/targets/x86_64-linux/lib -L/home/sophie/miniconda3/targets/x86_64-linux/lib/stubs  -Wl -O2 -Wl --sort-common -Wl --as-needed -Wl -z relro -Wl -z now -Wl --disable-new-dtags -Wl --gc-sections -Wl -rpath /home/sophie/miniconda3/lib -Wl -rpath-link /home/sophie/miniconda3/lib -L/home/sophie/miniconda3/lib  -L/home/sophie/miniconda3/targets/x86_64-linux/lib -L/home/sophie/miniconda3/targets/x86_64-linux/lib/stubs -v CMakeFiles/cmTC_62340.dir/CMakeCXXCompilerABI.cpp.o -o cmTC_62340 ]
  ignore line: [Using built-in specs.]
  ignore line: [COLLECT_GCC=/usr/bin/c++]
  ignore line: [COLLECT_LTO_WRAPPER=/usr/lib/gcc/x86_64-linux-gnu/11/lto-wrapper]
  ignore line: [OFFLOAD_TARGET_NAMES=nvptx-none:amdgcn-amdhsa]
  ignore line: [OFFLOAD_TARGET_DEFAULT=1]
  ignore line: [Target: x86_64-linux-gnu]
  ignore line: [Configured with: ../src/configure -v --with-pkgversion='Ubuntu 11.4.0-1ubuntu1~22.04.3' --with-bugurl=file:///usr/share/doc/gcc-11/README.Bugs --enable-languages=c ada c++ go brig d fortran objc obj-c++ m2 --prefix=/usr --with-gcc-major-version-only --program-suffix=-11 --program-prefix=x86_64-linux-gnu- --enable-shared --enable-linker-build-id --libexecdir=/usr/lib --without-included-gettext --enable-threads=posix --libdir=/usr/lib --enable-nls --enable-bootstrap --enable-clocale=gnu --enable-libstdcxx-debug --enable-libstdcxx-time=yes --with-default-libstdcxx-abi=new --enable-gnu-unique-object --disable-vtable-verify --enable-plugin --enable-default-pie --with-system-zlib --enable-libphobos-checking=release --with-target-system-zlib=auto --enable-objc-gc=auto --enable-multiarch --disable-werror --enable-cet --with-arch-32=i686 --with-abi=m64 --with-multilib-list=m32 m64 mx32 --enable-multilib --with-tune=generic --enable-offload-targets=nvptx-none=/build/gcc-11-0odw26/gcc-11-11.4.0/debian/tmp-nvptx/usr amdgcn-amdhsa=/build/gcc-11-0odw26/gcc-11-11.4.0/debian/tmp-gcn/usr --without-cuda-driver --enable-checking=release --build=x86_64-linux-gnu --host=x86_64-linux-gnu --target=x86_64-linux-gnu --with-build-config=bootstrap-lto-lean --enable-link-serialization=2]
  ignore line: [Thread model: posix]
  ignore line: [Supported LTO compression algorithms: zlib zstd]
  ignore line: [gcc version 11.4.0 (Ubuntu 11.4.0-1ubuntu1~22.04.3) ]
  ignore line: [COMPILER_PATH=/usr/lib/gcc/x86_64-linux-gnu/11/:/usr/lib/gcc/x86_64-linux-gnu/11/:/usr/lib/gcc/x86_64-linux-gnu/:/usr/lib/gcc/x86_64-linux-gnu/11/:/usr/lib/gcc/x86_64-linux-gnu/]
  ignore line: [LIBRARY_PATH=/usr/lib/gcc/x86_64-linux-gnu/11/:/usr/lib/gcc/x86_64-linux-gnu/11/../../../x86_64-linux-gnu/:/usr/lib/gcc/x86_64-linux-gnu/11/../../../../lib/:/lib/x86_64-linux-gnu/:/lib/../lib/:/usr/lib/x86_64-linux-gnu/:/usr/lib/../lib/:/usr/lib/gcc/x86_64-linux-gnu/11/../../../:/lib/:/usr/lib/]
  ignore line: [COLLECT_GCC_OPTIONS='-fvisibility-inlines-hidden' '-fmessage-length=0' '-march=nocona' '-mtune=haswell' '-ftree-vectorize' '-fPIC' '-fstack-protector-strong' '-fno-plt' '-O2' '-ffunction-sections' '-pipe' '-isystem' '/home/sophie/miniconda3/include' '-I' '/home/sophie/miniconda3/targets/x86_64-linux/include' '-L/home/sophie/miniconda3/targets/x86_64-linux/lib' '-L/home/sophie/miniconda3/targets/x86_64-linux/lib/stubs' '-L/home/sophie/miniconda3/lib' '-L/home/sophie/miniconda3/targets/x86_64-linux/lib' '-L/home/sophie/miniconda3/targets/x86_64-linux/lib/stubs' '-v' '-o' 'cmTC_62340' '-shared-libgcc' '-dumpdir' 'cmTC_62340.']
  link line: [ /usr/lib/gcc/x86_64-linux-gnu/11/collect2 -plugin /usr/lib/gcc/x86_64-linux-gnu/11/liblto_plugin.so -plugin-opt=/usr/lib/gcc/x86_64-linux-gnu/11/lto-wrapper -plugin-opt=-fresolution=/tmp/cchdoNZl.res -plugin-opt=-pass-through=-lgcc_s -plugin-opt=-pass-through=-lgcc -plugin-opt=-pass-through=-lc -plugin-opt=-pass-through=-lgcc_s -plugin-opt=-pass-through=-lgcc --build-id --eh-frame-hdr -m elf_x86_64 --hash-style=gnu --as-needed -dynamic-linker /lib64/ld-linux-x86-64.so.2 -pie -z now -z relro -o cmTC_62340 /usr/lib/gcc/x86_64-linux-gnu/11/../../../x86_64-linux-gnu/Scrt1.o /usr/lib/gcc/x86_64-linux-gnu/11/../../../x86_64-linux-gnu/crti.o /usr/lib/gcc/x86_64-linux-gnu/11/crtbeginS.o -L/home/sophie/miniconda3/targets/x86_64-linux/lib -L/home/sophie/miniconda3/targets/x86_64-linux/lib/stubs -L/home/sophie/miniconda3/lib -L/home/sophie/miniconda3/targets/x86_64-linux/lib -L/home/sophie/miniconda3/targets/x86_64-linux/lib/stubs -L/usr/lib/gcc/x86_64-linux-gnu/11 -L/usr/lib/gcc/x86_64-linux-gnu/11/../../../x86_64-linux-gnu -L/usr/lib/gcc/x86_64-linux-gnu/11/../../../../lib -L/lib/x86_64-linux-gnu -L/lib/../lib -L/usr/lib/x86_64-linux-gnu -L/usr/lib/../lib -L/usr/lib/gcc/x86_64-linux-gnu/11/../../.. -O2 --sort-common --as-needed -z relro -z now --disable-new-dtags --gc-sections -rpath /home/sophie/miniconda3/lib -rpath-link /home/sophie/miniconda3/lib CMakeFiles/cmTC_62340.dir/CMakeCXXCompilerABI.cpp.o -lstdc++ -lm -lgcc_s -lgcc -lc -lgcc_s -lgcc /usr/lib/gcc/x86_64-linux-gnu/11/crtendS.o /usr/lib/gcc/x86_64-linux-gnu/11/../../../x86_64-linux-gnu/crtn.o]
    arg [/usr/lib/gcc/x86_64-linux-gnu/11/collect2] ==> ignore
    arg [-plugin] ==> ignore
    arg [/usr/lib/gcc/x86_64-linux-gnu/11/liblto_plugin.so] ==> ignore
    arg [-plugin-opt=/usr/lib/gcc/x86_64-linux-gnu/11/lto-wrapper] ==> ignore
    arg [-plugin-opt=-fresolution=/tmp/cchdoNZl.res] ==> ignore
    arg [-plugin-opt=-pass-through=-lgcc_s] ==> ignore
    arg [-plugin-opt=-pass-through=-lgcc] ==> ignore
    arg [-plugin-opt=-pass-through=-lc] ==> ignore
    arg [-plugin-opt=-pass-through=-lgcc_s] ==> ignore
    arg [-plugin-opt=-pass-through=-lgcc] ==> ignore
    arg [--build-id] ==> ignore
    arg [--eh-frame-hdr] ==> ignore
    arg [-m] ==> ignore
    arg [elf_x86_64] ==> ignore
    arg [--hash-style=gnu] ==> ignore
    arg [--as-needed] ==> ignore
    arg [-dynamic-linker] ==> ignore
    arg [/lib64/ld-linux-x86-64.so.2] ==> ignore
    arg [-pie] ==> ignore
    arg [-znow] ==> ignore
    arg [-zrelro] ==> ignore
    arg [-o] ==> ignore
    arg [cmTC_62340] ==> ignore
    arg [/usr/lib/gcc/x86_64-linux-gnu/11/../../../x86_64-linux-gnu/Scrt1.o] ==> obj [/usr/lib/gcc/x86_64-linux-gnu/11/../../../x86_64-linux-gnu/Scrt1.o]
    arg [/usr/lib/gcc/x86_64-linux-gnu/11/../../../x86_64-linux-gnu/crti.o] ==> obj [/usr/lib/gcc/x86_64-linux-gnu/11/../../../x86_64-linux-gnu/crti.o]
    arg [/usr/lib/gcc/x86_64-linux-gnu/11/crtbeginS.o] ==> obj [/usr/lib/gcc/x86_64-linux-gnu/11/crtbeginS.o]
    arg [-L/home/sophie/miniconda3/targets/x86_64-linux/lib] ==> dir [/home/sophie/miniconda3/targets/x86_64-linux/lib]
    arg [-L/home/sophie/miniconda3/targets/x86_64-linux/lib/stubs] ==> dir [/home/sophie/miniconda3/targets/x86_64-linux/lib/stubs]
    arg [-L/home/sophie/miniconda3/lib] ==> dir [/home/sophie/miniconda3/lib]
    arg [-L/home/sophie/miniconda3/targets/x86_64-linux/lib] ==> dir [/home/sophie/miniconda3/targets/x86_64-linux/lib]
    arg [-L/home/sophie/miniconda3/targets/x86_64-linux/lib/stubs] ==> dir [/home/sophie/miniconda3/targets/x86_64-linux/lib/stubs]
    arg [-L/usr/lib/gcc/x86_64-linux-gnu/11] ==> dir [/usr/lib/gcc/x86_64-linux-gnu/11]
    arg [-L/usr/lib/gcc/x86_64-linux-gnu/11/../../../x86_64-linux-gnu] ==> dir [/usr/lib/gcc/x86_64-linux-gnu/11/../../../x86_64-linux-gnu]
    arg [-L/usr/lib/gcc/x86_64-linux-gnu/11/../../../../lib] ==> dir [/usr/lib/gcc/x86_64-linux-gnu/11/../../../../lib]
    arg [-L/lib/x86_64-linux-gnu] ==> dir [/lib/x86_64-linux-gnu]
    arg [-L/lib/../lib] ==> dir [/lib/../lib]
    arg [-L/usr/lib/x86_64-linux-gnu] ==> dir [/usr/lib/x86_64-linux-gnu]
    arg [-L/usr/lib/../lib] ==> dir [/usr/lib/../lib]
    arg [-L/usr/lib/gcc/x86_64-linux-gnu/11/../../..] ==> dir [/usr/lib/gcc/x86_64-linux-gnu/11/../../..]
    arg [-O2] ==> ignore
    arg [--sort-common] ==> ignore
    arg [--as-needed] ==> ignore
    arg [-zrelro] ==> ignore
    arg [-znow] ==> ignore
    arg [--disable-new-dtags] ==> ignore
    arg [--gc-sections] ==> ignore
    arg [-rpath] ==> ignore
    arg [/home/sophie/miniconda3/lib] ==> ignore
    arg [-rpath-link] ==> ignore
    arg [/home/sophie/miniconda3/lib] ==> ignore
    arg [CMakeFiles/cmTC_62340.dir/CMakeCXXCompilerABI.cpp.o] ==> ignore
    arg [-lstdc++] ==> lib [stdc++]
    arg [-lm] ==> lib [m]
    arg [-lgcc_s] ==> lib [gcc_s]
    arg [-lgcc] ==> lib [gcc]
    arg [-lc] ==> lib [c]
    arg [-lgcc_s] ==> lib [gcc_s]
    arg [-lgcc] ==> lib [gcc]
    arg [/usr/lib/gcc/x86_64-linux-gnu/11/crtendS.o] ==> obj [/usr/lib/gcc/x86_64-linux-gnu/11/crtendS.o]
    arg [/usr/lib/gcc/x86_64-linux-gnu/11/../../../x86_64-linux-gnu/crtn.o] ==> obj [/usr/lib/gcc/x86_64-linux-gnu/11/../../../x86_64-linux-gnu/crtn.o]
  collapse obj [/usr/lib/gcc/x86_64-linux-gnu/11/../../../x86_64-linux-gnu/Scrt1.o] ==> [/usr/lib/x86_64-linux-gnu/Scrt1.o]
  collapse obj [/usr/lib/gcc/x86_64-linux-gnu/11/../../../x86_64-linux-gnu/crti.o] ==> [/usr/lib/x86_64-linux-gnu/crti.o]
  collapse obj [/usr/lib/gcc/x86_64-linux-gnu/11/../../../x86_64-linux-gnu/crtn.o] ==> [/usr/lib/x86_64-linux-gnu/crtn.o]
  collapse library dir [/home/sophie/miniconda3/targets/x86_64-linux/lib] ==> [/home/sophie/miniconda3/targets/x86_64-linux/lib]
  collapse library dir [/home/sophie/miniconda3/targets/x86_64-linux/lib/stubs] ==> [/home/sophie/miniconda3/targets/x86_64-linux/lib/stubs]
  collapse library dir [/home/sophie/miniconda3/lib] ==> [/home/sophie/miniconda3/lib]
  collapse library dir [/home/sophie/miniconda3/targets/x86_64-linux/lib] ==> [/home/sophie/miniconda3/targets/x86_64-linux/lib]
  collapse library dir [/home/sophie/miniconda3/targets/x86_64-linux/lib/stubs] ==> [/home/sophie/miniconda3/targets/x86_64-linux/lib/stubs]
  collapse library dir [/usr/lib/gcc/x86_64-linux-gnu/11] ==> [/usr/lib/gcc/x86_64-linux-gnu/11]
  collapse library dir [/usr/lib/gcc/x86_64-linux-gnu/11/../../../x86_64-linux-gnu] ==> [/usr/lib/x86_64-linux-gnu]
  collapse library dir [/usr/lib/gcc/x86_64-linux-gnu/11/../../../../lib] ==> [/usr/lib]
  collapse library dir [/lib/x86_64-linux-gnu] ==> [/lib/x86_64-linux-gnu]
  collapse library dir [/lib/../lib] ==> [/lib]
  collapse library dir [/usr/lib/x86_64-linux-gnu] ==> [/usr/lib/x86_64-linux-gnu]
  collapse library dir [/usr/lib/../lib] ==> [/usr/lib]
  collapse library dir [/usr/lib/gcc/x86_64-linux-gnu/11/../../..] ==> [/usr/lib]
  implicit libs: [stdc++;m;gcc_s;gcc;c;gcc_s;gcc]
  implicit objs: [/usr/lib/x86_64-linux-gnu/Scrt1.o;/usr/lib/x86_64-linux-gnu/crti.o;/usr/lib/gcc/x86_64-linux-gnu/11/crtbeginS.o;/usr/lib/gcc/x86_64-linux-gnu/11/crtendS.o;/usr/lib/x86_64-linux-gnu/crtn.o]
  implicit dirs: [/home/sophie/miniconda3/targets/x86_64-linux/lib;/home/sophie/miniconda3/targets/x86_64-linux/lib/stubs;/home/sophie/miniconda3/lib;/usr/lib/gcc/x86_64-linux-gnu/11;/usr/lib/x86_64-linux-gnu;/usr/lib;/lib/x86_64-linux-gnu;/lib]
  implicit fwks: []


The system is: Linux - 6.8.0-106-generic - x86_64
Compiling the C compiler identification source file "CMakeCCompilerId.c" succeeded.
Compiler: /usr/bin/cc 
Build flags: 
Id flags:  

The output was:
0


Compilation of the C compiler identification source "CMakeCCompilerId.c" produced "a.out"

The C compiler identification is GNU, found in "/home/sophie/isaac_lab/isaac_ws/rl_code/soarm100sim/ros2/build/soarm100_interfaces/CMakeFiles/3.22.1/CompilerIdC/a.out"

Compiling the CXX compiler identification source file "CMakeCXXCompilerId.cpp" succeeded.
Compiler: /usr/bin/c++ 
Build flags: -fvisibility-inlines-hidden;-fmessage-length=0;-march=nocona;-mtune=haswell;-ftree-vectorize;-fPIC;-fstack-protector-strong;-fno-plt;-O2;-ffunction-sections;-pipe;-isystem;/home/sophie/miniconda3/include;;-I/home/sophie/miniconda3/targets/x86_64-linux/include;;-L/home/sophie/miniconda3/targets/x86_64-linux/lib;-L/home/sophie/miniconda3/targets/x86_64-linux/lib/stubs
Id flags:  

The output was:
0


Compilation of the CXX compiler identification source "CMakeCXXCompilerId.cpp" produced "a.out"

The CXX compiler identification is GNU, found in "/home/sophie/isaac_lab/isaac_ws/rl_code/soarm100sim/ros2/build/soarm100_interfaces/CMakeFiles/3.22.1/CompilerIdCXX/a.out"

Detecting C compiler ABI info compiled with the following output:
Change Dir: /home/sophie/isaac_lab/isaac_ws/rl_code/soarm100sim/ros2/build/soarm100_interfaces/CMakeFiles/CMakeTmp

Run Build Command(s):/usr/bin/gmake -f Makefile cmTC_7a607/fast && /usr/bin/gmake  -f CMakeFiles/cmTC_7a607.dir/build.make CMakeFiles/cmTC_7a607.dir/build
gmake[1]: Entering directory '/home/sophie/isaac_lab/isaac_ws/rl_code/soarm100sim/ros2/build/soarm100_interfaces/CMakeFiles/CMakeTmp'
Building C object CMakeFiles/cmTC_7a607.dir/CMakeCCompilerABI.c.o
/usr/bin/cc   -v -o CMakeFiles/cmTC_7a607.dir/CMakeCCompilerABI.c.o -c /usr/share/cmake-3.22/Modules/CMakeCCompilerABI.c
Using built-in specs.
COLLECT_GCC=/usr/bin/cc
OFFLOAD_TARGET_NAMES=nvptx-none:amdgcn-amdhsa
OFFLOAD_TARGET_DEFAULT=1
Target: x86_64-linux-gnu
Configured with: ../src/configure -v --with-pkgversion='Ubuntu 11.4.0-1ubuntu1~22.04.3' --with-bugurl=file:///usr/share/doc/gcc-11/README.Bugs --enable-languages=c,ada,c++,go,brig,d,fortran,objc,obj-c++,m2 --prefix=/usr --with-gcc-major-version-only --program-suffix=-11 --program-prefix=x86_64-linux-gnu- --enable-shared --enable-linker-build-id --libexecdir=/usr/lib --without-included-gettext --enable-threads=posix --libdir=/usr/lib --enable-nls --enable-bootstrap --enable-clocale=gnu --enable-libstdcxx-debug --enable-libstdcxx-time=yes --with-default-libstdcxx-abi=new --enable-gnu-unique-object --disable-vtable-verify --enable-plugin --enable-default-pie --with-system-zlib --enable-libphobos-checking=release --with-target-system-zlib=auto --enable-objc-gc=auto --enable-multiarch --disable-werror --enable-cet --with-arch-32=i686 --with-abi=m64 --with-multilib-list=m32,m64,mx32 --enable-multilib --with-tune=generic --enable-offload-targets=nvptx-none=/build/gcc-11-0odw26/gcc-11-11.4.0/debian/tmp-nvptx/usr,amdgcn-amdhsa=/build/gcc-11-0odw26/gcc-11-11.4.0/debian/tmp-gcn/usr --without-cuda-driver --enable-checking=release --build=x86_64-linux-gnu --host=x86_64-linux-gnu --target=x86_64-linux-gnu --with-build-config=bootstrap-lto-lean --enable-link-serialization=2
Thread model: posix
Supported LTO compression algorithms: zlib zstd
gcc version 11.4.0 (Ubuntu 11.4.0-1ubuntu1~22.04.3) 
COLLECT_GCC_OPTIONS='-v' '-o' 'CMakeFiles/cmTC_7a607.dir/CMakeCCompilerABI.c.o' '-c' '-mtune=generic' '-march=x86-64' '-dumpdir' 'CMakeFiles/cmTC_7a607.dir/'
 /usr/lib/gcc/x86_64-linux-gnu/11/cc1 -quiet -v -imultiarch x86_64-linux-gnu /usr/share/cmake-3.22/Modules/CMakeCCompilerABI.c -quiet -dumpdir CMakeFiles/cmTC_7a607.dir/ -dumpbase CMakeCCompilerABI.c.c -dumpbase-ext .c -mtune=generic -march=x86-64 -version -fasynchronous-unwind-tables -fstack-protector-strong -Wformat -Wformat-security -fstack-clash-protection -fcf-protection -o /tmp/cc1ht4oM.s
GNU C17 (Ubuntu 11.4.0-1ubuntu1~22.04.3) version 11.4.0 (x86_64-linux-gnu)
	compiled by GNU C version 11.4.0, GMP version 6.2.1, MPFR version 4.1.0, MPC version 1.2.1, isl version isl-0.24-GMP

GGC heuristics: --param ggc-min-expand=100 --param ggc-min-heapsize=131072
ignoring nonexistent directory "/usr/local/include/x86_64-linux-gnu"
ignoring nonexistent directory "/usr/lib/gcc/x86_64-linux-gnu/11/include-fixed"
ignoring nonexistent directory "/usr/lib/gcc/x86_64-linux-gnu/11/../../../../x86_64-linux-gnu/include"
#include "..." search starts here:
#include <...> search starts here:
 /usr/lib/gcc/x86_64-linux-gnu/11/include
 /usr/local/include
 /usr/include/x86_64-linux-gnu
 /usr/include
End of search list.
GNU C17 (Ubuntu 11.4.0-1ubuntu1~22.04.3) version 11.4.0 (x86_64-linux-gnu)
	compiled by GNU C version 11.4.0, GMP version 6.2.1, MPFR version 4.1.0, MPC version 1.2.1, isl version isl-0.24-GMP

GGC heuristics: --param ggc-min-expand=100 --param ggc-min-heapsize=131072
Compiler executable checksum: 46ebede1f5b795a957a1e85cb61af9d8
COLLECT_GCC_OPTIONS='-v' '-o' 'CMakeFiles/cmTC_7a607.dir/CMakeCCompilerABI.c.o' '-c' '-mtune=generic' '-march=x86-64' '-dumpdir' 'CMakeFiles/cmTC_7a607.dir/'
 as -v --64 -o CMakeFiles/cmTC_7a607.dir/CMakeCCompilerABI.c.o /tmp/cc1ht4oM.s
GNU assembler version 2.38 (x86_64-linux-gnu) using BFD version (GNU Binutils for Ubuntu) 2.38
COMPILER_PATH=/usr/lib/gcc/x86_64-linux-gnu/11/:/usr/lib/gcc/x86_64-linux-gnu/11/:/usr/lib/gcc/x86_64-linux-gnu/:/usr/lib/gcc/x86_64-linux-gnu/11/:/usr/lib/gcc/x86_64-linux-gnu/
LIBRARY_PATH=/usr/lib/gcc/x86_64-linux-gnu/11/:/usr/lib/gcc/x86_64-linux-gnu/11/../../../x86_64-linux-gnu/:/usr/lib/gcc/x86_64-linux-gnu/11/../../../../lib/:/lib/x86_64-linux-gnu/:/lib/../lib/:/usr/lib/x86_64-linux-gnu/:/usr/lib/../lib/:/usr/lib/gcc/x86_64-linux-gnu/11/../../../:/lib/:/usr/lib/
COLLECT_GCC_OPTIONS='-v' '-o' 'CMakeFiles/cmTC_7a607.dir/CMakeCCompilerABI.c.o' '-c' '-mtune=generic' '-march=x86-64' '-dumpdir' 'CMakeFiles/cmTC_7a607.dir/CMakeCCompilerABI.c.'
Linking C executable cmTC_7a607
/usr/bin/cmake -E cmake_link_script CMakeFiles/cmTC_7a607.dir/link.txt --verbose=1
/usr/bin/cc -Wl,-O2 -Wl,--sort-common -Wl,--as-needed -Wl,-z,relro -Wl,-z,now -Wl,--disable-new-dtags -Wl,--gc-sections -Wl,-rpath,/home/sophie/miniconda3/lib -Wl,-rpath-link,/home/sophie/miniconda3/lib -L/home/sophie/miniconda3/lib  -L/home/sophie/miniconda3/targets/x86_64-linux/lib -L/home/sophie/miniconda3/targets/x86_64-linux/lib/stubs -v CMakeFiles/cmTC_7a607.dir/CMakeCCompilerABI.c.o -o cmTC_7a607 
Using built-in specs.
COLLECT_GCC=/usr/bin/cc
COLLECT_LTO_WRAPPER=/usr/lib/gcc/x86_64-linux-gnu/11/lto-wrapper
OFFLOAD_TARGET_NAMES=nvptx-none:amdgcn-amdhsa
OFFLOAD_TARGET_DEFAULT=1
Target: x86_64-linux-gnu
Configured with: ../src/configure -v --with-pkgversion='Ubuntu 11.4.0-1ubuntu1~22.04.3' --with-bugurl=file:///usr/share/doc/gcc-11/README.Bugs --enable-languages=c,ada,c++,go,brig,d,fortran,objc,obj-c++,m2 --prefix=/usr --with-gcc-major-version-only --program-suffix=-11 --program-prefix=x86_64-linux-gnu- --enable-shared --enable-linker-build-id --libexecdir=/usr/lib --without-included-gettext --enable-threads=posix --libdir=/usr/lib --enable-nls --enable-bootstrap --enable-clocale=gnu --enable-libstdcxx-debug --enable-libstdcxx-time=yes --with-default-libstdcxx-abi=new --enable-gnu-unique-object --disable-vtable-verify --enable-plugin --enable-default-pie --with-system-zlib --enable-libphobos-checking=release --with-target-system-zlib=auto --enable-objc-gc=auto --enable-multiarch --disable-werror --enable-cet --with-arch-32=i686 --with-abi=m64 --with-multilib-list=m32,m64,mx32 --enable-multilib --with-tune=generic --enable-offload-targets=nvptx-none=/build/gcc-11-0odw26/gcc-11-11.4.0/debian/tmp-nvptx/usr,amdgcn-amdhsa=/build/gcc-11-0odw26/gcc-11-11.4.0/debian/tmp-gcn/usr --without-cuda-driver --enable-checking=release --build=x86_64-linux-gnu --host=x86_64-linux-gnu --target=x86_64-linux-gnu --with-build-config=bootstrap-lto-lean --enable-link-serialization=2
Thread model: posix
Supported LTO compression algorithms: zlib zstd
gcc version 11.4.0 (Ubuntu 11.4.0-1ubuntu1~22.04.3) 
COMPILER_PATH=/usr/lib/gcc/x86_64-linux-gnu/11/:/usr/lib/gcc/x86_64-linux-gnu/11/:/usr/lib/gcc/x86_64-linux-gnu/:/usr/lib/gcc/x86_64-linux-gnu/11/:/usr/lib/gcc/x86_64-linux-gnu/
LIBRARY_PATH=/usr/lib/gcc/x86_64-linux-gnu/11/:/usr/lib/gcc/x86_64-linux-gnu/11/../../../x86_64-linux-gnu/:/usr/lib/gcc/x86_64-linux-gnu/11/../../../../lib/:/lib/x86_64-linux-gnu/:/lib/../lib/:/usr/lib/x86_64-linux-gnu/:/usr/lib/../lib/:/usr/lib/gcc/x86_64-linux-gnu/11/../../../:/lib/:/usr/lib/
COLLECT_GCC_OPTIONS='-L/home/sophie/miniconda3/lib' '-L/home/sophie/miniconda3/targets/x86_64-linux/lib' '-L/home/sophie/miniconda3/targets/x86_64-linux/lib/stubs' '-v' '-o' 'cmTC_7a607' '-mtune=generic' '-march=x86-64' '-dumpdir' 'cmTC_7a607.'
 /usr/lib/gcc/x86_64-linux-gnu/11/collect2 -plugin /usr/lib/gcc/x86_64-linux-gnu/11/liblto_plugin.so -plugin-opt=/usr/lib/gcc/x86_64-linux-gnu/11/lto-wrapper -plugin-opt=-fresolution=/tmp/ccOrqw4t.res -plugin-opt=-pass-through=-lgcc -plugin-opt=-pass-through=-lgcc_s -plugin-opt=-pass-through=-lc -plugin-opt=-pass-through=-lgcc -plugin-opt=-pass-through=-lgcc_s --build-id --eh-frame-hdr -m elf_x86_64 --hash-style=gnu --as-needed -dynamic-linker /lib64/ld-linux-x86-64.so.2 -pie -z now -z relro -o cmTC_7a607 /usr/lib/gcc/x86_64-linux-gnu/11/../../../x86_64-linux-gnu/Scrt1.o /usr/lib/gcc/x86_64-linux-gnu/11/../../../x86_64-linux-gnu/crti.o /usr/lib/gcc/x86_64-linux-gnu/11/crtbeginS.o -L/home/sophie/miniconda3/lib -L/home/sophie/miniconda3/targets/x86_64-linux/lib -L/home/sophie/miniconda3/targets/x86_64-linux/lib/stubs -L/usr/lib/gcc/x86_64-linux-gnu/11 -L/usr/lib/gcc/x86_64-linux-gnu/11/../../../x86_64-linux-gnu -L/usr/lib/gcc/x86_64-linux-gnu/11/../../../../lib -L/lib/x86_64-linux-gnu -L/lib/../lib -L/usr/lib/x86_64-linux-gnu -L/usr/lib/../lib -L/usr/lib/gcc/x86_64-linux-gnu/11/../../.. -O2 --sort-common --as-needed -z relro -z now --disable-new-dtags --gc-sections -rpath /home/sophie/miniconda3/lib -rpath-link /home/sophie/miniconda3/lib CMakeFiles/cmTC_7a607.dir/CMakeCCompilerABI.c.o -lgcc --push-state --as-needed -lgcc_s --pop-state -lc -lgcc --push-state --as-needed -lgcc_s --pop-state /usr/lib/gcc/x86_64-linux-gnu/11/crtendS.o /usr/lib/gcc/x86_64-linux-gnu/11/../../../x86_64-linux-gnu/crtn.o
COLLECT_GCC_OPTIONS='-L/home/sophie/miniconda3/lib' '-L/home/sophie/miniconda3/targets/x86_64-linux/lib' '-L/home/sophie/miniconda3/targets/x86_64-linux/lib/stubs' '-v' '-o' 'cmTC_7a607' '-mtune=generic' '-march=x86-64' '-dumpdir' 'cmTC_7a607.'
gmake[1]: Leaving directory '/home/sophie/isaac_lab/isaac_ws/rl_code/soarm100sim/ros2/build/soarm100_interfaces/CMakeFiles/CMakeTmp'



Parsed C implicit include dir info from above output: rv=done
  found start of include info
  found start of implicit include info
    add: [/usr/lib/gcc/x86_64-linux-gnu/11/include]
    add: [/usr/local/include]
    add: [/usr/include/x86_64-linux-gnu]
    add: [/usr/include]
  end of search list found
  collapse include dir [/usr/lib/gcc/x86_64-linux-gnu/11/include] ==> [/usr/lib/gcc/x86_64-linux-gnu/11/include]
  collapse include dir [/usr/local/include] ==> [/usr/local/include]
  collapse include dir [/usr/include/x86_64-linux-gnu] ==> [/usr/include/x86_64-linux-gnu]
  collapse include dir [/usr/include] ==> [/usr/include]
  implicit include dirs: [/usr/lib/gcc/x86_64-linux-gnu/11/include;/usr/local/include;/usr/include/x86_64-linux-gnu;/usr/include]


Parsed C implicit link information from above output:
  link line regex: [^( *|.*[/\])(ld|CMAKE_LINK_STARTFILE-NOTFOUND|([^/\]+-)?ld|collect2)[^/\]*( |$)]
  ignore line: [Change Dir: /home/sophie/isaac_lab/isaac_ws/rl_code/soarm100sim/ros2/build/soarm100_interfaces/CMakeFiles/CMakeTmp]
  ignore line: []
  ignore line: [Run Build Command(s):/usr/bin/gmake -f Makefile cmTC_7a607/fast && /usr/bin/gmake  -f CMakeFiles/cmTC_7a607.dir/build.make CMakeFiles/cmTC_7a607.dir/build]
  ignore line: [gmake[1]: Entering directory '/home/sophie/isaac_lab/isaac_ws/rl_code/soarm100sim/ros2/build/soarm100_interfaces/CMakeFiles/CMakeTmp']
  ignore line: [Building C object CMakeFiles/cmTC_7a607.dir/CMakeCCompilerABI.c.o]
  ignore line: [/usr/bin/cc   -v -o CMakeFiles/cmTC_7a607.dir/CMakeCCompilerABI.c.o -c /usr/share/cmake-3.22/Modules/CMakeCCompilerABI.c]
  ignore line: [Using built-in specs.]
  ignore line: [COLLECT_GCC=/usr/bin/cc]
  ignore line: [OFFLOAD_TARGET_NAMES=nvptx-none:amdgcn-amdhsa]
  ignore line: [OFFLOAD_TARGET_DEFAULT=1]
  ignore line: [Target: x86_64-linux-gnu]
  ignore line: [Configured with: ../src/configure -v --with-pkgversion='Ubuntu 11.4.0-1ubuntu1~22.04.3' --with-bugurl=file:///usr/share/doc/gcc-11/README.Bugs --enable-languages=c ada c++ go brig d fortran objc obj-c++ m2 --prefix=/usr --with-gcc-major-version-only --program-suffix=-11 --program-prefix=x86_64-linux-gnu- --enable-shared --enable-linker-build-id --libexecdir=/usr/lib --without-included-gettext --enable-threads=posix --libdir=/usr/lib --enable-nls --enable-bootstrap --enable-clocale=gnu --enable-libstdcxx-debug --enable-libstdcxx-time=yes --with-default-libstdcxx-abi=new --enable-gnu-unique-object --disable-vtable-verify --enable-plugin --enable-default-pie --with-system-zlib --enable-libphobos-checking=release --with-target-system-zlib=auto --enable-objc-gc=auto --enable-multiarch --disable-werror --enable-cet --with-arch-32=i686 --with-abi=m64 --with-multilib-list=m32 m64 mx32 --enable-multilib --with-tune=generic --enable-offload-targets=nvptx-none=/build/gcc-11-0odw26/gcc-11-11.4.0/debian/tmp-nvptx/usr amdgcn-amdhsa=/build/gcc-11-0odw26/gcc-11-11.4.0/debian/tmp-gcn/usr --without-cuda-driver --enable-checking=release --build=x86_64-linux-gnu --host=x86_64-linux-gnu --target=x86_64-linux-gnu --with-build-config=bootstrap-lto-lean --enable-link-serialization=2]
  ignore line: [Thread model: posix]
  ignore line: [Supported LTO compression algorithms: zlib zstd]
  ignore line: [gcc version 11.4.0 (Ubuntu 11.4.0-1ubuntu1~22.04.3) ]
  ignore line: [COLLECT_GCC_OPTIONS='-v' '-o' 'CMakeFiles/cmTC_7a607.dir/CMakeCCompilerABI.c.o' '-c' '-mtune=generic' '-march=x86-64' '-dumpdir' 'CMakeFiles/cmTC_7a607.dir/']
  ignore line: [ /usr/lib/gcc/x86_64-linux-gnu/11/cc1 -quiet -v -imultiarch x86_64-linux-gnu /usr/share/cmake-3.22/Modules/CMakeCCompilerABI.c -quiet -dumpdir CMakeFiles/cmTC_7a607.dir/ -dumpbase CMakeCCompilerABI.c.c -dumpbase-ext .c -mtune=generic -march=x86-64 -version -fasynchronous-unwind-tables -fstack-protector-strong -Wformat -Wformat-security -fstack-clash-protection -fcf-protection -o /tmp/cc1ht4oM.s]
  ignore line: [GNU C17 (Ubuntu 11.4.0-1ubuntu1~22.04.3) version 11.4.0 (x86_64-linux-gnu)]
  ignore line: [	compiled by GNU C version 11.4.0  GMP version 6.2.1  MPFR version 4.1.0  MPC version 1.2.1  isl version isl-0.24-GMP]
  ignore line: []
  ignore line: [GGC heuristics: --param ggc-min-expand=100 --param ggc-min-heapsize=131072]
  ignore line: [ignoring nonexistent directory "/usr/local/include/x86_64-linux-gnu"]
  ignore line: [ignoring nonexistent directory "/usr/lib/gcc/x86_64-linux-gnu/11/include-fixed"]
  ignore line: [ignoring nonexistent directory "/usr/lib/gcc/x86_64-linux-gnu/11/../../../../x86_64-linux-gnu/include"]
  ignore line: [#include "..." search starts here:]
  ignore line: [#include <...> search starts here:]
  ignore line: [ /usr/lib/gcc/x86_64-linux-gnu/11/include]
  ignore line: [ /usr/local/include]
  ignore line: [ /usr/include/x86_64-linux-gnu]
  ignore line: [ /usr/include]
  ignore line: [End of search list.]
  ignore line: [GNU C17 (Ubuntu 11.4.0-1ubuntu1~22.04.3) version 11.4.0 (x86_64-linux-gnu)]
  ignore line: [	compiled by GNU C version 11.4.0  GMP version 6.2.1  MPFR version 4.1.0  MPC version 1.2.1  isl version isl-0.24-GMP]
  ignore line: []
  ignore line: [GGC heuristics: --param ggc-min-expand=100 --param ggc-min-heapsize=131072]
  ignore line: [Compiler executable checksum: 46ebede1f5b795a957a1e85cb61af9d8]
  ignore line: [COLLECT_GCC_OPTIONS='-v' '-o' 'CMakeFiles/cmTC_7a607.dir/CMakeCCompilerABI.c.o' '-c' '-mtune=generic' '-march=x86-64' '-dumpdir' 'CMakeFiles/cmTC_7a607.dir/']
  ignore line: [ as -v --64 -o CMakeFiles/cmTC_7a607.dir/CMakeCCompilerABI.c.o /tmp/cc1ht4oM.s]
  ignore line: [GNU assembler version 2.38 (x86_64-linux-gnu) using BFD version (GNU Binutils for Ubuntu) 2.38]
  ignore line: [COMPILER_PATH=/usr/lib/gcc/x86_64-linux-gnu/11/:/usr/lib/gcc/x86_64-linux-gnu/11/:/usr/lib/gcc/x86_64-linux-gnu/:/usr/lib/gcc/x86_64-linux-gnu/11/:/usr/lib/gcc/x86_64-linux-gnu/]
  ignore line: [LIBRARY_PATH=/usr/lib/gcc/x86_64-linux-gnu/11/:/usr/lib/gcc/x86_64-linux-gnu/11/../../../x86_64-linux-gnu/:/usr/lib/gcc/x86_64-linux-gnu/11/../../../../lib/:/lib/x86_64-linux-gnu/:/lib/../lib/:/usr/lib/x86_64-linux-gnu/:/usr/lib/../lib/:/usr/lib/gcc/x86_64-linux-gnu/11/../../../:/lib/:/usr/lib/]
  ignore line: [COLLECT_GCC_OPTIONS='-v' '-o' 'CMakeFiles/cmTC_7a607.dir/CMakeCCompilerABI.c.o' '-c' '-mtune=generic' '-march=x86-64' '-dumpdir' 'CMakeFiles/cmTC_7a607.dir/CMakeCCompilerABI.c.']
  ignore line: [Linking C executable cmTC_7a607]
  ignore line: [/usr/bin/cmake -E cmake_link_script CMakeFiles/cmTC_7a607.dir/link.txt --verbose=1]
  ignore line: [/usr/bin/cc -Wl -O2 -Wl --sort-common -Wl --as-needed -Wl -z relro -Wl -z now -Wl --disable-new-dtags -Wl --gc-sections -Wl -rpath /home/sophie/miniconda3/lib -Wl -rpath-link /home/sophie/miniconda3/lib -L/home/sophie/miniconda3/lib  -L/home/sophie/miniconda3/targets/x86_64-linux/lib -L/home/sophie/miniconda3/targets/x86_64-linux/lib/stubs -v CMakeFiles/cmTC_7a607.dir/CMakeCCompilerABI.c.o -o cmTC_7a607 ]
  ignore line: [Using built-in specs.]
  ignore line: [COLLECT_GCC=/usr/bin/cc]
  ignore line: [COLLECT_LTO_WRAPPER=/usr/lib/gcc/x86_64-linux-gnu/11/lto-wrapper]
  ignore line: [OFFLOAD_TARGET_NAMES=nvptx-none:amdgcn-amdhsa]
  ignore line: [OFFLOAD_TARGET_DEFAULT=1]
  ignore line: [Target: x86_64-linux-gnu]
  ignore line: [Configured with: ../src/configure -v --with-pkgversion='Ubuntu 11.4.0-1ubuntu1~22.04.3' --with-bugurl=file:///usr/share/doc/gcc-11/README.Bugs --enable-languages=c ada c++ go brig d fortran objc obj-c++ m2 --prefix=/usr --with-gcc-major-version-only --program-suffix=-11 --program-prefix=x86_64-linux-gnu- --enable-shared --enable-linker-build-id --libexecdir=/usr/lib --without-included-gettext --enable-threads=posix --libdir=/usr/lib --enable-nls --enable-bootstrap --enable-clocale=gnu --enable-libstdcxx-debug --enable-libstdcxx-time=yes --with-default-libstdcxx-abi=new --enable-gnu-unique-object --disable-vtable-verify --enable-plugin --enable-default-pie --with-system-zlib --enable-libphobos-checking=release --with-target-system-zlib=auto --enable-objc-gc=auto --enable-multiarch --disable-werror --enable-cet --with-arch-32=i686 --with-abi=m64 --with-multilib-list=m32 m64 mx32 --enable-multilib --with-tune=generic --enable-offload-targets=nvptx-none=/build/gcc-11-0odw26/gcc-11-11.4.0/debian/tmp-nvptx/usr amdgcn-amdhsa=/build/gcc-11-0odw26/gcc-11-11.4.0/debian/tmp-gcn/usr --without-cuda-driver --enable-checking=release --build=x86_64-linux-gnu --host=x86_64-linux-gnu --target=x86_64-linux-gnu --with-build-config=bootstrap-lto-lean --enable-link-serialization=2]
  ignore line: [Thread model: posix]
  ignore line: [Supported LTO compression algorithms: zlib zstd]
  ignore line: [gcc version 11.4.0 (Ubuntu 11.4.0-1ubuntu1~22.04.3) ]
  ignore line: [COMPILER_PATH=/usr/lib/gcc/x86_64-linux-gnu/11/:/usr/lib/gcc/x86_64-linux-gnu/11/:/usr/lib/gcc/x86_64-linux-gnu/:/usr/lib/gcc/x86_64-linux-gnu/11/:/usr/lib/gcc/x86_64-linux-gnu/]
  ignore line: [LIBRARY_PATH=/usr/lib/gcc/x86_64-linux-gnu/11/:/usr/lib/gcc/x86_64-linux-gnu/11/../../../x86_64-linux-gnu/:/usr/lib/gcc/x86_64-linux-gnu/11/../../../../lib/:/lib/x86_64-linux-gnu/:/lib/../lib/:/usr/lib/x86_64-linux-gnu/:/usr/lib/../lib/:/usr/lib/gcc/x86_64-linux-gnu/11/../../../:/lib/:/usr/lib/]
  ignore line: [COLLECT_GCC_OPTIONS='-L/home/sophie/miniconda3/lib' '-L/home/sophie/miniconda3/targets/x86_64-linux/lib' '-L/home/sophie/miniconda3/targets/x86_64-linux/lib/stubs' '-v' '-o' 'cmTC_7a607' '-mtune=generic' '-march=x86-64' '-dumpdir' 'cmTC_7a607.']
  link line: [ /usr/lib/gcc/x86_64-linux-gnu/11/collect2 -plugin /usr/lib/gcc/x86_64-linux-gnu/11/liblto_plugin.so -plugin-opt=/usr/lib/gcc/x86_64-linux-gnu/11/lto-wrapper -plugin-opt=-fresolution=/tmp/ccOrqw4t.res -plugin-opt=-pass-through=-lgcc -plugin-opt=-pass-through=-lgcc_s -plugin-opt=-pass-through=-lc -plugin-opt=-pass-through=-lgcc -plugin-opt=-pass-through=-lgcc_s --build-id --eh-frame-hdr -m elf_x86_64 --hash-style=gnu --as-needed -dynamic-linker /lib64/ld-linux-x86-64.so.2 -pie -z now -z relro -o cmTC_7a607 /usr/lib/gcc/x86_64-linux-gnu/11/../../../x86_64-linux-gnu/Scrt1.o /usr/lib/gcc/x86_64-linux-gnu/11/../../../x86_64-linux-gnu/crti.o /usr/lib/gcc/x86_64-linux-gnu/11/crtbeginS.o -L/home/sophie/miniconda3/lib -L/home/sophie/miniconda3/targets/x86_64-linux/lib -L/home/sophie/miniconda3/targets/x86_64-linux/lib/stubs -L/usr/lib/gcc/x86_64-linux-gnu/11 -L/usr/lib/gcc/x86_64-linux-gnu/11/../../../x86_64-linux-gnu -L/usr/lib/gcc/x86_64-linux-gnu/11/../../../../lib -L/lib/x86_64-linux-gnu -L/lib/../lib -L/usr/lib/x86_64-linux-gnu -L/usr/lib/../lib -L/usr/lib/gcc/x86_64-linux-gnu/11/../../.. -O2 --sort-common --as-needed -z relro -z now --disable-new-dtags --gc-sections -rpath /home/sophie/miniconda3/lib -rpath-link /home/sophie/miniconda3/lib CMakeFiles/cmTC_7a607.dir/CMakeCCompilerABI.c.o -lgcc --push-state --as-needed -lgcc_s --pop-state -lc -lgcc --push-state --as-needed -lgcc_s --pop-state /usr/lib/gcc/x86_64-linux-gnu/11/crtendS.o /usr/lib/gcc/x86_64-linux-gnu/11/../../../x86_64-linux-gnu/crtn.o]
    arg [/usr/lib/gcc/x86_64-linux-gnu/11/collect2] ==> ignore
    arg [-plugin] ==> ignore
    arg [/usr/lib/gcc/x86_64-linux-gnu/11/liblto_plugin.so] ==> ignore
    arg [-plugin-opt=/usr/lib/gcc/x86_64-linux-gnu/11/lto-wrapper] ==> ignore
    arg [-plugin-opt=-fresolution=/tmp/ccOrqw4t.res] ==> ignore
    arg [-plugin-opt=-pass-through=-lgcc] ==> ignore
    arg [-plugin-opt=-pass-through=-lgcc_s] ==> ignore
    arg [-plugin-opt=-pass-through=-lc] ==> ignore
    arg [-plugin-opt=-pass-through=-lgcc] ==> ignore
    arg [-plugin-opt=-pass-through=-lgcc_s] ==> ignore
    arg [--build-id] ==> ignore
    arg [--eh-frame-hdr] ==> ignore
    arg [-m] ==> ignore
    arg [elf_x86_64] ==> ignore
    arg [--hash-style=gnu] ==> ignore
    arg [--as-needed] ==> ignore
    arg [-dynamic-linker] ==> ignore
    arg [/lib64/ld-linux-x86-64.so.2] ==> ignore
    arg [-pie] ==> ignore
    arg [-znow] ==> ignore
    arg [-zrelro] ==> ignore
    arg [-o] ==> ignore
    arg [cmTC_7a607] ==> ignore
    arg [/usr/lib/gcc/x86_64-linux-gnu/11/../../../x86_64-linux-gnu/Scrt1.o] ==> obj [/usr/lib/gcc/x86_64-linux-gnu/11/../../../x86_64-linux-gnu/Scrt1.o]
    arg [/usr/lib/gcc/x86_64-linux-gnu/11/../../../x86_64-linux-gnu/crti.o] ==> obj [/usr/lib/gcc/x86_64-linux-gnu/11/../../../x86_64-linux-gnu/crti.o]
    arg [/usr/lib/gcc/x86_64-linux-gnu/11/crtbeginS.o] ==> obj [/usr/lib/gcc/x86_64-linux-gnu/11/crtbeginS.o]
    arg [-L/home/sophie/miniconda3/lib] ==> dir [/home/sophie/miniconda3/lib]
    arg [-L/home/sophie/miniconda3/targets/x86_64-linux/lib] ==> dir [/home/sophie/miniconda3/targets/x86_64-linux/lib]
    arg [-L/home/sophie/miniconda3/targets/x86_64-linux/lib/stubs] ==> dir [/home/sophie/miniconda3/targets/x86_64-linux/lib/stubs]
    arg [-L/usr/lib/gcc/x86_64-linux-gnu/11] ==> dir [/usr/lib/gcc/x86_64-linux-gnu/11]
    arg [-L/usr/lib/gcc/x86_64-linux-gnu/11/../../../x86_64-linux-gnu] ==> dir [/usr/lib/gcc/x86_64-linux-gnu/11/../../../x86_64-linux-gnu]
    arg [-L/usr/lib/gcc/x86_64-linux-gnu/11/../../../../lib] ==> dir [/usr/lib/gcc/x86_64-linux-gnu/11/../../../../lib]
    arg [-L/lib/x86_64-linux-gnu] ==> dir [/lib/x86_64-linux-gnu]
    arg [-L/lib/../lib] ==> dir [/lib/../lib]
    arg [-L/usr/lib/x86_64-linux-gnu] ==> dir [/usr/lib/x86_64-linux-gnu]
    arg [-L/usr/lib/../lib] ==> dir [/usr/lib/../lib]
    arg [-L/usr/lib/gcc/x86_64-linux-gnu/11/../../..] ==> dir [/usr/lib/gcc/x86_64-linux-gnu/11/../../..]
    arg [-O2] ==> ignore
    arg [--sort-common] ==> ignore
    arg [--as-needed] ==> ignore
    arg [-zrelro] ==> ignore
    arg [-znow] ==> ignore
    arg [--disable-new-dtags] ==> ignore
    arg [--gc-sections] ==> ignore
    arg [-rpath] ==> ignore
    arg [/home/sophie/miniconda3/lib] ==> ignore
    arg [-rpath-link] ==> ignore
    arg [/home/sophie/miniconda3/lib] ==> ignore
    arg [CMakeFiles/cmTC_7a607.dir/CMakeCCompilerABI.c.o] ==> ignore
    arg [-lgcc] ==> lib [gcc]
    arg [--push-state] ==> ignore
    arg [--as-needed] ==> ignore
    arg [-lgcc_s] ==> lib [gcc_s]
    arg [--pop-state] ==> ignore
    arg [-lc] ==> lib [c]
    arg [-lgcc] ==> lib [gcc]
    arg [--push-state] ==> ignore
    arg [--as-needed] ==> ignore
    arg [-lgcc_s] ==> lib [gcc_s]
    arg [--pop-state] ==> ignore
    arg [/usr/lib/gcc/x86_64-linux-gnu/11/crtendS.o] ==> obj [/usr/lib/gcc/x86_64-linux-gnu/11/crtendS.o]
    arg [/usr/lib/gcc/x86_64-linux-gnu/11/../../../x86_64-linux-gnu/crtn.o] ==> obj [/usr/lib/gcc/x86_64-linux-gnu/11/../../../x86_64-linux-gnu/crtn.o]
  collapse obj [/usr/lib/gcc/x86_64-linux-gnu/11/../../../x86_64-linux-gnu/Scrt1.o] ==> [/usr/lib/x86_64-linux-gnu/Scrt1.o]
  collapse obj [/usr/lib/gcc/x86_64-linux-gnu/11/../../../x86_64-linux-gnu/crti.o] ==> [/usr/lib/x86_64-linux-gnu/crti.o]
  collapse obj [/usr/lib/gcc/x86_64-linux-gnu/11/../../../x86_64-linux-gnu/crtn.o] ==> [/usr/lib/x86_64-linux-gnu/crtn.o]
  collapse library dir [/home/sophie/miniconda3/lib] ==> [/home/sophie/miniconda3/lib]
  collapse library dir [/home/sophie/miniconda3/targets/x86_64-linux/lib] ==> [/home/sophie/miniconda3/targets/x86_64-linux/lib]
  collapse library dir [/home/sophie/miniconda3/targets/x86_64-linux/lib/stubs] ==> [/home/sophie/miniconda3/targets/x86_64-linux/lib/stubs]
  collapse library dir [/usr/lib/gcc/x86_64-linux-gnu/11] ==> [/usr/lib/gcc/x86_64-linux-gnu/11]
  collapse library dir [/usr/lib/gcc/x86_64-linux-gnu/11/../../../x86_64-linux-gnu] ==> [/usr/lib/x86_64-linux-gnu]
  collapse library dir [/usr/lib/gcc/x86_64-linux-gnu/11/../../../../lib] ==> [/usr/lib]
  collapse library dir [/lib/x86_64-linux-gnu] ==> [/lib/x86_64-linux-gnu]
  collapse library dir [/lib/../lib] ==> [/lib]
  collapse library dir [/usr/lib/x86_64-linux-gnu] ==> [/usr/lib/x86_64-linux-gnu]
  collapse library dir [/usr/lib/../lib] ==> [/usr/lib]
  collapse library dir [/usr/lib/gcc/x86_64-linux-gnu/11/../../..] ==> [/usr/lib]
  implicit libs: [gcc;gcc_s;c;gcc;gcc_s]
  implicit objs: [/usr/lib/x86_64-linux-gnu/Scrt1.o;/usr/lib/x86_64-linux-gnu/crti.o;/usr/lib/gcc/x86_64-linux-gnu/11/crtbeginS.o;/usr/lib/gcc/x86_64-linux-gnu/11/crtendS.o;/usr/lib/x86_64-linux-gnu/crtn.o]
  implicit dirs: [/home/sophie/miniconda3/lib;/home/sophie/miniconda3/targets/x86_64-linux/lib;/home/sophie/miniconda3/targets/x86_64-linux/lib/stubs;/usr/lib/gcc/x86_64-linux-gnu/11;/usr/lib/x86_64-linux-gnu;/usr/lib;/lib/x86_64-linux-gnu;/lib]
  implicit fwks: []


Detecting CXX compiler ABI info compiled with the following output:
Change Dir: /home/sophie/isaac_lab/isaac_ws/rl_code/soarm100sim/ros2/build/soarm100_interfaces/CMakeFiles/CMakeTmp

Run Build Command(s):/usr/bin/gmake -f Makefile cmTC_4e24e/fast && /usr/bin/gmake  -f CMakeFiles/cmTC_4e24e.dir/build.make CMakeFiles/cmTC_4e24e.dir/build
gmake[1]: Entering directory '/home/sophie/isaac_lab/isaac_ws/rl_code/soarm100sim/ros2/build/soarm100_interfaces/CMakeFiles/CMakeTmp'
Building CXX object CMakeFiles/cmTC_4e24e.dir/CMakeCXXCompilerABI.cpp.o
/usr/bin/c++   -fvisibility-inlines-hidden -fmessage-length=0 -march=nocona -mtune=haswell -ftree-vectorize -fPIC -fstack-protector-strong -fno-plt -O2 -ffunction-sections -pipe -isystem /home/sophie/miniconda3/include  -I/home/sophie/miniconda3/targets/x86_64-linux/include  -L/home/sophie/miniconda3/targets/x86_64-linux/lib -L/home/sophie/miniconda3/targets/x86_64-linux/lib/stubs    -v -o CMakeFiles/cmTC_4e24e.dir/CMakeCXXCompilerABI.cpp.o -c /usr/share/cmake-3.22/Modules/CMakeCXXCompilerABI.cpp
Using built-in specs.
COLLECT_GCC=/usr/bin/c++
OFFLOAD_TARGET_NAMES=nvptx-none:amdgcn-amdhsa
OFFLOAD_TARGET_DEFAULT=1
Target: x86_64-linux-gnu
Configured with: ../src/configure -v --with-pkgversion='Ubuntu 11.4.0-1ubuntu1~22.04.3' --with-bugurl=file:///usr/share/doc/gcc-11/README.Bugs --enable-languages=c,ada,c++,go,brig,d,fortran,objc,obj-c++,m2 --prefix=/usr --with-gcc-major-version-only --program-suffix=-11 --program-prefix=x86_64-linux-gnu- --enable-shared --enable-linker-build-id --libexecdir=/usr/lib --without-included-gettext --enable-threads=posix --libdir=/usr/lib --enable-nls --enable-bootstrap --enable-clocale=gnu --enable-libstdcxx-debug --enable-libstdcxx-time=yes --with-default-libstdcxx-abi=new --enable-gnu-unique-object --disable-vtable-verify --enable-plugin --enable-default-pie --with-system-zlib --enable-libphobos-checking=release --with-target-system-zlib=auto --enable-objc-gc=auto --enable-multiarch --disable-werror --enable-cet --with-arch-32=i686 --with-abi=m64 --with-multilib-list=m32,m64,mx32 --enable-multilib --with-tune=generic --enable-offload-targets=nvptx-none=/build/gcc-11-0odw26/gcc-11-11.4.0/debian/tmp-nvptx/usr,amdgcn-amdhsa=/build/gcc-11-0odw26/gcc-11-11.4.0/debian/tmp-gcn/usr --without-cuda-driver --enable-checking=release --build=x86_64-linux-gnu --host=x86_64-linux-gnu --target=x86_64-linux-gnu --with-build-config=bootstrap-lto-lean --enable-link-serialization=2
Thread model: posix
Supported LTO compression algorithms: zlib zstd
gcc version 11.4.0 (Ubuntu 11.4.0-1ubuntu1~22.04.3) 
COLLECT_GCC_OPTIONS='-fvisibility-inlines-hidden' '-fmessage-length=0' '-march=nocona' '-mtune=haswell' '-ftree-vectorize' '-fPIC' '-fstack-protector-strong' '-fno-plt' '-O2' '-ffunction-sections' '-pipe' '-isystem' '/home/sophie/miniconda3/include' '-I' '/home/sophie/miniconda3/targets/x86_64-linux/include' '-L/home/sophie/miniconda3/targets/x86_64-linux/lib' '-L/home/sophie/miniconda3/targets/x86_64-linux/lib/stubs' '-v' '-o' 'CMakeFiles/cmTC_4e24e.dir/CMakeCXXCompilerABI.cpp.o' '-c' '-shared-libgcc' '-dumpdir' 'CMakeFiles/cmTC_4e24e.dir/'
 /usr/lib/gcc/x86_64-linux-gnu/11/cc1plus -quiet -v -I /home/sophie/miniconda3/targets/x86_64-linux/include -imultiarch x86_64-linux-gnu -D_GNU_SOURCE -isystem /home/sophie/miniconda3/include /usr/share/cmake-3.22/Modules/CMakeCXXCompilerABI.cpp -quiet -dumpdir CMakeFiles/cmTC_4e24e.dir/ -dumpbase CMakeCXXCompilerABI.cpp.cpp -dumpbase-ext .cpp -march=nocona -mtune=haswell -O2 -version -fvisibility-inlines-hidden -fmessage-length=0 -ftree-vectorize -fPIC -fstack-protector-strong -fno-plt -ffunction-sections -fasynchronous-unwind-tables -fstack-protector-strong -Wformat -Wformat-security -fstack-clash-protection -fcf-protection -o - |
 as -v -I /home/sophie/miniconda3/targets/x86_64-linux/include --64 -o CMakeFiles/cmTC_4e24e.dir/CMakeCXXCompilerABI.cpp.o
GNU assembler version 2.38 (x86_64-linux-gnu) using BFD version (GNU Binutils for Ubuntu) 2.38
GNU C++17 (Ubuntu 11.4.0-1ubuntu1~22.04.3) version 11.4.0 (x86_64-linux-gnu)
	compiled by GNU C version 11.4.0, GMP version 6.2.1, MPFR version 4.1.0, MPC version 1.2.1, isl version isl-0.24-GMP

GGC heuristics: --param ggc-min-expand=100 --param ggc-min-heapsize=131072
ignoring duplicate directory "/usr/include/x86_64-linux-gnu/c++/11"
ignoring nonexistent directory "/usr/local/include/x86_64-linux-gnu"
ignoring nonexistent directory "/usr/lib/gcc/x86_64-linux-gnu/11/include-fixed"
ignoring nonexistent directory "/usr/lib/gcc/x86_64-linux-gnu/11/../../../../x86_64-linux-gnu/include"
#include "..." search starts here:
#include <...> search starts here:
 /home/sophie/miniconda3/targets/x86_64-linux/include
 /home/sophie/miniconda3/include
 /usr/include/c++/11
 /usr/include/x86_64-linux-gnu/c++/11
 /usr/include/c++/11/backward
 /usr/lib/gcc/x86_64-linux-gnu/11/include
 /usr/local/include
 /usr/include/x86_64-linux-gnu
 /usr/include
End of search list.
GNU C++17 (Ubuntu 11.4.0-1ubuntu1~22.04.3) version 11.4.0 (x86_64-linux-gnu)
	compiled by GNU C version 11.4.0, GMP version 6.2.1, MPFR version 4.1.0, MPC version 1.2.1, isl version isl-0.24-GMP

GGC heuristics: --param ggc-min-expand=100 --param ggc-min-heapsize=131072
Compiler executable checksum: ac7fa628ee459f217e6fdb88b3db0bde
COMPILER_PATH=/usr/lib/gcc/x86_64-linux-gnu/11/:/usr/lib/gcc/x86_64-linux-gnu/11/:/usr/lib/gcc/x86_64-linux-gnu/:/usr/lib/gcc/x86_64-linux-gnu/11/:/usr/lib/gcc/x86_64-linux-gnu/
LIBRARY_PATH=/usr/lib/gcc/x86_64-linux-gnu/11/:/usr/lib/gcc/x86_64-linux-gnu/11/../../../x86_64-linux-gnu/:/usr/lib/gcc/x86_64-linux-gnu/11/../../../../lib/:/lib/x86_64-linux-gnu/:/lib/../lib/:/usr/lib/x86_64-linux-gnu/:/usr/lib/../lib/:/usr/lib/gcc/x86_64-linux-gnu/11/../../../:/lib/:/usr/lib/
COLLECT_GCC_OPTIONS='-fvisibility-inlines-hidden' '-fmessage-length=0' '-march=nocona' '-mtune=haswell' '-ftree-vectorize' '-fPIC' '-fstack-protector-strong' '-fno-plt' '-O2' '-ffunction-sections' '-pipe' '-isystem' '/home/sophie/miniconda3/include' '-I' '/home/sophie/miniconda3/targets/x86_64-linux/include' '-L/home/sophie/miniconda3/targets/x86_64-linux/lib' '-L/home/sophie/miniconda3/targets/x86_64-linux/lib/stubs' '-v' '-o' 'CMakeFiles/cmTC_4e24e.dir/CMakeCXXCompilerABI.cpp.o' '-c' '-shared-libgcc' '-dumpdir' 'CMakeFiles/cmTC_4e24e.dir/CMakeCXXCompilerABI.cpp.'
Linking CXX executable cmTC_4e24e
/usr/bin/cmake -E cmake_link_script CMakeFiles/cmTC_4e24e.dir/link.txt --verbose=1
/usr/bin/c++ -fvisibility-inlines-hidden -fmessage-length=0 -march=nocona -mtune=haswell -ftree-vectorize -fPIC -fstack-protector-strong -fno-plt -O2 -ffunction-sections -pipe -isystem /home/sophie/miniconda3/include  -I/home/sophie/miniconda3/targets/x86_64-linux/include  -L/home/sophie/miniconda3/targets/x86_64-linux/lib -L/home/sophie/miniconda3/targets/x86_64-linux/lib/stubs  -Wl,-O2 -Wl,--sort-common -Wl,--as-needed -Wl,-z,relro -Wl,-z,now -Wl,--disable-new-dtags -Wl,--gc-sections -Wl,-rpath,/home/sophie/miniconda3/lib -Wl,-rpath-link,/home/sophie/miniconda3/lib -L/home/sophie/miniconda3/lib  -L/home/sophie/miniconda3/targets/x86_64-linux/lib -L/home/sophie/miniconda3/targets/x86_64-linux/lib/stubs -v CMakeFiles/cmTC_4e24e.dir/CMakeCXXCompilerABI.cpp.o -o cmTC_4e24e 
Using built-in specs.
COLLECT_GCC=/usr/bin/c++
COLLECT_LTO_WRAPPER=/usr/lib/gcc/x86_64-linux-gnu/11/lto-wrapper
OFFLOAD_TARGET_NAMES=nvptx-none:amdgcn-amdhsa
OFFLOAD_TARGET_DEFAULT=1
Target: x86_64-linux-gnu
Configured with: ../src/configure -v --with-pkgversion='Ubuntu 11.4.0-1ubuntu1~22.04.3' --with-bugurl=file:///usr/share/doc/gcc-11/README.Bugs --enable-languages=c,ada,c++,go,brig,d,fortran,objc,obj-c++,m2 --prefix=/usr --with-gcc-major-version-only --program-suffix=-11 --program-prefix=x86_64-linux-gnu- --enable-shared --enable-linker-build-id --libexecdir=/usr/lib --without-included-gettext --enable-threads=posix --libdir=/usr/lib --enable-nls --enable-bootstrap --enable-clocale=gnu --enable-libstdcxx-debug --enable-libstdcxx-time=yes --with-default-libstdcxx-abi=new --enable-gnu-unique-object --disable-vtable-verify --enable-plugin --enable-default-pie --with-system-zlib --enable-libphobos-checking=release --with-target-system-zlib=auto --enable-objc-gc=auto --enable-multiarch --disable-werror --enable-cet --with-arch-32=i686 --with-abi=m64 --with-multilib-list=m32,m64,mx32 --enable-multilib --with-tune=generic --enable-offload-targets=nvptx-none=/build/gcc-11-0odw26/gcc-11-11.4.0/debian/tmp-nvptx/usr,amdgcn-amdhsa=/build/gcc-11-0odw26/gcc-11-11.4.0/debian/tmp-gcn/usr --without-cuda-driver --enable-checking=release --build=x86_64-linux-gnu --host=x86_64-linux-gnu --target=x86_64-linux-gnu --with-build-config=bootstrap-lto-lean --enable-link-serialization=2
Thread model: posix
Supported LTO compression algorithms: zlib zstd
gcc version 11.4.0 (Ubuntu 11.4.0-1ubuntu1~22.04.3) 
COMPILER_PATH=/usr/lib/gcc/x86_64-linux-gnu/11/:/usr/lib/gcc/x86_64-linux-gnu/11/:/usr/lib/gcc/x86_64-linux-gnu/:/usr/lib/gcc/x86_64-linux-gnu/11/:/usr/lib/gcc/x86_64-linux-gnu/
LIBRARY_PATH=/usr/lib/gcc/x86_64-linux-gnu/11/:/usr/lib/gcc/x86_64-linux-gnu/11/../../../x86_64-linux-gnu/:/usr/lib/gcc/x86_64-linux-gnu/11/../../../../lib/:/lib/x86_64-linux-gnu/:/lib/../lib/:/usr/lib/x86_64-linux-gnu/:/usr/lib/../lib/:/usr/lib/gcc/x86_64-linux-gnu/11/../../../:/lib/:/usr/lib/
COLLECT_GCC_OPTIONS='-fvisibility-inlines-hidden' '-fmessage-length=0' '-march=nocona' '-mtune=haswell' '-ftree-vectorize' '-fPIC' '-fstack-protector-strong' '-fno-plt' '-O2' '-ffunction-sections' '-pipe' '-isystem' '/home/sophie/miniconda3/include' '-I' '/home/sophie/miniconda3/targets/x86_64-linux/include' '-L/home/sophie/miniconda3/targets/x86_64-linux/lib' '-L/home/sophie/miniconda3/targets/x86_64-linux/lib/stubs' '-L/home/sophie/miniconda3/lib' '-L/home/sophie/miniconda3/targets/x86_64-linux/lib' '-L/home/sophie/miniconda3/targets/x86_64-linux/lib/stubs' '-v' '-o' 'cmTC_4e24e' '-shared-libgcc' '-dumpdir' 'cmTC_4e24e.'
 /usr/lib/gcc/x86_64-linux-gnu/11/collect2 -plugin /usr/lib/gcc/x86_64-linux-gnu/11/liblto_plugin.so -plugin-opt=/usr/lib/gcc/x86_64-linux-gnu/11/lto-wrapper -plugin-opt=-fresolution=/tmp/cc0G7z3V.res -plugin-opt=-pass-through=-lgcc_s -plugin-opt=-pass-through=-lgcc -plugin-opt=-pass-through=-lc -plugin-opt=-pass-through=-lgcc_s -plugin-opt=-pass-through=-lgcc --build-id --eh-frame-hdr -m elf_x86_64 --hash-style=gnu --as-needed -dynamic-linker /lib64/ld-linux-x86-64.so.2 -pie -z now -z relro -o cmTC_4e24e /usr/lib/gcc/x86_64-linux-gnu/11/../../../x86_64-linux-gnu/Scrt1.o /usr/lib/gcc/x86_64-linux-gnu/11/../../../x86_64-linux-gnu/crti.o /usr/lib/gcc/x86_64-linux-gnu/11/crtbeginS.o -L/home/sophie/miniconda3/targets/x86_64-linux/lib -L/home/sophie/miniconda3/targets/x86_64-linux/lib/stubs -L/home/sophie/miniconda3/lib -L/home/sophie/miniconda3/targets/x86_64-linux/lib -L/home/sophie/miniconda3/targets/x86_64-linux/lib/stubs -L/usr/lib/gcc/x86_64-linux-gnu/11 -L/usr/lib/gcc/x86_64-linux-gnu/11/../../../x86_64-linux-gnu -L/usr/lib/gcc/x86_64-linux-gnu/11/../../../../lib -L/lib/x86_64-linux-gnu -L/lib/../lib -L/usr/lib/x86_64-linux-gnu -L/usr/lib/../lib -L/usr/lib/gcc/x86_64-linux-gnu/11/../../.. -O2 --sort-common --as-needed -z relro -z now --disable-new-dtags --gc-sections -rpath /home/sophie/miniconda3/lib -rpath-link /home/sophie/miniconda3/lib CMakeFiles/cmTC_4e24e.dir/CMakeCXXCompilerABI.cpp.o -lstdc++ -lm -lgcc_s -lgcc -lc -lgcc_s -lgcc /usr/lib/gcc/x86_64-linux-gnu/11/crtendS.o /usr/lib/gcc/x86_64-linux-gnu/11/../../../x86_64-linux-gnu/crtn.o
COLLECT_GCC_OPTIONS='-fvisibility-inlines-hidden' '-fmessage-length=0' '-march=nocona' '-mtune=haswell' '-ftree-vectorize' '-fPIC' '-fstack-protector-strong' '-fno-plt' '-O2' '-ffunction-sections' '-pipe' '-isystem' '/home/sophie/miniconda3/include' '-I' '/home/sophie/miniconda3/targets/x86_64-linux/include' '-L/home/sophie/miniconda3/targets/x86_64-linux/lib' '-L/home/sophie/miniconda3/targets/x86_64-linux/lib/stubs' '-L/home/sophie/miniconda3/lib' '-L/home/sophie/miniconda3/targets/x86_64-linux/lib' '-L/home/sophie/miniconda3/targets/x86_64-linux/lib/stubs' '-v' '-o' 'cmTC_4e24e' '-shared-libgcc' '-dumpdir' 'cmTC_4e24e.'
gmake[1]: Leaving directory '/home/sophie/isaac_lab/isaac_ws/rl_code/soarm100sim/ros2/build/soarm100_interfaces/CMakeFiles/CMakeTmp'



Parsed CXX implicit include dir info from above output: rv=done
  found start of include info
  found start of implicit include info
    add: [/home/sophie/miniconda3/targets/x86_64-linux/include]
    add: [/home/sophie/miniconda3/include]
    add: [/usr/include/c++/11]
    add: [/usr/include/x86_64-linux-gnu/c++/11]
    add: [/usr/include/c++/11/backward]
    add: [/usr/lib/gcc/x86_64-linux-gnu/11/include]
    add: [/usr/local/include]
    add: [/usr/include/x86_64-linux-gnu]
    add: [/usr/include]
  end of search list found
  collapse include dir [/home/sophie/miniconda3/targets/x86_64-linux/include] ==> [/home/sophie/miniconda3/targets/x86_64-linux/include]
  collapse include dir [/home/sophie/miniconda3/include] ==> [/home/sophie/miniconda3/include]
  collapse include dir [/usr/include/c++/11] ==> [/usr/include/c++/11]
  collapse include dir [/usr/include/x86_64-linux-gnu/c++/11] ==> [/usr/include/x86_64-linux-gnu/c++/11]
  collapse include dir [/usr/include/c++/11/backward] ==> [/usr/include/c++/11/backward]
  collapse include dir [/usr/lib/gcc/x86_64-linux-gnu/11/include] ==> [/usr/lib/gcc/x86_64-linux-gnu/11/include]
  collapse include dir [/usr/local/include] ==> [/usr/local/include]
  collapse include dir [/usr/include/x86_64-linux-gnu] ==> [/usr/include/x86_64-linux-gnu]
  collapse include dir [/usr/include] ==> [/usr/include]
  implicit include dirs: [/home/sophie/miniconda3/targets/x86_64-linux/include;/home/sophie/miniconda3/include;/usr/include/c++/11;/usr/include/x86_64-linux-gnu/c++/11;/usr/include/c++/11/backward;/usr/lib/gcc/x86_64-linux-gnu/11/include;/usr/local/include;/usr/include/x86_64-linux-gnu;/usr/include]


Parsed CXX implicit link information from above output:
  link line regex: [^( *|.*[/\])(ld|CMAKE_LINK_STARTFILE-NOTFOUND|([^/\]+-)?ld|collect2)[^/\]*( |$)]
  ignore line: [Change Dir: /home/sophie/isaac_lab/isaac_ws/rl_code/soarm100sim/ros2/build/soarm100_interfaces/CMakeFiles/CMakeTmp]
  ignore line: []
  ignore line: [Run Build Command(s):/usr/bin/gmake -f Makefile cmTC_4e24e/fast && /usr/bin/gmake  -f CMakeFiles/cmTC_4e24e.dir/build.make CMakeFiles/cmTC_4e24e.dir/build]
  ignore line: [gmake[1]: Entering directory '/home/sophie/isaac_lab/isaac_ws/rl_code/soarm100sim/ros2/build/soarm100_interfaces/CMakeFiles/CMakeTmp']
  ignore line: [Building CXX object CMakeFiles/cmTC_4e24e.dir/CMakeCXXCompilerABI.cpp.o]
  ignore line: [/usr/bin/c++   -fvisibility-inlines-hidden -fmessage-length=0 -march=nocona -mtune=haswell -ftree-vectorize -fPIC -fstack-protector-strong -fno-plt -O2 -ffunction-sections -pipe -isystem /home/sophie/miniconda3/include  -I/home/sophie/miniconda3/targets/x86_64-linux/include  -L/home/sophie/miniconda3/targets/x86_64-linux/lib -L/home/sophie/miniconda3/targets/x86_64-linux/lib/stubs    -v -o CMakeFiles/cmTC_4e24e.dir/CMakeCXXCompilerABI.cpp.o -c /usr/share/cmake-3.22/Modules/CMakeCXXCompilerABI.cpp]
  ignore line: [Using built-in specs.]
  ignore line: [COLLECT_GCC=/usr/bin/c++]
  ignore line: [OFFLOAD_TARGET_NAMES=nvptx-none:amdgcn-amdhsa]
  ignore line: [OFFLOAD_TARGET_DEFAULT=1]
  ignore line: [Target: x86_64-linux-gnu]
  ignore line: [Configured with: ../src/configure -v --with-pkgversion='Ubuntu 11.4.0-1ubuntu1~22.04.3' --with-bugurl=file:///usr/share/doc/gcc-11/README.Bugs --enable-languages=c ada c++ go brig d fortran objc obj-c++ m2 --prefix=/usr --with-gcc-major-version-only --program-suffix=-11 --program-prefix=x86_64-linux-gnu- --enable-shared --enable-linker-build-id --libexecdir=/usr/lib --without-included-gettext --enable-threads=posix --libdir=/usr/lib --enable-nls --enable-bootstrap --enable-clocale=gnu --enable-libstdcxx-debug --enable-libstdcxx-time=yes --with-default-libstdcxx-abi=new --enable-gnu-unique-object --disable-vtable-verify --enable-plugin --enable-default-pie --with-system-zlib --enable-libphobos-checking=release --with-target-system-zlib=auto --enable-objc-gc=auto --enable-multiarch --disable-werror --enable-cet --with-arch-32=i686 --with-abi=m64 --with-multilib-list=m32 m64 mx32 --enable-multilib --with-tune=generic --enable-offload-targets=nvptx-none=/build/gcc-11-0odw26/gcc-11-11.4.0/debian/tmp-nvptx/usr amdgcn-amdhsa=/build/gcc-11-0odw26/gcc-11-11.4.0/debian/tmp-gcn/usr --without-cuda-driver --enable-checking=release --build=x86_64-linux-gnu --host=x86_64-linux-gnu --target=x86_64-linux-gnu --with-build-config=bootstrap-lto-lean --enable-link-serialization=2]
  ignore line: [Thread model: posix]
  ignore line: [Supported LTO compression algorithms: zlib zstd]
  ignore line: [gcc version 11.4.0 (Ubuntu 11.4.0-1ubuntu1~22.04.3) ]
  ignore line: [COLLECT_GCC_OPTIONS='-fvisibility-inlines-hidden' '-fmessage-length=0' '-march=nocona' '-mtune=haswell' '-ftree-vectorize' '-fPIC' '-fstack-protector-strong' '-fno-plt' '-O2' '-ffunction-sections' '-pipe' '-isystem' '/home/sophie/miniconda3/include' '-I' '/home/sophie/miniconda3/targets/x86_64-linux/include' '-L/home/sophie/miniconda3/targets/x86_64-linux/lib' '-L/home/sophie/miniconda3/targets/x86_64-linux/lib/stubs' '-v' '-o' 'CMakeFiles/cmTC_4e24e.dir/CMakeCXXCompilerABI.cpp.o' '-c' '-shared-libgcc' '-dumpdir' 'CMakeFiles/cmTC_4e24e.dir/']
  ignore line: [ /usr/lib/gcc/x86_64-linux-gnu/11/cc1plus -quiet -v -I /home/sophie/miniconda3/targets/x86_64-linux/include -imultiarch x86_64-linux-gnu -D_GNU_SOURCE -isystem /home/sophie/miniconda3/include /usr/share/cmake-3.22/Modules/CMakeCXXCompilerABI.cpp -quiet -dumpdir CMakeFiles/cmTC_4e24e.dir/ -dumpbase CMakeCXXCompilerABI.cpp.cpp -dumpbase-ext .cpp -march=nocona -mtune=haswell -O2 -version -fvisibility-inlines-hidden -fmessage-length=0 -ftree-vectorize -fPIC -fstack-protector-strong -fno-plt -ffunction-sections -fasynchronous-unwind-tables -fstack-protector-strong -Wformat -Wformat-security -fstack-clash-protection -fcf-protection -o - |]
  ignore line: [ as -v -I /home/sophie/miniconda3/targets/x86_64-linux/include --64 -o CMakeFiles/cmTC_4e24e.dir/CMakeCXXCompilerABI.cpp.o]
  ignore line: [GNU assembler version 2.38 (x86_64-linux-gnu) using BFD version (GNU Binutils for Ubuntu) 2.38]
  ignore line: [GNU C++17 (Ubuntu 11.4.0-1ubuntu1~22.04.3) version 11.4.0 (x86_64-linux-gnu)]
  ignore line: [	compiled by GNU C version 11.4.0  GMP version 6.2.1  MPFR version 4.1.0  MPC version 1.2.1  isl version isl-0.24-GMP]
  ignore line: []
  ignore line: [GGC heuristics: --param ggc-min-expand=100 --param ggc-min-heapsize=131072]
  ignore line: [ignoring duplicate directory "/usr/include/x86_64-linux-gnu/c++/11"]
  ignore line: [ignoring nonexistent directory "/usr/local/include/x86_64-linux-gnu"]
  ignore line: [ignoring nonexistent directory "/usr/lib/gcc/x86_64-linux-gnu/11/include-fixed"]
  ignore line: [ignoring nonexistent directory "/usr/lib/gcc/x86_64-linux-gnu/11/../../../../x86_64-linux-gnu/include"]
  ignore line: [#include "..." search starts here:]
  ignore line: [#include <...> search starts here:]
  ignore line: [ /home/sophie/miniconda3/targets/x86_64-linux/include]
  ignore line: [ /home/sophie/miniconda3/include]
  ignore line: [ /usr/include/c++/11]
  ignore line: [ /usr/include/x86_64-linux-gnu/c++/11]
  ignore line: [ /usr/include/c++/11/backward]
  ignore line: [ /usr/lib/gcc/x86_64-linux-gnu/11/include]
  ignore line: [ /usr/local/include]
  ignore line: [ /usr/include/x86_64-linux-gnu]
  ignore line: [ /usr/include]
  ignore line: [End of search list.]
  ignore line: [GNU C++17 (Ubuntu 11.4.0-1ubuntu1~22.04.3) version 11.4.0 (x86_64-linux-gnu)]
  ignore line: [	compiled by GNU C version 11.4.0  GMP version 6.2.1  MPFR version 4.1.0  MPC version 1.2.1  isl version isl-0.24-GMP]
  ignore line: []
  ignore line: [GGC heuristics: --param ggc-min-expand=100 --param ggc-min-heapsize=131072]
  ignore line: [Compiler executable checksum: ac7fa628ee459f217e6fdb88b3db0bde]
  ignore line: [COMPILER_PATH=/usr/lib/gcc/x86_64-linux-gnu/11/:/usr/lib/gcc/x86_64-linux-gnu/11/:/usr/lib/gcc/x86_64-linux-gnu/:/usr/lib/gcc/x86_64-linux-gnu/11/:/usr/lib/gcc/x86_64-linux-gnu/]
  ignore line: [LIBRARY_PATH=/usr/lib/gcc/x86_64-linux-gnu/11/:/usr/lib/gcc/x86_64-linux-gnu/11/../../../x86_64-linux-gnu/:/usr/lib/gcc/x86_64-linux-gnu/11/../../../../lib/:/lib/x86_64-linux-gnu/:/lib/../lib/:/usr/lib/x86_64-linux-gnu/:/usr/lib/../lib/:/usr/lib/gcc/x86_64-linux-gnu/11/../../../:/lib/:/usr/lib/]
  ignore line: [COLLECT_GCC_OPTIONS='-fvisibility-inlines-hidden' '-fmessage-length=0' '-march=nocona' '-mtune=haswell' '-ftree-vectorize' '-fPIC' '-fstack-protector-strong' '-fno-plt' '-O2' '-ffunction-sections' '-pipe' '-isystem' '/home/sophie/miniconda3/include' '-I' '/home/sophie/miniconda3/targets/x86_64-linux/include' '-L/home/sophie/miniconda3/targets/x86_64-linux/lib' '-L/home/sophie/miniconda3/targets/x86_64-linux/lib/stubs' '-v' '-o' 'CMakeFiles/cmTC_4e24e.dir/CMakeCXXCompilerABI.cpp.o' '-c' '-shared-libgcc' '-dumpdir' 'CMakeFiles/cmTC_4e24e.dir/CMakeCXXCompilerABI.cpp.']
  ignore line: [Linking CXX executable cmTC_4e24e]
  ignore line: [/usr/bin/cmake -E cmake_link_script CMakeFiles/cmTC_4e24e.dir/link.txt --verbose=1]
  ignore line: [/usr/bin/c++ -fvisibility-inlines-hidden -fmessage-length=0 -march=nocona -mtune=haswell -ftree-vectorize -fPIC -fstack-protector-strong -fno-plt -O2 -ffunction-sections -pipe -isystem /home/sophie/miniconda3/include  -I/home/sophie/miniconda3/targets/x86_64-linux/include  -L/home/sophie/miniconda3/targets/x86_64-linux/lib -L/home/sophie/miniconda3/targets/x86_64-linux/lib/stubs  -Wl -O2 -Wl --sort-common -Wl --as-needed -Wl -z relro -Wl -z now -Wl --disable-new-dtags -Wl --gc-sections -Wl -rpath /home/sophie/miniconda3/lib -Wl -rpath-link /home/sophie/miniconda3/lib -L/home/sophie/miniconda3/lib  -L/home/sophie/miniconda3/targets/x86_64-linux/lib -L/home/sophie/miniconda3/targets/x86_64-linux/lib/stubs -v CMakeFiles/cmTC_4e24e.dir/CMakeCXXCompilerABI.cpp.o -o cmTC_4e24e ]
  ignore line: [Using built-in specs.]
  ignore line: [COLLECT_GCC=/usr/bin/c++]
  ignore line: [COLLECT_LTO_WRAPPER=/usr/lib/gcc/x86_64-linux-gnu/11/lto-wrapper]
  ignore line: [OFFLOAD_TARGET_NAMES=nvptx-none:amdgcn-amdhsa]
  ignore line: [OFFLOAD_TARGET_DEFAULT=1]
  ignore line: [Target: x86_64-linux-gnu]
  ignore line: [Configured with: ../src/configure -v --with-pkgversion='Ubuntu 11.4.0-1ubuntu1~22.04.3' --with-bugurl=file:///usr/share/doc/gcc-11/README.Bugs --enable-languages=c ada c++ go brig d fortran objc obj-c++ m2 --prefix=/usr --with-gcc-major-version-only --program-suffix=-11 --program-prefix=x86_64-linux-gnu- --enable-shared --enable-linker-build-id --libexecdir=/usr/lib --without-included-gettext --enable-threads=posix --libdir=/usr/lib --enable-nls --enable-bootstrap --enable-clocale=gnu --enable-libstdcxx-debug --enable-libstdcxx-time=yes --with-default-libstdcxx-abi=new --enable-gnu-unique-object --disable-vtable-verify --enable-plugin --enable-default-pie --with-system-zlib --enable-libphobos-checking=release --with-target-system-zlib=auto --enable-objc-gc=auto --enable-multiarch --disable-werror --enable-cet --with-arch-32=i686 --with-abi=m64 --with-multilib-list=m32 m64 mx32 --enable-multilib --with-tune=generic --enable-offload-targets=nvptx-none=/build/gcc-11-0odw26/gcc-11-11.4.0/debian/tmp-nvptx/usr amdgcn-amdhsa=/build/gcc-11-0odw26/gcc-11-11.4.0/debian/tmp-gcn/usr --without-cuda-driver --enable-checking=release --build=x86_64-linux-gnu --host=x86_64-linux-gnu --target=x86_64-linux-gnu --with-build-config=bootstrap-lto-lean --enable-link-serialization=2]
  ignore line: [Thread model: posix]
  ignore line: [Supported LTO compression algorithms: zlib zstd]
  ignore line: [gcc version 11.4.0 (Ubuntu 11.4.0-1ubuntu1~22.04.3) ]
  ignore line: [COMPILER_PATH=/usr/lib/gcc/x86_64-linux-gnu/11/:/usr/lib/gcc/x86_64-linux-gnu/11/:/usr/lib/gcc/x86_64-linux-gnu/:/usr/lib/gcc/x86_64-linux-gnu/11/:/usr/lib/gcc/x86_64-linux-gnu/]
  ignore line: [LIBRARY_PATH=/usr/lib/gcc/x86_64-linux-gnu/11/:/usr/lib/gcc/x86_64-linux-gnu/11/../../../x86_64-linux-gnu/:/usr/lib/gcc/x86_64-linux-gnu/11/../../../../lib/:/lib/x86_64-linux-gnu/:/lib/../lib/:/usr/lib/x86_64-linux-gnu/:/usr/lib/../lib/:/usr/lib/gcc/x86_64-linux-gnu/11/../../../:/lib/:/usr/lib/]
  ignore line: [COLLECT_GCC_OPTIONS='-fvisibility-inlines-hidden' '-fmessage-length=0' '-march=nocona' '-mtune=haswell' '-ftree-vectorize' '-fPIC' '-fstack-protector-strong' '-fno-plt' '-O2' '-ffunction-sections' '-pipe' '-isystem' '/home/sophie/miniconda3/include' '-I' '/home/sophie/miniconda3/targets/x86_64-linux/include' '-L/home/sophie/miniconda3/targets/x86_64-linux/lib' '-L/home/sophie/miniconda3/targets/x86_64-linux/lib/stubs' '-L/home/sophie/miniconda3/lib' '-L/home/sophie/miniconda3/targets/x86_64-linux/lib' '-L/home/sophie/miniconda3/targets/x86_64-linux/lib/stubs' '-v' '-o' 'cmTC_4e24e' '-shared-libgcc' '-dumpdir' 'cmTC_4e24e.']
  link line: [ /usr/lib/gcc/x86_64-linux-gnu/11/collect2 -plugin /usr/lib/gcc/x86_64-linux-gnu/11/liblto_plugin.so -plugin-opt=/usr/lib/gcc/x86_64-linux-gnu/11/lto-wrapper -plugin-opt=-fresolution=/tmp/cc0G7z3V.res -plugin-opt=-pass-through=-lgcc_s -plugin-opt=-pass-through=-lgcc -plugin-opt=-pass-through=-lc -plugin-opt=-pass-through=-lgcc_s -plugin-opt=-pass-through=-lgcc --build-id --eh-frame-hdr -m elf_x86_64 --hash-style=gnu --as-needed -dynamic-linker /lib64/ld-linux-x86-64.so.2 -pie -z now -z relro -o cmTC_4e24e /usr/lib/gcc/x86_64-linux-gnu/11/../../../x86_64-linux-gnu/Scrt1.o /usr/lib/gcc/x86_64-linux-gnu/11/../../../x86_64-linux-gnu/crti.o /usr/lib/gcc/x86_64-linux-gnu/11/crtbeginS.o -L/home/sophie/miniconda3/targets/x86_64-linux/lib -L/home/sophie/miniconda3/targets/x86_64-linux/lib/stubs -L/home/sophie/miniconda3/lib -L/home/sophie/miniconda3/targets/x86_64-linux/lib -L/home/sophie/miniconda3/targets/x86_64-linux/lib/stubs -L/usr/lib/gcc/x86_64-linux-gnu/11 -L/usr/lib/gcc/x86_64-linux-gnu/11/../../../x86_64-linux-gnu -L/usr/lib/gcc/x86_64-linux-gnu/11/../../../../lib -L/lib/x86_64-linux-gnu -L/lib/../lib -L/usr/lib/x86_64-linux-gnu -L/usr/lib/../lib -L/usr/lib/gcc/x86_64-linux-gnu/11/../../.. -O2 --sort-common --as-needed -z relro -z now --disable-new-dtags --gc-sections -rpath /home/sophie/miniconda3/lib -rpath-link /home/sophie/miniconda3/lib CMakeFiles/cmTC_4e24e.dir/CMakeCXXCompilerABI.cpp.o -lstdc++ -lm -lgcc_s -lgcc -lc -lgcc_s -lgcc /usr/lib/gcc/x86_64-linux-gnu/11/crtendS.o /usr/lib/gcc/x86_64-linux-gnu/11/../../../x86_64-linux-gnu/crtn.o]
    arg [/usr/lib/gcc/x86_64-linux-gnu/11/collect2] ==> ignore
    arg [-plugin] ==> ignore
    arg [/usr/lib/gcc/x86_64-linux-gnu/11/liblto_plugin.so] ==> ignore
    arg [-plugin-opt=/usr/lib/gcc/x86_64-linux-gnu/11/lto-wrapper] ==> ignore
    arg [-plugin-opt=-fresolution=/tmp/cc0G7z3V.res] ==> ignore
    arg [-plugin-opt=-pass-through=-lgcc_s] ==> ignore
    arg [-plugin-opt=-pass-through=-lgcc] ==> ignore
    arg [-plugin-opt=-pass-through=-lc] ==> ignore
    arg [-plugin-opt=-pass-through=-lgcc_s] ==> ignore
    arg [-plugin-opt=-pass-through=-lgcc] ==> ignore
    arg [--build-id] ==> ignore
    arg [--eh-frame-hdr] ==> ignore
    arg [-m] ==> ignore
    arg [elf_x86_64] ==> ignore
    arg [--hash-style=gnu] ==> ignore
    arg [--as-needed] ==> ignore
    arg [-dynamic-linker] ==> ignore
    arg [/lib64/ld-linux-x86-64.so.2] ==> ignore
    arg [-pie] ==> ignore
    arg [-znow] ==> ignore
    arg [-zrelro] ==> ignore
    arg [-o] ==> ignore
    arg [cmTC_4e24e] ==> ignore
    arg [/usr/lib/gcc/x86_64-linux-gnu/11/../../../x86_64-linux-gnu/Scrt1.o] ==> obj [/usr/lib/gcc/x86_64-linux-gnu/11/../../../x86_64-linux-gnu/Scrt1.o]
    arg [/usr/lib/gcc/x86_64-linux-gnu/11/../../../x86_64-linux-gnu/crti.o] ==> obj [/usr/lib/gcc/x86_64-linux-gnu/11/../../../x86_64-linux-gnu/crti.o]
    arg [/usr/lib/gcc/x86_64-linux-gnu/11/crtbeginS.o] ==> obj [/usr/lib/gcc/x86_64-linux-gnu/11/crtbeginS.o]
    arg [-L/home/sophie/miniconda3/targets/x86_64-linux/lib] ==> dir [/home/sophie/miniconda3/targets/x86_64-linux/lib]
    arg [-L/home/sophie/miniconda3/targets/x86_64-linux/lib/stubs] ==> dir [/home/sophie/miniconda3/targets/x86_64-linux/lib/stubs]
    arg [-L/home/sophie/miniconda3/lib] ==> dir [/home/sophie/miniconda3/lib]
    arg [-L/home/sophie/miniconda3/targets/x86_64-linux/lib] ==> dir [/home/sophie/miniconda3/targets/x86_64-linux/lib]
    arg [-L/home/sophie/miniconda3/targets/x86_64-linux/lib/stubs] ==> dir [/home/sophie/miniconda3/targets/x86_64-linux/lib/stubs]
    arg [-L/usr/lib/gcc/x86_64-linux-gnu/11] ==> dir [/usr/lib/gcc/x86_64-linux-gnu/11]
    arg [-L/usr/lib/gcc/x86_64-linux-gnu/11/../../../x86_64-linux-gnu] ==> dir [/usr/lib/gcc/x86_64-linux-gnu/11/../../../x86_64-linux-gnu]
    arg [-L/usr/lib/gcc/x86_64-linux-gnu/11/../../../../lib] ==> dir [/usr/lib/gcc/x86_64-linux-gnu/11/../../../../lib]
    arg [-L/lib/x86_64-linux-gnu] ==> dir [/lib/x86_64-linux-gnu]
    arg [-L/lib/../lib] ==> dir [/lib/../lib]
    arg [-L/usr/lib/x86_64-linux-gnu] ==> dir [/usr/lib/x86_64-linux-gnu]
    arg [-L/usr/lib/../lib] ==> dir [/usr/lib/../lib]
    arg [-L/usr/lib/gcc/x86_64-linux-gnu/11/../../..] ==> dir [/usr/lib/gcc/x86_64-linux-gnu/11/../../..]
    arg [-O2] ==> ignore
    arg [--sort-common] ==> ignore
    arg [--as-needed] ==> ignore
    arg [-zrelro] ==> ignore
    arg [-znow] ==> ignore
    arg [--disable-new-dtags] ==> ignore
    arg [--gc-sections] ==> ignore
    arg [-rpath] ==> ignore
    arg [/home/sophie/miniconda3/lib] ==> ignore
    arg [-rpath-link] ==> ignore
    arg [/home/sophie/miniconda3/lib] ==> ignore
    arg [CMakeFiles/cmTC_4e24e.dir/CMakeCXXCompilerABI.cpp.o] ==> ignore
    arg [-lstdc++] ==> lib [stdc++]
    arg [-lm] ==> lib [m]
    arg [-lgcc_s] ==> lib [gcc_s]
    arg [-lgcc] ==> lib [gcc]
    arg [-lc] ==> lib [c]
    arg [-lgcc_s] ==> lib [gcc_s]
    arg [-lgcc] ==> lib [gcc]
    arg [/usr/lib/gcc/x86_64-linux-gnu/11/crtendS.o] ==> obj [/usr/lib/gcc/x86_64-linux-gnu/11/crtendS.o]
    arg [/usr/lib/gcc/x86_64-linux-gnu/11/../../../x86_64-linux-gnu/crtn.o] ==> obj [/usr/lib/gcc/x86_64-linux-gnu/11/../../../x86_64-linux-gnu/crtn.o]
  collapse obj [/usr/lib/gcc/x86_64-linux-gnu/11/../../../x86_64-linux-gnu/Scrt1.o] ==> [/usr/lib/x86_64-linux-gnu/Scrt1.o]
  collapse obj [/usr/lib/gcc/x86_64-linux-gnu/11/../../../x86_64-linux-gnu/crti.o] ==> [/usr/lib/x86_64-linux-gnu/crti.o]
  collapse obj [/usr/lib/gcc/x86_64-linux-gnu/11/../../../x86_64-linux-gnu/crtn.o] ==> [/usr/lib/x86_64-linux-gnu/crtn.o]
  collapse library dir [/home/sophie/miniconda3/targets/x86_64-linux/lib] ==> [/home/sophie/miniconda3/targets/x86_64-linux/lib]
  collapse library dir [/home/sophie/miniconda3/targets/x86_64-linux/lib/stubs] ==> [/home/sophie/miniconda3/targets/x86_64-linux/lib/stubs]
  collapse library dir [/home/sophie/miniconda3/lib] ==> [/home/sophie/miniconda3/lib]
  collapse library dir [/home/sophie/miniconda3/targets/x86_64-linux/lib] ==> [/home/sophie/miniconda3/targets/x86_64-linux/lib]
  collapse library dir [/home/sophie/miniconda3/targets/x86_64-linux/lib/stubs] ==> [/home/sophie/miniconda3/targets/x86_64-linux/lib/stubs]
  collapse library dir [/usr/lib/gcc/x86_64-linux-gnu/11] ==> [/usr/lib/gcc/x86_64-linux-gnu/11]
  collapse library dir [/usr/lib/gcc/x86_64-linux-gnu/11/../../../x86_64-linux-gnu] ==> [/usr/lib/x86_64-linux-gnu]
  collapse library dir [/usr/lib/gcc/x86_64-linux-gnu/11/../../../../lib] ==> [/usr/lib]
  collapse library dir [/lib/x86_64-linux-gnu] ==> [/lib/x86_64-linux-gnu]
  collapse library dir [/lib/../lib] ==> [/lib]
  collapse library dir [/usr/lib/x86_64-linux-gnu] ==> [/usr/lib/x86_64-linux-gnu]
  collapse library dir [/usr/lib/../lib] ==> [/usr/lib]
  collapse library dir [/usr/lib/gcc/x86_64-linux-gnu/11/../../..] ==> [/usr/lib]
  implicit libs: [stdc++;m;gcc_s;gcc;c;gcc_s;gcc]
  implicit objs: [/usr/lib/x86_64-linux-gnu/Scrt1.o;/usr/lib/x86_64-linux-gnu/crti.o;/usr/lib/gcc/x86_64-linux-gnu/11/crtbeginS.o;/usr/lib/gcc/x86_64-linux-gnu/11/crtendS.o;/usr/lib/x86_64-linux-gnu/crtn.o]
  implicit dirs: [/home/sophie/miniconda3/targets/x86_64-linux/lib;/home/sophie/miniconda3/targets/x86_64-linux/lib/stubs;/home/sophie/miniconda3/lib;/usr/lib/gcc/x86_64-linux-gnu/11;/usr/lib/x86_64-linux-gnu;/usr/lib;/lib/x86_64-linux-gnu;/lib]
  implicit fwks: []


The system is: Linux - 6.8.0-106-generic - x86_64
Compiling the C compiler identification source file "CMakeCCompilerId.c" succeeded.
Compiler: /usr/bin/cc 
Build flags: 
Id flags:  

The output was:
0


Compilation of the C compiler identification source "CMakeCCompilerId.c" produced "a.out"

The C compiler identification is GNU, found in "/home/sophie/isaac_lab/isaac_ws/rl_code/soarm100sim/ros2/build/soarm100_interfaces/CMakeFiles/3.22.1/CompilerIdC/a.out"

Compiling the CXX compiler identification source file "CMakeCXXCompilerId.cpp" succeeded.
Compiler: /usr/bin/c++ 
Build flags: -fvisibility-inlines-hidden;-fmessage-length=0;-march=nocona;-mtune=haswell;-ftree-vectorize;-fPIC;-fstack-protector-strong;-fno-plt;-O2;-ffunction-sections;-pipe;-isystem;/home/sophie/miniconda3/include;;-I/home/sophie/miniconda3/targets/x86_64-linux/include;;-L/home/sophie/miniconda3/targets/x86_64-linux/lib;-L/home/sophie/miniconda3/targets/x86_64-linux/lib/stubs
Id flags:  

The output was:
0


Compilation of the CXX compiler identification source "CMakeCXXCompilerId.cpp" produced "a.out"

The CXX compiler identification is GNU, found in "/home/sophie/isaac_lab/isaac_ws/rl_code/soarm100sim/ros2/build/soarm100_interfaces/CMakeFiles/3.22.1/CompilerIdCXX/a.out"

Detecting C compiler ABI info compiled with the following output:
Change Dir: /home/sophie/isaac_lab/isaac_ws/rl_code/soarm100sim/ros2/build/soarm100_interfaces/CMakeFiles/CMakeTmp

Run Build Command(s):/usr/bin/gmake -f Makefile cmTC_5f1c1/fast && /usr/bin/gmake  -f CMakeFiles/cmTC_5f1c1.dir/build.make CMakeFiles/cmTC_5f1c1.dir/build
gmake[1]: Entering directory '/home/sophie/isaac_lab/isaac_ws/rl_code/soarm100sim/ros2/build/soarm100_interfaces/CMakeFiles/CMakeTmp'
Building C object CMakeFiles/cmTC_5f1c1.dir/CMakeCCompilerABI.c.o
/usr/bin/cc   -v -o CMakeFiles/cmTC_5f1c1.dir/CMakeCCompilerABI.c.o -c /usr/share/cmake-3.22/Modules/CMakeCCompilerABI.c
Using built-in specs.
COLLECT_GCC=/usr/bin/cc
OFFLOAD_TARGET_NAMES=nvptx-none:amdgcn-amdhsa
OFFLOAD_TARGET_DEFAULT=1
Target: x86_64-linux-gnu
Configured with: ../src/configure -v --with-pkgversion='Ubuntu 11.4.0-1ubuntu1~22.04.3' --with-bugurl=file:///usr/share/doc/gcc-11/README.Bugs --enable-languages=c,ada,c++,go,brig,d,fortran,objc,obj-c++,m2 --prefix=/usr --with-gcc-major-version-only --program-suffix=-11 --program-prefix=x86_64-linux-gnu- --enable-shared --enable-linker-build-id --libexecdir=/usr/lib --without-included-gettext --enable-threads=posix --libdir=/usr/lib --enable-nls --enable-bootstrap --enable-clocale=gnu --enable-libstdcxx-debug --enable-libstdcxx-time=yes --with-default-libstdcxx-abi=new --enable-gnu-unique-object --disable-vtable-verify --enable-plugin --enable-default-pie --with-system-zlib --enable-libphobos-checking=release --with-target-system-zlib=auto --enable-objc-gc=auto --enable-multiarch --disable-werror --enable-cet --with-arch-32=i686 --with-abi=m64 --with-multilib-list=m32,m64,mx32 --enable-multilib --with-tune=generic --enable-offload-targets=nvptx-none=/build/gcc-11-0odw26/gcc-11-11.4.0/debian/tmp-nvptx/usr,amdgcn-amdhsa=/build/gcc-11-0odw26/gcc-11-11.4.0/debian/tmp-gcn/usr --without-cuda-driver --enable-checking=release --build=x86_64-linux-gnu --host=x86_64-linux-gnu --target=x86_64-linux-gnu --with-build-config=bootstrap-lto-lean --enable-link-serialization=2
Thread model: posix
Supported LTO compression algorithms: zlib zstd
gcc version 11.4.0 (Ubuntu 11.4.0-1ubuntu1~22.04.3) 
COLLECT_GCC_OPTIONS='-v' '-o' 'CMakeFiles/cmTC_5f1c1.dir/CMakeCCompilerABI.c.o' '-c' '-mtune=generic' '-march=x86-64' '-dumpdir' 'CMakeFiles/cmTC_5f1c1.dir/'
 /usr/lib/gcc/x86_64-linux-gnu/11/cc1 -quiet -v -imultiarch x86_64-linux-gnu /usr/share/cmake-3.22/Modules/CMakeCCompilerABI.c -quiet -dumpdir CMakeFiles/cmTC_5f1c1.dir/ -dumpbase CMakeCCompilerABI.c.c -dumpbase-ext .c -mtune=generic -march=x86-64 -version -fasynchronous-unwind-tables -fstack-protector-strong -Wformat -Wformat-security -fstack-clash-protection -fcf-protection -o /tmp/cc0Lvu4t.s
GNU C17 (Ubuntu 11.4.0-1ubuntu1~22.04.3) version 11.4.0 (x86_64-linux-gnu)
	compiled by GNU C version 11.4.0, GMP version 6.2.1, MPFR version 4.1.0, MPC version 1.2.1, isl version isl-0.24-GMP

GGC heuristics: --param ggc-min-expand=100 --param ggc-min-heapsize=131072
ignoring nonexistent directory "/usr/local/include/x86_64-linux-gnu"
ignoring nonexistent directory "/usr/lib/gcc/x86_64-linux-gnu/11/include-fixed"
ignoring nonexistent directory "/usr/lib/gcc/x86_64-linux-gnu/11/../../../../x86_64-linux-gnu/include"
#include "..." search starts here:
#include <...> search starts here:
 /usr/lib/gcc/x86_64-linux-gnu/11/include
 /usr/local/include
 /usr/include/x86_64-linux-gnu
 /usr/include
End of search list.
GNU C17 (Ubuntu 11.4.0-1ubuntu1~22.04.3) version 11.4.0 (x86_64-linux-gnu)
	compiled by GNU C version 11.4.0, GMP version 6.2.1, MPFR version 4.1.0, MPC version 1.2.1, isl version isl-0.24-GMP

GGC heuristics: --param ggc-min-expand=100 --param ggc-min-heapsize=131072
Compiler executable checksum: 46ebede1f5b795a957a1e85cb61af9d8
COLLECT_GCC_OPTIONS='-v' '-o' 'CMakeFiles/cmTC_5f1c1.dir/CMakeCCompilerABI.c.o' '-c' '-mtune=generic' '-march=x86-64' '-dumpdir' 'CMakeFiles/cmTC_5f1c1.dir/'
 as -v --64 -o CMakeFiles/cmTC_5f1c1.dir/CMakeCCompilerABI.c.o /tmp/cc0Lvu4t.s
GNU assembler version 2.38 (x86_64-linux-gnu) using BFD version (GNU Binutils for Ubuntu) 2.38
COMPILER_PATH=/usr/lib/gcc/x86_64-linux-gnu/11/:/usr/lib/gcc/x86_64-linux-gnu/11/:/usr/lib/gcc/x86_64-linux-gnu/:/usr/lib/gcc/x86_64-linux-gnu/11/:/usr/lib/gcc/x86_64-linux-gnu/
LIBRARY_PATH=/usr/lib/gcc/x86_64-linux-gnu/11/:/usr/lib/gcc/x86_64-linux-gnu/11/../../../x86_64-linux-gnu/:/usr/lib/gcc/x86_64-linux-gnu/11/../../../../lib/:/lib/x86_64-linux-gnu/:/lib/../lib/:/usr/lib/x86_64-linux-gnu/:/usr/lib/../lib/:/usr/lib/gcc/x86_64-linux-gnu/11/../../../:/lib/:/usr/lib/
COLLECT_GCC_OPTIONS='-v' '-o' 'CMakeFiles/cmTC_5f1c1.dir/CMakeCCompilerABI.c.o' '-c' '-mtune=generic' '-march=x86-64' '-dumpdir' 'CMakeFiles/cmTC_5f1c1.dir/CMakeCCompilerABI.c.'
Linking C executable cmTC_5f1c1
/usr/bin/cmake -E cmake_link_script CMakeFiles/cmTC_5f1c1.dir/link.txt --verbose=1
/usr/bin/cc -Wl,-O2 -Wl,--sort-common -Wl,--as-needed -Wl,-z,relro -Wl,-z,now -Wl,--disable-new-dtags -Wl,--gc-sections -Wl,-rpath,/home/sophie/miniconda3/lib -Wl,-rpath-link,/home/sophie/miniconda3/lib -L/home/sophie/miniconda3/lib  -L/home/sophie/miniconda3/targets/x86_64-linux/lib -L/home/sophie/miniconda3/targets/x86_64-linux/lib/stubs -v CMakeFiles/cmTC_5f1c1.dir/CMakeCCompilerABI.c.o -o cmTC_5f1c1 
Using built-in specs.
COLLECT_GCC=/usr/bin/cc
COLLECT_LTO_WRAPPER=/usr/lib/gcc/x86_64-linux-gnu/11/lto-wrapper
OFFLOAD_TARGET_NAMES=nvptx-none:amdgcn-amdhsa
OFFLOAD_TARGET_DEFAULT=1
Target: x86_64-linux-gnu
Configured with: ../src/configure -v --with-pkgversion='Ubuntu 11.4.0-1ubuntu1~22.04.3' --with-bugurl=file:///usr/share/doc/gcc-11/README.Bugs --enable-languages=c,ada,c++,go,brig,d,fortran,objc,obj-c++,m2 --prefix=/usr --with-gcc-major-version-only --program-suffix=-11 --program-prefix=x86_64-linux-gnu- --enable-shared --enable-linker-build-id --libexecdir=/usr/lib --without-included-gettext --enable-threads=posix --libdir=/usr/lib --enable-nls --enable-bootstrap --enable-clocale=gnu --enable-libstdcxx-debug --enable-libstdcxx-time=yes --with-default-libstdcxx-abi=new --enable-gnu-unique-object --disable-vtable-verify --enable-plugin --enable-default-pie --with-system-zlib --enable-libphobos-checking=release --with-target-system-zlib=auto --enable-objc-gc=auto --enable-multiarch --disable-werror --enable-cet --with-arch-32=i686 --with-abi=m64 --with-multilib-list=m32,m64,mx32 --enable-multilib --with-tune=generic --enable-offload-targets=nvptx-none=/build/gcc-11-0odw26/gcc-11-11.4.0/debian/tmp-nvptx/usr,amdgcn-amdhsa=/build/gcc-11-0odw26/gcc-11-11.4.0/debian/tmp-gcn/usr --without-cuda-driver --enable-checking=release --build=x86_64-linux-gnu --host=x86_64-linux-gnu --target=x86_64-linux-gnu --with-build-config=bootstrap-lto-lean --enable-link-serialization=2
Thread model: posix
Supported LTO compression algorithms: zlib zstd
gcc version 11.4.0 (Ubuntu 11.4.0-1ubuntu1~22.04.3) 
COMPILER_PATH=/usr/lib/gcc/x86_64-linux-gnu/11/:/usr/lib/gcc/x86_64-linux-gnu/11/:/usr/lib/gcc/x86_64-linux-gnu/:/usr/lib/gcc/x86_64-linux-gnu/11/:/usr/lib/gcc/x86_64-linux-gnu/
LIBRARY_PATH=/usr/lib/gcc/x86_64-linux-gnu/11/:/usr/lib/gcc/x86_64-linux-gnu/11/../../../x86_64-linux-gnu/:/usr/lib/gcc/x86_64-linux-gnu/11/../../../../lib/:/lib/x86_64-linux-gnu/:/lib/../lib/:/usr/lib/x86_64-linux-gnu/:/usr/lib/../lib/:/usr/lib/gcc/x86_64-linux-gnu/11/../../../:/lib/:/usr/lib/
COLLECT_GCC_OPTIONS='-L/home/sophie/miniconda3/lib' '-L/home/sophie/miniconda3/targets/x86_64-linux/lib' '-L/home/sophie/miniconda3/targets/x86_64-linux/lib/stubs' '-v' '-o' 'cmTC_5f1c1' '-mtune=generic' '-march=x86-64' '-dumpdir' 'cmTC_5f1c1.'
 /usr/lib/gcc/x86_64-linux-gnu/11/collect2 -plugin /usr/lib/gcc/x86_64-linux-gnu/11/liblto_plugin.so -plugin-opt=/usr/lib/gcc/x86_64-linux-gnu/11/lto-wrapper -plugin-opt=-fresolution=/tmp/ccoryvOn.res -plugin-opt=-pass-through=-lgcc -plugin-opt=-pass-through=-lgcc_s -plugin-opt=-pass-through=-lc -plugin-opt=-pass-through=-lgcc -plugin-opt=-pass-through=-lgcc_s --build-id --eh-frame-hdr -m elf_x86_64 --hash-style=gnu --as-needed -dynamic-linker /lib64/ld-linux-x86-64.so.2 -pie -z now -z relro -o cmTC_5f1c1 /usr/lib/gcc/x86_64-linux-gnu/11/../../../x86_64-linux-gnu/Scrt1.o /usr/lib/gcc/x86_64-linux-gnu/11/../../../x86_64-linux-gnu/crti.o /usr/lib/gcc/x86_64-linux-gnu/11/crtbeginS.o -L/home/sophie/miniconda3/lib -L/home/sophie/miniconda3/targets/x86_64-linux/lib -L/home/sophie/miniconda3/targets/x86_64-linux/lib/stubs -L/usr/lib/gcc/x86_64-linux-gnu/11 -L/usr/lib/gcc/x86_64-linux-gnu/11/../../../x86_64-linux-gnu -L/usr/lib/gcc/x86_64-linux-gnu/11/../../../../lib -L/lib/x86_64-linux-gnu -L/lib/../lib -L/usr/lib/x86_64-linux-gnu -L/usr/lib/../lib -L/usr/lib/gcc/x86_64-linux-gnu/11/../../.. -O2 --sort-common --as-needed -z relro -z now --disable-new-dtags --gc-sections -rpath /home/sophie/miniconda3/lib -rpath-link /home/sophie/miniconda3/lib CMakeFiles/cmTC_5f1c1.dir/CMakeCCompilerABI.c.o -lgcc --push-state --as-needed -lgcc_s --pop-state -lc -lgcc --push-state --as-needed -lgcc_s --pop-state /usr/lib/gcc/x86_64-linux-gnu/11/crtendS.o /usr/lib/gcc/x86_64-linux-gnu/11/../../../x86_64-linux-gnu/crtn.o
COLLECT_GCC_OPTIONS='-L/home/sophie/miniconda3/lib' '-L/home/sophie/miniconda3/targets/x86_64-linux/lib' '-L/home/sophie/miniconda3/targets/x86_64-linux/lib/stubs' '-v' '-o' 'cmTC_5f1c1' '-mtune=generic' '-march=x86-64' '-dumpdir' 'cmTC_5f1c1.'
gmake[1]: Leaving directory '/home/sophie/isaac_lab/isaac_ws/rl_code/soarm100sim/ros2/build/soarm100_interfaces/CMakeFiles/CMakeTmp'



Parsed C implicit include dir info from above output: rv=done
  found start of include info
  found start of implicit include info
    add: [/usr/lib/gcc/x86_64-linux-gnu/11/include]
    add: [/usr/local/include]
    add: [/usr/include/x86_64-linux-gnu]
    add: [/usr/include]
  end of search list found
  collapse include dir [/usr/lib/gcc/x86_64-linux-gnu/11/include] ==> [/usr/lib/gcc/x86_64-linux-gnu/11/include]
  collapse include dir [/usr/local/include] ==> [/usr/local/include]
  collapse include dir [/usr/include/x86_64-linux-gnu] ==> [/usr/include/x86_64-linux-gnu]
  collapse include dir [/usr/include] ==> [/usr/include]
  implicit include dirs: [/usr/lib/gcc/x86_64-linux-gnu/11/include;/usr/local/include;/usr/include/x86_64-linux-gnu;/usr/include]


Parsed C implicit link information from above output:
  link line regex: [^( *|.*[/\])(ld|CMAKE_LINK_STARTFILE-NOTFOUND|([^/\]+-)?ld|collect2)[^/\]*( |$)]
  ignore line: [Change Dir: /home/sophie/isaac_lab/isaac_ws/rl_code/soarm100sim/ros2/build/soarm100_interfaces/CMakeFiles/CMakeTmp]
  ignore line: []
  ignore line: [Run Build Command(s):/usr/bin/gmake -f Makefile cmTC_5f1c1/fast && /usr/bin/gmake  -f CMakeFiles/cmTC_5f1c1.dir/build.make CMakeFiles/cmTC_5f1c1.dir/build]
  ignore line: [gmake[1]: Entering directory '/home/sophie/isaac_lab/isaac_ws/rl_code/soarm100sim/ros2/build/soarm100_interfaces/CMakeFiles/CMakeTmp']
  ignore line: [Building C object CMakeFiles/cmTC_5f1c1.dir/CMakeCCompilerABI.c.o]
  ignore line: [/usr/bin/cc   -v -o CMakeFiles/cmTC_5f1c1.dir/CMakeCCompilerABI.c.o -c /usr/share/cmake-3.22/Modules/CMakeCCompilerABI.c]
  ignore line: [Using built-in specs.]
  ignore line: [COLLECT_GCC=/usr/bin/cc]
  ignore line: [OFFLOAD_TARGET_NAMES=nvptx-none:amdgcn-amdhsa]
  ignore line: [OFFLOAD_TARGET_DEFAULT=1]
  ignore line: [Target: x86_64-linux-gnu]
  ignore line: [Configured with: ../src/configure -v --with-pkgversion='Ubuntu 11.4.0-1ubuntu1~22.04.3' --with-bugurl=file:///usr/share/doc/gcc-11/README.Bugs --enable-languages=c ada c++ go brig d fortran objc obj-c++ m2 --prefix=/usr --with-gcc-major-version-only --program-suffix=-11 --program-prefix=x86_64-linux-gnu- --enable-shared --enable-linker-build-id --libexecdir=/usr/lib --without-included-gettext --enable-threads=posix --libdir=/usr/lib --enable-nls --enable-bootstrap --enable-clocale=gnu --enable-libstdcxx-debug --enable-libstdcxx-time=yes --with-default-libstdcxx-abi=new --enable-gnu-unique-object --disable-vtable-verify --enable-plugin --enable-default-pie --with-system-zlib --enable-libphobos-checking=release --with-target-system-zlib=auto --enable-objc-gc=auto --enable-multiarch --disable-werror --enable-cet --with-arch-32=i686 --with-abi=m64 --with-multilib-list=m32 m64 mx32 --enable-multilib --with-tune=generic --enable-offload-targets=nvptx-none=/build/gcc-11-0odw26/gcc-11-11.4.0/debian/tmp-nvptx/usr amdgcn-amdhsa=/build/gcc-11-0odw26/gcc-11-11.4.0/debian/tmp-gcn/usr --without-cuda-driver --enable-checking=release --build=x86_64-linux-gnu --host=x86_64-linux-gnu --target=x86_64-linux-gnu --with-build-config=bootstrap-lto-lean --enable-link-serialization=2]
  ignore line: [Thread model: posix]
  ignore line: [Supported LTO compression algorithms: zlib zstd]
  ignore line: [gcc version 11.4.0 (Ubuntu 11.4.0-1ubuntu1~22.04.3) ]
  ignore line: [COLLECT_GCC_OPTIONS='-v' '-o' 'CMakeFiles/cmTC_5f1c1.dir/CMakeCCompilerABI.c.o' '-c' '-mtune=generic' '-march=x86-64' '-dumpdir' 'CMakeFiles/cmTC_5f1c1.dir/']
  ignore line: [ /usr/lib/gcc/x86_64-linux-gnu/11/cc1 -quiet -v -imultiarch x86_64-linux-gnu /usr/share/cmake-3.22/Modules/CMakeCCompilerABI.c -quiet -dumpdir CMakeFiles/cmTC_5f1c1.dir/ -dumpbase CMakeCCompilerABI.c.c -dumpbase-ext .c -mtune=generic -march=x86-64 -version -fasynchronous-unwind-tables -fstack-protector-strong -Wformat -Wformat-security -fstack-clash-protection -fcf-protection -o /tmp/cc0Lvu4t.s]
  ignore line: [GNU C17 (Ubuntu 11.4.0-1ubuntu1~22.04.3) version 11.4.0 (x86_64-linux-gnu)]
  ignore line: [	compiled by GNU C version 11.4.0  GMP version 6.2.1  MPFR version 4.1.0  MPC version 1.2.1  isl version isl-0.24-GMP]
  ignore line: []
  ignore line: [GGC heuristics: --param ggc-min-expand=100 --param ggc-min-heapsize=131072]
  ignore line: [ignoring nonexistent directory "/usr/local/include/x86_64-linux-gnu"]
  ignore line: [ignoring nonexistent directory "/usr/lib/gcc/x86_64-linux-gnu/11/include-fixed"]
  ignore line: [ignoring nonexistent directory "/usr/lib/gcc/x86_64-linux-gnu/11/../../../../x86_64-linux-gnu/include"]
  ignore line: [#include "..." search starts here:]
  ignore line: [#include <...> search starts here:]
  ignore line: [ /usr/lib/gcc/x86_64-linux-gnu/11/include]
  ignore line: [ /usr/local/include]
  ignore line: [ /usr/include/x86_64-linux-gnu]
  ignore line: [ /usr/include]
  ignore line: [End of search list.]
  ignore line: [GNU C17 (Ubuntu 11.4.0-1ubuntu1~22.04.3) version 11.4.0 (x86_64-linux-gnu)]
  ignore line: [	compiled by GNU C version 11.4.0  GMP version 6.2.1  MPFR version 4.1.0  MPC version 1.2.1  isl version isl-0.24-GMP]
  ignore line: []
  ignore line: [GGC heuristics: --param ggc-min-expand=100 --param ggc-min-heapsize=131072]
  ignore line: [Compiler executable checksum: 46ebede1f5b795a957a1e85cb61af9d8]
  ignore line: [COLLECT_GCC_OPTIONS='-v' '-o' 'CMakeFiles/cmTC_5f1c1.dir/CMakeCCompilerABI.c.o' '-c' '-mtune=generic' '-march=x86-64' '-dumpdir' 'CMakeFiles/cmTC_5f1c1.dir/']
  ignore line: [ as -v --64 -o CMakeFiles/cmTC_5f1c1.dir/CMakeCCompilerABI.c.o /tmp/cc0Lvu4t.s]
  ignore line: [GNU assembler version 2.38 (x86_64-linux-gnu) using BFD version (GNU Binutils for Ubuntu) 2.38]
  ignore line: [COMPILER_PATH=/usr/lib/gcc/x86_64-linux-gnu/11/:/usr/lib/gcc/x86_64-linux-gnu/11/:/usr/lib/gcc/x86_64-linux-gnu/:/usr/lib/gcc/x86_64-linux-gnu/11/:/usr/lib/gcc/x86_64-linux-gnu/]
  ignore line: [LIBRARY_PATH=/usr/lib/gcc/x86_64-linux-gnu/11/:/usr/lib/gcc/x86_64-linux-gnu/11/../../../x86_64-linux-gnu/:/usr/lib/gcc/x86_64-linux-gnu/11/../../../../lib/:/lib/x86_64-linux-gnu/:/lib/../lib/:/usr/lib/x86_64-linux-gnu/:/usr/lib/../lib/:/usr/lib/gcc/x86_64-linux-gnu/11/../../../:/lib/:/usr/lib/]
  ignore line: [COLLECT_GCC_OPTIONS='-v' '-o' 'CMakeFiles/cmTC_5f1c1.dir/CMakeCCompilerABI.c.o' '-c' '-mtune=generic' '-march=x86-64' '-dumpdir' 'CMakeFiles/cmTC_5f1c1.dir/CMakeCCompilerABI.c.']
  ignore line: [Linking C executable cmTC_5f1c1]
  ignore line: [/usr/bin/cmake -E cmake_link_script CMakeFiles/cmTC_5f1c1.dir/link.txt --verbose=1]
  ignore line: [/usr/bin/cc -Wl -O2 -Wl --sort-common -Wl --as-needed -Wl -z relro -Wl -z now -Wl --disable-new-dtags -Wl --gc-sections -Wl -rpath /home/sophie/miniconda3/lib -Wl -rpath-link /home/sophie/miniconda3/lib -L/home/sophie/miniconda3/lib  -L/home/sophie/miniconda3/targets/x86_64-linux/lib -L/home/sophie/miniconda3/targets/x86_64-linux/lib/stubs -v CMakeFiles/cmTC_5f1c1.dir/CMakeCCompilerABI.c.o -o cmTC_5f1c1 ]
  ignore line: [Using built-in specs.]
  ignore line: [COLLECT_GCC=/usr/bin/cc]
  ignore line: [COLLECT_LTO_WRAPPER=/usr/lib/gcc/x86_64-linux-gnu/11/lto-wrapper]
  ignore line: [OFFLOAD_TARGET_NAMES=nvptx-none:amdgcn-amdhsa]
  ignore line: [OFFLOAD_TARGET_DEFAULT=1]
  ignore line: [Target: x86_64-linux-gnu]
  ignore line: [Configured with: ../src/configure -v --with-pkgversion='Ubuntu 11.4.0-1ubuntu1~22.04.3' --with-bugurl=file:///usr/share/doc/gcc-11/README.Bugs --enable-languages=c ada c++ go brig d fortran objc obj-c++ m2 --prefix=/usr --with-gcc-major-version-only --program-suffix=-11 --program-prefix=x86_64-linux-gnu- --enable-shared --enable-linker-build-id --libexecdir=/usr/lib --without-included-gettext --enable-threads=posix --libdir=/usr/lib --enable-nls --enable-bootstrap --enable-clocale=gnu --enable-libstdcxx-debug --enable-libstdcxx-time=yes --with-default-libstdcxx-abi=new --enable-gnu-unique-object --disable-vtable-verify --enable-plugin --enable-default-pie --with-system-zlib --enable-libphobos-checking=release --with-target-system-zlib=auto --enable-objc-gc=auto --enable-multiarch --disable-werror --enable-cet --with-arch-32=i686 --with-abi=m64 --with-multilib-list=m32 m64 mx32 --enable-multilib --with-tune=generic --enable-offload-targets=nvptx-none=/build/gcc-11-0odw26/gcc-11-11.4.0/debian/tmp-nvptx/usr amdgcn-amdhsa=/build/gcc-11-0odw26/gcc-11-11.4.0/debian/tmp-gcn/usr --without-cuda-driver --enable-checking=release --build=x86_64-linux-gnu --host=x86_64-linux-gnu --target=x86_64-linux-gnu --with-build-config=bootstrap-lto-lean --enable-link-serialization=2]
  ignore line: [Thread model: posix]
  ignore line: [Supported LTO compression algorithms: zlib zstd]
  ignore line: [gcc version 11.4.0 (Ubuntu 11.4.0-1ubuntu1~22.04.3) ]
  ignore line: [COMPILER_PATH=/usr/lib/gcc/x86_64-linux-gnu/11/:/usr/lib/gcc/x86_64-linux-gnu/11/:/usr/lib/gcc/x86_64-linux-gnu/:/usr/lib/gcc/x86_64-linux-gnu/11/:/usr/lib/gcc/x86_64-linux-gnu/]
  ignore line: [LIBRARY_PATH=/usr/lib/gcc/x86_64-linux-gnu/11/:/usr/lib/gcc/x86_64-linux-gnu/11/../../../x86_64-linux-gnu/:/usr/lib/gcc/x86_64-linux-gnu/11/../../../../lib/:/lib/x86_64-linux-gnu/:/lib/../lib/:/usr/lib/x86_64-linux-gnu/:/usr/lib/../lib/:/usr/lib/gcc/x86_64-linux-gnu/11/../../../:/lib/:/usr/lib/]
  ignore line: [COLLECT_GCC_OPTIONS='-L/home/sophie/miniconda3/lib' '-L/home/sophie/miniconda3/targets/x86_64-linux/lib' '-L/home/sophie/miniconda3/targets/x86_64-linux/lib/stubs' '-v' '-o' 'cmTC_5f1c1' '-mtune=generic' '-march=x86-64' '-dumpdir' 'cmTC_5f1c1.']
  link line: [ /usr/lib/gcc/x86_64-linux-gnu/11/collect2 -plugin /usr/lib/gcc/x86_64-linux-gnu/11/liblto_plugin.so -plugin-opt=/usr/lib/gcc/x86_64-linux-gnu/11/lto-wrapper -plugin-opt=-fresolution=/tmp/ccoryvOn.res -plugin-opt=-pass-through=-lgcc -plugin-opt=-pass-through=-lgcc_s -plugin-opt=-pass-through=-lc -plugin-opt=-pass-through=-lgcc -plugin-opt=-pass-through=-lgcc_s --build-id --eh-frame-hdr -m elf_x86_64 --hash-style=gnu --as-needed -dynamic-linker /lib64/ld-linux-x86-64.so.2 -pie -z now -z relro -o cmTC_5f1c1 /usr/lib/gcc/x86_64-linux-gnu/11/../../../x86_64-linux-gnu/Scrt1.o /usr/lib/gcc/x86_64-linux-gnu/11/../../../x86_64-linux-gnu/crti.o /usr/lib/gcc/x86_64-linux-gnu/11/crtbeginS.o -L/home/sophie/miniconda3/lib -L/home/sophie/miniconda3/targets/x86_64-linux/lib -L/home/sophie/miniconda3/targets/x86_64-linux/lib/stubs -L/usr/lib/gcc/x86_64-linux-gnu/11 -L/usr/lib/gcc/x86_64-linux-gnu/11/../../../x86_64-linux-gnu -L/usr/lib/gcc/x86_64-linux-gnu/11/../../../../lib -L/lib/x86_64-linux-gnu -L/lib/../lib -L/usr/lib/x86_64-linux-gnu -L/usr/lib/../lib -L/usr/lib/gcc/x86_64-linux-gnu/11/../../.. -O2 --sort-common --as-needed -z relro -z now --disable-new-dtags --gc-sections -rpath /home/sophie/miniconda3/lib -rpath-link /home/sophie/miniconda3/lib CMakeFiles/cmTC_5f1c1.dir/CMakeCCompilerABI.c.o -lgcc --push-state --as-needed -lgcc_s --pop-state -lc -lgcc --push-state --as-needed -lgcc_s --pop-state /usr/lib/gcc/x86_64-linux-gnu/11/crtendS.o /usr/lib/gcc/x86_64-linux-gnu/11/../../../x86_64-linux-gnu/crtn.o]
    arg [/usr/lib/gcc/x86_64-linux-gnu/11/collect2] ==> ignore
    arg [-plugin] ==> ignore
    arg [/usr/lib/gcc/x86_64-linux-gnu/11/liblto_plugin.so] ==> ignore
    arg [-plugin-opt=/usr/lib/gcc/x86_64-linux-gnu/11/lto-wrapper] ==> ignore
    arg [-plugin-opt=-fresolution=/tmp/ccoryvOn.res] ==> ignore
    arg [-plugin-opt=-pass-through=-lgcc] ==> ignore
    arg [-plugin-opt=-pass-through=-lgcc_s] ==> ignore
    arg [-plugin-opt=-pass-through=-lc] ==> ignore
    arg [-plugin-opt=-pass-through=-lgcc] ==> ignore
    arg [-plugin-opt=-pass-through=-lgcc_s] ==> ignore
    arg [--build-id] ==> ignore
    arg [--eh-frame-hdr] ==> ignore
    arg [-m] ==> ignore
    arg [elf_x86_64] ==> ignore
    arg [--hash-style=gnu] ==> ignore
    arg [--as-needed] ==> ignore
    arg [-dynamic-linker] ==> ignore
    arg [/lib64/ld-linux-x86-64.so.2] ==> ignore
    arg [-pie] ==> ignore
    arg [-znow] ==> ignore
    arg [-zrelro] ==> ignore
    arg [-o] ==> ignore
    arg [cmTC_5f1c1] ==> ignore
    arg [/usr/lib/gcc/x86_64-linux-gnu/11/../../../x86_64-linux-gnu/Scrt1.o] ==> obj [/usr/lib/gcc/x86_64-linux-gnu/11/../../../x86_64-linux-gnu/Scrt1.o]
    arg [/usr/lib/gcc/x86_64-linux-gnu/11/../../../x86_64-linux-gnu/crti.o] ==> obj [/usr/lib/gcc/x86_64-linux-gnu/11/../../../x86_64-linux-gnu/crti.o]
    arg [/usr/lib/gcc/x86_64-linux-gnu/11/crtbeginS.o] ==> obj [/usr/lib/gcc/x86_64-linux-gnu/11/crtbeginS.o]
    arg [-L/home/sophie/miniconda3/lib] ==> dir [/home/sophie/miniconda3/lib]
    arg [-L/home/sophie/miniconda3/targets/x86_64-linux/lib] ==> dir [/home/sophie/miniconda3/targets/x86_64-linux/lib]
    arg [-L/home/sophie/miniconda3/targets/x86_64-linux/lib/stubs] ==> dir [/home/sophie/miniconda3/targets/x86_64-linux/lib/stubs]
    arg [-L/usr/lib/gcc/x86_64-linux-gnu/11] ==> dir [/usr/lib/gcc/x86_64-linux-gnu/11]
    arg [-L/usr/lib/gcc/x86_64-linux-gnu/11/../../../x86_64-linux-gnu] ==> dir [/usr/lib/gcc/x86_64-linux-gnu/11/../../../x86_64-linux-gnu]
    arg [-L/usr/lib/gcc/x86_64-linux-gnu/11/../../../../lib] ==> dir [/usr/lib/gcc/x86_64-linux-gnu/11/../../../../lib]
    arg [-L/lib/x86_64-linux-gnu] ==> dir [/lib/x86_64-linux-gnu]
    arg [-L/lib/../lib] ==> dir [/lib/../lib]
    arg [-L/usr/lib/x86_64-linux-gnu] ==> dir [/usr/lib/x86_64-linux-gnu]
    arg [-L/usr/lib/../lib] ==> dir [/usr/lib/../lib]
    arg [-L/usr/lib/gcc/x86_64-linux-gnu/11/../../..] ==> dir [/usr/lib/gcc/x86_64-linux-gnu/11/../../..]
    arg [-O2] ==> ignore
    arg [--sort-common] ==> ignore
    arg [--as-needed] ==> ignore
    arg [-zrelro] ==> ignore
    arg [-znow] ==> ignore
    arg [--disable-new-dtags] ==> ignore
    arg [--gc-sections] ==> ignore
    arg [-rpath] ==> ignore
    arg [/home/sophie/miniconda3/lib] ==> ignore
    arg [-rpath-link] ==> ignore
    arg [/home/sophie/miniconda3/lib] ==> ignore
    arg [CMakeFiles/cmTC_5f1c1.dir/CMakeCCompilerABI.c.o] ==> ignore
    arg [-lgcc] ==> lib [gcc]
    arg [--push-state] ==> ignore
    arg [--as-needed] ==> ignore
    arg [-lgcc_s] ==> lib [gcc_s]
    arg [--pop-state] ==> ignore
    arg [-lc] ==> lib [c]
    arg [-lgcc] ==> lib [gcc]
    arg [--push-state] ==> ignore
    arg [--as-needed] ==> ignore
    arg [-lgcc_s] ==> lib [gcc_s]
    arg [--pop-state] ==> ignore
    arg [/usr/lib/gcc/x86_64-linux-gnu/11/crtendS.o] ==> obj [/usr/lib/gcc/x86_64-linux-gnu/11/crtendS.o]
    arg [/usr/lib/gcc/x86_64-linux-gnu/11/../../../x86_64-linux-gnu/crtn.o] ==> obj [/usr/lib/gcc/x86_64-linux-gnu/11/../../../x86_64-linux-gnu/crtn.o]
  collapse obj [/usr/lib/gcc/x86_64-linux-gnu/11/../../../x86_64-linux-gnu/Scrt1.o] ==> [/usr/lib/x86_64-linux-gnu/Scrt1.o]
  collapse obj [/usr/lib/gcc/x86_64-linux-gnu/11/../../../x86_64-linux-gnu/crti.o] ==> [/usr/lib/x86_64-linux-gnu/crti.o]
  collapse obj [/usr/lib/gcc/x86_64-linux-gnu/11/../../../x86_64-linux-gnu/crtn.o] ==> [/usr/lib/x86_64-linux-gnu/crtn.o]
  collapse library dir [/home/sophie/miniconda3/lib] ==> [/home/sophie/miniconda3/lib]
  collapse library dir [/home/sophie/miniconda3/targets/x86_64-linux/lib] ==> [/home/sophie/miniconda3/targets/x86_64-linux/lib]
  collapse library dir [/home/sophie/miniconda3/targets/x86_64-linux/lib/stubs] ==> [/home/sophie/miniconda3/targets/x86_64-linux/lib/stubs]
  collapse library dir [/usr/lib/gcc/x86_64-linux-gnu/11] ==> [/usr/lib/gcc/x86_64-linux-gnu/11]
  collapse library dir [/usr/lib/gcc/x86_64-linux-gnu/11/../../../x86_64-linux-gnu] ==> [/usr/lib/x86_64-linux-gnu]
  collapse library dir [/usr/lib/gcc/x86_64-linux-gnu/11/../../../../lib] ==> [/usr/lib]
  collapse library dir [/lib/x86_64-linux-gnu] ==> [/lib/x86_64-linux-gnu]
  collapse library dir [/lib/../lib] ==> [/lib]
  collapse library dir [/usr/lib/x86_64-linux-gnu] ==> [/usr/lib/x86_64-linux-gnu]
  collapse library dir [/usr/lib/../lib] ==> [/usr/lib]
  collapse library dir [/usr/lib/gcc/x86_64-linux-gnu/11/../../..] ==> [/usr/lib]
  implicit libs: [gcc;gcc_s;c;gcc;gcc_s]
  implicit objs: [/usr/lib/x86_64-linux-gnu/Scrt1.o;/usr/lib/x86_64-linux-gnu/crti.o;/usr/lib/gcc/x86_64-linux-gnu/11/crtbeginS.o;/usr/lib/gcc/x86_64-linux-gnu/11/crtendS.o;/usr/lib/x86_64-linux-gnu/crtn.o]
  implicit dirs: [/home/sophie/miniconda3/lib;/home/sophie/miniconda3/targets/x86_64-linux/lib;/home/sophie/miniconda3/targets/x86_64-linux/lib/stubs;/usr/lib/gcc/x86_64-linux-gnu/11;/usr/lib/x86_64-linux-gnu;/usr/lib;/lib/x86_64-linux-gnu;/lib]
  implicit fwks: []


Detecting CXX compiler ABI info compiled with the following output:
Change Dir: /home/sophie/isaac_lab/isaac_ws/rl_code/soarm100sim/ros2/build/soarm100_interfaces/CMakeFiles/CMakeTmp

Run Build Command(s):/usr/bin/gmake -f Makefile cmTC_10ca1/fast && /usr/bin/gmake  -f CMakeFiles/cmTC_10ca1.dir/build.make CMakeFiles/cmTC_10ca1.dir/build
gmake[1]: Entering directory '/home/sophie/isaac_lab/isaac_ws/rl_code/soarm100sim/ros2/build/soarm100_interfaces/CMakeFiles/CMakeTmp'
Building CXX object CMakeFiles/cmTC_10ca1.dir/CMakeCXXCompilerABI.cpp.o
/usr/bin/c++   -fvisibility-inlines-hidden -fmessage-length=0 -march=nocona -mtune=haswell -ftree-vectorize -fPIC -fstack-protector-strong -fno-plt -O2 -ffunction-sections -pipe -isystem /home/sophie/miniconda3/include  -I/home/sophie/miniconda3/targets/x86_64-linux/include  -L/home/sophie/miniconda3/targets/x86_64-linux/lib -L/home/sophie/miniconda3/targets/x86_64-linux/lib/stubs    -v -o CMakeFiles/cmTC_10ca1.dir/CMakeCXXCompilerABI.cpp.o -c /usr/share/cmake-3.22/Modules/CMakeCXXCompilerABI.cpp
Using built-in specs.
COLLECT_GCC=/usr/bin/c++
OFFLOAD_TARGET_NAMES=nvptx-none:amdgcn-amdhsa
OFFLOAD_TARGET_DEFAULT=1
Target: x86_64-linux-gnu
Configured with: ../src/configure -v --with-pkgversion='Ubuntu 11.4.0-1ubuntu1~22.04.3' --with-bugurl=file:///usr/share/doc/gcc-11/README.Bugs --enable-languages=c,ada,c++,go,brig,d,fortran,objc,obj-c++,m2 --prefix=/usr --with-gcc-major-version-only --program-suffix=-11 --program-prefix=x86_64-linux-gnu- --enable-shared --enable-linker-build-id --libexecdir=/usr/lib --without-included-gettext --enable-threads=posix --libdir=/usr/lib --enable-nls --enable-bootstrap --enable-clocale=gnu --enable-libstdcxx-debug --enable-libstdcxx-time=yes --with-default-libstdcxx-abi=new --enable-gnu-unique-object --disable-vtable-verify --enable-plugin --enable-default-pie --with-system-zlib --enable-libphobos-checking=release --with-target-system-zlib=auto --enable-objc-gc=auto --enable-multiarch --disable-werror --enable-cet --with-arch-32=i686 --with-abi=m64 --with-multilib-list=m32,m64,mx32 --enable-multilib --with-tune=generic --enable-offload-targets=nvptx-none=/build/gcc-11-0odw26/gcc-11-11.4.0/debian/tmp-nvptx/usr,amdgcn-amdhsa=/build/gcc-11-0odw26/gcc-11-11.4.0/debian/tmp-gcn/usr --without-cuda-driver --enable-checking=release --build=x86_64-linux-gnu --host=x86_64-linux-gnu --target=x86_64-linux-gnu --with-build-config=bootstrap-lto-lean --enable-link-serialization=2
Thread model: posix
Supported LTO compression algorithms: zlib zstd
gcc version 11.4.0 (Ubuntu 11.4.0-1ubuntu1~22.04.3) 
COLLECT_GCC_OPTIONS='-fvisibility-inlines-hidden' '-fmessage-length=0' '-march=nocona' '-mtune=haswell' '-ftree-vectorize' '-fPIC' '-fstack-protector-strong' '-fno-plt' '-O2' '-ffunction-sections' '-pipe' '-isystem' '/home/sophie/miniconda3/include' '-I' '/home/sophie/miniconda3/targets/x86_64-linux/include' '-L/home/sophie/miniconda3/targets/x86_64-linux/lib' '-L/home/sophie/miniconda3/targets/x86_64-linux/lib/stubs' '-v' '-o' 'CMakeFiles/cmTC_10ca1.dir/CMakeCXXCompilerABI.cpp.o' '-c' '-shared-libgcc' '-dumpdir' 'CMakeFiles/cmTC_10ca1.dir/'
 /usr/lib/gcc/x86_64-linux-gnu/11/cc1plus -quiet -v -I /home/sophie/miniconda3/targets/x86_64-linux/include -imultiarch x86_64-linux-gnu -D_GNU_SOURCE -isystem /home/sophie/miniconda3/include /usr/share/cmake-3.22/Modules/CMakeCXXCompilerABI.cpp -quiet -dumpdir CMakeFiles/cmTC_10ca1.dir/ -dumpbase CMakeCXXCompilerABI.cpp.cpp -dumpbase-ext .cpp -march=nocona -mtune=haswell -O2 -version -fvisibility-inlines-hidden -fmessage-length=0 -ftree-vectorize -fPIC -fstack-protector-strong -fno-plt -ffunction-sections -fasynchronous-unwind-tables -fstack-protector-strong -Wformat -Wformat-security -fstack-clash-protection -fcf-protection -o - |
 as -v -I /home/sophie/miniconda3/targets/x86_64-linux/include --64 -o CMakeFiles/cmTC_10ca1.dir/CMakeCXXCompilerABI.cpp.o
GNU assembler version 2.38 (x86_64-linux-gnu) using BFD version (GNU Binutils for Ubuntu) 2.38
GNU C++17 (Ubuntu 11.4.0-1ubuntu1~22.04.3) version 11.4.0 (x86_64-linux-gnu)
	compiled by GNU C version 11.4.0, GMP version 6.2.1, MPFR version 4.1.0, MPC version 1.2.1, isl version isl-0.24-GMP

GGC heuristics: --param ggc-min-expand=100 --param ggc-min-heapsize=131072
ignoring duplicate directory "/usr/include/x86_64-linux-gnu/c++/11"
ignoring nonexistent directory "/usr/local/include/x86_64-linux-gnu"
ignoring nonexistent directory "/usr/lib/gcc/x86_64-linux-gnu/11/include-fixed"
ignoring nonexistent directory "/usr/lib/gcc/x86_64-linux-gnu/11/../../../../x86_64-linux-gnu/include"
#include "..." search starts here:
#include <...> search starts here:
 /home/sophie/miniconda3/targets/x86_64-linux/include
 /home/sophie/miniconda3/include
 /usr/include/c++/11
 /usr/include/x86_64-linux-gnu/c++/11
 /usr/include/c++/11/backward
 /usr/lib/gcc/x86_64-linux-gnu/11/include
 /usr/local/include
 /usr/include/x86_64-linux-gnu
 /usr/include
End of search list.
GNU C++17 (Ubuntu 11.4.0-1ubuntu1~22.04.3) version 11.4.0 (x86_64-linux-gnu)
	compiled by GNU C version 11.4.0, GMP version 6.2.1, MPFR version 4.1.0, MPC version 1.2.1, isl version isl-0.24-GMP

GGC heuristics: --param ggc-min-expand=100 --param ggc-min-heapsize=131072
Compiler executable checksum: ac7fa628ee459f217e6fdb88b3db0bde
COMPILER_PATH=/usr/lib/gcc/x86_64-linux-gnu/11/:/usr/lib/gcc/x86_64-linux-gnu/11/:/usr/lib/gcc/x86_64-linux-gnu/:/usr/lib/gcc/x86_64-linux-gnu/11/:/usr/lib/gcc/x86_64-linux-gnu/
LIBRARY_PATH=/usr/lib/gcc/x86_64-linux-gnu/11/:/usr/lib/gcc/x86_64-linux-gnu/11/../../../x86_64-linux-gnu/:/usr/lib/gcc/x86_64-linux-gnu/11/../../../../lib/:/lib/x86_64-linux-gnu/:/lib/../lib/:/usr/lib/x86_64-linux-gnu/:/usr/lib/../lib/:/usr/lib/gcc/x86_64-linux-gnu/11/../../../:/lib/:/usr/lib/
COLLECT_GCC_OPTIONS='-fvisibility-inlines-hidden' '-fmessage-length=0' '-march=nocona' '-mtune=haswell' '-ftree-vectorize' '-fPIC' '-fstack-protector-strong' '-fno-plt' '-O2' '-ffunction-sections' '-pipe' '-isystem' '/home/sophie/miniconda3/include' '-I' '/home/sophie/miniconda3/targets/x86_64-linux/include' '-L/home/sophie/miniconda3/targets/x86_64-linux/lib' '-L/home/sophie/miniconda3/targets/x86_64-linux/lib/stubs' '-v' '-o' 'CMakeFiles/cmTC_10ca1.dir/CMakeCXXCompilerABI.cpp.o' '-c' '-shared-libgcc' '-dumpdir' 'CMakeFiles/cmTC_10ca1.dir/CMakeCXXCompilerABI.cpp.'
Linking CXX executable cmTC_10ca1
/usr/bin/cmake -E cmake_link_script CMakeFiles/cmTC_10ca1.dir/link.txt --verbose=1
/usr/bin/c++ -fvisibility-inlines-hidden -fmessage-length=0 -march=nocona -mtune=haswell -ftree-vectorize -fPIC -fstack-protector-strong -fno-plt -O2 -ffunction-sections -pipe -isystem /home/sophie/miniconda3/include  -I/home/sophie/miniconda3/targets/x86_64-linux/include  -L/home/sophie/miniconda3/targets/x86_64-linux/lib -L/home/sophie/miniconda3/targets/x86_64-linux/lib/stubs  -Wl,-O2 -Wl,--sort-common -Wl,--as-needed -Wl,-z,relro -Wl,-z,now -Wl,--disable-new-dtags -Wl,--gc-sections -Wl,-rpath,/home/sophie/miniconda3/lib -Wl,-rpath-link,/home/sophie/miniconda3/lib -L/home/sophie/miniconda3/lib  -L/home/sophie/miniconda3/targets/x86_64-linux/lib -L/home/sophie/miniconda3/targets/x86_64-linux/lib/stubs -v CMakeFiles/cmTC_10ca1.dir/CMakeCXXCompilerABI.cpp.o -o cmTC_10ca1 
Using built-in specs.
COLLECT_GCC=/usr/bin/c++
COLLECT_LTO_WRAPPER=/usr/lib/gcc/x86_64-linux-gnu/11/lto-wrapper
OFFLOAD_TARGET_NAMES=nvptx-none:amdgcn-amdhsa
OFFLOAD_TARGET_DEFAULT=1
Target: x86_64-linux-gnu
Configured with: ../src/configure -v --with-pkgversion='Ubuntu 11.4.0-1ubuntu1~22.04.3' --with-bugurl=file:///usr/share/doc/gcc-11/README.Bugs --enable-languages=c,ada,c++,go,brig,d,fortran,objc,obj-c++,m2 --prefix=/usr --with-gcc-major-version-only --program-suffix=-11 --program-prefix=x86_64-linux-gnu- --enable-shared --enable-linker-build-id --libexecdir=/usr/lib --without-included-gettext --enable-threads=posix --libdir=/usr/lib --enable-nls --enable-bootstrap --enable-clocale=gnu --enable-libstdcxx-debug --enable-libstdcxx-time=yes --with-default-libstdcxx-abi=new --enable-gnu-unique-object --disable-vtable-verify --enable-plugin --enable-default-pie --with-system-zlib --enable-libphobos-checking=release --with-target-system-zlib=auto --enable-objc-gc=auto --enable-multiarch --disable-werror --enable-cet --with-arch-32=i686 --with-abi=m64 --with-multilib-list=m32,m64,mx32 --enable-multilib --with-tune=generic --enable-offload-targets=nvptx-none=/build/gcc-11-0odw26/gcc-11-11.4.0/debian/tmp-nvptx/usr,amdgcn-amdhsa=/build/gcc-11-0odw26/gcc-11-11.4.0/debian/tmp-gcn/usr --without-cuda-driver --enable-checking=release --build=x86_64-linux-gnu --host=x86_64-linux-gnu --target=x86_64-linux-gnu --with-build-config=bootstrap-lto-lean --enable-link-serialization=2
Thread model: posix
Supported LTO compression algorithms: zlib zstd
gcc version 11.4.0 (Ubuntu 11.4.0-1ubuntu1~22.04.3) 
COMPILER_PATH=/usr/lib/gcc/x86_64-linux-gnu/11/:/usr/lib/gcc/x86_64-linux-gnu/11/:/usr/lib/gcc/x86_64-linux-gnu/:/usr/lib/gcc/x86_64-linux-gnu/11/:/usr/lib/gcc/x86_64-linux-gnu/
LIBRARY_PATH=/usr/lib/gcc/x86_64-linux-gnu/11/:/usr/lib/gcc/x86_64-linux-gnu/11/../../../x86_64-linux-gnu/:/usr/lib/gcc/x86_64-linux-gnu/11/../../../../lib/:/lib/x86_64-linux-gnu/:/lib/../lib/:/usr/lib/x86_64-linux-gnu/:/usr/lib/../lib/:/usr/lib/gcc/x86_64-linux-gnu/11/../../../:/lib/:/usr/lib/
COLLECT_GCC_OPTIONS='-fvisibility-inlines-hidden' '-fmessage-length=0' '-march=nocona' '-mtune=haswell' '-ftree-vectorize' '-fPIC' '-fstack-protector-strong' '-fno-plt' '-O2' '-ffunction-sections' '-pipe' '-isystem' '/home/sophie/miniconda3/include' '-I' '/home/sophie/miniconda3/targets/x86_64-linux/include' '-L/home/sophie/miniconda3/targets/x86_64-linux/lib' '-L/home/sophie/miniconda3/targets/x86_64-linux/lib/stubs' '-L/home/sophie/miniconda3/lib' '-L/home/sophie/miniconda3/targets/x86_64-linux/lib' '-L/home/sophie/miniconda3/targets/x86_64-linux/lib/stubs' '-v' '-o' 'cmTC_10ca1' '-shared-libgcc' '-dumpdir' 'cmTC_10ca1.'
 /usr/lib/gcc/x86_64-linux-gnu/11/collect2 -plugin /usr/lib/gcc/x86_64-linux-gnu/11/liblto_plugin.so -plugin-opt=/usr/lib/gcc/x86_64-linux-gnu/11/lto-wrapper -plugin-opt=-fresolution=/tmp/ccp8kCzC.res -plugin-opt=-pass-through=-lgcc_s -plugin-opt=-pass-through=-lgcc -plugin-opt=-pass-through=-lc -plugin-opt=-pass-through=-lgcc_s -plugin-opt=-pass-through=-lgcc --build-id --eh-frame-hdr -m elf_x86_64 --hash-style=gnu --as-needed -dynamic-linker /lib64/ld-linux-x86-64.so.2 -pie -z now -z relro -o cmTC_10ca1 /usr/lib/gcc/x86_64-linux-gnu/11/../../../x86_64-linux-gnu/Scrt1.o /usr/lib/gcc/x86_64-linux-gnu/11/../../../x86_64-linux-gnu/crti.o /usr/lib/gcc/x86_64-linux-gnu/11/crtbeginS.o -L/home/sophie/miniconda3/targets/x86_64-linux/lib -L/home/sophie/miniconda3/targets/x86_64-linux/lib/stubs -L/home/sophie/miniconda3/lib -L/home/sophie/miniconda3/targets/x86_64-linux/lib -L/home/sophie/miniconda3/targets/x86_64-linux/lib/stubs -L/usr/lib/gcc/x86_64-linux-gnu/11 -L/usr/lib/gcc/x86_64-linux-gnu/11/../../../x86_64-linux-gnu -L/usr/lib/gcc/x86_64-linux-gnu/11/../../../../lib -L/lib/x86_64-linux-gnu -L/lib/../lib -L/usr/lib/x86_64-linux-gnu -L/usr/lib/../lib -L/usr/lib/gcc/x86_64-linux-gnu/11/../../.. -O2 --sort-common --as-needed -z relro -z now --disable-new-dtags --gc-sections -rpath /home/sophie/miniconda3/lib -rpath-link /home/sophie/miniconda3/lib CMakeFiles/cmTC_10ca1.dir/CMakeCXXCompilerABI.cpp.o -lstdc++ -lm -lgcc_s -lgcc -lc -lgcc_s -lgcc /usr/lib/gcc/x86_64-linux-gnu/11/crtendS.o /usr/lib/gcc/x86_64-linux-gnu/11/../../../x86_64-linux-gnu/crtn.o
COLLECT_GCC_OPTIONS='-fvisibility-inlines-hidden' '-fmessage-length=0' '-march=nocona' '-mtune=haswell' '-ftree-vectorize' '-fPIC' '-fstack-protector-strong' '-fno-plt' '-O2' '-ffunction-sections' '-pipe' '-isystem' '/home/sophie/miniconda3/include' '-I' '/home/sophie/miniconda3/targets/x86_64-linux/include' '-L/home/sophie/miniconda3/targets/x86_64-linux/lib' '-L/home/sophie/miniconda3/targets/x86_64-linux/lib/stubs' '-L/home/sophie/miniconda3/lib' '-L/home/sophie/miniconda3/targets/x86_64-linux/lib' '-L/home/sophie/miniconda3/targets/x86_64-linux/lib/stubs' '-v' '-o' 'cmTC_10ca1' '-shared-libgcc' '-dumpdir' 'cmTC_10ca1.'
gmake[1]: Leaving directory '/home/sophie/isaac_lab/isaac_ws/rl_code/soarm100sim/ros2/build/soarm100_interfaces/CMakeFiles/CMakeTmp'



Parsed CXX implicit include dir info from above output: rv=done
  found start of include info
  found start of implicit include info
    add: [/home/sophie/miniconda3/targets/x86_64-linux/include]
    add: [/home/sophie/miniconda3/include]
    add: [/usr/include/c++/11]
    add: [/usr/include/x86_64-linux-gnu/c++/11]
    add: [/usr/include/c++/11/backward]
    add: [/usr/lib/gcc/x86_64-linux-gnu/11/include]
    add: [/usr/local/include]
    add: [/usr/include/x86_64-linux-gnu]
    add: [/usr/include]
  end of search list found
  collapse include dir [/home/sophie/miniconda3/targets/x86_64-linux/include] ==> [/home/sophie/miniconda3/targets/x86_64-linux/include]
  collapse include dir [/home/sophie/miniconda3/include] ==> [/home/sophie/miniconda3/include]
  collapse include dir [/usr/include/c++/11] ==> [/usr/include/c++/11]
  collapse include dir [/usr/include/x86_64-linux-gnu/c++/11] ==> [/usr/include/x86_64-linux-gnu/c++/11]
  collapse include dir [/usr/include/c++/11/backward] ==> [/usr/include/c++/11/backward]
  collapse include dir [/usr/lib/gcc/x86_64-linux-gnu/11/include] ==> [/usr/lib/gcc/x86_64-linux-gnu/11/include]
  collapse include dir [/usr/local/include] ==> [/usr/local/include]
  collapse include dir [/usr/include/x86_64-linux-gnu] ==> [/usr/include/x86_64-linux-gnu]
  collapse include dir [/usr/include] ==> [/usr/include]
  implicit include dirs: [/home/sophie/miniconda3/targets/x86_64-linux/include;/home/sophie/miniconda3/include;/usr/include/c++/11;/usr/include/x86_64-linux-gnu/c++/11;/usr/include/c++/11/backward;/usr/lib/gcc/x86_64-linux-gnu/11/include;/usr/local/include;/usr/include/x86_64-linux-gnu;/usr/include]


Parsed CXX implicit link information from above output:
  link line regex: [^( *|.*[/\])(ld|CMAKE_LINK_STARTFILE-NOTFOUND|([^/\]+-)?ld|collect2)[^/\]*( |$)]
  ignore line: [Change Dir: /home/sophie/isaac_lab/isaac_ws/rl_code/soarm100sim/ros2/build/soarm100_interfaces/CMakeFiles/CMakeTmp]
  ignore line: []
  ignore line: [Run Build Command(s):/usr/bin/gmake -f Makefile cmTC_10ca1/fast && /usr/bin/gmake  -f CMakeFiles/cmTC_10ca1.dir/build.make CMakeFiles/cmTC_10ca1.dir/build]
  ignore line: [gmake[1]: Entering directory '/home/sophie/isaac_lab/isaac_ws/rl_code/soarm100sim/ros2/build/soarm100_interfaces/CMakeFiles/CMakeTmp']
  ignore line: [Building CXX object CMakeFiles/cmTC_10ca1.dir/CMakeCXXCompilerABI.cpp.o]
  ignore line: [/usr/bin/c++   -fvisibility-inlines-hidden -fmessage-length=0 -march=nocona -mtune=haswell -ftree-vectorize -fPIC -fstack-protector-strong -fno-plt -O2 -ffunction-sections -pipe -isystem /home/sophie/miniconda3/include  -I/home/sophie/miniconda3/targets/x86_64-linux/include  -L/home/sophie/miniconda3/targets/x86_64-linux/lib -L/home/sophie/miniconda3/targets/x86_64-linux/lib/stubs    -v -o CMakeFiles/cmTC_10ca1.dir/CMakeCXXCompilerABI.cpp.o -c /usr/share/cmake-3.22/Modules/CMakeCXXCompilerABI.cpp]
  ignore line: [Using built-in specs.]
  ignore line: [COLLECT_GCC=/usr/bin/c++]
  ignore line: [OFFLOAD_TARGET_NAMES=nvptx-none:amdgcn-amdhsa]
  ignore line: [OFFLOAD_TARGET_DEFAULT=1]
  ignore line: [Target: x86_64-linux-gnu]
  ignore line: [Configured with: ../src/configure -v --with-pkgversion='Ubuntu 11.4.0-1ubuntu1~22.04.3' --with-bugurl=file:///usr/share/doc/gcc-11/README.Bugs --enable-languages=c ada c++ go brig d fortran objc obj-c++ m2 --prefix=/usr --with-gcc-major-version-only --program-suffix=-11 --program-prefix=x86_64-linux-gnu- --enable-shared --enable-linker-build-id --libexecdir=/usr/lib --without-included-gettext --enable-threads=posix --libdir=/usr/lib --enable-nls --enable-bootstrap --enable-clocale=gnu --enable-libstdcxx-debug --enable-libstdcxx-time=yes --with-default-libstdcxx-abi=new --enable-gnu-unique-object --disable-vtable-verify --enable-plugin --enable-default-pie --with-system-zlib --enable-libphobos-checking=release --with-target-system-zlib=auto --enable-objc-gc=auto --enable-multiarch --disable-werror --enable-cet --with-arch-32=i686 --with-abi=m64 --with-multilib-list=m32 m64 mx32 --enable-multilib --with-tune=generic --enable-offload-targets=nvptx-none=/build/gcc-11-0odw26/gcc-11-11.4.0/debian/tmp-nvptx/usr amdgcn-amdhsa=/build/gcc-11-0odw26/gcc-11-11.4.0/debian/tmp-gcn/usr --without-cuda-driver --enable-checking=release --build=x86_64-linux-gnu --host=x86_64-linux-gnu --target=x86_64-linux-gnu --with-build-config=bootstrap-lto-lean --enable-link-serialization=2]
  ignore line: [Thread model: posix]
  ignore line: [Supported LTO compression algorithms: zlib zstd]
  ignore line: [gcc version 11.4.0 (Ubuntu 11.4.0-1ubuntu1~22.04.3) ]
  ignore line: [COLLECT_GCC_OPTIONS='-fvisibility-inlines-hidden' '-fmessage-length=0' '-march=nocona' '-mtune=haswell' '-ftree-vectorize' '-fPIC' '-fstack-protector-strong' '-fno-plt' '-O2' '-ffunction-sections' '-pipe' '-isystem' '/home/sophie/miniconda3/include' '-I' '/home/sophie/miniconda3/targets/x86_64-linux/include' '-L/home/sophie/miniconda3/targets/x86_64-linux/lib' '-L/home/sophie/miniconda3/targets/x86_64-linux/lib/stubs' '-v' '-o' 'CMakeFiles/cmTC_10ca1.dir/CMakeCXXCompilerABI.cpp.o' '-c' '-shared-libgcc' '-dumpdir' 'CMakeFiles/cmTC_10ca1.dir/']
  ignore line: [ /usr/lib/gcc/x86_64-linux-gnu/11/cc1plus -quiet -v -I /home/sophie/miniconda3/targets/x86_64-linux/include -imultiarch x86_64-linux-gnu -D_GNU_SOURCE -isystem /home/sophie/miniconda3/include /usr/share/cmake-3.22/Modules/CMakeCXXCompilerABI.cpp -quiet -dumpdir CMakeFiles/cmTC_10ca1.dir/ -dumpbase CMakeCXXCompilerABI.cpp.cpp -dumpbase-ext .cpp -march=nocona -mtune=haswell -O2 -version -fvisibility-inlines-hidden -fmessage-length=0 -ftree-vectorize -fPIC -fstack-protector-strong -fno-plt -ffunction-sections -fasynchronous-unwind-tables -fstack-protector-strong -Wformat -Wformat-security -fstack-clash-protection -fcf-protection -o - |]
  ignore line: [ as -v -I /home/sophie/miniconda3/targets/x86_64-linux/include --64 -o CMakeFiles/cmTC_10ca1.dir/CMakeCXXCompilerABI.cpp.o]
  ignore line: [GNU assembler version 2.38 (x86_64-linux-gnu) using BFD version (GNU Binutils for Ubuntu) 2.38]
  ignore line: [GNU C++17 (Ubuntu 11.4.0-1ubuntu1~22.04.3) version 11.4.0 (x86_64-linux-gnu)]
  ignore line: [	compiled by GNU C version 11.4.0  GMP version 6.2.1  MPFR version 4.1.0  MPC version 1.2.1  isl version isl-0.24-GMP]
  ignore line: []
  ignore line: [GGC heuristics: --param ggc-min-expand=100 --param ggc-min-heapsize=131072]
  ignore line: [ignoring duplicate directory "/usr/include/x86_64-linux-gnu/c++/11"]
  ignore line: [ignoring nonexistent directory "/usr/local/include/x86_64-linux-gnu"]
  ignore line: [ignoring nonexistent directory "/usr/lib/gcc/x86_64-linux-gnu/11/include-fixed"]
  ignore line: [ignoring nonexistent directory "/usr/lib/gcc/x86_64-linux-gnu/11/../../../../x86_64-linux-gnu/include"]
  ignore line: [#include "..." search starts here:]
  ignore line: [#include <...> search starts here:]
  ignore line: [ /home/sophie/miniconda3/targets/x86_64-linux/include]
  ignore line: [ /home/sophie/miniconda3/include]
  ignore line: [ /usr/include/c++/11]
  ignore line: [ /usr/include/x86_64-linux-gnu/c++/11]
  ignore line: [ /usr/include/c++/11/backward]
  ignore line: [ /usr/lib/gcc/x86_64-linux-gnu/11/include]
  ignore line: [ /usr/local/include]
  ignore line: [ /usr/include/x86_64-linux-gnu]
  ignore line: [ /usr/include]
  ignore line: [End of search list.]
  ignore line: [GNU C++17 (Ubuntu 11.4.0-1ubuntu1~22.04.3) version 11.4.0 (x86_64-linux-gnu)]
  ignore line: [	compiled by GNU C version 11.4.0  GMP version 6.2.1  MPFR version 4.1.0  MPC version 1.2.1  isl version isl-0.24-GMP]
  ignore line: []
  ignore line: [GGC heuristics: --param ggc-min-expand=100 --param ggc-min-heapsize=131072]
  ignore line: [Compiler executable checksum: ac7fa628ee459f217e6fdb88b3db0bde]
  ignore line: [COMPILER_PATH=/usr/lib/gcc/x86_64-linux-gnu/11/:/usr/lib/gcc/x86_64-linux-gnu/11/:/usr/lib/gcc/x86_64-linux-gnu/:/usr/lib/gcc/x86_64-linux-gnu/11/:/usr/lib/gcc/x86_64-linux-gnu/]
  ignore line: [LIBRARY_PATH=/usr/lib/gcc/x86_64-linux-gnu/11/:/usr/lib/gcc/x86_64-linux-gnu/11/../../../x86_64-linux-gnu/:/usr/lib/gcc/x86_64-linux-gnu/11/../../../../lib/:/lib/x86_64-linux-gnu/:/lib/../lib/:/usr/lib/x86_64-linux-gnu/:/usr/lib/../lib/:/usr/lib/gcc/x86_64-linux-gnu/11/../../../:/lib/:/usr/lib/]
  ignore line: [COLLECT_GCC_OPTIONS='-fvisibility-inlines-hidden' '-fmessage-length=0' '-march=nocona' '-mtune=haswell' '-ftree-vectorize' '-fPIC' '-fstack-protector-strong' '-fno-plt' '-O2' '-ffunction-sections' '-pipe' '-isystem' '/home/sophie/miniconda3/include' '-I' '/home/sophie/miniconda3/targets/x86_64-linux/include' '-L/home/sophie/miniconda3/targets/x86_64-linux/lib' '-L/home/sophie/miniconda3/targets/x86_64-linux/lib/stubs' '-v' '-o' 'CMakeFiles/cmTC_10ca1.dir/CMakeCXXCompilerABI.cpp.o' '-c' '-shared-libgcc' '-dumpdir' 'CMakeFiles/cmTC_10ca1.dir/CMakeCXXCompilerABI.cpp.']
  ignore line: [Linking CXX executable cmTC_10ca1]
  ignore line: [/usr/bin/cmake -E cmake_link_script CMakeFiles/cmTC_10ca1.dir/link.txt --verbose=1]
  ignore line: [/usr/bin/c++ -fvisibility-inlines-hidden -fmessage-length=0 -march=nocona -mtune=haswell -ftree-vectorize -fPIC -fstack-protector-strong -fno-plt -O2 -ffunction-sections -pipe -isystem /home/sophie/miniconda3/include  -I/home/sophie/miniconda3/targets/x86_64-linux/include  -L/home/sophie/miniconda3/targets/x86_64-linux/lib -L/home/sophie/miniconda3/targets/x86_64-linux/lib/stubs  -Wl -O2 -Wl --sort-common -Wl --as-needed -Wl -z relro -Wl -z now -Wl --disable-new-dtags -Wl --gc-sections -Wl -rpath /home/sophie/miniconda3/lib -Wl -rpath-link /home/sophie/miniconda3/lib -L/home/sophie/miniconda3/lib  -L/home/sophie/miniconda3/targets/x86_64-linux/lib -L/home/sophie/miniconda3/targets/x86_64-linux/lib/stubs -v CMakeFiles/cmTC_10ca1.dir/CMakeCXXCompilerABI.cpp.o -o cmTC_10ca1 ]
  ignore line: [Using built-in specs.]
  ignore line: [COLLECT_GCC=/usr/bin/c++]
  ignore line: [COLLECT_LTO_WRAPPER=/usr/lib/gcc/x86_64-linux-gnu/11/lto-wrapper]
  ignore line: [OFFLOAD_TARGET_NAMES=nvptx-none:amdgcn-amdhsa]
  ignore line: [OFFLOAD_TARGET_DEFAULT=1]
  ignore line: [Target: x86_64-linux-gnu]
  ignore line: [Configured with: ../src/configure -v --with-pkgversion='Ubuntu 11.4.0-1ubuntu1~22.04.3' --with-bugurl=file:///usr/share/doc/gcc-11/README.Bugs --enable-languages=c ada c++ go brig d fortran objc obj-c++ m2 --prefix=/usr --with-gcc-major-version-only --program-suffix=-11 --program-prefix=x86_64-linux-gnu- --enable-shared --enable-linker-build-id --libexecdir=/usr/lib --without-included-gettext --enable-threads=posix --libdir=/usr/lib --enable-nls --enable-bootstrap --enable-clocale=gnu --enable-libstdcxx-debug --enable-libstdcxx-time=yes --with-default-libstdcxx-abi=new --enable-gnu-unique-object --disable-vtable-verify --enable-plugin --enable-default-pie --with-system-zlib --enable-libphobos-checking=release --with-target-system-zlib=auto --enable-objc-gc=auto --enable-multiarch --disable-werror --enable-cet --with-arch-32=i686 --with-abi=m64 --with-multilib-list=m32 m64 mx32 --enable-multilib --with-tune=generic --enable-offload-targets=nvptx-none=/build/gcc-11-0odw26/gcc-11-11.4.0/debian/tmp-nvptx/usr amdgcn-amdhsa=/build/gcc-11-0odw26/gcc-11-11.4.0/debian/tmp-gcn/usr --without-cuda-driver --enable-checking=release --build=x86_64-linux-gnu --host=x86_64-linux-gnu --target=x86_64-linux-gnu --with-build-config=bootstrap-lto-lean --enable-link-serialization=2]
  ignore line: [Thread model: posix]
  ignore line: [Supported LTO compression algorithms: zlib zstd]
  ignore line: [gcc version 11.4.0 (Ubuntu 11.4.0-1ubuntu1~22.04.3) ]
  ignore line: [COMPILER_PATH=/usr/lib/gcc/x86_64-linux-gnu/11/:/usr/lib/gcc/x86_64-linux-gnu/11/:/usr/lib/gcc/x86_64-linux-gnu/:/usr/lib/gcc/x86_64-linux-gnu/11/:/usr/lib/gcc/x86_64-linux-gnu/]
  ignore line: [LIBRARY_PATH=/usr/lib/gcc/x86_64-linux-gnu/11/:/usr/lib/gcc/x86_64-linux-gnu/11/../../../x86_64-linux-gnu/:/usr/lib/gcc/x86_64-linux-gnu/11/../../../../lib/:/lib/x86_64-linux-gnu/:/lib/../lib/:/usr/lib/x86_64-linux-gnu/:/usr/lib/../lib/:/usr/lib/gcc/x86_64-linux-gnu/11/../../../:/lib/:/usr/lib/]
  ignore line: [COLLECT_GCC_OPTIONS='-fvisibility-inlines-hidden' '-fmessage-length=0' '-march=nocona' '-mtune=haswell' '-ftree-vectorize' '-fPIC' '-fstack-protector-strong' '-fno-plt' '-O2' '-ffunction-sections' '-pipe' '-isystem' '/home/sophie/miniconda3/include' '-I' '/home/sophie/miniconda3/targets/x86_64-linux/include' '-L/home/sophie/miniconda3/targets/x86_64-linux/lib' '-L/home/sophie/miniconda3/targets/x86_64-linux/lib/stubs' '-L/home/sophie/miniconda3/lib' '-L/home/sophie/miniconda3/targets/x86_64-linux/lib' '-L/home/sophie/miniconda3/targets/x86_64-linux/lib/stubs' '-v' '-o' 'cmTC_10ca1' '-shared-libgcc' '-dumpdir' 'cmTC_10ca1.']
  link line: [ /usr/lib/gcc/x86_64-linux-gnu/11/collect2 -plugin /usr/lib/gcc/x86_64-linux-gnu/11/liblto_plugin.so -plugin-opt=/usr/lib/gcc/x86_64-linux-gnu/11/lto-wrapper -plugin-opt=-fresolution=/tmp/ccp8kCzC.res -plugin-opt=-pass-through=-lgcc_s -plugin-opt=-pass-through=-lgcc -plugin-opt=-pass-through=-lc -plugin-opt=-pass-through=-lgcc_s -plugin-opt=-pass-through=-lgcc --build-id --eh-frame-hdr -m elf_x86_64 --hash-style=gnu --as-needed -dynamic-linker /lib64/ld-linux-x86-64.so.2 -pie -z now -z relro -o cmTC_10ca1 /usr/lib/gcc/x86_64-linux-gnu/11/../../../x86_64-linux-gnu/Scrt1.o /usr/lib/gcc/x86_64-linux-gnu/11/../../../x86_64-linux-gnu/crti.o /usr/lib/gcc/x86_64-linux-gnu/11/crtbeginS.o -L/home/sophie/miniconda3/targets/x86_64-linux/lib -L/home/sophie/miniconda3/targets/x86_64-linux/lib/stubs -L/home/sophie/miniconda3/lib -L/home/sophie/miniconda3/targets/x86_64-linux/lib -L/home/sophie/miniconda3/targets/x86_64-linux/lib/stubs -L/usr/lib/gcc/x86_64-linux-gnu/11 -L/usr/lib/gcc/x86_64-linux-gnu/11/../../../x86_64-linux-gnu -L/usr/lib/gcc/x86_64-linux-gnu/11/../../../../lib -L/lib/x86_64-linux-gnu -L/lib/../lib -L/usr/lib/x86_64-linux-gnu -L/usr/lib/../lib -L/usr/lib/gcc/x86_64-linux-gnu/11/../../.. -O2 --sort-common --as-needed -z relro -z now --disable-new-dtags --gc-sections -rpath /home/sophie/miniconda3/lib -rpath-link /home/sophie/miniconda3/lib CMakeFiles/cmTC_10ca1.dir/CMakeCXXCompilerABI.cpp.o -lstdc++ -lm -lgcc_s -lgcc -lc -lgcc_s -lgcc /usr/lib/gcc/x86_64-linux-gnu/11/crtendS.o /usr/lib/gcc/x86_64-linux-gnu/11/../../../x86_64-linux-gnu/crtn.o]
    arg [/usr/lib/gcc/x86_64-linux-gnu/11/collect2] ==> ignore
    arg [-plugin] ==> ignore
    arg [/usr/lib/gcc/x86_64-linux-gnu/11/liblto_plugin.so] ==> ignore
    arg [-plugin-opt=/usr/lib/gcc/x86_64-linux-gnu/11/lto-wrapper] ==> ignore
    arg [-plugin-opt=-fresolution=/tmp/ccp8kCzC.res] ==> ignore
    arg [-plugin-opt=-pass-through=-lgcc_s] ==> ignore
    arg [-plugin-opt=-pass-through=-lgcc] ==> ignore
    arg [-plugin-opt=-pass-through=-lc] ==> ignore
    arg [-plugin-opt=-pass-through=-lgcc_s] ==> ignore
    arg [-plugin-opt=-pass-through=-lgcc] ==> ignore
    arg [--build-id] ==> ignore
    arg [--eh-frame-hdr] ==> ignore
    arg [-m] ==> ignore
    arg [elf_x86_64] ==> ignore
    arg [--hash-style=gnu] ==> ignore
    arg [--as-needed] ==> ignore
    arg [-dynamic-linker] ==> ignore
    arg [/lib64/ld-linux-x86-64.so.2] ==> ignore
    arg [-pie] ==> ignore
    arg [-znow] ==> ignore
    arg [-zrelro] ==> ignore
    arg [-o] ==> ignore
    arg [cmTC_10ca1] ==> ignore
    arg [/usr/lib/gcc/x86_64-linux-gnu/11/../../../x86_64-linux-gnu/Scrt1.o] ==> obj [/usr/lib/gcc/x86_64-linux-gnu/11/../../../x86_64-linux-gnu/Scrt1.o]
    arg [/usr/lib/gcc/x86_64-linux-gnu/11/../../../x86_64-linux-gnu/crti.o] ==> obj [/usr/lib/gcc/x86_64-linux-gnu/11/../../../x86_64-linux-gnu/crti.o]
    arg [/usr/lib/gcc/x86_64-linux-gnu/11/crtbeginS.o] ==> obj [/usr/lib/gcc/x86_64-linux-gnu/11/crtbeginS.o]
    arg [-L/home/sophie/miniconda3/targets/x86_64-linux/lib] ==> dir [/home/sophie/miniconda3/targets/x86_64-linux/lib]
    arg [-L/home/sophie/miniconda3/targets/x86_64-linux/lib/stubs] ==> dir [/home/sophie/miniconda3/targets/x86_64-linux/lib/stubs]
    arg [-L/home/sophie/miniconda3/lib] ==> dir [/home/sophie/miniconda3/lib]
    arg [-L/home/sophie/miniconda3/targets/x86_64-linux/lib] ==> dir [/home/sophie/miniconda3/targets/x86_64-linux/lib]
    arg [-L/home/sophie/miniconda3/targets/x86_64-linux/lib/stubs] ==> dir [/home/sophie/miniconda3/targets/x86_64-linux/lib/stubs]
    arg [-L/usr/lib/gcc/x86_64-linux-gnu/11] ==> dir [/usr/lib/gcc/x86_64-linux-gnu/11]
    arg [-L/usr/lib/gcc/x86_64-linux-gnu/11/../../../x86_64-linux-gnu] ==> dir [/usr/lib/gcc/x86_64-linux-gnu/11/../../../x86_64-linux-gnu]
    arg [-L/usr/lib/gcc/x86_64-linux-gnu/11/../../../../lib] ==> dir [/usr/lib/gcc/x86_64-linux-gnu/11/../../../../lib]
    arg [-L/lib/x86_64-linux-gnu] ==> dir [/lib/x86_64-linux-gnu]
    arg [-L/lib/../lib] ==> dir [/lib/../lib]
    arg [-L/usr/lib/x86_64-linux-gnu] ==> dir [/usr/lib/x86_64-linux-gnu]
    arg [-L/usr/lib/../lib] ==> dir [/usr/lib/../lib]
    arg [-L/usr/lib/gcc/x86_64-linux-gnu/11/../../..] ==> dir [/usr/lib/gcc/x86_64-linux-gnu/11/../../..]
    arg [-O2] ==> ignore
    arg [--sort-common] ==> ignore
    arg [--as-needed] ==> ignore
    arg [-zrelro] ==> ignore
    arg [-znow] ==> ignore
    arg [--disable-new-dtags] ==> ignore
    arg [--gc-sections] ==> ignore
    arg [-rpath] ==> ignore
    arg [/home/sophie/miniconda3/lib] ==> ignore
    arg [-rpath-link] ==> ignore
    arg [/home/sophie/miniconda3/lib] ==> ignore
    arg [CMakeFiles/cmTC_10ca1.dir/CMakeCXXCompilerABI.cpp.o] ==> ignore
    arg [-lstdc++] ==> lib [stdc++]
    arg [-lm] ==> lib [m]
    arg [-lgcc_s] ==> lib [gcc_s]
    arg [-lgcc] ==> lib [gcc]
    arg [-lc] ==> lib [c]
    arg [-lgcc_s] ==> lib [gcc_s]
    arg [-lgcc] ==> lib [gcc]
    arg [/usr/lib/gcc/x86_64-linux-gnu/11/crtendS.o] ==> obj [/usr/lib/gcc/x86_64-linux-gnu/11/crtendS.o]
    arg [/usr/lib/gcc/x86_64-linux-gnu/11/../../../x86_64-linux-gnu/crtn.o] ==> obj [/usr/lib/gcc/x86_64-linux-gnu/11/../../../x86_64-linux-gnu/crtn.o]
  collapse obj [/usr/lib/gcc/x86_64-linux-gnu/11/../../../x86_64-linux-gnu/Scrt1.o] ==> [/usr/lib/x86_64-linux-gnu/Scrt1.o]
  collapse obj [/usr/lib/gcc/x86_64-linux-gnu/11/../../../x86_64-linux-gnu/crti.o] ==> [/usr/lib/x86_64-linux-gnu/crti.o]
  collapse obj [/usr/lib/gcc/x86_64-linux-gnu/11/../../../x86_64-linux-gnu/crtn.o] ==> [/usr/lib/x86_64-linux-gnu/crtn.o]
  collapse library dir [/home/sophie/miniconda3/targets/x86_64-linux/lib] ==> [/home/sophie/miniconda3/targets/x86_64-linux/lib]
  collapse library dir [/home/sophie/miniconda3/targets/x86_64-linux/lib/stubs] ==> [/home/sophie/miniconda3/targets/x86_64-linux/lib/stubs]
  collapse library dir [/home/sophie/miniconda3/lib] ==> [/home/sophie/miniconda3/lib]
  collapse library dir [/home/sophie/miniconda3/targets/x86_64-linux/lib] ==> [/home/sophie/miniconda3/targets/x86_64-linux/lib]
  collapse library dir [/home/sophie/miniconda3/targets/x86_64-linux/lib/stubs] ==> [/home/sophie/miniconda3/targets/x86_64-linux/lib/stubs]
  collapse library dir [/usr/lib/gcc/x86_64-linux-gnu/11] ==> [/usr/lib/gcc/x86_64-linux-gnu/11]
  collapse library dir [/usr/lib/gcc/x86_64-linux-gnu/11/../../../x86_64-linux-gnu] ==> [/usr/lib/x86_64-linux-gnu]
  collapse library dir [/usr/lib/gcc/x86_64-linux-gnu/11/../../../../lib] ==> [/usr/lib]
  collapse library dir [/lib/x86_64-linux-gnu] ==> [/lib/x86_64-linux-gnu]
  collapse library dir [/lib/../lib] ==> [/lib]
  collapse library dir [/usr/lib/x86_64-linux-gnu] ==> [/usr/lib/x86_64-linux-gnu]
  collapse library dir [/usr/lib/../lib] ==> [/usr/lib]
  collapse library dir [/usr/lib/gcc/x86_64-linux-gnu/11/../../..] ==> [/usr/lib]
  implicit libs: [stdc++;m;gcc_s;gcc;c;gcc_s;gcc]
  implicit objs: [/usr/lib/x86_64-linux-gnu/Scrt1.o;/usr/lib/x86_64-linux-gnu/crti.o;/usr/lib/gcc/x86_64-linux-gnu/11/crtbeginS.o;/usr/lib/gcc/x86_64-linux-gnu/11/crtendS.o;/usr/lib/x86_64-linux-gnu/crtn.o]
  implicit dirs: [/home/sophie/miniconda3/targets/x86_64-linux/lib;/home/sophie/miniconda3/targets/x86_64-linux/lib/stubs;/home/sophie/miniconda3/lib;/usr/lib/gcc/x86_64-linux-gnu/11;/usr/lib/x86_64-linux-gnu;/usr/lib;/lib/x86_64-linux-gnu;/lib]
  implicit fwks: []


The system is: Linux - 6.8.0-106-generic - x86_64
Compiling the C compiler identification source file "CMakeCCompilerId.c" succeeded.
Compiler: /usr/bin/cc 
Build flags: 
Id flags:  

The output was:
0


Compilation of the C compiler identification source "CMakeCCompilerId.c" produced "a.out"

The C compiler identification is GNU, found in "/home/sophie/isaac_lab/isaac_ws/rl_code/soarm100sim/ros2/build/soarm100_interfaces/CMakeFiles/3.22.1/CompilerIdC/a.out"

Compiling the CXX compiler identification source file "CMakeCXXCompilerId.cpp" succeeded.
Compiler: /usr/bin/c++ 
Build flags: -fvisibility-inlines-hidden;-fmessage-length=0;-march=nocona;-mtune=haswell;-ftree-vectorize;-fPIC;-fstack-protector-strong;-fno-plt;-O2;-ffunction-sections;-pipe;-isystem;/home/sophie/miniconda3/include;;-I/home/sophie/miniconda3/targets/x86_64-linux/include;;-L/home/sophie/miniconda3/targets/x86_64-linux/lib;-L/home/sophie/miniconda3/targets/x86_64-linux/lib/stubs
Id flags:  

The output was:
0


Compilation of the CXX compiler identification source "CMakeCXXCompilerId.cpp" produced "a.out"

The CXX compiler identification is GNU, found in "/home/sophie/isaac_lab/isaac_ws/rl_code/soarm100sim/ros2/build/soarm100_interfaces/CMakeFiles/3.22.1/CompilerIdCXX/a.out"

Detecting C compiler ABI info compiled with the following output:
Change Dir: /home/sophie/isaac_lab/isaac_ws/rl_code/soarm100sim/ros2/build/soarm100_interfaces/CMakeFiles/CMakeTmp

Run Build Command(s):/usr/bin/gmake -f Makefile cmTC_8a700/fast && /usr/bin/gmake  -f CMakeFiles/cmTC_8a700.dir/build.make CMakeFiles/cmTC_8a700.dir/build
gmake[1]: Entering directory '/home/sophie/isaac_lab/isaac_ws/rl_code/soarm100sim/ros2/build/soarm100_interfaces/CMakeFiles/CMakeTmp'
Building C object CMakeFiles/cmTC_8a700.dir/CMakeCCompilerABI.c.o
/usr/bin/cc   -v -o CMakeFiles/cmTC_8a700.dir/CMakeCCompilerABI.c.o -c /usr/share/cmake-3.22/Modules/CMakeCCompilerABI.c
Using built-in specs.
COLLECT_GCC=/usr/bin/cc
OFFLOAD_TARGET_NAMES=nvptx-none:amdgcn-amdhsa
OFFLOAD_TARGET_DEFAULT=1
Target: x86_64-linux-gnu
Configured with: ../src/configure -v --with-pkgversion='Ubuntu 11.4.0-1ubuntu1~22.04.3' --with-bugurl=file:///usr/share/doc/gcc-11/README.Bugs --enable-languages=c,ada,c++,go,brig,d,fortran,objc,obj-c++,m2 --prefix=/usr --with-gcc-major-version-only --program-suffix=-11 --program-prefix=x86_64-linux-gnu- --enable-shared --enable-linker-build-id --libexecdir=/usr/lib --without-included-gettext --enable-threads=posix --libdir=/usr/lib --enable-nls --enable-bootstrap --enable-clocale=gnu --enable-libstdcxx-debug --enable-libstdcxx-time=yes --with-default-libstdcxx-abi=new --enable-gnu-unique-object --disable-vtable-verify --enable-plugin --enable-default-pie --with-system-zlib --enable-libphobos-checking=release --with-target-system-zlib=auto --enable-objc-gc=auto --enable-multiarch --disable-werror --enable-cet --with-arch-32=i686 --with-abi=m64 --with-multilib-list=m32,m64,mx32 --enable-multilib --with-tune=generic --enable-offload-targets=nvptx-none=/build/gcc-11-0odw26/gcc-11-11.4.0/debian/tmp-nvptx/usr,amdgcn-amdhsa=/build/gcc-11-0odw26/gcc-11-11.4.0/debian/tmp-gcn/usr --without-cuda-driver --enable-checking=release --build=x86_64-linux-gnu --host=x86_64-linux-gnu --target=x86_64-linux-gnu --with-build-config=bootstrap-lto-lean --enable-link-serialization=2
Thread model: posix
Supported LTO compression algorithms: zlib zstd
gcc version 11.4.0 (Ubuntu 11.4.0-1ubuntu1~22.04.3) 
COLLECT_GCC_OPTIONS='-v' '-o' 'CMakeFiles/cmTC_8a700.dir/CMakeCCompilerABI.c.o' '-c' '-mtune=generic' '-march=x86-64' '-dumpdir' 'CMakeFiles/cmTC_8a700.dir/'
 /usr/lib/gcc/x86_64-linux-gnu/11/cc1 -quiet -v -imultiarch x86_64-linux-gnu /usr/share/cmake-3.22/Modules/CMakeCCompilerABI.c -quiet -dumpdir CMakeFiles/cmTC_8a700.dir/ -dumpbase CMakeCCompilerABI.c.c -dumpbase-ext .c -mtune=generic -march=x86-64 -version -fasynchronous-unwind-tables -fstack-protector-strong -Wformat -Wformat-security -fstack-clash-protection -fcf-protection -o /tmp/ccKGbx5B.s
GNU C17 (Ubuntu 11.4.0-1ubuntu1~22.04.3) version 11.4.0 (x86_64-linux-gnu)
	compiled by GNU C version 11.4.0, GMP version 6.2.1, MPFR version 4.1.0, MPC version 1.2.1, isl version isl-0.24-GMP

GGC heuristics: --param ggc-min-expand=100 --param ggc-min-heapsize=131072
ignoring nonexistent directory "/usr/local/include/x86_64-linux-gnu"
ignoring nonexistent directory "/usr/lib/gcc/x86_64-linux-gnu/11/include-fixed"
ignoring nonexistent directory "/usr/lib/gcc/x86_64-linux-gnu/11/../../../../x86_64-linux-gnu/include"
#include "..." search starts here:
#include <...> search starts here:
 /usr/lib/gcc/x86_64-linux-gnu/11/include
 /usr/local/include
 /usr/include/x86_64-linux-gnu
 /usr/include
End of search list.
GNU C17 (Ubuntu 11.4.0-1ubuntu1~22.04.3) version 11.4.0 (x86_64-linux-gnu)
	compiled by GNU C version 11.4.0, GMP version 6.2.1, MPFR version 4.1.0, MPC version 1.2.1, isl version isl-0.24-GMP

GGC heuristics: --param ggc-min-expand=100 --param ggc-min-heapsize=131072
Compiler executable checksum: 46ebede1f5b795a957a1e85cb61af9d8
COLLECT_GCC_OPTIONS='-v' '-o' 'CMakeFiles/cmTC_8a700.dir/CMakeCCompilerABI.c.o' '-c' '-mtune=generic' '-march=x86-64' '-dumpdir' 'CMakeFiles/cmTC_8a700.dir/'
 as -v --64 -o CMakeFiles/cmTC_8a700.dir/CMakeCCompilerABI.c.o /tmp/ccKGbx5B.s
GNU assembler version 2.38 (x86_64-linux-gnu) using BFD version (GNU Binutils for Ubuntu) 2.38
COMPILER_PATH=/usr/lib/gcc/x86_64-linux-gnu/11/:/usr/lib/gcc/x86_64-linux-gnu/11/:/usr/lib/gcc/x86_64-linux-gnu/:/usr/lib/gcc/x86_64-linux-gnu/11/:/usr/lib/gcc/x86_64-linux-gnu/
LIBRARY_PATH=/usr/lib/gcc/x86_64-linux-gnu/11/:/usr/lib/gcc/x86_64-linux-gnu/11/../../../x86_64-linux-gnu/:/usr/lib/gcc/x86_64-linux-gnu/11/../../../../lib/:/lib/x86_64-linux-gnu/:/lib/../lib/:/usr/lib/x86_64-linux-gnu/:/usr/lib/../lib/:/usr/lib/gcc/x86_64-linux-gnu/11/../../../:/lib/:/usr/lib/
COLLECT_GCC_OPTIONS='-v' '-o' 'CMakeFiles/cmTC_8a700.dir/CMakeCCompilerABI.c.o' '-c' '-mtune=generic' '-march=x86-64' '-dumpdir' 'CMakeFiles/cmTC_8a700.dir/CMakeCCompilerABI.c.'
Linking C executable cmTC_8a700
/usr/bin/cmake -E cmake_link_script CMakeFiles/cmTC_8a700.dir/link.txt --verbose=1
/usr/bin/cc -Wl,-O2 -Wl,--sort-common -Wl,--as-needed -Wl,-z,relro -Wl,-z,now -Wl,--disable-new-dtags -Wl,--gc-sections -Wl,-rpath,/home/sophie/miniconda3/lib -Wl,-rpath-link,/home/sophie/miniconda3/lib -L/home/sophie/miniconda3/lib  -L/home/sophie/miniconda3/targets/x86_64-linux/lib -L/home/sophie/miniconda3/targets/x86_64-linux/lib/stubs -v CMakeFiles/cmTC_8a700.dir/CMakeCCompilerABI.c.o -o cmTC_8a700 
Using built-in specs.
COLLECT_GCC=/usr/bin/cc
COLLECT_LTO_WRAPPER=/usr/lib/gcc/x86_64-linux-gnu/11/lto-wrapper
OFFLOAD_TARGET_NAMES=nvptx-none:amdgcn-amdhsa
OFFLOAD_TARGET_DEFAULT=1
Target: x86_64-linux-gnu
Configured with: ../src/configure -v --with-pkgversion='Ubuntu 11.4.0-1ubuntu1~22.04.3' --with-bugurl=file:///usr/share/doc/gcc-11/README.Bugs --enable-languages=c,ada,c++,go,brig,d,fortran,objc,obj-c++,m2 --prefix=/usr --with-gcc-major-version-only --program-suffix=-11 --program-prefix=x86_64-linux-gnu- --enable-shared --enable-linker-build-id --libexecdir=/usr/lib --without-included-gettext --enable-threads=posix --libdir=/usr/lib --enable-nls --enable-bootstrap --enable-clocale=gnu --enable-libstdcxx-debug --enable-libstdcxx-time=yes --with-default-libstdcxx-abi=new --enable-gnu-unique-object --disable-vtable-verify --enable-plugin --enable-default-pie --with-system-zlib --enable-libphobos-checking=release --with-target-system-zlib=auto --enable-objc-gc=auto --enable-multiarch --disable-werror --enable-cet --with-arch-32=i686 --with-abi=m64 --with-multilib-list=m32,m64,mx32 --enable-multilib --with-tune=generic --enable-offload-targets=nvptx-none=/build/gcc-11-0odw26/gcc-11-11.4.0/debian/tmp-nvptx/usr,amdgcn-amdhsa=/build/gcc-11-0odw26/gcc-11-11.4.0/debian/tmp-gcn/usr --without-cuda-driver --enable-checking=release --build=x86_64-linux-gnu --host=x86_64-linux-gnu --target=x86_64-linux-gnu --with-build-config=bootstrap-lto-lean --enable-link-serialization=2
Thread model: posix
Supported LTO compression algorithms: zlib zstd
gcc version 11.4.0 (Ubuntu 11.4.0-1ubuntu1~22.04.3) 
COMPILER_PATH=/usr/lib/gcc/x86_64-linux-gnu/11/:/usr/lib/gcc/x86_64-linux-gnu/11/:/usr/lib/gcc/x86_64-linux-gnu/:/usr/lib/gcc/x86_64-linux-gnu/11/:/usr/lib/gcc/x86_64-linux-gnu/
LIBRARY_PATH=/usr/lib/gcc/x86_64-linux-gnu/11/:/usr/lib/gcc/x86_64-linux-gnu/11/../../../x86_64-linux-gnu/:/usr/lib/gcc/x86_64-linux-gnu/11/../../../../lib/:/lib/x86_64-linux-gnu/:/lib/../lib/:/usr/lib/x86_64-linux-gnu/:/usr/lib/../lib/:/usr/lib/gcc/x86_64-linux-gnu/11/../../../:/lib/:/usr/lib/
COLLECT_GCC_OPTIONS='-L/home/sophie/miniconda3/lib' '-L/home/sophie/miniconda3/targets/x86_64-linux/lib' '-L/home/sophie/miniconda3/targets/x86_64-linux/lib/stubs' '-v' '-o' 'cmTC_8a700' '-mtune=generic' '-march=x86-64' '-dumpdir' 'cmTC_8a700.'
 /usr/lib/gcc/x86_64-linux-gnu/11/collect2 -plugin /usr/lib/gcc/x86_64-linux-gnu/11/liblto_plugin.so -plugin-opt=/usr/lib/gcc/x86_64-linux-gnu/11/lto-wrapper -plugin-opt=-fresolution=/tmp/ccSC6DpT.res -plugin-opt=-pass-through=-lgcc -plugin-opt=-pass-through=-lgcc_s -plugin-opt=-pass-through=-lc -plugin-opt=-pass-through=-lgcc -plugin-opt=-pass-through=-lgcc_s --build-id --eh-frame-hdr -m elf_x86_64 --hash-style=gnu --as-needed -dynamic-linker /lib64/ld-linux-x86-64.so.2 -pie -z now -z relro -o cmTC_8a700 /usr/lib/gcc/x86_64-linux-gnu/11/../../../x86_64-linux-gnu/Scrt1.o /usr/lib/gcc/x86_64-linux-gnu/11/../../../x86_64-linux-gnu/crti.o /usr/lib/gcc/x86_64-linux-gnu/11/crtbeginS.o -L/home/sophie/miniconda3/lib -L/home/sophie/miniconda3/targets/x86_64-linux/lib -L/home/sophie/miniconda3/targets/x86_64-linux/lib/stubs -L/usr/lib/gcc/x86_64-linux-gnu/11 -L/usr/lib/gcc/x86_64-linux-gnu/11/../../../x86_64-linux-gnu -L/usr/lib/gcc/x86_64-linux-gnu/11/../../../../lib -L/lib/x86_64-linux-gnu -L/lib/../lib -L/usr/lib/x86_64-linux-gnu -L/usr/lib/../lib -L/usr/lib/gcc/x86_64-linux-gnu/11/../../.. -O2 --sort-common --as-needed -z relro -z now --disable-new-dtags --gc-sections -rpath /home/sophie/miniconda3/lib -rpath-link /home/sophie/miniconda3/lib CMakeFiles/cmTC_8a700.dir/CMakeCCompilerABI.c.o -lgcc --push-state --as-needed -lgcc_s --pop-state -lc -lgcc --push-state --as-needed -lgcc_s --pop-state /usr/lib/gcc/x86_64-linux-gnu/11/crtendS.o /usr/lib/gcc/x86_64-linux-gnu/11/../../../x86_64-linux-gnu/crtn.o
COLLECT_GCC_OPTIONS='-L/home/sophie/miniconda3/lib' '-L/home/sophie/miniconda3/targets/x86_64-linux/lib' '-L/home/sophie/miniconda3/targets/x86_64-linux/lib/stubs' '-v' '-o' 'cmTC_8a700' '-mtune=generic' '-march=x86-64' '-dumpdir' 'cmTC_8a700.'
gmake[1]: Leaving directory '/home/sophie/isaac_lab/isaac_ws/rl_code/soarm100sim/ros2/build/soarm100_interfaces/CMakeFiles/CMakeTmp'



Parsed C implicit include dir info from above output: rv=done
  found start of include info
  found start of implicit include info
    add: [/usr/lib/gcc/x86_64-linux-gnu/11/include]
    add: [/usr/local/include]
    add: [/usr/include/x86_64-linux-gnu]
    add: [/usr/include]
  end of search list found
  collapse include dir [/usr/lib/gcc/x86_64-linux-gnu/11/include] ==> [/usr/lib/gcc/x86_64-linux-gnu/11/include]
  collapse include dir [/usr/local/include] ==> [/usr/local/include]
  collapse include dir [/usr/include/x86_64-linux-gnu] ==> [/usr/include/x86_64-linux-gnu]
  collapse include dir [/usr/include] ==> [/usr/include]
  implicit include dirs: [/usr/lib/gcc/x86_64-linux-gnu/11/include;/usr/local/include;/usr/include/x86_64-linux-gnu;/usr/include]


Parsed C implicit link information from above output:
  link line regex: [^( *|.*[/\])(ld|CMAKE_LINK_STARTFILE-NOTFOUND|([^/\]+-)?ld|collect2)[^/\]*( |$)]
  ignore line: [Change Dir: /home/sophie/isaac_lab/isaac_ws/rl_code/soarm100sim/ros2/build/soarm100_interfaces/CMakeFiles/CMakeTmp]
  ignore line: []
  ignore line: [Run Build Command(s):/usr/bin/gmake -f Makefile cmTC_8a700/fast && /usr/bin/gmake  -f CMakeFiles/cmTC_8a700.dir/build.make CMakeFiles/cmTC_8a700.dir/build]
  ignore line: [gmake[1]: Entering directory '/home/sophie/isaac_lab/isaac_ws/rl_code/soarm100sim/ros2/build/soarm100_interfaces/CMakeFiles/CMakeTmp']
  ignore line: [Building C object CMakeFiles/cmTC_8a700.dir/CMakeCCompilerABI.c.o]
  ignore line: [/usr/bin/cc   -v -o CMakeFiles/cmTC_8a700.dir/CMakeCCompilerABI.c.o -c /usr/share/cmake-3.22/Modules/CMakeCCompilerABI.c]
  ignore line: [Using built-in specs.]
  ignore line: [COLLECT_GCC=/usr/bin/cc]
  ignore line: [OFFLOAD_TARGET_NAMES=nvptx-none:amdgcn-amdhsa]
  ignore line: [OFFLOAD_TARGET_DEFAULT=1]
  ignore line: [Target: x86_64-linux-gnu]
  ignore line: [Configured with: ../src/configure -v --with-pkgversion='Ubuntu 11.4.0-1ubuntu1~22.04.3' --with-bugurl=file:///usr/share/doc/gcc-11/README.Bugs --enable-languages=c ada c++ go brig d fortran objc obj-c++ m2 --prefix=/usr --with-gcc-major-version-only --program-suffix=-11 --program-prefix=x86_64-linux-gnu- --enable-shared --enable-linker-build-id --libexecdir=/usr/lib --without-included-gettext --enable-threads=posix --libdir=/usr/lib --enable-nls --enable-bootstrap --enable-clocale=gnu --enable-libstdcxx-debug --enable-libstdcxx-time=yes --with-default-libstdcxx-abi=new --enable-gnu-unique-object --disable-vtable-verify --enable-plugin --enable-default-pie --with-system-zlib --enable-libphobos-checking=release --with-target-system-zlib=auto --enable-objc-gc=auto --enable-multiarch --disable-werror --enable-cet --with-arch-32=i686 --with-abi=m64 --with-multilib-list=m32 m64 mx32 --enable-multilib --with-tune=generic --enable-offload-targets=nvptx-none=/build/gcc-11-0odw26/gcc-11-11.4.0/debian/tmp-nvptx/usr amdgcn-amdhsa=/build/gcc-11-0odw26/gcc-11-11.4.0/debian/tmp-gcn/usr --without-cuda-driver --enable-checking=release --build=x86_64-linux-gnu --host=x86_64-linux-gnu --target=x86_64-linux-gnu --with-build-config=bootstrap-lto-lean --enable-link-serialization=2]
  ignore line: [Thread model: posix]
  ignore line: [Supported LTO compression algorithms: zlib zstd]
  ignore line: [gcc version 11.4.0 (Ubuntu 11.4.0-1ubuntu1~22.04.3) ]
  ignore line: [COLLECT_GCC_OPTIONS='-v' '-o' 'CMakeFiles/cmTC_8a700.dir/CMakeCCompilerABI.c.o' '-c' '-mtune=generic' '-march=x86-64' '-dumpdir' 'CMakeFiles/cmTC_8a700.dir/']
  ignore line: [ /usr/lib/gcc/x86_64-linux-gnu/11/cc1 -quiet -v -imultiarch x86_64-linux-gnu /usr/share/cmake-3.22/Modules/CMakeCCompilerABI.c -quiet -dumpdir CMakeFiles/cmTC_8a700.dir/ -dumpbase CMakeCCompilerABI.c.c -dumpbase-ext .c -mtune=generic -march=x86-64 -version -fasynchronous-unwind-tables -fstack-protector-strong -Wformat -Wformat-security -fstack-clash-protection -fcf-protection -o /tmp/ccKGbx5B.s]
  ignore line: [GNU C17 (Ubuntu 11.4.0-1ubuntu1~22.04.3) version 11.4.0 (x86_64-linux-gnu)]
  ignore line: [	compiled by GNU C version 11.4.0  GMP version 6.2.1  MPFR version 4.1.0  MPC version 1.2.1  isl version isl-0.24-GMP]
  ignore line: []
  ignore line: [GGC heuristics: --param ggc-min-expand=100 --param ggc-min-heapsize=131072]
  ignore line: [ignoring nonexistent directory "/usr/local/include/x86_64-linux-gnu"]
  ignore line: [ignoring nonexistent directory "/usr/lib/gcc/x86_64-linux-gnu/11/include-fixed"]
  ignore line: [ignoring nonexistent directory "/usr/lib/gcc/x86_64-linux-gnu/11/../../../../x86_64-linux-gnu/include"]
  ignore line: [#include "..." search starts here:]
  ignore line: [#include <...> search starts here:]
  ignore line: [ /usr/lib/gcc/x86_64-linux-gnu/11/include]
  ignore line: [ /usr/local/include]
  ignore line: [ /usr/include/x86_64-linux-gnu]
  ignore line: [ /usr/include]
  ignore line: [End of search list.]
  ignore line: [GNU C17 (Ubuntu 11.4.0-1ubuntu1~22.04.3) version 11.4.0 (x86_64-linux-gnu)]
  ignore line: [	compiled by GNU C version 11.4.0  GMP version 6.2.1  MPFR version 4.1.0  MPC version 1.2.1  isl version isl-0.24-GMP]
  ignore line: []
  ignore line: [GGC heuristics: --param ggc-min-expand=100 --param ggc-min-heapsize=131072]
  ignore line: [Compiler executable checksum: 46ebede1f5b795a957a1e85cb61af9d8]
  ignore line: [COLLECT_GCC_OPTIONS='-v' '-o' 'CMakeFiles/cmTC_8a700.dir/CMakeCCompilerABI.c.o' '-c' '-mtune=generic' '-march=x86-64' '-dumpdir' 'CMakeFiles/cmTC_8a700.dir/']
  ignore line: [ as -v --64 -o CMakeFiles/cmTC_8a700.dir/CMakeCCompilerABI.c.o /tmp/ccKGbx5B.s]
  ignore line: [GNU assembler version 2.38 (x86_64-linux-gnu) using BFD version (GNU Binutils for Ubuntu) 2.38]
  ignore line: [COMPILER_PATH=/usr/lib/gcc/x86_64-linux-gnu/11/:/usr/lib/gcc/x86_64-linux-gnu/11/:/usr/lib/gcc/x86_64-linux-gnu/:/usr/lib/gcc/x86_64-linux-gnu/11/:/usr/lib/gcc/x86_64-linux-gnu/]
  ignore line: [LIBRARY_PATH=/usr/lib/gcc/x86_64-linux-gnu/11/:/usr/lib/gcc/x86_64-linux-gnu/11/../../../x86_64-linux-gnu/:/usr/lib/gcc/x86_64-linux-gnu/11/../../../../lib/:/lib/x86_64-linux-gnu/:/lib/../lib/:/usr/lib/x86_64-linux-gnu/:/usr/lib/../lib/:/usr/lib/gcc/x86_64-linux-gnu/11/../../../:/lib/:/usr/lib/]
  ignore line: [COLLECT_GCC_OPTIONS='-v' '-o' 'CMakeFiles/cmTC_8a700.dir/CMakeCCompilerABI.c.o' '-c' '-mtune=generic' '-march=x86-64' '-dumpdir' 'CMakeFiles/cmTC_8a700.dir/CMakeCCompilerABI.c.']
  ignore line: [Linking C executable cmTC_8a700]
  ignore line: [/usr/bin/cmake -E cmake_link_script CMakeFiles/cmTC_8a700.dir/link.txt --verbose=1]
  ignore line: [/usr/bin/cc -Wl -O2 -Wl --sort-common -Wl --as-needed -Wl -z relro -Wl -z now -Wl --disable-new-dtags -Wl --gc-sections -Wl -rpath /home/sophie/miniconda3/lib -Wl -rpath-link /home/sophie/miniconda3/lib -L/home/sophie/miniconda3/lib  -L/home/sophie/miniconda3/targets/x86_64-linux/lib -L/home/sophie/miniconda3/targets/x86_64-linux/lib/stubs -v CMakeFiles/cmTC_8a700.dir/CMakeCCompilerABI.c.o -o cmTC_8a700 ]
  ignore line: [Using built-in specs.]
  ignore line: [COLLECT_GCC=/usr/bin/cc]
  ignore line: [COLLECT_LTO_WRAPPER=/usr/lib/gcc/x86_64-linux-gnu/11/lto-wrapper]
  ignore line: [OFFLOAD_TARGET_NAMES=nvptx-none:amdgcn-amdhsa]
  ignore line: [OFFLOAD_TARGET_DEFAULT=1]
  ignore line: [Target: x86_64-linux-gnu]
  ignore line: [Configured with: ../src/configure -v --with-pkgversion='Ubuntu 11.4.0-1ubuntu1~22.04.3' --with-bugurl=file:///usr/share/doc/gcc-11/README.Bugs --enable-languages=c ada c++ go brig d fortran objc obj-c++ m2 --prefix=/usr --with-gcc-major-version-only --program-suffix=-11 --program-prefix=x86_64-linux-gnu- --enable-shared --enable-linker-build-id --libexecdir=/usr/lib --without-included-gettext --enable-threads=posix --libdir=/usr/lib --enable-nls --enable-bootstrap --enable-clocale=gnu --enable-libstdcxx-debug --enable-libstdcxx-time=yes --with-default-libstdcxx-abi=new --enable-gnu-unique-object --disable-vtable-verify --enable-plugin --enable-default-pie --with-system-zlib --enable-libphobos-checking=release --with-target-system-zlib=auto --enable-objc-gc=auto --enable-multiarch --disable-werror --enable-cet --with-arch-32=i686 --with-abi=m64 --with-multilib-list=m32 m64 mx32 --enable-multilib --with-tune=generic --enable-offload-targets=nvptx-none=/build/gcc-11-0odw26/gcc-11-11.4.0/debian/tmp-nvptx/usr amdgcn-amdhsa=/build/gcc-11-0odw26/gcc-11-11.4.0/debian/tmp-gcn/usr --without-cuda-driver --enable-checking=release --build=x86_64-linux-gnu --host=x86_64-linux-gnu --target=x86_64-linux-gnu --with-build-config=bootstrap-lto-lean --enable-link-serialization=2]
  ignore line: [Thread model: posix]
  ignore line: [Supported LTO compression algorithms: zlib zstd]
  ignore line: [gcc version 11.4.0 (Ubuntu 11.4.0-1ubuntu1~22.04.3) ]
  ignore line: [COMPILER_PATH=/usr/lib/gcc/x86_64-linux-gnu/11/:/usr/lib/gcc/x86_64-linux-gnu/11/:/usr/lib/gcc/x86_64-linux-gnu/:/usr/lib/gcc/x86_64-linux-gnu/11/:/usr/lib/gcc/x86_64-linux-gnu/]
  ignore line: [LIBRARY_PATH=/usr/lib/gcc/x86_64-linux-gnu/11/:/usr/lib/gcc/x86_64-linux-gnu/11/../../../x86_64-linux-gnu/:/usr/lib/gcc/x86_64-linux-gnu/11/../../../../lib/:/lib/x86_64-linux-gnu/:/lib/../lib/:/usr/lib/x86_64-linux-gnu/:/usr/lib/../lib/:/usr/lib/gcc/x86_64-linux-gnu/11/../../../:/lib/:/usr/lib/]
  ignore line: [COLLECT_GCC_OPTIONS='-L/home/sophie/miniconda3/lib' '-L/home/sophie/miniconda3/targets/x86_64-linux/lib' '-L/home/sophie/miniconda3/targets/x86_64-linux/lib/stubs' '-v' '-o' 'cmTC_8a700' '-mtune=generic' '-march=x86-64' '-dumpdir' 'cmTC_8a700.']
  link line: [ /usr/lib/gcc/x86_64-linux-gnu/11/collect2 -plugin /usr/lib/gcc/x86_64-linux-gnu/11/liblto_plugin.so -plugin-opt=/usr/lib/gcc/x86_64-linux-gnu/11/lto-wrapper -plugin-opt=-fresolution=/tmp/ccSC6DpT.res -plugin-opt=-pass-through=-lgcc -plugin-opt=-pass-through=-lgcc_s -plugin-opt=-pass-through=-lc -plugin-opt=-pass-through=-lgcc -plugin-opt=-pass-through=-lgcc_s --build-id --eh-frame-hdr -m elf_x86_64 --hash-style=gnu --as-needed -dynamic-linker /lib64/ld-linux-x86-64.so.2 -pie -z now -z relro -o cmTC_8a700 /usr/lib/gcc/x86_64-linux-gnu/11/../../../x86_64-linux-gnu/Scrt1.o /usr/lib/gcc/x86_64-linux-gnu/11/../../../x86_64-linux-gnu/crti.o /usr/lib/gcc/x86_64-linux-gnu/11/crtbeginS.o -L/home/sophie/miniconda3/lib -L/home/sophie/miniconda3/targets/x86_64-linux/lib -L/home/sophie/miniconda3/targets/x86_64-linux/lib/stubs -L/usr/lib/gcc/x86_64-linux-gnu/11 -L/usr/lib/gcc/x86_64-linux-gnu/11/../../../x86_64-linux-gnu -L/usr/lib/gcc/x86_64-linux-gnu/11/../../../../lib -L/lib/x86_64-linux-gnu -L/lib/../lib -L/usr/lib/x86_64-linux-gnu -L/usr/lib/../lib -L/usr/lib/gcc/x86_64-linux-gnu/11/../../.. -O2 --sort-common --as-needed -z relro -z now --disable-new-dtags --gc-sections -rpath /home/sophie/miniconda3/lib -rpath-link /home/sophie/miniconda3/lib CMakeFiles/cmTC_8a700.dir/CMakeCCompilerABI.c.o -lgcc --push-state --as-needed -lgcc_s --pop-state -lc -lgcc --push-state --as-needed -lgcc_s --pop-state /usr/lib/gcc/x86_64-linux-gnu/11/crtendS.o /usr/lib/gcc/x86_64-linux-gnu/11/../../../x86_64-linux-gnu/crtn.o]
    arg [/usr/lib/gcc/x86_64-linux-gnu/11/collect2] ==> ignore
    arg [-plugin] ==> ignore
    arg [/usr/lib/gcc/x86_64-linux-gnu/11/liblto_plugin.so] ==> ignore
    arg [-plugin-opt=/usr/lib/gcc/x86_64-linux-gnu/11/lto-wrapper] ==> ignore
    arg [-plugin-opt=-fresolution=/tmp/ccSC6DpT.res] ==> ignore
    arg [-plugin-opt=-pass-through=-lgcc] ==> ignore
    arg [-plugin-opt=-pass-through=-lgcc_s] ==> ignore
    arg [-plugin-opt=-pass-through=-lc] ==> ignore
    arg [-plugin-opt=-pass-through=-lgcc] ==> ignore
    arg [-plugin-opt=-pass-through=-lgcc_s] ==> ignore
    arg [--build-id] ==> ignore
    arg [--eh-frame-hdr] ==> ignore
    arg [-m] ==> ignore
    arg [elf_x86_64] ==> ignore
    arg [--hash-style=gnu] ==> ignore
    arg [--as-needed] ==> ignore
    arg [-dynamic-linker] ==> ignore
    arg [/lib64/ld-linux-x86-64.so.2] ==> ignore
    arg [-pie] ==> ignore
    arg [-znow] ==> ignore
    arg [-zrelro] ==> ignore
    arg [-o] ==> ignore
    arg [cmTC_8a700] ==> ignore
    arg [/usr/lib/gcc/x86_64-linux-gnu/11/../../../x86_64-linux-gnu/Scrt1.o] ==> obj [/usr/lib/gcc/x86_64-linux-gnu/11/../../../x86_64-linux-gnu/Scrt1.o]
    arg [/usr/lib/gcc/x86_64-linux-gnu/11/../../../x86_64-linux-gnu/crti.o] ==> obj [/usr/lib/gcc/x86_64-linux-gnu/11/../../../x86_64-linux-gnu/crti.o]
    arg [/usr/lib/gcc/x86_64-linux-gnu/11/crtbeginS.o] ==> obj [/usr/lib/gcc/x86_64-linux-gnu/11/crtbeginS.o]
    arg [-L/home/sophie/miniconda3/lib] ==> dir [/home/sophie/miniconda3/lib]
    arg [-L/home/sophie/miniconda3/targets/x86_64-linux/lib] ==> dir [/home/sophie/miniconda3/targets/x86_64-linux/lib]
    arg [-L/home/sophie/miniconda3/targets/x86_64-linux/lib/stubs] ==> dir [/home/sophie/miniconda3/targets/x86_64-linux/lib/stubs]
    arg [-L/usr/lib/gcc/x86_64-linux-gnu/11] ==> dir [/usr/lib/gcc/x86_64-linux-gnu/11]
    arg [-L/usr/lib/gcc/x86_64-linux-gnu/11/../../../x86_64-linux-gnu] ==> dir [/usr/lib/gcc/x86_64-linux-gnu/11/../../../x86_64-linux-gnu]
    arg [-L/usr/lib/gcc/x86_64-linux-gnu/11/../../../../lib] ==> dir [/usr/lib/gcc/x86_64-linux-gnu/11/../../../../lib]
    arg [-L/lib/x86_64-linux-gnu] ==> dir [/lib/x86_64-linux-gnu]
    arg [-L/lib/../lib] ==> dir [/lib/../lib]
    arg [-L/usr/lib/x86_64-linux-gnu] ==> dir [/usr/lib/x86_64-linux-gnu]
    arg [-L/usr/lib/../lib] ==> dir [/usr/lib/../lib]
    arg [-L/usr/lib/gcc/x86_64-linux-gnu/11/../../..] ==> dir [/usr/lib/gcc/x86_64-linux-gnu/11/../../..]
    arg [-O2] ==> ignore
    arg [--sort-common] ==> ignore
    arg [--as-needed] ==> ignore
    arg [-zrelro] ==> ignore
    arg [-znow] ==> ignore
    arg [--disable-new-dtags] ==> ignore
    arg [--gc-sections] ==> ignore
    arg [-rpath] ==> ignore
    arg [/home/sophie/miniconda3/lib] ==> ignore
    arg [-rpath-link] ==> ignore
    arg [/home/sophie/miniconda3/lib] ==> ignore
    arg [CMakeFiles/cmTC_8a700.dir/CMakeCCompilerABI.c.o] ==> ignore
    arg [-lgcc] ==> lib [gcc]
    arg [--push-state] ==> ignore
    arg [--as-needed] ==> ignore
    arg [-lgcc_s] ==> lib [gcc_s]
    arg [--pop-state] ==> ignore
    arg [-lc] ==> lib [c]
    arg [-lgcc] ==> lib [gcc]
    arg [--push-state] ==> ignore
    arg [--as-needed] ==> ignore
    arg [-lgcc_s] ==> lib [gcc_s]
    arg [--pop-state] ==> ignore
    arg [/usr/lib/gcc/x86_64-linux-gnu/11/crtendS.o] ==> obj [/usr/lib/gcc/x86_64-linux-gnu/11/crtendS.o]
    arg [/usr/lib/gcc/x86_64-linux-gnu/11/../../../x86_64-linux-gnu/crtn.o] ==> obj [/usr/lib/gcc/x86_64-linux-gnu/11/../../../x86_64-linux-gnu/crtn.o]
  collapse obj [/usr/lib/gcc/x86_64-linux-gnu/11/../../../x86_64-linux-gnu/Scrt1.o] ==> [/usr/lib/x86_64-linux-gnu/Scrt1.o]
  collapse obj [/usr/lib/gcc/x86_64-linux-gnu/11/../../../x86_64-linux-gnu/crti.o] ==> [/usr/lib/x86_64-linux-gnu/crti.o]
  collapse obj [/usr/lib/gcc/x86_64-linux-gnu/11/../../../x86_64-linux-gnu/crtn.o] ==> [/usr/lib/x86_64-linux-gnu/crtn.o]
  collapse library dir [/home/sophie/miniconda3/lib] ==> [/home/sophie/miniconda3/lib]
  collapse library dir [/home/sophie/miniconda3/targets/x86_64-linux/lib] ==> [/home/sophie/miniconda3/targets/x86_64-linux/lib]
  collapse library dir [/home/sophie/miniconda3/targets/x86_64-linux/lib/stubs] ==> [/home/sophie/miniconda3/targets/x86_64-linux/lib/stubs]
  collapse library dir [/usr/lib/gcc/x86_64-linux-gnu/11] ==> [/usr/lib/gcc/x86_64-linux-gnu/11]
  collapse library dir [/usr/lib/gcc/x86_64-linux-gnu/11/../../../x86_64-linux-gnu] ==> [/usr/lib/x86_64-linux-gnu]
  collapse library dir [/usr/lib/gcc/x86_64-linux-gnu/11/../../../../lib] ==> [/usr/lib]
  collapse library dir [/lib/x86_64-linux-gnu] ==> [/lib/x86_64-linux-gnu]
  collapse library dir [/lib/../lib] ==> [/lib]
  collapse library dir [/usr/lib/x86_64-linux-gnu] ==> [/usr/lib/x86_64-linux-gnu]
  collapse library dir [/usr/lib/../lib] ==> [/usr/lib]
  collapse library dir [/usr/lib/gcc/x86_64-linux-gnu/11/../../..] ==> [/usr/lib]
  implicit libs: [gcc;gcc_s;c;gcc;gcc_s]
  implicit objs: [/usr/lib/x86_64-linux-gnu/Scrt1.o;/usr/lib/x86_64-linux-gnu/crti.o;/usr/lib/gcc/x86_64-linux-gnu/11/crtbeginS.o;/usr/lib/gcc/x86_64-linux-gnu/11/crtendS.o;/usr/lib/x86_64-linux-gnu/crtn.o]
  implicit dirs: [/home/sophie/miniconda3/lib;/home/sophie/miniconda3/targets/x86_64-linux/lib;/home/sophie/miniconda3/targets/x86_64-linux/lib/stubs;/usr/lib/gcc/x86_64-linux-gnu/11;/usr/lib/x86_64-linux-gnu;/usr/lib;/lib/x86_64-linux-gnu;/lib]
  implicit fwks: []


Detecting CXX compiler ABI info compiled with the following output:
Change Dir: /home/sophie/isaac_lab/isaac_ws/rl_code/soarm100sim/ros2/build/soarm100_interfaces/CMakeFiles/CMakeTmp

Run Build Command(s):/usr/bin/gmake -f Makefile cmTC_98ac4/fast && /usr/bin/gmake  -f CMakeFiles/cmTC_98ac4.dir/build.make CMakeFiles/cmTC_98ac4.dir/build
gmake[1]: Entering directory '/home/sophie/isaac_lab/isaac_ws/rl_code/soarm100sim/ros2/build/soarm100_interfaces/CMakeFiles/CMakeTmp'
Building CXX object CMakeFiles/cmTC_98ac4.dir/CMakeCXXCompilerABI.cpp.o
/usr/bin/c++   -fvisibility-inlines-hidden -fmessage-length=0 -march=nocona -mtune=haswell -ftree-vectorize -fPIC -fstack-protector-strong -fno-plt -O2 -ffunction-sections -pipe -isystem /home/sophie/miniconda3/include  -I/home/sophie/miniconda3/targets/x86_64-linux/include  -L/home/sophie/miniconda3/targets/x86_64-linux/lib -L/home/sophie/miniconda3/targets/x86_64-linux/lib/stubs    -v -o CMakeFiles/cmTC_98ac4.dir/CMakeCXXCompilerABI.cpp.o -c /usr/share/cmake-3.22/Modules/CMakeCXXCompilerABI.cpp
Using built-in specs.
COLLECT_GCC=/usr/bin/c++
OFFLOAD_TARGET_NAMES=nvptx-none:amdgcn-amdhsa
OFFLOAD_TARGET_DEFAULT=1
Target: x86_64-linux-gnu
Configured with: ../src/configure -v --with-pkgversion='Ubuntu 11.4.0-1ubuntu1~22.04.3' --with-bugurl=file:///usr/share/doc/gcc-11/README.Bugs --enable-languages=c,ada,c++,go,brig,d,fortran,objc,obj-c++,m2 --prefix=/usr --with-gcc-major-version-only --program-suffix=-11 --program-prefix=x86_64-linux-gnu- --enable-shared --enable-linker-build-id --libexecdir=/usr/lib --without-included-gettext --enable-threads=posix --libdir=/usr/lib --enable-nls --enable-bootstrap --enable-clocale=gnu --enable-libstdcxx-debug --enable-libstdcxx-time=yes --with-default-libstdcxx-abi=new --enable-gnu-unique-object --disable-vtable-verify --enable-plugin --enable-default-pie --with-system-zlib --enable-libphobos-checking=release --with-target-system-zlib=auto --enable-objc-gc=auto --enable-multiarch --disable-werror --enable-cet --with-arch-32=i686 --with-abi=m64 --with-multilib-list=m32,m64,mx32 --enable-multilib --with-tune=generic --enable-offload-targets=nvptx-none=/build/gcc-11-0odw26/gcc-11-11.4.0/debian/tmp-nvptx/usr,amdgcn-amdhsa=/build/gcc-11-0odw26/gcc-11-11.4.0/debian/tmp-gcn/usr --without-cuda-driver --enable-checking=release --build=x86_64-linux-gnu --host=x86_64-linux-gnu --target=x86_64-linux-gnu --with-build-config=bootstrap-lto-lean --enable-link-serialization=2
Thread model: posix
Supported LTO compression algorithms: zlib zstd
gcc version 11.4.0 (Ubuntu 11.4.0-1ubuntu1~22.04.3) 
COLLECT_GCC_OPTIONS='-fvisibility-inlines-hidden' '-fmessage-length=0' '-march=nocona' '-mtune=haswell' '-ftree-vectorize' '-fPIC' '-fstack-protector-strong' '-fno-plt' '-O2' '-ffunction-sections' '-pipe' '-isystem' '/home/sophie/miniconda3/include' '-I' '/home/sophie/miniconda3/targets/x86_64-linux/include' '-L/home/sophie/miniconda3/targets/x86_64-linux/lib' '-L/home/sophie/miniconda3/targets/x86_64-linux/lib/stubs' '-v' '-o' 'CMakeFiles/cmTC_98ac4.dir/CMakeCXXCompilerABI.cpp.o' '-c' '-shared-libgcc' '-dumpdir' 'CMakeFiles/cmTC_98ac4.dir/'
 /usr/lib/gcc/x86_64-linux-gnu/11/cc1plus -quiet -v -I /home/sophie/miniconda3/targets/x86_64-linux/include -imultiarch x86_64-linux-gnu -D_GNU_SOURCE -isystem /home/sophie/miniconda3/include /usr/share/cmake-3.22/Modules/CMakeCXXCompilerABI.cpp -quiet -dumpdir CMakeFiles/cmTC_98ac4.dir/ -dumpbase CMakeCXXCompilerABI.cpp.cpp -dumpbase-ext .cpp -march=nocona -mtune=haswell -O2 -version -fvisibility-inlines-hidden -fmessage-length=0 -ftree-vectorize -fPIC -fstack-protector-strong -fno-plt -ffunction-sections -fasynchronous-unwind-tables -fstack-protector-strong -Wformat -Wformat-security -fstack-clash-protection -fcf-protection -o - |
 as -v -I /home/sophie/miniconda3/targets/x86_64-linux/include --64 -o CMakeFiles/cmTC_98ac4.dir/CMakeCXXCompilerABI.cpp.o
GNU C++17 (Ubuntu 11.4.0-1ubuntu1~22.04.3) version 11.4.0 (x86_64-linux-gnu)
	compiled by GNU C version 11.4.0, GNU assembler version 2.38 (x86_64-linux-gnu) using BFD version (GNU Binutils for Ubuntu) 2.38
GMP version 6.2.1, MPFR version 4.1.0, MPC version 1.2.1, isl version isl-0.24-GMP

GGC heuristics: --param ggc-min-expand=100 --param ggc-min-heapsize=131072
ignoring duplicate directory "/usr/include/x86_64-linux-gnu/c++/11"
ignoring nonexistent directory "/usr/local/include/x86_64-linux-gnu"
ignoring nonexistent directory "/usr/lib/gcc/x86_64-linux-gnu/11/include-fixed"
ignoring nonexistent directory "/usr/lib/gcc/x86_64-linux-gnu/11/../../../../x86_64-linux-gnu/include"
#include "..." search starts here:
#include <...> search starts here:
 /home/sophie/miniconda3/targets/x86_64-linux/include
 /home/sophie/miniconda3/include
 /usr/include/c++/11
 /usr/include/x86_64-linux-gnu/c++/11
 /usr/include/c++/11/backward
 /usr/lib/gcc/x86_64-linux-gnu/11/include
 /usr/local/include
 /usr/include/x86_64-linux-gnu
 /usr/include
End of search list.
GNU C++17 (Ubuntu 11.4.0-1ubuntu1~22.04.3) version 11.4.0 (x86_64-linux-gnu)
	compiled by GNU C version 11.4.0, GMP version 6.2.1, MPFR version 4.1.0, MPC version 1.2.1, isl version isl-0.24-GMP

GGC heuristics: --param ggc-min-expand=100 --param ggc-min-heapsize=131072
Compiler executable checksum: ac7fa628ee459f217e6fdb88b3db0bde
COMPILER_PATH=/usr/lib/gcc/x86_64-linux-gnu/11/:/usr/lib/gcc/x86_64-linux-gnu/11/:/usr/lib/gcc/x86_64-linux-gnu/:/usr/lib/gcc/x86_64-linux-gnu/11/:/usr/lib/gcc/x86_64-linux-gnu/
LIBRARY_PATH=/usr/lib/gcc/x86_64-linux-gnu/11/:/usr/lib/gcc/x86_64-linux-gnu/11/../../../x86_64-linux-gnu/:/usr/lib/gcc/x86_64-linux-gnu/11/../../../../lib/:/lib/x86_64-linux-gnu/:/lib/../lib/:/usr/lib/x86_64-linux-gnu/:/usr/lib/../lib/:/usr/lib/gcc/x86_64-linux-gnu/11/../../../:/lib/:/usr/lib/
COLLECT_GCC_OPTIONS='-fvisibility-inlines-hidden' '-fmessage-length=0' '-march=nocona' '-mtune=haswell' '-ftree-vectorize' '-fPIC' '-fstack-protector-strong' '-fno-plt' '-O2' '-ffunction-sections' '-pipe' '-isystem' '/home/sophie/miniconda3/include' '-I' '/home/sophie/miniconda3/targets/x86_64-linux/include' '-L/home/sophie/miniconda3/targets/x86_64-linux/lib' '-L/home/sophie/miniconda3/targets/x86_64-linux/lib/stubs' '-v' '-o' 'CMakeFiles/cmTC_98ac4.dir/CMakeCXXCompilerABI.cpp.o' '-c' '-shared-libgcc' '-dumpdir' 'CMakeFiles/cmTC_98ac4.dir/CMakeCXXCompilerABI.cpp.'
Linking CXX executable cmTC_98ac4
/usr/bin/cmake -E cmake_link_script CMakeFiles/cmTC_98ac4.dir/link.txt --verbose=1
/usr/bin/c++ -fvisibility-inlines-hidden -fmessage-length=0 -march=nocona -mtune=haswell -ftree-vectorize -fPIC -fstack-protector-strong -fno-plt -O2 -ffunction-sections -pipe -isystem /home/sophie/miniconda3/include  -I/home/sophie/miniconda3/targets/x86_64-linux/include  -L/home/sophie/miniconda3/targets/x86_64-linux/lib -L/home/sophie/miniconda3/targets/x86_64-linux/lib/stubs  -Wl,-O2 -Wl,--sort-common -Wl,--as-needed -Wl,-z,relro -Wl,-z,now -Wl,--disable-new-dtags -Wl,--gc-sections -Wl,-rpath,/home/sophie/miniconda3/lib -Wl,-rpath-link,/home/sophie/miniconda3/lib -L/home/sophie/miniconda3/lib  -L/home/sophie/miniconda3/targets/x86_64-linux/lib -L/home/sophie/miniconda3/targets/x86_64-linux/lib/stubs -v CMakeFiles/cmTC_98ac4.dir/CMakeCXXCompilerABI.cpp.o -o cmTC_98ac4 
Using built-in specs.
COLLECT_GCC=/usr/bin/c++
COLLECT_LTO_WRAPPER=/usr/lib/gcc/x86_64-linux-gnu/11/lto-wrapper
OFFLOAD_TARGET_NAMES=nvptx-none:amdgcn-amdhsa
OFFLOAD_TARGET_DEFAULT=1
Target: x86_64-linux-gnu
Configured with: ../src/configure -v --with-pkgversion='Ubuntu 11.4.0-1ubuntu1~22.04.3' --with-bugurl=file:///usr/share/doc/gcc-11/README.Bugs --enable-languages=c,ada,c++,go,brig,d,fortran,objc,obj-c++,m2 --prefix=/usr --with-gcc-major-version-only --program-suffix=-11 --program-prefix=x86_64-linux-gnu- --enable-shared --enable-linker-build-id --libexecdir=/usr/lib --without-included-gettext --enable-threads=posix --libdir=/usr/lib --enable-nls --enable-bootstrap --enable-clocale=gnu --enable-libstdcxx-debug --enable-libstdcxx-time=yes --with-default-libstdcxx-abi=new --enable-gnu-unique-object --disable-vtable-verify --enable-plugin --enable-default-pie --with-system-zlib --enable-libphobos-checking=release --with-target-system-zlib=auto --enable-objc-gc=auto --enable-multiarch --disable-werror --enable-cet --with-arch-32=i686 --with-abi=m64 --with-multilib-list=m32,m64,mx32 --enable-multilib --with-tune=generic --enable-offload-targets=nvptx-none=/build/gcc-11-0odw26/gcc-11-11.4.0/debian/tmp-nvptx/usr,amdgcn-amdhsa=/build/gcc-11-0odw26/gcc-11-11.4.0/debian/tmp-gcn/usr --without-cuda-driver --enable-checking=release --build=x86_64-linux-gnu --host=x86_64-linux-gnu --target=x86_64-linux-gnu --with-build-config=bootstrap-lto-lean --enable-link-serialization=2
Thread model: posix
Supported LTO compression algorithms: zlib zstd
gcc version 11.4.0 (Ubuntu 11.4.0-1ubuntu1~22.04.3) 
COMPILER_PATH=/usr/lib/gcc/x86_64-linux-gnu/11/:/usr/lib/gcc/x86_64-linux-gnu/11/:/usr/lib/gcc/x86_64-linux-gnu/:/usr/lib/gcc/x86_64-linux-gnu/11/:/usr/lib/gcc/x86_64-linux-gnu/
LIBRARY_PATH=/usr/lib/gcc/x86_64-linux-gnu/11/:/usr/lib/gcc/x86_64-linux-gnu/11/../../../x86_64-linux-gnu/:/usr/lib/gcc/x86_64-linux-gnu/11/../../../../lib/:/lib/x86_64-linux-gnu/:/lib/../lib/:/usr/lib/x86_64-linux-gnu/:/usr/lib/../lib/:/usr/lib/gcc/x86_64-linux-gnu/11/../../../:/lib/:/usr/lib/
COLLECT_GCC_OPTIONS='-fvisibility-inlines-hidden' '-fmessage-length=0' '-march=nocona' '-mtune=haswell' '-ftree-vectorize' '-fPIC' '-fstack-protector-strong' '-fno-plt' '-O2' '-ffunction-sections' '-pipe' '-isystem' '/home/sophie/miniconda3/include' '-I' '/home/sophie/miniconda3/targets/x86_64-linux/include' '-L/home/sophie/miniconda3/targets/x86_64-linux/lib' '-L/home/sophie/miniconda3/targets/x86_64-linux/lib/stubs' '-L/home/sophie/miniconda3/lib' '-L/home/sophie/miniconda3/targets/x86_64-linux/lib' '-L/home/sophie/miniconda3/targets/x86_64-linux/lib/stubs' '-v' '-o' 'cmTC_98ac4' '-shared-libgcc' '-dumpdir' 'cmTC_98ac4.'
 /usr/lib/gcc/x86_64-linux-gnu/11/collect2 -plugin /usr/lib/gcc/x86_64-linux-gnu/11/liblto_plugin.so -plugin-opt=/usr/lib/gcc/x86_64-linux-gnu/11/lto-wrapper -plugin-opt=-fresolution=/tmp/ccgL0RSk.res -plugin-opt=-pass-through=-lgcc_s -plugin-opt=-pass-through=-lgcc -plugin-opt=-pass-through=-lc -plugin-opt=-pass-through=-lgcc_s -plugin-opt=-pass-through=-lgcc --build-id --eh-frame-hdr -m elf_x86_64 --hash-style=gnu --as-needed -dynamic-linker /lib64/ld-linux-x86-64.so.2 -pie -z now -z relro -o cmTC_98ac4 /usr/lib/gcc/x86_64-linux-gnu/11/../../../x86_64-linux-gnu/Scrt1.o /usr/lib/gcc/x86_64-linux-gnu/11/../../../x86_64-linux-gnu/crti.o /usr/lib/gcc/x86_64-linux-gnu/11/crtbeginS.o -L/home/sophie/miniconda3/targets/x86_64-linux/lib -L/home/sophie/miniconda3/targets/x86_64-linux/lib/stubs -L/home/sophie/miniconda3/lib -L/home/sophie/miniconda3/targets/x86_64-linux/lib -L/home/sophie/miniconda3/targets/x86_64-linux/lib/stubs -L/usr/lib/gcc/x86_64-linux-gnu/11 -L/usr/lib/gcc/x86_64-linux-gnu/11/../../../x86_64-linux-gnu -L/usr/lib/gcc/x86_64-linux-gnu/11/../../../../lib -L/lib/x86_64-linux-gnu -L/lib/../lib -L/usr/lib/x86_64-linux-gnu -L/usr/lib/../lib -L/usr/lib/gcc/x86_64-linux-gnu/11/../../.. -O2 --sort-common --as-needed -z relro -z now --disable-new-dtags --gc-sections -rpath /home/sophie/miniconda3/lib -rpath-link /home/sophie/miniconda3/lib CMakeFiles/cmTC_98ac4.dir/CMakeCXXCompilerABI.cpp.o -lstdc++ -lm -lgcc_s -lgcc -lc -lgcc_s -lgcc /usr/lib/gcc/x86_64-linux-gnu/11/crtendS.o /usr/lib/gcc/x86_64-linux-gnu/11/../../../x86_64-linux-gnu/crtn.o
COLLECT_GCC_OPTIONS='-fvisibility-inlines-hidden' '-fmessage-length=0' '-march=nocona' '-mtune=haswell' '-ftree-vectorize' '-fPIC' '-fstack-protector-strong' '-fno-plt' '-O2' '-ffunction-sections' '-pipe' '-isystem' '/home/sophie/miniconda3/include' '-I' '/home/sophie/miniconda3/targets/x86_64-linux/include' '-L/home/sophie/miniconda3/targets/x86_64-linux/lib' '-L/home/sophie/miniconda3/targets/x86_64-linux/lib/stubs' '-L/home/sophie/miniconda3/lib' '-L/home/sophie/miniconda3/targets/x86_64-linux/lib' '-L/home/sophie/miniconda3/targets/x86_64-linux/lib/stubs' '-v' '-o' 'cmTC_98ac4' '-shared-libgcc' '-dumpdir' 'cmTC_98ac4.'
gmake[1]: Leaving directory '/home/sophie/isaac_lab/isaac_ws/rl_code/soarm100sim/ros2/build/soarm100_interfaces/CMakeFiles/CMakeTmp'



Parsed CXX implicit include dir info from above output: rv=done
  found start of include info
  found start of implicit include info
    add: [/home/sophie/miniconda3/targets/x86_64-linux/include]
    add: [/home/sophie/miniconda3/include]
    add: [/usr/include/c++/11]
    add: [/usr/include/x86_64-linux-gnu/c++/11]
    add: [/usr/include/c++/11/backward]
    add: [/usr/lib/gcc/x86_64-linux-gnu/11/include]
    add: [/usr/local/include]
    add: [/usr/include/x86_64-linux-gnu]
    add: [/usr/include]
  end of search list found
  collapse include dir [/home/sophie/miniconda3/targets/x86_64-linux/include] ==> [/home/sophie/miniconda3/targets/x86_64-linux/include]
  collapse include dir [/home/sophie/miniconda3/include] ==> [/home/sophie/miniconda3/include]
  collapse include dir [/usr/include/c++/11] ==> [/usr/include/c++/11]
  collapse include dir [/usr/include/x86_64-linux-gnu/c++/11] ==> [/usr/include/x86_64-linux-gnu/c++/11]
  collapse include dir [/usr/include/c++/11/backward] ==> [/usr/include/c++/11/backward]
  collapse include dir [/usr/lib/gcc/x86_64-linux-gnu/11/include] ==> [/usr/lib/gcc/x86_64-linux-gnu/11/include]
  collapse include dir [/usr/local/include] ==> [/usr/local/include]
  collapse include dir [/usr/include/x86_64-linux-gnu] ==> [/usr/include/x86_64-linux-gnu]
  collapse include dir [/usr/include] ==> [/usr/include]
  implicit include dirs: [/home/sophie/miniconda3/targets/x86_64-linux/include;/home/sophie/miniconda3/include;/usr/include/c++/11;/usr/include/x86_64-linux-gnu/c++/11;/usr/include/c++/11/backward;/usr/lib/gcc/x86_64-linux-gnu/11/include;/usr/local/include;/usr/include/x86_64-linux-gnu;/usr/include]


Parsed CXX implicit link information from above output:
  link line regex: [^( *|.*[/\])(ld|CMAKE_LINK_STARTFILE-NOTFOUND|([^/\]+-)?ld|collect2)[^/\]*( |$)]
  ignore line: [Change Dir: /home/sophie/isaac_lab/isaac_ws/rl_code/soarm100sim/ros2/build/soarm100_interfaces/CMakeFiles/CMakeTmp]
  ignore line: []
  ignore line: [Run Build Command(s):/usr/bin/gmake -f Makefile cmTC_98ac4/fast && /usr/bin/gmake  -f CMakeFiles/cmTC_98ac4.dir/build.make CMakeFiles/cmTC_98ac4.dir/build]
  ignore line: [gmake[1]: Entering directory '/home/sophie/isaac_lab/isaac_ws/rl_code/soarm100sim/ros2/build/soarm100_interfaces/CMakeFiles/CMakeTmp']
  ignore line: [Building CXX object CMakeFiles/cmTC_98ac4.dir/CMakeCXXCompilerABI.cpp.o]
  ignore line: [/usr/bin/c++   -fvisibility-inlines-hidden -fmessage-length=0 -march=nocona -mtune=haswell -ftree-vectorize -fPIC -fstack-protector-strong -fno-plt -O2 -ffunction-sections -pipe -isystem /home/sophie/miniconda3/include  -I/home/sophie/miniconda3/targets/x86_64-linux/include  -L/home/sophie/miniconda3/targets/x86_64-linux/lib -L/home/sophie/miniconda3/targets/x86_64-linux/lib/stubs    -v -o CMakeFiles/cmTC_98ac4.dir/CMakeCXXCompilerABI.cpp.o -c /usr/share/cmake-3.22/Modules/CMakeCXXCompilerABI.cpp]
  ignore line: [Using built-in specs.]
  ignore line: [COLLECT_GCC=/usr/bin/c++]
  ignore line: [OFFLOAD_TARGET_NAMES=nvptx-none:amdgcn-amdhsa]
  ignore line: [OFFLOAD_TARGET_DEFAULT=1]
  ignore line: [Target: x86_64-linux-gnu]
  ignore line: [Configured with: ../src/configure -v --with-pkgversion='Ubuntu 11.4.0-1ubuntu1~22.04.3' --with-bugurl=file:///usr/share/doc/gcc-11/README.Bugs --enable-languages=c ada c++ go brig d fortran objc obj-c++ m2 --prefix=/usr --with-gcc-major-version-only --program-suffix=-11 --program-prefix=x86_64-linux-gnu- --enable-shared --enable-linker-build-id --libexecdir=/usr/lib --without-included-gettext --enable-threads=posix --libdir=/usr/lib --enable-nls --enable-bootstrap --enable-clocale=gnu --enable-libstdcxx-debug --enable-libstdcxx-time=yes --with-default-libstdcxx-abi=new --enable-gnu-unique-object --disable-vtable-verify --enable-plugin --enable-default-pie --with-system-zlib --enable-libphobos-checking=release --with-target-system-zlib=auto --enable-objc-gc=auto --enable-multiarch --disable-werror --enable-cet --with-arch-32=i686 --with-abi=m64 --with-multilib-list=m32 m64 mx32 --enable-multilib --with-tune=generic --enable-offload-targets=nvptx-none=/build/gcc-11-0odw26/gcc-11-11.4.0/debian/tmp-nvptx/usr amdgcn-amdhsa=/build/gcc-11-0odw26/gcc-11-11.4.0/debian/tmp-gcn/usr --without-cuda-driver --enable-checking=release --build=x86_64-linux-gnu --host=x86_64-linux-gnu --target=x86_64-linux-gnu --with-build-config=bootstrap-lto-lean --enable-link-serialization=2]
  ignore line: [Thread model: posix]
  ignore line: [Supported LTO compression algorithms: zlib zstd]
  ignore line: [gcc version 11.4.0 (Ubuntu 11.4.0-1ubuntu1~22.04.3) ]
  ignore line: [COLLECT_GCC_OPTIONS='-fvisibility-inlines-hidden' '-fmessage-length=0' '-march=nocona' '-mtune=haswell' '-ftree-vectorize' '-fPIC' '-fstack-protector-strong' '-fno-plt' '-O2' '-ffunction-sections' '-pipe' '-isystem' '/home/sophie/miniconda3/include' '-I' '/home/sophie/miniconda3/targets/x86_64-linux/include' '-L/home/sophie/miniconda3/targets/x86_64-linux/lib' '-L/home/sophie/miniconda3/targets/x86_64-linux/lib/stubs' '-v' '-o' 'CMakeFiles/cmTC_98ac4.dir/CMakeCXXCompilerABI.cpp.o' '-c' '-shared-libgcc' '-dumpdir' 'CMakeFiles/cmTC_98ac4.dir/']
  ignore line: [ /usr/lib/gcc/x86_64-linux-gnu/11/cc1plus -quiet -v -I /home/sophie/miniconda3/targets/x86_64-linux/include -imultiarch x86_64-linux-gnu -D_GNU_SOURCE -isystem /home/sophie/miniconda3/include /usr/share/cmake-3.22/Modules/CMakeCXXCompilerABI.cpp -quiet -dumpdir CMakeFiles/cmTC_98ac4.dir/ -dumpbase CMakeCXXCompilerABI.cpp.cpp -dumpbase-ext .cpp -march=nocona -mtune=haswell -O2 -version -fvisibility-inlines-hidden -fmessage-length=0 -ftree-vectorize -fPIC -fstack-protector-strong -fno-plt -ffunction-sections -fasynchronous-unwind-tables -fstack-protector-strong -Wformat -Wformat-security -fstack-clash-protection -fcf-protection -o - |]
  ignore line: [ as -v -I /home/sophie/miniconda3/targets/x86_64-linux/include --64 -o CMakeFiles/cmTC_98ac4.dir/CMakeCXXCompilerABI.cpp.o]
  ignore line: [GNU C++17 (Ubuntu 11.4.0-1ubuntu1~22.04.3) version 11.4.0 (x86_64-linux-gnu)]
  ignore line: [	compiled by GNU C version 11.4.0  GNU assembler version 2.38 (x86_64-linux-gnu) using BFD version (GNU Binutils for Ubuntu) 2.38]
  ignore line: [GMP version 6.2.1  MPFR version 4.1.0  MPC version 1.2.1  isl version isl-0.24-GMP]
  ignore line: []
  ignore line: [GGC heuristics: --param ggc-min-expand=100 --param ggc-min-heapsize=131072]
  ignore line: [ignoring duplicate directory "/usr/include/x86_64-linux-gnu/c++/11"]
  ignore line: [ignoring nonexistent directory "/usr/local/include/x86_64-linux-gnu"]
  ignore line: [ignoring nonexistent directory "/usr/lib/gcc/x86_64-linux-gnu/11/include-fixed"]
  ignore line: [ignoring nonexistent directory "/usr/lib/gcc/x86_64-linux-gnu/11/../../../../x86_64-linux-gnu/include"]
  ignore line: [#include "..." search starts here:]
  ignore line: [#include <...> search starts here:]
  ignore line: [ /home/sophie/miniconda3/targets/x86_64-linux/include]
  ignore line: [ /home/sophie/miniconda3/include]
  ignore line: [ /usr/include/c++/11]
  ignore line: [ /usr/include/x86_64-linux-gnu/c++/11]
  ignore line: [ /usr/include/c++/11/backward]
  ignore line: [ /usr/lib/gcc/x86_64-linux-gnu/11/include]
  ignore line: [ /usr/local/include]
  ignore line: [ /usr/include/x86_64-linux-gnu]
  ignore line: [ /usr/include]
  ignore line: [End of search list.]
  ignore line: [GNU C++17 (Ubuntu 11.4.0-1ubuntu1~22.04.3) version 11.4.0 (x86_64-linux-gnu)]
  ignore line: [	compiled by GNU C version 11.4.0  GMP version 6.2.1  MPFR version 4.1.0  MPC version 1.2.1  isl version isl-0.24-GMP]
  ignore line: []
  ignore line: [GGC heuristics: --param ggc-min-expand=100 --param ggc-min-heapsize=131072]
  ignore line: [Compiler executable checksum: ac7fa628ee459f217e6fdb88b3db0bde]
  ignore line: [COMPILER_PATH=/usr/lib/gcc/x86_64-linux-gnu/11/:/usr/lib/gcc/x86_64-linux-gnu/11/:/usr/lib/gcc/x86_64-linux-gnu/:/usr/lib/gcc/x86_64-linux-gnu/11/:/usr/lib/gcc/x86_64-linux-gnu/]
  ignore line: [LIBRARY_PATH=/usr/lib/gcc/x86_64-linux-gnu/11/:/usr/lib/gcc/x86_64-linux-gnu/11/../../../x86_64-linux-gnu/:/usr/lib/gcc/x86_64-linux-gnu/11/../../../../lib/:/lib/x86_64-linux-gnu/:/lib/../lib/:/usr/lib/x86_64-linux-gnu/:/usr/lib/../lib/:/usr/lib/gcc/x86_64-linux-gnu/11/../../../:/lib/:/usr/lib/]
  ignore line: [COLLECT_GCC_OPTIONS='-fvisibility-inlines-hidden' '-fmessage-length=0' '-march=nocona' '-mtune=haswell' '-ftree-vectorize' '-fPIC' '-fstack-protector-strong' '-fno-plt' '-O2' '-ffunction-sections' '-pipe' '-isystem' '/home/sophie/miniconda3/include' '-I' '/home/sophie/miniconda3/targets/x86_64-linux/include' '-L/home/sophie/miniconda3/targets/x86_64-linux/lib' '-L/home/sophie/miniconda3/targets/x86_64-linux/lib/stubs' '-v' '-o' 'CMakeFiles/cmTC_98ac4.dir/CMakeCXXCompilerABI.cpp.o' '-c' '-shared-libgcc' '-dumpdir' 'CMakeFiles/cmTC_98ac4.dir/CMakeCXXCompilerABI.cpp.']
  ignore line: [Linking CXX executable cmTC_98ac4]
  ignore line: [/usr/bin/cmake -E cmake_link_script CMakeFiles/cmTC_98ac4.dir/link.txt --verbose=1]
  ignore line: [/usr/bin/c++ -fvisibility-inlines-hidden -fmessage-length=0 -march=nocona -mtune=haswell -ftree-vectorize -fPIC -fstack-protector-strong -fno-plt -O2 -ffunction-sections -pipe -isystem /home/sophie/miniconda3/include  -I/home/sophie/miniconda3/targets/x86_64-linux/include  -L/home/sophie/miniconda3/targets/x86_64-linux/lib -L/home/sophie/miniconda3/targets/x86_64-linux/lib/stubs  -Wl -O2 -Wl --sort-common -Wl --as-needed -Wl -z relro -Wl -z now -Wl --disable-new-dtags -Wl --gc-sections -Wl -rpath /home/sophie/miniconda3/lib -Wl -rpath-link /home/sophie/miniconda3/lib -L/home/sophie/miniconda3/lib  -L/home/sophie/miniconda3/targets/x86_64-linux/lib -L/home/sophie/miniconda3/targets/x86_64-linux/lib/stubs -v CMakeFiles/cmTC_98ac4.dir/CMakeCXXCompilerABI.cpp.o -o cmTC_98ac4 ]
  ignore line: [Using built-in specs.]
  ignore line: [COLLECT_GCC=/usr/bin/c++]
  ignore line: [COLLECT_LTO_WRAPPER=/usr/lib/gcc/x86_64-linux-gnu/11/lto-wrapper]
  ignore line: [OFFLOAD_TARGET_NAMES=nvptx-none:amdgcn-amdhsa]
  ignore line: [OFFLOAD_TARGET_DEFAULT=1]
  ignore line: [Target: x86_64-linux-gnu]
  ignore line: [Configured with: ../src/configure -v --with-pkgversion='Ubuntu 11.4.0-1ubuntu1~22.04.3' --with-bugurl=file:///usr/share/doc/gcc-11/README.Bugs --enable-languages=c ada c++ go brig d fortran objc obj-c++ m2 --prefix=/usr --with-gcc-major-version-only --program-suffix=-11 --program-prefix=x86_64-linux-gnu- --enable-shared --enable-linker-build-id --libexecdir=/usr/lib --without-included-gettext --enable-threads=posix --libdir=/usr/lib --enable-nls --enable-bootstrap --enable-clocale=gnu --enable-libstdcxx-debug --enable-libstdcxx-time=yes --with-default-libstdcxx-abi=new --enable-gnu-unique-object --disable-vtable-verify --enable-plugin --enable-default-pie --with-system-zlib --enable-libphobos-checking=release --with-target-system-zlib=auto --enable-objc-gc=auto --enable-multiarch --disable-werror --enable-cet --with-arch-32=i686 --with-abi=m64 --with-multilib-list=m32 m64 mx32 --enable-multilib --with-tune=generic --enable-offload-targets=nvptx-none=/build/gcc-11-0odw26/gcc-11-11.4.0/debian/tmp-nvptx/usr amdgcn-amdhsa=/build/gcc-11-0odw26/gcc-11-11.4.0/debian/tmp-gcn/usr --without-cuda-driver --enable-checking=release --build=x86_64-linux-gnu --host=x86_64-linux-gnu --target=x86_64-linux-gnu --with-build-config=bootstrap-lto-lean --enable-link-serialization=2]
  ignore line: [Thread model: posix]
  ignore line: [Supported LTO compression algorithms: zlib zstd]
  ignore line: [gcc version 11.4.0 (Ubuntu 11.4.0-1ubuntu1~22.04.3) ]
  ignore line: [COMPILER_PATH=/usr/lib/gcc/x86_64-linux-gnu/11/:/usr/lib/gcc/x86_64-linux-gnu/11/:/usr/lib/gcc/x86_64-linux-gnu/:/usr/lib/gcc/x86_64-linux-gnu/11/:/usr/lib/gcc/x86_64-linux-gnu/]
  ignore line: [LIBRARY_PATH=/usr/lib/gcc/x86_64-linux-gnu/11/:/usr/lib/gcc/x86_64-linux-gnu/11/../../../x86_64-linux-gnu/:/usr/lib/gcc/x86_64-linux-gnu/11/../../../../lib/:/lib/x86_64-linux-gnu/:/lib/../lib/:/usr/lib/x86_64-linux-gnu/:/usr/lib/../lib/:/usr/lib/gcc/x86_64-linux-gnu/11/../../../:/lib/:/usr/lib/]
  ignore line: [COLLECT_GCC_OPTIONS='-fvisibility-inlines-hidden' '-fmessage-length=0' '-march=nocona' '-mtune=haswell' '-ftree-vectorize' '-fPIC' '-fstack-protector-strong' '-fno-plt' '-O2' '-ffunction-sections' '-pipe' '-isystem' '/home/sophie/miniconda3/include' '-I' '/home/sophie/miniconda3/targets/x86_64-linux/include' '-L/home/sophie/miniconda3/targets/x86_64-linux/lib' '-L/home/sophie/miniconda3/targets/x86_64-linux/lib/stubs' '-L/home/sophie/miniconda3/lib' '-L/home/sophie/miniconda3/targets/x86_64-linux/lib' '-L/home/sophie/miniconda3/targets/x86_64-linux/lib/stubs' '-v' '-o' 'cmTC_98ac4' '-shared-libgcc' '-dumpdir' 'cmTC_98ac4.']
  link line: [ /usr/lib/gcc/x86_64-linux-gnu/11/collect2 -plugin /usr/lib/gcc/x86_64-linux-gnu/11/liblto_plugin.so -plugin-opt=/usr/lib/gcc/x86_64-linux-gnu/11/lto-wrapper -plugin-opt=-fresolution=/tmp/ccgL0RSk.res -plugin-opt=-pass-through=-lgcc_s -plugin-opt=-pass-through=-lgcc -plugin-opt=-pass-through=-lc -plugin-opt=-pass-through=-lgcc_s -plugin-opt=-pass-through=-lgcc --build-id --eh-frame-hdr -m elf_x86_64 --hash-style=gnu --as-needed -dynamic-linker /lib64/ld-linux-x86-64.so.2 -pie -z now -z relro -o cmTC_98ac4 /usr/lib/gcc/x86_64-linux-gnu/11/../../../x86_64-linux-gnu/Scrt1.o /usr/lib/gcc/x86_64-linux-gnu/11/../../../x86_64-linux-gnu/crti.o /usr/lib/gcc/x86_64-linux-gnu/11/crtbeginS.o -L/home/sophie/miniconda3/targets/x86_64-linux/lib -L/home/sophie/miniconda3/targets/x86_64-linux/lib/stubs -L/home/sophie/miniconda3/lib -L/home/sophie/miniconda3/targets/x86_64-linux/lib -L/home/sophie/miniconda3/targets/x86_64-linux/lib/stubs -L/usr/lib/gcc/x86_64-linux-gnu/11 -L/usr/lib/gcc/x86_64-linux-gnu/11/../../../x86_64-linux-gnu -L/usr/lib/gcc/x86_64-linux-gnu/11/../../../../lib -L/lib/x86_64-linux-gnu -L/lib/../lib -L/usr/lib/x86_64-linux-gnu -L/usr/lib/../lib -L/usr/lib/gcc/x86_64-linux-gnu/11/../../.. -O2 --sort-common --as-needed -z relro -z now --disable-new-dtags --gc-sections -rpath /home/sophie/miniconda3/lib -rpath-link /home/sophie/miniconda3/lib CMakeFiles/cmTC_98ac4.dir/CMakeCXXCompilerABI.cpp.o -lstdc++ -lm -lgcc_s -lgcc -lc -lgcc_s -lgcc /usr/lib/gcc/x86_64-linux-gnu/11/crtendS.o /usr/lib/gcc/x86_64-linux-gnu/11/../../../x86_64-linux-gnu/crtn.o]
    arg [/usr/lib/gcc/x86_64-linux-gnu/11/collect2] ==> ignore
    arg [-plugin] ==> ignore
    arg [/usr/lib/gcc/x86_64-linux-gnu/11/liblto_plugin.so] ==> ignore
    arg [-plugin-opt=/usr/lib/gcc/x86_64-linux-gnu/11/lto-wrapper] ==> ignore
    arg [-plugin-opt=-fresolution=/tmp/ccgL0RSk.res] ==> ignore
    arg [-plugin-opt=-pass-through=-lgcc_s] ==> ignore
    arg [-plugin-opt=-pass-through=-lgcc] ==> ignore
    arg [-plugin-opt=-pass-through=-lc] ==> ignore
    arg [-plugin-opt=-pass-through=-lgcc_s] ==> ignore
    arg [-plugin-opt=-pass-through=-lgcc] ==> ignore
    arg [--build-id] ==> ignore
    arg [--eh-frame-hdr] ==> ignore
    arg [-m] ==> ignore
    arg [elf_x86_64] ==> ignore
    arg [--hash-style=gnu] ==> ignore
    arg [--as-needed] ==> ignore
    arg [-dynamic-linker] ==> ignore
    arg [/lib64/ld-linux-x86-64.so.2] ==> ignore
    arg [-pie] ==> ignore
    arg [-znow] ==> ignore
    arg [-zrelro] ==> ignore
    arg [-o] ==> ignore
    arg [cmTC_98ac4] ==> ignore
    arg [/usr/lib/gcc/x86_64-linux-gnu/11/../../../x86_64-linux-gnu/Scrt1.o] ==> obj [/usr/lib/gcc/x86_64-linux-gnu/11/../../../x86_64-linux-gnu/Scrt1.o]
    arg [/usr/lib/gcc/x86_64-linux-gnu/11/../../../x86_64-linux-gnu/crti.o] ==> obj [/usr/lib/gcc/x86_64-linux-gnu/11/../../../x86_64-linux-gnu/crti.o]
    arg [/usr/lib/gcc/x86_64-linux-gnu/11/crtbeginS.o] ==> obj [/usr/lib/gcc/x86_64-linux-gnu/11/crtbeginS.o]
    arg [-L/home/sophie/miniconda3/targets/x86_64-linux/lib] ==> dir [/home/sophie/miniconda3/targets/x86_64-linux/lib]
    arg [-L/home/sophie/miniconda3/targets/x86_64-linux/lib/stubs] ==> dir [/home/sophie/miniconda3/targets/x86_64-linux/lib/stubs]
    arg [-L/home/sophie/miniconda3/lib] ==> dir [/home/sophie/miniconda3/lib]
    arg [-L/home/sophie/miniconda3/targets/x86_64-linux/lib] ==> dir [/home/sophie/miniconda3/targets/x86_64-linux/lib]
    arg [-L/home/sophie/miniconda3/targets/x86_64-linux/lib/stubs] ==> dir [/home/sophie/miniconda3/targets/x86_64-linux/lib/stubs]
    arg [-L/usr/lib/gcc/x86_64-linux-gnu/11] ==> dir [/usr/lib/gcc/x86_64-linux-gnu/11]
    arg [-L/usr/lib/gcc/x86_64-linux-gnu/11/../../../x86_64-linux-gnu] ==> dir [/usr/lib/gcc/x86_64-linux-gnu/11/../../../x86_64-linux-gnu]
    arg [-L/usr/lib/gcc/x86_64-linux-gnu/11/../../../../lib] ==> dir [/usr/lib/gcc/x86_64-linux-gnu/11/../../../../lib]
    arg [-L/lib/x86_64-linux-gnu] ==> dir [/lib/x86_64-linux-gnu]
    arg [-L/lib/../lib] ==> dir [/lib/../lib]
    arg [-L/usr/lib/x86_64-linux-gnu] ==> dir [/usr/lib/x86_64-linux-gnu]
    arg [-L/usr/lib/../lib] ==> dir [/usr/lib/../lib]
    arg [-L/usr/lib/gcc/x86_64-linux-gnu/11/../../..] ==> dir [/usr/lib/gcc/x86_64-linux-gnu/11/../../..]
    arg [-O2] ==> ignore
    arg [--sort-common] ==> ignore
    arg [--as-needed] ==> ignore
    arg [-zrelro] ==> ignore
    arg [-znow] ==> ignore
    arg [--disable-new-dtags] ==> ignore
    arg [--gc-sections] ==> ignore
    arg [-rpath] ==> ignore
    arg [/home/sophie/miniconda3/lib] ==> ignore
    arg [-rpath-link] ==> ignore
    arg [/home/sophie/miniconda3/lib] ==> ignore
    arg [CMakeFiles/cmTC_98ac4.dir/CMakeCXXCompilerABI.cpp.o] ==> ignore
    arg [-lstdc++] ==> lib [stdc++]
    arg [-lm] ==> lib [m]
    arg [-lgcc_s] ==> lib [gcc_s]
    arg [-lgcc] ==> lib [gcc]
    arg [-lc] ==> lib [c]
    arg [-lgcc_s] ==> lib [gcc_s]
    arg [-lgcc] ==> lib [gcc]
    arg [/usr/lib/gcc/x86_64-linux-gnu/11/crtendS.o] ==> obj [/usr/lib/gcc/x86_64-linux-gnu/11/crtendS.o]
    arg [/usr/lib/gcc/x86_64-linux-gnu/11/../../../x86_64-linux-gnu/crtn.o] ==> obj [/usr/lib/gcc/x86_64-linux-gnu/11/../../../x86_64-linux-gnu/crtn.o]
  collapse obj [/usr/lib/gcc/x86_64-linux-gnu/11/../../../x86_64-linux-gnu/Scrt1.o] ==> [/usr/lib/x86_64-linux-gnu/Scrt1.o]
  collapse obj [/usr/lib/gcc/x86_64-linux-gnu/11/../../../x86_64-linux-gnu/crti.o] ==> [/usr/lib/x86_64-linux-gnu/crti.o]
  collapse obj [/usr/lib/gcc/x86_64-linux-gnu/11/../../../x86_64-linux-gnu/crtn.o] ==> [/usr/lib/x86_64-linux-gnu/crtn.o]
  collapse library dir [/home/sophie/miniconda3/targets/x86_64-linux/lib] ==> [/home/sophie/miniconda3/targets/x86_64-linux/lib]
  collapse library dir [/home/sophie/miniconda3/targets/x86_64-linux/lib/stubs] ==> [/home/sophie/miniconda3/targets/x86_64-linux/lib/stubs]
  collapse library dir [/home/sophie/miniconda3/lib] ==> [/home/sophie/miniconda3/lib]
  collapse library dir [/home/sophie/miniconda3/targets/x86_64-linux/lib] ==> [/home/sophie/miniconda3/targets/x86_64-linux/lib]
  collapse library dir [/home/sophie/miniconda3/targets/x86_64-linux/lib/stubs] ==> [/home/sophie/miniconda3/targets/x86_64-linux/lib/stubs]
  collapse library dir [/usr/lib/gcc/x86_64-linux-gnu/11] ==> [/usr/lib/gcc/x86_64-linux-gnu/11]
  collapse library dir [/usr/lib/gcc/x86_64-linux-gnu/11/../../../x86_64-linux-gnu] ==> [/usr/lib/x86_64-linux-gnu]
  collapse library dir [/usr/lib/gcc/x86_64-linux-gnu/11/../../../../lib] ==> [/usr/lib]
  collapse library dir [/lib/x86_64-linux-gnu] ==> [/lib/x86_64-linux-gnu]
  collapse library dir [/lib/../lib] ==> [/lib]
  collapse library dir [/usr/lib/x86_64-linux-gnu] ==> [/usr/lib/x86_64-linux-gnu]
  collapse library dir [/usr/lib/../lib] ==> [/usr/lib]
  collapse library dir [/usr/lib/gcc/x86_64-linux-gnu/11/../../..] ==> [/usr/lib]
  implicit libs: [stdc++;m;gcc_s;gcc;c;gcc_s;gcc]
  implicit objs: [/usr/lib/x86_64-linux-gnu/Scrt1.o;/usr/lib/x86_64-linux-gnu/crti.o;/usr/lib/gcc/x86_64-linux-gnu/11/crtbeginS.o;/usr/lib/gcc/x86_64-linux-gnu/11/crtendS.o;/usr/lib/x86_64-linux-gnu/crtn.o]
  implicit dirs: [/home/sophie/miniconda3/targets/x86_64-linux/lib;/home/sophie/miniconda3/targets/x86_64-linux/lib/stubs;/home/sophie/miniconda3/lib;/usr/lib/gcc/x86_64-linux-gnu/11;/usr/lib/x86_64-linux-gnu;/usr/lib;/lib/x86_64-linux-gnu;/lib]
  implicit fwks: []


The system is: Linux - 6.8.0-106-generic - x86_64
Compiling the C compiler identification source file "CMakeCCompilerId.c" succeeded.
Compiler: /usr/bin/cc 
Build flags: 
Id flags:  

The output was:
0


Compilation of the C compiler identification source "CMakeCCompilerId.c" produced "a.out"

The C compiler identification is GNU, found in "/home/sophie/isaac_lab/isaac_ws/rl_code/soarm100sim/ros2/build/soarm100_interfaces/CMakeFiles/3.22.1/CompilerIdC/a.out"

Compiling the CXX compiler identification source file "CMakeCXXCompilerId.cpp" succeeded.
Compiler: /usr/bin/c++ 
Build flags: -fvisibility-inlines-hidden;-fmessage-length=0;-march=nocona;-mtune=haswell;-ftree-vectorize;-fPIC;-fstack-protector-strong;-fno-plt;-O2;-ffunction-sections;-pipe;-isystem;/home/sophie/miniconda3/include;;-I/home/sophie/miniconda3/targets/x86_64-linux/include;;-L/home/sophie/miniconda3/targets/x86_64-linux/lib;-L/home/sophie/miniconda3/targets/x86_64-linux/lib/stubs
Id flags:  

The output was:
0


Compilation of the CXX compiler identification source "CMakeCXXCompilerId.cpp" produced "a.out"

The CXX compiler identification is GNU, found in "/home/sophie/isaac_lab/isaac_ws/rl_code/soarm100sim/ros2/build/soarm100_interfaces/CMakeFiles/3.22.1/CompilerIdCXX/a.out"

Detecting C compiler ABI info compiled with the following output:
Change Dir: /home/sophie/isaac_lab/isaac_ws/rl_code/soarm100sim/ros2/build/soarm100_interfaces/CMakeFiles/CMakeTmp

Run Build Command(s):/usr/bin/gmake -f Makefile cmTC_3cf7f/fast && /usr/bin/gmake  -f CMakeFiles/cmTC_3cf7f.dir/build.make CMakeFiles/cmTC_3cf7f.dir/build
gmake[1]: Entering directory '/home/sophie/isaac_lab/isaac_ws/rl_code/soarm100sim/ros2/build/soarm100_interfaces/CMakeFiles/CMakeTmp'
Building C object CMakeFiles/cmTC_3cf7f.dir/CMakeCCompilerABI.c.o
/usr/bin/cc   -v -o CMakeFiles/cmTC_3cf7f.dir/CMakeCCompilerABI.c.o -c /usr/share/cmake-3.22/Modules/CMakeCCompilerABI.c
Using built-in specs.
COLLECT_GCC=/usr/bin/cc
OFFLOAD_TARGET_NAMES=nvptx-none:amdgcn-amdhsa
OFFLOAD_TARGET_DEFAULT=1
Target: x86_64-linux-gnu
Configured with: ../src/configure -v --with-pkgversion='Ubuntu 11.4.0-1ubuntu1~22.04.3' --with-bugurl=file:///usr/share/doc/gcc-11/README.Bugs --enable-languages=c,ada,c++,go,brig,d,fortran,objc,obj-c++,m2 --prefix=/usr --with-gcc-major-version-only --program-suffix=-11 --program-prefix=x86_64-linux-gnu- --enable-shared --enable-linker-build-id --libexecdir=/usr/lib --without-included-gettext --enable-threads=posix --libdir=/usr/lib --enable-nls --enable-bootstrap --enable-clocale=gnu --enable-libstdcxx-debug --enable-libstdcxx-time=yes --with-default-libstdcxx-abi=new --enable-gnu-unique-object --disable-vtable-verify --enable-plugin --enable-default-pie --with-system-zlib --enable-libphobos-checking=release --with-target-system-zlib=auto --enable-objc-gc=auto --enable-multiarch --disable-werror --enable-cet --with-arch-32=i686 --with-abi=m64 --with-multilib-list=m32,m64,mx32 --enable-multilib --with-tune=generic --enable-offload-targets=nvptx-none=/build/gcc-11-0odw26/gcc-11-11.4.0/debian/tmp-nvptx/usr,amdgcn-amdhsa=/build/gcc-11-0odw26/gcc-11-11.4.0/debian/tmp-gcn/usr --without-cuda-driver --enable-checking=release --build=x86_64-linux-gnu --host=x86_64-linux-gnu --target=x86_64-linux-gnu --with-build-config=bootstrap-lto-lean --enable-link-serialization=2
Thread model: posix
Supported LTO compression algorithms: zlib zstd
gcc version 11.4.0 (Ubuntu 11.4.0-1ubuntu1~22.04.3) 
COLLECT_GCC_OPTIONS='-v' '-o' 'CMakeFiles/cmTC_3cf7f.dir/CMakeCCompilerABI.c.o' '-c' '-mtune=generic' '-march=x86-64' '-dumpdir' 'CMakeFiles/cmTC_3cf7f.dir/'
 /usr/lib/gcc/x86_64-linux-gnu/11/cc1 -quiet -v -imultiarch x86_64-linux-gnu /usr/share/cmake-3.22/Modules/CMakeCCompilerABI.c -quiet -dumpdir CMakeFiles/cmTC_3cf7f.dir/ -dumpbase CMakeCCompilerABI.c.c -dumpbase-ext .c -mtune=generic -march=x86-64 -version -fasynchronous-unwind-tables -fstack-protector-strong -Wformat -Wformat-security -fstack-clash-protection -fcf-protection -o /tmp/ccJMsQzj.s
GNU C17 (Ubuntu 11.4.0-1ubuntu1~22.04.3) version 11.4.0 (x86_64-linux-gnu)
	compiled by GNU C version 11.4.0, GMP version 6.2.1, MPFR version 4.1.0, MPC version 1.2.1, isl version isl-0.24-GMP

GGC heuristics: --param ggc-min-expand=100 --param ggc-min-heapsize=131072
ignoring nonexistent directory "/usr/local/include/x86_64-linux-gnu"
ignoring nonexistent directory "/usr/lib/gcc/x86_64-linux-gnu/11/include-fixed"
ignoring nonexistent directory "/usr/lib/gcc/x86_64-linux-gnu/11/../../../../x86_64-linux-gnu/include"
#include "..." search starts here:
#include <...> search starts here:
 /usr/lib/gcc/x86_64-linux-gnu/11/include
 /usr/local/include
 /usr/include/x86_64-linux-gnu
 /usr/include
End of search list.
GNU C17 (Ubuntu 11.4.0-1ubuntu1~22.04.3) version 11.4.0 (x86_64-linux-gnu)
	compiled by GNU C version 11.4.0, GMP version 6.2.1, MPFR version 4.1.0, MPC version 1.2.1, isl version isl-0.24-GMP

GGC heuristics: --param ggc-min-expand=100 --param ggc-min-heapsize=131072
Compiler executable checksum: 46ebede1f5b795a957a1e85cb61af9d8
COLLECT_GCC_OPTIONS='-v' '-o' 'CMakeFiles/cmTC_3cf7f.dir/CMakeCCompilerABI.c.o' '-c' '-mtune=generic' '-march=x86-64' '-dumpdir' 'CMakeFiles/cmTC_3cf7f.dir/'
 as -v --64 -o CMakeFiles/cmTC_3cf7f.dir/CMakeCCompilerABI.c.o /tmp/ccJMsQzj.s
GNU assembler version 2.38 (x86_64-linux-gnu) using BFD version (GNU Binutils for Ubuntu) 2.38
COMPILER_PATH=/usr/lib/gcc/x86_64-linux-gnu/11/:/usr/lib/gcc/x86_64-linux-gnu/11/:/usr/lib/gcc/x86_64-linux-gnu/:/usr/lib/gcc/x86_64-linux-gnu/11/:/usr/lib/gcc/x86_64-linux-gnu/
LIBRARY_PATH=/usr/lib/gcc/x86_64-linux-gnu/11/:/usr/lib/gcc/x86_64-linux-gnu/11/../../../x86_64-linux-gnu/:/usr/lib/gcc/x86_64-linux-gnu/11/../../../../lib/:/lib/x86_64-linux-gnu/:/lib/../lib/:/usr/lib/x86_64-linux-gnu/:/usr/lib/../lib/:/usr/lib/gcc/x86_64-linux-gnu/11/../../../:/lib/:/usr/lib/
COLLECT_GCC_OPTIONS='-v' '-o' 'CMakeFiles/cmTC_3cf7f.dir/CMakeCCompilerABI.c.o' '-c' '-mtune=generic' '-march=x86-64' '-dumpdir' 'CMakeFiles/cmTC_3cf7f.dir/CMakeCCompilerABI.c.'
Linking C executable cmTC_3cf7f
/usr/bin/cmake -E cmake_link_script CMakeFiles/cmTC_3cf7f.dir/link.txt --verbose=1
/usr/bin/cc -Wl,-O2 -Wl,--sort-common -Wl,--as-needed -Wl,-z,relro -Wl,-z,now -Wl,--disable-new-dtags -Wl,--gc-sections -Wl,-rpath,/home/sophie/miniconda3/lib -Wl,-rpath-link,/home/sophie/miniconda3/lib -L/home/sophie/miniconda3/lib  -L/home/sophie/miniconda3/targets/x86_64-linux/lib -L/home/sophie/miniconda3/targets/x86_64-linux/lib/stubs -v CMakeFiles/cmTC_3cf7f.dir/CMakeCCompilerABI.c.o -o cmTC_3cf7f 
Using built-in specs.
COLLECT_GCC=/usr/bin/cc
COLLECT_LTO_WRAPPER=/usr/lib/gcc/x86_64-linux-gnu/11/lto-wrapper
OFFLOAD_TARGET_NAMES=nvptx-none:amdgcn-amdhsa
OFFLOAD_TARGET_DEFAULT=1
Target: x86_64-linux-gnu
Configured with: ../src/configure -v --with-pkgversion='Ubuntu 11.4.0-1ubuntu1~22.04.3' --with-bugurl=file:///usr/share/doc/gcc-11/README.Bugs --enable-languages=c,ada,c++,go,brig,d,fortran,objc,obj-c++,m2 --prefix=/usr --with-gcc-major-version-only --program-suffix=-11 --program-prefix=x86_64-linux-gnu- --enable-shared --enable-linker-build-id --libexecdir=/usr/lib --without-included-gettext --enable-threads=posix --libdir=/usr/lib --enable-nls --enable-bootstrap --enable-clocale=gnu --enable-libstdcxx-debug --enable-libstdcxx-time=yes --with-default-libstdcxx-abi=new --enable-gnu-unique-object --disable-vtable-verify --enable-plugin --enable-default-pie --with-system-zlib --enable-libphobos-checking=release --with-target-system-zlib=auto --enable-objc-gc=auto --enable-multiarch --disable-werror --enable-cet --with-arch-32=i686 --with-abi=m64 --with-multilib-list=m32,m64,mx32 --enable-multilib --with-tune=generic --enable-offload-targets=nvptx-none=/build/gcc-11-0odw26/gcc-11-11.4.0/debian/tmp-nvptx/usr,amdgcn-amdhsa=/build/gcc-11-0odw26/gcc-11-11.4.0/debian/tmp-gcn/usr --without-cuda-driver --enable-checking=release --build=x86_64-linux-gnu --host=x86_64-linux-gnu --target=x86_64-linux-gnu --with-build-config=bootstrap-lto-lean --enable-link-serialization=2
Thread model: posix
Supported LTO compression algorithms: zlib zstd
gcc version 11.4.0 (Ubuntu 11.4.0-1ubuntu1~22.04.3) 
COMPILER_PATH=/usr/lib/gcc/x86_64-linux-gnu/11/:/usr/lib/gcc/x86_64-linux-gnu/11/:/usr/lib/gcc/x86_64-linux-gnu/:/usr/lib/gcc/x86_64-linux-gnu/11/:/usr/lib/gcc/x86_64-linux-gnu/
LIBRARY_PATH=/usr/lib/gcc/x86_64-linux-gnu/11/:/usr/lib/gcc/x86_64-linux-gnu/11/../../../x86_64-linux-gnu/:/usr/lib/gcc/x86_64-linux-gnu/11/../../../../lib/:/lib/x86_64-linux-gnu/:/lib/../lib/:/usr/lib/x86_64-linux-gnu/:/usr/lib/../lib/:/usr/lib/gcc/x86_64-linux-gnu/11/../../../:/lib/:/usr/lib/
COLLECT_GCC_OPTIONS='-L/home/sophie/miniconda3/lib' '-L/home/sophie/miniconda3/targets/x86_64-linux/lib' '-L/home/sophie/miniconda3/targets/x86_64-linux/lib/stubs' '-v' '-o' 'cmTC_3cf7f' '-mtune=generic' '-march=x86-64' '-dumpdir' 'cmTC_3cf7f.'
 /usr/lib/gcc/x86_64-linux-gnu/11/collect2 -plugin /usr/lib/gcc/x86_64-linux-gnu/11/liblto_plugin.so -plugin-opt=/usr/lib/gcc/x86_64-linux-gnu/11/lto-wrapper -plugin-opt=-fresolution=/tmp/ccPQ93Gy.res -plugin-opt=-pass-through=-lgcc -plugin-opt=-pass-through=-lgcc_s -plugin-opt=-pass-through=-lc -plugin-opt=-pass-through=-lgcc -plugin-opt=-pass-through=-lgcc_s --build-id --eh-frame-hdr -m elf_x86_64 --hash-style=gnu --as-needed -dynamic-linker /lib64/ld-linux-x86-64.so.2 -pie -z now -z relro -o cmTC_3cf7f /usr/lib/gcc/x86_64-linux-gnu/11/../../../x86_64-linux-gnu/Scrt1.o /usr/lib/gcc/x86_64-linux-gnu/11/../../../x86_64-linux-gnu/crti.o /usr/lib/gcc/x86_64-linux-gnu/11/crtbeginS.o -L/home/sophie/miniconda3/lib -L/home/sophie/miniconda3/targets/x86_64-linux/lib -L/home/sophie/miniconda3/targets/x86_64-linux/lib/stubs -L/usr/lib/gcc/x86_64-linux-gnu/11 -L/usr/lib/gcc/x86_64-linux-gnu/11/../../../x86_64-linux-gnu -L/usr/lib/gcc/x86_64-linux-gnu/11/../../../../lib -L/lib/x86_64-linux-gnu -L/lib/../lib -L/usr/lib/x86_64-linux-gnu -L/usr/lib/../lib -L/usr/lib/gcc/x86_64-linux-gnu/11/../../.. -O2 --sort-common --as-needed -z relro -z now --disable-new-dtags --gc-sections -rpath /home/sophie/miniconda3/lib -rpath-link /home/sophie/miniconda3/lib CMakeFiles/cmTC_3cf7f.dir/CMakeCCompilerABI.c.o -lgcc --push-state --as-needed -lgcc_s --pop-state -lc -lgcc --push-state --as-needed -lgcc_s --pop-state /usr/lib/gcc/x86_64-linux-gnu/11/crtendS.o /usr/lib/gcc/x86_64-linux-gnu/11/../../../x86_64-linux-gnu/crtn.o
COLLECT_GCC_OPTIONS='-L/home/sophie/miniconda3/lib' '-L/home/sophie/miniconda3/targets/x86_64-linux/lib' '-L/home/sophie/miniconda3/targets/x86_64-linux/lib/stubs' '-v' '-o' 'cmTC_3cf7f' '-mtune=generic' '-march=x86-64' '-dumpdir' 'cmTC_3cf7f.'
gmake[1]: Leaving directory '/home/sophie/isaac_lab/isaac_ws/rl_code/soarm100sim/ros2/build/soarm100_interfaces/CMakeFiles/CMakeTmp'



Parsed C implicit include dir info from above output: rv=done
  found start of include info
  found start of implicit include info
    add: [/usr/lib/gcc/x86_64-linux-gnu/11/include]
    add: [/usr/local/include]
    add: [/usr/include/x86_64-linux-gnu]
    add: [/usr/include]
  end of search list found
  collapse include dir [/usr/lib/gcc/x86_64-linux-gnu/11/include] ==> [/usr/lib/gcc/x86_64-linux-gnu/11/include]
  collapse include dir [/usr/local/include] ==> [/usr/local/include]
  collapse include dir [/usr/include/x86_64-linux-gnu] ==> [/usr/include/x86_64-linux-gnu]
  collapse include dir [/usr/include] ==> [/usr/include]
  implicit include dirs: [/usr/lib/gcc/x86_64-linux-gnu/11/include;/usr/local/include;/usr/include/x86_64-linux-gnu;/usr/include]


Parsed C implicit link information from above output:
  link line regex: [^( *|.*[/\])(ld|CMAKE_LINK_STARTFILE-NOTFOUND|([^/\]+-)?ld|collect2)[^/\]*( |$)]
  ignore line: [Change Dir: /home/sophie/isaac_lab/isaac_ws/rl_code/soarm100sim/ros2/build/soarm100_interfaces/CMakeFiles/CMakeTmp]
  ignore line: []
  ignore line: [Run Build Command(s):/usr/bin/gmake -f Makefile cmTC_3cf7f/fast && /usr/bin/gmake  -f CMakeFiles/cmTC_3cf7f.dir/build.make CMakeFiles/cmTC_3cf7f.dir/build]
  ignore line: [gmake[1]: Entering directory '/home/sophie/isaac_lab/isaac_ws/rl_code/soarm100sim/ros2/build/soarm100_interfaces/CMakeFiles/CMakeTmp']
  ignore line: [Building C object CMakeFiles/cmTC_3cf7f.dir/CMakeCCompilerABI.c.o]
  ignore line: [/usr/bin/cc   -v -o CMakeFiles/cmTC_3cf7f.dir/CMakeCCompilerABI.c.o -c /usr/share/cmake-3.22/Modules/CMakeCCompilerABI.c]
  ignore line: [Using built-in specs.]
  ignore line: [COLLECT_GCC=/usr/bin/cc]
  ignore line: [OFFLOAD_TARGET_NAMES=nvptx-none:amdgcn-amdhsa]
  ignore line: [OFFLOAD_TARGET_DEFAULT=1]
  ignore line: [Target: x86_64-linux-gnu]
  ignore line: [Configured with: ../src/configure -v --with-pkgversion='Ubuntu 11.4.0-1ubuntu1~22.04.3' --with-bugurl=file:///usr/share/doc/gcc-11/README.Bugs --enable-languages=c ada c++ go brig d fortran objc obj-c++ m2 --prefix=/usr --with-gcc-major-version-only --program-suffix=-11 --program-prefix=x86_64-linux-gnu- --enable-shared --enable-linker-build-id --libexecdir=/usr/lib --without-included-gettext --enable-threads=posix --libdir=/usr/lib --enable-nls --enable-bootstrap --enable-clocale=gnu --enable-libstdcxx-debug --enable-libstdcxx-time=yes --with-default-libstdcxx-abi=new --enable-gnu-unique-object --disable-vtable-verify --enable-plugin --enable-default-pie --with-system-zlib --enable-libphobos-checking=release --with-target-system-zlib=auto --enable-objc-gc=auto --enable-multiarch --disable-werror --enable-cet --with-arch-32=i686 --with-abi=m64 --with-multilib-list=m32 m64 mx32 --enable-multilib --with-tune=generic --enable-offload-targets=nvptx-none=/build/gcc-11-0odw26/gcc-11-11.4.0/debian/tmp-nvptx/usr amdgcn-amdhsa=/build/gcc-11-0odw26/gcc-11-11.4.0/debian/tmp-gcn/usr --without-cuda-driver --enable-checking=release --build=x86_64-linux-gnu --host=x86_64-linux-gnu --target=x86_64-linux-gnu --with-build-config=bootstrap-lto-lean --enable-link-serialization=2]
  ignore line: [Thread model: posix]
  ignore line: [Supported LTO compression algorithms: zlib zstd]
  ignore line: [gcc version 11.4.0 (Ubuntu 11.4.0-1ubuntu1~22.04.3) ]
  ignore line: [COLLECT_GCC_OPTIONS='-v' '-o' 'CMakeFiles/cmTC_3cf7f.dir/CMakeCCompilerABI.c.o' '-c' '-mtune=generic' '-march=x86-64' '-dumpdir' 'CMakeFiles/cmTC_3cf7f.dir/']
  ignore line: [ /usr/lib/gcc/x86_64-linux-gnu/11/cc1 -quiet -v -imultiarch x86_64-linux-gnu /usr/share/cmake-3.22/Modules/CMakeCCompilerABI.c -quiet -dumpdir CMakeFiles/cmTC_3cf7f.dir/ -dumpbase CMakeCCompilerABI.c.c -dumpbase-ext .c -mtune=generic -march=x86-64 -version -fasynchronous-unwind-tables -fstack-protector-strong -Wformat -Wformat-security -fstack-clash-protection -fcf-protection -o /tmp/ccJMsQzj.s]
  ignore line: [GNU C17 (Ubuntu 11.4.0-1ubuntu1~22.04.3) version 11.4.0 (x86_64-linux-gnu)]
  ignore line: [	compiled by GNU C version 11.4.0  GMP version 6.2.1  MPFR version 4.1.0  MPC version 1.2.1  isl version isl-0.24-GMP]
  ignore line: []
  ignore line: [GGC heuristics: --param ggc-min-expand=100 --param ggc-min-heapsize=131072]
  ignore line: [ignoring nonexistent directory "/usr/local/include/x86_64-linux-gnu"]
  ignore line: [ignoring nonexistent directory "/usr/lib/gcc/x86_64-linux-gnu/11/include-fixed"]
  ignore line: [ignoring nonexistent directory "/usr/lib/gcc/x86_64-linux-gnu/11/../../../../x86_64-linux-gnu/include"]
  ignore line: [#include "..." search starts here:]
  ignore line: [#include <...> search starts here:]
  ignore line: [ /usr/lib/gcc/x86_64-linux-gnu/11/include]
  ignore line: [ /usr/local/include]
  ignore line: [ /usr/include/x86_64-linux-gnu]
  ignore line: [ /usr/include]
  ignore line: [End of search list.]
  ignore line: [GNU C17 (Ubuntu 11.4.0-1ubuntu1~22.04.3) version 11.4.0 (x86_64-linux-gnu)]
  ignore line: [	compiled by GNU C version 11.4.0  GMP version 6.2.1  MPFR version 4.1.0  MPC version 1.2.1  isl version isl-0.24-GMP]
  ignore line: []
  ignore line: [GGC heuristics: --param ggc-min-expand=100 --param ggc-min-heapsize=131072]
  ignore line: [Compiler executable checksum: 46ebede1f5b795a957a1e85cb61af9d8]
  ignore line: [COLLECT_GCC_OPTIONS='-v' '-o' 'CMakeFiles/cmTC_3cf7f.dir/CMakeCCompilerABI.c.o' '-c' '-mtune=generic' '-march=x86-64' '-dumpdir' 'CMakeFiles/cmTC_3cf7f.dir/']
  ignore line: [ as -v --64 -o CMakeFiles/cmTC_3cf7f.dir/CMakeCCompilerABI.c.o /tmp/ccJMsQzj.s]
  ignore line: [GNU assembler version 2.38 (x86_64-linux-gnu) using BFD version (GNU Binutils for Ubuntu) 2.38]
  ignore line: [COMPILER_PATH=/usr/lib/gcc/x86_64-linux-gnu/11/:/usr/lib/gcc/x86_64-linux-gnu/11/:/usr/lib/gcc/x86_64-linux-gnu/:/usr/lib/gcc/x86_64-linux-gnu/11/:/usr/lib/gcc/x86_64-linux-gnu/]
  ignore line: [LIBRARY_PATH=/usr/lib/gcc/x86_64-linux-gnu/11/:/usr/lib/gcc/x86_64-linux-gnu/11/../../../x86_64-linux-gnu/:/usr/lib/gcc/x86_64-linux-gnu/11/../../../../lib/:/lib/x86_64-linux-gnu/:/lib/../lib/:/usr/lib/x86_64-linux-gnu/:/usr/lib/../lib/:/usr/lib/gcc/x86_64-linux-gnu/11/../../../:/lib/:/usr/lib/]
  ignore line: [COLLECT_GCC_OPTIONS='-v' '-o' 'CMakeFiles/cmTC_3cf7f.dir/CMakeCCompilerABI.c.o' '-c' '-mtune=generic' '-march=x86-64' '-dumpdir' 'CMakeFiles/cmTC_3cf7f.dir/CMakeCCompilerABI.c.']
  ignore line: [Linking C executable cmTC_3cf7f]
  ignore line: [/usr/bin/cmake -E cmake_link_script CMakeFiles/cmTC_3cf7f.dir/link.txt --verbose=1]
  ignore line: [/usr/bin/cc -Wl -O2 -Wl --sort-common -Wl --as-needed -Wl -z relro -Wl -z now -Wl --disable-new-dtags -Wl --gc-sections -Wl -rpath /home/sophie/miniconda3/lib -Wl -rpath-link /home/sophie/miniconda3/lib -L/home/sophie/miniconda3/lib  -L/home/sophie/miniconda3/targets/x86_64-linux/lib -L/home/sophie/miniconda3/targets/x86_64-linux/lib/stubs -v CMakeFiles/cmTC_3cf7f.dir/CMakeCCompilerABI.c.o -o cmTC_3cf7f ]
  ignore line: [Using built-in specs.]
  ignore line: [COLLECT_GCC=/usr/bin/cc]
  ignore line: [COLLECT_LTO_WRAPPER=/usr/lib/gcc/x86_64-linux-gnu/11/lto-wrapper]
  ignore line: [OFFLOAD_TARGET_NAMES=nvptx-none:amdgcn-amdhsa]
  ignore line: [OFFLOAD_TARGET_DEFAULT=1]
  ignore line: [Target: x86_64-linux-gnu]
  ignore line: [Configured with: ../src/configure -v --with-pkgversion='Ubuntu 11.4.0-1ubuntu1~22.04.3' --with-bugurl=file:///usr/share/doc/gcc-11/README.Bugs --enable-languages=c ada c++ go brig d fortran objc obj-c++ m2 --prefix=/usr --with-gcc-major-version-only --program-suffix=-11 --program-prefix=x86_64-linux-gnu- --enable-shared --enable-linker-build-id --libexecdir=/usr/lib --without-included-gettext --enable-threads=posix --libdir=/usr/lib --enable-nls --enable-bootstrap --enable-clocale=gnu --enable-libstdcxx-debug --enable-libstdcxx-time=yes --with-default-libstdcxx-abi=new --enable-gnu-unique-object --disable-vtable-verify --enable-plugin --enable-default-pie --with-system-zlib --enable-libphobos-checking=release --with-target-system-zlib=auto --enable-objc-gc=auto --enable-multiarch --disable-werror --enable-cet --with-arch-32=i686 --with-abi=m64 --with-multilib-list=m32 m64 mx32 --enable-multilib --with-tune=generic --enable-offload-targets=nvptx-none=/build/gcc-11-0odw26/gcc-11-11.4.0/debian/tmp-nvptx/usr amdgcn-amdhsa=/build/gcc-11-0odw26/gcc-11-11.4.0/debian/tmp-gcn/usr --without-cuda-driver --enable-checking=release --build=x86_64-linux-gnu --host=x86_64-linux-gnu --target=x86_64-linux-gnu --with-build-config=bootstrap-lto-lean --enable-link-serialization=2]
  ignore line: [Thread model: posix]
  ignore line: [Supported LTO compression algorithms: zlib zstd]
  ignore line: [gcc version 11.4.0 (Ubuntu 11.4.0-1ubuntu1~22.04.3) ]
  ignore line: [COMPILER_PATH=/usr/lib/gcc/x86_64-linux-gnu/11/:/usr/lib/gcc/x86_64-linux-gnu/11/:/usr/lib/gcc/x86_64-linux-gnu/:/usr/lib/gcc/x86_64-linux-gnu/11/:/usr/lib/gcc/x86_64-linux-gnu/]
  ignore line: [LIBRARY_PATH=/usr/lib/gcc/x86_64-linux-gnu/11/:/usr/lib/gcc/x86_64-linux-gnu/11/../../../x86_64-linux-gnu/:/usr/lib/gcc/x86_64-linux-gnu/11/../../../../lib/:/lib/x86_64-linux-gnu/:/lib/../lib/:/usr/lib/x86_64-linux-gnu/:/usr/lib/../lib/:/usr/lib/gcc/x86_64-linux-gnu/11/../../../:/lib/:/usr/lib/]
  ignore line: [COLLECT_GCC_OPTIONS='-L/home/sophie/miniconda3/lib' '-L/home/sophie/miniconda3/targets/x86_64-linux/lib' '-L/home/sophie/miniconda3/targets/x86_64-linux/lib/stubs' '-v' '-o' 'cmTC_3cf7f' '-mtune=generic' '-march=x86-64' '-dumpdir' 'cmTC_3cf7f.']
  link line: [ /usr/lib/gcc/x86_64-linux-gnu/11/collect2 -plugin /usr/lib/gcc/x86_64-linux-gnu/11/liblto_plugin.so -plugin-opt=/usr/lib/gcc/x86_64-linux-gnu/11/lto-wrapper -plugin-opt=-fresolution=/tmp/ccPQ93Gy.res -plugin-opt=-pass-through=-lgcc -plugin-opt=-pass-through=-lgcc_s -plugin-opt=-pass-through=-lc -plugin-opt=-pass-through=-lgcc -plugin-opt=-pass-through=-lgcc_s --build-id --eh-frame-hdr -m elf_x86_64 --hash-style=gnu --as-needed -dynamic-linker /lib64/ld-linux-x86-64.so.2 -pie -z now -z relro -o cmTC_3cf7f /usr/lib/gcc/x86_64-linux-gnu/11/../../../x86_64-linux-gnu/Scrt1.o /usr/lib/gcc/x86_64-linux-gnu/11/../../../x86_64-linux-gnu/crti.o /usr/lib/gcc/x86_64-linux-gnu/11/crtbeginS.o -L/home/sophie/miniconda3/lib -L/home/sophie/miniconda3/targets/x86_64-linux/lib -L/home/sophie/miniconda3/targets/x86_64-linux/lib/stubs -L/usr/lib/gcc/x86_64-linux-gnu/11 -L/usr/lib/gcc/x86_64-linux-gnu/11/../../../x86_64-linux-gnu -L/usr/lib/gcc/x86_64-linux-gnu/11/../../../../lib -L/lib/x86_64-linux-gnu -L/lib/../lib -L/usr/lib/x86_64-linux-gnu -L/usr/lib/../lib -L/usr/lib/gcc/x86_64-linux-gnu/11/../../.. -O2 --sort-common --as-needed -z relro -z now --disable-new-dtags --gc-sections -rpath /home/sophie/miniconda3/lib -rpath-link /home/sophie/miniconda3/lib CMakeFiles/cmTC_3cf7f.dir/CMakeCCompilerABI.c.o -lgcc --push-state --as-needed -lgcc_s --pop-state -lc -lgcc --push-state --as-needed -lgcc_s --pop-state /usr/lib/gcc/x86_64-linux-gnu/11/crtendS.o /usr/lib/gcc/x86_64-linux-gnu/11/../../../x86_64-linux-gnu/crtn.o]
    arg [/usr/lib/gcc/x86_64-linux-gnu/11/collect2] ==> ignore
    arg [-plugin] ==> ignore
    arg [/usr/lib/gcc/x86_64-linux-gnu/11/liblto_plugin.so] ==> ignore
    arg [-plugin-opt=/usr/lib/gcc/x86_64-linux-gnu/11/lto-wrapper] ==> ignore
    arg [-plugin-opt=-fresolution=/tmp/ccPQ93Gy.res] ==> ignore
    arg [-plugin-opt=-pass-through=-lgcc] ==> ignore
    arg [-plugin-opt=-pass-through=-lgcc_s] ==> ignore
    arg [-plugin-opt=-pass-through=-lc] ==> ignore
    arg [-plugin-opt=-pass-through=-lgcc] ==> ignore
    arg [-plugin-opt=-pass-through=-lgcc_s] ==> ignore
    arg [--build-id] ==> ignore
    arg [--eh-frame-hdr] ==> ignore
    arg [-m] ==> ignore
    arg [elf_x86_64] ==> ignore
    arg [--hash-style=gnu] ==> ignore
    arg [--as-needed] ==> ignore
    arg [-dynamic-linker] ==> ignore
    arg [/lib64/ld-linux-x86-64.so.2] ==> ignore
    arg [-pie] ==> ignore
    arg [-znow] ==> ignore
    arg [-zrelro] ==> ignore
    arg [-o] ==> ignore
    arg [cmTC_3cf7f] ==> ignore
    arg [/usr/lib/gcc/x86_64-linux-gnu/11/../../../x86_64-linux-gnu/Scrt1.o] ==> obj [/usr/lib/gcc/x86_64-linux-gnu/11/../../../x86_64-linux-gnu/Scrt1.o]
    arg [/usr/lib/gcc/x86_64-linux-gnu/11/../../../x86_64-linux-gnu/crti.o] ==> obj [/usr/lib/gcc/x86_64-linux-gnu/11/../../../x86_64-linux-gnu/crti.o]
    arg [/usr/lib/gcc/x86_64-linux-gnu/11/crtbeginS.o] ==> obj [/usr/lib/gcc/x86_64-linux-gnu/11/crtbeginS.o]
    arg [-L/home/sophie/miniconda3/lib] ==> dir [/home/sophie/miniconda3/lib]
    arg [-L/home/sophie/miniconda3/targets/x86_64-linux/lib] ==> dir [/home/sophie/miniconda3/targets/x86_64-linux/lib]
    arg [-L/home/sophie/miniconda3/targets/x86_64-linux/lib/stubs] ==> dir [/home/sophie/miniconda3/targets/x86_64-linux/lib/stubs]
    arg [-L/usr/lib/gcc/x86_64-linux-gnu/11] ==> dir [/usr/lib/gcc/x86_64-linux-gnu/11]
    arg [-L/usr/lib/gcc/x86_64-linux-gnu/11/../../../x86_64-linux-gnu] ==> dir [/usr/lib/gcc/x86_64-linux-gnu/11/../../../x86_64-linux-gnu]
    arg [-L/usr/lib/gcc/x86_64-linux-gnu/11/../../../../lib] ==> dir [/usr/lib/gcc/x86_64-linux-gnu/11/../../../../lib]
    arg [-L/lib/x86_64-linux-gnu] ==> dir [/lib/x86_64-linux-gnu]
    arg [-L/lib/../lib] ==> dir [/lib/../lib]
    arg [-L/usr/lib/x86_64-linux-gnu] ==> dir [/usr/lib/x86_64-linux-gnu]
    arg [-L/usr/lib/../lib] ==> dir [/usr/lib/../lib]
    arg [-L/usr/lib/gcc/x86_64-linux-gnu/11/../../..] ==> dir [/usr/lib/gcc/x86_64-linux-gnu/11/../../..]
    arg [-O2] ==> ignore
    arg [--sort-common] ==> ignore
    arg [--as-needed] ==> ignore
    arg [-zrelro] ==> ignore
    arg [-znow] ==> ignore
    arg [--disable-new-dtags] ==> ignore
    arg [--gc-sections] ==> ignore
    arg [-rpath] ==> ignore
    arg [/home/sophie/miniconda3/lib] ==> ignore
    arg [-rpath-link] ==> ignore
    arg [/home/sophie/miniconda3/lib] ==> ignore
    arg [CMakeFiles/cmTC_3cf7f.dir/CMakeCCompilerABI.c.o] ==> ignore
    arg [-lgcc] ==> lib [gcc]
    arg [--push-state] ==> ignore
    arg [--as-needed] ==> ignore
    arg [-lgcc_s] ==> lib [gcc_s]
    arg [--pop-state] ==> ignore
    arg [-lc] ==> lib [c]
    arg [-lgcc] ==> lib [gcc]
    arg [--push-state] ==> ignore
    arg [--as-needed] ==> ignore
    arg [-lgcc_s] ==> lib [gcc_s]
    arg [--pop-state] ==> ignore
    arg [/usr/lib/gcc/x86_64-linux-gnu/11/crtendS.o] ==> obj [/usr/lib/gcc/x86_64-linux-gnu/11/crtendS.o]
    arg [/usr/lib/gcc/x86_64-linux-gnu/11/../../../x86_64-linux-gnu/crtn.o] ==> obj [/usr/lib/gcc/x86_64-linux-gnu/11/../../../x86_64-linux-gnu/crtn.o]
  collapse obj [/usr/lib/gcc/x86_64-linux-gnu/11/../../../x86_64-linux-gnu/Scrt1.o] ==> [/usr/lib/x86_64-linux-gnu/Scrt1.o]
  collapse obj [/usr/lib/gcc/x86_64-linux-gnu/11/../../../x86_64-linux-gnu/crti.o] ==> [/usr/lib/x86_64-linux-gnu/crti.o]
  collapse obj [/usr/lib/gcc/x86_64-linux-gnu/11/../../../x86_64-linux-gnu/crtn.o] ==> [/usr/lib/x86_64-linux-gnu/crtn.o]
  collapse library dir [/home/sophie/miniconda3/lib] ==> [/home/sophie/miniconda3/lib]
  collapse library dir [/home/sophie/miniconda3/targets/x86_64-linux/lib] ==> [/home/sophie/miniconda3/targets/x86_64-linux/lib]
  collapse library dir [/home/sophie/miniconda3/targets/x86_64-linux/lib/stubs] ==> [/home/sophie/miniconda3/targets/x86_64-linux/lib/stubs]
  collapse library dir [/usr/lib/gcc/x86_64-linux-gnu/11] ==> [/usr/lib/gcc/x86_64-linux-gnu/11]
  collapse library dir [/usr/lib/gcc/x86_64-linux-gnu/11/../../../x86_64-linux-gnu] ==> [/usr/lib/x86_64-linux-gnu]
  collapse library dir [/usr/lib/gcc/x86_64-linux-gnu/11/../../../../lib] ==> [/usr/lib]
  collapse library dir [/lib/x86_64-linux-gnu] ==> [/lib/x86_64-linux-gnu]
  collapse library dir [/lib/../lib] ==> [/lib]
  collapse library dir [/usr/lib/x86_64-linux-gnu] ==> [/usr/lib/x86_64-linux-gnu]
  collapse library dir [/usr/lib/../lib] ==> [/usr/lib]
  collapse library dir [/usr/lib/gcc/x86_64-linux-gnu/11/../../..] ==> [/usr/lib]
  implicit libs: [gcc;gcc_s;c;gcc;gcc_s]
  implicit objs: [/usr/lib/x86_64-linux-gnu/Scrt1.o;/usr/lib/x86_64-linux-gnu/crti.o;/usr/lib/gcc/x86_64-linux-gnu/11/crtbeginS.o;/usr/lib/gcc/x86_64-linux-gnu/11/crtendS.o;/usr/lib/x86_64-linux-gnu/crtn.o]
  implicit dirs: [/home/sophie/miniconda3/lib;/home/sophie/miniconda3/targets/x86_64-linux/lib;/home/sophie/miniconda3/targets/x86_64-linux/lib/stubs;/usr/lib/gcc/x86_64-linux-gnu/11;/usr/lib/x86_64-linux-gnu;/usr/lib;/lib/x86_64-linux-gnu;/lib]
  implicit fwks: []


Detecting CXX compiler ABI info compiled with the following output:
Change Dir: /home/sophie/isaac_lab/isaac_ws/rl_code/soarm100sim/ros2/build/soarm100_interfaces/CMakeFiles/CMakeTmp

Run Build Command(s):/usr/bin/gmake -f Makefile cmTC_e69aa/fast && /usr/bin/gmake  -f CMakeFiles/cmTC_e69aa.dir/build.make CMakeFiles/cmTC_e69aa.dir/build
gmake[1]: Entering directory '/home/sophie/isaac_lab/isaac_ws/rl_code/soarm100sim/ros2/build/soarm100_interfaces/CMakeFiles/CMakeTmp'
Building CXX object CMakeFiles/cmTC_e69aa.dir/CMakeCXXCompilerABI.cpp.o
/usr/bin/c++   -fvisibility-inlines-hidden -fmessage-length=0 -march=nocona -mtune=haswell -ftree-vectorize -fPIC -fstack-protector-strong -fno-plt -O2 -ffunction-sections -pipe -isystem /home/sophie/miniconda3/include  -I/home/sophie/miniconda3/targets/x86_64-linux/include  -L/home/sophie/miniconda3/targets/x86_64-linux/lib -L/home/sophie/miniconda3/targets/x86_64-linux/lib/stubs    -v -o CMakeFiles/cmTC_e69aa.dir/CMakeCXXCompilerABI.cpp.o -c /usr/share/cmake-3.22/Modules/CMakeCXXCompilerABI.cpp
Using built-in specs.
COLLECT_GCC=/usr/bin/c++
OFFLOAD_TARGET_NAMES=nvptx-none:amdgcn-amdhsa
OFFLOAD_TARGET_DEFAULT=1
Target: x86_64-linux-gnu
Configured with: ../src/configure -v --with-pkgversion='Ubuntu 11.4.0-1ubuntu1~22.04.3' --with-bugurl=file:///usr/share/doc/gcc-11/README.Bugs --enable-languages=c,ada,c++,go,brig,d,fortran,objc,obj-c++,m2 --prefix=/usr --with-gcc-major-version-only --program-suffix=-11 --program-prefix=x86_64-linux-gnu- --enable-shared --enable-linker-build-id --libexecdir=/usr/lib --without-included-gettext --enable-threads=posix --libdir=/usr/lib --enable-nls --enable-bootstrap --enable-clocale=gnu --enable-libstdcxx-debug --enable-libstdcxx-time=yes --with-default-libstdcxx-abi=new --enable-gnu-unique-object --disable-vtable-verify --enable-plugin --enable-default-pie --with-system-zlib --enable-libphobos-checking=release --with-target-system-zlib=auto --enable-objc-gc=auto --enable-multiarch --disable-werror --enable-cet --with-arch-32=i686 --with-abi=m64 --with-multilib-list=m32,m64,mx32 --enable-multilib --with-tune=generic --enable-offload-targets=nvptx-none=/build/gcc-11-0odw26/gcc-11-11.4.0/debian/tmp-nvptx/usr,amdgcn-amdhsa=/build/gcc-11-0odw26/gcc-11-11.4.0/debian/tmp-gcn/usr --without-cuda-driver --enable-checking=release --build=x86_64-linux-gnu --host=x86_64-linux-gnu --target=x86_64-linux-gnu --with-build-config=bootstrap-lto-lean --enable-link-serialization=2
Thread model: posix
Supported LTO compression algorithms: zlib zstd
gcc version 11.4.0 (Ubuntu 11.4.0-1ubuntu1~22.04.3) 
COLLECT_GCC_OPTIONS='-fvisibility-inlines-hidden' '-fmessage-length=0' '-march=nocona' '-mtune=haswell' '-ftree-vectorize' '-fPIC' '-fstack-protector-strong' '-fno-plt' '-O2' '-ffunction-sections' '-pipe' '-isystem' '/home/sophie/miniconda3/include' '-I' '/home/sophie/miniconda3/targets/x86_64-linux/include' '-L/home/sophie/miniconda3/targets/x86_64-linux/lib' '-L/home/sophie/miniconda3/targets/x86_64-linux/lib/stubs' '-v' '-o' 'CMakeFiles/cmTC_e69aa.dir/CMakeCXXCompilerABI.cpp.o' '-c' '-shared-libgcc' '-dumpdir' 'CMakeFiles/cmTC_e69aa.dir/'
 /usr/lib/gcc/x86_64-linux-gnu/11/cc1plus -quiet -v -I /home/sophie/miniconda3/targets/x86_64-linux/include -imultiarch x86_64-linux-gnu -D_GNU_SOURCE -isystem /home/sophie/miniconda3/include /usr/share/cmake-3.22/Modules/CMakeCXXCompilerABI.cpp -quiet -dumpdir CMakeFiles/cmTC_e69aa.dir/ -dumpbase CMakeCXXCompilerABI.cpp.cpp -dumpbase-ext .cpp -march=nocona -mtune=haswell -O2 -version -fvisibility-inlines-hidden -fmessage-length=0 -ftree-vectorize -fPIC -fstack-protector-strong -fno-plt -ffunction-sections -fasynchronous-unwind-tables -fstack-protector-strong -Wformat -Wformat-security -fstack-clash-protection -fcf-protection -o - |
 as -v -I /home/sophie/miniconda3/targets/x86_64-linux/include --64 -o CMakeFiles/cmTC_e69aa.dir/CMakeCXXCompilerABI.cpp.o
GNU assembler version 2.38 (x86_64-linux-gnu) using BFD version (GNU Binutils for Ubuntu) 2.38
GNU C++17 (Ubuntu 11.4.0-1ubuntu1~22.04.3) version 11.4.0 (x86_64-linux-gnu)
	compiled by GNU C version 11.4.0, GMP version 6.2.1, MPFR version 4.1.0, MPC version 1.2.1, isl version isl-0.24-GMP

GGC heuristics: --param ggc-min-expand=100 --param ggc-min-heapsize=131072
ignoring duplicate directory "/usr/include/x86_64-linux-gnu/c++/11"
ignoring nonexistent directory "/usr/local/include/x86_64-linux-gnu"
ignoring nonexistent directory "/usr/lib/gcc/x86_64-linux-gnu/11/include-fixed"
ignoring nonexistent directory "/usr/lib/gcc/x86_64-linux-gnu/11/../../../../x86_64-linux-gnu/include"
#include "..." search starts here:
#include <...> search starts here:
 /home/sophie/miniconda3/targets/x86_64-linux/include
 /home/sophie/miniconda3/include
 /usr/include/c++/11
 /usr/include/x86_64-linux-gnu/c++/11
 /usr/include/c++/11/backward
 /usr/lib/gcc/x86_64-linux-gnu/11/include
 /usr/local/include
 /usr/include/x86_64-linux-gnu
 /usr/include
End of search list.
GNU C++17 (Ubuntu 11.4.0-1ubuntu1~22.04.3) version 11.4.0 (x86_64-linux-gnu)
	compiled by GNU C version 11.4.0, GMP version 6.2.1, MPFR version 4.1.0, MPC version 1.2.1, isl version isl-0.24-GMP

GGC heuristics: --param ggc-min-expand=100 --param ggc-min-heapsize=131072
Compiler executable checksum: ac7fa628ee459f217e6fdb88b3db0bde
COMPILER_PATH=/usr/lib/gcc/x86_64-linux-gnu/11/:/usr/lib/gcc/x86_64-linux-gnu/11/:/usr/lib/gcc/x86_64-linux-gnu/:/usr/lib/gcc/x86_64-linux-gnu/11/:/usr/lib/gcc/x86_64-linux-gnu/
LIBRARY_PATH=/usr/lib/gcc/x86_64-linux-gnu/11/:/usr/lib/gcc/x86_64-linux-gnu/11/../../../x86_64-linux-gnu/:/usr/lib/gcc/x86_64-linux-gnu/11/../../../../lib/:/lib/x86_64-linux-gnu/:/lib/../lib/:/usr/lib/x86_64-linux-gnu/:/usr/lib/../lib/:/usr/lib/gcc/x86_64-linux-gnu/11/../../../:/lib/:/usr/lib/
COLLECT_GCC_OPTIONS='-fvisibility-inlines-hidden' '-fmessage-length=0' '-march=nocona' '-mtune=haswell' '-ftree-vectorize' '-fPIC' '-fstack-protector-strong' '-fno-plt' '-O2' '-ffunction-sections' '-pipe' '-isystem' '/home/sophie/miniconda3/include' '-I' '/home/sophie/miniconda3/targets/x86_64-linux/include' '-L/home/sophie/miniconda3/targets/x86_64-linux/lib' '-L/home/sophie/miniconda3/targets/x86_64-linux/lib/stubs' '-v' '-o' 'CMakeFiles/cmTC_e69aa.dir/CMakeCXXCompilerABI.cpp.o' '-c' '-shared-libgcc' '-dumpdir' 'CMakeFiles/cmTC_e69aa.dir/CMakeCXXCompilerABI.cpp.'
Linking CXX executable cmTC_e69aa
/usr/bin/cmake -E cmake_link_script CMakeFiles/cmTC_e69aa.dir/link.txt --verbose=1
/usr/bin/c++ -fvisibility-inlines-hidden -fmessage-length=0 -march=nocona -mtune=haswell -ftree-vectorize -fPIC -fstack-protector-strong -fno-plt -O2 -ffunction-sections -pipe -isystem /home/sophie/miniconda3/include  -I/home/sophie/miniconda3/targets/x86_64-linux/include  -L/home/sophie/miniconda3/targets/x86_64-linux/lib -L/home/sophie/miniconda3/targets/x86_64-linux/lib/stubs  -Wl,-O2 -Wl,--sort-common -Wl,--as-needed -Wl,-z,relro -Wl,-z,now -Wl,--disable-new-dtags -Wl,--gc-sections -Wl,-rpath,/home/sophie/miniconda3/lib -Wl,-rpath-link,/home/sophie/miniconda3/lib -L/home/sophie/miniconda3/lib  -L/home/sophie/miniconda3/targets/x86_64-linux/lib -L/home/sophie/miniconda3/targets/x86_64-linux/lib/stubs -v CMakeFiles/cmTC_e69aa.dir/CMakeCXXCompilerABI.cpp.o -o cmTC_e69aa 
Using built-in specs.
COLLECT_GCC=/usr/bin/c++
COLLECT_LTO_WRAPPER=/usr/lib/gcc/x86_64-linux-gnu/11/lto-wrapper
OFFLOAD_TARGET_NAMES=nvptx-none:amdgcn-amdhsa
OFFLOAD_TARGET_DEFAULT=1
Target: x86_64-linux-gnu
Configured with: ../src/configure -v --with-pkgversion='Ubuntu 11.4.0-1ubuntu1~22.04.3' --with-bugurl=file:///usr/share/doc/gcc-11/README.Bugs --enable-languages=c,ada,c++,go,brig,d,fortran,objc,obj-c++,m2 --prefix=/usr --with-gcc-major-version-only --program-suffix=-11 --program-prefix=x86_64-linux-gnu- --enable-shared --enable-linker-build-id --libexecdir=/usr/lib --without-included-gettext --enable-threads=posix --libdir=/usr/lib --enable-nls --enable-bootstrap --enable-clocale=gnu --enable-libstdcxx-debug --enable-libstdcxx-time=yes --with-default-libstdcxx-abi=new --enable-gnu-unique-object --disable-vtable-verify --enable-plugin --enable-default-pie --with-system-zlib --enable-libphobos-checking=release --with-target-system-zlib=auto --enable-objc-gc=auto --enable-multiarch --disable-werror --enable-cet --with-arch-32=i686 --with-abi=m64 --with-multilib-list=m32,m64,mx32 --enable-multilib --with-tune=generic --enable-offload-targets=nvptx-none=/build/gcc-11-0odw26/gcc-11-11.4.0/debian/tmp-nvptx/usr,amdgcn-amdhsa=/build/gcc-11-0odw26/gcc-11-11.4.0/debian/tmp-gcn/usr --without-cuda-driver --enable-checking=release --build=x86_64-linux-gnu --host=x86_64-linux-gnu --target=x86_64-linux-gnu --with-build-config=bootstrap-lto-lean --enable-link-serialization=2
Thread model: posix
Supported LTO compression algorithms: zlib zstd
gcc version 11.4.0 (Ubuntu 11.4.0-1ubuntu1~22.04.3) 
COMPILER_PATH=/usr/lib/gcc/x86_64-linux-gnu/11/:/usr/lib/gcc/x86_64-linux-gnu/11/:/usr/lib/gcc/x86_64-linux-gnu/:/usr/lib/gcc/x86_64-linux-gnu/11/:/usr/lib/gcc/x86_64-linux-gnu/
LIBRARY_PATH=/usr/lib/gcc/x86_64-linux-gnu/11/:/usr/lib/gcc/x86_64-linux-gnu/11/../../../x86_64-linux-gnu/:/usr/lib/gcc/x86_64-linux-gnu/11/../../../../lib/:/lib/x86_64-linux-gnu/:/lib/../lib/:/usr/lib/x86_64-linux-gnu/:/usr/lib/../lib/:/usr/lib/gcc/x86_64-linux-gnu/11/../../../:/lib/:/usr/lib/
COLLECT_GCC_OPTIONS='-fvisibility-inlines-hidden' '-fmessage-length=0' '-march=nocona' '-mtune=haswell' '-ftree-vectorize' '-fPIC' '-fstack-protector-strong' '-fno-plt' '-O2' '-ffunction-sections' '-pipe' '-isystem' '/home/sophie/miniconda3/include' '-I' '/home/sophie/miniconda3/targets/x86_64-linux/include' '-L/home/sophie/miniconda3/targets/x86_64-linux/lib' '-L/home/sophie/miniconda3/targets/x86_64-linux/lib/stubs' '-L/home/sophie/miniconda3/lib' '-L/home/sophie/miniconda3/targets/x86_64-linux/lib' '-L/home/sophie/miniconda3/targets/x86_64-linux/lib/stubs' '-v' '-o' 'cmTC_e69aa' '-shared-libgcc' '-dumpdir' 'cmTC_e69aa.'
 /usr/lib/gcc/x86_64-linux-gnu/11/collect2 -plugin /usr/lib/gcc/x86_64-linux-gnu/11/liblto_plugin.so -plugin-opt=/usr/lib/gcc/x86_64-linux-gnu/11/lto-wrapper -plugin-opt=-fresolution=/tmp/ccLSphxs.res -plugin-opt=-pass-through=-lgcc_s -plugin-opt=-pass-through=-lgcc -plugin-opt=-pass-through=-lc -plugin-opt=-pass-through=-lgcc_s -plugin-opt=-pass-through=-lgcc --build-id --eh-frame-hdr -m elf_x86_64 --hash-style=gnu --as-needed -dynamic-linker /lib64/ld-linux-x86-64.so.2 -pie -z now -z relro -o cmTC_e69aa /usr/lib/gcc/x86_64-linux-gnu/11/../../../x86_64-linux-gnu/Scrt1.o /usr/lib/gcc/x86_64-linux-gnu/11/../../../x86_64-linux-gnu/crti.o /usr/lib/gcc/x86_64-linux-gnu/11/crtbeginS.o -L/home/sophie/miniconda3/targets/x86_64-linux/lib -L/home/sophie/miniconda3/targets/x86_64-linux/lib/stubs -L/home/sophie/miniconda3/lib -L/home/sophie/miniconda3/targets/x86_64-linux/lib -L/home/sophie/miniconda3/targets/x86_64-linux/lib/stubs -L/usr/lib/gcc/x86_64-linux-gnu/11 -L/usr/lib/gcc/x86_64-linux-gnu/11/../../../x86_64-linux-gnu -L/usr/lib/gcc/x86_64-linux-gnu/11/../../../../lib -L/lib/x86_64-linux-gnu -L/lib/../lib -L/usr/lib/x86_64-linux-gnu -L/usr/lib/../lib -L/usr/lib/gcc/x86_64-linux-gnu/11/../../.. -O2 --sort-common --as-needed -z relro -z now --disable-new-dtags --gc-sections -rpath /home/sophie/miniconda3/lib -rpath-link /home/sophie/miniconda3/lib CMakeFiles/cmTC_e69aa.dir/CMakeCXXCompilerABI.cpp.o -lstdc++ -lm -lgcc_s -lgcc -lc -lgcc_s -lgcc /usr/lib/gcc/x86_64-linux-gnu/11/crtendS.o /usr/lib/gcc/x86_64-linux-gnu/11/../../../x86_64-linux-gnu/crtn.o
COLLECT_GCC_OPTIONS='-fvisibility-inlines-hidden' '-fmessage-length=0' '-march=nocona' '-mtune=haswell' '-ftree-vectorize' '-fPIC' '-fstack-protector-strong' '-fno-plt' '-O2' '-ffunction-sections' '-pipe' '-isystem' '/home/sophie/miniconda3/include' '-I' '/home/sophie/miniconda3/targets/x86_64-linux/include' '-L/home/sophie/miniconda3/targets/x86_64-linux/lib' '-L/home/sophie/miniconda3/targets/x86_64-linux/lib/stubs' '-L/home/sophie/miniconda3/lib' '-L/home/sophie/miniconda3/targets/x86_64-linux/lib' '-L/home/sophie/miniconda3/targets/x86_64-linux/lib/stubs' '-v' '-o' 'cmTC_e69aa' '-shared-libgcc' '-dumpdir' 'cmTC_e69aa.'
gmake[1]: Leaving directory '/home/sophie/isaac_lab/isaac_ws/rl_code/soarm100sim/ros2/build/soarm100_interfaces/CMakeFiles/CMakeTmp'



Parsed CXX implicit include dir info from above output: rv=done
  found start of include info
  found start of implicit include info
    add: [/home/sophie/miniconda3/targets/x86_64-linux/include]
    add: [/home/sophie/miniconda3/include]
    add: [/usr/include/c++/11]
    add: [/usr/include/x86_64-linux-gnu/c++/11]
    add: [/usr/include/c++/11/backward]
    add: [/usr/lib/gcc/x86_64-linux-gnu/11/include]
    add: [/usr/local/include]
    add: [/usr/include/x86_64-linux-gnu]
    add: [/usr/include]
  end of search list found
  collapse include dir [/home/sophie/miniconda3/targets/x86_64-linux/include] ==> [/home/sophie/miniconda3/targets/x86_64-linux/include]
  collapse include dir [/home/sophie/miniconda3/include] ==> [/home/sophie/miniconda3/include]
  collapse include dir [/usr/include/c++/11] ==> [/usr/include/c++/11]
  collapse include dir [/usr/include/x86_64-linux-gnu/c++/11] ==> [/usr/include/x86_64-linux-gnu/c++/11]
  collapse include dir [/usr/include/c++/11/backward] ==> [/usr/include/c++/11/backward]
  collapse include dir [/usr/lib/gcc/x86_64-linux-gnu/11/include] ==> [/usr/lib/gcc/x86_64-linux-gnu/11/include]
  collapse include dir [/usr/local/include] ==> [/usr/local/include]
  collapse include dir [/usr/include/x86_64-linux-gnu] ==> [/usr/include/x86_64-linux-gnu]
  collapse include dir [/usr/include] ==> [/usr/include]
  implicit include dirs: [/home/sophie/miniconda3/targets/x86_64-linux/include;/home/sophie/miniconda3/include;/usr/include/c++/11;/usr/include/x86_64-linux-gnu/c++/11;/usr/include/c++/11/backward;/usr/lib/gcc/x86_64-linux-gnu/11/include;/usr/local/include;/usr/include/x86_64-linux-gnu;/usr/include]


Parsed CXX implicit link information from above output:
  link line regex: [^( *|.*[/\])(ld|CMAKE_LINK_STARTFILE-NOTFOUND|([^/\]+-)?ld|collect2)[^/\]*( |$)]
  ignore line: [Change Dir: /home/sophie/isaac_lab/isaac_ws/rl_code/soarm100sim/ros2/build/soarm100_interfaces/CMakeFiles/CMakeTmp]
  ignore line: []
  ignore line: [Run Build Command(s):/usr/bin/gmake -f Makefile cmTC_e69aa/fast && /usr/bin/gmake  -f CMakeFiles/cmTC_e69aa.dir/build.make CMakeFiles/cmTC_e69aa.dir/build]
  ignore line: [gmake[1]: Entering directory '/home/sophie/isaac_lab/isaac_ws/rl_code/soarm100sim/ros2/build/soarm100_interfaces/CMakeFiles/CMakeTmp']
  ignore line: [Building CXX object CMakeFiles/cmTC_e69aa.dir/CMakeCXXCompilerABI.cpp.o]
  ignore line: [/usr/bin/c++   -fvisibility-inlines-hidden -fmessage-length=0 -march=nocona -mtune=haswell -ftree-vectorize -fPIC -fstack-protector-strong -fno-plt -O2 -ffunction-sections -pipe -isystem /home/sophie/miniconda3/include  -I/home/sophie/miniconda3/targets/x86_64-linux/include  -L/home/sophie/miniconda3/targets/x86_64-linux/lib -L/home/sophie/miniconda3/targets/x86_64-linux/lib/stubs    -v -o CMakeFiles/cmTC_e69aa.dir/CMakeCXXCompilerABI.cpp.o -c /usr/share/cmake-3.22/Modules/CMakeCXXCompilerABI.cpp]
  ignore line: [Using built-in specs.]
  ignore line: [COLLECT_GCC=/usr/bin/c++]
  ignore line: [OFFLOAD_TARGET_NAMES=nvptx-none:amdgcn-amdhsa]
  ignore line: [OFFLOAD_TARGET_DEFAULT=1]
  ignore line: [Target: x86_64-linux-gnu]
  ignore line: [Configured with: ../src/configure -v --with-pkgversion='Ubuntu 11.4.0-1ubuntu1~22.04.3' --with-bugurl=file:///usr/share/doc/gcc-11/README.Bugs --enable-languages=c ada c++ go brig d fortran objc obj-c++ m2 --prefix=/usr --with-gcc-major-version-only --program-suffix=-11 --program-prefix=x86_64-linux-gnu- --enable-shared --enable-linker-build-id --libexecdir=/usr/lib --without-included-gettext --enable-threads=posix --libdir=/usr/lib --enable-nls --enable-bootstrap --enable-clocale=gnu --enable-libstdcxx-debug --enable-libstdcxx-time=yes --with-default-libstdcxx-abi=new --enable-gnu-unique-object --disable-vtable-verify --enable-plugin --enable-default-pie --with-system-zlib --enable-libphobos-checking=release --with-target-system-zlib=auto --enable-objc-gc=auto --enable-multiarch --disable-werror --enable-cet --with-arch-32=i686 --with-abi=m64 --with-multilib-list=m32 m64 mx32 --enable-multilib --with-tune=generic --enable-offload-targets=nvptx-none=/build/gcc-11-0odw26/gcc-11-11.4.0/debian/tmp-nvptx/usr amdgcn-amdhsa=/build/gcc-11-0odw26/gcc-11-11.4.0/debian/tmp-gcn/usr --without-cuda-driver --enable-checking=release --build=x86_64-linux-gnu --host=x86_64-linux-gnu --target=x86_64-linux-gnu --with-build-config=bootstrap-lto-lean --enable-link-serialization=2]
  ignore line: [Thread model: posix]
  ignore line: [Supported LTO compression algorithms: zlib zstd]
  ignore line: [gcc version 11.4.0 (Ubuntu 11.4.0-1ubuntu1~22.04.3) ]
  ignore line: [COLLECT_GCC_OPTIONS='-fvisibility-inlines-hidden' '-fmessage-length=0' '-march=nocona' '-mtune=haswell' '-ftree-vectorize' '-fPIC' '-fstack-protector-strong' '-fno-plt' '-O2' '-ffunction-sections' '-pipe' '-isystem' '/home/sophie/miniconda3/include' '-I' '/home/sophie/miniconda3/targets/x86_64-linux/include' '-L/home/sophie/miniconda3/targets/x86_64-linux/lib' '-L/home/sophie/miniconda3/targets/x86_64-linux/lib/stubs' '-v' '-o' 'CMakeFiles/cmTC_e69aa.dir/CMakeCXXCompilerABI.cpp.o' '-c' '-shared-libgcc' '-dumpdir' 'CMakeFiles/cmTC_e69aa.dir/']
  ignore line: [ /usr/lib/gcc/x86_64-linux-gnu/11/cc1plus -quiet -v -I /home/sophie/miniconda3/targets/x86_64-linux/include -imultiarch x86_64-linux-gnu -D_GNU_SOURCE -isystem /home/sophie/miniconda3/include /usr/share/cmake-3.22/Modules/CMakeCXXCompilerABI.cpp -quiet -dumpdir CMakeFiles/cmTC_e69aa.dir/ -dumpbase CMakeCXXCompilerABI.cpp.cpp -dumpbase-ext .cpp -march=nocona -mtune=haswell -O2 -version -fvisibility-inlines-hidden -fmessage-length=0 -ftree-vectorize -fPIC -fstack-protector-strong -fno-plt -ffunction-sections -fasynchronous-unwind-tables -fstack-protector-strong -Wformat -Wformat-security -fstack-clash-protection -fcf-protection -o - |]
  ignore line: [ as -v -I /home/sophie/miniconda3/targets/x86_64-linux/include --64 -o CMakeFiles/cmTC_e69aa.dir/CMakeCXXCompilerABI.cpp.o]
  ignore line: [GNU assembler version 2.38 (x86_64-linux-gnu) using BFD version (GNU Binutils for Ubuntu) 2.38]
  ignore line: [GNU C++17 (Ubuntu 11.4.0-1ubuntu1~22.04.3) version 11.4.0 (x86_64-linux-gnu)]
  ignore line: [	compiled by GNU C version 11.4.0  GMP version 6.2.1  MPFR version 4.1.0  MPC version 1.2.1  isl version isl-0.24-GMP]
  ignore line: []
  ignore line: [GGC heuristics: --param ggc-min-expand=100 --param ggc-min-heapsize=131072]
  ignore line: [ignoring duplicate directory "/usr/include/x86_64-linux-gnu/c++/11"]
  ignore line: [ignoring nonexistent directory "/usr/local/include/x86_64-linux-gnu"]
  ignore line: [ignoring nonexistent directory "/usr/lib/gcc/x86_64-linux-gnu/11/include-fixed"]
  ignore line: [ignoring nonexistent directory "/usr/lib/gcc/x86_64-linux-gnu/11/../../../../x86_64-linux-gnu/include"]
  ignore line: [#include "..." search starts here:]
  ignore line: [#include <...> search starts here:]
  ignore line: [ /home/sophie/miniconda3/targets/x86_64-linux/include]
  ignore line: [ /home/sophie/miniconda3/include]
  ignore line: [ /usr/include/c++/11]
  ignore line: [ /usr/include/x86_64-linux-gnu/c++/11]
  ignore line: [ /usr/include/c++/11/backward]
  ignore line: [ /usr/lib/gcc/x86_64-linux-gnu/11/include]
  ignore line: [ /usr/local/include]
  ignore line: [ /usr/include/x86_64-linux-gnu]
  ignore line: [ /usr/include]
  ignore line: [End of search list.]
  ignore line: [GNU C++17 (Ubuntu 11.4.0-1ubuntu1~22.04.3) version 11.4.0 (x86_64-linux-gnu)]
  ignore line: [	compiled by GNU C version 11.4.0  GMP version 6.2.1  MPFR version 4.1.0  MPC version 1.2.1  isl version isl-0.24-GMP]
  ignore line: []
  ignore line: [GGC heuristics: --param ggc-min-expand=100 --param ggc-min-heapsize=131072]
  ignore line: [Compiler executable checksum: ac7fa628ee459f217e6fdb88b3db0bde]
  ignore line: [COMPILER_PATH=/usr/lib/gcc/x86_64-linux-gnu/11/:/usr/lib/gcc/x86_64-linux-gnu/11/:/usr/lib/gcc/x86_64-linux-gnu/:/usr/lib/gcc/x86_64-linux-gnu/11/:/usr/lib/gcc/x86_64-linux-gnu/]
  ignore line: [LIBRARY_PATH=/usr/lib/gcc/x86_64-linux-gnu/11/:/usr/lib/gcc/x86_64-linux-gnu/11/../../../x86_64-linux-gnu/:/usr/lib/gcc/x86_64-linux-gnu/11/../../../../lib/:/lib/x86_64-linux-gnu/:/lib/../lib/:/usr/lib/x86_64-linux-gnu/:/usr/lib/../lib/:/usr/lib/gcc/x86_64-linux-gnu/11/../../../:/lib/:/usr/lib/]
  ignore line: [COLLECT_GCC_OPTIONS='-fvisibility-inlines-hidden' '-fmessage-length=0' '-march=nocona' '-mtune=haswell' '-ftree-vectorize' '-fPIC' '-fstack-protector-strong' '-fno-plt' '-O2' '-ffunction-sections' '-pipe' '-isystem' '/home/sophie/miniconda3/include' '-I' '/home/sophie/miniconda3/targets/x86_64-linux/include' '-L/home/sophie/miniconda3/targets/x86_64-linux/lib' '-L/home/sophie/miniconda3/targets/x86_64-linux/lib/stubs' '-v' '-o' 'CMakeFiles/cmTC_e69aa.dir/CMakeCXXCompilerABI.cpp.o' '-c' '-shared-libgcc' '-dumpdir' 'CMakeFiles/cmTC_e69aa.dir/CMakeCXXCompilerABI.cpp.']
  ignore line: [Linking CXX executable cmTC_e69aa]
  ignore line: [/usr/bin/cmake -E cmake_link_script CMakeFiles/cmTC_e69aa.dir/link.txt --verbose=1]
  ignore line: [/usr/bin/c++ -fvisibility-inlines-hidden -fmessage-length=0 -march=nocona -mtune=haswell -ftree-vectorize -fPIC -fstack-protector-strong -fno-plt -O2 -ffunction-sections -pipe -isystem /home/sophie/miniconda3/include  -I/home/sophie/miniconda3/targets/x86_64-linux/include  -L/home/sophie/miniconda3/targets/x86_64-linux/lib -L/home/sophie/miniconda3/targets/x86_64-linux/lib/stubs  -Wl -O2 -Wl --sort-common -Wl --as-needed -Wl -z relro -Wl -z now -Wl --disable-new-dtags -Wl --gc-sections -Wl -rpath /home/sophie/miniconda3/lib -Wl -rpath-link /home/sophie/miniconda3/lib -L/home/sophie/miniconda3/lib  -L/home/sophie/miniconda3/targets/x86_64-linux/lib -L/home/sophie/miniconda3/targets/x86_64-linux/lib/stubs -v CMakeFiles/cmTC_e69aa.dir/CMakeCXXCompilerABI.cpp.o -o cmTC_e69aa ]
  ignore line: [Using built-in specs.]
  ignore line: [COLLECT_GCC=/usr/bin/c++]
  ignore line: [COLLECT_LTO_WRAPPER=/usr/lib/gcc/x86_64-linux-gnu/11/lto-wrapper]
  ignore line: [OFFLOAD_TARGET_NAMES=nvptx-none:amdgcn-amdhsa]
  ignore line: [OFFLOAD_TARGET_DEFAULT=1]
  ignore line: [Target: x86_64-linux-gnu]
  ignore line: [Configured with: ../src/configure -v --with-pkgversion='Ubuntu 11.4.0-1ubuntu1~22.04.3' --with-bugurl=file:///usr/share/doc/gcc-11/README.Bugs --enable-languages=c ada c++ go brig d fortran objc obj-c++ m2 --prefix=/usr --with-gcc-major-version-only --program-suffix=-11 --program-prefix=x86_64-linux-gnu- --enable-shared --enable-linker-build-id --libexecdir=/usr/lib --without-included-gettext --enable-threads=posix --libdir=/usr/lib --enable-nls --enable-bootstrap --enable-clocale=gnu --enable-libstdcxx-debug --enable-libstdcxx-time=yes --with-default-libstdcxx-abi=new --enable-gnu-unique-object --disable-vtable-verify --enable-plugin --enable-default-pie --with-system-zlib --enable-libphobos-checking=release --with-target-system-zlib=auto --enable-objc-gc=auto --enable-multiarch --disable-werror --enable-cet --with-arch-32=i686 --with-abi=m64 --with-multilib-list=m32 m64 mx32 --enable-multilib --with-tune=generic --enable-offload-targets=nvptx-none=/build/gcc-11-0odw26/gcc-11-11.4.0/debian/tmp-nvptx/usr amdgcn-amdhsa=/build/gcc-11-0odw26/gcc-11-11.4.0/debian/tmp-gcn/usr --without-cuda-driver --enable-checking=release --build=x86_64-linux-gnu --host=x86_64-linux-gnu --target=x86_64-linux-gnu --with-build-config=bootstrap-lto-lean --enable-link-serialization=2]
  ignore line: [Thread model: posix]
  ignore line: [Supported LTO compression algorithms: zlib zstd]
  ignore line: [gcc version 11.4.0 (Ubuntu 11.4.0-1ubuntu1~22.04.3) ]
  ignore line: [COMPILER_PATH=/usr/lib/gcc/x86_64-linux-gnu/11/:/usr/lib/gcc/x86_64-linux-gnu/11/:/usr/lib/gcc/x86_64-linux-gnu/:/usr/lib/gcc/x86_64-linux-gnu/11/:/usr/lib/gcc/x86_64-linux-gnu/]
  ignore line: [LIBRARY_PATH=/usr/lib/gcc/x86_64-linux-gnu/11/:/usr/lib/gcc/x86_64-linux-gnu/11/../../../x86_64-linux-gnu/:/usr/lib/gcc/x86_64-linux-gnu/11/../../../../lib/:/lib/x86_64-linux-gnu/:/lib/../lib/:/usr/lib/x86_64-linux-gnu/:/usr/lib/../lib/:/usr/lib/gcc/x86_64-linux-gnu/11/../../../:/lib/:/usr/lib/]
  ignore line: [COLLECT_GCC_OPTIONS='-fvisibility-inlines-hidden' '-fmessage-length=0' '-march=nocona' '-mtune=haswell' '-ftree-vectorize' '-fPIC' '-fstack-protector-strong' '-fno-plt' '-O2' '-ffunction-sections' '-pipe' '-isystem' '/home/sophie/miniconda3/include' '-I' '/home/sophie/miniconda3/targets/x86_64-linux/include' '-L/home/sophie/miniconda3/targets/x86_64-linux/lib' '-L/home/sophie/miniconda3/targets/x86_64-linux/lib/stubs' '-L/home/sophie/miniconda3/lib' '-L/home/sophie/miniconda3/targets/x86_64-linux/lib' '-L/home/sophie/miniconda3/targets/x86_64-linux/lib/stubs' '-v' '-o' 'cmTC_e69aa' '-shared-libgcc' '-dumpdir' 'cmTC_e69aa.']
  link line: [ /usr/lib/gcc/x86_64-linux-gnu/11/collect2 -plugin /usr/lib/gcc/x86_64-linux-gnu/11/liblto_plugin.so -plugin-opt=/usr/lib/gcc/x86_64-linux-gnu/11/lto-wrapper -plugin-opt=-fresolution=/tmp/ccLSphxs.res -plugin-opt=-pass-through=-lgcc_s -plugin-opt=-pass-through=-lgcc -plugin-opt=-pass-through=-lc -plugin-opt=-pass-through=-lgcc_s -plugin-opt=-pass-through=-lgcc --build-id --eh-frame-hdr -m elf_x86_64 --hash-style=gnu --as-needed -dynamic-linker /lib64/ld-linux-x86-64.so.2 -pie -z now -z relro -o cmTC_e69aa /usr/lib/gcc/x86_64-linux-gnu/11/../../../x86_64-linux-gnu/Scrt1.o /usr/lib/gcc/x86_64-linux-gnu/11/../../../x86_64-linux-gnu/crti.o /usr/lib/gcc/x86_64-linux-gnu/11/crtbeginS.o -L/home/sophie/miniconda3/targets/x86_64-linux/lib -L/home/sophie/miniconda3/targets/x86_64-linux/lib/stubs -L/home/sophie/miniconda3/lib -L/home/sophie/miniconda3/targets/x86_64-linux/lib -L/home/sophie/miniconda3/targets/x86_64-linux/lib/stubs -L/usr/lib/gcc/x86_64-linux-gnu/11 -L/usr/lib/gcc/x86_64-linux-gnu/11/../../../x86_64-linux-gnu -L/usr/lib/gcc/x86_64-linux-gnu/11/../../../../lib -L/lib/x86_64-linux-gnu -L/lib/../lib -L/usr/lib/x86_64-linux-gnu -L/usr/lib/../lib -L/usr/lib/gcc/x86_64-linux-gnu/11/../../.. -O2 --sort-common --as-needed -z relro -z now --disable-new-dtags --gc-sections -rpath /home/sophie/miniconda3/lib -rpath-link /home/sophie/miniconda3/lib CMakeFiles/cmTC_e69aa.dir/CMakeCXXCompilerABI.cpp.o -lstdc++ -lm -lgcc_s -lgcc -lc -lgcc_s -lgcc /usr/lib/gcc/x86_64-linux-gnu/11/crtendS.o /usr/lib/gcc/x86_64-linux-gnu/11/../../../x86_64-linux-gnu/crtn.o]
    arg [/usr/lib/gcc/x86_64-linux-gnu/11/collect2] ==> ignore
    arg [-plugin] ==> ignore
    arg [/usr/lib/gcc/x86_64-linux-gnu/11/liblto_plugin.so] ==> ignore
    arg [-plugin-opt=/usr/lib/gcc/x86_64-linux-gnu/11/lto-wrapper] ==> ignore
    arg [-plugin-opt=-fresolution=/tmp/ccLSphxs.res] ==> ignore
    arg [-plugin-opt=-pass-through=-lgcc_s] ==> ignore
    arg [-plugin-opt=-pass-through=-lgcc] ==> ignore
    arg [-plugin-opt=-pass-through=-lc] ==> ignore
    arg [-plugin-opt=-pass-through=-lgcc_s] ==> ignore
    arg [-plugin-opt=-pass-through=-lgcc] ==> ignore
    arg [--build-id] ==> ignore
    arg [--eh-frame-hdr] ==> ignore
    arg [-m] ==> ignore
    arg [elf_x86_64] ==> ignore
    arg [--hash-style=gnu] ==> ignore
    arg [--as-needed] ==> ignore
    arg [-dynamic-linker] ==> ignore
    arg [/lib64/ld-linux-x86-64.so.2] ==> ignore
    arg [-pie] ==> ignore
    arg [-znow] ==> ignore
    arg [-zrelro] ==> ignore
    arg [-o] ==> ignore
    arg [cmTC_e69aa] ==> ignore
    arg [/usr/lib/gcc/x86_64-linux-gnu/11/../../../x86_64-linux-gnu/Scrt1.o] ==> obj [/usr/lib/gcc/x86_64-linux-gnu/11/../../../x86_64-linux-gnu/Scrt1.o]
    arg [/usr/lib/gcc/x86_64-linux-gnu/11/../../../x86_64-linux-gnu/crti.o] ==> obj [/usr/lib/gcc/x86_64-linux-gnu/11/../../../x86_64-linux-gnu/crti.o]
    arg [/usr/lib/gcc/x86_64-linux-gnu/11/crtbeginS.o] ==> obj [/usr/lib/gcc/x86_64-linux-gnu/11/crtbeginS.o]
    arg [-L/home/sophie/miniconda3/targets/x86_64-linux/lib] ==> dir [/home/sophie/miniconda3/targets/x86_64-linux/lib]
    arg [-L/home/sophie/miniconda3/targets/x86_64-linux/lib/stubs] ==> dir [/home/sophie/miniconda3/targets/x86_64-linux/lib/stubs]
    arg [-L/home/sophie/miniconda3/lib] ==> dir [/home/sophie/miniconda3/lib]
    arg [-L/home/sophie/miniconda3/targets/x86_64-linux/lib] ==> dir [/home/sophie/miniconda3/targets/x86_64-linux/lib]
    arg [-L/home/sophie/miniconda3/targets/x86_64-linux/lib/stubs] ==> dir [/home/sophie/miniconda3/targets/x86_64-linux/lib/stubs]
    arg [-L/usr/lib/gcc/x86_64-linux-gnu/11] ==> dir [/usr/lib/gcc/x86_64-linux-gnu/11]
    arg [-L/usr/lib/gcc/x86_64-linux-gnu/11/../../../x86_64-linux-gnu] ==> dir [/usr/lib/gcc/x86_64-linux-gnu/11/../../../x86_64-linux-gnu]
    arg [-L/usr/lib/gcc/x86_64-linux-gnu/11/../../../../lib] ==> dir [/usr/lib/gcc/x86_64-linux-gnu/11/../../../../lib]
    arg [-L/lib/x86_64-linux-gnu] ==> dir [/lib/x86_64-linux-gnu]
    arg [-L/lib/../lib] ==> dir [/lib/../lib]
    arg [-L/usr/lib/x86_64-linux-gnu] ==> dir [/usr/lib/x86_64-linux-gnu]
    arg [-L/usr/lib/../lib] ==> dir [/usr/lib/../lib]
    arg [-L/usr/lib/gcc/x86_64-linux-gnu/11/../../..] ==> dir [/usr/lib/gcc/x86_64-linux-gnu/11/../../..]
    arg [-O2] ==> ignore
    arg [--sort-common] ==> ignore
    arg [--as-needed] ==> ignore
    arg [-zrelro] ==> ignore
    arg [-znow] ==> ignore
    arg [--disable-new-dtags] ==> ignore
    arg [--gc-sections] ==> ignore
    arg [-rpath] ==> ignore
    arg [/home/sophie/miniconda3/lib] ==> ignore
    arg [-rpath-link] ==> ignore
    arg [/home/sophie/miniconda3/lib] ==> ignore
    arg [CMakeFiles/cmTC_e69aa.dir/CMakeCXXCompilerABI.cpp.o] ==> ignore
    arg [-lstdc++] ==> lib [stdc++]
    arg [-lm] ==> lib [m]
    arg [-lgcc_s] ==> lib [gcc_s]
    arg [-lgcc] ==> lib [gcc]
    arg [-lc] ==> lib [c]
    arg [-lgcc_s] ==> lib [gcc_s]
    arg [-lgcc] ==> lib [gcc]
    arg [/usr/lib/gcc/x86_64-linux-gnu/11/crtendS.o] ==> obj [/usr/lib/gcc/x86_64-linux-gnu/11/crtendS.o]
    arg [/usr/lib/gcc/x86_64-linux-gnu/11/../../../x86_64-linux-gnu/crtn.o] ==> obj [/usr/lib/gcc/x86_64-linux-gnu/11/../../../x86_64-linux-gnu/crtn.o]
  collapse obj [/usr/lib/gcc/x86_64-linux-gnu/11/../../../x86_64-linux-gnu/Scrt1.o] ==> [/usr/lib/x86_64-linux-gnu/Scrt1.o]
  collapse obj [/usr/lib/gcc/x86_64-linux-gnu/11/../../../x86_64-linux-gnu/crti.o] ==> [/usr/lib/x86_64-linux-gnu/crti.o]
  collapse obj [/usr/lib/gcc/x86_64-linux-gnu/11/../../../x86_64-linux-gnu/crtn.o] ==> [/usr/lib/x86_64-linux-gnu/crtn.o]
  collapse library dir [/home/sophie/miniconda3/targets/x86_64-linux/lib] ==> [/home/sophie/miniconda3/targets/x86_64-linux/lib]
  collapse library dir [/home/sophie/miniconda3/targets/x86_64-linux/lib/stubs] ==> [/home/sophie/miniconda3/targets/x86_64-linux/lib/stubs]
  collapse library dir [/home/sophie/miniconda3/lib] ==> [/home/sophie/miniconda3/lib]
  collapse library dir [/home/sophie/miniconda3/targets/x86_64-linux/lib] ==> [/home/sophie/miniconda3/targets/x86_64-linux/lib]
  collapse library dir [/home/sophie/miniconda3/targets/x86_64-linux/lib/stubs] ==> [/home/sophie/miniconda3/targets/x86_64-linux/lib/stubs]
  collapse library dir [/usr/lib/gcc/x86_64-linux-gnu/11] ==> [/usr/lib/gcc/x86_64-linux-gnu/11]
  collapse library dir [/usr/lib/gcc/x86_64-linux-gnu/11/../../../x86_64-linux-gnu] ==> [/usr/lib/x86_64-linux-gnu]
  collapse library dir [/usr/lib/gcc/x86_64-linux-gnu/11/../../../../lib] ==> [/usr/lib]
  collapse library dir [/lib/x86_64-linux-gnu] ==> [/lib/x86_64-linux-gnu]
  collapse library dir [/lib/../lib] ==> [/lib]
  collapse library dir [/usr/lib/x86_64-linux-gnu] ==> [/usr/lib/x86_64-linux-gnu]
  collapse library dir [/usr/lib/../lib] ==> [/usr/lib]
  collapse library dir [/usr/lib/gcc/x86_64-linux-gnu/11/../../..] ==> [/usr/lib]
  implicit libs: [stdc++;m;gcc_s;gcc;c;gcc_s;gcc]
  implicit objs: [/usr/lib/x86_64-linux-gnu/Scrt1.o;/usr/lib/x86_64-linux-gnu/crti.o;/usr/lib/gcc/x86_64-linux-gnu/11/crtbeginS.o;/usr/lib/gcc/x86_64-linux-gnu/11/crtendS.o;/usr/lib/x86_64-linux-gnu/crtn.o]
  implicit dirs: [/home/sophie/miniconda3/targets/x86_64-linux/lib;/home/sophie/miniconda3/targets/x86_64-linux/lib/stubs;/home/sophie/miniconda3/lib;/usr/lib/gcc/x86_64-linux-gnu/11;/usr/lib/x86_64-linux-gnu;/usr/lib;/lib/x86_64-linux-gnu;/lib]
  implicit fwks: []


The system is: Linux - 6.8.0-106-generic - x86_64
Compiling the C compiler identification source file "CMakeCCompilerId.c" succeeded.
Compiler: /home/sophie/miniconda3/bin/x86_64-conda-linux-gnu-cc 
Build flags: -march=nocona;-mtune=haswell;-ftree-vectorize;-fPIC;-fstack-protector-strong;-fno-plt;-O2;-ffunction-sections;-pipe;-isystem;/home/sophie/miniconda3/include;;-I/home/sophie/miniconda3/targets/x86_64-linux/include;;-L/home/sophie/miniconda3/targets/x86_64-linux/lib;-L/home/sophie/miniconda3/targets/x86_64-linux/lib/stubs
Id flags:  

The output was:
0


Compilation of the C compiler identification source "CMakeCCompilerId.c" produced "a.out"

The C compiler identification is GNU, found in "/home/sophie/isaac_lab/isaac_ws/rl_code/soarm100sim/ros2/build/soarm100_interfaces/CMakeFiles/3.22.1/CompilerIdC/a.out"

Compiling the CXX compiler identification source file "CMakeCXXCompilerId.cpp" succeeded.
Compiler: /home/sophie/miniconda3/bin/x86_64-conda-linux-gnu-c++ 
Build flags: -fvisibility-inlines-hidden;-fmessage-length=0;-march=nocona;-mtune=haswell;-ftree-vectorize;-fPIC;-fstack-protector-strong;-fno-plt;-O2;-ffunction-sections;-pipe;-isystem;/home/sophie/miniconda3/include;;-I/home/sophie/miniconda3/targets/x86_64-linux/include;;-L/home/sophie/miniconda3/targets/x86_64-linux/lib;-L/home/sophie/miniconda3/targets/x86_64-linux/lib/stubs
Id flags:  

The output was:
0


Compilation of the CXX compiler identification source "CMakeCXXCompilerId.cpp" produced "a.out"

The CXX compiler identification is GNU, found in "/home/sophie/isaac_lab/isaac_ws/rl_code/soarm100sim/ros2/build/soarm100_interfaces/CMakeFiles/3.22.1/CompilerIdCXX/a.out"

Detecting C compiler ABI info compiled with the following output:
Change Dir: /home/sophie/isaac_lab/isaac_ws/rl_code/soarm100sim/ros2/build/soarm100_interfaces/CMakeFiles/CMakeTmp

Run Build Command(s):/usr/bin/gmake -f Makefile cmTC_d0ae9/fast && /usr/bin/gmake  -f CMakeFiles/cmTC_d0ae9.dir/build.make CMakeFiles/cmTC_d0ae9.dir/build
gmake[1]: Entering directory '/home/sophie/isaac_lab/isaac_ws/rl_code/soarm100sim/ros2/build/soarm100_interfaces/CMakeFiles/CMakeTmp'
Building C object CMakeFiles/cmTC_d0ae9.dir/CMakeCCompilerABI.c.o
/home/sophie/miniconda3/bin/x86_64-conda-linux-gnu-cc   -march=nocona -mtune=haswell -ftree-vectorize -fPIC -fstack-protector-strong -fno-plt -O2 -ffunction-sections -pipe -isystem /home/sophie/miniconda3/include  -I/home/sophie/miniconda3/targets/x86_64-linux/include  -L/home/sophie/miniconda3/targets/x86_64-linux/lib -L/home/sophie/miniconda3/targets/x86_64-linux/lib/stubs    -v -o CMakeFiles/cmTC_d0ae9.dir/CMakeCCompilerABI.c.o -c /usr/share/cmake-3.22/Modules/CMakeCCompilerABI.c
Reading specs from /home/sophie/miniconda3/bin/../lib/gcc/x86_64-conda-linux-gnu/14.3.0/specs
could not find specs file conda.specs
COLLECT_GCC=/home/sophie/miniconda3/bin/x86_64-conda-linux-gnu-cc
Target: x86_64-conda-linux-gnu
Configured with: ../configure --prefix=/home/task_176276925032039/conda-bld/gcc_compilers_1762769297119/_h_env_placehold_placehold_placehold_placehold_placehold_placehold_placehold_placehold_placehold_placehold_placehold_placehold_placehold_placehold_placehold_placehold_placehold_placehold_pla --with-slibdir=/home/task_176276925032039/conda-bld/gcc_compilers_1762769297119/_h_env_placehold_placehold_placehold_placehold_placehold_placehold_placehold_placehold_placehold_placehold_placehold_placehold_placehold_placehold_placehold_placehold_placehold_placehold_pla/lib --libdir=/home/task_176276925032039/conda-bld/gcc_compilers_1762769297119/_h_env_placehold_placehold_placehold_placehold_placehold_placehold_placehold_placehold_placehold_placehold_placehold_placehold_placehold_placehold_placehold_placehold_placehold_placehold_pla/lib --mandir=/home/task_176276925032039/conda-bld/gcc_compilers_1762769297119/_h_env_placehold_placehold_placehold_placehold_placehold_placehold_placehold_placehold_placehold_placehold_placehold_placehold_placehold_placehold_placehold_placehold_placehold_placehold_pla/man --build=x86_64-conda-linux-gnu --host=x86_64-conda-linux-gnu --target=x86_64-conda-linux-gnu --enable-languages=c,c++,fortran,objc,obj-c++ --enable-__cxa_atexit --disable-libmudflap --enable-libgomp --disable-libssp --enable-libquadmath --enable-libquadmath-support --enable-lto --enable-target-optspace --enable-plugin --enable-gold --disable-nls --disable-multilib --enable-long-long --with-sysroot=/home/task_176276925032039/conda-bld/gcc_compilers_1762769297119/_h_env_placehold_placehold_placehold_placehold_placehold_placehold_placehold_placehold_placehold_placehold_placehold_placehold_placehold_placehold_placehold_placehold_placehold_placehold_pla/x86_64-conda-linux-gnu/sysroot --with-build-sysroot=/home/task_176276925032039/conda-bld/gcc_compilers_1762769297119/work/cf-compilers/x86_64-conda-linux-gnu/sysroot --with-native-system-header-dir=/usr/include --with-gxx-include-dir=/home/task_176276925032039/conda-bld/gcc_compilers_1762769297119/_h_env_placehold_placehold_placehold_placehold_placehold_placehold_placehold_placehold_placehold_placehold_placehold_placehold_placehold_placehold_placehold_placehold_placehold_placehold_pla/lib/gcc/x86_64-conda-linux-gnu/14.3.0/include/c++ --enable-libsanitizer --enable-default-pie --enable-threads=posix
Thread model: posix
Supported LTO compression algorithms: zlib
gcc version 14.3.0 (GCC) 
COLLECT_GCC_OPTIONS='-march=nocona' '-mtune=haswell' '-ftree-vectorize' '-fPIC' '-fstack-protector-strong' '-fno-plt' '-O2' '-ffunction-sections' '-pipe' '-isystem' '/home/sophie/miniconda3/include' '-I' '/home/sophie/miniconda3/targets/x86_64-linux/include' '-L/home/sophie/miniconda3/targets/x86_64-linux/lib' '-L/home/sophie/miniconda3/targets/x86_64-linux/lib/stubs' '-v' '-o' 'CMakeFiles/cmTC_d0ae9.dir/CMakeCCompilerABI.c.o' '-c' '-dumpdir' 'CMakeFiles/cmTC_d0ae9.dir/'
 /home/sophie/miniconda3/bin/../libexec/gcc/x86_64-conda-linux-gnu/14.3.0/cc1 -quiet -v -I /home/sophie/miniconda3/targets/x86_64-linux/include -iprefix /home/sophie/miniconda3/bin/../lib/gcc/x86_64-conda-linux-gnu/14.3.0/ -isysroot /home/sophie/miniconda3/bin/../x86_64-conda-linux-gnu/sysroot -isystem /home/sophie/miniconda3/include /usr/share/cmake-3.22/Modules/CMakeCCompilerABI.c -quiet -dumpdir CMakeFiles/cmTC_d0ae9.dir/ -dumpbase CMakeCCompilerABI.c.c -dumpbase-ext .c -march=nocona -mtune=haswell -O2 -version -ftree-vectorize -fPIC -fstack-protector-strong -fno-plt -ffunction-sections -o - |
 /home/sophie/miniconda3/bin/../lib/gcc/x86_64-conda-linux-gnu/14.3.0/../../../../x86_64-conda-linux-gnu/bin/as -v -I /home/sophie/miniconda3/targets/x86_64-linux/include --64 -o CMakeFiles/cmTC_d0ae9.dir/CMakeCCompilerABI.c.o
GNU assembler version 2.44 (x86_64-conda-linux-gnu) using BFD version (GNU Binutils) 2.44
GNU C17 (GCC) version 14.3.0 (x86_64-conda-linux-gnu)
	compiled by GNU C version 14.3.0, GMP version 6.2.1, MPFR version 4.1.0, MPC version 1.2.1, isl version isl-0.24-GMP

GGC heuristics: --param ggc-min-expand=100 --param ggc-min-heapsize=131072
ignoring nonexistent directory "/home/sophie/miniconda3/bin/../lib/gcc/x86_64-conda-linux-gnu/14.3.0/../../../../x86_64-conda-linux-gnu/include"
ignoring duplicate directory "/home/sophie/miniconda3/bin/../lib/gcc/../../lib/gcc/x86_64-conda-linux-gnu/14.3.0/include"
ignoring nonexistent directory "/home/sophie/miniconda3/bin/../x86_64-conda-linux-gnu/sysroot/usr/local/include"
ignoring duplicate directory "/home/sophie/miniconda3/bin/../lib/gcc/../../lib/gcc/x86_64-conda-linux-gnu/14.3.0/include-fixed"
ignoring nonexistent directory "/home/sophie/miniconda3/bin/../lib/gcc/../../lib/gcc/x86_64-conda-linux-gnu/14.3.0/../../../../x86_64-conda-linux-gnu/include"
#include "..." search starts here:
#include <...> search starts here:
 /home/sophie/miniconda3/targets/x86_64-linux/include
 /home/sophie/miniconda3/include
 /home/sophie/miniconda3/bin/../lib/gcc/x86_64-conda-linux-gnu/14.3.0/include
 /home/sophie/miniconda3/bin/../lib/gcc/x86_64-conda-linux-gnu/14.3.0/include-fixed
 /home/sophie/miniconda3/bin/../x86_64-conda-linux-gnu/sysroot/usr/include
End of search list.
Compiler executable checksum: ebc34dbb9628d3d457022a3b2aecdf72
COMPILER_PATH=/home/sophie/miniconda3/bin/../libexec/gcc/x86_64-conda-linux-gnu/14.3.0/:/home/sophie/miniconda3/bin/../libexec/gcc/:/home/sophie/miniconda3/bin/../lib/gcc/x86_64-conda-linux-gnu/14.3.0/../../../../x86_64-conda-linux-gnu/bin/
LIBRARY_PATH=/home/sophie/miniconda3/bin/../lib/gcc/x86_64-conda-linux-gnu/14.3.0/:/home/sophie/miniconda3/bin/../lib/gcc/:/home/sophie/miniconda3/bin/../lib/gcc/x86_64-conda-linux-gnu/14.3.0/../../../../x86_64-conda-linux-gnu/lib/../lib/:/home/sophie/miniconda3/bin/../lib/gcc/x86_64-conda-linux-gnu/14.3.0/../../../../lib/:/home/sophie/miniconda3/bin/../x86_64-conda-linux-gnu/sysroot/lib/../lib/:/home/sophie/miniconda3/bin/../x86_64-conda-linux-gnu/sysroot/usr/lib/../lib/:/home/sophie/miniconda3/bin/../lib/gcc/x86_64-conda-linux-gnu/14.3.0/../../../../x86_64-conda-linux-gnu/lib/:/home/sophie/miniconda3/bin/../lib/gcc/x86_64-conda-linux-gnu/14.3.0/../../../:/home/sophie/miniconda3/bin/../x86_64-conda-linux-gnu/sysroot/lib/:/home/sophie/miniconda3/bin/../x86_64-conda-linux-gnu/sysroot/usr/lib/
COLLECT_GCC_OPTIONS='-march=nocona' '-mtune=haswell' '-ftree-vectorize' '-fPIC' '-fstack-protector-strong' '-fno-plt' '-O2' '-ffunction-sections' '-pipe' '-isystem' '/home/sophie/miniconda3/include' '-I' '/home/sophie/miniconda3/targets/x86_64-linux/include' '-L/home/sophie/miniconda3/targets/x86_64-linux/lib' '-L/home/sophie/miniconda3/targets/x86_64-linux/lib/stubs' '-v' '-o' 'CMakeFiles/cmTC_d0ae9.dir/CMakeCCompilerABI.c.o' '-c' '-dumpdir' 'CMakeFiles/cmTC_d0ae9.dir/CMakeCCompilerABI.c.'
Linking C executable cmTC_d0ae9
/usr/bin/cmake -E cmake_link_script CMakeFiles/cmTC_d0ae9.dir/link.txt --verbose=1
/home/sophie/miniconda3/bin/x86_64-conda-linux-gnu-cc -march=nocona -mtune=haswell -ftree-vectorize -fPIC -fstack-protector-strong -fno-plt -O2 -ffunction-sections -pipe -isystem /home/sophie/miniconda3/include  -I/home/sophie/miniconda3/targets/x86_64-linux/include  -L/home/sophie/miniconda3/targets/x86_64-linux/lib -L/home/sophie/miniconda3/targets/x86_64-linux/lib/stubs  -Wl,-O2 -Wl,--sort-common -Wl,--as-needed -Wl,-z,relro -Wl,-z,now -Wl,--disable-new-dtags -Wl,--gc-sections -Wl,-rpath,/home/sophie/miniconda3/lib -Wl,-rpath-link,/home/sophie/miniconda3/lib -L/home/sophie/miniconda3/lib  -L/home/sophie/miniconda3/targets/x86_64-linux/lib -L/home/sophie/miniconda3/targets/x86_64-linux/lib/stubs -v CMakeFiles/cmTC_d0ae9.dir/CMakeCCompilerABI.c.o -o cmTC_d0ae9 
Reading specs from /home/sophie/miniconda3/bin/../lib/gcc/x86_64-conda-linux-gnu/14.3.0/specs
could not find specs file conda.specs
COLLECT_GCC=/home/sophie/miniconda3/bin/x86_64-conda-linux-gnu-cc
COLLECT_LTO_WRAPPER=/home/sophie/miniconda3/bin/../libexec/gcc/x86_64-conda-linux-gnu/14.3.0/lto-wrapper
Target: x86_64-conda-linux-gnu
Configured with: ../configure --prefix=/home/task_176276925032039/conda-bld/gcc_compilers_1762769297119/_h_env_placehold_placehold_placehold_placehold_placehold_placehold_placehold_placehold_placehold_placehold_placehold_placehold_placehold_placehold_placehold_placehold_placehold_placehold_pla --with-slibdir=/home/task_176276925032039/conda-bld/gcc_compilers_1762769297119/_h_env_placehold_placehold_placehold_placehold_placehold_placehold_placehold_placehold_placehold_placehold_placehold_placehold_placehold_placehold_placehold_placehold_placehold_placehold_pla/lib --libdir=/home/task_176276925032039/conda-bld/gcc_compilers_1762769297119/_h_env_placehold_placehold_placehold_placehold_placehold_placehold_placehold_placehold_placehold_placehold_placehold_placehold_placehold_placehold_placehold_placehold_placehold_placehold_pla/lib --mandir=/home/task_176276925032039/conda-bld/gcc_compilers_1762769297119/_h_env_placehold_placehold_placehold_placehold_placehold_placehold_placehold_placehold_placehold_placehold_placehold_placehold_placehold_placehold_placehold_placehold_placehold_placehold_pla/man --build=x86_64-conda-linux-gnu --host=x86_64-conda-linux-gnu --target=x86_64-conda-linux-gnu --enable-languages=c,c++,fortran,objc,obj-c++ --enable-__cxa_atexit --disable-libmudflap --enable-libgomp --disable-libssp --enable-libquadmath --enable-libquadmath-support --enable-lto --enable-target-optspace --enable-plugin --enable-gold --disable-nls --disable-multilib --enable-long-long --with-sysroot=/home/task_176276925032039/conda-bld/gcc_compilers_1762769297119/_h_env_placehold_placehold_placehold_placehold_placehold_placehold_placehold_placehold_placehold_placehold_placehold_placehold_placehold_placehold_placehold_placehold_placehold_placehold_pla/x86_64-conda-linux-gnu/sysroot --with-build-sysroot=/home/task_176276925032039/conda-bld/gcc_compilers_1762769297119/work/cf-compilers/x86_64-conda-linux-gnu/sysroot --with-native-system-header-dir=/usr/include --with-gxx-include-dir=/home/task_176276925032039/conda-bld/gcc_compilers_1762769297119/_h_env_placehold_placehold_placehold_placehold_placehold_placehold_placehold_placehold_placehold_placehold_placehold_placehold_placehold_placehold_placehold_placehold_placehold_placehold_pla/lib/gcc/x86_64-conda-linux-gnu/14.3.0/include/c++ --enable-libsanitizer --enable-default-pie --enable-threads=posix
Thread model: posix
Supported LTO compression algorithms: zlib
gcc version 14.3.0 (GCC) 
COMPILER_PATH=/home/sophie/miniconda3/bin/../libexec/gcc/x86_64-conda-linux-gnu/14.3.0/:/home/sophie/miniconda3/bin/../libexec/gcc/:/home/sophie/miniconda3/bin/../lib/gcc/x86_64-conda-linux-gnu/14.3.0/../../../../x86_64-conda-linux-gnu/bin/
LIBRARY_PATH=/home/sophie/miniconda3/bin/../lib/gcc/x86_64-conda-linux-gnu/14.3.0/:/home/sophie/miniconda3/bin/../lib/gcc/:/home/sophie/miniconda3/bin/../lib/gcc/x86_64-conda-linux-gnu/14.3.0/../../../../x86_64-conda-linux-gnu/lib/../lib/:/home/sophie/miniconda3/bin/../lib/gcc/x86_64-conda-linux-gnu/14.3.0/../../../../lib/:/home/sophie/miniconda3/bin/../x86_64-conda-linux-gnu/sysroot/lib/../lib/:/home/sophie/miniconda3/bin/../x86_64-conda-linux-gnu/sysroot/usr/lib/../lib/:/home/sophie/miniconda3/bin/../lib/gcc/x86_64-conda-linux-gnu/14.3.0/../../../../x86_64-conda-linux-gnu/lib/:/home/sophie/miniconda3/bin/../lib/gcc/x86_64-conda-linux-gnu/14.3.0/../../../:/home/sophie/miniconda3/bin/../x86_64-conda-linux-gnu/sysroot/lib/:/home/sophie/miniconda3/bin/../x86_64-conda-linux-gnu/sysroot/usr/lib/
COLLECT_GCC_OPTIONS='-march=nocona' '-mtune=haswell' '-ftree-vectorize' '-fPIC' '-fstack-protector-strong' '-fno-plt' '-O2' '-ffunction-sections' '-pipe' '-isystem' '/home/sophie/miniconda3/include' '-I' '/home/sophie/miniconda3/targets/x86_64-linux/include' '-L/home/sophie/miniconda3/targets/x86_64-linux/lib' '-L/home/sophie/miniconda3/targets/x86_64-linux/lib/stubs' '-L/home/sophie/miniconda3/lib' '-L/home/sophie/miniconda3/targets/x86_64-linux/lib' '-L/home/sophie/miniconda3/targets/x86_64-linux/lib/stubs' '-v' '-o' 'cmTC_d0ae9' '-dumpdir' 'cmTC_d0ae9.'
 /home/sophie/miniconda3/bin/../libexec/gcc/x86_64-conda-linux-gnu/14.3.0/collect2 -plugin /home/sophie/miniconda3/bin/../libexec/gcc/x86_64-conda-linux-gnu/14.3.0/liblto_plugin.so -plugin-opt=/home/sophie/miniconda3/bin/../libexec/gcc/x86_64-conda-linux-gnu/14.3.0/lto-wrapper -plugin-opt=-fresolution=/tmp/ccZwFAYu.res -plugin-opt=-pass-through=-lgcc -plugin-opt=-pass-through=-lgcc_s -plugin-opt=-pass-through=-lc -plugin-opt=-pass-through=-lgcc -plugin-opt=-pass-through=-lgcc_s --sysroot=/home/sophie/miniconda3/bin/../x86_64-conda-linux-gnu/sysroot --eh-frame-hdr -m elf_x86_64 -dynamic-linker /lib64/ld-linux-x86-64.so.2 -pie -o cmTC_d0ae9 /home/sophie/miniconda3/bin/../x86_64-conda-linux-gnu/sysroot/usr/lib/../lib/Scrt1.o /home/sophie/miniconda3/bin/../x86_64-conda-linux-gnu/sysroot/usr/lib/../lib/crti.o /home/sophie/miniconda3/bin/../lib/gcc/x86_64-conda-linux-gnu/14.3.0/crtbeginS.o -L/home/sophie/miniconda3/targets/x86_64-linux/lib -L/home/sophie/miniconda3/targets/x86_64-linux/lib/stubs -L/home/sophie/miniconda3/lib -L/home/sophie/miniconda3/targets/x86_64-linux/lib -L/home/sophie/miniconda3/targets/x86_64-linux/lib/stubs -L/home/sophie/miniconda3/bin/../lib/gcc/x86_64-conda-linux-gnu/14.3.0 -L/home/sophie/miniconda3/bin/../lib/gcc -L/home/sophie/miniconda3/bin/../lib/gcc/x86_64-conda-linux-gnu/14.3.0/../../../../x86_64-conda-linux-gnu/lib/../lib -L/home/sophie/miniconda3/bin/../lib/gcc/x86_64-conda-linux-gnu/14.3.0/../../../../lib -L/home/sophie/miniconda3/bin/../x86_64-conda-linux-gnu/sysroot/lib/../lib -L/home/sophie/miniconda3/bin/../x86_64-conda-linux-gnu/sysroot/usr/lib/../lib -L/home/sophie/miniconda3/bin/../lib/gcc/x86_64-conda-linux-gnu/14.3.0/../../../../x86_64-conda-linux-gnu/lib -L/home/sophie/miniconda3/bin/../lib/gcc/x86_64-conda-linux-gnu/14.3.0/../../.. -L/home/sophie/miniconda3/bin/../x86_64-conda-linux-gnu/sysroot/lib -L/home/sophie/miniconda3/bin/../x86_64-conda-linux-gnu/sysroot/usr/lib -O2 --sort-common --as-needed -z relro -z now --disable-new-dtags --gc-sections -rpath /home/sophie/miniconda3/lib -rpath-link /home/sophie/miniconda3/lib CMakeFiles/cmTC_d0ae9.dir/CMakeCCompilerABI.c.o -lgcc --push-state --as-needed -lgcc_s --pop-state -lc -lgcc --push-state --as-needed -lgcc_s --pop-state /home/sophie/miniconda3/bin/../lib/gcc/x86_64-conda-linux-gnu/14.3.0/crtendS.o /home/sophie/miniconda3/bin/../x86_64-conda-linux-gnu/sysroot/usr/lib/../lib/crtn.o -rpath /home/sophie/miniconda3/lib
COLLECT_GCC_OPTIONS='-march=nocona' '-mtune=haswell' '-ftree-vectorize' '-fPIC' '-fstack-protector-strong' '-fno-plt' '-O2' '-ffunction-sections' '-pipe' '-isystem' '/home/sophie/miniconda3/include' '-I' '/home/sophie/miniconda3/targets/x86_64-linux/include' '-L/home/sophie/miniconda3/targets/x86_64-linux/lib' '-L/home/sophie/miniconda3/targets/x86_64-linux/lib/stubs' '-L/home/sophie/miniconda3/lib' '-L/home/sophie/miniconda3/targets/x86_64-linux/lib' '-L/home/sophie/miniconda3/targets/x86_64-linux/lib/stubs' '-v' '-o' 'cmTC_d0ae9' '-dumpdir' 'cmTC_d0ae9.'
gmake[1]: Leaving directory '/home/sophie/isaac_lab/isaac_ws/rl_code/soarm100sim/ros2/build/soarm100_interfaces/CMakeFiles/CMakeTmp'



Parsed C implicit include dir info from above output: rv=done
  found start of include info
  found start of implicit include info
    add: [/home/sophie/miniconda3/targets/x86_64-linux/include]
    add: [/home/sophie/miniconda3/include]
    add: [/home/sophie/miniconda3/bin/../lib/gcc/x86_64-conda-linux-gnu/14.3.0/include]
    add: [/home/sophie/miniconda3/bin/../lib/gcc/x86_64-conda-linux-gnu/14.3.0/include-fixed]
    add: [/home/sophie/miniconda3/bin/../x86_64-conda-linux-gnu/sysroot/usr/include]
  end of search list found
  collapse include dir [/home/sophie/miniconda3/targets/x86_64-linux/include] ==> [/home/sophie/miniconda3/targets/x86_64-linux/include]
  collapse include dir [/home/sophie/miniconda3/include] ==> [/home/sophie/miniconda3/include]
  collapse include dir [/home/sophie/miniconda3/bin/../lib/gcc/x86_64-conda-linux-gnu/14.3.0/include] ==> [/home/sophie/miniconda3/lib/gcc/x86_64-conda-linux-gnu/14.3.0/include]
  collapse include dir [/home/sophie/miniconda3/bin/../lib/gcc/x86_64-conda-linux-gnu/14.3.0/include-fixed] ==> [/home/sophie/miniconda3/lib/gcc/x86_64-conda-linux-gnu/14.3.0/include-fixed]
  collapse include dir [/home/sophie/miniconda3/bin/../x86_64-conda-linux-gnu/sysroot/usr/include] ==> [/home/sophie/miniconda3/x86_64-conda-linux-gnu/sysroot/usr/include]
  implicit include dirs: [/home/sophie/miniconda3/targets/x86_64-linux/include;/home/sophie/miniconda3/include;/home/sophie/miniconda3/lib/gcc/x86_64-conda-linux-gnu/14.3.0/include;/home/sophie/miniconda3/lib/gcc/x86_64-conda-linux-gnu/14.3.0/include-fixed;/home/sophie/miniconda3/x86_64-conda-linux-gnu/sysroot/usr/include]


Parsed C implicit link information from above output:
  link line regex: [^( *|.*[/\])(x86_64-conda-linux-gnu-ld|CMAKE_LINK_STARTFILE-NOTFOUND|([^/\]+-)?ld|collect2)[^/\]*( |$)]
  ignore line: [Change Dir: /home/sophie/isaac_lab/isaac_ws/rl_code/soarm100sim/ros2/build/soarm100_interfaces/CMakeFiles/CMakeTmp]
  ignore line: []
  ignore line: [Run Build Command(s):/usr/bin/gmake -f Makefile cmTC_d0ae9/fast && /usr/bin/gmake  -f CMakeFiles/cmTC_d0ae9.dir/build.make CMakeFiles/cmTC_d0ae9.dir/build]
  ignore line: [gmake[1]: Entering directory '/home/sophie/isaac_lab/isaac_ws/rl_code/soarm100sim/ros2/build/soarm100_interfaces/CMakeFiles/CMakeTmp']
  ignore line: [Building C object CMakeFiles/cmTC_d0ae9.dir/CMakeCCompilerABI.c.o]
  ignore line: [/home/sophie/miniconda3/bin/x86_64-conda-linux-gnu-cc   -march=nocona -mtune=haswell -ftree-vectorize -fPIC -fstack-protector-strong -fno-plt -O2 -ffunction-sections -pipe -isystem /home/sophie/miniconda3/include  -I/home/sophie/miniconda3/targets/x86_64-linux/include  -L/home/sophie/miniconda3/targets/x86_64-linux/lib -L/home/sophie/miniconda3/targets/x86_64-linux/lib/stubs    -v -o CMakeFiles/cmTC_d0ae9.dir/CMakeCCompilerABI.c.o -c /usr/share/cmake-3.22/Modules/CMakeCCompilerABI.c]
  ignore line: [Reading specs from /home/sophie/miniconda3/bin/../lib/gcc/x86_64-conda-linux-gnu/14.3.0/specs]
  ignore line: [could not find specs file conda.specs]
  ignore line: [COLLECT_GCC=/home/sophie/miniconda3/bin/x86_64-conda-linux-gnu-cc]
  ignore line: [Target: x86_64-conda-linux-gnu]
  ignore line: [Configured with: ../configure --prefix=/home/task_176276925032039/conda-bld/gcc_compilers_1762769297119/_h_env_placehold_placehold_placehold_placehold_placehold_placehold_placehold_placehold_placehold_placehold_placehold_placehold_placehold_placehold_placehold_placehold_placehold_placehold_pla --with-slibdir=/home/task_176276925032039/conda-bld/gcc_compilers_1762769297119/_h_env_placehold_placehold_placehold_placehold_placehold_placehold_placehold_placehold_placehold_placehold_placehold_placehold_placehold_placehold_placehold_placehold_placehold_placehold_pla/lib --libdir=/home/task_176276925032039/conda-bld/gcc_compilers_1762769297119/_h_env_placehold_placehold_placehold_placehold_placehold_placehold_placehold_placehold_placehold_placehold_placehold_placehold_placehold_placehold_placehold_placehold_placehold_placehold_pla/lib --mandir=/home/task_176276925032039/conda-bld/gcc_compilers_1762769297119/_h_env_placehold_placehold_placehold_placehold_placehold_placehold_placehold_placehold_placehold_placehold_placehold_placehold_placehold_placehold_placehold_placehold_placehold_placehold_pla/man --build=x86_64-conda-linux-gnu --host=x86_64-conda-linux-gnu --target=x86_64-conda-linux-gnu --enable-languages=c c++ fortran objc obj-c++ --enable-__cxa_atexit --disable-libmudflap --enable-libgomp --disable-libssp --enable-libquadmath --enable-libquadmath-support --enable-lto --enable-target-optspace --enable-plugin --enable-gold --disable-nls --disable-multilib --enable-long-long --with-sysroot=/home/task_176276925032039/conda-bld/gcc_compilers_1762769297119/_h_env_placehold_placehold_placehold_placehold_placehold_placehold_placehold_placehold_placehold_placehold_placehold_placehold_placehold_placehold_placehold_placehold_placehold_placehold_pla/x86_64-conda-linux-gnu/sysroot --with-build-sysroot=/home/task_176276925032039/conda-bld/gcc_compilers_1762769297119/work/cf-compilers/x86_64-conda-linux-gnu/sysroot --with-native-system-header-dir=/usr/include --with-gxx-include-dir=/home/task_176276925032039/conda-bld/gcc_compilers_1762769297119/_h_env_placehold_placehold_placehold_placehold_placehold_placehold_placehold_placehold_placehold_placehold_placehold_placehold_placehold_placehold_placehold_placehold_placehold_placehold_pla/lib/gcc/x86_64-conda-linux-gnu/14.3.0/include/c++ --enable-libsanitizer --enable-default-pie --enable-threads=posix]
  ignore line: [Thread model: posix]
  ignore line: [Supported LTO compression algorithms: zlib]
  ignore line: [gcc version 14.3.0 (GCC) ]
  ignore line: [COLLECT_GCC_OPTIONS='-march=nocona' '-mtune=haswell' '-ftree-vectorize' '-fPIC' '-fstack-protector-strong' '-fno-plt' '-O2' '-ffunction-sections' '-pipe' '-isystem' '/home/sophie/miniconda3/include' '-I' '/home/sophie/miniconda3/targets/x86_64-linux/include' '-L/home/sophie/miniconda3/targets/x86_64-linux/lib' '-L/home/sophie/miniconda3/targets/x86_64-linux/lib/stubs' '-v' '-o' 'CMakeFiles/cmTC_d0ae9.dir/CMakeCCompilerABI.c.o' '-c' '-dumpdir' 'CMakeFiles/cmTC_d0ae9.dir/']
  ignore line: [ /home/sophie/miniconda3/bin/../libexec/gcc/x86_64-conda-linux-gnu/14.3.0/cc1 -quiet -v -I /home/sophie/miniconda3/targets/x86_64-linux/include -iprefix /home/sophie/miniconda3/bin/../lib/gcc/x86_64-conda-linux-gnu/14.3.0/ -isysroot /home/sophie/miniconda3/bin/../x86_64-conda-linux-gnu/sysroot -isystem /home/sophie/miniconda3/include /usr/share/cmake-3.22/Modules/CMakeCCompilerABI.c -quiet -dumpdir CMakeFiles/cmTC_d0ae9.dir/ -dumpbase CMakeCCompilerABI.c.c -dumpbase-ext .c -march=nocona -mtune=haswell -O2 -version -ftree-vectorize -fPIC -fstack-protector-strong -fno-plt -ffunction-sections -o - |]
  ignore line: [ /home/sophie/miniconda3/bin/../lib/gcc/x86_64-conda-linux-gnu/14.3.0/../../../../x86_64-conda-linux-gnu/bin/as -v -I /home/sophie/miniconda3/targets/x86_64-linux/include --64 -o CMakeFiles/cmTC_d0ae9.dir/CMakeCCompilerABI.c.o]
  ignore line: [GNU assembler version 2.44 (x86_64-conda-linux-gnu) using BFD version (GNU Binutils) 2.44]
  ignore line: [GNU C17 (GCC) version 14.3.0 (x86_64-conda-linux-gnu)]
  ignore line: [	compiled by GNU C version 14.3.0  GMP version 6.2.1  MPFR version 4.1.0  MPC version 1.2.1  isl version isl-0.24-GMP]
  ignore line: []
  ignore line: [GGC heuristics: --param ggc-min-expand=100 --param ggc-min-heapsize=131072]
  ignore line: [ignoring nonexistent directory "/home/sophie/miniconda3/bin/../lib/gcc/x86_64-conda-linux-gnu/14.3.0/../../../../x86_64-conda-linux-gnu/include"]
  ignore line: [ignoring duplicate directory "/home/sophie/miniconda3/bin/../lib/gcc/../../lib/gcc/x86_64-conda-linux-gnu/14.3.0/include"]
  ignore line: [ignoring nonexistent directory "/home/sophie/miniconda3/bin/../x86_64-conda-linux-gnu/sysroot/usr/local/include"]
  ignore line: [ignoring duplicate directory "/home/sophie/miniconda3/bin/../lib/gcc/../../lib/gcc/x86_64-conda-linux-gnu/14.3.0/include-fixed"]
  ignore line: [ignoring nonexistent directory "/home/sophie/miniconda3/bin/../lib/gcc/../../lib/gcc/x86_64-conda-linux-gnu/14.3.0/../../../../x86_64-conda-linux-gnu/include"]
  ignore line: [#include "..." search starts here:]
  ignore line: [#include <...> search starts here:]
  ignore line: [ /home/sophie/miniconda3/targets/x86_64-linux/include]
  ignore line: [ /home/sophie/miniconda3/include]
  ignore line: [ /home/sophie/miniconda3/bin/../lib/gcc/x86_64-conda-linux-gnu/14.3.0/include]
  ignore line: [ /home/sophie/miniconda3/bin/../lib/gcc/x86_64-conda-linux-gnu/14.3.0/include-fixed]
  ignore line: [ /home/sophie/miniconda3/bin/../x86_64-conda-linux-gnu/sysroot/usr/include]
  ignore line: [End of search list.]
  ignore line: [Compiler executable checksum: ebc34dbb9628d3d457022a3b2aecdf72]
  ignore line: [COMPILER_PATH=/home/sophie/miniconda3/bin/../libexec/gcc/x86_64-conda-linux-gnu/14.3.0/:/home/sophie/miniconda3/bin/../libexec/gcc/:/home/sophie/miniconda3/bin/../lib/gcc/x86_64-conda-linux-gnu/14.3.0/../../../../x86_64-conda-linux-gnu/bin/]
  ignore line: [LIBRARY_PATH=/home/sophie/miniconda3/bin/../lib/gcc/x86_64-conda-linux-gnu/14.3.0/:/home/sophie/miniconda3/bin/../lib/gcc/:/home/sophie/miniconda3/bin/../lib/gcc/x86_64-conda-linux-gnu/14.3.0/../../../../x86_64-conda-linux-gnu/lib/../lib/:/home/sophie/miniconda3/bin/../lib/gcc/x86_64-conda-linux-gnu/14.3.0/../../../../lib/:/home/sophie/miniconda3/bin/../x86_64-conda-linux-gnu/sysroot/lib/../lib/:/home/sophie/miniconda3/bin/../x86_64-conda-linux-gnu/sysroot/usr/lib/../lib/:/home/sophie/miniconda3/bin/../lib/gcc/x86_64-conda-linux-gnu/14.3.0/../../../../x86_64-conda-linux-gnu/lib/:/home/sophie/miniconda3/bin/../lib/gcc/x86_64-conda-linux-gnu/14.3.0/../../../:/home/sophie/miniconda3/bin/../x86_64-conda-linux-gnu/sysroot/lib/:/home/sophie/miniconda3/bin/../x86_64-conda-linux-gnu/sysroot/usr/lib/]
  ignore line: [COLLECT_GCC_OPTIONS='-march=nocona' '-mtune=haswell' '-ftree-vectorize' '-fPIC' '-fstack-protector-strong' '-fno-plt' '-O2' '-ffunction-sections' '-pipe' '-isystem' '/home/sophie/miniconda3/include' '-I' '/home/sophie/miniconda3/targets/x86_64-linux/include' '-L/home/sophie/miniconda3/targets/x86_64-linux/lib' '-L/home/sophie/miniconda3/targets/x86_64-linux/lib/stubs' '-v' '-o' 'CMakeFiles/cmTC_d0ae9.dir/CMakeCCompilerABI.c.o' '-c' '-dumpdir' 'CMakeFiles/cmTC_d0ae9.dir/CMakeCCompilerABI.c.']
  ignore line: [Linking C executable cmTC_d0ae9]
  ignore line: [/usr/bin/cmake -E cmake_link_script CMakeFiles/cmTC_d0ae9.dir/link.txt --verbose=1]
  ignore line: [/home/sophie/miniconda3/bin/x86_64-conda-linux-gnu-cc -march=nocona -mtune=haswell -ftree-vectorize -fPIC -fstack-protector-strong -fno-plt -O2 -ffunction-sections -pipe -isystem /home/sophie/miniconda3/include  -I/home/sophie/miniconda3/targets/x86_64-linux/include  -L/home/sophie/miniconda3/targets/x86_64-linux/lib -L/home/sophie/miniconda3/targets/x86_64-linux/lib/stubs  -Wl -O2 -Wl --sort-common -Wl --as-needed -Wl -z relro -Wl -z now -Wl --disable-new-dtags -Wl --gc-sections -Wl -rpath /home/sophie/miniconda3/lib -Wl -rpath-link /home/sophie/miniconda3/lib -L/home/sophie/miniconda3/lib  -L/home/sophie/miniconda3/targets/x86_64-linux/lib -L/home/sophie/miniconda3/targets/x86_64-linux/lib/stubs -v CMakeFiles/cmTC_d0ae9.dir/CMakeCCompilerABI.c.o -o cmTC_d0ae9 ]
  ignore line: [Reading specs from /home/sophie/miniconda3/bin/../lib/gcc/x86_64-conda-linux-gnu/14.3.0/specs]
  ignore line: [could not find specs file conda.specs]
  ignore line: [COLLECT_GCC=/home/sophie/miniconda3/bin/x86_64-conda-linux-gnu-cc]
  ignore line: [COLLECT_LTO_WRAPPER=/home/sophie/miniconda3/bin/../libexec/gcc/x86_64-conda-linux-gnu/14.3.0/lto-wrapper]
  ignore line: [Target: x86_64-conda-linux-gnu]
  ignore line: [Configured with: ../configure --prefix=/home/task_176276925032039/conda-bld/gcc_compilers_1762769297119/_h_env_placehold_placehold_placehold_placehold_placehold_placehold_placehold_placehold_placehold_placehold_placehold_placehold_placehold_placehold_placehold_placehold_placehold_placehold_pla --with-slibdir=/home/task_176276925032039/conda-bld/gcc_compilers_1762769297119/_h_env_placehold_placehold_placehold_placehold_placehold_placehold_placehold_placehold_placehold_placehold_placehold_placehold_placehold_placehold_placehold_placehold_placehold_placehold_pla/lib --libdir=/home/task_176276925032039/conda-bld/gcc_compilers_1762769297119/_h_env_placehold_placehold_placehold_placehold_placehold_placehold_placehold_placehold_placehold_placehold_placehold_placehold_placehold_placehold_placehold_placehold_placehold_placehold_pla/lib --mandir=/home/task_176276925032039/conda-bld/gcc_compilers_1762769297119/_h_env_placehold_placehold_placehold_placehold_placehold_placehold_placehold_placehold_placehold_placehold_placehold_placehold_placehold_placehold_placehold_placehold_placehold_placehold_pla/man --build=x86_64-conda-linux-gnu --host=x86_64-conda-linux-gnu --target=x86_64-conda-linux-gnu --enable-languages=c c++ fortran objc obj-c++ --enable-__cxa_atexit --disable-libmudflap --enable-libgomp --disable-libssp --enable-libquadmath --enable-libquadmath-support --enable-lto --enable-target-optspace --enable-plugin --enable-gold --disable-nls --disable-multilib --enable-long-long --with-sysroot=/home/task_176276925032039/conda-bld/gcc_compilers_1762769297119/_h_env_placehold_placehold_placehold_placehold_placehold_placehold_placehold_placehold_placehold_placehold_placehold_placehold_placehold_placehold_placehold_placehold_placehold_placehold_pla/x86_64-conda-linux-gnu/sysroot --with-build-sysroot=/home/task_176276925032039/conda-bld/gcc_compilers_1762769297119/work/cf-compilers/x86_64-conda-linux-gnu/sysroot --with-native-system-header-dir=/usr/include --with-gxx-include-dir=/home/task_176276925032039/conda-bld/gcc_compilers_1762769297119/_h_env_placehold_placehold_placehold_placehold_placehold_placehold_placehold_placehold_placehold_placehold_placehold_placehold_placehold_placehold_placehold_placehold_placehold_placehold_pla/lib/gcc/x86_64-conda-linux-gnu/14.3.0/include/c++ --enable-libsanitizer --enable-default-pie --enable-threads=posix]
  ignore line: [Thread model: posix]
  ignore line: [Supported LTO compression algorithms: zlib]
  ignore line: [gcc version 14.3.0 (GCC) ]
  ignore line: [COMPILER_PATH=/home/sophie/miniconda3/bin/../libexec/gcc/x86_64-conda-linux-gnu/14.3.0/:/home/sophie/miniconda3/bin/../libexec/gcc/:/home/sophie/miniconda3/bin/../lib/gcc/x86_64-conda-linux-gnu/14.3.0/../../../../x86_64-conda-linux-gnu/bin/]
  ignore line: [LIBRARY_PATH=/home/sophie/miniconda3/bin/../lib/gcc/x86_64-conda-linux-gnu/14.3.0/:/home/sophie/miniconda3/bin/../lib/gcc/:/home/sophie/miniconda3/bin/../lib/gcc/x86_64-conda-linux-gnu/14.3.0/../../../../x86_64-conda-linux-gnu/lib/../lib/:/home/sophie/miniconda3/bin/../lib/gcc/x86_64-conda-linux-gnu/14.3.0/../../../../lib/:/home/sophie/miniconda3/bin/../x86_64-conda-linux-gnu/sysroot/lib/../lib/:/home/sophie/miniconda3/bin/../x86_64-conda-linux-gnu/sysroot/usr/lib/../lib/:/home/sophie/miniconda3/bin/../lib/gcc/x86_64-conda-linux-gnu/14.3.0/../../../../x86_64-conda-linux-gnu/lib/:/home/sophie/miniconda3/bin/../lib/gcc/x86_64-conda-linux-gnu/14.3.0/../../../:/home/sophie/miniconda3/bin/../x86_64-conda-linux-gnu/sysroot/lib/:/home/sophie/miniconda3/bin/../x86_64-conda-linux-gnu/sysroot/usr/lib/]
  ignore line: [COLLECT_GCC_OPTIONS='-march=nocona' '-mtune=haswell' '-ftree-vectorize' '-fPIC' '-fstack-protector-strong' '-fno-plt' '-O2' '-ffunction-sections' '-pipe' '-isystem' '/home/sophie/miniconda3/include' '-I' '/home/sophie/miniconda3/targets/x86_64-linux/include' '-L/home/sophie/miniconda3/targets/x86_64-linux/lib' '-L/home/sophie/miniconda3/targets/x86_64-linux/lib/stubs' '-L/home/sophie/miniconda3/lib' '-L/home/sophie/miniconda3/targets/x86_64-linux/lib' '-L/home/sophie/miniconda3/targets/x86_64-linux/lib/stubs' '-v' '-o' 'cmTC_d0ae9' '-dumpdir' 'cmTC_d0ae9.']
  link line: [ /home/sophie/miniconda3/bin/../libexec/gcc/x86_64-conda-linux-gnu/14.3.0/collect2 -plugin /home/sophie/miniconda3/bin/../libexec/gcc/x86_64-conda-linux-gnu/14.3.0/liblto_plugin.so -plugin-opt=/home/sophie/miniconda3/bin/../libexec/gcc/x86_64-conda-linux-gnu/14.3.0/lto-wrapper -plugin-opt=-fresolution=/tmp/ccZwFAYu.res -plugin-opt=-pass-through=-lgcc -plugin-opt=-pass-through=-lgcc_s -plugin-opt=-pass-through=-lc -plugin-opt=-pass-through=-lgcc -plugin-opt=-pass-through=-lgcc_s --sysroot=/home/sophie/miniconda3/bin/../x86_64-conda-linux-gnu/sysroot --eh-frame-hdr -m elf_x86_64 -dynamic-linker /lib64/ld-linux-x86-64.so.2 -pie -o cmTC_d0ae9 /home/sophie/miniconda3/bin/../x86_64-conda-linux-gnu/sysroot/usr/lib/../lib/Scrt1.o /home/sophie/miniconda3/bin/../x86_64-conda-linux-gnu/sysroot/usr/lib/../lib/crti.o /home/sophie/miniconda3/bin/../lib/gcc/x86_64-conda-linux-gnu/14.3.0/crtbeginS.o -L/home/sophie/miniconda3/targets/x86_64-linux/lib -L/home/sophie/miniconda3/targets/x86_64-linux/lib/stubs -L/home/sophie/miniconda3/lib -L/home/sophie/miniconda3/targets/x86_64-linux/lib -L/home/sophie/miniconda3/targets/x86_64-linux/lib/stubs -L/home/sophie/miniconda3/bin/../lib/gcc/x86_64-conda-linux-gnu/14.3.0 -L/home/sophie/miniconda3/bin/../lib/gcc -L/home/sophie/miniconda3/bin/../lib/gcc/x86_64-conda-linux-gnu/14.3.0/../../../../x86_64-conda-linux-gnu/lib/../lib -L/home/sophie/miniconda3/bin/../lib/gcc/x86_64-conda-linux-gnu/14.3.0/../../../../lib -L/home/sophie/miniconda3/bin/../x86_64-conda-linux-gnu/sysroot/lib/../lib -L/home/sophie/miniconda3/bin/../x86_64-conda-linux-gnu/sysroot/usr/lib/../lib -L/home/sophie/miniconda3/bin/../lib/gcc/x86_64-conda-linux-gnu/14.3.0/../../../../x86_64-conda-linux-gnu/lib -L/home/sophie/miniconda3/bin/../lib/gcc/x86_64-conda-linux-gnu/14.3.0/../../.. -L/home/sophie/miniconda3/bin/../x86_64-conda-linux-gnu/sysroot/lib -L/home/sophie/miniconda3/bin/../x86_64-conda-linux-gnu/sysroot/usr/lib -O2 --sort-common --as-needed -z relro -z now --disable-new-dtags --gc-sections -rpath /home/sophie/miniconda3/lib -rpath-link /home/sophie/miniconda3/lib CMakeFiles/cmTC_d0ae9.dir/CMakeCCompilerABI.c.o -lgcc --push-state --as-needed -lgcc_s --pop-state -lc -lgcc --push-state --as-needed -lgcc_s --pop-state /home/sophie/miniconda3/bin/../lib/gcc/x86_64-conda-linux-gnu/14.3.0/crtendS.o /home/sophie/miniconda3/bin/../x86_64-conda-linux-gnu/sysroot/usr/lib/../lib/crtn.o -rpath /home/sophie/miniconda3/lib]
    arg [/home/sophie/miniconda3/bin/../libexec/gcc/x86_64-conda-linux-gnu/14.3.0/collect2] ==> ignore
    arg [-plugin] ==> ignore
    arg [/home/sophie/miniconda3/bin/../libexec/gcc/x86_64-conda-linux-gnu/14.3.0/liblto_plugin.so] ==> ignore
    arg [-plugin-opt=/home/sophie/miniconda3/bin/../libexec/gcc/x86_64-conda-linux-gnu/14.3.0/lto-wrapper] ==> ignore
    arg [-plugin-opt=-fresolution=/tmp/ccZwFAYu.res] ==> ignore
    arg [-plugin-opt=-pass-through=-lgcc] ==> ignore
    arg [-plugin-opt=-pass-through=-lgcc_s] ==> ignore
    arg [-plugin-opt=-pass-through=-lc] ==> ignore
    arg [-plugin-opt=-pass-through=-lgcc] ==> ignore
    arg [-plugin-opt=-pass-through=-lgcc_s] ==> ignore
    arg [--sysroot=/home/sophie/miniconda3/bin/../x86_64-conda-linux-gnu/sysroot] ==> ignore
    arg [--eh-frame-hdr] ==> ignore
    arg [-m] ==> ignore
    arg [elf_x86_64] ==> ignore
    arg [-dynamic-linker] ==> ignore
    arg [/lib64/ld-linux-x86-64.so.2] ==> ignore
    arg [-pie] ==> ignore
    arg [-o] ==> ignore
    arg [cmTC_d0ae9] ==> ignore
    arg [/home/sophie/miniconda3/bin/../x86_64-conda-linux-gnu/sysroot/usr/lib/../lib/Scrt1.o] ==> obj [/home/sophie/miniconda3/bin/../x86_64-conda-linux-gnu/sysroot/usr/lib/../lib/Scrt1.o]
    arg [/home/sophie/miniconda3/bin/../x86_64-conda-linux-gnu/sysroot/usr/lib/../lib/crti.o] ==> obj [/home/sophie/miniconda3/bin/../x86_64-conda-linux-gnu/sysroot/usr/lib/../lib/crti.o]
    arg [/home/sophie/miniconda3/bin/../lib/gcc/x86_64-conda-linux-gnu/14.3.0/crtbeginS.o] ==> obj [/home/sophie/miniconda3/bin/../lib/gcc/x86_64-conda-linux-gnu/14.3.0/crtbeginS.o]
    arg [-L/home/sophie/miniconda3/targets/x86_64-linux/lib] ==> dir [/home/sophie/miniconda3/targets/x86_64-linux/lib]
    arg [-L/home/sophie/miniconda3/targets/x86_64-linux/lib/stubs] ==> dir [/home/sophie/miniconda3/targets/x86_64-linux/lib/stubs]
    arg [-L/home/sophie/miniconda3/lib] ==> dir [/home/sophie/miniconda3/lib]
    arg [-L/home/sophie/miniconda3/targets/x86_64-linux/lib] ==> dir [/home/sophie/miniconda3/targets/x86_64-linux/lib]
    arg [-L/home/sophie/miniconda3/targets/x86_64-linux/lib/stubs] ==> dir [/home/sophie/miniconda3/targets/x86_64-linux/lib/stubs]
    arg [-L/home/sophie/miniconda3/bin/../lib/gcc/x86_64-conda-linux-gnu/14.3.0] ==> dir [/home/sophie/miniconda3/bin/../lib/gcc/x86_64-conda-linux-gnu/14.3.0]
    arg [-L/home/sophie/miniconda3/bin/../lib/gcc] ==> dir [/home/sophie/miniconda3/bin/../lib/gcc]
    arg [-L/home/sophie/miniconda3/bin/../lib/gcc/x86_64-conda-linux-gnu/14.3.0/../../../../x86_64-conda-linux-gnu/lib/../lib] ==> dir [/home/sophie/miniconda3/bin/../lib/gcc/x86_64-conda-linux-gnu/14.3.0/../../../../x86_64-conda-linux-gnu/lib/../lib]
    arg [-L/home/sophie/miniconda3/bin/../lib/gcc/x86_64-conda-linux-gnu/14.3.0/../../../../lib] ==> dir [/home/sophie/miniconda3/bin/../lib/gcc/x86_64-conda-linux-gnu/14.3.0/../../../../lib]
    arg [-L/home/sophie/miniconda3/bin/../x86_64-conda-linux-gnu/sysroot/lib/../lib] ==> dir [/home/sophie/miniconda3/bin/../x86_64-conda-linux-gnu/sysroot/lib/../lib]
    arg [-L/home/sophie/miniconda3/bin/../x86_64-conda-linux-gnu/sysroot/usr/lib/../lib] ==> dir [/home/sophie/miniconda3/bin/../x86_64-conda-linux-gnu/sysroot/usr/lib/../lib]
    arg [-L/home/sophie/miniconda3/bin/../lib/gcc/x86_64-conda-linux-gnu/14.3.0/../../../../x86_64-conda-linux-gnu/lib] ==> dir [/home/sophie/miniconda3/bin/../lib/gcc/x86_64-conda-linux-gnu/14.3.0/../../../../x86_64-conda-linux-gnu/lib]
    arg [-L/home/sophie/miniconda3/bin/../lib/gcc/x86_64-conda-linux-gnu/14.3.0/../../..] ==> dir [/home/sophie/miniconda3/bin/../lib/gcc/x86_64-conda-linux-gnu/14.3.0/../../..]
    arg [-L/home/sophie/miniconda3/bin/../x86_64-conda-linux-gnu/sysroot/lib] ==> dir [/home/sophie/miniconda3/bin/../x86_64-conda-linux-gnu/sysroot/lib]
    arg [-L/home/sophie/miniconda3/bin/../x86_64-conda-linux-gnu/sysroot/usr/lib] ==> dir [/home/sophie/miniconda3/bin/../x86_64-conda-linux-gnu/sysroot/usr/lib]
    arg [-O2] ==> ignore
    arg [--sort-common] ==> ignore
    arg [--as-needed] ==> ignore
    arg [-zrelro] ==> ignore
    arg [-znow] ==> ignore
    arg [--disable-new-dtags] ==> ignore
    arg [--gc-sections] ==> ignore
    arg [-rpath] ==> ignore
    arg [/home/sophie/miniconda3/lib] ==> ignore
    arg [-rpath-link] ==> ignore
    arg [/home/sophie/miniconda3/lib] ==> ignore
    arg [CMakeFiles/cmTC_d0ae9.dir/CMakeCCompilerABI.c.o] ==> ignore
    arg [-lgcc] ==> lib [gcc]
    arg [--push-state] ==> ignore
    arg [--as-needed] ==> ignore
    arg [-lgcc_s] ==> lib [gcc_s]
    arg [--pop-state] ==> ignore
    arg [-lc] ==> lib [c]
    arg [-lgcc] ==> lib [gcc]
    arg [--push-state] ==> ignore
    arg [--as-needed] ==> ignore
    arg [-lgcc_s] ==> lib [gcc_s]
    arg [--pop-state] ==> ignore
    arg [/home/sophie/miniconda3/bin/../lib/gcc/x86_64-conda-linux-gnu/14.3.0/crtendS.o] ==> obj [/home/sophie/miniconda3/bin/../lib/gcc/x86_64-conda-linux-gnu/14.3.0/crtendS.o]
    arg [/home/sophie/miniconda3/bin/../x86_64-conda-linux-gnu/sysroot/usr/lib/../lib/crtn.o] ==> obj [/home/sophie/miniconda3/bin/../x86_64-conda-linux-gnu/sysroot/usr/lib/../lib/crtn.o]
    arg [-rpath] ==> ignore
    arg [/home/sophie/miniconda3/lib] ==> ignore
  collapse obj [/home/sophie/miniconda3/bin/../x86_64-conda-linux-gnu/sysroot/usr/lib/../lib/Scrt1.o] ==> [/home/sophie/miniconda3/x86_64-conda-linux-gnu/sysroot/usr/lib/Scrt1.o]
  collapse obj [/home/sophie/miniconda3/bin/../x86_64-conda-linux-gnu/sysroot/usr/lib/../lib/crti.o] ==> [/home/sophie/miniconda3/x86_64-conda-linux-gnu/sysroot/usr/lib/crti.o]
  collapse obj [/home/sophie/miniconda3/bin/../lib/gcc/x86_64-conda-linux-gnu/14.3.0/crtbeginS.o] ==> [/home/sophie/miniconda3/lib/gcc/x86_64-conda-linux-gnu/14.3.0/crtbeginS.o]
  collapse obj [/home/sophie/miniconda3/bin/../lib/gcc/x86_64-conda-linux-gnu/14.3.0/crtendS.o] ==> [/home/sophie/miniconda3/lib/gcc/x86_64-conda-linux-gnu/14.3.0/crtendS.o]
  collapse obj [/home/sophie/miniconda3/bin/../x86_64-conda-linux-gnu/sysroot/usr/lib/../lib/crtn.o] ==> [/home/sophie/miniconda3/x86_64-conda-linux-gnu/sysroot/usr/lib/crtn.o]
  collapse library dir [/home/sophie/miniconda3/targets/x86_64-linux/lib] ==> [/home/sophie/miniconda3/targets/x86_64-linux/lib]
  collapse library dir [/home/sophie/miniconda3/targets/x86_64-linux/lib/stubs] ==> [/home/sophie/miniconda3/targets/x86_64-linux/lib/stubs]
  collapse library dir [/home/sophie/miniconda3/lib] ==> [/home/sophie/miniconda3/lib]
  collapse library dir [/home/sophie/miniconda3/targets/x86_64-linux/lib] ==> [/home/sophie/miniconda3/targets/x86_64-linux/lib]
  collapse library dir [/home/sophie/miniconda3/targets/x86_64-linux/lib/stubs] ==> [/home/sophie/miniconda3/targets/x86_64-linux/lib/stubs]
  collapse library dir [/home/sophie/miniconda3/bin/../lib/gcc/x86_64-conda-linux-gnu/14.3.0] ==> [/home/sophie/miniconda3/lib/gcc/x86_64-conda-linux-gnu/14.3.0]
  collapse library dir [/home/sophie/miniconda3/bin/../lib/gcc] ==> [/home/sophie/miniconda3/lib/gcc]
  collapse library dir [/home/sophie/miniconda3/bin/../lib/gcc/x86_64-conda-linux-gnu/14.3.0/../../../../x86_64-conda-linux-gnu/lib/../lib] ==> [/home/sophie/miniconda3/x86_64-conda-linux-gnu/lib]
  collapse library dir [/home/sophie/miniconda3/bin/../lib/gcc/x86_64-conda-linux-gnu/14.3.0/../../../../lib] ==> [/home/sophie/miniconda3/lib]
  collapse library dir [/home/sophie/miniconda3/bin/../x86_64-conda-linux-gnu/sysroot/lib/../lib] ==> [/home/sophie/miniconda3/x86_64-conda-linux-gnu/sysroot/lib]
  collapse library dir [/home/sophie/miniconda3/bin/../x86_64-conda-linux-gnu/sysroot/usr/lib/../lib] ==> [/home/sophie/miniconda3/x86_64-conda-linux-gnu/sysroot/usr/lib]
  collapse library dir [/home/sophie/miniconda3/bin/../lib/gcc/x86_64-conda-linux-gnu/14.3.0/../../../../x86_64-conda-linux-gnu/lib] ==> [/home/sophie/miniconda3/x86_64-conda-linux-gnu/lib]
  collapse library dir [/home/sophie/miniconda3/bin/../lib/gcc/x86_64-conda-linux-gnu/14.3.0/../../..] ==> [/home/sophie/miniconda3/lib]
  collapse library dir [/home/sophie/miniconda3/bin/../x86_64-conda-linux-gnu/sysroot/lib] ==> [/home/sophie/miniconda3/x86_64-conda-linux-gnu/sysroot/lib]
  collapse library dir [/home/sophie/miniconda3/bin/../x86_64-conda-linux-gnu/sysroot/usr/lib] ==> [/home/sophie/miniconda3/x86_64-conda-linux-gnu/sysroot/usr/lib]
  implicit libs: [gcc;gcc_s;c;gcc;gcc_s]
  implicit objs: [/home/sophie/miniconda3/x86_64-conda-linux-gnu/sysroot/usr/lib/Scrt1.o;/home/sophie/miniconda3/x86_64-conda-linux-gnu/sysroot/usr/lib/crti.o;/home/sophie/miniconda3/lib/gcc/x86_64-conda-linux-gnu/14.3.0/crtbeginS.o;/home/sophie/miniconda3/lib/gcc/x86_64-conda-linux-gnu/14.3.0/crtendS.o;/home/sophie/miniconda3/x86_64-conda-linux-gnu/sysroot/usr/lib/crtn.o]
  implicit dirs: [/home/sophie/miniconda3/targets/x86_64-linux/lib;/home/sophie/miniconda3/targets/x86_64-linux/lib/stubs;/home/sophie/miniconda3/lib;/home/sophie/miniconda3/lib/gcc/x86_64-conda-linux-gnu/14.3.0;/home/sophie/miniconda3/lib/gcc;/home/sophie/miniconda3/x86_64-conda-linux-gnu/lib;/home/sophie/miniconda3/x86_64-conda-linux-gnu/sysroot/lib;/home/sophie/miniconda3/x86_64-conda-linux-gnu/sysroot/usr/lib]
  implicit fwks: []


Detecting CXX compiler ABI info compiled with the following output:
Change Dir: /home/sophie/isaac_lab/isaac_ws/rl_code/soarm100sim/ros2/build/soarm100_interfaces/CMakeFiles/CMakeTmp

Run Build Command(s):/usr/bin/gmake -f Makefile cmTC_f748c/fast && /usr/bin/gmake  -f CMakeFiles/cmTC_f748c.dir/build.make CMakeFiles/cmTC_f748c.dir/build
gmake[1]: Entering directory '/home/sophie/isaac_lab/isaac_ws/rl_code/soarm100sim/ros2/build/soarm100_interfaces/CMakeFiles/CMakeTmp'
Building CXX object CMakeFiles/cmTC_f748c.dir/CMakeCXXCompilerABI.cpp.o
/home/sophie/miniconda3/bin/x86_64-conda-linux-gnu-c++   -fvisibility-inlines-hidden -fmessage-length=0 -march=nocona -mtune=haswell -ftree-vectorize -fPIC -fstack-protector-strong -fno-plt -O2 -ffunction-sections -pipe -isystem /home/sophie/miniconda3/include  -I/home/sophie/miniconda3/targets/x86_64-linux/include  -L/home/sophie/miniconda3/targets/x86_64-linux/lib -L/home/sophie/miniconda3/targets/x86_64-linux/lib/stubs    -v -o CMakeFiles/cmTC_f748c.dir/CMakeCXXCompilerABI.cpp.o -c /usr/share/cmake-3.22/Modules/CMakeCXXCompilerABI.cpp
Reading specs from /home/sophie/miniconda3/bin/../lib/gcc/x86_64-conda-linux-gnu/14.3.0/specs
could not find specs file conda.specs
COLLECT_GCC=/home/sophie/miniconda3/bin/x86_64-conda-linux-gnu-c++
Target: x86_64-conda-linux-gnu
Configured with: ../configure --prefix=/home/task_176276925032039/conda-bld/gcc_compilers_1762769297119/_h_env_placehold_placehold_placehold_placehold_placehold_placehold_placehold_placehold_placehold_placehold_placehold_placehold_placehold_placehold_placehold_placehold_placehold_placehold_pla --with-slibdir=/home/task_176276925032039/conda-bld/gcc_compilers_1762769297119/_h_env_placehold_placehold_placehold_placehold_placehold_placehold_placehold_placehold_placehold_placehold_placehold_placehold_placehold_placehold_placehold_placehold_placehold_placehold_pla/lib --libdir=/home/task_176276925032039/conda-bld/gcc_compilers_1762769297119/_h_env_placehold_placehold_placehold_placehold_placehold_placehold_placehold_placehold_placehold_placehold_placehold_placehold_placehold_placehold_placehold_placehold_placehold_placehold_pla/lib --mandir=/home/task_176276925032039/conda-bld/gcc_compilers_1762769297119/_h_env_placehold_placehold_placehold_placehold_placehold_placehold_placehold_placehold_placehold_placehold_placehold_placehold_placehold_placehold_placehold_placehold_placehold_placehold_pla/man --build=x86_64-conda-linux-gnu --host=x86_64-conda-linux-gnu --target=x86_64-conda-linux-gnu --enable-languages=c,c++,fortran,objc,obj-c++ --enable-__cxa_atexit --disable-libmudflap --enable-libgomp --disable-libssp --enable-libquadmath --enable-libquadmath-support --enable-lto --enable-target-optspace --enable-plugin --enable-gold --disable-nls --disable-multilib --enable-long-long --with-sysroot=/home/task_176276925032039/conda-bld/gcc_compilers_1762769297119/_h_env_placehold_placehold_placehold_placehold_placehold_placehold_placehold_placehold_placehold_placehold_placehold_placehold_placehold_placehold_placehold_placehold_placehold_placehold_pla/x86_64-conda-linux-gnu/sysroot --with-build-sysroot=/home/task_176276925032039/conda-bld/gcc_compilers_1762769297119/work/cf-compilers/x86_64-conda-linux-gnu/sysroot --with-native-system-header-dir=/usr/include --with-gxx-include-dir=/home/task_176276925032039/conda-bld/gcc_compilers_1762769297119/_h_env_placehold_placehold_placehold_placehold_placehold_placehold_placehold_placehold_placehold_placehold_placehold_placehold_placehold_placehold_placehold_placehold_placehold_placehold_pla/lib/gcc/x86_64-conda-linux-gnu/14.3.0/include/c++ --enable-libsanitizer --enable-default-pie --enable-threads=posix
Thread model: posix
Supported LTO compression algorithms: zlib
gcc version 14.3.0 (GCC) 
COLLECT_GCC_OPTIONS='-fvisibility-inlines-hidden' '-fmessage-length=0' '-march=nocona' '-mtune=haswell' '-ftree-vectorize' '-fPIC' '-fstack-protector-strong' '-fno-plt' '-O2' '-ffunction-sections' '-pipe' '-isystem' '/home/sophie/miniconda3/include' '-I' '/home/sophie/miniconda3/targets/x86_64-linux/include' '-L/home/sophie/miniconda3/targets/x86_64-linux/lib' '-L/home/sophie/miniconda3/targets/x86_64-linux/lib/stubs' '-v' '-o' 'CMakeFiles/cmTC_f748c.dir/CMakeCXXCompilerABI.cpp.o' '-c' '-shared-libgcc' '-dumpdir' 'CMakeFiles/cmTC_f748c.dir/'
 /home/sophie/miniconda3/bin/../libexec/gcc/x86_64-conda-linux-gnu/14.3.0/cc1plus -quiet -v -I /home/sophie/miniconda3/targets/x86_64-linux/include -iprefix /home/sophie/miniconda3/bin/../lib/gcc/x86_64-conda-linux-gnu/14.3.0/ -isysroot /home/sophie/miniconda3/bin/../x86_64-conda-linux-gnu/sysroot -D_GNU_SOURCE -isystem /home/sophie/miniconda3/include /usr/share/cmake-3.22/Modules/CMakeCXXCompilerABI.cpp -quiet -dumpdir CMakeFiles/cmTC_f748c.dir/ -dumpbase CMakeCXXCompilerABI.cpp.cpp -dumpbase-ext .cpp -march=nocona -mtune=haswell -O2 -version -fvisibility-inlines-hidden -fmessage-length=0 -ftree-vectorize -fPIC -fstack-protector-strong -fno-plt -ffunction-sections -o - |
 /home/sophie/miniconda3/bin/../lib/gcc/x86_64-conda-linux-gnu/14.3.0/../../../../x86_64-conda-linux-gnu/bin/as -v -I /home/sophie/miniconda3/targets/x86_64-linux/include --64 -o CMakeFiles/cmTC_f748c.dir/CMakeCXXCompilerABI.cpp.o
GNU assembler version 2.44 (x86_64-conda-linux-gnu) using BFD version (GNU Binutils) 2.44
GNU C++17 (GCC) version 14.3.0 (x86_64-conda-linux-gnu)
	compiled by GNU C version 14.3.0, GMP version 6.2.1, MPFR version 4.1.0, MPC version 1.2.1, isl version isl-0.24-GMP

GGC heuristics: --param ggc-min-expand=100 --param ggc-min-heapsize=131072
ignoring nonexistent directory "/home/sophie/miniconda3/bin/../lib/gcc/x86_64-conda-linux-gnu/14.3.0/../../../../x86_64-conda-linux-gnu/include"
ignoring duplicate directory "/home/sophie/miniconda3/bin/../lib/gcc/../../lib/gcc/x86_64-conda-linux-gnu/14.3.0/include/c++"
ignoring duplicate directory "/home/sophie/miniconda3/bin/../lib/gcc/../../lib/gcc/x86_64-conda-linux-gnu/14.3.0/include/c++/x86_64-conda-linux-gnu"
ignoring duplicate directory "/home/sophie/miniconda3/bin/../lib/gcc/../../lib/gcc/x86_64-conda-linux-gnu/14.3.0/include/c++/backward"
ignoring duplicate directory "/home/sophie/miniconda3/bin/../lib/gcc/../../lib/gcc/x86_64-conda-linux-gnu/14.3.0/include"
ignoring nonexistent directory "/home/sophie/miniconda3/bin/../x86_64-conda-linux-gnu/sysroot/usr/local/include"
ignoring duplicate directory "/home/sophie/miniconda3/bin/../lib/gcc/../../lib/gcc/x86_64-conda-linux-gnu/14.3.0/include-fixed"
ignoring nonexistent directory "/home/sophie/miniconda3/bin/../lib/gcc/../../lib/gcc/x86_64-conda-linux-gnu/14.3.0/../../../../x86_64-conda-linux-gnu/include"
#include "..." search starts here:
#include <...> search starts here:
 /home/sophie/miniconda3/targets/x86_64-linux/include
 /home/sophie/miniconda3/include
 /home/sophie/miniconda3/bin/../lib/gcc/x86_64-conda-linux-gnu/14.3.0/include/c++
 /home/sophie/miniconda3/bin/../lib/gcc/x86_64-conda-linux-gnu/14.3.0/include/c++/x86_64-conda-linux-gnu
 /home/sophie/miniconda3/bin/../lib/gcc/x86_64-conda-linux-gnu/14.3.0/include/c++/backward
 /home/sophie/miniconda3/bin/../lib/gcc/x86_64-conda-linux-gnu/14.3.0/include
 /home/sophie/miniconda3/bin/../lib/gcc/x86_64-conda-linux-gnu/14.3.0/include-fixed
 /home/sophie/miniconda3/bin/../x86_64-conda-linux-gnu/sysroot/usr/include
End of search list.
Compiler executable checksum: 78c9694a93ff9860a3920c63aa21f072
COMPILER_PATH=/home/sophie/miniconda3/bin/../libexec/gcc/x86_64-conda-linux-gnu/14.3.0/:/home/sophie/miniconda3/bin/../libexec/gcc/:/home/sophie/miniconda3/bin/../lib/gcc/x86_64-conda-linux-gnu/14.3.0/../../../../x86_64-conda-linux-gnu/bin/
LIBRARY_PATH=/home/sophie/miniconda3/bin/../lib/gcc/x86_64-conda-linux-gnu/14.3.0/:/home/sophie/miniconda3/bin/../lib/gcc/:/home/sophie/miniconda3/bin/../lib/gcc/x86_64-conda-linux-gnu/14.3.0/../../../../x86_64-conda-linux-gnu/lib/../lib/:/home/sophie/miniconda3/bin/../lib/gcc/x86_64-conda-linux-gnu/14.3.0/../../../../lib/:/home/sophie/miniconda3/bin/../x86_64-conda-linux-gnu/sysroot/lib/../lib/:/home/sophie/miniconda3/bin/../x86_64-conda-linux-gnu/sysroot/usr/lib/../lib/:/home/sophie/miniconda3/bin/../lib/gcc/x86_64-conda-linux-gnu/14.3.0/../../../../x86_64-conda-linux-gnu/lib/:/home/sophie/miniconda3/bin/../lib/gcc/x86_64-conda-linux-gnu/14.3.0/../../../:/home/sophie/miniconda3/bin/../x86_64-conda-linux-gnu/sysroot/lib/:/home/sophie/miniconda3/bin/../x86_64-conda-linux-gnu/sysroot/usr/lib/
COLLECT_GCC_OPTIONS='-fvisibility-inlines-hidden' '-fmessage-length=0' '-march=nocona' '-mtune=haswell' '-ftree-vectorize' '-fPIC' '-fstack-protector-strong' '-fno-plt' '-O2' '-ffunction-sections' '-pipe' '-isystem' '/home/sophie/miniconda3/include' '-I' '/home/sophie/miniconda3/targets/x86_64-linux/include' '-L/home/sophie/miniconda3/targets/x86_64-linux/lib' '-L/home/sophie/miniconda3/targets/x86_64-linux/lib/stubs' '-v' '-o' 'CMakeFiles/cmTC_f748c.dir/CMakeCXXCompilerABI.cpp.o' '-c' '-shared-libgcc' '-dumpdir' 'CMakeFiles/cmTC_f748c.dir/CMakeCXXCompilerABI.cpp.'
Linking CXX executable cmTC_f748c
/usr/bin/cmake -E cmake_link_script CMakeFiles/cmTC_f748c.dir/link.txt --verbose=1
/home/sophie/miniconda3/bin/x86_64-conda-linux-gnu-c++ -fvisibility-inlines-hidden -fmessage-length=0 -march=nocona -mtune=haswell -ftree-vectorize -fPIC -fstack-protector-strong -fno-plt -O2 -ffunction-sections -pipe -isystem /home/sophie/miniconda3/include  -I/home/sophie/miniconda3/targets/x86_64-linux/include  -L/home/sophie/miniconda3/targets/x86_64-linux/lib -L/home/sophie/miniconda3/targets/x86_64-linux/lib/stubs  -Wl,-O2 -Wl,--sort-common -Wl,--as-needed -Wl,-z,relro -Wl,-z,now -Wl,--disable-new-dtags -Wl,--gc-sections -Wl,-rpath,/home/sophie/miniconda3/lib -Wl,-rpath-link,/home/sophie/miniconda3/lib -L/home/sophie/miniconda3/lib  -L/home/sophie/miniconda3/targets/x86_64-linux/lib -L/home/sophie/miniconda3/targets/x86_64-linux/lib/stubs -v CMakeFiles/cmTC_f748c.dir/CMakeCXXCompilerABI.cpp.o -o cmTC_f748c 
Reading specs from /home/sophie/miniconda3/bin/../lib/gcc/x86_64-conda-linux-gnu/14.3.0/specs
could not find specs file conda.specs
COLLECT_GCC=/home/sophie/miniconda3/bin/x86_64-conda-linux-gnu-c++
COLLECT_LTO_WRAPPER=/home/sophie/miniconda3/bin/../libexec/gcc/x86_64-conda-linux-gnu/14.3.0/lto-wrapper
Target: x86_64-conda-linux-gnu
Configured with: ../configure --prefix=/home/task_176276925032039/conda-bld/gcc_compilers_1762769297119/_h_env_placehold_placehold_placehold_placehold_placehold_placehold_placehold_placehold_placehold_placehold_placehold_placehold_placehold_placehold_placehold_placehold_placehold_placehold_pla --with-slibdir=/home/task_176276925032039/conda-bld/gcc_compilers_1762769297119/_h_env_placehold_placehold_placehold_placehold_placehold_placehold_placehold_placehold_placehold_placehold_placehold_placehold_placehold_placehold_placehold_placehold_placehold_placehold_pla/lib --libdir=/home/task_176276925032039/conda-bld/gcc_compilers_1762769297119/_h_env_placehold_placehold_placehold_placehold_placehold_placehold_placehold_placehold_placehold_placehold_placehold_placehold_placehold_placehold_placehold_placehold_placehold_placehold_pla/lib --mandir=/home/task_176276925032039/conda-bld/gcc_compilers_1762769297119/_h_env_placehold_placehold_placehold_placehold_placehold_placehold_placehold_placehold_placehold_placehold_placehold_placehold_placehold_placehold_placehold_placehold_placehold_placehold_pla/man --build=x86_64-conda-linux-gnu --host=x86_64-conda-linux-gnu --target=x86_64-conda-linux-gnu --enable-languages=c,c++,fortran,objc,obj-c++ --enable-__cxa_atexit --disable-libmudflap --enable-libgomp --disable-libssp --enable-libquadmath --enable-libquadmath-support --enable-lto --enable-target-optspace --enable-plugin --enable-gold --disable-nls --disable-multilib --enable-long-long --with-sysroot=/home/task_176276925032039/conda-bld/gcc_compilers_1762769297119/_h_env_placehold_placehold_placehold_placehold_placehold_placehold_placehold_placehold_placehold_placehold_placehold_placehold_placehold_placehold_placehold_placehold_placehold_placehold_pla/x86_64-conda-linux-gnu/sysroot --with-build-sysroot=/home/task_176276925032039/conda-bld/gcc_compilers_1762769297119/work/cf-compilers/x86_64-conda-linux-gnu/sysroot --with-native-system-header-dir=/usr/include --with-gxx-include-dir=/home/task_176276925032039/conda-bld/gcc_compilers_1762769297119/_h_env_placehold_placehold_placehold_placehold_placehold_placehold_placehold_placehold_placehold_placehold_placehold_placehold_placehold_placehold_placehold_placehold_placehold_placehold_pla/lib/gcc/x86_64-conda-linux-gnu/14.3.0/include/c++ --enable-libsanitizer --enable-default-pie --enable-threads=posix
Thread model: posix
Supported LTO compression algorithms: zlib
gcc version 14.3.0 (GCC) 
COMPILER_PATH=/home/sophie/miniconda3/bin/../libexec/gcc/x86_64-conda-linux-gnu/14.3.0/:/home/sophie/miniconda3/bin/../libexec/gcc/:/home/sophie/miniconda3/bin/../lib/gcc/x86_64-conda-linux-gnu/14.3.0/../../../../x86_64-conda-linux-gnu/bin/
LIBRARY_PATH=/home/sophie/miniconda3/bin/../lib/gcc/x86_64-conda-linux-gnu/14.3.0/:/home/sophie/miniconda3/bin/../lib/gcc/:/home/sophie/miniconda3/bin/../lib/gcc/x86_64-conda-linux-gnu/14.3.0/../../../../x86_64-conda-linux-gnu/lib/../lib/:/home/sophie/miniconda3/bin/../lib/gcc/x86_64-conda-linux-gnu/14.3.0/../../../../lib/:/home/sophie/miniconda3/bin/../x86_64-conda-linux-gnu/sysroot/lib/../lib/:/home/sophie/miniconda3/bin/../x86_64-conda-linux-gnu/sysroot/usr/lib/../lib/:/home/sophie/miniconda3/bin/../lib/gcc/x86_64-conda-linux-gnu/14.3.0/../../../../x86_64-conda-linux-gnu/lib/:/home/sophie/miniconda3/bin/../lib/gcc/x86_64-conda-linux-gnu/14.3.0/../../../:/home/sophie/miniconda3/bin/../x86_64-conda-linux-gnu/sysroot/lib/:/home/sophie/miniconda3/bin/../x86_64-conda-linux-gnu/sysroot/usr/lib/
COLLECT_GCC_OPTIONS='-fvisibility-inlines-hidden' '-fmessage-length=0' '-march=nocona' '-mtune=haswell' '-ftree-vectorize' '-fPIC' '-fstack-protector-strong' '-fno-plt' '-O2' '-ffunction-sections' '-pipe' '-isystem' '/home/sophie/miniconda3/include' '-I' '/home/sophie/miniconda3/targets/x86_64-linux/include' '-L/home/sophie/miniconda3/targets/x86_64-linux/lib' '-L/home/sophie/miniconda3/targets/x86_64-linux/lib/stubs' '-L/home/sophie/miniconda3/lib' '-L/home/sophie/miniconda3/targets/x86_64-linux/lib' '-L/home/sophie/miniconda3/targets/x86_64-linux/lib/stubs' '-v' '-o' 'cmTC_f748c' '-shared-libgcc' '-dumpdir' 'cmTC_f748c.'
 /home/sophie/miniconda3/bin/../libexec/gcc/x86_64-conda-linux-gnu/14.3.0/collect2 -plugin /home/sophie/miniconda3/bin/../libexec/gcc/x86_64-conda-linux-gnu/14.3.0/liblto_plugin.so -plugin-opt=/home/sophie/miniconda3/bin/../libexec/gcc/x86_64-conda-linux-gnu/14.3.0/lto-wrapper -plugin-opt=-fresolution=/tmp/ccqEwO9V.res -plugin-opt=-pass-through=-lgcc_s -plugin-opt=-pass-through=-lgcc -plugin-opt=-pass-through=-lc -plugin-opt=-pass-through=-lgcc_s -plugin-opt=-pass-through=-lgcc --sysroot=/home/sophie/miniconda3/bin/../x86_64-conda-linux-gnu/sysroot --eh-frame-hdr -m elf_x86_64 -dynamic-linker /lib64/ld-linux-x86-64.so.2 -pie -o cmTC_f748c /home/sophie/miniconda3/bin/../x86_64-conda-linux-gnu/sysroot/usr/lib/../lib/Scrt1.o /home/sophie/miniconda3/bin/../x86_64-conda-linux-gnu/sysroot/usr/lib/../lib/crti.o /home/sophie/miniconda3/bin/../lib/gcc/x86_64-conda-linux-gnu/14.3.0/crtbeginS.o -L/home/sophie/miniconda3/targets/x86_64-linux/lib -L/home/sophie/miniconda3/targets/x86_64-linux/lib/stubs -L/home/sophie/miniconda3/lib -L/home/sophie/miniconda3/targets/x86_64-linux/lib -L/home/sophie/miniconda3/targets/x86_64-linux/lib/stubs -L/home/sophie/miniconda3/bin/../lib/gcc/x86_64-conda-linux-gnu/14.3.0 -L/home/sophie/miniconda3/bin/../lib/gcc -L/home/sophie/miniconda3/bin/../lib/gcc/x86_64-conda-linux-gnu/14.3.0/../../../../x86_64-conda-linux-gnu/lib/../lib -L/home/sophie/miniconda3/bin/../lib/gcc/x86_64-conda-linux-gnu/14.3.0/../../../../lib -L/home/sophie/miniconda3/bin/../x86_64-conda-linux-gnu/sysroot/lib/../lib -L/home/sophie/miniconda3/bin/../x86_64-conda-linux-gnu/sysroot/usr/lib/../lib -L/home/sophie/miniconda3/bin/../lib/gcc/x86_64-conda-linux-gnu/14.3.0/../../../../x86_64-conda-linux-gnu/lib -L/home/sophie/miniconda3/bin/../lib/gcc/x86_64-conda-linux-gnu/14.3.0/../../.. -L/home/sophie/miniconda3/bin/../x86_64-conda-linux-gnu/sysroot/lib -L/home/sophie/miniconda3/bin/../x86_64-conda-linux-gnu/sysroot/usr/lib -O2 --sort-common --as-needed -z relro -z now --disable-new-dtags --gc-sections -rpath /home/sophie/miniconda3/lib -rpath-link /home/sophie/miniconda3/lib CMakeFiles/cmTC_f748c.dir/CMakeCXXCompilerABI.cpp.o -lstdc++ -lm -lgcc_s -lgcc -lc -lgcc_s -lgcc /home/sophie/miniconda3/bin/../lib/gcc/x86_64-conda-linux-gnu/14.3.0/crtendS.o /home/sophie/miniconda3/bin/../x86_64-conda-linux-gnu/sysroot/usr/lib/../lib/crtn.o -rpath /home/sophie/miniconda3/lib
COLLECT_GCC_OPTIONS='-fvisibility-inlines-hidden' '-fmessage-length=0' '-march=nocona' '-mtune=haswell' '-ftree-vectorize' '-fPIC' '-fstack-protector-strong' '-fno-plt' '-O2' '-ffunction-sections' '-pipe' '-isystem' '/home/sophie/miniconda3/include' '-I' '/home/sophie/miniconda3/targets/x86_64-linux/include' '-L/home/sophie/miniconda3/targets/x86_64-linux/lib' '-L/home/sophie/miniconda3/targets/x86_64-linux/lib/stubs' '-L/home/sophie/miniconda3/lib' '-L/home/sophie/miniconda3/targets/x86_64-linux/lib' '-L/home/sophie/miniconda3/targets/x86_64-linux/lib/stubs' '-v' '-o' 'cmTC_f748c' '-shared-libgcc' '-dumpdir' 'cmTC_f748c.'
gmake[1]: Leaving directory '/home/sophie/isaac_lab/isaac_ws/rl_code/soarm100sim/ros2/build/soarm100_interfaces/CMakeFiles/CMakeTmp'



Parsed CXX implicit include dir info from above output: rv=done
  found start of include info
  found start of implicit include info
    add: [/home/sophie/miniconda3/targets/x86_64-linux/include]
    add: [/home/sophie/miniconda3/include]
    add: [/home/sophie/miniconda3/bin/../lib/gcc/x86_64-conda-linux-gnu/14.3.0/include/c++]
    add: [/home/sophie/miniconda3/bin/../lib/gcc/x86_64-conda-linux-gnu/14.3.0/include/c++/x86_64-conda-linux-gnu]
    add: [/home/sophie/miniconda3/bin/../lib/gcc/x86_64-conda-linux-gnu/14.3.0/include/c++/backward]
    add: [/home/sophie/miniconda3/bin/../lib/gcc/x86_64-conda-linux-gnu/14.3.0/include]
    add: [/home/sophie/miniconda3/bin/../lib/gcc/x86_64-conda-linux-gnu/14.3.0/include-fixed]
    add: [/home/sophie/miniconda3/bin/../x86_64-conda-linux-gnu/sysroot/usr/include]
  end of search list found
  collapse include dir [/home/sophie/miniconda3/targets/x86_64-linux/include] ==> [/home/sophie/miniconda3/targets/x86_64-linux/include]
  collapse include dir [/home/sophie/miniconda3/include] ==> [/home/sophie/miniconda3/include]
  collapse include dir [/home/sophie/miniconda3/bin/../lib/gcc/x86_64-conda-linux-gnu/14.3.0/include/c++] ==> [/home/sophie/miniconda3/lib/gcc/x86_64-conda-linux-gnu/14.3.0/include/c++]
  collapse include dir [/home/sophie/miniconda3/bin/../lib/gcc/x86_64-conda-linux-gnu/14.3.0/include/c++/x86_64-conda-linux-gnu] ==> [/home/sophie/miniconda3/lib/gcc/x86_64-conda-linux-gnu/14.3.0/include/c++/x86_64-conda-linux-gnu]
  collapse include dir [/home/sophie/miniconda3/bin/../lib/gcc/x86_64-conda-linux-gnu/14.3.0/include/c++/backward] ==> [/home/sophie/miniconda3/lib/gcc/x86_64-conda-linux-gnu/14.3.0/include/c++/backward]
  collapse include dir [/home/sophie/miniconda3/bin/../lib/gcc/x86_64-conda-linux-gnu/14.3.0/include] ==> [/home/sophie/miniconda3/lib/gcc/x86_64-conda-linux-gnu/14.3.0/include]
  collapse include dir [/home/sophie/miniconda3/bin/../lib/gcc/x86_64-conda-linux-gnu/14.3.0/include-fixed] ==> [/home/sophie/miniconda3/lib/gcc/x86_64-conda-linux-gnu/14.3.0/include-fixed]
  collapse include dir [/home/sophie/miniconda3/bin/../x86_64-conda-linux-gnu/sysroot/usr/include] ==> [/home/sophie/miniconda3/x86_64-conda-linux-gnu/sysroot/usr/include]
  implicit include dirs: [/home/sophie/miniconda3/targets/x86_64-linux/include;/home/sophie/miniconda3/include;/home/sophie/miniconda3/lib/gcc/x86_64-conda-linux-gnu/14.3.0/include/c++;/home/sophie/miniconda3/lib/gcc/x86_64-conda-linux-gnu/14.3.0/include/c++/x86_64-conda-linux-gnu;/home/sophie/miniconda3/lib/gcc/x86_64-conda-linux-gnu/14.3.0/include/c++/backward;/home/sophie/miniconda3/lib/gcc/x86_64-conda-linux-gnu/14.3.0/include;/home/sophie/miniconda3/lib/gcc/x86_64-conda-linux-gnu/14.3.0/include-fixed;/home/sophie/miniconda3/x86_64-conda-linux-gnu/sysroot/usr/include]


Parsed CXX implicit link information from above output:
  link line regex: [^( *|.*[/\])(x86_64-conda-linux-gnu-ld|CMAKE_LINK_STARTFILE-NOTFOUND|([^/\]+-)?ld|collect2)[^/\]*( |$)]
  ignore line: [Change Dir: /home/sophie/isaac_lab/isaac_ws/rl_code/soarm100sim/ros2/build/soarm100_interfaces/CMakeFiles/CMakeTmp]
  ignore line: []
  ignore line: [Run Build Command(s):/usr/bin/gmake -f Makefile cmTC_f748c/fast && /usr/bin/gmake  -f CMakeFiles/cmTC_f748c.dir/build.make CMakeFiles/cmTC_f748c.dir/build]
  ignore line: [gmake[1]: Entering directory '/home/sophie/isaac_lab/isaac_ws/rl_code/soarm100sim/ros2/build/soarm100_interfaces/CMakeFiles/CMakeTmp']
  ignore line: [Building CXX object CMakeFiles/cmTC_f748c.dir/CMakeCXXCompilerABI.cpp.o]
  ignore line: [/home/sophie/miniconda3/bin/x86_64-conda-linux-gnu-c++   -fvisibility-inlines-hidden -fmessage-length=0 -march=nocona -mtune=haswell -ftree-vectorize -fPIC -fstack-protector-strong -fno-plt -O2 -ffunction-sections -pipe -isystem /home/sophie/miniconda3/include  -I/home/sophie/miniconda3/targets/x86_64-linux/include  -L/home/sophie/miniconda3/targets/x86_64-linux/lib -L/home/sophie/miniconda3/targets/x86_64-linux/lib/stubs    -v -o CMakeFiles/cmTC_f748c.dir/CMakeCXXCompilerABI.cpp.o -c /usr/share/cmake-3.22/Modules/CMakeCXXCompilerABI.cpp]
  ignore line: [Reading specs from /home/sophie/miniconda3/bin/../lib/gcc/x86_64-conda-linux-gnu/14.3.0/specs]
  ignore line: [could not find specs file conda.specs]
  ignore line: [COLLECT_GCC=/home/sophie/miniconda3/bin/x86_64-conda-linux-gnu-c++]
  ignore line: [Target: x86_64-conda-linux-gnu]
  ignore line: [Configured with: ../configure --prefix=/home/task_176276925032039/conda-bld/gcc_compilers_1762769297119/_h_env_placehold_placehold_placehold_placehold_placehold_placehold_placehold_placehold_placehold_placehold_placehold_placehold_placehold_placehold_placehold_placehold_placehold_placehold_pla --with-slibdir=/home/task_176276925032039/conda-bld/gcc_compilers_1762769297119/_h_env_placehold_placehold_placehold_placehold_placehold_placehold_placehold_placehold_placehold_placehold_placehold_placehold_placehold_placehold_placehold_placehold_placehold_placehold_pla/lib --libdir=/home/task_176276925032039/conda-bld/gcc_compilers_1762769297119/_h_env_placehold_placehold_placehold_placehold_placehold_placehold_placehold_placehold_placehold_placehold_placehold_placehold_placehold_placehold_placehold_placehold_placehold_placehold_pla/lib --mandir=/home/task_176276925032039/conda-bld/gcc_compilers_1762769297119/_h_env_placehold_placehold_placehold_placehold_placehold_placehold_placehold_placehold_placehold_placehold_placehold_placehold_placehold_placehold_placehold_placehold_placehold_placehold_pla/man --build=x86_64-conda-linux-gnu --host=x86_64-conda-linux-gnu --target=x86_64-conda-linux-gnu --enable-languages=c c++ fortran objc obj-c++ --enable-__cxa_atexit --disable-libmudflap --enable-libgomp --disable-libssp --enable-libquadmath --enable-libquadmath-support --enable-lto --enable-target-optspace --enable-plugin --enable-gold --disable-nls --disable-multilib --enable-long-long --with-sysroot=/home/task_176276925032039/conda-bld/gcc_compilers_1762769297119/_h_env_placehold_placehold_placehold_placehold_placehold_placehold_placehold_placehold_placehold_placehold_placehold_placehold_placehold_placehold_placehold_placehold_placehold_placehold_pla/x86_64-conda-linux-gnu/sysroot --with-build-sysroot=/home/task_176276925032039/conda-bld/gcc_compilers_1762769297119/work/cf-compilers/x86_64-conda-linux-gnu/sysroot --with-native-system-header-dir=/usr/include --with-gxx-include-dir=/home/task_176276925032039/conda-bld/gcc_compilers_1762769297119/_h_env_placehold_placehold_placehold_placehold_placehold_placehold_placehold_placehold_placehold_placehold_placehold_placehold_placehold_placehold_placehold_placehold_placehold_placehold_pla/lib/gcc/x86_64-conda-linux-gnu/14.3.0/include/c++ --enable-libsanitizer --enable-default-pie --enable-threads=posix]
  ignore line: [Thread model: posix]
  ignore line: [Supported LTO compression algorithms: zlib]
  ignore line: [gcc version 14.3.0 (GCC) ]
  ignore line: [COLLECT_GCC_OPTIONS='-fvisibility-inlines-hidden' '-fmessage-length=0' '-march=nocona' '-mtune=haswell' '-ftree-vectorize' '-fPIC' '-fstack-protector-strong' '-fno-plt' '-O2' '-ffunction-sections' '-pipe' '-isystem' '/home/sophie/miniconda3/include' '-I' '/home/sophie/miniconda3/targets/x86_64-linux/include' '-L/home/sophie/miniconda3/targets/x86_64-linux/lib' '-L/home/sophie/miniconda3/targets/x86_64-linux/lib/stubs' '-v' '-o' 'CMakeFiles/cmTC_f748c.dir/CMakeCXXCompilerABI.cpp.o' '-c' '-shared-libgcc' '-dumpdir' 'CMakeFiles/cmTC_f748c.dir/']
  ignore line: [ /home/sophie/miniconda3/bin/../libexec/gcc/x86_64-conda-linux-gnu/14.3.0/cc1plus -quiet -v -I /home/sophie/miniconda3/targets/x86_64-linux/include -iprefix /home/sophie/miniconda3/bin/../lib/gcc/x86_64-conda-linux-gnu/14.3.0/ -isysroot /home/sophie/miniconda3/bin/../x86_64-conda-linux-gnu/sysroot -D_GNU_SOURCE -isystem /home/sophie/miniconda3/include /usr/share/cmake-3.22/Modules/CMakeCXXCompilerABI.cpp -quiet -dumpdir CMakeFiles/cmTC_f748c.dir/ -dumpbase CMakeCXXCompilerABI.cpp.cpp -dumpbase-ext .cpp -march=nocona -mtune=haswell -O2 -version -fvisibility-inlines-hidden -fmessage-length=0 -ftree-vectorize -fPIC -fstack-protector-strong -fno-plt -ffunction-sections -o - |]
  ignore line: [ /home/sophie/miniconda3/bin/../lib/gcc/x86_64-conda-linux-gnu/14.3.0/../../../../x86_64-conda-linux-gnu/bin/as -v -I /home/sophie/miniconda3/targets/x86_64-linux/include --64 -o CMakeFiles/cmTC_f748c.dir/CMakeCXXCompilerABI.cpp.o]
  ignore line: [GNU assembler version 2.44 (x86_64-conda-linux-gnu) using BFD version (GNU Binutils) 2.44]
  ignore line: [GNU C++17 (GCC) version 14.3.0 (x86_64-conda-linux-gnu)]
  ignore line: [	compiled by GNU C version 14.3.0  GMP version 6.2.1  MPFR version 4.1.0  MPC version 1.2.1  isl version isl-0.24-GMP]
  ignore line: []
  ignore line: [GGC heuristics: --param ggc-min-expand=100 --param ggc-min-heapsize=131072]
  ignore line: [ignoring nonexistent directory "/home/sophie/miniconda3/bin/../lib/gcc/x86_64-conda-linux-gnu/14.3.0/../../../../x86_64-conda-linux-gnu/include"]
  ignore line: [ignoring duplicate directory "/home/sophie/miniconda3/bin/../lib/gcc/../../lib/gcc/x86_64-conda-linux-gnu/14.3.0/include/c++"]
  ignore line: [ignoring duplicate directory "/home/sophie/miniconda3/bin/../lib/gcc/../../lib/gcc/x86_64-conda-linux-gnu/14.3.0/include/c++/x86_64-conda-linux-gnu"]
  ignore line: [ignoring duplicate directory "/home/sophie/miniconda3/bin/../lib/gcc/../../lib/gcc/x86_64-conda-linux-gnu/14.3.0/include/c++/backward"]
  ignore line: [ignoring duplicate directory "/home/sophie/miniconda3/bin/../lib/gcc/../../lib/gcc/x86_64-conda-linux-gnu/14.3.0/include"]
  ignore line: [ignoring nonexistent directory "/home/sophie/miniconda3/bin/../x86_64-conda-linux-gnu/sysroot/usr/local/include"]
  ignore line: [ignoring duplicate directory "/home/sophie/miniconda3/bin/../lib/gcc/../../lib/gcc/x86_64-conda-linux-gnu/14.3.0/include-fixed"]
  ignore line: [ignoring nonexistent directory "/home/sophie/miniconda3/bin/../lib/gcc/../../lib/gcc/x86_64-conda-linux-gnu/14.3.0/../../../../x86_64-conda-linux-gnu/include"]
  ignore line: [#include "..." search starts here:]
  ignore line: [#include <...> search starts here:]
  ignore line: [ /home/sophie/miniconda3/targets/x86_64-linux/include]
  ignore line: [ /home/sophie/miniconda3/include]
  ignore line: [ /home/sophie/miniconda3/bin/../lib/gcc/x86_64-conda-linux-gnu/14.3.0/include/c++]
  ignore line: [ /home/sophie/miniconda3/bin/../lib/gcc/x86_64-conda-linux-gnu/14.3.0/include/c++/x86_64-conda-linux-gnu]
  ignore line: [ /home/sophie/miniconda3/bin/../lib/gcc/x86_64-conda-linux-gnu/14.3.0/include/c++/backward]
  ignore line: [ /home/sophie/miniconda3/bin/../lib/gcc/x86_64-conda-linux-gnu/14.3.0/include]
  ignore line: [ /home/sophie/miniconda3/bin/../lib/gcc/x86_64-conda-linux-gnu/14.3.0/include-fixed]
  ignore line: [ /home/sophie/miniconda3/bin/../x86_64-conda-linux-gnu/sysroot/usr/include]
  ignore line: [End of search list.]
  ignore line: [Compiler executable checksum: 78c9694a93ff9860a3920c63aa21f072]
  ignore line: [COMPILER_PATH=/home/sophie/miniconda3/bin/../libexec/gcc/x86_64-conda-linux-gnu/14.3.0/:/home/sophie/miniconda3/bin/../libexec/gcc/:/home/sophie/miniconda3/bin/../lib/gcc/x86_64-conda-linux-gnu/14.3.0/../../../../x86_64-conda-linux-gnu/bin/]
  ignore line: [LIBRARY_PATH=/home/sophie/miniconda3/bin/../lib/gcc/x86_64-conda-linux-gnu/14.3.0/:/home/sophie/miniconda3/bin/../lib/gcc/:/home/sophie/miniconda3/bin/../lib/gcc/x86_64-conda-linux-gnu/14.3.0/../../../../x86_64-conda-linux-gnu/lib/../lib/:/home/sophie/miniconda3/bin/../lib/gcc/x86_64-conda-linux-gnu/14.3.0/../../../../lib/:/home/sophie/miniconda3/bin/../x86_64-conda-linux-gnu/sysroot/lib/../lib/:/home/sophie/miniconda3/bin/../x86_64-conda-linux-gnu/sysroot/usr/lib/../lib/:/home/sophie/miniconda3/bin/../lib/gcc/x86_64-conda-linux-gnu/14.3.0/../../../../x86_64-conda-linux-gnu/lib/:/home/sophie/miniconda3/bin/../lib/gcc/x86_64-conda-linux-gnu/14.3.0/../../../:/home/sophie/miniconda3/bin/../x86_64-conda-linux-gnu/sysroot/lib/:/home/sophie/miniconda3/bin/../x86_64-conda-linux-gnu/sysroot/usr/lib/]
  ignore line: [COLLECT_GCC_OPTIONS='-fvisibility-inlines-hidden' '-fmessage-length=0' '-march=nocona' '-mtune=haswell' '-ftree-vectorize' '-fPIC' '-fstack-protector-strong' '-fno-plt' '-O2' '-ffunction-sections' '-pipe' '-isystem' '/home/sophie/miniconda3/include' '-I' '/home/sophie/miniconda3/targets/x86_64-linux/include' '-L/home/sophie/miniconda3/targets/x86_64-linux/lib' '-L/home/sophie/miniconda3/targets/x86_64-linux/lib/stubs' '-v' '-o' 'CMakeFiles/cmTC_f748c.dir/CMakeCXXCompilerABI.cpp.o' '-c' '-shared-libgcc' '-dumpdir' 'CMakeFiles/cmTC_f748c.dir/CMakeCXXCompilerABI.cpp.']
  ignore line: [Linking CXX executable cmTC_f748c]
  ignore line: [/usr/bin/cmake -E cmake_link_script CMakeFiles/cmTC_f748c.dir/link.txt --verbose=1]
  ignore line: [/home/sophie/miniconda3/bin/x86_64-conda-linux-gnu-c++ -fvisibility-inlines-hidden -fmessage-length=0 -march=nocona -mtune=haswell -ftree-vectorize -fPIC -fstack-protector-strong -fno-plt -O2 -ffunction-sections -pipe -isystem /home/sophie/miniconda3/include  -I/home/sophie/miniconda3/targets/x86_64-linux/include  -L/home/sophie/miniconda3/targets/x86_64-linux/lib -L/home/sophie/miniconda3/targets/x86_64-linux/lib/stubs  -Wl -O2 -Wl --sort-common -Wl --as-needed -Wl -z relro -Wl -z now -Wl --disable-new-dtags -Wl --gc-sections -Wl -rpath /home/sophie/miniconda3/lib -Wl -rpath-link /home/sophie/miniconda3/lib -L/home/sophie/miniconda3/lib  -L/home/sophie/miniconda3/targets/x86_64-linux/lib -L/home/sophie/miniconda3/targets/x86_64-linux/lib/stubs -v CMakeFiles/cmTC_f748c.dir/CMakeCXXCompilerABI.cpp.o -o cmTC_f748c ]
  ignore line: [Reading specs from /home/sophie/miniconda3/bin/../lib/gcc/x86_64-conda-linux-gnu/14.3.0/specs]
  ignore line: [could not find specs file conda.specs]
  ignore line: [COLLECT_GCC=/home/sophie/miniconda3/bin/x86_64-conda-linux-gnu-c++]
  ignore line: [COLLECT_LTO_WRAPPER=/home/sophie/miniconda3/bin/../libexec/gcc/x86_64-conda-linux-gnu/14.3.0/lto-wrapper]
  ignore line: [Target: x86_64-conda-linux-gnu]
  ignore line: [Configured with: ../configure --prefix=/home/task_176276925032039/conda-bld/gcc_compilers_1762769297119/_h_env_placehold_placehold_placehold_placehold_placehold_placehold_placehold_placehold_placehold_placehold_placehold_placehold_placehold_placehold_placehold_placehold_placehold_placehold_pla --with-slibdir=/home/task_176276925032039/conda-bld/gcc_compilers_1762769297119/_h_env_placehold_placehold_placehold_placehold_placehold_placehold_placehold_placehold_placehold_placehold_placehold_placehold_placehold_placehold_placehold_placehold_placehold_placehold_pla/lib --libdir=/home/task_176276925032039/conda-bld/gcc_compilers_1762769297119/_h_env_placehold_placehold_placehold_placehold_placehold_placehold_placehold_placehold_placehold_placehold_placehold_placehold_placehold_placehold_placehold_placehold_placehold_placehold_pla/lib --mandir=/home/task_176276925032039/conda-bld/gcc_compilers_1762769297119/_h_env_placehold_placehold_placehold_placehold_placehold_placehold_placehold_placehold_placehold_placehold_placehold_placehold_placehold_placehold_placehold_placehold_placehold_placehold_pla/man --build=x86_64-conda-linux-gnu --host=x86_64-conda-linux-gnu --target=x86_64-conda-linux-gnu --enable-languages=c c++ fortran objc obj-c++ --enable-__cxa_atexit --disable-libmudflap --enable-libgomp --disable-libssp --enable-libquadmath --enable-libquadmath-support --enable-lto --enable-target-optspace --enable-plugin --enable-gold --disable-nls --disable-multilib --enable-long-long --with-sysroot=/home/task_176276925032039/conda-bld/gcc_compilers_1762769297119/_h_env_placehold_placehold_placehold_placehold_placehold_placehold_placehold_placehold_placehold_placehold_placehold_placehold_placehold_placehold_placehold_placehold_placehold_placehold_pla/x86_64-conda-linux-gnu/sysroot --with-build-sysroot=/home/task_176276925032039/conda-bld/gcc_compilers_1762769297119/work/cf-compilers/x86_64-conda-linux-gnu/sysroot --with-native-system-header-dir=/usr/include --with-gxx-include-dir=/home/task_176276925032039/conda-bld/gcc_compilers_1762769297119/_h_env_placehold_placehold_placehold_placehold_placehold_placehold_placehold_placehold_placehold_placehold_placehold_placehold_placehold_placehold_placehold_placehold_placehold_placehold_pla/lib/gcc/x86_64-conda-linux-gnu/14.3.0/include/c++ --enable-libsanitizer --enable-default-pie --enable-threads=posix]
  ignore line: [Thread model: posix]
  ignore line: [Supported LTO compression algorithms: zlib]
  ignore line: [gcc version 14.3.0 (GCC) ]
  ignore line: [COMPILER_PATH=/home/sophie/miniconda3/bin/../libexec/gcc/x86_64-conda-linux-gnu/14.3.0/:/home/sophie/miniconda3/bin/../libexec/gcc/:/home/sophie/miniconda3/bin/../lib/gcc/x86_64-conda-linux-gnu/14.3.0/../../../../x86_64-conda-linux-gnu/bin/]
  ignore line: [LIBRARY_PATH=/home/sophie/miniconda3/bin/../lib/gcc/x86_64-conda-linux-gnu/14.3.0/:/home/sophie/miniconda3/bin/../lib/gcc/:/home/sophie/miniconda3/bin/../lib/gcc/x86_64-conda-linux-gnu/14.3.0/../../../../x86_64-conda-linux-gnu/lib/../lib/:/home/sophie/miniconda3/bin/../lib/gcc/x86_64-conda-linux-gnu/14.3.0/../../../../lib/:/home/sophie/miniconda3/bin/../x86_64-conda-linux-gnu/sysroot/lib/../lib/:/home/sophie/miniconda3/bin/../x86_64-conda-linux-gnu/sysroot/usr/lib/../lib/:/home/sophie/miniconda3/bin/../lib/gcc/x86_64-conda-linux-gnu/14.3.0/../../../../x86_64-conda-linux-gnu/lib/:/home/sophie/miniconda3/bin/../lib/gcc/x86_64-conda-linux-gnu/14.3.0/../../../:/home/sophie/miniconda3/bin/../x86_64-conda-linux-gnu/sysroot/lib/:/home/sophie/miniconda3/bin/../x86_64-conda-linux-gnu/sysroot/usr/lib/]
  ignore line: [COLLECT_GCC_OPTIONS='-fvisibility-inlines-hidden' '-fmessage-length=0' '-march=nocona' '-mtune=haswell' '-ftree-vectorize' '-fPIC' '-fstack-protector-strong' '-fno-plt' '-O2' '-ffunction-sections' '-pipe' '-isystem' '/home/sophie/miniconda3/include' '-I' '/home/sophie/miniconda3/targets/x86_64-linux/include' '-L/home/sophie/miniconda3/targets/x86_64-linux/lib' '-L/home/sophie/miniconda3/targets/x86_64-linux/lib/stubs' '-L/home/sophie/miniconda3/lib' '-L/home/sophie/miniconda3/targets/x86_64-linux/lib' '-L/home/sophie/miniconda3/targets/x86_64-linux/lib/stubs' '-v' '-o' 'cmTC_f748c' '-shared-libgcc' '-dumpdir' 'cmTC_f748c.']
  link line: [ /home/sophie/miniconda3/bin/../libexec/gcc/x86_64-conda-linux-gnu/14.3.0/collect2 -plugin /home/sophie/miniconda3/bin/../libexec/gcc/x86_64-conda-linux-gnu/14.3.0/liblto_plugin.so -plugin-opt=/home/sophie/miniconda3/bin/../libexec/gcc/x86_64-conda-linux-gnu/14.3.0/lto-wrapper -plugin-opt=-fresolution=/tmp/ccqEwO9V.res -plugin-opt=-pass-through=-lgcc_s -plugin-opt=-pass-through=-lgcc -plugin-opt=-pass-through=-lc -plugin-opt=-pass-through=-lgcc_s -plugin-opt=-pass-through=-lgcc --sysroot=/home/sophie/miniconda3/bin/../x86_64-conda-linux-gnu/sysroot --eh-frame-hdr -m elf_x86_64 -dynamic-linker /lib64/ld-linux-x86-64.so.2 -pie -o cmTC_f748c /home/sophie/miniconda3/bin/../x86_64-conda-linux-gnu/sysroot/usr/lib/../lib/Scrt1.o /home/sophie/miniconda3/bin/../x86_64-conda-linux-gnu/sysroot/usr/lib/../lib/crti.o /home/sophie/miniconda3/bin/../lib/gcc/x86_64-conda-linux-gnu/14.3.0/crtbeginS.o -L/home/sophie/miniconda3/targets/x86_64-linux/lib -L/home/sophie/miniconda3/targets/x86_64-linux/lib/stubs -L/home/sophie/miniconda3/lib -L/home/sophie/miniconda3/targets/x86_64-linux/lib -L/home/sophie/miniconda3/targets/x86_64-linux/lib/stubs -L/home/sophie/miniconda3/bin/../lib/gcc/x86_64-conda-linux-gnu/14.3.0 -L/home/sophie/miniconda3/bin/../lib/gcc -L/home/sophie/miniconda3/bin/../lib/gcc/x86_64-conda-linux-gnu/14.3.0/../../../../x86_64-conda-linux-gnu/lib/../lib -L/home/sophie/miniconda3/bin/../lib/gcc/x86_64-conda-linux-gnu/14.3.0/../../../../lib -L/home/sophie/miniconda3/bin/../x86_64-conda-linux-gnu/sysroot/lib/../lib -L/home/sophie/miniconda3/bin/../x86_64-conda-linux-gnu/sysroot/usr/lib/../lib -L/home/sophie/miniconda3/bin/../lib/gcc/x86_64-conda-linux-gnu/14.3.0/../../../../x86_64-conda-linux-gnu/lib -L/home/sophie/miniconda3/bin/../lib/gcc/x86_64-conda-linux-gnu/14.3.0/../../.. -L/home/sophie/miniconda3/bin/../x86_64-conda-linux-gnu/sysroot/lib -L/home/sophie/miniconda3/bin/../x86_64-conda-linux-gnu/sysroot/usr/lib -O2 --sort-common --as-needed -z relro -z now --disable-new-dtags --gc-sections -rpath /home/sophie/miniconda3/lib -rpath-link /home/sophie/miniconda3/lib CMakeFiles/cmTC_f748c.dir/CMakeCXXCompilerABI.cpp.o -lstdc++ -lm -lgcc_s -lgcc -lc -lgcc_s -lgcc /home/sophie/miniconda3/bin/../lib/gcc/x86_64-conda-linux-gnu/14.3.0/crtendS.o /home/sophie/miniconda3/bin/../x86_64-conda-linux-gnu/sysroot/usr/lib/../lib/crtn.o -rpath /home/sophie/miniconda3/lib]
    arg [/home/sophie/miniconda3/bin/../libexec/gcc/x86_64-conda-linux-gnu/14.3.0/collect2] ==> ignore
    arg [-plugin] ==> ignore
    arg [/home/sophie/miniconda3/bin/../libexec/gcc/x86_64-conda-linux-gnu/14.3.0/liblto_plugin.so] ==> ignore
    arg [-plugin-opt=/home/sophie/miniconda3/bin/../libexec/gcc/x86_64-conda-linux-gnu/14.3.0/lto-wrapper] ==> ignore
    arg [-plugin-opt=-fresolution=/tmp/ccqEwO9V.res] ==> ignore
    arg [-plugin-opt=-pass-through=-lgcc_s] ==> ignore
    arg [-plugin-opt=-pass-through=-lgcc] ==> ignore
    arg [-plugin-opt=-pass-through=-lc] ==> ignore
    arg [-plugin-opt=-pass-through=-lgcc_s] ==> ignore
    arg [-plugin-opt=-pass-through=-lgcc] ==> ignore
    arg [--sysroot=/home/sophie/miniconda3/bin/../x86_64-conda-linux-gnu/sysroot] ==> ignore
    arg [--eh-frame-hdr] ==> ignore
    arg [-m] ==> ignore
    arg [elf_x86_64] ==> ignore
    arg [-dynamic-linker] ==> ignore
    arg [/lib64/ld-linux-x86-64.so.2] ==> ignore
    arg [-pie] ==> ignore
    arg [-o] ==> ignore
    arg [cmTC_f748c] ==> ignore
    arg [/home/sophie/miniconda3/bin/../x86_64-conda-linux-gnu/sysroot/usr/lib/../lib/Scrt1.o] ==> obj [/home/sophie/miniconda3/bin/../x86_64-conda-linux-gnu/sysroot/usr/lib/../lib/Scrt1.o]
    arg [/home/sophie/miniconda3/bin/../x86_64-conda-linux-gnu/sysroot/usr/lib/../lib/crti.o] ==> obj [/home/sophie/miniconda3/bin/../x86_64-conda-linux-gnu/sysroot/usr/lib/../lib/crti.o]
    arg [/home/sophie/miniconda3/bin/../lib/gcc/x86_64-conda-linux-gnu/14.3.0/crtbeginS.o] ==> obj [/home/sophie/miniconda3/bin/../lib/gcc/x86_64-conda-linux-gnu/14.3.0/crtbeginS.o]
    arg [-L/home/sophie/miniconda3/targets/x86_64-linux/lib] ==> dir [/home/sophie/miniconda3/targets/x86_64-linux/lib]
    arg [-L/home/sophie/miniconda3/targets/x86_64-linux/lib/stubs] ==> dir [/home/sophie/miniconda3/targets/x86_64-linux/lib/stubs]
    arg [-L/home/sophie/miniconda3/lib] ==> dir [/home/sophie/miniconda3/lib]
    arg [-L/home/sophie/miniconda3/targets/x86_64-linux/lib] ==> dir [/home/sophie/miniconda3/targets/x86_64-linux/lib]
    arg [-L/home/sophie/miniconda3/targets/x86_64-linux/lib/stubs] ==> dir [/home/sophie/miniconda3/targets/x86_64-linux/lib/stubs]
    arg [-L/home/sophie/miniconda3/bin/../lib/gcc/x86_64-conda-linux-gnu/14.3.0] ==> dir [/home/sophie/miniconda3/bin/../lib/gcc/x86_64-conda-linux-gnu/14.3.0]
    arg [-L/home/sophie/miniconda3/bin/../lib/gcc] ==> dir [/home/sophie/miniconda3/bin/../lib/gcc]
    arg [-L/home/sophie/miniconda3/bin/../lib/gcc/x86_64-conda-linux-gnu/14.3.0/../../../../x86_64-conda-linux-gnu/lib/../lib] ==> dir [/home/sophie/miniconda3/bin/../lib/gcc/x86_64-conda-linux-gnu/14.3.0/../../../../x86_64-conda-linux-gnu/lib/../lib]
    arg [-L/home/sophie/miniconda3/bin/../lib/gcc/x86_64-conda-linux-gnu/14.3.0/../../../../lib] ==> dir [/home/sophie/miniconda3/bin/../lib/gcc/x86_64-conda-linux-gnu/14.3.0/../../../../lib]
    arg [-L/home/sophie/miniconda3/bin/../x86_64-conda-linux-gnu/sysroot/lib/../lib] ==> dir [/home/sophie/miniconda3/bin/../x86_64-conda-linux-gnu/sysroot/lib/../lib]
    arg [-L/home/sophie/miniconda3/bin/../x86_64-conda-linux-gnu/sysroot/usr/lib/../lib] ==> dir [/home/sophie/miniconda3/bin/../x86_64-conda-linux-gnu/sysroot/usr/lib/../lib]
    arg [-L/home/sophie/miniconda3/bin/../lib/gcc/x86_64-conda-linux-gnu/14.3.0/../../../../x86_64-conda-linux-gnu/lib] ==> dir [/home/sophie/miniconda3/bin/../lib/gcc/x86_64-conda-linux-gnu/14.3.0/../../../../x86_64-conda-linux-gnu/lib]
    arg [-L/home/sophie/miniconda3/bin/../lib/gcc/x86_64-conda-linux-gnu/14.3.0/../../..] ==> dir [/home/sophie/miniconda3/bin/../lib/gcc/x86_64-conda-linux-gnu/14.3.0/../../..]
    arg [-L/home/sophie/miniconda3/bin/../x86_64-conda-linux-gnu/sysroot/lib] ==> dir [/home/sophie/miniconda3/bin/../x86_64-conda-linux-gnu/sysroot/lib]
    arg [-L/home/sophie/miniconda3/bin/../x86_64-conda-linux-gnu/sysroot/usr/lib] ==> dir [/home/sophie/miniconda3/bin/../x86_64-conda-linux-gnu/sysroot/usr/lib]
    arg [-O2] ==> ignore
    arg [--sort-common] ==> ignore
    arg [--as-needed] ==> ignore
    arg [-zrelro] ==> ignore
    arg [-znow] ==> ignore
    arg [--disable-new-dtags] ==> ignore
    arg [--gc-sections] ==> ignore
    arg [-rpath] ==> ignore
    arg [/home/sophie/miniconda3/lib] ==> ignore
    arg [-rpath-link] ==> ignore
    arg [/home/sophie/miniconda3/lib] ==> ignore
    arg [CMakeFiles/cmTC_f748c.dir/CMakeCXXCompilerABI.cpp.o] ==> ignore
    arg [-lstdc++] ==> lib [stdc++]
    arg [-lm] ==> lib [m]
    arg [-lgcc_s] ==> lib [gcc_s]
    arg [-lgcc] ==> lib [gcc]
    arg [-lc] ==> lib [c]
    arg [-lgcc_s] ==> lib [gcc_s]
    arg [-lgcc] ==> lib [gcc]
    arg [/home/sophie/miniconda3/bin/../lib/gcc/x86_64-conda-linux-gnu/14.3.0/crtendS.o] ==> obj [/home/sophie/miniconda3/bin/../lib/gcc/x86_64-conda-linux-gnu/14.3.0/crtendS.o]
    arg [/home/sophie/miniconda3/bin/../x86_64-conda-linux-gnu/sysroot/usr/lib/../lib/crtn.o] ==> obj [/home/sophie/miniconda3/bin/../x86_64-conda-linux-gnu/sysroot/usr/lib/../lib/crtn.o]
    arg [-rpath] ==> ignore
    arg [/home/sophie/miniconda3/lib] ==> ignore
  collapse obj [/home/sophie/miniconda3/bin/../x86_64-conda-linux-gnu/sysroot/usr/lib/../lib/Scrt1.o] ==> [/home/sophie/miniconda3/x86_64-conda-linux-gnu/sysroot/usr/lib/Scrt1.o]
  collapse obj [/home/sophie/miniconda3/bin/../x86_64-conda-linux-gnu/sysroot/usr/lib/../lib/crti.o] ==> [/home/sophie/miniconda3/x86_64-conda-linux-gnu/sysroot/usr/lib/crti.o]
  collapse obj [/home/sophie/miniconda3/bin/../lib/gcc/x86_64-conda-linux-gnu/14.3.0/crtbeginS.o] ==> [/home/sophie/miniconda3/lib/gcc/x86_64-conda-linux-gnu/14.3.0/crtbeginS.o]
  collapse obj [/home/sophie/miniconda3/bin/../lib/gcc/x86_64-conda-linux-gnu/14.3.0/crtendS.o] ==> [/home/sophie/miniconda3/lib/gcc/x86_64-conda-linux-gnu/14.3.0/crtendS.o]
  collapse obj [/home/sophie/miniconda3/bin/../x86_64-conda-linux-gnu/sysroot/usr/lib/../lib/crtn.o] ==> [/home/sophie/miniconda3/x86_64-conda-linux-gnu/sysroot/usr/lib/crtn.o]
  collapse library dir [/home/sophie/miniconda3/targets/x86_64-linux/lib] ==> [/home/sophie/miniconda3/targets/x86_64-linux/lib]
  collapse library dir [/home/sophie/miniconda3/targets/x86_64-linux/lib/stubs] ==> [/home/sophie/miniconda3/targets/x86_64-linux/lib/stubs]
  collapse library dir [/home/sophie/miniconda3/lib] ==> [/home/sophie/miniconda3/lib]
  collapse library dir [/home/sophie/miniconda3/targets/x86_64-linux/lib] ==> [/home/sophie/miniconda3/targets/x86_64-linux/lib]
  collapse library dir [/home/sophie/miniconda3/targets/x86_64-linux/lib/stubs] ==> [/home/sophie/miniconda3/targets/x86_64-linux/lib/stubs]
  collapse library dir [/home/sophie/miniconda3/bin/../lib/gcc/x86_64-conda-linux-gnu/14.3.0] ==> [/home/sophie/miniconda3/lib/gcc/x86_64-conda-linux-gnu/14.3.0]
  collapse library dir [/home/sophie/miniconda3/bin/../lib/gcc] ==> [/home/sophie/miniconda3/lib/gcc]
  collapse library dir [/home/sophie/miniconda3/bin/../lib/gcc/x86_64-conda-linux-gnu/14.3.0/../../../../x86_64-conda-linux-gnu/lib/../lib] ==> [/home/sophie/miniconda3/x86_64-conda-linux-gnu/lib]
  collapse library dir [/home/sophie/miniconda3/bin/../lib/gcc/x86_64-conda-linux-gnu/14.3.0/../../../../lib] ==> [/home/sophie/miniconda3/lib]
  collapse library dir [/home/sophie/miniconda3/bin/../x86_64-conda-linux-gnu/sysroot/lib/../lib] ==> [/home/sophie/miniconda3/x86_64-conda-linux-gnu/sysroot/lib]
  collapse library dir [/home/sophie/miniconda3/bin/../x86_64-conda-linux-gnu/sysroot/usr/lib/../lib] ==> [/home/sophie/miniconda3/x86_64-conda-linux-gnu/sysroot/usr/lib]
  collapse library dir [/home/sophie/miniconda3/bin/../lib/gcc/x86_64-conda-linux-gnu/14.3.0/../../../../x86_64-conda-linux-gnu/lib] ==> [/home/sophie/miniconda3/x86_64-conda-linux-gnu/lib]
  collapse library dir [/home/sophie/miniconda3/bin/../lib/gcc/x86_64-conda-linux-gnu/14.3.0/../../..] ==> [/home/sophie/miniconda3/lib]
  collapse library dir [/home/sophie/miniconda3/bin/../x86_64-conda-linux-gnu/sysroot/lib] ==> [/home/sophie/miniconda3/x86_64-conda-linux-gnu/sysroot/lib]
  collapse library dir [/home/sophie/miniconda3/bin/../x86_64-conda-linux-gnu/sysroot/usr/lib] ==> [/home/sophie/miniconda3/x86_64-conda-linux-gnu/sysroot/usr/lib]
  implicit libs: [stdc++;m;gcc_s;gcc;c;gcc_s;gcc]
  implicit objs: [/home/sophie/miniconda3/x86_64-conda-linux-gnu/sysroot/usr/lib/Scrt1.o;/home/sophie/miniconda3/x86_64-conda-linux-gnu/sysroot/usr/lib/crti.o;/home/sophie/miniconda3/lib/gcc/x86_64-conda-linux-gnu/14.3.0/crtbeginS.o;/home/sophie/miniconda3/lib/gcc/x86_64-conda-linux-gnu/14.3.0/crtendS.o;/home/sophie/miniconda3/x86_64-conda-linux-gnu/sysroot/usr/lib/crtn.o]
  implicit dirs: [/home/sophie/miniconda3/targets/x86_64-linux/lib;/home/sophie/miniconda3/targets/x86_64-linux/lib/stubs;/home/sophie/miniconda3/lib;/home/sophie/miniconda3/lib/gcc/x86_64-conda-linux-gnu/14.3.0;/home/sophie/miniconda3/lib/gcc;/home/sophie/miniconda3/x86_64-conda-linux-gnu/lib;/home/sophie/miniconda3/x86_64-conda-linux-gnu/sysroot/lib;/home/sophie/miniconda3/x86_64-conda-linux-gnu/sysroot/usr/lib]
  implicit fwks: []


The system is: Linux - 6.8.0-106-generic - x86_64
Compiling the C compiler identification source file "CMakeCCompilerId.c" succeeded.
Compiler: /usr/bin/cc 
Build flags: 
Id flags:  

The output was:
0


Compilation of the C compiler identification source "CMakeCCompilerId.c" produced "a.out"

The C compiler identification is GNU, found in "/home/sophie/isaac_lab/isaac_ws/rl_code/soarm100sim/ros2/build/soarm100_interfaces/CMakeFiles/3.22.1/CompilerIdC/a.out"

Compiling the CXX compiler identification source file "CMakeCXXCompilerId.cpp" succeeded.
Compiler: /usr/bin/c++ 
Build flags: -fvisibility-inlines-hidden;-fmessage-length=0;-march=nocona;-mtune=haswell;-ftree-vectorize;-fPIC;-fstack-protector-strong;-fno-plt;-O2;-ffunction-sections;-pipe;-isystem;/home/sophie/miniconda3/include;;-I/home/sophie/miniconda3/targets/x86_64-linux/include;;-L/home/sophie/miniconda3/targets/x86_64-linux/lib;-L/home/sophie/miniconda3/targets/x86_64-linux/lib/stubs
Id flags:  

The output was:
0


Compilation of the CXX compiler identification source "CMakeCXXCompilerId.cpp" produced "a.out"

The CXX compiler identification is GNU, found in "/home/sophie/isaac_lab/isaac_ws/rl_code/soarm100sim/ros2/build/soarm100_interfaces/CMakeFiles/3.22.1/CompilerIdCXX/a.out"

Detecting C compiler ABI info compiled with the following output:
Change Dir: /home/sophie/isaac_lab/isaac_ws/rl_code/soarm100sim/ros2/build/soarm100_interfaces/CMakeFiles/CMakeTmp

Run Build Command(s):/usr/bin/gmake -f Makefile cmTC_d3cbc/fast && /usr/bin/gmake  -f CMakeFiles/cmTC_d3cbc.dir/build.make CMakeFiles/cmTC_d3cbc.dir/build
gmake[1]: Entering directory '/home/sophie/isaac_lab/isaac_ws/rl_code/soarm100sim/ros2/build/soarm100_interfaces/CMakeFiles/CMakeTmp'
Building C object CMakeFiles/cmTC_d3cbc.dir/CMakeCCompilerABI.c.o
/usr/bin/cc   -v -o CMakeFiles/cmTC_d3cbc.dir/CMakeCCompilerABI.c.o -c /usr/share/cmake-3.22/Modules/CMakeCCompilerABI.c
Using built-in specs.
COLLECT_GCC=/usr/bin/cc
OFFLOAD_TARGET_NAMES=nvptx-none:amdgcn-amdhsa
OFFLOAD_TARGET_DEFAULT=1
Target: x86_64-linux-gnu
Configured with: ../src/configure -v --with-pkgversion='Ubuntu 11.4.0-1ubuntu1~22.04.3' --with-bugurl=file:///usr/share/doc/gcc-11/README.Bugs --enable-languages=c,ada,c++,go,brig,d,fortran,objc,obj-c++,m2 --prefix=/usr --with-gcc-major-version-only --program-suffix=-11 --program-prefix=x86_64-linux-gnu- --enable-shared --enable-linker-build-id --libexecdir=/usr/lib --without-included-gettext --enable-threads=posix --libdir=/usr/lib --enable-nls --enable-bootstrap --enable-clocale=gnu --enable-libstdcxx-debug --enable-libstdcxx-time=yes --with-default-libstdcxx-abi=new --enable-gnu-unique-object --disable-vtable-verify --enable-plugin --enable-default-pie --with-system-zlib --enable-libphobos-checking=release --with-target-system-zlib=auto --enable-objc-gc=auto --enable-multiarch --disable-werror --enable-cet --with-arch-32=i686 --with-abi=m64 --with-multilib-list=m32,m64,mx32 --enable-multilib --with-tune=generic --enable-offload-targets=nvptx-none=/build/gcc-11-0odw26/gcc-11-11.4.0/debian/tmp-nvptx/usr,amdgcn-amdhsa=/build/gcc-11-0odw26/gcc-11-11.4.0/debian/tmp-gcn/usr --without-cuda-driver --enable-checking=release --build=x86_64-linux-gnu --host=x86_64-linux-gnu --target=x86_64-linux-gnu --with-build-config=bootstrap-lto-lean --enable-link-serialization=2
Thread model: posix
Supported LTO compression algorithms: zlib zstd
gcc version 11.4.0 (Ubuntu 11.4.0-1ubuntu1~22.04.3) 
COLLECT_GCC_OPTIONS='-v' '-o' 'CMakeFiles/cmTC_d3cbc.dir/CMakeCCompilerABI.c.o' '-c' '-mtune=generic' '-march=x86-64' '-dumpdir' 'CMakeFiles/cmTC_d3cbc.dir/'
 /usr/lib/gcc/x86_64-linux-gnu/11/cc1 -quiet -v -imultiarch x86_64-linux-gnu /usr/share/cmake-3.22/Modules/CMakeCCompilerABI.c -quiet -dumpdir CMakeFiles/cmTC_d3cbc.dir/ -dumpbase CMakeCCompilerABI.c.c -dumpbase-ext .c -mtune=generic -march=x86-64 -version -fasynchronous-unwind-tables -fstack-protector-strong -Wformat -Wformat-security -fstack-clash-protection -fcf-protection -o /tmp/ccKD9fIe.s
GNU C17 (Ubuntu 11.4.0-1ubuntu1~22.04.3) version 11.4.0 (x86_64-linux-gnu)
	compiled by GNU C version 11.4.0, GMP version 6.2.1, MPFR version 4.1.0, MPC version 1.2.1, isl version isl-0.24-GMP

GGC heuristics: --param ggc-min-expand=100 --param ggc-min-heapsize=131072
ignoring nonexistent directory "/usr/local/include/x86_64-linux-gnu"
ignoring nonexistent directory "/usr/lib/gcc/x86_64-linux-gnu/11/include-fixed"
ignoring nonexistent directory "/usr/lib/gcc/x86_64-linux-gnu/11/../../../../x86_64-linux-gnu/include"
#include "..." search starts here:
#include <...> search starts here:
 /usr/lib/gcc/x86_64-linux-gnu/11/include
 /usr/local/include
 /usr/include/x86_64-linux-gnu
 /usr/include
End of search list.
GNU C17 (Ubuntu 11.4.0-1ubuntu1~22.04.3) version 11.4.0 (x86_64-linux-gnu)
	compiled by GNU C version 11.4.0, GMP version 6.2.1, MPFR version 4.1.0, MPC version 1.2.1, isl version isl-0.24-GMP

GGC heuristics: --param ggc-min-expand=100 --param ggc-min-heapsize=131072
Compiler executable checksum: 46ebede1f5b795a957a1e85cb61af9d8
COLLECT_GCC_OPTIONS='-v' '-o' 'CMakeFiles/cmTC_d3cbc.dir/CMakeCCompilerABI.c.o' '-c' '-mtune=generic' '-march=x86-64' '-dumpdir' 'CMakeFiles/cmTC_d3cbc.dir/'
 as -v --64 -o CMakeFiles/cmTC_d3cbc.dir/CMakeCCompilerABI.c.o /tmp/ccKD9fIe.s
GNU assembler version 2.38 (x86_64-linux-gnu) using BFD version (GNU Binutils for Ubuntu) 2.38
COMPILER_PATH=/usr/lib/gcc/x86_64-linux-gnu/11/:/usr/lib/gcc/x86_64-linux-gnu/11/:/usr/lib/gcc/x86_64-linux-gnu/:/usr/lib/gcc/x86_64-linux-gnu/11/:/usr/lib/gcc/x86_64-linux-gnu/
LIBRARY_PATH=/usr/lib/gcc/x86_64-linux-gnu/11/:/usr/lib/gcc/x86_64-linux-gnu/11/../../../x86_64-linux-gnu/:/usr/lib/gcc/x86_64-linux-gnu/11/../../../../lib/:/lib/x86_64-linux-gnu/:/lib/../lib/:/usr/lib/x86_64-linux-gnu/:/usr/lib/../lib/:/usr/lib/gcc/x86_64-linux-gnu/11/../../../:/lib/:/usr/lib/
COLLECT_GCC_OPTIONS='-v' '-o' 'CMakeFiles/cmTC_d3cbc.dir/CMakeCCompilerABI.c.o' '-c' '-mtune=generic' '-march=x86-64' '-dumpdir' 'CMakeFiles/cmTC_d3cbc.dir/CMakeCCompilerABI.c.'
Linking C executable cmTC_d3cbc
/usr/bin/cmake -E cmake_link_script CMakeFiles/cmTC_d3cbc.dir/link.txt --verbose=1
/usr/bin/cc -Wl,-O2 -Wl,--sort-common -Wl,--as-needed -Wl,-z,relro -Wl,-z,now -Wl,--disable-new-dtags -Wl,--gc-sections -Wl,-rpath,/home/sophie/miniconda3/lib -Wl,-rpath-link,/home/sophie/miniconda3/lib -L/home/sophie/miniconda3/lib  -L/home/sophie/miniconda3/targets/x86_64-linux/lib -L/home/sophie/miniconda3/targets/x86_64-linux/lib/stubs -v CMakeFiles/cmTC_d3cbc.dir/CMakeCCompilerABI.c.o -o cmTC_d3cbc 
Using built-in specs.
COLLECT_GCC=/usr/bin/cc
COLLECT_LTO_WRAPPER=/usr/lib/gcc/x86_64-linux-gnu/11/lto-wrapper
OFFLOAD_TARGET_NAMES=nvptx-none:amdgcn-amdhsa
OFFLOAD_TARGET_DEFAULT=1
Target: x86_64-linux-gnu
Configured with: ../src/configure -v --with-pkgversion='Ubuntu 11.4.0-1ubuntu1~22.04.3' --with-bugurl=file:///usr/share/doc/gcc-11/README.Bugs --enable-languages=c,ada,c++,go,brig,d,fortran,objc,obj-c++,m2 --prefix=/usr --with-gcc-major-version-only --program-suffix=-11 --program-prefix=x86_64-linux-gnu- --enable-shared --enable-linker-build-id --libexecdir=/usr/lib --without-included-gettext --enable-threads=posix --libdir=/usr/lib --enable-nls --enable-bootstrap --enable-clocale=gnu --enable-libstdcxx-debug --enable-libstdcxx-time=yes --with-default-libstdcxx-abi=new --enable-gnu-unique-object --disable-vtable-verify --enable-plugin --enable-default-pie --with-system-zlib --enable-libphobos-checking=release --with-target-system-zlib=auto --enable-objc-gc=auto --enable-multiarch --disable-werror --enable-cet --with-arch-32=i686 --with-abi=m64 --with-multilib-list=m32,m64,mx32 --enable-multilib --with-tune=generic --enable-offload-targets=nvptx-none=/build/gcc-11-0odw26/gcc-11-11.4.0/debian/tmp-nvptx/usr,amdgcn-amdhsa=/build/gcc-11-0odw26/gcc-11-11.4.0/debian/tmp-gcn/usr --without-cuda-driver --enable-checking=release --build=x86_64-linux-gnu --host=x86_64-linux-gnu --target=x86_64-linux-gnu --with-build-config=bootstrap-lto-lean --enable-link-serialization=2
Thread model: posix
Supported LTO compression algorithms: zlib zstd
gcc version 11.4.0 (Ubuntu 11.4.0-1ubuntu1~22.04.3) 
COMPILER_PATH=/usr/lib/gcc/x86_64-linux-gnu/11/:/usr/lib/gcc/x86_64-linux-gnu/11/:/usr/lib/gcc/x86_64-linux-gnu/:/usr/lib/gcc/x86_64-linux-gnu/11/:/usr/lib/gcc/x86_64-linux-gnu/
LIBRARY_PATH=/usr/lib/gcc/x86_64-linux-gnu/11/:/usr/lib/gcc/x86_64-linux-gnu/11/../../../x86_64-linux-gnu/:/usr/lib/gcc/x86_64-linux-gnu/11/../../../../lib/:/lib/x86_64-linux-gnu/:/lib/../lib/:/usr/lib/x86_64-linux-gnu/:/usr/lib/../lib/:/usr/lib/gcc/x86_64-linux-gnu/11/../../../:/lib/:/usr/lib/
COLLECT_GCC_OPTIONS='-L/home/sophie/miniconda3/lib' '-L/home/sophie/miniconda3/targets/x86_64-linux/lib' '-L/home/sophie/miniconda3/targets/x86_64-linux/lib/stubs' '-v' '-o' 'cmTC_d3cbc' '-mtune=generic' '-march=x86-64' '-dumpdir' 'cmTC_d3cbc.'
 /usr/lib/gcc/x86_64-linux-gnu/11/collect2 -plugin /usr/lib/gcc/x86_64-linux-gnu/11/liblto_plugin.so -plugin-opt=/usr/lib/gcc/x86_64-linux-gnu/11/lto-wrapper -plugin-opt=-fresolution=/tmp/ccSoVeBY.res -plugin-opt=-pass-through=-lgcc -plugin-opt=-pass-through=-lgcc_s -plugin-opt=-pass-through=-lc -plugin-opt=-pass-through=-lgcc -plugin-opt=-pass-through=-lgcc_s --build-id --eh-frame-hdr -m elf_x86_64 --hash-style=gnu --as-needed -dynamic-linker /lib64/ld-linux-x86-64.so.2 -pie -z now -z relro -o cmTC_d3cbc /usr/lib/gcc/x86_64-linux-gnu/11/../../../x86_64-linux-gnu/Scrt1.o /usr/lib/gcc/x86_64-linux-gnu/11/../../../x86_64-linux-gnu/crti.o /usr/lib/gcc/x86_64-linux-gnu/11/crtbeginS.o -L/home/sophie/miniconda3/lib -L/home/sophie/miniconda3/targets/x86_64-linux/lib -L/home/sophie/miniconda3/targets/x86_64-linux/lib/stubs -L/usr/lib/gcc/x86_64-linux-gnu/11 -L/usr/lib/gcc/x86_64-linux-gnu/11/../../../x86_64-linux-gnu -L/usr/lib/gcc/x86_64-linux-gnu/11/../../../../lib -L/lib/x86_64-linux-gnu -L/lib/../lib -L/usr/lib/x86_64-linux-gnu -L/usr/lib/../lib -L/usr/lib/gcc/x86_64-linux-gnu/11/../../.. -O2 --sort-common --as-needed -z relro -z now --disable-new-dtags --gc-sections -rpath /home/sophie/miniconda3/lib -rpath-link /home/sophie/miniconda3/lib CMakeFiles/cmTC_d3cbc.dir/CMakeCCompilerABI.c.o -lgcc --push-state --as-needed -lgcc_s --pop-state -lc -lgcc --push-state --as-needed -lgcc_s --pop-state /usr/lib/gcc/x86_64-linux-gnu/11/crtendS.o /usr/lib/gcc/x86_64-linux-gnu/11/../../../x86_64-linux-gnu/crtn.o
COLLECT_GCC_OPTIONS='-L/home/sophie/miniconda3/lib' '-L/home/sophie/miniconda3/targets/x86_64-linux/lib' '-L/home/sophie/miniconda3/targets/x86_64-linux/lib/stubs' '-v' '-o' 'cmTC_d3cbc' '-mtune=generic' '-march=x86-64' '-dumpdir' 'cmTC_d3cbc.'
gmake[1]: Leaving directory '/home/sophie/isaac_lab/isaac_ws/rl_code/soarm100sim/ros2/build/soarm100_interfaces/CMakeFiles/CMakeTmp'



Parsed C implicit include dir info from above output: rv=done
  found start of include info
  found start of implicit include info
    add: [/usr/lib/gcc/x86_64-linux-gnu/11/include]
    add: [/usr/local/include]
    add: [/usr/include/x86_64-linux-gnu]
    add: [/usr/include]
  end of search list found
  collapse include dir [/usr/lib/gcc/x86_64-linux-gnu/11/include] ==> [/usr/lib/gcc/x86_64-linux-gnu/11/include]
  collapse include dir [/usr/local/include] ==> [/usr/local/include]
  collapse include dir [/usr/include/x86_64-linux-gnu] ==> [/usr/include/x86_64-linux-gnu]
  collapse include dir [/usr/include] ==> [/usr/include]
  implicit include dirs: [/usr/lib/gcc/x86_64-linux-gnu/11/include;/usr/local/include;/usr/include/x86_64-linux-gnu;/usr/include]


Parsed C implicit link information from above output:
  link line regex: [^( *|.*[/\])(ld|CMAKE_LINK_STARTFILE-NOTFOUND|([^/\]+-)?ld|collect2)[^/\]*( |$)]
  ignore line: [Change Dir: /home/sophie/isaac_lab/isaac_ws/rl_code/soarm100sim/ros2/build/soarm100_interfaces/CMakeFiles/CMakeTmp]
  ignore line: []
  ignore line: [Run Build Command(s):/usr/bin/gmake -f Makefile cmTC_d3cbc/fast && /usr/bin/gmake  -f CMakeFiles/cmTC_d3cbc.dir/build.make CMakeFiles/cmTC_d3cbc.dir/build]
  ignore line: [gmake[1]: Entering directory '/home/sophie/isaac_lab/isaac_ws/rl_code/soarm100sim/ros2/build/soarm100_interfaces/CMakeFiles/CMakeTmp']
  ignore line: [Building C object CMakeFiles/cmTC_d3cbc.dir/CMakeCCompilerABI.c.o]
  ignore line: [/usr/bin/cc   -v -o CMakeFiles/cmTC_d3cbc.dir/CMakeCCompilerABI.c.o -c /usr/share/cmake-3.22/Modules/CMakeCCompilerABI.c]
  ignore line: [Using built-in specs.]
  ignore line: [COLLECT_GCC=/usr/bin/cc]
  ignore line: [OFFLOAD_TARGET_NAMES=nvptx-none:amdgcn-amdhsa]
  ignore line: [OFFLOAD_TARGET_DEFAULT=1]
  ignore line: [Target: x86_64-linux-gnu]
  ignore line: [Configured with: ../src/configure -v --with-pkgversion='Ubuntu 11.4.0-1ubuntu1~22.04.3' --with-bugurl=file:///usr/share/doc/gcc-11/README.Bugs --enable-languages=c ada c++ go brig d fortran objc obj-c++ m2 --prefix=/usr --with-gcc-major-version-only --program-suffix=-11 --program-prefix=x86_64-linux-gnu- --enable-shared --enable-linker-build-id --libexecdir=/usr/lib --without-included-gettext --enable-threads=posix --libdir=/usr/lib --enable-nls --enable-bootstrap --enable-clocale=gnu --enable-libstdcxx-debug --enable-libstdcxx-time=yes --with-default-libstdcxx-abi=new --enable-gnu-unique-object --disable-vtable-verify --enable-plugin --enable-default-pie --with-system-zlib --enable-libphobos-checking=release --with-target-system-zlib=auto --enable-objc-gc=auto --enable-multiarch --disable-werror --enable-cet --with-arch-32=i686 --with-abi=m64 --with-multilib-list=m32 m64 mx32 --enable-multilib --with-tune=generic --enable-offload-targets=nvptx-none=/build/gcc-11-0odw26/gcc-11-11.4.0/debian/tmp-nvptx/usr amdgcn-amdhsa=/build/gcc-11-0odw26/gcc-11-11.4.0/debian/tmp-gcn/usr --without-cuda-driver --enable-checking=release --build=x86_64-linux-gnu --host=x86_64-linux-gnu --target=x86_64-linux-gnu --with-build-config=bootstrap-lto-lean --enable-link-serialization=2]
  ignore line: [Thread model: posix]
  ignore line: [Supported LTO compression algorithms: zlib zstd]
  ignore line: [gcc version 11.4.0 (Ubuntu 11.4.0-1ubuntu1~22.04.3) ]
  ignore line: [COLLECT_GCC_OPTIONS='-v' '-o' 'CMakeFiles/cmTC_d3cbc.dir/CMakeCCompilerABI.c.o' '-c' '-mtune=generic' '-march=x86-64' '-dumpdir' 'CMakeFiles/cmTC_d3cbc.dir/']
  ignore line: [ /usr/lib/gcc/x86_64-linux-gnu/11/cc1 -quiet -v -imultiarch x86_64-linux-gnu /usr/share/cmake-3.22/Modules/CMakeCCompilerABI.c -quiet -dumpdir CMakeFiles/cmTC_d3cbc.dir/ -dumpbase CMakeCCompilerABI.c.c -dumpbase-ext .c -mtune=generic -march=x86-64 -version -fasynchronous-unwind-tables -fstack-protector-strong -Wformat -Wformat-security -fstack-clash-protection -fcf-protection -o /tmp/ccKD9fIe.s]
  ignore line: [GNU C17 (Ubuntu 11.4.0-1ubuntu1~22.04.3) version 11.4.0 (x86_64-linux-gnu)]
  ignore line: [	compiled by GNU C version 11.4.0  GMP version 6.2.1  MPFR version 4.1.0  MPC version 1.2.1  isl version isl-0.24-GMP]
  ignore line: []
  ignore line: [GGC heuristics: --param ggc-min-expand=100 --param ggc-min-heapsize=131072]
  ignore line: [ignoring nonexistent directory "/usr/local/include/x86_64-linux-gnu"]
  ignore line: [ignoring nonexistent directory "/usr/lib/gcc/x86_64-linux-gnu/11/include-fixed"]
  ignore line: [ignoring nonexistent directory "/usr/lib/gcc/x86_64-linux-gnu/11/../../../../x86_64-linux-gnu/include"]
  ignore line: [#include "..." search starts here:]
  ignore line: [#include <...> search starts here:]
  ignore line: [ /usr/lib/gcc/x86_64-linux-gnu/11/include]
  ignore line: [ /usr/local/include]
  ignore line: [ /usr/include/x86_64-linux-gnu]
  ignore line: [ /usr/include]
  ignore line: [End of search list.]
  ignore line: [GNU C17 (Ubuntu 11.4.0-1ubuntu1~22.04.3) version 11.4.0 (x86_64-linux-gnu)]
  ignore line: [	compiled by GNU C version 11.4.0  GMP version 6.2.1  MPFR version 4.1.0  MPC version 1.2.1  isl version isl-0.24-GMP]
  ignore line: []
  ignore line: [GGC heuristics: --param ggc-min-expand=100 --param ggc-min-heapsize=131072]
  ignore line: [Compiler executable checksum: 46ebede1f5b795a957a1e85cb61af9d8]
  ignore line: [COLLECT_GCC_OPTIONS='-v' '-o' 'CMakeFiles/cmTC_d3cbc.dir/CMakeCCompilerABI.c.o' '-c' '-mtune=generic' '-march=x86-64' '-dumpdir' 'CMakeFiles/cmTC_d3cbc.dir/']
  ignore line: [ as -v --64 -o CMakeFiles/cmTC_d3cbc.dir/CMakeCCompilerABI.c.o /tmp/ccKD9fIe.s]
  ignore line: [GNU assembler version 2.38 (x86_64-linux-gnu) using BFD version (GNU Binutils for Ubuntu) 2.38]
  ignore line: [COMPILER_PATH=/usr/lib/gcc/x86_64-linux-gnu/11/:/usr/lib/gcc/x86_64-linux-gnu/11/:/usr/lib/gcc/x86_64-linux-gnu/:/usr/lib/gcc/x86_64-linux-gnu/11/:/usr/lib/gcc/x86_64-linux-gnu/]
  ignore line: [LIBRARY_PATH=/usr/lib/gcc/x86_64-linux-gnu/11/:/usr/lib/gcc/x86_64-linux-gnu/11/../../../x86_64-linux-gnu/:/usr/lib/gcc/x86_64-linux-gnu/11/../../../../lib/:/lib/x86_64-linux-gnu/:/lib/../lib/:/usr/lib/x86_64-linux-gnu/:/usr/lib/../lib/:/usr/lib/gcc/x86_64-linux-gnu/11/../../../:/lib/:/usr/lib/]
  ignore line: [COLLECT_GCC_OPTIONS='-v' '-o' 'CMakeFiles/cmTC_d3cbc.dir/CMakeCCompilerABI.c.o' '-c' '-mtune=generic' '-march=x86-64' '-dumpdir' 'CMakeFiles/cmTC_d3cbc.dir/CMakeCCompilerABI.c.']
  ignore line: [Linking C executable cmTC_d3cbc]
  ignore line: [/usr/bin/cmake -E cmake_link_script CMakeFiles/cmTC_d3cbc.dir/link.txt --verbose=1]
  ignore line: [/usr/bin/cc -Wl -O2 -Wl --sort-common -Wl --as-needed -Wl -z relro -Wl -z now -Wl --disable-new-dtags -Wl --gc-sections -Wl -rpath /home/sophie/miniconda3/lib -Wl -rpath-link /home/sophie/miniconda3/lib -L/home/sophie/miniconda3/lib  -L/home/sophie/miniconda3/targets/x86_64-linux/lib -L/home/sophie/miniconda3/targets/x86_64-linux/lib/stubs -v CMakeFiles/cmTC_d3cbc.dir/CMakeCCompilerABI.c.o -o cmTC_d3cbc ]
  ignore line: [Using built-in specs.]
  ignore line: [COLLECT_GCC=/usr/bin/cc]
  ignore line: [COLLECT_LTO_WRAPPER=/usr/lib/gcc/x86_64-linux-gnu/11/lto-wrapper]
  ignore line: [OFFLOAD_TARGET_NAMES=nvptx-none:amdgcn-amdhsa]
  ignore line: [OFFLOAD_TARGET_DEFAULT=1]
  ignore line: [Target: x86_64-linux-gnu]
  ignore line: [Configured with: ../src/configure -v --with-pkgversion='Ubuntu 11.4.0-1ubuntu1~22.04.3' --with-bugurl=file:///usr/share/doc/gcc-11/README.Bugs --enable-languages=c ada c++ go brig d fortran objc obj-c++ m2 --prefix=/usr --with-gcc-major-version-only --program-suffix=-11 --program-prefix=x86_64-linux-gnu- --enable-shared --enable-linker-build-id --libexecdir=/usr/lib --without-included-gettext --enable-threads=posix --libdir=/usr/lib --enable-nls --enable-bootstrap --enable-clocale=gnu --enable-libstdcxx-debug --enable-libstdcxx-time=yes --with-default-libstdcxx-abi=new --enable-gnu-unique-object --disable-vtable-verify --enable-plugin --enable-default-pie --with-system-zlib --enable-libphobos-checking=release --with-target-system-zlib=auto --enable-objc-gc=auto --enable-multiarch --disable-werror --enable-cet --with-arch-32=i686 --with-abi=m64 --with-multilib-list=m32 m64 mx32 --enable-multilib --with-tune=generic --enable-offload-targets=nvptx-none=/build/gcc-11-0odw26/gcc-11-11.4.0/debian/tmp-nvptx/usr amdgcn-amdhsa=/build/gcc-11-0odw26/gcc-11-11.4.0/debian/tmp-gcn/usr --without-cuda-driver --enable-checking=release --build=x86_64-linux-gnu --host=x86_64-linux-gnu --target=x86_64-linux-gnu --with-build-config=bootstrap-lto-lean --enable-link-serialization=2]
  ignore line: [Thread model: posix]
  ignore line: [Supported LTO compression algorithms: zlib zstd]
  ignore line: [gcc version 11.4.0 (Ubuntu 11.4.0-1ubuntu1~22.04.3) ]
  ignore line: [COMPILER_PATH=/usr/lib/gcc/x86_64-linux-gnu/11/:/usr/lib/gcc/x86_64-linux-gnu/11/:/usr/lib/gcc/x86_64-linux-gnu/:/usr/lib/gcc/x86_64-linux-gnu/11/:/usr/lib/gcc/x86_64-linux-gnu/]
  ignore line: [LIBRARY_PATH=/usr/lib/gcc/x86_64-linux-gnu/11/:/usr/lib/gcc/x86_64-linux-gnu/11/../../../x86_64-linux-gnu/:/usr/lib/gcc/x86_64-linux-gnu/11/../../../../lib/:/lib/x86_64-linux-gnu/:/lib/../lib/:/usr/lib/x86_64-linux-gnu/:/usr/lib/../lib/:/usr/lib/gcc/x86_64-linux-gnu/11/../../../:/lib/:/usr/lib/]
  ignore line: [COLLECT_GCC_OPTIONS='-L/home/sophie/miniconda3/lib' '-L/home/sophie/miniconda3/targets/x86_64-linux/lib' '-L/home/sophie/miniconda3/targets/x86_64-linux/lib/stubs' '-v' '-o' 'cmTC_d3cbc' '-mtune=generic' '-march=x86-64' '-dumpdir' 'cmTC_d3cbc.']
  link line: [ /usr/lib/gcc/x86_64-linux-gnu/11/collect2 -plugin /usr/lib/gcc/x86_64-linux-gnu/11/liblto_plugin.so -plugin-opt=/usr/lib/gcc/x86_64-linux-gnu/11/lto-wrapper -plugin-opt=-fresolution=/tmp/ccSoVeBY.res -plugin-opt=-pass-through=-lgcc -plugin-opt=-pass-through=-lgcc_s -plugin-opt=-pass-through=-lc -plugin-opt=-pass-through=-lgcc -plugin-opt=-pass-through=-lgcc_s --build-id --eh-frame-hdr -m elf_x86_64 --hash-style=gnu --as-needed -dynamic-linker /lib64/ld-linux-x86-64.so.2 -pie -z now -z relro -o cmTC_d3cbc /usr/lib/gcc/x86_64-linux-gnu/11/../../../x86_64-linux-gnu/Scrt1.o /usr/lib/gcc/x86_64-linux-gnu/11/../../../x86_64-linux-gnu/crti.o /usr/lib/gcc/x86_64-linux-gnu/11/crtbeginS.o -L/home/sophie/miniconda3/lib -L/home/sophie/miniconda3/targets/x86_64-linux/lib -L/home/sophie/miniconda3/targets/x86_64-linux/lib/stubs -L/usr/lib/gcc/x86_64-linux-gnu/11 -L/usr/lib/gcc/x86_64-linux-gnu/11/../../../x86_64-linux-gnu -L/usr/lib/gcc/x86_64-linux-gnu/11/../../../../lib -L/lib/x86_64-linux-gnu -L/lib/../lib -L/usr/lib/x86_64-linux-gnu -L/usr/lib/../lib -L/usr/lib/gcc/x86_64-linux-gnu/11/../../.. -O2 --sort-common --as-needed -z relro -z now --disable-new-dtags --gc-sections -rpath /home/sophie/miniconda3/lib -rpath-link /home/sophie/miniconda3/lib CMakeFiles/cmTC_d3cbc.dir/CMakeCCompilerABI.c.o -lgcc --push-state --as-needed -lgcc_s --pop-state -lc -lgcc --push-state --as-needed -lgcc_s --pop-state /usr/lib/gcc/x86_64-linux-gnu/11/crtendS.o /usr/lib/gcc/x86_64-linux-gnu/11/../../../x86_64-linux-gnu/crtn.o]
    arg [/usr/lib/gcc/x86_64-linux-gnu/11/collect2] ==> ignore
    arg [-plugin] ==> ignore
    arg [/usr/lib/gcc/x86_64-linux-gnu/11/liblto_plugin.so] ==> ignore
    arg [-plugin-opt=/usr/lib/gcc/x86_64-linux-gnu/11/lto-wrapper] ==> ignore
    arg [-plugin-opt=-fresolution=/tmp/ccSoVeBY.res] ==> ignore
    arg [-plugin-opt=-pass-through=-lgcc] ==> ignore
    arg [-plugin-opt=-pass-through=-lgcc_s] ==> ignore
    arg [-plugin-opt=-pass-through=-lc] ==> ignore
    arg [-plugin-opt=-pass-through=-lgcc] ==> ignore
    arg [-plugin-opt=-pass-through=-lgcc_s] ==> ignore
    arg [--build-id] ==> ignore
    arg [--eh-frame-hdr] ==> ignore
    arg [-m] ==> ignore
    arg [elf_x86_64] ==> ignore
    arg [--hash-style=gnu] ==> ignore
    arg [--as-needed] ==> ignore
    arg [-dynamic-linker] ==> ignore
    arg [/lib64/ld-linux-x86-64.so.2] ==> ignore
    arg [-pie] ==> ignore
    arg [-znow] ==> ignore
    arg [-zrelro] ==> ignore
    arg [-o] ==> ignore
    arg [cmTC_d3cbc] ==> ignore
    arg [/usr/lib/gcc/x86_64-linux-gnu/11/../../../x86_64-linux-gnu/Scrt1.o] ==> obj [/usr/lib/gcc/x86_64-linux-gnu/11/../../../x86_64-linux-gnu/Scrt1.o]
    arg [/usr/lib/gcc/x86_64-linux-gnu/11/../../../x86_64-linux-gnu/crti.o] ==> obj [/usr/lib/gcc/x86_64-linux-gnu/11/../../../x86_64-linux-gnu/crti.o]
    arg [/usr/lib/gcc/x86_64-linux-gnu/11/crtbeginS.o] ==> obj [/usr/lib/gcc/x86_64-linux-gnu/11/crtbeginS.o]
    arg [-L/home/sophie/miniconda3/lib] ==> dir [/home/sophie/miniconda3/lib]
    arg [-L/home/sophie/miniconda3/targets/x86_64-linux/lib] ==> dir [/home/sophie/miniconda3/targets/x86_64-linux/lib]
    arg [-L/home/sophie/miniconda3/targets/x86_64-linux/lib/stubs] ==> dir [/home/sophie/miniconda3/targets/x86_64-linux/lib/stubs]
    arg [-L/usr/lib/gcc/x86_64-linux-gnu/11] ==> dir [/usr/lib/gcc/x86_64-linux-gnu/11]
    arg [-L/usr/lib/gcc/x86_64-linux-gnu/11/../../../x86_64-linux-gnu] ==> dir [/usr/lib/gcc/x86_64-linux-gnu/11/../../../x86_64-linux-gnu]
    arg [-L/usr/lib/gcc/x86_64-linux-gnu/11/../../../../lib] ==> dir [/usr/lib/gcc/x86_64-linux-gnu/11/../../../../lib]
    arg [-L/lib/x86_64-linux-gnu] ==> dir [/lib/x86_64-linux-gnu]
    arg [-L/lib/../lib] ==> dir [/lib/../lib]
    arg [-L/usr/lib/x86_64-linux-gnu] ==> dir [/usr/lib/x86_64-linux-gnu]
    arg [-L/usr/lib/../lib] ==> dir [/usr/lib/../lib]
    arg [-L/usr/lib/gcc/x86_64-linux-gnu/11/../../..] ==> dir [/usr/lib/gcc/x86_64-linux-gnu/11/../../..]
    arg [-O2] ==> ignore
    arg [--sort-common] ==> ignore
    arg [--as-needed] ==> ignore
    arg [-zrelro] ==> ignore
    arg [-znow] ==> ignore
    arg [--disable-new-dtags] ==> ignore
    arg [--gc-sections] ==> ignore
    arg [-rpath] ==> ignore
    arg [/home/sophie/miniconda3/lib] ==> ignore
    arg [-rpath-link] ==> ignore
    arg [/home/sophie/miniconda3/lib] ==> ignore
    arg [CMakeFiles/cmTC_d3cbc.dir/CMakeCCompilerABI.c.o] ==> ignore
    arg [-lgcc] ==> lib [gcc]
    arg [--push-state] ==> ignore
    arg [--as-needed] ==> ignore
    arg [-lgcc_s] ==> lib [gcc_s]
    arg [--pop-state] ==> ignore
    arg [-lc] ==> lib [c]
    arg [-lgcc] ==> lib [gcc]
    arg [--push-state] ==> ignore
    arg [--as-needed] ==> ignore
    arg [-lgcc_s] ==> lib [gcc_s]
    arg [--pop-state] ==> ignore
    arg [/usr/lib/gcc/x86_64-linux-gnu/11/crtendS.o] ==> obj [/usr/lib/gcc/x86_64-linux-gnu/11/crtendS.o]
    arg [/usr/lib/gcc/x86_64-linux-gnu/11/../../../x86_64-linux-gnu/crtn.o] ==> obj [/usr/lib/gcc/x86_64-linux-gnu/11/../../../x86_64-linux-gnu/crtn.o]
  collapse obj [/usr/lib/gcc/x86_64-linux-gnu/11/../../../x86_64-linux-gnu/Scrt1.o] ==> [/usr/lib/x86_64-linux-gnu/Scrt1.o]
  collapse obj [/usr/lib/gcc/x86_64-linux-gnu/11/../../../x86_64-linux-gnu/crti.o] ==> [/usr/lib/x86_64-linux-gnu/crti.o]
  collapse obj [/usr/lib/gcc/x86_64-linux-gnu/11/../../../x86_64-linux-gnu/crtn.o] ==> [/usr/lib/x86_64-linux-gnu/crtn.o]
  collapse library dir [/home/sophie/miniconda3/lib] ==> [/home/sophie/miniconda3/lib]
  collapse library dir [/home/sophie/miniconda3/targets/x86_64-linux/lib] ==> [/home/sophie/miniconda3/targets/x86_64-linux/lib]
  collapse library dir [/home/sophie/miniconda3/targets/x86_64-linux/lib/stubs] ==> [/home/sophie/miniconda3/targets/x86_64-linux/lib/stubs]
  collapse library dir [/usr/lib/gcc/x86_64-linux-gnu/11] ==> [/usr/lib/gcc/x86_64-linux-gnu/11]
  collapse library dir [/usr/lib/gcc/x86_64-linux-gnu/11/../../../x86_64-linux-gnu] ==> [/usr/lib/x86_64-linux-gnu]
  collapse library dir [/usr/lib/gcc/x86_64-linux-gnu/11/../../../../lib] ==> [/usr/lib]
  collapse library dir [/lib/x86_64-linux-gnu] ==> [/lib/x86_64-linux-gnu]
  collapse library dir [/lib/../lib] ==> [/lib]
  collapse library dir [/usr/lib/x86_64-linux-gnu] ==> [/usr/lib/x86_64-linux-gnu]
  collapse library dir [/usr/lib/../lib] ==> [/usr/lib]
  collapse library dir [/usr/lib/gcc/x86_64-linux-gnu/11/../../..] ==> [/usr/lib]
  implicit libs: [gcc;gcc_s;c;gcc;gcc_s]
  implicit objs: [/usr/lib/x86_64-linux-gnu/Scrt1.o;/usr/lib/x86_64-linux-gnu/crti.o;/usr/lib/gcc/x86_64-linux-gnu/11/crtbeginS.o;/usr/lib/gcc/x86_64-linux-gnu/11/crtendS.o;/usr/lib/x86_64-linux-gnu/crtn.o]
  implicit dirs: [/home/sophie/miniconda3/lib;/home/sophie/miniconda3/targets/x86_64-linux/lib;/home/sophie/miniconda3/targets/x86_64-linux/lib/stubs;/usr/lib/gcc/x86_64-linux-gnu/11;/usr/lib/x86_64-linux-gnu;/usr/lib;/lib/x86_64-linux-gnu;/lib]
  implicit fwks: []


Detecting CXX compiler ABI info compiled with the following output:
Change Dir: /home/sophie/isaac_lab/isaac_ws/rl_code/soarm100sim/ros2/build/soarm100_interfaces/CMakeFiles/CMakeTmp

Run Build Command(s):/usr/bin/gmake -f Makefile cmTC_833cf/fast && /usr/bin/gmake  -f CMakeFiles/cmTC_833cf.dir/build.make CMakeFiles/cmTC_833cf.dir/build
gmake[1]: Entering directory '/home/sophie/isaac_lab/isaac_ws/rl_code/soarm100sim/ros2/build/soarm100_interfaces/CMakeFiles/CMakeTmp'
Building CXX object CMakeFiles/cmTC_833cf.dir/CMakeCXXCompilerABI.cpp.o
/usr/bin/c++   -fvisibility-inlines-hidden -fmessage-length=0 -march=nocona -mtune=haswell -ftree-vectorize -fPIC -fstack-protector-strong -fno-plt -O2 -ffunction-sections -pipe -isystem /home/sophie/miniconda3/include  -I/home/sophie/miniconda3/targets/x86_64-linux/include  -L/home/sophie/miniconda3/targets/x86_64-linux/lib -L/home/sophie/miniconda3/targets/x86_64-linux/lib/stubs    -v -o CMakeFiles/cmTC_833cf.dir/CMakeCXXCompilerABI.cpp.o -c /usr/share/cmake-3.22/Modules/CMakeCXXCompilerABI.cpp
Using built-in specs.
COLLECT_GCC=/usr/bin/c++
OFFLOAD_TARGET_NAMES=nvptx-none:amdgcn-amdhsa
OFFLOAD_TARGET_DEFAULT=1
Target: x86_64-linux-gnu
Configured with: ../src/configure -v --with-pkgversion='Ubuntu 11.4.0-1ubuntu1~22.04.3' --with-bugurl=file:///usr/share/doc/gcc-11/README.Bugs --enable-languages=c,ada,c++,go,brig,d,fortran,objc,obj-c++,m2 --prefix=/usr --with-gcc-major-version-only --program-suffix=-11 --program-prefix=x86_64-linux-gnu- --enable-shared --enable-linker-build-id --libexecdir=/usr/lib --without-included-gettext --enable-threads=posix --libdir=/usr/lib --enable-nls --enable-bootstrap --enable-clocale=gnu --enable-libstdcxx-debug --enable-libstdcxx-time=yes --with-default-libstdcxx-abi=new --enable-gnu-unique-object --disable-vtable-verify --enable-plugin --enable-default-pie --with-system-zlib --enable-libphobos-checking=release --with-target-system-zlib=auto --enable-objc-gc=auto --enable-multiarch --disable-werror --enable-cet --with-arch-32=i686 --with-abi=m64 --with-multilib-list=m32,m64,mx32 --enable-multilib --with-tune=generic --enable-offload-targets=nvptx-none=/build/gcc-11-0odw26/gcc-11-11.4.0/debian/tmp-nvptx/usr,amdgcn-amdhsa=/build/gcc-11-0odw26/gcc-11-11.4.0/debian/tmp-gcn/usr --without-cuda-driver --enable-checking=release --build=x86_64-linux-gnu --host=x86_64-linux-gnu --target=x86_64-linux-gnu --with-build-config=bootstrap-lto-lean --enable-link-serialization=2
Thread model: posix
Supported LTO compression algorithms: zlib zstd
gcc version 11.4.0 (Ubuntu 11.4.0-1ubuntu1~22.04.3) 
COLLECT_GCC_OPTIONS='-fvisibility-inlines-hidden' '-fmessage-length=0' '-march=nocona' '-mtune=haswell' '-ftree-vectorize' '-fPIC' '-fstack-protector-strong' '-fno-plt' '-O2' '-ffunction-sections' '-pipe' '-isystem' '/home/sophie/miniconda3/include' '-I' '/home/sophie/miniconda3/targets/x86_64-linux/include' '-L/home/sophie/miniconda3/targets/x86_64-linux/lib' '-L/home/sophie/miniconda3/targets/x86_64-linux/lib/stubs' '-v' '-o' 'CMakeFiles/cmTC_833cf.dir/CMakeCXXCompilerABI.cpp.o' '-c' '-shared-libgcc' '-dumpdir' 'CMakeFiles/cmTC_833cf.dir/'
 /usr/lib/gcc/x86_64-linux-gnu/11/cc1plus -quiet -v -I /home/sophie/miniconda3/targets/x86_64-linux/include -imultiarch x86_64-linux-gnu -D_GNU_SOURCE -isystem /home/sophie/miniconda3/include /usr/share/cmake-3.22/Modules/CMakeCXXCompilerABI.cpp -quiet -dumpdir CMakeFiles/cmTC_833cf.dir/ -dumpbase CMakeCXXCompilerABI.cpp.cpp -dumpbase-ext .cpp -march=nocona -mtune=haswell -O2 -version -fvisibility-inlines-hidden -fmessage-length=0 -ftree-vectorize -fPIC -fstack-protector-strong -fno-plt -ffunction-sections -fasynchronous-unwind-tables -fstack-protector-strong -Wformat -Wformat-security -fstack-clash-protection -fcf-protection -o - |
 as -v -I /home/sophie/miniconda3/targets/x86_64-linux/include --64 -o CMakeFiles/cmTC_833cf.dir/CMakeCXXCompilerABI.cpp.o
GNU assembler version 2.38 (x86_64-linux-gnu) using BFD version (GNU Binutils for Ubuntu) 2.38
GNU C++17 (Ubuntu 11.4.0-1ubuntu1~22.04.3) version 11.4.0 (x86_64-linux-gnu)
	compiled by GNU C version 11.4.0, GMP version 6.2.1, MPFR version 4.1.0, MPC version 1.2.1, isl version isl-0.24-GMP

GGC heuristics: --param ggc-min-expand=100 --param ggc-min-heapsize=131072
ignoring duplicate directory "/usr/include/x86_64-linux-gnu/c++/11"
ignoring nonexistent directory "/usr/local/include/x86_64-linux-gnu"
ignoring nonexistent directory "/usr/lib/gcc/x86_64-linux-gnu/11/include-fixed"
ignoring nonexistent directory "/usr/lib/gcc/x86_64-linux-gnu/11/../../../../x86_64-linux-gnu/include"
#include "..." search starts here:
#include <...> search starts here:
 /home/sophie/miniconda3/targets/x86_64-linux/include
 /home/sophie/miniconda3/include
 /usr/include/c++/11
 /usr/include/x86_64-linux-gnu/c++/11
 /usr/include/c++/11/backward
 /usr/lib/gcc/x86_64-linux-gnu/11/include
 /usr/local/include
 /usr/include/x86_64-linux-gnu
 /usr/include
End of search list.
GNU C++17 (Ubuntu 11.4.0-1ubuntu1~22.04.3) version 11.4.0 (x86_64-linux-gnu)
	compiled by GNU C version 11.4.0, GMP version 6.2.1, MPFR version 4.1.0, MPC version 1.2.1, isl version isl-0.24-GMP

GGC heuristics: --param ggc-min-expand=100 --param ggc-min-heapsize=131072
Compiler executable checksum: ac7fa628ee459f217e6fdb88b3db0bde
COMPILER_PATH=/usr/lib/gcc/x86_64-linux-gnu/11/:/usr/lib/gcc/x86_64-linux-gnu/11/:/usr/lib/gcc/x86_64-linux-gnu/:/usr/lib/gcc/x86_64-linux-gnu/11/:/usr/lib/gcc/x86_64-linux-gnu/
LIBRARY_PATH=/usr/lib/gcc/x86_64-linux-gnu/11/:/usr/lib/gcc/x86_64-linux-gnu/11/../../../x86_64-linux-gnu/:/usr/lib/gcc/x86_64-linux-gnu/11/../../../../lib/:/lib/x86_64-linux-gnu/:/lib/../lib/:/usr/lib/x86_64-linux-gnu/:/usr/lib/../lib/:/usr/lib/gcc/x86_64-linux-gnu/11/../../../:/lib/:/usr/lib/
COLLECT_GCC_OPTIONS='-fvisibility-inlines-hidden' '-fmessage-length=0' '-march=nocona' '-mtune=haswell' '-ftree-vectorize' '-fPIC' '-fstack-protector-strong' '-fno-plt' '-O2' '-ffunction-sections' '-pipe' '-isystem' '/home/sophie/miniconda3/include' '-I' '/home/sophie/miniconda3/targets/x86_64-linux/include' '-L/home/sophie/miniconda3/targets/x86_64-linux/lib' '-L/home/sophie/miniconda3/targets/x86_64-linux/lib/stubs' '-v' '-o' 'CMakeFiles/cmTC_833cf.dir/CMakeCXXCompilerABI.cpp.o' '-c' '-shared-libgcc' '-dumpdir' 'CMakeFiles/cmTC_833cf.dir/CMakeCXXCompilerABI.cpp.'
Linking CXX executable cmTC_833cf
/usr/bin/cmake -E cmake_link_script CMakeFiles/cmTC_833cf.dir/link.txt --verbose=1
/usr/bin/c++ -fvisibility-inlines-hidden -fmessage-length=0 -march=nocona -mtune=haswell -ftree-vectorize -fPIC -fstack-protector-strong -fno-plt -O2 -ffunction-sections -pipe -isystem /home/sophie/miniconda3/include  -I/home/sophie/miniconda3/targets/x86_64-linux/include  -L/home/sophie/miniconda3/targets/x86_64-linux/lib -L/home/sophie/miniconda3/targets/x86_64-linux/lib/stubs  -Wl,-O2 -Wl,--sort-common -Wl,--as-needed -Wl,-z,relro -Wl,-z,now -Wl,--disable-new-dtags -Wl,--gc-sections -Wl,-rpath,/home/sophie/miniconda3/lib -Wl,-rpath-link,/home/sophie/miniconda3/lib -L/home/sophie/miniconda3/lib  -L/home/sophie/miniconda3/targets/x86_64-linux/lib -L/home/sophie/miniconda3/targets/x86_64-linux/lib/stubs -v CMakeFiles/cmTC_833cf.dir/CMakeCXXCompilerABI.cpp.o -o cmTC_833cf 
Using built-in specs.
COLLECT_GCC=/usr/bin/c++
COLLECT_LTO_WRAPPER=/usr/lib/gcc/x86_64-linux-gnu/11/lto-wrapper
OFFLOAD_TARGET_NAMES=nvptx-none:amdgcn-amdhsa
OFFLOAD_TARGET_DEFAULT=1
Target: x86_64-linux-gnu
Configured with: ../src/configure -v --with-pkgversion='Ubuntu 11.4.0-1ubuntu1~22.04.3' --with-bugurl=file:///usr/share/doc/gcc-11/README.Bugs --enable-languages=c,ada,c++,go,brig,d,fortran,objc,obj-c++,m2 --prefix=/usr --with-gcc-major-version-only --program-suffix=-11 --program-prefix=x86_64-linux-gnu- --enable-shared --enable-linker-build-id --libexecdir=/usr/lib --without-included-gettext --enable-threads=posix --libdir=/usr/lib --enable-nls --enable-bootstrap --enable-clocale=gnu --enable-libstdcxx-debug --enable-libstdcxx-time=yes --with-default-libstdcxx-abi=new --enable-gnu-unique-object --disable-vtable-verify --enable-plugin --enable-default-pie --with-system-zlib --enable-libphobos-checking=release --with-target-system-zlib=auto --enable-objc-gc=auto --enable-multiarch --disable-werror --enable-cet --with-arch-32=i686 --with-abi=m64 --with-multilib-list=m32,m64,mx32 --enable-multilib --with-tune=generic --enable-offload-targets=nvptx-none=/build/gcc-11-0odw26/gcc-11-11.4.0/debian/tmp-nvptx/usr,amdgcn-amdhsa=/build/gcc-11-0odw26/gcc-11-11.4.0/debian/tmp-gcn/usr --without-cuda-driver --enable-checking=release --build=x86_64-linux-gnu --host=x86_64-linux-gnu --target=x86_64-linux-gnu --with-build-config=bootstrap-lto-lean --enable-link-serialization=2
Thread model: posix
Supported LTO compression algorithms: zlib zstd
gcc version 11.4.0 (Ubuntu 11.4.0-1ubuntu1~22.04.3) 
COMPILER_PATH=/usr/lib/gcc/x86_64-linux-gnu/11/:/usr/lib/gcc/x86_64-linux-gnu/11/:/usr/lib/gcc/x86_64-linux-gnu/:/usr/lib/gcc/x86_64-linux-gnu/11/:/usr/lib/gcc/x86_64-linux-gnu/
LIBRARY_PATH=/usr/lib/gcc/x86_64-linux-gnu/11/:/usr/lib/gcc/x86_64-linux-gnu/11/../../../x86_64-linux-gnu/:/usr/lib/gcc/x86_64-linux-gnu/11/../../../../lib/:/lib/x86_64-linux-gnu/:/lib/../lib/:/usr/lib/x86_64-linux-gnu/:/usr/lib/../lib/:/usr/lib/gcc/x86_64-linux-gnu/11/../../../:/lib/:/usr/lib/
COLLECT_GCC_OPTIONS='-fvisibility-inlines-hidden' '-fmessage-length=0' '-march=nocona' '-mtune=haswell' '-ftree-vectorize' '-fPIC' '-fstack-protector-strong' '-fno-plt' '-O2' '-ffunction-sections' '-pipe' '-isystem' '/home/sophie/miniconda3/include' '-I' '/home/sophie/miniconda3/targets/x86_64-linux/include' '-L/home/sophie/miniconda3/targets/x86_64-linux/lib' '-L/home/sophie/miniconda3/targets/x86_64-linux/lib/stubs' '-L/home/sophie/miniconda3/lib' '-L/home/sophie/miniconda3/targets/x86_64-linux/lib' '-L/home/sophie/miniconda3/targets/x86_64-linux/lib/stubs' '-v' '-o' 'cmTC_833cf' '-shared-libgcc' '-dumpdir' 'cmTC_833cf.'
 /usr/lib/gcc/x86_64-linux-gnu/11/collect2 -plugin /usr/lib/gcc/x86_64-linux-gnu/11/liblto_plugin.so -plugin-opt=/usr/lib/gcc/x86_64-linux-gnu/11/lto-wrapper -plugin-opt=-fresolution=/tmp/ccUW9dbf.res -plugin-opt=-pass-through=-lgcc_s -plugin-opt=-pass-through=-lgcc -plugin-opt=-pass-through=-lc -plugin-opt=-pass-through=-lgcc_s -plugin-opt=-pass-through=-lgcc --build-id --eh-frame-hdr -m elf_x86_64 --hash-style=gnu --as-needed -dynamic-linker /lib64/ld-linux-x86-64.so.2 -pie -z now -z relro -o cmTC_833cf /usr/lib/gcc/x86_64-linux-gnu/11/../../../x86_64-linux-gnu/Scrt1.o /usr/lib/gcc/x86_64-linux-gnu/11/../../../x86_64-linux-gnu/crti.o /usr/lib/gcc/x86_64-linux-gnu/11/crtbeginS.o -L/home/sophie/miniconda3/targets/x86_64-linux/lib -L/home/sophie/miniconda3/targets/x86_64-linux/lib/stubs -L/home/sophie/miniconda3/lib -L/home/sophie/miniconda3/targets/x86_64-linux/lib -L/home/sophie/miniconda3/targets/x86_64-linux/lib/stubs -L/usr/lib/gcc/x86_64-linux-gnu/11 -L/usr/lib/gcc/x86_64-linux-gnu/11/../../../x86_64-linux-gnu -L/usr/lib/gcc/x86_64-linux-gnu/11/../../../../lib -L/lib/x86_64-linux-gnu -L/lib/../lib -L/usr/lib/x86_64-linux-gnu -L/usr/lib/../lib -L/usr/lib/gcc/x86_64-linux-gnu/11/../../.. -O2 --sort-common --as-needed -z relro -z now --disable-new-dtags --gc-sections -rpath /home/sophie/miniconda3/lib -rpath-link /home/sophie/miniconda3/lib CMakeFiles/cmTC_833cf.dir/CMakeCXXCompilerABI.cpp.o -lstdc++ -lm -lgcc_s -lgcc -lc -lgcc_s -lgcc /usr/lib/gcc/x86_64-linux-gnu/11/crtendS.o /usr/lib/gcc/x86_64-linux-gnu/11/../../../x86_64-linux-gnu/crtn.o
COLLECT_GCC_OPTIONS='-fvisibility-inlines-hidden' '-fmessage-length=0' '-march=nocona' '-mtune=haswell' '-ftree-vectorize' '-fPIC' '-fstack-protector-strong' '-fno-plt' '-O2' '-ffunction-sections' '-pipe' '-isystem' '/home/sophie/miniconda3/include' '-I' '/home/sophie/miniconda3/targets/x86_64-linux/include' '-L/home/sophie/miniconda3/targets/x86_64-linux/lib' '-L/home/sophie/miniconda3/targets/x86_64-linux/lib/stubs' '-L/home/sophie/miniconda3/lib' '-L/home/sophie/miniconda3/targets/x86_64-linux/lib' '-L/home/sophie/miniconda3/targets/x86_64-linux/lib/stubs' '-v' '-o' 'cmTC_833cf' '-shared-libgcc' '-dumpdir' 'cmTC_833cf.'
gmake[1]: Leaving directory '/home/sophie/isaac_lab/isaac_ws/rl_code/soarm100sim/ros2/build/soarm100_interfaces/CMakeFiles/CMakeTmp'



Parsed CXX implicit include dir info from above output: rv=done
  found start of include info
  found start of implicit include info
    add: [/home/sophie/miniconda3/targets/x86_64-linux/include]
    add: [/home/sophie/miniconda3/include]
    add: [/usr/include/c++/11]
    add: [/usr/include/x86_64-linux-gnu/c++/11]
    add: [/usr/include/c++/11/backward]
    add: [/usr/lib/gcc/x86_64-linux-gnu/11/include]
    add: [/usr/local/include]
    add: [/usr/include/x86_64-linux-gnu]
    add: [/usr/include]
  end of search list found
  collapse include dir [/home/sophie/miniconda3/targets/x86_64-linux/include] ==> [/home/sophie/miniconda3/targets/x86_64-linux/include]
  collapse include dir [/home/sophie/miniconda3/include] ==> [/home/sophie/miniconda3/include]
  collapse include dir [/usr/include/c++/11] ==> [/usr/include/c++/11]
  collapse include dir [/usr/include/x86_64-linux-gnu/c++/11] ==> [/usr/include/x86_64-linux-gnu/c++/11]
  collapse include dir [/usr/include/c++/11/backward] ==> [/usr/include/c++/11/backward]
  collapse include dir [/usr/lib/gcc/x86_64-linux-gnu/11/include] ==> [/usr/lib/gcc/x86_64-linux-gnu/11/include]
  collapse include dir [/usr/local/include] ==> [/usr/local/include]
  collapse include dir [/usr/include/x86_64-linux-gnu] ==> [/usr/include/x86_64-linux-gnu]
  collapse include dir [/usr/include] ==> [/usr/include]
  implicit include dirs: [/home/sophie/miniconda3/targets/x86_64-linux/include;/home/sophie/miniconda3/include;/usr/include/c++/11;/usr/include/x86_64-linux-gnu/c++/11;/usr/include/c++/11/backward;/usr/lib/gcc/x86_64-linux-gnu/11/include;/usr/local/include;/usr/include/x86_64-linux-gnu;/usr/include]


Parsed CXX implicit link information from above output:
  link line regex: [^( *|.*[/\])(ld|CMAKE_LINK_STARTFILE-NOTFOUND|([^/\]+-)?ld|collect2)[^/\]*( |$)]
  ignore line: [Change Dir: /home/sophie/isaac_lab/isaac_ws/rl_code/soarm100sim/ros2/build/soarm100_interfaces/CMakeFiles/CMakeTmp]
  ignore line: []
  ignore line: [Run Build Command(s):/usr/bin/gmake -f Makefile cmTC_833cf/fast && /usr/bin/gmake  -f CMakeFiles/cmTC_833cf.dir/build.make CMakeFiles/cmTC_833cf.dir/build]
  ignore line: [gmake[1]: Entering directory '/home/sophie/isaac_lab/isaac_ws/rl_code/soarm100sim/ros2/build/soarm100_interfaces/CMakeFiles/CMakeTmp']
  ignore line: [Building CXX object CMakeFiles/cmTC_833cf.dir/CMakeCXXCompilerABI.cpp.o]
  ignore line: [/usr/bin/c++   -fvisibility-inlines-hidden -fmessage-length=0 -march=nocona -mtune=haswell -ftree-vectorize -fPIC -fstack-protector-strong -fno-plt -O2 -ffunction-sections -pipe -isystem /home/sophie/miniconda3/include  -I/home/sophie/miniconda3/targets/x86_64-linux/include  -L/home/sophie/miniconda3/targets/x86_64-linux/lib -L/home/sophie/miniconda3/targets/x86_64-linux/lib/stubs    -v -o CMakeFiles/cmTC_833cf.dir/CMakeCXXCompilerABI.cpp.o -c /usr/share/cmake-3.22/Modules/CMakeCXXCompilerABI.cpp]
  ignore line: [Using built-in specs.]
  ignore line: [COLLECT_GCC=/usr/bin/c++]
  ignore line: [OFFLOAD_TARGET_NAMES=nvptx-none:amdgcn-amdhsa]
  ignore line: [OFFLOAD_TARGET_DEFAULT=1]
  ignore line: [Target: x86_64-linux-gnu]
  ignore line: [Configured with: ../src/configure -v --with-pkgversion='Ubuntu 11.4.0-1ubuntu1~22.04.3' --with-bugurl=file:///usr/share/doc/gcc-11/README.Bugs --enable-languages=c ada c++ go brig d fortran objc obj-c++ m2 --prefix=/usr --with-gcc-major-version-only --program-suffix=-11 --program-prefix=x86_64-linux-gnu- --enable-shared --enable-linker-build-id --libexecdir=/usr/lib --without-included-gettext --enable-threads=posix --libdir=/usr/lib --enable-nls --enable-bootstrap --enable-clocale=gnu --enable-libstdcxx-debug --enable-libstdcxx-time=yes --with-default-libstdcxx-abi=new --enable-gnu-unique-object --disable-vtable-verify --enable-plugin --enable-default-pie --with-system-zlib --enable-libphobos-checking=release --with-target-system-zlib=auto --enable-objc-gc=auto --enable-multiarch --disable-werror --enable-cet --with-arch-32=i686 --with-abi=m64 --with-multilib-list=m32 m64 mx32 --enable-multilib --with-tune=generic --enable-offload-targets=nvptx-none=/build/gcc-11-0odw26/gcc-11-11.4.0/debian/tmp-nvptx/usr amdgcn-amdhsa=/build/gcc-11-0odw26/gcc-11-11.4.0/debian/tmp-gcn/usr --without-cuda-driver --enable-checking=release --build=x86_64-linux-gnu --host=x86_64-linux-gnu --target=x86_64-linux-gnu --with-build-config=bootstrap-lto-lean --enable-link-serialization=2]
  ignore line: [Thread model: posix]
  ignore line: [Supported LTO compression algorithms: zlib zstd]
  ignore line: [gcc version 11.4.0 (Ubuntu 11.4.0-1ubuntu1~22.04.3) ]
  ignore line: [COLLECT_GCC_OPTIONS='-fvisibility-inlines-hidden' '-fmessage-length=0' '-march=nocona' '-mtune=haswell' '-ftree-vectorize' '-fPIC' '-fstack-protector-strong' '-fno-plt' '-O2' '-ffunction-sections' '-pipe' '-isystem' '/home/sophie/miniconda3/include' '-I' '/home/sophie/miniconda3/targets/x86_64-linux/include' '-L/home/sophie/miniconda3/targets/x86_64-linux/lib' '-L/home/sophie/miniconda3/targets/x86_64-linux/lib/stubs' '-v' '-o' 'CMakeFiles/cmTC_833cf.dir/CMakeCXXCompilerABI.cpp.o' '-c' '-shared-libgcc' '-dumpdir' 'CMakeFiles/cmTC_833cf.dir/']
  ignore line: [ /usr/lib/gcc/x86_64-linux-gnu/11/cc1plus -quiet -v -I /home/sophie/miniconda3/targets/x86_64-linux/include -imultiarch x86_64-linux-gnu -D_GNU_SOURCE -isystem /home/sophie/miniconda3/include /usr/share/cmake-3.22/Modules/CMakeCXXCompilerABI.cpp -quiet -dumpdir CMakeFiles/cmTC_833cf.dir/ -dumpbase CMakeCXXCompilerABI.cpp.cpp -dumpbase-ext .cpp -march=nocona -mtune=haswell -O2 -version -fvisibility-inlines-hidden -fmessage-length=0 -ftree-vectorize -fPIC -fstack-protector-strong -fno-plt -ffunction-sections -fasynchronous-unwind-tables -fstack-protector-strong -Wformat -Wformat-security -fstack-clash-protection -fcf-protection -o - |]
  ignore line: [ as -v -I /home/sophie/miniconda3/targets/x86_64-linux/include --64 -o CMakeFiles/cmTC_833cf.dir/CMakeCXXCompilerABI.cpp.o]
  ignore line: [GNU assembler version 2.38 (x86_64-linux-gnu) using BFD version (GNU Binutils for Ubuntu) 2.38]
  ignore line: [GNU C++17 (Ubuntu 11.4.0-1ubuntu1~22.04.3) version 11.4.0 (x86_64-linux-gnu)]
  ignore line: [	compiled by GNU C version 11.4.0  GMP version 6.2.1  MPFR version 4.1.0  MPC version 1.2.1  isl version isl-0.24-GMP]
  ignore line: []
  ignore line: [GGC heuristics: --param ggc-min-expand=100 --param ggc-min-heapsize=131072]
  ignore line: [ignoring duplicate directory "/usr/include/x86_64-linux-gnu/c++/11"]
  ignore line: [ignoring nonexistent directory "/usr/local/include/x86_64-linux-gnu"]
  ignore line: [ignoring nonexistent directory "/usr/lib/gcc/x86_64-linux-gnu/11/include-fixed"]
  ignore line: [ignoring nonexistent directory "/usr/lib/gcc/x86_64-linux-gnu/11/../../../../x86_64-linux-gnu/include"]
  ignore line: [#include "..." search starts here:]
  ignore line: [#include <...> search starts here:]
  ignore line: [ /home/sophie/miniconda3/targets/x86_64-linux/include]
  ignore line: [ /home/sophie/miniconda3/include]
  ignore line: [ /usr/include/c++/11]
  ignore line: [ /usr/include/x86_64-linux-gnu/c++/11]
  ignore line: [ /usr/include/c++/11/backward]
  ignore line: [ /usr/lib/gcc/x86_64-linux-gnu/11/include]
  ignore line: [ /usr/local/include]
  ignore line: [ /usr/include/x86_64-linux-gnu]
  ignore line: [ /usr/include]
  ignore line: [End of search list.]
  ignore line: [GNU C++17 (Ubuntu 11.4.0-1ubuntu1~22.04.3) version 11.4.0 (x86_64-linux-gnu)]
  ignore line: [	compiled by GNU C version 11.4.0  GMP version 6.2.1  MPFR version 4.1.0  MPC version 1.2.1  isl version isl-0.24-GMP]
  ignore line: []
  ignore line: [GGC heuristics: --param ggc-min-expand=100 --param ggc-min-heapsize=131072]
  ignore line: [Compiler executable checksum: ac7fa628ee459f217e6fdb88b3db0bde]
  ignore line: [COMPILER_PATH=/usr/lib/gcc/x86_64-linux-gnu/11/:/usr/lib/gcc/x86_64-linux-gnu/11/:/usr/lib/gcc/x86_64-linux-gnu/:/usr/lib/gcc/x86_64-linux-gnu/11/:/usr/lib/gcc/x86_64-linux-gnu/]
  ignore line: [LIBRARY_PATH=/usr/lib/gcc/x86_64-linux-gnu/11/:/usr/lib/gcc/x86_64-linux-gnu/11/../../../x86_64-linux-gnu/:/usr/lib/gcc/x86_64-linux-gnu/11/../../../../lib/:/lib/x86_64-linux-gnu/:/lib/../lib/:/usr/lib/x86_64-linux-gnu/:/usr/lib/../lib/:/usr/lib/gcc/x86_64-linux-gnu/11/../../../:/lib/:/usr/lib/]
  ignore line: [COLLECT_GCC_OPTIONS='-fvisibility-inlines-hidden' '-fmessage-length=0' '-march=nocona' '-mtune=haswell' '-ftree-vectorize' '-fPIC' '-fstack-protector-strong' '-fno-plt' '-O2' '-ffunction-sections' '-pipe' '-isystem' '/home/sophie/miniconda3/include' '-I' '/home/sophie/miniconda3/targets/x86_64-linux/include' '-L/home/sophie/miniconda3/targets/x86_64-linux/lib' '-L/home/sophie/miniconda3/targets/x86_64-linux/lib/stubs' '-v' '-o' 'CMakeFiles/cmTC_833cf.dir/CMakeCXXCompilerABI.cpp.o' '-c' '-shared-libgcc' '-dumpdir' 'CMakeFiles/cmTC_833cf.dir/CMakeCXXCompilerABI.cpp.']
  ignore line: [Linking CXX executable cmTC_833cf]
  ignore line: [/usr/bin/cmake -E cmake_link_script CMakeFiles/cmTC_833cf.dir/link.txt --verbose=1]
  ignore line: [/usr/bin/c++ -fvisibility-inlines-hidden -fmessage-length=0 -march=nocona -mtune=haswell -ftree-vectorize -fPIC -fstack-protector-strong -fno-plt -O2 -ffunction-sections -pipe -isystem /home/sophie/miniconda3/include  -I/home/sophie/miniconda3/targets/x86_64-linux/include  -L/home/sophie/miniconda3/targets/x86_64-linux/lib -L/home/sophie/miniconda3/targets/x86_64-linux/lib/stubs  -Wl -O2 -Wl --sort-common -Wl --as-needed -Wl -z relro -Wl -z now -Wl --disable-new-dtags -Wl --gc-sections -Wl -rpath /home/sophie/miniconda3/lib -Wl -rpath-link /home/sophie/miniconda3/lib -L/home/sophie/miniconda3/lib  -L/home/sophie/miniconda3/targets/x86_64-linux/lib -L/home/sophie/miniconda3/targets/x86_64-linux/lib/stubs -v CMakeFiles/cmTC_833cf.dir/CMakeCXXCompilerABI.cpp.o -o cmTC_833cf ]
  ignore line: [Using built-in specs.]
  ignore line: [COLLECT_GCC=/usr/bin/c++]
  ignore line: [COLLECT_LTO_WRAPPER=/usr/lib/gcc/x86_64-linux-gnu/11/lto-wrapper]
  ignore line: [OFFLOAD_TARGET_NAMES=nvptx-none:amdgcn-amdhsa]
  ignore line: [OFFLOAD_TARGET_DEFAULT=1]
  ignore line: [Target: x86_64-linux-gnu]
  ignore line: [Configured with: ../src/configure -v --with-pkgversion='Ubuntu 11.4.0-1ubuntu1~22.04.3' --with-bugurl=file:///usr/share/doc/gcc-11/README.Bugs --enable-languages=c ada c++ go brig d fortran objc obj-c++ m2 --prefix=/usr --with-gcc-major-version-only --program-suffix=-11 --program-prefix=x86_64-linux-gnu- --enable-shared --enable-linker-build-id --libexecdir=/usr/lib --without-included-gettext --enable-threads=posix --libdir=/usr/lib --enable-nls --enable-bootstrap --enable-clocale=gnu --enable-libstdcxx-debug --enable-libstdcxx-time=yes --with-default-libstdcxx-abi=new --enable-gnu-unique-object --disable-vtable-verify --enable-plugin --enable-default-pie --with-system-zlib --enable-libphobos-checking=release --with-target-system-zlib=auto --enable-objc-gc=auto --enable-multiarch --disable-werror --enable-cet --with-arch-32=i686 --with-abi=m64 --with-multilib-list=m32 m64 mx32 --enable-multilib --with-tune=generic --enable-offload-targets=nvptx-none=/build/gcc-11-0odw26/gcc-11-11.4.0/debian/tmp-nvptx/usr amdgcn-amdhsa=/build/gcc-11-0odw26/gcc-11-11.4.0/debian/tmp-gcn/usr --without-cuda-driver --enable-checking=release --build=x86_64-linux-gnu --host=x86_64-linux-gnu --target=x86_64-linux-gnu --with-build-config=bootstrap-lto-lean --enable-link-serialization=2]
  ignore line: [Thread model: posix]
  ignore line: [Supported LTO compression algorithms: zlib zstd]
  ignore line: [gcc version 11.4.0 (Ubuntu 11.4.0-1ubuntu1~22.04.3) ]
  ignore line: [COMPILER_PATH=/usr/lib/gcc/x86_64-linux-gnu/11/:/usr/lib/gcc/x86_64-linux-gnu/11/:/usr/lib/gcc/x86_64-linux-gnu/:/usr/lib/gcc/x86_64-linux-gnu/11/:/usr/lib/gcc/x86_64-linux-gnu/]
  ignore line: [LIBRARY_PATH=/usr/lib/gcc/x86_64-linux-gnu/11/:/usr/lib/gcc/x86_64-linux-gnu/11/../../../x86_64-linux-gnu/:/usr/lib/gcc/x86_64-linux-gnu/11/../../../../lib/:/lib/x86_64-linux-gnu/:/lib/../lib/:/usr/lib/x86_64-linux-gnu/:/usr/lib/../lib/:/usr/lib/gcc/x86_64-linux-gnu/11/../../../:/lib/:/usr/lib/]
  ignore line: [COLLECT_GCC_OPTIONS='-fvisibility-inlines-hidden' '-fmessage-length=0' '-march=nocona' '-mtune=haswell' '-ftree-vectorize' '-fPIC' '-fstack-protector-strong' '-fno-plt' '-O2' '-ffunction-sections' '-pipe' '-isystem' '/home/sophie/miniconda3/include' '-I' '/home/sophie/miniconda3/targets/x86_64-linux/include' '-L/home/sophie/miniconda3/targets/x86_64-linux/lib' '-L/home/sophie/miniconda3/targets/x86_64-linux/lib/stubs' '-L/home/sophie/miniconda3/lib' '-L/home/sophie/miniconda3/targets/x86_64-linux/lib' '-L/home/sophie/miniconda3/targets/x86_64-linux/lib/stubs' '-v' '-o' 'cmTC_833cf' '-shared-libgcc' '-dumpdir' 'cmTC_833cf.']
  link line: [ /usr/lib/gcc/x86_64-linux-gnu/11/collect2 -plugin /usr/lib/gcc/x86_64-linux-gnu/11/liblto_plugin.so -plugin-opt=/usr/lib/gcc/x86_64-linux-gnu/11/lto-wrapper -plugin-opt=-fresolution=/tmp/ccUW9dbf.res -plugin-opt=-pass-through=-lgcc_s -plugin-opt=-pass-through=-lgcc -plugin-opt=-pass-through=-lc -plugin-opt=-pass-through=-lgcc_s -plugin-opt=-pass-through=-lgcc --build-id --eh-frame-hdr -m elf_x86_64 --hash-style=gnu --as-needed -dynamic-linker /lib64/ld-linux-x86-64.so.2 -pie -z now -z relro -o cmTC_833cf /usr/lib/gcc/x86_64-linux-gnu/11/../../../x86_64-linux-gnu/Scrt1.o /usr/lib/gcc/x86_64-linux-gnu/11/../../../x86_64-linux-gnu/crti.o /usr/lib/gcc/x86_64-linux-gnu/11/crtbeginS.o -L/home/sophie/miniconda3/targets/x86_64-linux/lib -L/home/sophie/miniconda3/targets/x86_64-linux/lib/stubs -L/home/sophie/miniconda3/lib -L/home/sophie/miniconda3/targets/x86_64-linux/lib -L/home/sophie/miniconda3/targets/x86_64-linux/lib/stubs -L/usr/lib/gcc/x86_64-linux-gnu/11 -L/usr/lib/gcc/x86_64-linux-gnu/11/../../../x86_64-linux-gnu -L/usr/lib/gcc/x86_64-linux-gnu/11/../../../../lib -L/lib/x86_64-linux-gnu -L/lib/../lib -L/usr/lib/x86_64-linux-gnu -L/usr/lib/../lib -L/usr/lib/gcc/x86_64-linux-gnu/11/../../.. -O2 --sort-common --as-needed -z relro -z now --disable-new-dtags --gc-sections -rpath /home/sophie/miniconda3/lib -rpath-link /home/sophie/miniconda3/lib CMakeFiles/cmTC_833cf.dir/CMakeCXXCompilerABI.cpp.o -lstdc++ -lm -lgcc_s -lgcc -lc -lgcc_s -lgcc /usr/lib/gcc/x86_64-linux-gnu/11/crtendS.o /usr/lib/gcc/x86_64-linux-gnu/11/../../../x86_64-linux-gnu/crtn.o]
    arg [/usr/lib/gcc/x86_64-linux-gnu/11/collect2] ==> ignore
    arg [-plugin] ==> ignore
    arg [/usr/lib/gcc/x86_64-linux-gnu/11/liblto_plugin.so] ==> ignore
    arg [-plugin-opt=/usr/lib/gcc/x86_64-linux-gnu/11/lto-wrapper] ==> ignore
    arg [-plugin-opt=-fresolution=/tmp/ccUW9dbf.res] ==> ignore
    arg [-plugin-opt=-pass-through=-lgcc_s] ==> ignore
    arg [-plugin-opt=-pass-through=-lgcc] ==> ignore
    arg [-plugin-opt=-pass-through=-lc] ==> ignore
    arg [-plugin-opt=-pass-through=-lgcc_s] ==> ignore
    arg [-plugin-opt=-pass-through=-lgcc] ==> ignore
    arg [--build-id] ==> ignore
    arg [--eh-frame-hdr] ==> ignore
    arg [-m] ==> ignore
    arg [elf_x86_64] ==> ignore
    arg [--hash-style=gnu] ==> ignore
    arg [--as-needed] ==> ignore
    arg [-dynamic-linker] ==> ignore
    arg [/lib64/ld-linux-x86-64.so.2] ==> ignore
    arg [-pie] ==> ignore
    arg [-znow] ==> ignore
    arg [-zrelro] ==> ignore
    arg [-o] ==> ignore
    arg [cmTC_833cf] ==> ignore
    arg [/usr/lib/gcc/x86_64-linux-gnu/11/../../../x86_64-linux-gnu/Scrt1.o] ==> obj [/usr/lib/gcc/x86_64-linux-gnu/11/../../../x86_64-linux-gnu/Scrt1.o]
    arg [/usr/lib/gcc/x86_64-linux-gnu/11/../../../x86_64-linux-gnu/crti.o] ==> obj [/usr/lib/gcc/x86_64-linux-gnu/11/../../../x86_64-linux-gnu/crti.o]
    arg [/usr/lib/gcc/x86_64-linux-gnu/11/crtbeginS.o] ==> obj [/usr/lib/gcc/x86_64-linux-gnu/11/crtbeginS.o]
    arg [-L/home/sophie/miniconda3/targets/x86_64-linux/lib] ==> dir [/home/sophie/miniconda3/targets/x86_64-linux/lib]
    arg [-L/home/sophie/miniconda3/targets/x86_64-linux/lib/stubs] ==> dir [/home/sophie/miniconda3/targets/x86_64-linux/lib/stubs]
    arg [-L/home/sophie/miniconda3/lib] ==> dir [/home/sophie/miniconda3/lib]
    arg [-L/home/sophie/miniconda3/targets/x86_64-linux/lib] ==> dir [/home/sophie/miniconda3/targets/x86_64-linux/lib]
    arg [-L/home/sophie/miniconda3/targets/x86_64-linux/lib/stubs] ==> dir [/home/sophie/miniconda3/targets/x86_64-linux/lib/stubs]
    arg [-L/usr/lib/gcc/x86_64-linux-gnu/11] ==> dir [/usr/lib/gcc/x86_64-linux-gnu/11]
    arg [-L/usr/lib/gcc/x86_64-linux-gnu/11/../../../x86_64-linux-gnu] ==> dir [/usr/lib/gcc/x86_64-linux-gnu/11/../../../x86_64-linux-gnu]
    arg [-L/usr/lib/gcc/x86_64-linux-gnu/11/../../../../lib] ==> dir [/usr/lib/gcc/x86_64-linux-gnu/11/../../../../lib]
    arg [-L/lib/x86_64-linux-gnu] ==> dir [/lib/x86_64-linux-gnu]
    arg [-L/lib/../lib] ==> dir [/lib/../lib]
    arg [-L/usr/lib/x86_64-linux-gnu] ==> dir [/usr/lib/x86_64-linux-gnu]
    arg [-L/usr/lib/../lib] ==> dir [/usr/lib/../lib]
    arg [-L/usr/lib/gcc/x86_64-linux-gnu/11/../../..] ==> dir [/usr/lib/gcc/x86_64-linux-gnu/11/../../..]
    arg [-O2] ==> ignore
    arg [--sort-common] ==> ignore
    arg [--as-needed] ==> ignore
    arg [-zrelro] ==> ignore
    arg [-znow] ==> ignore
    arg [--disable-new-dtags] ==> ignore
    arg [--gc-sections] ==> ignore
    arg [-rpath] ==> ignore
    arg [/home/sophie/miniconda3/lib] ==> ignore
    arg [-rpath-link] ==> ignore
    arg [/home/sophie/miniconda3/lib] ==> ignore
    arg [CMakeFiles/cmTC_833cf.dir/CMakeCXXCompilerABI.cpp.o] ==> ignore
    arg [-lstdc++] ==> lib [stdc++]
    arg [-lm] ==> lib [m]
    arg [-lgcc_s] ==> lib [gcc_s]
    arg [-lgcc] ==> lib [gcc]
    arg [-lc] ==> lib [c]
    arg [-lgcc_s] ==> lib [gcc_s]
    arg [-lgcc] ==> lib [gcc]
    arg [/usr/lib/gcc/x86_64-linux-gnu/11/crtendS.o] ==> obj [/usr/lib/gcc/x86_64-linux-gnu/11/crtendS.o]
    arg [/usr/lib/gcc/x86_64-linux-gnu/11/../../../x86_64-linux-gnu/crtn.o] ==> obj [/usr/lib/gcc/x86_64-linux-gnu/11/../../../x86_64-linux-gnu/crtn.o]
  collapse obj [/usr/lib/gcc/x86_64-linux-gnu/11/../../../x86_64-linux-gnu/Scrt1.o] ==> [/usr/lib/x86_64-linux-gnu/Scrt1.o]
  collapse obj [/usr/lib/gcc/x86_64-linux-gnu/11/../../../x86_64-linux-gnu/crti.o] ==> [/usr/lib/x86_64-linux-gnu/crti.o]
  collapse obj [/usr/lib/gcc/x86_64-linux-gnu/11/../../../x86_64-linux-gnu/crtn.o] ==> [/usr/lib/x86_64-linux-gnu/crtn.o]
  collapse library dir [/home/sophie/miniconda3/targets/x86_64-linux/lib] ==> [/home/sophie/miniconda3/targets/x86_64-linux/lib]
  collapse library dir [/home/sophie/miniconda3/targets/x86_64-linux/lib/stubs] ==> [/home/sophie/miniconda3/targets/x86_64-linux/lib/stubs]
  collapse library dir [/home/sophie/miniconda3/lib] ==> [/home/sophie/miniconda3/lib]
  collapse library dir [/home/sophie/miniconda3/targets/x86_64-linux/lib] ==> [/home/sophie/miniconda3/targets/x86_64-linux/lib]
  collapse library dir [/home/sophie/miniconda3/targets/x86_64-linux/lib/stubs] ==> [/home/sophie/miniconda3/targets/x86_64-linux/lib/stubs]
  collapse library dir [/usr/lib/gcc/x86_64-linux-gnu/11] ==> [/usr/lib/gcc/x86_64-linux-gnu/11]
  collapse library dir [/usr/lib/gcc/x86_64-linux-gnu/11/../../../x86_64-linux-gnu] ==> [/usr/lib/x86_64-linux-gnu]
  collapse library dir [/usr/lib/gcc/x86_64-linux-gnu/11/../../../../lib] ==> [/usr/lib]
  collapse library dir [/lib/x86_64-linux-gnu] ==> [/lib/x86_64-linux-gnu]
  collapse library dir [/lib/../lib] ==> [/lib]
  collapse library dir [/usr/lib/x86_64-linux-gnu] ==> [/usr/lib/x86_64-linux-gnu]
  collapse library dir [/usr/lib/../lib] ==> [/usr/lib]
  collapse library dir [/usr/lib/gcc/x86_64-linux-gnu/11/../../..] ==> [/usr/lib]
  implicit libs: [stdc++;m;gcc_s;gcc;c;gcc_s;gcc]
  implicit objs: [/usr/lib/x86_64-linux-gnu/Scrt1.o;/usr/lib/x86_64-linux-gnu/crti.o;/usr/lib/gcc/x86_64-linux-gnu/11/crtbeginS.o;/usr/lib/gcc/x86_64-linux-gnu/11/crtendS.o;/usr/lib/x86_64-linux-gnu/crtn.o]
  implicit dirs: [/home/sophie/miniconda3/targets/x86_64-linux/lib;/home/sophie/miniconda3/targets/x86_64-linux/lib/stubs;/home/sophie/miniconda3/lib;/usr/lib/gcc/x86_64-linux-gnu/11;/usr/lib/x86_64-linux-gnu;/usr/lib;/lib/x86_64-linux-gnu;/lib]
  implicit fwks: []


