[0.007s] Invoking command in '/home/sophie/isaac_lab/isaac_ws/rl_code/soarm100sim/third_party/orbbec_293_ws/build/orbbec_camera_msgs': CMAKE_PREFIX_PATH=/opt/ros/humble /usr/bin/cmake /home/sophie/isaac_lab/isaac_ws/rl_code/soarm100sim/third_party/orbbec_293_ws/src/OrbbecSDK_ROS2/orbbec_camera_msgs -DCMAKE_BUILD_TYPE=Release -DINSTALL_UDEV_RULES=OFF -DCMAKE_INSTALL_PREFIX=/home/sophie/isaac_lab/isaac_ws/rl_code/soarm100sim/third_party/orbbec_293_ws/install/orbbec_camera_msgs
[0.064s] -- The C compiler identification is GNU 11.4.0
[0.111s] -- The CXX compiler identification is GNU 11.4.0
[0.116s] -- Detecting C compiler ABI info
[0.181s] -- Detecting C compiler ABI info - done
[0.187s] -- Check for working C compiler: /usr/bin/cc - skipped
[0.187s] -- Detecting C compile features
[0.187s] -- Detecting C compile features - done
[0.189s] -- Detecting CXX compiler ABI info
[0.255s] -- Detecting CXX compiler ABI info - done
[0.260s] -- Check for working CXX compiler: /usr/bin/c++ - skipped
[0.260s] -- Detecting CXX compile features
[0.260s] -- Detecting CXX compile features - done
[0.262s] -- Found ament_cmake: 1.3.14 (/opt/ros/humble/share/ament_cmake/cmake)
[0.418s] -- Found Python3: /usr/bin/python3 (found version "3.10.12") found components: Interpreter 
[0.479s] -- Found rosidl_default_generators: 1.2.1 (/opt/ros/humble/share/rosidl_default_generators/cmake)
[0.481s] -- Using all available rosidl_typesupport_c: rosidl_typesupport_fastrtps_c;rosidl_typesupport_introspection_c
[0.485s] -- Found rosidl_adapter: 3.1.8 (/opt/ros/humble/share/rosidl_adapter/cmake)
[0.511s] -- Using all available rosidl_typesupport_cpp: rosidl_typesupport_fastrtps_cpp;rosidl_typesupport_introspection_cpp
[0.534s] -- Found sensor_msgs: 4.9.1 (/opt/ros/humble/share/sensor_msgs/cmake)
[0.953s] -- Found ament_cmake_ros: 0.10.0 (/opt/ros/humble/share/ament_cmake_ros/cmake)
[1.181s] -- Using all available rosidl_typesupport_c: rosidl_typesupport_fastrtps_c;rosidl_typesupport_introspection_c
[1.500s] -- Using all available rosidl_typesupport_cpp: rosidl_typesupport_fastrtps_cpp;rosidl_typesupport_introspection_cpp
[1.523s] -- Found PythonInterp: /usr/bin/python3 (found suitable version "3.10.12", minimum required is "3.6") 
[1.523s] -- Found python_cmake_module: 0.10.0 (/opt/ros/humble/share/python_cmake_module/cmake)
[1.549s] -- Found PythonLibs: /usr/lib/x86_64-linux-gnu/libpython3.10.so (found suitable version "3.10.12", minimum required is "3.5") 
[1.549s] -- Using PYTHON_EXECUTABLE: /usr/bin/python3
[1.549s] -- Using PYTHON_INCLUDE_DIRS: /usr/include/python3.10
[1.549s] -- Using PYTHON_LIBRARIES: /usr/lib/x86_64-linux-gnu/libpython3.10.so
[1.568s] -- Found PythonExtra: .so  
[1.695s] -- Found ament_lint_auto: 0.12.15 (/opt/ros/humble/share/ament_lint_auto/cmake)
[1.708s] -- Added test 'copyright' to check source files copyright and LICENSE
[1.710s] -- Added test 'lint_cmake' to check CMake code style
[1.711s] -- Added test 'xmllint' to check XML markup files
[1.712s] -- Configuring done
[1.767s] -- Generating done
[1.769s] CMake Warning:
[1.769s]   Manually-specified variables were not used by the project:
[1.769s] 
[1.769s]     INSTALL_UDEV_RULES
[1.769s] 
[1.769s] 
[1.778s] -- Build files have been written to: /home/sophie/isaac_lab/isaac_ws/rl_code/soarm100sim/third_party/orbbec_293_ws/build/orbbec_camera_msgs
[31.106s] Invoked command in '/home/sophie/isaac_lab/isaac_ws/rl_code/soarm100sim/third_party/orbbec_293_ws/build/orbbec_camera_msgs' returned '0': CMAKE_PREFIX_PATH=/opt/ros/humble /usr/bin/cmake /home/sophie/isaac_lab/isaac_ws/rl_code/soarm100sim/third_party/orbbec_293_ws/src/OrbbecSDK_ROS2/orbbec_camera_msgs -DCMAKE_BUILD_TYPE=Release -DINSTALL_UDEV_RULES=OFF -DCMAKE_INSTALL_PREFIX=/home/sophie/isaac_lab/isaac_ws/rl_code/soarm100sim/third_party/orbbec_293_ws/install/orbbec_camera_msgs
[31.107s] Invoking command in '/home/sophie/isaac_lab/isaac_ws/rl_code/soarm100sim/third_party/orbbec_293_ws/build/orbbec_camera_msgs': CMAKE_PREFIX_PATH=/opt/ros/humble /usr/bin/cmake --build /home/sophie/isaac_lab/isaac_ws/rl_code/soarm100sim/third_party/orbbec_293_ws/build/orbbec_camera_msgs -- -j32 -l32
[31.172s] [  1%] Generating C code for ROS interfaces
[31.179s] [  2%] Generating Rust code for ROS interfaces
[31.181s] [  2%] Generating C++ code for ROS interfaces
[31.185s] [  2%] Built target ament_cmake_python_copy_orbbec_camera_msgs
[31.352s] running egg_info
[31.352s] creating orbbec_camera_msgs.egg-info
[31.352s] writing orbbec_camera_msgs.egg-info/PKG-INFO
[31.352s] writing dependency_links to orbbec_camera_msgs.egg-info/dependency_links.txt
[31.352s] writing top-level names to orbbec_camera_msgs.egg-info/top_level.txt
[31.352s] writing manifest file 'orbbec_camera_msgs.egg-info/SOURCES.txt'
[31.353s] reading manifest file 'orbbec_camera_msgs.egg-info/SOURCES.txt'
[31.354s] writing manifest file 'orbbec_camera_msgs.egg-info/SOURCES.txt'
[31.371s] [  2%] Built target ament_cmake_python_build_orbbec_camera_msgs_egg
[31.693s] [  2%] Built target orbbec_camera_msgs__rs
[32.328s] [  3%] Building C object CMakeFiles/orbbec_camera_msgs__rosidl_generator_c.dir/rosidl_generator_c/orbbec_camera_msgs/msg/detail/depth_filter_state__functions.c.o
[32.328s] [  3%] Building C object CMakeFiles/orbbec_camera_msgs__rosidl_generator_c.dir/rosidl_generator_c/orbbec_camera_msgs/msg/detail/depth_filter_param__functions.c.o
[32.328s] [  3%] Building C object CMakeFiles/orbbec_camera_msgs__rosidl_generator_c.dir/rosidl_generator_c/orbbec_camera_msgs/msg/detail/device_info__functions.c.o
[32.329s] [  3%] Building C object CMakeFiles/orbbec_camera_msgs__rosidl_generator_c.dir/rosidl_generator_c/orbbec_camera_msgs/msg/detail/depth_filters_status__functions.c.o
[32.329s] [  3%] Building C object CMakeFiles/orbbec_camera_msgs__rosidl_generator_c.dir/rosidl_generator_c/orbbec_camera_msgs/msg/detail/metadata__functions.c.o
[32.329s] [  4%] Building C object CMakeFiles/orbbec_camera_msgs__rosidl_generator_c.dir/rosidl_generator_c/orbbec_camera_msgs/srv/detail/get_device_info__functions.c.o
[32.329s] [  5%] Building C object CMakeFiles/orbbec_camera_msgs__rosidl_generator_c.dir/rosidl_generator_c/orbbec_camera_msgs/msg/detail/device_status__functions.c.o
[32.329s] [  6%] Building C object CMakeFiles/orbbec_camera_msgs__rosidl_generator_c.dir/rosidl_generator_c/orbbec_camera_msgs/msg/detail/extrinsics__functions.c.o
[32.329s] [  6%] Building C object CMakeFiles/orbbec_camera_msgs__rosidl_generator_c.dir/rosidl_generator_c/orbbec_camera_msgs/msg/detail/rgbd__functions.c.o
[32.329s] [  6%] Building C object CMakeFiles/orbbec_camera_msgs__rosidl_generator_c.dir/rosidl_generator_c/orbbec_camera_msgs/srv/detail/get_bool__functions.c.o
[32.329s] [  7%] Building C object CMakeFiles/orbbec_camera_msgs__rosidl_generator_c.dir/rosidl_generator_c/orbbec_camera_msgs/srv/detail/get_int32__functions.c.o
[32.330s] [  8%] Building C object CMakeFiles/orbbec_camera_msgs__rosidl_generator_c.dir/rosidl_generator_c/orbbec_camera_msgs/srv/detail/set_filter__functions.c.o
[32.330s] [  8%] Building C object CMakeFiles/orbbec_camera_msgs__rosidl_generator_c.dir/rosidl_generator_c/orbbec_camera_msgs/srv/detail/get_camera_info__functions.c.o
[32.330s] [  9%] Building C object CMakeFiles/orbbec_camera_msgs__rosidl_generator_c.dir/rosidl_generator_c/orbbec_camera_msgs/msg/detail/stream_profile__functions.c.o
[32.330s] [  9%] Building C object CMakeFiles/orbbec_camera_msgs__rosidl_generator_c.dir/rosidl_generator_c/orbbec_camera_msgs/srv/detail/set_arrays__functions.c.o
[32.330s] [  9%] Building C object CMakeFiles/orbbec_camera_msgs__rosidl_generator_c.dir/rosidl_generator_c/orbbec_camera_msgs/srv/detail/get_device_config__functions.c.o
[32.330s] [  9%] Building C object CMakeFiles/orbbec_camera_msgs__rosidl_generator_c.dir/rosidl_generator_c/orbbec_camera_msgs/srv/detail/get_string__functions.c.o
[32.331s] [ 10%] Building C object CMakeFiles/orbbec_camera_msgs__rosidl_generator_c.dir/rosidl_generator_c/orbbec_camera_msgs/srv/detail/set_string__functions.c.o
[32.331s] [ 11%] Building C object CMakeFiles/orbbec_camera_msgs__rosidl_generator_c.dir/rosidl_generator_c/orbbec_camera_msgs/msg/detail/imu_info__functions.c.o
[32.331s] [ 11%] Building C object CMakeFiles/orbbec_camera_msgs__rosidl_generator_c.dir/rosidl_generator_c/orbbec_camera_msgs/srv/detail/set_int32__functions.c.o
[32.331s] [ 11%] Building C object CMakeFiles/orbbec_camera_msgs__rosidl_generator_c.dir/rosidl_generator_c/orbbec_camera_msgs/srv/detail/set_stream_profile__functions.c.o
[32.332s] [ 11%] Building C object CMakeFiles/orbbec_camera_msgs__rosidl_generator_c.dir/rosidl_generator_c/orbbec_camera_msgs/srv/detail/set_user_calib_params__functions.c.o
[32.333s] [ 12%] Building C object CMakeFiles/orbbec_camera_msgs__rosidl_generator_c.dir/rosidl_generator_c/orbbec_camera_msgs/srv/detail/get_user_calib_params__functions.c.o
[32.333s] [ 13%] Building C object CMakeFiles/orbbec_camera_msgs__rosidl_generator_c.dir/rosidl_generator_c/orbbec_camera_msgs/srv/detail/set_bag_recording__functions.c.o
[32.334s] [ 13%] Built target orbbec_camera_msgs__cpp
[32.344s] [ 13%] Generating C++ type support for eProsima Fast-RTPS
[32.344s] [ 13%] Generating C++ type support dispatch for ROS interfaces
[32.344s] [ 13%] Generating C++ introspection for ROS interfaces
[32.470s] [ 13%] Linking C shared library liborbbec_camera_msgs__rosidl_generator_c.so
[32.504s] [ 13%] Built target orbbec_camera_msgs__rosidl_generator_c
[32.513s] [ 14%] Generating C type support dispatch for ROS interfaces
[32.515s] [ 16%] Generating C introspection for ROS interfaces
[32.515s] [ 16%] Generating C type support for eProsima Fast-RTPS
[33.064s] [ 17%] Building CXX object CMakeFiles/orbbec_camera_msgs__rosidl_typesupport_cpp.dir/rosidl_typesupport_cpp/orbbec_camera_msgs/msg/device_status__type_support.cpp.o
[33.064s] [ 17%] Building CXX object CMakeFiles/orbbec_camera_msgs__rosidl_typesupport_cpp.dir/rosidl_typesupport_cpp/orbbec_camera_msgs/msg/depth_filter_param__type_support.cpp.o
[33.064s] [ 18%] Building CXX object CMakeFiles/orbbec_camera_msgs__rosidl_typesupport_cpp.dir/rosidl_typesupport_cpp/orbbec_camera_msgs/msg/device_info__type_support.cpp.o
[33.065s] [ 19%] Building CXX object CMakeFiles/orbbec_camera_msgs__rosidl_typesupport_cpp.dir/rosidl_typesupport_cpp/orbbec_camera_msgs/msg/depth_filter_state__type_support.cpp.o
[33.065s] [ 20%] Building CXX object CMakeFiles/orbbec_camera_msgs__rosidl_typesupport_cpp.dir/rosidl_typesupport_cpp/orbbec_camera_msgs/srv/get_bool__type_support.cpp.o
[33.065s] [ 20%] Building CXX object CMakeFiles/orbbec_camera_msgs__rosidl_typesupport_cpp.dir/rosidl_typesupport_cpp/orbbec_camera_msgs/srv/get_device_config__type_support.cpp.o
[33.065s] [ 20%] Building CXX object CMakeFiles/orbbec_camera_msgs__rosidl_typesupport_cpp.dir/rosidl_typesupport_cpp/orbbec_camera_msgs/msg/depth_filters_status__type_support.cpp.o
[33.065s] [ 20%] Building CXX object CMakeFiles/orbbec_camera_msgs__rosidl_typesupport_cpp.dir/rosidl_typesupport_cpp/orbbec_camera_msgs/msg/extrinsics__type_support.cpp.o
[33.065s] [ 21%] Building CXX object CMakeFiles/orbbec_camera_msgs__rosidl_typesupport_cpp.dir/rosidl_typesupport_cpp/orbbec_camera_msgs/msg/metadata__type_support.cpp.o
[33.065s] [ 21%] Building CXX object CMakeFiles/orbbec_camera_msgs__rosidl_typesupport_cpp.dir/rosidl_typesupport_cpp/orbbec_camera_msgs/msg/imu_info__type_support.cpp.o
[33.066s] [ 22%] Building CXX object CMakeFiles/orbbec_camera_msgs__rosidl_typesupport_cpp.dir/rosidl_typesupport_cpp/orbbec_camera_msgs/msg/rgbd__type_support.cpp.o
[33.066s] [ 22%] Building CXX object CMakeFiles/orbbec_camera_msgs__rosidl_typesupport_cpp.dir/rosidl_typesupport_cpp/orbbec_camera_msgs/srv/get_int32__type_support.cpp.o
[33.066s] [ 24%] Building CXX object CMakeFiles/orbbec_camera_msgs__rosidl_typesupport_cpp.dir/rosidl_typesupport_cpp/orbbec_camera_msgs/srv/get_string__type_support.cpp.o
[33.066s] [ 24%] Building CXX object CMakeFiles/orbbec_camera_msgs__rosidl_typesupport_cpp.dir/rosidl_typesupport_cpp/orbbec_camera_msgs/srv/get_camera_info__type_support.cpp.o
[33.066s] [ 24%] Building CXX object CMakeFiles/orbbec_camera_msgs__rosidl_typesupport_cpp.dir/rosidl_typesupport_cpp/orbbec_camera_msgs/srv/set_filter__type_support.cpp.o
[33.066s] [ 24%] Building CXX object CMakeFiles/orbbec_camera_msgs__rosidl_typesupport_cpp.dir/rosidl_typesupport_cpp/orbbec_camera_msgs/msg/stream_profile__type_support.cpp.o
[33.066s] [ 24%] Building CXX object CMakeFiles/orbbec_camera_msgs__rosidl_typesupport_cpp.dir/rosidl_typesupport_cpp/orbbec_camera_msgs/srv/get_device_info__type_support.cpp.o
[33.066s] [ 25%] Building CXX object CMakeFiles/orbbec_camera_msgs__rosidl_typesupport_cpp.dir/rosidl_typesupport_cpp/orbbec_camera_msgs/srv/set_int32__type_support.cpp.o
[33.067s] [ 26%] Building CXX object CMakeFiles/orbbec_camera_msgs__rosidl_typesupport_cpp.dir/rosidl_typesupport_cpp/orbbec_camera_msgs/srv/set_stream_profile__type_support.cpp.o
[33.067s] [ 26%] Building CXX object CMakeFiles/orbbec_camera_msgs__rosidl_typesupport_cpp.dir/rosidl_typesupport_cpp/orbbec_camera_msgs/srv/set_string__type_support.cpp.o
[33.067s] [ 26%] Building CXX object CMakeFiles/orbbec_camera_msgs__rosidl_typesupport_cpp.dir/rosidl_typesupport_cpp/orbbec_camera_msgs/srv/get_user_calib_params__type_support.cpp.o
[33.067s] [ 27%] Building CXX object CMakeFiles/orbbec_camera_msgs__rosidl_typesupport_cpp.dir/rosidl_typesupport_cpp/orbbec_camera_msgs/srv/set_arrays__type_support.cpp.o
[33.067s] [ 27%] Building CXX object CMakeFiles/orbbec_camera_msgs__rosidl_typesupport_cpp.dir/rosidl_typesupport_cpp/orbbec_camera_msgs/srv/set_bag_recording__type_support.cpp.o
[33.068s] [ 28%] Building CXX object CMakeFiles/orbbec_camera_msgs__rosidl_typesupport_cpp.dir/rosidl_typesupport_cpp/orbbec_camera_msgs/srv/set_user_calib_params__type_support.cpp.o
[33.332s] [ 28%] Building CXX object CMakeFiles/orbbec_camera_msgs__rosidl_typesupport_c.dir/rosidl_typesupport_c/orbbec_camera_msgs/msg/device_info__type_support.cpp.o
[33.332s] [ 28%] Building CXX object CMakeFiles/orbbec_camera_msgs__rosidl_typesupport_c.dir/rosidl_typesupport_c/orbbec_camera_msgs/msg/device_status__type_support.cpp.o
[33.334s] [ 29%] Building CXX object CMakeFiles/orbbec_camera_msgs__rosidl_typesupport_c.dir/rosidl_typesupport_c/orbbec_camera_msgs/msg/depth_filter_param__type_support.cpp.o
[33.342s] [ 29%] Building CXX object CMakeFiles/orbbec_camera_msgs__rosidl_typesupport_c.dir/rosidl_typesupport_c/orbbec_camera_msgs/msg/depth_filter_state__type_support.cpp.o
[33.342s] [ 30%] Building CXX object CMakeFiles/orbbec_camera_msgs__rosidl_typesupport_c.dir/rosidl_typesupport_c/orbbec_camera_msgs/msg/depth_filters_status__type_support.cpp.o
[33.342s] [ 31%] Building CXX object CMakeFiles/orbbec_camera_msgs__rosidl_typesupport_c.dir/rosidl_typesupport_c/orbbec_camera_msgs/msg/metadata__type_support.cpp.o
[33.342s] [ 31%] Building CXX object CMakeFiles/orbbec_camera_msgs__rosidl_typesupport_c.dir/rosidl_typesupport_c/orbbec_camera_msgs/msg/extrinsics__type_support.cpp.o
[33.342s] [ 32%] Building CXX object CMakeFiles/orbbec_camera_msgs__rosidl_typesupport_c.dir/rosidl_typesupport_c/orbbec_camera_msgs/srv/get_bool__type_support.cpp.o
[33.342s] [ 32%] Building CXX object CMakeFiles/orbbec_camera_msgs__rosidl_typesupport_c.dir/rosidl_typesupport_c/orbbec_camera_msgs/msg/imu_info__type_support.cpp.o
[33.343s] [ 32%] Building CXX object CMakeFiles/orbbec_camera_msgs__rosidl_typesupport_c.dir/rosidl_typesupport_c/orbbec_camera_msgs/srv/get_camera_info__type_support.cpp.o
[33.344s] [ 32%] Building CXX object CMakeFiles/orbbec_camera_msgs__rosidl_typesupport_c.dir/rosidl_typesupport_c/orbbec_camera_msgs/srv/get_device_config__type_support.cpp.o
[33.344s] [ 32%] Building CXX object CMakeFiles/orbbec_camera_msgs__rosidl_typesupport_c.dir/rosidl_typesupport_c/orbbec_camera_msgs/msg/stream_profile__type_support.cpp.o
[33.345s] [ 33%] Building CXX object CMakeFiles/orbbec_camera_msgs__rosidl_typesupport_c.dir/rosidl_typesupport_c/orbbec_camera_msgs/srv/get_device_info__type_support.cpp.o
[33.346s] [ 34%] Building CXX object CMakeFiles/orbbec_camera_msgs__rosidl_typesupport_c.dir/rosidl_typesupport_c/orbbec_camera_msgs/msg/rgbd__type_support.cpp.o
[33.353s] [ 34%] Building CXX object CMakeFiles/orbbec_camera_msgs__rosidl_typesupport_c.dir/rosidl_typesupport_c/orbbec_camera_msgs/srv/get_int32__type_support.cpp.o
[33.354s] [ 35%] Building CXX object CMakeFiles/orbbec_camera_msgs__rosidl_typesupport_c.dir/rosidl_typesupport_c/orbbec_camera_msgs/srv/get_string__type_support.cpp.o
[33.354s] [ 35%] Building CXX object CMakeFiles/orbbec_camera_msgs__rosidl_typesupport_c.dir/rosidl_typesupport_c/orbbec_camera_msgs/srv/set_filter__type_support.cpp.o
[33.354s] [ 36%] Building CXX object CMakeFiles/orbbec_camera_msgs__rosidl_typesupport_c.dir/rosidl_typesupport_c/orbbec_camera_msgs/srv/set_int32__type_support.cpp.o
[33.355s] [ 37%] Building CXX object CMakeFiles/orbbec_camera_msgs__rosidl_typesupport_c.dir/rosidl_typesupport_c/orbbec_camera_msgs/srv/set_arrays__type_support.cpp.o
[33.355s] [ 37%] Building CXX object CMakeFiles/orbbec_camera_msgs__rosidl_typesupport_c.dir/rosidl_typesupport_c/orbbec_camera_msgs/srv/set_string__type_support.cpp.o
[33.355s] [ 37%] Building CXX object CMakeFiles/orbbec_camera_msgs__rosidl_typesupport_c.dir/rosidl_typesupport_c/orbbec_camera_msgs/srv/get_user_calib_params__type_support.cpp.o
[33.357s] [ 38%] Building CXX object CMakeFiles/orbbec_camera_msgs__rosidl_typesupport_c.dir/rosidl_typesupport_c/orbbec_camera_msgs/srv/set_user_calib_params__type_support.cpp.o
[33.358s] [ 38%] Building CXX object CMakeFiles/orbbec_camera_msgs__rosidl_typesupport_c.dir/rosidl_typesupport_c/orbbec_camera_msgs/srv/set_bag_recording__type_support.cpp.o
[33.360s] [ 39%] Building CXX object CMakeFiles/orbbec_camera_msgs__rosidl_typesupport_c.dir/rosidl_typesupport_c/orbbec_camera_msgs/srv/set_stream_profile__type_support.cpp.o
[33.364s] [ 40%] Building CXX object CMakeFiles/orbbec_camera_msgs__rosidl_typesupport_introspection_cpp.dir/rosidl_typesupport_introspection_cpp/orbbec_camera_msgs/msg/detail/device_info__type_support.cpp.o
[33.365s] [ 41%] Building CXX object CMakeFiles/orbbec_camera_msgs__rosidl_typesupport_introspection_cpp.dir/rosidl_typesupport_introspection_cpp/orbbec_camera_msgs/msg/detail/depth_filter_param__type_support.cpp.o
[33.365s] [ 42%] Building CXX object CMakeFiles/orbbec_camera_msgs__rosidl_typesupport_introspection_cpp.dir/rosidl_typesupport_introspection_cpp/orbbec_camera_msgs/msg/detail/depth_filters_status__type_support.cpp.o
[33.365s] [ 42%] Building CXX object CMakeFiles/orbbec_camera_msgs__rosidl_typesupport_introspection_cpp.dir/rosidl_typesupport_introspection_cpp/orbbec_camera_msgs/msg/detail/device_status__type_support.cpp.o
[33.365s] [ 42%] Building CXX object CMakeFiles/orbbec_camera_msgs__rosidl_typesupport_introspection_cpp.dir/rosidl_typesupport_introspection_cpp/orbbec_camera_msgs/msg/detail/depth_filter_state__type_support.cpp.o
[33.374s] [ 42%] Building CXX object CMakeFiles/orbbec_camera_msgs__rosidl_typesupport_introspection_cpp.dir/rosidl_typesupport_introspection_cpp/orbbec_camera_msgs/msg/detail/extrinsics__type_support.cpp.o
[33.374s] [ 43%] Building CXX object CMakeFiles/orbbec_camera_msgs__rosidl_typesupport_introspection_cpp.dir/rosidl_typesupport_introspection_cpp/orbbec_camera_msgs/msg/detail/metadata__type_support.cpp.o
[33.374s] [ 44%] Building CXX object CMakeFiles/orbbec_camera_msgs__rosidl_typesupport_introspection_cpp.dir/rosidl_typesupport_introspection_cpp/orbbec_camera_msgs/msg/detail/stream_profile__type_support.cpp.o
[33.374s] [ 44%] Building CXX object CMakeFiles/orbbec_camera_msgs__rosidl_typesupport_introspection_cpp.dir/rosidl_typesupport_introspection_cpp/orbbec_camera_msgs/msg/detail/rgbd__type_support.cpp.o
[33.374s] [ 45%] Building CXX object CMakeFiles/orbbec_camera_msgs__rosidl_typesupport_introspection_cpp.dir/rosidl_typesupport_introspection_cpp/orbbec_camera_msgs/srv/detail/get_bool__type_support.cpp.o
[33.374s] [ 45%] Building CXX object CMakeFiles/orbbec_camera_msgs__rosidl_typesupport_introspection_cpp.dir/rosidl_typesupport_introspection_cpp/orbbec_camera_msgs/msg/detail/imu_info__type_support.cpp.o
[33.377s] [ 45%] Building CXX object CMakeFiles/orbbec_camera_msgs__rosidl_typesupport_introspection_cpp.dir/rosidl_typesupport_introspection_cpp/orbbec_camera_msgs/srv/detail/get_device_info__type_support.cpp.o
[33.381s] [ 45%] Building CXX object CMakeFiles/orbbec_camera_msgs__rosidl_typesupport_introspection_cpp.dir/rosidl_typesupport_introspection_cpp/orbbec_camera_msgs/srv/detail/get_int32__type_support.cpp.o
[33.381s] [ 45%] Building CXX object CMakeFiles/orbbec_camera_msgs__rosidl_typesupport_introspection_cpp.dir/rosidl_typesupport_introspection_cpp/orbbec_camera_msgs/srv/detail/get_device_config__type_support.cpp.o
[33.381s] [ 47%] Building CXX object CMakeFiles/orbbec_camera_msgs__rosidl_typesupport_introspection_cpp.dir/rosidl_typesupport_introspection_cpp/orbbec_camera_msgs/srv/detail/get_string__type_support.cpp.o
[33.381s] [ 47%] Building CXX object CMakeFiles/orbbec_camera_msgs__rosidl_typesupport_introspection_cpp.dir/rosidl_typesupport_introspection_cpp/orbbec_camera_msgs/srv/detail/get_camera_info__type_support.cpp.o
[33.381s] [ 47%] Building CXX object CMakeFiles/orbbec_camera_msgs__rosidl_typesupport_introspection_cpp.dir/rosidl_typesupport_introspection_cpp/orbbec_camera_msgs/srv/detail/set_filter__type_support.cpp.o
[33.386s] [ 48%] Building CXX object CMakeFiles/orbbec_camera_msgs__rosidl_typesupport_introspection_cpp.dir/rosidl_typesupport_introspection_cpp/orbbec_camera_msgs/srv/detail/set_string__type_support.cpp.o
[33.386s] [ 48%] Building CXX object CMakeFiles/orbbec_camera_msgs__rosidl_typesupport_introspection_cpp.dir/rosidl_typesupport_introspection_cpp/orbbec_camera_msgs/srv/detail/get_user_calib_params__type_support.cpp.o
[33.386s] [ 48%] Building CXX object CMakeFiles/orbbec_camera_msgs__rosidl_typesupport_introspection_cpp.dir/rosidl_typesupport_introspection_cpp/orbbec_camera_msgs/srv/detail/set_int32__type_support.cpp.o
[33.386s] [ 49%] Building CXX object CMakeFiles/orbbec_camera_msgs__rosidl_typesupport_introspection_cpp.dir/rosidl_typesupport_introspection_cpp/orbbec_camera_msgs/srv/detail/set_bag_recording__type_support.cpp.o
[33.386s] [ 49%] Building CXX object CMakeFiles/orbbec_camera_msgs__rosidl_typesupport_introspection_cpp.dir/rosidl_typesupport_introspection_cpp/orbbec_camera_msgs/srv/detail/set_stream_profile__type_support.cpp.o
[33.387s] [ 50%] Building CXX object CMakeFiles/orbbec_camera_msgs__rosidl_typesupport_introspection_cpp.dir/rosidl_typesupport_introspection_cpp/orbbec_camera_msgs/srv/detail/set_user_calib_params__type_support.cpp.o
[33.387s] [ 51%] Building CXX object CMakeFiles/orbbec_camera_msgs__rosidl_typesupport_introspection_cpp.dir/rosidl_typesupport_introspection_cpp/orbbec_camera_msgs/srv/detail/set_arrays__type_support.cpp.o
[33.393s] [ 51%] Linking CXX shared library liborbbec_camera_msgs__rosidl_typesupport_c.so
[33.431s] [ 51%] Linking CXX shared library liborbbec_camera_msgs__rosidl_typesupport_cpp.so
[33.453s] [ 51%] Built target orbbec_camera_msgs__rosidl_typesupport_c
[33.486s] [ 51%] Built target orbbec_camera_msgs__rosidl_typesupport_cpp
[33.535s] [ 51%] Building CXX object CMakeFiles/orbbec_camera_msgs__rosidl_typesupport_fastrtps_cpp.dir/rosidl_typesupport_fastrtps_cpp/orbbec_camera_msgs/msg/detail/dds_fastrtps/device_status__type_support.cpp.o
[33.536s] [ 51%] Building CXX object CMakeFiles/orbbec_camera_msgs__rosidl_typesupport_fastrtps_cpp.dir/rosidl_typesupport_fastrtps_cpp/orbbec_camera_msgs/msg/detail/dds_fastrtps/depth_filter_state__type_support.cpp.o
[33.536s] [ 52%] Building CXX object CMakeFiles/orbbec_camera_msgs__rosidl_typesupport_fastrtps_cpp.dir/rosidl_typesupport_fastrtps_cpp/orbbec_camera_msgs/msg/detail/dds_fastrtps/depth_filters_status__type_support.cpp.o
[33.536s] [ 53%] Building CXX object CMakeFiles/orbbec_camera_msgs__rosidl_typesupport_fastrtps_cpp.dir/rosidl_typesupport_fastrtps_cpp/orbbec_camera_msgs/msg/detail/dds_fastrtps/depth_filter_param__type_support.cpp.o
[33.538s] [ 54%] Building CXX object CMakeFiles/orbbec_camera_msgs__rosidl_typesupport_fastrtps_cpp.dir/rosidl_typesupport_fastrtps_cpp/orbbec_camera_msgs/msg/detail/dds_fastrtps/device_info__type_support.cpp.o
[33.543s] [ 54%] Building CXX object CMakeFiles/orbbec_camera_msgs__rosidl_typesupport_fastrtps_cpp.dir/rosidl_typesupport_fastrtps_cpp/orbbec_camera_msgs/msg/detail/dds_fastrtps/extrinsics__type_support.cpp.o
[33.742s] [ 55%] Building CXX object CMakeFiles/orbbec_camera_msgs__rosidl_typesupport_fastrtps_cpp.dir/rosidl_typesupport_fastrtps_cpp/orbbec_camera_msgs/msg/detail/dds_fastrtps/metadata__type_support.cpp.o
[33.748s] [ 55%] Building CXX object CMakeFiles/orbbec_camera_msgs__rosidl_typesupport_fastrtps_cpp.dir/rosidl_typesupport_fastrtps_cpp/orbbec_camera_msgs/msg/detail/dds_fastrtps/imu_info__type_support.cpp.o
[33.757s] [ 56%] Building CXX object CMakeFiles/orbbec_camera_msgs__rosidl_typesupport_fastrtps_cpp.dir/rosidl_typesupport_fastrtps_cpp/orbbec_camera_msgs/msg/detail/dds_fastrtps/rgbd__type_support.cpp.o
[33.766s] [ 56%] Building CXX object CMakeFiles/orbbec_camera_msgs__rosidl_typesupport_fastrtps_cpp.dir/rosidl_typesupport_fastrtps_cpp/orbbec_camera_msgs/msg/detail/dds_fastrtps/stream_profile__type_support.cpp.o
[33.791s] [ 57%] Building CXX object CMakeFiles/orbbec_camera_msgs__rosidl_typesupport_fastrtps_cpp.dir/rosidl_typesupport_fastrtps_cpp/orbbec_camera_msgs/srv/detail/dds_fastrtps/get_bool__type_support.cpp.o
[33.796s] [ 57%] Building CXX object CMakeFiles/orbbec_camera_msgs__rosidl_typesupport_fastrtps_cpp.dir/rosidl_typesupport_fastrtps_cpp/orbbec_camera_msgs/srv/detail/dds_fastrtps/get_device_info__type_support.cpp.o
[33.799s] [ 57%] Building CXX object CMakeFiles/orbbec_camera_msgs__rosidl_typesupport_fastrtps_cpp.dir/rosidl_typesupport_fastrtps_cpp/orbbec_camera_msgs/srv/detail/dds_fastrtps/get_device_config__type_support.cpp.o
[33.799s] [ 58%] Building CXX object CMakeFiles/orbbec_camera_msgs__rosidl_typesupport_fastrtps_cpp.dir/rosidl_typesupport_fastrtps_cpp/orbbec_camera_msgs/srv/detail/dds_fastrtps/get_camera_info__type_support.cpp.o
[33.813s] [ 58%] Building CXX object CMakeFiles/orbbec_camera_msgs__rosidl_typesupport_fastrtps_cpp.dir/rosidl_typesupport_fastrtps_cpp/orbbec_camera_msgs/srv/detail/dds_fastrtps/get_int32__type_support.cpp.o
[33.817s] [ 59%] Building CXX object CMakeFiles/orbbec_camera_msgs__rosidl_typesupport_fastrtps_cpp.dir/rosidl_typesupport_fastrtps_cpp/orbbec_camera_msgs/srv/detail/dds_fastrtps/get_string__type_support.cpp.o
[33.819s] [ 59%] Building CXX object CMakeFiles/orbbec_camera_msgs__rosidl_typesupport_fastrtps_cpp.dir/rosidl_typesupport_fastrtps_cpp/orbbec_camera_msgs/srv/detail/dds_fastrtps/set_filter__type_support.cpp.o
[33.825s] [ 60%] Building CXX object CMakeFiles/orbbec_camera_msgs__rosidl_typesupport_fastrtps_cpp.dir/rosidl_typesupport_fastrtps_cpp/orbbec_camera_msgs/srv/detail/dds_fastrtps/set_int32__type_support.cpp.o
[33.837s] [ 60%] Building CXX object CMakeFiles/orbbec_camera_msgs__rosidl_typesupport_fastrtps_cpp.dir/rosidl_typesupport_fastrtps_cpp/orbbec_camera_msgs/srv/detail/dds_fastrtps/set_string__type_support.cpp.o
[33.843s] [ 61%] Building CXX object CMakeFiles/orbbec_camera_msgs__rosidl_typesupport_fastrtps_cpp.dir/rosidl_typesupport_fastrtps_cpp/orbbec_camera_msgs/srv/detail/dds_fastrtps/set_arrays__type_support.cpp.o
[33.849s] [ 61%] Building CXX object CMakeFiles/orbbec_camera_msgs__rosidl_typesupport_fastrtps_cpp.dir/rosidl_typesupport_fastrtps_cpp/orbbec_camera_msgs/srv/detail/dds_fastrtps/get_user_calib_params__type_support.cpp.o
[33.855s] [ 62%] Building CXX object CMakeFiles/orbbec_camera_msgs__rosidl_typesupport_fastrtps_cpp.dir/rosidl_typesupport_fastrtps_cpp/orbbec_camera_msgs/srv/detail/dds_fastrtps/set_user_calib_params__type_support.cpp.o
[33.855s] [ 62%] Building CXX object CMakeFiles/orbbec_camera_msgs__rosidl_typesupport_fastrtps_cpp.dir/rosidl_typesupport_fastrtps_cpp/orbbec_camera_msgs/srv/detail/dds_fastrtps/set_bag_recording__type_support.cpp.o
[33.881s] [ 63%] Building CXX object CMakeFiles/orbbec_camera_msgs__rosidl_typesupport_fastrtps_cpp.dir/rosidl_typesupport_fastrtps_cpp/orbbec_camera_msgs/srv/detail/dds_fastrtps/set_stream_profile__type_support.cpp.o
[33.924s] [ 63%] Building C object CMakeFiles/orbbec_camera_msgs__rosidl_typesupport_introspection_c.dir/rosidl_typesupport_introspection_c/orbbec_camera_msgs/msg/detail/device_status__type_support.c.o
[33.926s] [ 63%] Building C object CMakeFiles/orbbec_camera_msgs__rosidl_typesupport_introspection_c.dir/rosidl_typesupport_introspection_c/orbbec_camera_msgs/msg/detail/device_info__type_support.c.o
[33.934s] [ 64%] Building C object CMakeFiles/orbbec_camera_msgs__rosidl_typesupport_introspection_c.dir/rosidl_typesupport_introspection_c/orbbec_camera_msgs/msg/detail/depth_filter_param__type_support.c.o
[33.940s] [ 64%] Linking CXX shared library liborbbec_camera_msgs__rosidl_typesupport_introspection_cpp.so
[33.942s] [ 64%] Building C object CMakeFiles/orbbec_camera_msgs__rosidl_typesupport_introspection_c.dir/rosidl_typesupport_introspection_c/orbbec_camera_msgs/msg/detail/depth_filter_state__type_support.c.o
[33.950s] [ 65%] Building C object CMakeFiles/orbbec_camera_msgs__rosidl_typesupport_introspection_c.dir/rosidl_typesupport_introspection_c/orbbec_camera_msgs/msg/detail/depth_filters_status__type_support.c.o
[33.953s] [ 65%] Building C object CMakeFiles/orbbec_camera_msgs__rosidl_typesupport_introspection_c.dir/rosidl_typesupport_introspection_c/orbbec_camera_msgs/msg/detail/extrinsics__type_support.c.o
[33.961s] [ 66%] Building C object CMakeFiles/orbbec_camera_msgs__rosidl_typesupport_introspection_c.dir/rosidl_typesupport_introspection_c/orbbec_camera_msgs/msg/detail/metadata__type_support.c.o
[33.962s] [ 66%] Building C object CMakeFiles/orbbec_camera_msgs__rosidl_typesupport_introspection_c.dir/rosidl_typesupport_introspection_c/orbbec_camera_msgs/msg/detail/imu_info__type_support.c.o
[33.966s] [ 67%] Building C object CMakeFiles/orbbec_camera_msgs__rosidl_typesupport_introspection_c.dir/rosidl_typesupport_introspection_c/orbbec_camera_msgs/msg/detail/rgbd__type_support.c.o
[33.971s] [ 67%] Building C object CMakeFiles/orbbec_camera_msgs__rosidl_typesupport_introspection_c.dir/rosidl_typesupport_introspection_c/orbbec_camera_msgs/msg/detail/stream_profile__type_support.c.o
[33.976s] [ 68%] Building C object CMakeFiles/orbbec_camera_msgs__rosidl_typesupport_introspection_c.dir/rosidl_typesupport_introspection_c/orbbec_camera_msgs/srv/detail/get_bool__type_support.c.o
[33.978s] [ 68%] Building C object CMakeFiles/orbbec_camera_msgs__rosidl_typesupport_introspection_c.dir/rosidl_typesupport_introspection_c/orbbec_camera_msgs/srv/detail/get_device_config__type_support.c.o
[33.992s] [ 69%] Building C object CMakeFiles/orbbec_camera_msgs__rosidl_typesupport_introspection_c.dir/rosidl_typesupport_introspection_c/orbbec_camera_msgs/srv/detail/get_device_info__type_support.c.o
[33.996s] [ 69%] Building CXX object CMakeFiles/orbbec_camera_msgs__rosidl_typesupport_fastrtps_c.dir/rosidl_typesupport_fastrtps_c/orbbec_camera_msgs/msg/detail/device_info__type_support_c.cpp.o
[33.997s] [ 69%] Building CXX object CMakeFiles/orbbec_camera_msgs__rosidl_typesupport_fastrtps_c.dir/rosidl_typesupport_fastrtps_c/orbbec_camera_msgs/msg/detail/device_status__type_support_c.cpp.o
[34.005s] [ 69%] Building C object CMakeFiles/orbbec_camera_msgs__rosidl_typesupport_introspection_c.dir/rosidl_typesupport_introspection_c/orbbec_camera_msgs/srv/detail/get_camera_info__type_support.c.o
[34.007s] [ 69%] Building C object CMakeFiles/orbbec_camera_msgs__rosidl_typesupport_introspection_c.dir/rosidl_typesupport_introspection_c/orbbec_camera_msgs/srv/detail/get_int32__type_support.c.o
[34.007s] [ 70%] Building CXX object CMakeFiles/orbbec_camera_msgs__rosidl_typesupport_fastrtps_c.dir/rosidl_typesupport_fastrtps_c/orbbec_camera_msgs/msg/detail/depth_filter_param__type_support_c.cpp.o
[34.012s] [ 71%] Building C object CMakeFiles/orbbec_camera_msgs__rosidl_typesupport_introspection_c.dir/rosidl_typesupport_introspection_c/orbbec_camera_msgs/srv/detail/get_string__type_support.c.o
[34.013s] [ 71%] Building C object CMakeFiles/orbbec_camera_msgs__rosidl_typesupport_introspection_c.dir/rosidl_typesupport_introspection_c/orbbec_camera_msgs/srv/detail/set_filter__type_support.c.o
[34.023s] [ 72%] Building C object CMakeFiles/orbbec_camera_msgs__rosidl_typesupport_introspection_c.dir/rosidl_typesupport_introspection_c/orbbec_camera_msgs/srv/detail/set_string__type_support.c.o
[34.023s] [ 72%] Building C object CMakeFiles/orbbec_camera_msgs__rosidl_typesupport_introspection_c.dir/rosidl_typesupport_introspection_c/orbbec_camera_msgs/srv/detail/set_int32__type_support.c.o
[34.026s] [ 72%] Building CXX object CMakeFiles/orbbec_camera_msgs__rosidl_typesupport_fastrtps_c.dir/rosidl_typesupport_fastrtps_c/orbbec_camera_msgs/msg/detail/depth_filter_state__type_support_c.cpp.o
[34.027s] [ 72%] Built target orbbec_camera_msgs__rosidl_typesupport_introspection_cpp
[34.038s] [ 73%] Building CXX object CMakeFiles/orbbec_camera_msgs__rosidl_typesupport_fastrtps_c.dir/rosidl_typesupport_fastrtps_c/orbbec_camera_msgs/msg/detail/depth_filters_status__type_support_c.cpp.o
[34.041s] [ 74%] Building C object CMakeFiles/orbbec_camera_msgs__rosidl_typesupport_introspection_c.dir/rosidl_typesupport_introspection_c/orbbec_camera_msgs/srv/detail/set_arrays__type_support.c.o
[34.057s] [ 74%] Building C object CMakeFiles/orbbec_camera_msgs__rosidl_typesupport_introspection_c.dir/rosidl_typesupport_introspection_c/orbbec_camera_msgs/srv/detail/get_user_calib_params__type_support.c.o
[34.057s] [ 75%] Building C object CMakeFiles/orbbec_camera_msgs__rosidl_typesupport_introspection_c.dir/rosidl_typesupport_introspection_c/orbbec_camera_msgs/srv/detail/set_user_calib_params__type_support.c.o
[34.057s] [ 75%] Building CXX object CMakeFiles/orbbec_camera_msgs__rosidl_typesupport_fastrtps_c.dir/rosidl_typesupport_fastrtps_c/orbbec_camera_msgs/msg/detail/extrinsics__type_support_c.cpp.o
[34.065s] [ 76%] Building CXX object CMakeFiles/orbbec_camera_msgs__rosidl_typesupport_fastrtps_c.dir/rosidl_typesupport_fastrtps_c/orbbec_camera_msgs/msg/detail/metadata__type_support_c.cpp.o
[34.070s] [ 76%] Building CXX object CMakeFiles/orbbec_camera_msgs__rosidl_typesupport_fastrtps_c.dir/rosidl_typesupport_fastrtps_c/orbbec_camera_msgs/msg/detail/imu_info__type_support_c.cpp.o
[34.079s] [ 76%] Building C object CMakeFiles/orbbec_camera_msgs__rosidl_typesupport_introspection_c.dir/rosidl_typesupport_introspection_c/orbbec_camera_msgs/srv/detail/set_bag_recording__type_support.c.o
[34.084s] [ 77%] Building CXX object CMakeFiles/orbbec_camera_msgs__rosidl_typesupport_fastrtps_c.dir/rosidl_typesupport_fastrtps_c/orbbec_camera_msgs/msg/detail/rgbd__type_support_c.cpp.o
[34.096s] [ 78%] Building C object CMakeFiles/orbbec_camera_msgs__rosidl_typesupport_introspection_c.dir/rosidl_typesupport_introspection_c/orbbec_camera_msgs/srv/detail/set_stream_profile__type_support.c.o
[34.104s] [ 78%] Building CXX object CMakeFiles/orbbec_camera_msgs__rosidl_typesupport_fastrtps_c.dir/rosidl_typesupport_fastrtps_c/orbbec_camera_msgs/msg/detail/stream_profile__type_support_c.cpp.o
[34.124s] [ 79%] Building CXX object CMakeFiles/orbbec_camera_msgs__rosidl_typesupport_fastrtps_c.dir/rosidl_typesupport_fastrtps_c/orbbec_camera_msgs/srv/detail/get_bool__type_support_c.cpp.o
[34.134s] [ 79%] Building CXX object CMakeFiles/orbbec_camera_msgs__rosidl_typesupport_fastrtps_c.dir/rosidl_typesupport_fastrtps_c/orbbec_camera_msgs/srv/detail/get_device_config__type_support_c.cpp.o
[34.154s] [ 80%] Building CXX object CMakeFiles/orbbec_camera_msgs__rosidl_typesupport_fastrtps_c.dir/rosidl_typesupport_fastrtps_c/orbbec_camera_msgs/srv/detail/get_device_info__type_support_c.cpp.o
[34.154s] [ 80%] Linking C shared library liborbbec_camera_msgs__rosidl_typesupport_introspection_c.so
[34.154s] [ 80%] Building CXX object CMakeFiles/orbbec_camera_msgs__rosidl_typesupport_fastrtps_c.dir/rosidl_typesupport_fastrtps_c/orbbec_camera_msgs/srv/detail/get_camera_info__type_support_c.cpp.o
[34.196s] [ 80%] Building CXX object CMakeFiles/orbbec_camera_msgs__rosidl_typesupport_fastrtps_c.dir/rosidl_typesupport_fastrtps_c/orbbec_camera_msgs/srv/detail/get_int32__type_support_c.cpp.o
[34.199s] [ 80%] Built target orbbec_camera_msgs__rosidl_typesupport_introspection_c
[34.217s] [ 81%] Building CXX object CMakeFiles/orbbec_camera_msgs__rosidl_typesupport_fastrtps_c.dir/rosidl_typesupport_fastrtps_c/orbbec_camera_msgs/srv/detail/get_string__type_support_c.cpp.o
[34.222s] [ 81%] Building CXX object CMakeFiles/orbbec_camera_msgs__rosidl_typesupport_fastrtps_c.dir/rosidl_typesupport_fastrtps_c/orbbec_camera_msgs/srv/detail/set_filter__type_support_c.cpp.o
[34.229s] [ 82%] Building CXX object CMakeFiles/orbbec_camera_msgs__rosidl_typesupport_fastrtps_c.dir/rosidl_typesupport_fastrtps_c/orbbec_camera_msgs/srv/detail/set_int32__type_support_c.cpp.o
[34.238s] [ 82%] Building CXX object CMakeFiles/orbbec_camera_msgs__rosidl_typesupport_fastrtps_c.dir/rosidl_typesupport_fastrtps_c/orbbec_camera_msgs/srv/detail/set_string__type_support_c.cpp.o
[34.249s] [ 83%] Building CXX object CMakeFiles/orbbec_camera_msgs__rosidl_typesupport_fastrtps_c.dir/rosidl_typesupport_fastrtps_c/orbbec_camera_msgs/srv/detail/set_arrays__type_support_c.cpp.o
[34.256s] [ 83%] Building CXX object CMakeFiles/orbbec_camera_msgs__rosidl_typesupport_fastrtps_c.dir/rosidl_typesupport_fastrtps_c/orbbec_camera_msgs/srv/detail/get_user_calib_params__type_support_c.cpp.o
[34.268s] [ 84%] Building CXX object CMakeFiles/orbbec_camera_msgs__rosidl_typesupport_fastrtps_c.dir/rosidl_typesupport_fastrtps_c/orbbec_camera_msgs/srv/detail/set_user_calib_params__type_support_c.cpp.o
[34.274s] [ 84%] Building CXX object CMakeFiles/orbbec_camera_msgs__rosidl_typesupport_fastrtps_c.dir/rosidl_typesupport_fastrtps_c/orbbec_camera_msgs/srv/detail/set_bag_recording__type_support_c.cpp.o
[34.306s] [ 85%] Building CXX object CMakeFiles/orbbec_camera_msgs__rosidl_typesupport_fastrtps_c.dir/rosidl_typesupport_fastrtps_c/orbbec_camera_msgs/srv/detail/set_stream_profile__type_support_c.cpp.o
[34.450s] [ 85%] Linking CXX shared library liborbbec_camera_msgs__rosidl_typesupport_fastrtps_cpp.so
[34.517s] [ 85%] Built target orbbec_camera_msgs__rosidl_typesupport_fastrtps_cpp
[34.621s] [ 85%] Linking CXX shared library liborbbec_camera_msgs__rosidl_typesupport_fastrtps_c.so
[34.687s] [ 85%] Built target orbbec_camera_msgs__rosidl_typesupport_fastrtps_c
[34.709s] [ 85%] Built target orbbec_camera_msgs
[34.740s] [ 85%] Generating Python code for ROS interfaces
[36.900s] [ 85%] Built target orbbec_camera_msgs__py
[36.921s] [ 86%] Building C object CMakeFiles/orbbec_camera_msgs__rosidl_generator_py.dir/rosidl_generator_py/orbbec_camera_msgs/msg/_device_info_s.c.o
[36.921s] [ 87%] Building C object CMakeFiles/orbbec_camera_msgs__rosidl_generator_py.dir/rosidl_generator_py/orbbec_camera_msgs/msg/_device_status_s.c.o
[36.921s] [ 87%] Building C object CMakeFiles/orbbec_camera_msgs__rosidl_generator_py.dir/rosidl_generator_py/orbbec_camera_msgs/msg/_depth_filter_state_s.c.o
[36.921s] [ 88%] Building C object CMakeFiles/orbbec_camera_msgs__rosidl_generator_py.dir/rosidl_generator_py/orbbec_camera_msgs/msg/_rgbd_s.c.o
[36.921s] [ 88%] Building C object CMakeFiles/orbbec_camera_msgs__rosidl_generator_py.dir/rosidl_generator_py/orbbec_camera_msgs/msg/_depth_filter_param_s.c.o
[36.921s] [ 88%] Building C object CMakeFiles/orbbec_camera_msgs__rosidl_generator_py.dir/rosidl_generator_py/orbbec_camera_msgs/msg/_stream_profile_s.c.o
[36.921s] [ 89%] Building C object CMakeFiles/orbbec_camera_msgs__rosidl_generator_py.dir/rosidl_generator_py/orbbec_camera_msgs/srv/_get_bool_s.c.o
[36.922s] [ 90%] Building C object CMakeFiles/orbbec_camera_msgs__rosidl_generator_py.dir/rosidl_generator_py/orbbec_camera_msgs/msg/_depth_filters_status_s.c.o
[36.922s] [ 90%] Building C object CMakeFiles/orbbec_camera_msgs__rosidl_generator_py.dir/rosidl_generator_py/orbbec_camera_msgs/msg/_extrinsics_s.c.o
[36.923s] [ 90%] Building C object CMakeFiles/orbbec_camera_msgs__rosidl_generator_py.dir/rosidl_generator_py/orbbec_camera_msgs/srv/_get_device_config_s.c.o
[36.923s] [ 91%] Building C object CMakeFiles/orbbec_camera_msgs__rosidl_generator_py.dir/rosidl_generator_py/orbbec_camera_msgs/msg/_metadata_s.c.o
[36.923s] [ 91%] Building C object CMakeFiles/orbbec_camera_msgs__rosidl_generator_py.dir/rosidl_generator_py/orbbec_camera_msgs/srv/_get_device_info_s.c.o
[36.923s] [ 91%] Building C object CMakeFiles/orbbec_camera_msgs__rosidl_generator_py.dir/rosidl_generator_py/orbbec_camera_msgs/msg/_imu_info_s.c.o
[36.923s] [ 91%] Building C object CMakeFiles/orbbec_camera_msgs__rosidl_generator_py.dir/rosidl_generator_py/orbbec_camera_msgs/srv/_set_filter_s.c.o
[36.924s] [ 92%] Building C object CMakeFiles/orbbec_camera_msgs__rosidl_generator_py.dir/rosidl_generator_py/orbbec_camera_msgs/srv/_get_string_s.c.o
[36.924s] [ 93%] Building C object CMakeFiles/orbbec_camera_msgs__rosidl_generator_py.dir/rosidl_generator_py/orbbec_camera_msgs/srv/_set_arrays_s.c.o
[36.926s] [ 93%] Building C object CMakeFiles/orbbec_camera_msgs__rosidl_generator_py.dir/rosidl_generator_py/orbbec_camera_msgs/srv/_set_bag_recording_s.c.o
[36.927s] [ 93%] Building C object CMakeFiles/orbbec_camera_msgs__rosidl_generator_py.dir/rosidl_generator_py/orbbec_camera_msgs/srv/_get_user_calib_params_s.c.o
[36.927s] [ 94%] Building C object CMakeFiles/orbbec_camera_msgs__rosidl_generator_py.dir/rosidl_generator_py/orbbec_camera_msgs/srv/_get_camera_info_s.c.o
[36.927s] [ 95%] Building C object CMakeFiles/orbbec_camera_msgs__rosidl_generator_py.dir/rosidl_generator_py/orbbec_camera_msgs/srv/_set_stream_profile_s.c.o
[36.927s] [ 95%] Building C object CMakeFiles/orbbec_camera_msgs__rosidl_generator_py.dir/rosidl_generator_py/orbbec_camera_msgs/srv/_get_int32_s.c.o
[36.927s] [ 96%] Building C object CMakeFiles/orbbec_camera_msgs__rosidl_generator_py.dir/rosidl_generator_py/orbbec_camera_msgs/srv/_set_user_calib_params_s.c.o
[36.928s] [ 97%] Building C object CMakeFiles/orbbec_camera_msgs__rosidl_generator_py.dir/rosidl_generator_py/orbbec_camera_msgs/srv/_set_int32_s.c.o
[36.929s] [ 97%] Building C object CMakeFiles/orbbec_camera_msgs__rosidl_generator_py.dir/rosidl_generator_py/orbbec_camera_msgs/srv/_set_string_s.c.o
[37.110s] [ 97%] Linking C shared library rosidl_generator_py/orbbec_camera_msgs/liborbbec_camera_msgs__rosidl_generator_py.so
[37.168s] [ 97%] Built target orbbec_camera_msgs__rosidl_generator_py
[37.195s] [ 98%] Building C object CMakeFiles/orbbec_camera_msgs__rosidl_typesupport_fastrtps_c__pyext.dir/rosidl_generator_py/orbbec_camera_msgs/_orbbec_camera_msgs_s.ep.rosidl_typesupport_fastrtps_c.c.o
[37.197s] [100%] Building C object CMakeFiles/orbbec_camera_msgs__rosidl_typesupport_introspection_c__pyext.dir/rosidl_generator_py/orbbec_camera_msgs/_orbbec_camera_msgs_s.ep.rosidl_typesupport_introspection_c.c.o
[37.197s] [100%] Building C object CMakeFiles/orbbec_camera_msgs__rosidl_typesupport_c__pyext.dir/rosidl_generator_py/orbbec_camera_msgs/_orbbec_camera_msgs_s.ep.rosidl_typesupport_c.c.o
[37.569s] [100%] Linking C shared library rosidl_generator_py/orbbec_camera_msgs/orbbec_camera_msgs_s__rosidl_typesupport_fastrtps_c.cpython-310-x86_64-linux-gnu.so
[37.570s] [100%] Linking C shared library rosidl_generator_py/orbbec_camera_msgs/orbbec_camera_msgs_s__rosidl_typesupport_c.cpython-310-x86_64-linux-gnu.so
[37.574s] [100%] Linking C shared library rosidl_generator_py/orbbec_camera_msgs/orbbec_camera_msgs_s__rosidl_typesupport_introspection_c.cpython-310-x86_64-linux-gnu.so
[37.607s] [100%] Built target orbbec_camera_msgs__rosidl_typesupport_fastrtps_c__pyext
[37.607s] [100%] Built target orbbec_camera_msgs__rosidl_typesupport_c__pyext
[37.608s] [100%] Built target orbbec_camera_msgs__rosidl_typesupport_introspection_c__pyext
[61.130s] Invoked command in '/home/sophie/isaac_lab/isaac_ws/rl_code/soarm100sim/third_party/orbbec_293_ws/build/orbbec_camera_msgs' returned '0': CMAKE_PREFIX_PATH=/opt/ros/humble /usr/bin/cmake --build /home/sophie/isaac_lab/isaac_ws/rl_code/soarm100sim/third_party/orbbec_293_ws/build/orbbec_camera_msgs -- -j32 -l32
[61.132s] Invoking command in '/home/sophie/isaac_lab/isaac_ws/rl_code/soarm100sim/third_party/orbbec_293_ws/build/orbbec_camera_msgs': CMAKE_PREFIX_PATH=/opt/ros/humble /usr/bin/cmake --install /home/sophie/isaac_lab/isaac_ws/rl_code/soarm100sim/third_party/orbbec_293_ws/build/orbbec_camera_msgs
[61.145s] -- Install configuration: "Release"
[61.145s] -- Installing: /home/sophie/isaac_lab/isaac_ws/rl_code/soarm100sim/third_party/orbbec_293_ws/install/orbbec_camera_msgs/share/ament_index/resource_index/rosidl_interfaces/orbbec_camera_msgs
[61.145s] -- Installing: /home/sophie/isaac_lab/isaac_ws/rl_code/soarm100sim/third_party/orbbec_293_ws/install/orbbec_camera_msgs/include/orbbec_camera_msgs/orbbec_camera_msgs
[61.145s] -- Installing: /home/sophie/isaac_lab/isaac_ws/rl_code/soarm100sim/third_party/orbbec_293_ws/install/orbbec_camera_msgs/include/orbbec_camera_msgs/orbbec_camera_msgs/srv
[61.145s] -- Installing: /home/sophie/isaac_lab/isaac_ws/rl_code/soarm100sim/third_party/orbbec_293_ws/install/orbbec_camera_msgs/include/orbbec_camera_msgs/orbbec_camera_msgs/srv/detail
[61.146s] -- Installing: /home/sophie/isaac_lab/isaac_ws/rl_code/soarm100sim/third_party/orbbec_293_ws/install/orbbec_camera_msgs/include/orbbec_camera_msgs/orbbec_camera_msgs/srv/detail/get_bool__type_support.h
[61.146s] -- Installing: /home/sophie/isaac_lab/isaac_ws/rl_code/soarm100sim/third_party/orbbec_293_ws/install/orbbec_camera_msgs/include/orbbec_camera_msgs/orbbec_camera_msgs/srv/detail/get_int32__functions.h
[61.146s] -- Installing: /home/sophie/isaac_lab/isaac_ws/rl_code/soarm100sim/third_party/orbbec_293_ws/install/orbbec_camera_msgs/include/orbbec_camera_msgs/orbbec_camera_msgs/srv/detail/set_bag_recording__type_support.h
[61.146s] -- Installing: /home/sophie/isaac_lab/isaac_ws/rl_code/soarm100sim/third_party/orbbec_293_ws/install/orbbec_camera_msgs/include/orbbec_camera_msgs/orbbec_camera_msgs/srv/detail/set_stream_profile__struct.h
[61.146s] -- Installing: /home/sophie/isaac_lab/isaac_ws/rl_code/soarm100sim/third_party/orbbec_293_ws/install/orbbec_camera_msgs/include/orbbec_camera_msgs/orbbec_camera_msgs/srv/detail/get_string__functions.c
[61.147s] -- Installing: /home/sophie/isaac_lab/isaac_ws/rl_code/soarm100sim/third_party/orbbec_293_ws/install/orbbec_camera_msgs/include/orbbec_camera_msgs/orbbec_camera_msgs/srv/detail/set_arrays__functions.h
[61.147s] -- Installing: /home/sophie/isaac_lab/isaac_ws/rl_code/soarm100sim/third_party/orbbec_293_ws/install/orbbec_camera_msgs/include/orbbec_camera_msgs/orbbec_camera_msgs/srv/detail/get_user_calib_params__functions.h
[61.147s] -- Installing: /home/sophie/isaac_lab/isaac_ws/rl_code/soarm100sim/third_party/orbbec_293_ws/install/orbbec_camera_msgs/include/orbbec_camera_msgs/orbbec_camera_msgs/srv/detail/get_device_config__functions.h
[61.147s] -- Installing: /home/sophie/isaac_lab/isaac_ws/rl_code/soarm100sim/third_party/orbbec_293_ws/install/orbbec_camera_msgs/include/orbbec_camera_msgs/orbbec_camera_msgs/srv/detail/set_bag_recording__functions.h
[61.147s] -- Installing: /home/sophie/isaac_lab/isaac_ws/rl_code/soarm100sim/third_party/orbbec_293_ws/install/orbbec_camera_msgs/include/orbbec_camera_msgs/orbbec_camera_msgs/srv/detail/set_int32__struct.h
[61.147s] -- Installing: /home/sophie/isaac_lab/isaac_ws/rl_code/soarm100sim/third_party/orbbec_293_ws/install/orbbec_camera_msgs/include/orbbec_camera_msgs/orbbec_camera_msgs/srv/detail/get_device_config__type_support.h
[61.148s] -- Installing: /home/sophie/isaac_lab/isaac_ws/rl_code/soarm100sim/third_party/orbbec_293_ws/install/orbbec_camera_msgs/include/orbbec_camera_msgs/orbbec_camera_msgs/srv/detail/get_user_calib_params__struct.h
[61.148s] -- Installing: /home/sophie/isaac_lab/isaac_ws/rl_code/soarm100sim/third_party/orbbec_293_ws/install/orbbec_camera_msgs/include/orbbec_camera_msgs/orbbec_camera_msgs/srv/detail/get_string__struct.h
[61.148s] -- Installing: /home/sophie/isaac_lab/isaac_ws/rl_code/soarm100sim/third_party/orbbec_293_ws/install/orbbec_camera_msgs/include/orbbec_camera_msgs/orbbec_camera_msgs/srv/detail/set_string__functions.c
[61.148s] -- Installing: /home/sophie/isaac_lab/isaac_ws/rl_code/soarm100sim/third_party/orbbec_293_ws/install/orbbec_camera_msgs/include/orbbec_camera_msgs/orbbec_camera_msgs/srv/detail/get_bool__functions.c
[61.148s] -- Installing: /home/sophie/isaac_lab/isaac_ws/rl_code/soarm100sim/third_party/orbbec_293_ws/install/orbbec_camera_msgs/include/orbbec_camera_msgs/orbbec_camera_msgs/srv/detail/get_camera_info__struct.h
[61.148s] -- Installing: /home/sophie/isaac_lab/isaac_ws/rl_code/soarm100sim/third_party/orbbec_293_ws/install/orbbec_camera_msgs/include/orbbec_camera_msgs/orbbec_camera_msgs/srv/detail/set_int32__functions.c
[61.148s] -- Installing: /home/sophie/isaac_lab/isaac_ws/rl_code/soarm100sim/third_party/orbbec_293_ws/install/orbbec_camera_msgs/include/orbbec_camera_msgs/orbbec_camera_msgs/srv/detail/get_user_calib_params__functions.c
[61.149s] -- Installing: /home/sophie/isaac_lab/isaac_ws/rl_code/soarm100sim/third_party/orbbec_293_ws/install/orbbec_camera_msgs/include/orbbec_camera_msgs/orbbec_camera_msgs/srv/detail/set_string__type_support.h
[61.149s] -- Installing: /home/sophie/isaac_lab/isaac_ws/rl_code/soarm100sim/third_party/orbbec_293_ws/install/orbbec_camera_msgs/include/orbbec_camera_msgs/orbbec_camera_msgs/srv/detail/get_device_info__struct.h
[61.149s] -- Installing: /home/sophie/isaac_lab/isaac_ws/rl_code/soarm100sim/third_party/orbbec_293_ws/install/orbbec_camera_msgs/include/orbbec_camera_msgs/orbbec_camera_msgs/srv/detail/set_arrays__struct.h
[61.151s] -- Installing: /home/sophie/isaac_lab/isaac_ws/rl_code/soarm100sim/third_party/orbbec_293_ws/install/orbbec_camera_msgs/include/orbbec_camera_msgs/orbbec_camera_msgs/srv/detail/set_arrays__type_support.h
[61.151s] -- Installing: /home/sophie/isaac_lab/isaac_ws/rl_code/soarm100sim/third_party/orbbec_293_ws/install/orbbec_camera_msgs/include/orbbec_camera_msgs/orbbec_camera_msgs/srv/detail/set_user_calib_params__type_support.h
[61.151s] -- Installing: /home/sophie/isaac_lab/isaac_ws/rl_code/soarm100sim/third_party/orbbec_293_ws/install/orbbec_camera_msgs/include/orbbec_camera_msgs/orbbec_camera_msgs/srv/detail/get_bool__functions.h
[61.152s] -- Installing: /home/sophie/isaac_lab/isaac_ws/rl_code/soarm100sim/third_party/orbbec_293_ws/install/orbbec_camera_msgs/include/orbbec_camera_msgs/orbbec_camera_msgs/srv/detail/set_string__functions.h
[61.152s] -- Installing: /home/sophie/isaac_lab/isaac_ws/rl_code/soarm100sim/third_party/orbbec_293_ws/install/orbbec_camera_msgs/include/orbbec_camera_msgs/orbbec_camera_msgs/srv/detail/get_camera_info__type_support.h
[61.152s] -- Installing: /home/sophie/isaac_lab/isaac_ws/rl_code/soarm100sim/third_party/orbbec_293_ws/install/orbbec_camera_msgs/include/orbbec_camera_msgs/orbbec_camera_msgs/srv/detail/get_device_info__functions.h
[61.152s] -- Installing: /home/sophie/isaac_lab/isaac_ws/rl_code/soarm100sim/third_party/orbbec_293_ws/install/orbbec_camera_msgs/include/orbbec_camera_msgs/orbbec_camera_msgs/srv/detail/get_camera_info__functions.h
[61.152s] -- Installing: /home/sophie/isaac_lab/isaac_ws/rl_code/soarm100sim/third_party/orbbec_293_ws/install/orbbec_camera_msgs/include/orbbec_camera_msgs/orbbec_camera_msgs/srv/detail/get_string__type_support.h
[61.152s] -- Installing: /home/sophie/isaac_lab/isaac_ws/rl_code/soarm100sim/third_party/orbbec_293_ws/install/orbbec_camera_msgs/include/orbbec_camera_msgs/orbbec_camera_msgs/srv/detail/set_int32__functions.h
[61.152s] -- Installing: /home/sophie/isaac_lab/isaac_ws/rl_code/soarm100sim/third_party/orbbec_293_ws/install/orbbec_camera_msgs/include/orbbec_camera_msgs/orbbec_camera_msgs/srv/detail/get_device_config__struct.h
[61.152s] -- Installing: /home/sophie/isaac_lab/isaac_ws/rl_code/soarm100sim/third_party/orbbec_293_ws/install/orbbec_camera_msgs/include/orbbec_camera_msgs/orbbec_camera_msgs/srv/detail/set_stream_profile__functions.c
[61.152s] -- Installing: /home/sophie/isaac_lab/isaac_ws/rl_code/soarm100sim/third_party/orbbec_293_ws/install/orbbec_camera_msgs/include/orbbec_camera_msgs/orbbec_camera_msgs/srv/detail/get_bool__struct.h
[61.152s] -- Installing: /home/sophie/isaac_lab/isaac_ws/rl_code/soarm100sim/third_party/orbbec_293_ws/install/orbbec_camera_msgs/include/orbbec_camera_msgs/orbbec_camera_msgs/srv/detail/set_filter__functions.h
[61.152s] -- Installing: /home/sophie/isaac_lab/isaac_ws/rl_code/soarm100sim/third_party/orbbec_293_ws/install/orbbec_camera_msgs/include/orbbec_camera_msgs/orbbec_camera_msgs/srv/detail/set_user_calib_params__struct.h
[61.153s] -- Installing: /home/sophie/isaac_lab/isaac_ws/rl_code/soarm100sim/third_party/orbbec_293_ws/install/orbbec_camera_msgs/include/orbbec_camera_msgs/orbbec_camera_msgs/srv/detail/set_user_calib_params__functions.c
[61.153s] -- Installing: /home/sophie/isaac_lab/isaac_ws/rl_code/soarm100sim/third_party/orbbec_293_ws/install/orbbec_camera_msgs/include/orbbec_camera_msgs/orbbec_camera_msgs/srv/detail/set_bag_recording__functions.c
[61.153s] -- Installing: /home/sophie/isaac_lab/isaac_ws/rl_code/soarm100sim/third_party/orbbec_293_ws/install/orbbec_camera_msgs/include/orbbec_camera_msgs/orbbec_camera_msgs/srv/detail/set_string__struct.h
[61.153s] -- Installing: /home/sophie/isaac_lab/isaac_ws/rl_code/soarm100sim/third_party/orbbec_293_ws/install/orbbec_camera_msgs/include/orbbec_camera_msgs/orbbec_camera_msgs/srv/detail/set_int32__type_support.h
[61.153s] -- Installing: /home/sophie/isaac_lab/isaac_ws/rl_code/soarm100sim/third_party/orbbec_293_ws/install/orbbec_camera_msgs/include/orbbec_camera_msgs/orbbec_camera_msgs/srv/detail/set_filter__struct.h
[61.153s] -- Installing: /home/sophie/isaac_lab/isaac_ws/rl_code/soarm100sim/third_party/orbbec_293_ws/install/orbbec_camera_msgs/include/orbbec_camera_msgs/orbbec_camera_msgs/srv/detail/get_device_info__functions.c
[61.153s] -- Installing: /home/sophie/isaac_lab/isaac_ws/rl_code/soarm100sim/third_party/orbbec_293_ws/install/orbbec_camera_msgs/include/orbbec_camera_msgs/orbbec_camera_msgs/srv/detail/set_bag_recording__struct.h
[61.153s] -- Installing: /home/sophie/isaac_lab/isaac_ws/rl_code/soarm100sim/third_party/orbbec_293_ws/install/orbbec_camera_msgs/include/orbbec_camera_msgs/orbbec_camera_msgs/srv/detail/set_stream_profile__type_support.h
[61.153s] -- Installing: /home/sophie/isaac_lab/isaac_ws/rl_code/soarm100sim/third_party/orbbec_293_ws/install/orbbec_camera_msgs/include/orbbec_camera_msgs/orbbec_camera_msgs/srv/detail/get_device_config__functions.c
[61.153s] -- Installing: /home/sophie/isaac_lab/isaac_ws/rl_code/soarm100sim/third_party/orbbec_293_ws/install/orbbec_camera_msgs/include/orbbec_camera_msgs/orbbec_camera_msgs/srv/detail/set_filter__type_support.h
[61.153s] -- Installing: /home/sophie/isaac_lab/isaac_ws/rl_code/soarm100sim/third_party/orbbec_293_ws/install/orbbec_camera_msgs/include/orbbec_camera_msgs/orbbec_camera_msgs/srv/detail/get_int32__struct.h
[61.154s] -- Installing: /home/sophie/isaac_lab/isaac_ws/rl_code/soarm100sim/third_party/orbbec_293_ws/install/orbbec_camera_msgs/include/orbbec_camera_msgs/orbbec_camera_msgs/srv/detail/get_user_calib_params__type_support.h
[61.154s] -- Installing: /home/sophie/isaac_lab/isaac_ws/rl_code/soarm100sim/third_party/orbbec_293_ws/install/orbbec_camera_msgs/include/orbbec_camera_msgs/orbbec_camera_msgs/srv/detail/get_camera_info__functions.c
[61.154s] -- Installing: /home/sophie/isaac_lab/isaac_ws/rl_code/soarm100sim/third_party/orbbec_293_ws/install/orbbec_camera_msgs/include/orbbec_camera_msgs/orbbec_camera_msgs/srv/detail/set_stream_profile__functions.h
[61.154s] -- Installing: /home/sophie/isaac_lab/isaac_ws/rl_code/soarm100sim/third_party/orbbec_293_ws/install/orbbec_camera_msgs/include/orbbec_camera_msgs/orbbec_camera_msgs/srv/detail/get_int32__type_support.h
[61.154s] -- Installing: /home/sophie/isaac_lab/isaac_ws/rl_code/soarm100sim/third_party/orbbec_293_ws/install/orbbec_camera_msgs/include/orbbec_camera_msgs/orbbec_camera_msgs/srv/detail/set_filter__functions.c
[61.154s] -- Installing: /home/sophie/isaac_lab/isaac_ws/rl_code/soarm100sim/third_party/orbbec_293_ws/install/orbbec_camera_msgs/include/orbbec_camera_msgs/orbbec_camera_msgs/srv/detail/set_user_calib_params__functions.h
[61.155s] -- Installing: /home/sophie/isaac_lab/isaac_ws/rl_code/soarm100sim/third_party/orbbec_293_ws/install/orbbec_camera_msgs/include/orbbec_camera_msgs/orbbec_camera_msgs/srv/detail/get_device_info__type_support.h
[61.155s] -- Installing: /home/sophie/isaac_lab/isaac_ws/rl_code/soarm100sim/third_party/orbbec_293_ws/install/orbbec_camera_msgs/include/orbbec_camera_msgs/orbbec_camera_msgs/srv/detail/get_int32__functions.c
[61.155s] -- Installing: /home/sophie/isaac_lab/isaac_ws/rl_code/soarm100sim/third_party/orbbec_293_ws/install/orbbec_camera_msgs/include/orbbec_camera_msgs/orbbec_camera_msgs/srv/detail/get_string__functions.h
[61.155s] -- Installing: /home/sophie/isaac_lab/isaac_ws/rl_code/soarm100sim/third_party/orbbec_293_ws/install/orbbec_camera_msgs/include/orbbec_camera_msgs/orbbec_camera_msgs/srv/detail/set_arrays__functions.c
[61.155s] -- Installing: /home/sophie/isaac_lab/isaac_ws/rl_code/soarm100sim/third_party/orbbec_293_ws/install/orbbec_camera_msgs/include/orbbec_camera_msgs/orbbec_camera_msgs/srv/get_int32.h
[61.156s] -- Installing: /home/sophie/isaac_lab/isaac_ws/rl_code/soarm100sim/third_party/orbbec_293_ws/install/orbbec_camera_msgs/include/orbbec_camera_msgs/orbbec_camera_msgs/srv/set_user_calib_params.h
[61.156s] -- Installing: /home/sophie/isaac_lab/isaac_ws/rl_code/soarm100sim/third_party/orbbec_293_ws/install/orbbec_camera_msgs/include/orbbec_camera_msgs/orbbec_camera_msgs/srv/set_string.h
[61.156s] -- Installing: /home/sophie/isaac_lab/isaac_ws/rl_code/soarm100sim/third_party/orbbec_293_ws/install/orbbec_camera_msgs/include/orbbec_camera_msgs/orbbec_camera_msgs/srv/get_bool.h
[61.156s] -- Installing: /home/sophie/isaac_lab/isaac_ws/rl_code/soarm100sim/third_party/orbbec_293_ws/install/orbbec_camera_msgs/include/orbbec_camera_msgs/orbbec_camera_msgs/srv/get_device_config.h
[61.156s] -- Installing: /home/sophie/isaac_lab/isaac_ws/rl_code/soarm100sim/third_party/orbbec_293_ws/install/orbbec_camera_msgs/include/orbbec_camera_msgs/orbbec_camera_msgs/srv/get_string.h
[61.156s] -- Installing: /home/sophie/isaac_lab/isaac_ws/rl_code/soarm100sim/third_party/orbbec_293_ws/install/orbbec_camera_msgs/include/orbbec_camera_msgs/orbbec_camera_msgs/srv/get_device_info.h
[61.157s] -- Installing: /home/sophie/isaac_lab/isaac_ws/rl_code/soarm100sim/third_party/orbbec_293_ws/install/orbbec_camera_msgs/include/orbbec_camera_msgs/orbbec_camera_msgs/srv/set_filter.h
[61.157s] -- Installing: /home/sophie/isaac_lab/isaac_ws/rl_code/soarm100sim/third_party/orbbec_293_ws/install/orbbec_camera_msgs/include/orbbec_camera_msgs/orbbec_camera_msgs/srv/set_arrays.h
[61.157s] -- Installing: /home/sophie/isaac_lab/isaac_ws/rl_code/soarm100sim/third_party/orbbec_293_ws/install/orbbec_camera_msgs/include/orbbec_camera_msgs/orbbec_camera_msgs/srv/set_bag_recording.h
[61.157s] -- Installing: /home/sophie/isaac_lab/isaac_ws/rl_code/soarm100sim/third_party/orbbec_293_ws/install/orbbec_camera_msgs/include/orbbec_camera_msgs/orbbec_camera_msgs/srv/get_user_calib_params.h
[61.157s] -- Installing: /home/sophie/isaac_lab/isaac_ws/rl_code/soarm100sim/third_party/orbbec_293_ws/install/orbbec_camera_msgs/include/orbbec_camera_msgs/orbbec_camera_msgs/srv/set_int32.h
[61.157s] -- Installing: /home/sophie/isaac_lab/isaac_ws/rl_code/soarm100sim/third_party/orbbec_293_ws/install/orbbec_camera_msgs/include/orbbec_camera_msgs/orbbec_camera_msgs/srv/get_camera_info.h
[61.157s] -- Installing: /home/sophie/isaac_lab/isaac_ws/rl_code/soarm100sim/third_party/orbbec_293_ws/install/orbbec_camera_msgs/include/orbbec_camera_msgs/orbbec_camera_msgs/srv/set_stream_profile.h
[61.158s] -- Installing: /home/sophie/isaac_lab/isaac_ws/rl_code/soarm100sim/third_party/orbbec_293_ws/install/orbbec_camera_msgs/include/orbbec_camera_msgs/orbbec_camera_msgs/msg
[61.158s] -- Installing: /home/sophie/isaac_lab/isaac_ws/rl_code/soarm100sim/third_party/orbbec_293_ws/install/orbbec_camera_msgs/include/orbbec_camera_msgs/orbbec_camera_msgs/msg/metadata.h
[61.158s] -- Installing: /home/sophie/isaac_lab/isaac_ws/rl_code/soarm100sim/third_party/orbbec_293_ws/install/orbbec_camera_msgs/include/orbbec_camera_msgs/orbbec_camera_msgs/msg/detail
[61.158s] -- Installing: /home/sophie/isaac_lab/isaac_ws/rl_code/soarm100sim/third_party/orbbec_293_ws/install/orbbec_camera_msgs/include/orbbec_camera_msgs/orbbec_camera_msgs/msg/detail/depth_filter_state__functions.h
[61.158s] -- Installing: /home/sophie/isaac_lab/isaac_ws/rl_code/soarm100sim/third_party/orbbec_293_ws/install/orbbec_camera_msgs/include/orbbec_camera_msgs/orbbec_camera_msgs/msg/detail/rgbd__struct.h
[61.158s] -- Installing: /home/sophie/isaac_lab/isaac_ws/rl_code/soarm100sim/third_party/orbbec_293_ws/install/orbbec_camera_msgs/include/orbbec_camera_msgs/orbbec_camera_msgs/msg/detail/imu_info__functions.c
[61.158s] -- Installing: /home/sophie/isaac_lab/isaac_ws/rl_code/soarm100sim/third_party/orbbec_293_ws/install/orbbec_camera_msgs/include/orbbec_camera_msgs/orbbec_camera_msgs/msg/detail/metadata__functions.c
[61.159s] -- Installing: /home/sophie/isaac_lab/isaac_ws/rl_code/soarm100sim/third_party/orbbec_293_ws/install/orbbec_camera_msgs/include/orbbec_camera_msgs/orbbec_camera_msgs/msg/detail/rgbd__functions.h
[61.159s] -- Installing: /home/sophie/isaac_lab/isaac_ws/rl_code/soarm100sim/third_party/orbbec_293_ws/install/orbbec_camera_msgs/include/orbbec_camera_msgs/orbbec_camera_msgs/msg/detail/stream_profile__struct.h
[61.159s] -- Installing: /home/sophie/isaac_lab/isaac_ws/rl_code/soarm100sim/third_party/orbbec_293_ws/install/orbbec_camera_msgs/include/orbbec_camera_msgs/orbbec_camera_msgs/msg/detail/extrinsics__type_support.h
[61.159s] -- Installing: /home/sophie/isaac_lab/isaac_ws/rl_code/soarm100sim/third_party/orbbec_293_ws/install/orbbec_camera_msgs/include/orbbec_camera_msgs/orbbec_camera_msgs/msg/detail/imu_info__struct.h
[61.159s] -- Installing: /home/sophie/isaac_lab/isaac_ws/rl_code/soarm100sim/third_party/orbbec_293_ws/install/orbbec_camera_msgs/include/orbbec_camera_msgs/orbbec_camera_msgs/msg/detail/metadata__functions.h
[61.159s] -- Installing: /home/sophie/isaac_lab/isaac_ws/rl_code/soarm100sim/third_party/orbbec_293_ws/install/orbbec_camera_msgs/include/orbbec_camera_msgs/orbbec_camera_msgs/msg/detail/device_status__functions.h
[61.159s] -- Installing: /home/sophie/isaac_lab/isaac_ws/rl_code/soarm100sim/third_party/orbbec_293_ws/install/orbbec_camera_msgs/include/orbbec_camera_msgs/orbbec_camera_msgs/msg/detail/device_info__struct.h
[61.160s] -- Installing: /home/sophie/isaac_lab/isaac_ws/rl_code/soarm100sim/third_party/orbbec_293_ws/install/orbbec_camera_msgs/include/orbbec_camera_msgs/orbbec_camera_msgs/msg/detail/rgbd__functions.c
[61.160s] -- Installing: /home/sophie/isaac_lab/isaac_ws/rl_code/soarm100sim/third_party/orbbec_293_ws/install/orbbec_camera_msgs/include/orbbec_camera_msgs/orbbec_camera_msgs/msg/detail/metadata__struct.h
[61.160s] -- Installing: /home/sophie/isaac_lab/isaac_ws/rl_code/soarm100sim/third_party/orbbec_293_ws/install/orbbec_camera_msgs/include/orbbec_camera_msgs/orbbec_camera_msgs/msg/detail/depth_filters_status__functions.c
[61.160s] -- Installing: /home/sophie/isaac_lab/isaac_ws/rl_code/soarm100sim/third_party/orbbec_293_ws/install/orbbec_camera_msgs/include/orbbec_camera_msgs/orbbec_camera_msgs/msg/detail/depth_filter_state__struct.h
[61.160s] -- Installing: /home/sophie/isaac_lab/isaac_ws/rl_code/soarm100sim/third_party/orbbec_293_ws/install/orbbec_camera_msgs/include/orbbec_camera_msgs/orbbec_camera_msgs/msg/detail/depth_filter_state__type_support.h
[61.160s] -- Installing: /home/sophie/isaac_lab/isaac_ws/rl_code/soarm100sim/third_party/orbbec_293_ws/install/orbbec_camera_msgs/include/orbbec_camera_msgs/orbbec_camera_msgs/msg/detail/metadata__type_support.h
[61.160s] -- Installing: /home/sophie/isaac_lab/isaac_ws/rl_code/soarm100sim/third_party/orbbec_293_ws/install/orbbec_camera_msgs/include/orbbec_camera_msgs/orbbec_camera_msgs/msg/detail/imu_info__type_support.h
[61.161s] -- Installing: /home/sophie/isaac_lab/isaac_ws/rl_code/soarm100sim/third_party/orbbec_293_ws/install/orbbec_camera_msgs/include/orbbec_camera_msgs/orbbec_camera_msgs/msg/detail/device_info__type_support.h
[61.161s] -- Installing: /home/sophie/isaac_lab/isaac_ws/rl_code/soarm100sim/third_party/orbbec_293_ws/install/orbbec_camera_msgs/include/orbbec_camera_msgs/orbbec_camera_msgs/msg/detail/rgbd__type_support.h
[61.161s] -- Installing: /home/sophie/isaac_lab/isaac_ws/rl_code/soarm100sim/third_party/orbbec_293_ws/install/orbbec_camera_msgs/include/orbbec_camera_msgs/orbbec_camera_msgs/msg/detail/depth_filter_param__struct.h
[61.161s] -- Installing: /home/sophie/isaac_lab/isaac_ws/rl_code/soarm100sim/third_party/orbbec_293_ws/install/orbbec_camera_msgs/include/orbbec_camera_msgs/orbbec_camera_msgs/msg/detail/extrinsics__struct.h
[61.161s] -- Installing: /home/sophie/isaac_lab/isaac_ws/rl_code/soarm100sim/third_party/orbbec_293_ws/install/orbbec_camera_msgs/include/orbbec_camera_msgs/orbbec_camera_msgs/msg/detail/imu_info__functions.h
[61.161s] -- Installing: /home/sophie/isaac_lab/isaac_ws/rl_code/soarm100sim/third_party/orbbec_293_ws/install/orbbec_camera_msgs/include/orbbec_camera_msgs/orbbec_camera_msgs/msg/detail/depth_filter_param__functions.c
[61.161s] -- Installing: /home/sophie/isaac_lab/isaac_ws/rl_code/soarm100sim/third_party/orbbec_293_ws/install/orbbec_camera_msgs/include/orbbec_camera_msgs/orbbec_camera_msgs/msg/detail/depth_filter_state__functions.c
[61.161s] -- Installing: /home/sophie/isaac_lab/isaac_ws/rl_code/soarm100sim/third_party/orbbec_293_ws/install/orbbec_camera_msgs/include/orbbec_camera_msgs/orbbec_camera_msgs/msg/detail/depth_filters_status__struct.h
[61.161s] -- Installing: /home/sophie/isaac_lab/isaac_ws/rl_code/soarm100sim/third_party/orbbec_293_ws/install/orbbec_camera_msgs/include/orbbec_camera_msgs/orbbec_camera_msgs/msg/detail/device_status__struct.h
[61.162s] -- Installing: /home/sophie/isaac_lab/isaac_ws/rl_code/soarm100sim/third_party/orbbec_293_ws/install/orbbec_camera_msgs/include/orbbec_camera_msgs/orbbec_camera_msgs/msg/detail/stream_profile__type_support.h
[61.162s] -- Installing: /home/sophie/isaac_lab/isaac_ws/rl_code/soarm100sim/third_party/orbbec_293_ws/install/orbbec_camera_msgs/include/orbbec_camera_msgs/orbbec_camera_msgs/msg/detail/depth_filters_status__type_support.h
[61.162s] -- Installing: /home/sophie/isaac_lab/isaac_ws/rl_code/soarm100sim/third_party/orbbec_293_ws/install/orbbec_camera_msgs/include/orbbec_camera_msgs/orbbec_camera_msgs/msg/detail/device_info__functions.h
[61.162s] -- Installing: /home/sophie/isaac_lab/isaac_ws/rl_code/soarm100sim/third_party/orbbec_293_ws/install/orbbec_camera_msgs/include/orbbec_camera_msgs/orbbec_camera_msgs/msg/detail/stream_profile__functions.c
[61.162s] -- Installing: /home/sophie/isaac_lab/isaac_ws/rl_code/soarm100sim/third_party/orbbec_293_ws/install/orbbec_camera_msgs/include/orbbec_camera_msgs/orbbec_camera_msgs/msg/detail/stream_profile__functions.h
[61.162s] -- Installing: /home/sophie/isaac_lab/isaac_ws/rl_code/soarm100sim/third_party/orbbec_293_ws/install/orbbec_camera_msgs/include/orbbec_camera_msgs/orbbec_camera_msgs/msg/detail/depth_filter_param__type_support.h
[61.162s] -- Installing: /home/sophie/isaac_lab/isaac_ws/rl_code/soarm100sim/third_party/orbbec_293_ws/install/orbbec_camera_msgs/include/orbbec_camera_msgs/orbbec_camera_msgs/msg/detail/extrinsics__functions.c
[61.162s] -- Installing: /home/sophie/isaac_lab/isaac_ws/rl_code/soarm100sim/third_party/orbbec_293_ws/install/orbbec_camera_msgs/include/orbbec_camera_msgs/orbbec_camera_msgs/msg/detail/extrinsics__functions.h
[61.162s] -- Installing: /home/sophie/isaac_lab/isaac_ws/rl_code/soarm100sim/third_party/orbbec_293_ws/install/orbbec_camera_msgs/include/orbbec_camera_msgs/orbbec_camera_msgs/msg/detail/device_status__functions.c
[61.163s] -- Installing: /home/sophie/isaac_lab/isaac_ws/rl_code/soarm100sim/third_party/orbbec_293_ws/install/orbbec_camera_msgs/include/orbbec_camera_msgs/orbbec_camera_msgs/msg/detail/device_info__functions.c
[61.163s] -- Installing: /home/sophie/isaac_lab/isaac_ws/rl_code/soarm100sim/third_party/orbbec_293_ws/install/orbbec_camera_msgs/include/orbbec_camera_msgs/orbbec_camera_msgs/msg/detail/depth_filter_param__functions.h
[61.163s] -- Installing: /home/sophie/isaac_lab/isaac_ws/rl_code/soarm100sim/third_party/orbbec_293_ws/install/orbbec_camera_msgs/include/orbbec_camera_msgs/orbbec_camera_msgs/msg/detail/depth_filters_status__functions.h
[61.163s] -- Installing: /home/sophie/isaac_lab/isaac_ws/rl_code/soarm100sim/third_party/orbbec_293_ws/install/orbbec_camera_msgs/include/orbbec_camera_msgs/orbbec_camera_msgs/msg/detail/device_status__type_support.h
[61.163s] -- Installing: /home/sophie/isaac_lab/isaac_ws/rl_code/soarm100sim/third_party/orbbec_293_ws/install/orbbec_camera_msgs/include/orbbec_camera_msgs/orbbec_camera_msgs/msg/depth_filter_state.h
[61.163s] -- Installing: /home/sophie/isaac_lab/isaac_ws/rl_code/soarm100sim/third_party/orbbec_293_ws/install/orbbec_camera_msgs/include/orbbec_camera_msgs/orbbec_camera_msgs/msg/extrinsics.h
[61.163s] -- Installing: /home/sophie/isaac_lab/isaac_ws/rl_code/soarm100sim/third_party/orbbec_293_ws/install/orbbec_camera_msgs/include/orbbec_camera_msgs/orbbec_camera_msgs/msg/rgbd.h
[61.163s] -- Installing: /home/sophie/isaac_lab/isaac_ws/rl_code/soarm100sim/third_party/orbbec_293_ws/install/orbbec_camera_msgs/include/orbbec_camera_msgs/orbbec_camera_msgs/msg/device_info.h
[61.163s] -- Installing: /home/sophie/isaac_lab/isaac_ws/rl_code/soarm100sim/third_party/orbbec_293_ws/install/orbbec_camera_msgs/include/orbbec_camera_msgs/orbbec_camera_msgs/msg/imu_info.h
[61.163s] -- Installing: /home/sophie/isaac_lab/isaac_ws/rl_code/soarm100sim/third_party/orbbec_293_ws/install/orbbec_camera_msgs/include/orbbec_camera_msgs/orbbec_camera_msgs/msg/depth_filters_status.h
[61.164s] -- Installing: /home/sophie/isaac_lab/isaac_ws/rl_code/soarm100sim/third_party/orbbec_293_ws/install/orbbec_camera_msgs/include/orbbec_camera_msgs/orbbec_camera_msgs/msg/rosidl_generator_c__visibility_control.h
[61.164s] -- Installing: /home/sophie/isaac_lab/isaac_ws/rl_code/soarm100sim/third_party/orbbec_293_ws/install/orbbec_camera_msgs/include/orbbec_camera_msgs/orbbec_camera_msgs/msg/stream_profile.h
[61.164s] -- Installing: /home/sophie/isaac_lab/isaac_ws/rl_code/soarm100sim/third_party/orbbec_293_ws/install/orbbec_camera_msgs/include/orbbec_camera_msgs/orbbec_camera_msgs/msg/device_status.h
[61.164s] -- Installing: /home/sophie/isaac_lab/isaac_ws/rl_code/soarm100sim/third_party/orbbec_293_ws/install/orbbec_camera_msgs/include/orbbec_camera_msgs/orbbec_camera_msgs/msg/depth_filter_param.h
[61.164s] -- Installing: /home/sophie/isaac_lab/isaac_ws/rl_code/soarm100sim/third_party/orbbec_293_ws/install/orbbec_camera_msgs/share/orbbec_camera_msgs/environment/library_path.sh
[61.164s] -- Installing: /home/sophie/isaac_lab/isaac_ws/rl_code/soarm100sim/third_party/orbbec_293_ws/install/orbbec_camera_msgs/share/orbbec_camera_msgs/environment/library_path.dsv
[61.164s] -- Installing: /home/sophie/isaac_lab/isaac_ws/rl_code/soarm100sim/third_party/orbbec_293_ws/install/orbbec_camera_msgs/lib/liborbbec_camera_msgs__rosidl_generator_c.so
[61.165s] -- Set runtime path of "/home/sophie/isaac_lab/isaac_ws/rl_code/soarm100sim/third_party/orbbec_293_ws/install/orbbec_camera_msgs/lib/liborbbec_camera_msgs__rosidl_generator_c.so" to ""
[61.165s] -- Up-to-date: /home/sophie/isaac_lab/isaac_ws/rl_code/soarm100sim/third_party/orbbec_293_ws/install/orbbec_camera_msgs/include/orbbec_camera_msgs/orbbec_camera_msgs
[61.165s] -- Up-to-date: /home/sophie/isaac_lab/isaac_ws/rl_code/soarm100sim/third_party/orbbec_293_ws/install/orbbec_camera_msgs/include/orbbec_camera_msgs/orbbec_camera_msgs/srv
[61.165s] -- Up-to-date: /home/sophie/isaac_lab/isaac_ws/rl_code/soarm100sim/third_party/orbbec_293_ws/install/orbbec_camera_msgs/include/orbbec_camera_msgs/orbbec_camera_msgs/srv/detail
[61.165s] -- Installing: /home/sophie/isaac_lab/isaac_ws/rl_code/soarm100sim/third_party/orbbec_293_ws/install/orbbec_camera_msgs/include/orbbec_camera_msgs/orbbec_camera_msgs/srv/detail/set_stream_profile__rosidl_typesupport_fastrtps_c.h
[61.165s] -- Installing: /home/sophie/isaac_lab/isaac_ws/rl_code/soarm100sim/third_party/orbbec_293_ws/install/orbbec_camera_msgs/include/orbbec_camera_msgs/orbbec_camera_msgs/srv/detail/set_bag_recording__rosidl_typesupport_fastrtps_c.h
[61.165s] -- Installing: /home/sophie/isaac_lab/isaac_ws/rl_code/soarm100sim/third_party/orbbec_293_ws/install/orbbec_camera_msgs/include/orbbec_camera_msgs/orbbec_camera_msgs/srv/detail/set_int32__rosidl_typesupport_fastrtps_c.h
[61.165s] -- Installing: /home/sophie/isaac_lab/isaac_ws/rl_code/soarm100sim/third_party/orbbec_293_ws/install/orbbec_camera_msgs/include/orbbec_camera_msgs/orbbec_camera_msgs/srv/detail/get_device_info__rosidl_typesupport_fastrtps_c.h
[61.165s] -- Installing: /home/sophie/isaac_lab/isaac_ws/rl_code/soarm100sim/third_party/orbbec_293_ws/install/orbbec_camera_msgs/include/orbbec_camera_msgs/orbbec_camera_msgs/srv/detail/set_filter__rosidl_typesupport_fastrtps_c.h
[61.166s] -- Installing: /home/sophie/isaac_lab/isaac_ws/rl_code/soarm100sim/third_party/orbbec_293_ws/install/orbbec_camera_msgs/include/orbbec_camera_msgs/orbbec_camera_msgs/srv/detail/get_camera_info__rosidl_typesupport_fastrtps_c.h
[61.166s] -- Installing: /home/sophie/isaac_lab/isaac_ws/rl_code/soarm100sim/third_party/orbbec_293_ws/install/orbbec_camera_msgs/include/orbbec_camera_msgs/orbbec_camera_msgs/srv/detail/get_bool__rosidl_typesupport_fastrtps_c.h
[61.166s] -- Installing: /home/sophie/isaac_lab/isaac_ws/rl_code/soarm100sim/third_party/orbbec_293_ws/install/orbbec_camera_msgs/include/orbbec_camera_msgs/orbbec_camera_msgs/srv/detail/get_string__rosidl_typesupport_fastrtps_c.h
[61.166s] -- Installing: /home/sophie/isaac_lab/isaac_ws/rl_code/soarm100sim/third_party/orbbec_293_ws/install/orbbec_camera_msgs/include/orbbec_camera_msgs/orbbec_camera_msgs/srv/detail/set_arrays__rosidl_typesupport_fastrtps_c.h
[61.166s] -- Installing: /home/sophie/isaac_lab/isaac_ws/rl_code/soarm100sim/third_party/orbbec_293_ws/install/orbbec_camera_msgs/include/orbbec_camera_msgs/orbbec_camera_msgs/srv/detail/set_string__rosidl_typesupport_fastrtps_c.h
[61.166s] -- Installing: /home/sophie/isaac_lab/isaac_ws/rl_code/soarm100sim/third_party/orbbec_293_ws/install/orbbec_camera_msgs/include/orbbec_camera_msgs/orbbec_camera_msgs/srv/detail/get_int32__rosidl_typesupport_fastrtps_c.h
[61.166s] -- Installing: /home/sophie/isaac_lab/isaac_ws/rl_code/soarm100sim/third_party/orbbec_293_ws/install/orbbec_camera_msgs/include/orbbec_camera_msgs/orbbec_camera_msgs/srv/detail/get_device_config__rosidl_typesupport_fastrtps_c.h
[61.166s] -- Installing: /home/sophie/isaac_lab/isaac_ws/rl_code/soarm100sim/third_party/orbbec_293_ws/install/orbbec_camera_msgs/include/orbbec_camera_msgs/orbbec_camera_msgs/srv/detail/get_user_calib_params__rosidl_typesupport_fastrtps_c.h
[61.166s] -- Installing: /home/sophie/isaac_lab/isaac_ws/rl_code/soarm100sim/third_party/orbbec_293_ws/install/orbbec_camera_msgs/include/orbbec_camera_msgs/orbbec_camera_msgs/srv/detail/set_user_calib_params__rosidl_typesupport_fastrtps_c.h
[61.167s] -- Up-to-date: /home/sophie/isaac_lab/isaac_ws/rl_code/soarm100sim/third_party/orbbec_293_ws/install/orbbec_camera_msgs/include/orbbec_camera_msgs/orbbec_camera_msgs/msg
[61.167s] -- Up-to-date: /home/sophie/isaac_lab/isaac_ws/rl_code/soarm100sim/third_party/orbbec_293_ws/install/orbbec_camera_msgs/include/orbbec_camera_msgs/orbbec_camera_msgs/msg/detail
[61.167s] -- Installing: /home/sophie/isaac_lab/isaac_ws/rl_code/soarm100sim/third_party/orbbec_293_ws/install/orbbec_camera_msgs/include/orbbec_camera_msgs/orbbec_camera_msgs/msg/detail/stream_profile__rosidl_typesupport_fastrtps_c.h
[61.167s] -- Installing: /home/sophie/isaac_lab/isaac_ws/rl_code/soarm100sim/third_party/orbbec_293_ws/install/orbbec_camera_msgs/include/orbbec_camera_msgs/orbbec_camera_msgs/msg/detail/extrinsics__rosidl_typesupport_fastrtps_c.h
[61.167s] -- Installing: /home/sophie/isaac_lab/isaac_ws/rl_code/soarm100sim/third_party/orbbec_293_ws/install/orbbec_camera_msgs/include/orbbec_camera_msgs/orbbec_camera_msgs/msg/detail/depth_filter_state__rosidl_typesupport_fastrtps_c.h
[61.167s] -- Installing: /home/sophie/isaac_lab/isaac_ws/rl_code/soarm100sim/third_party/orbbec_293_ws/install/orbbec_camera_msgs/include/orbbec_camera_msgs/orbbec_camera_msgs/msg/detail/depth_filter_param__rosidl_typesupport_fastrtps_c.h
[61.167s] -- Installing: /home/sophie/isaac_lab/isaac_ws/rl_code/soarm100sim/third_party/orbbec_293_ws/install/orbbec_camera_msgs/include/orbbec_camera_msgs/orbbec_camera_msgs/msg/detail/device_status__rosidl_typesupport_fastrtps_c.h
[61.167s] -- Installing: /home/sophie/isaac_lab/isaac_ws/rl_code/soarm100sim/third_party/orbbec_293_ws/install/orbbec_camera_msgs/include/orbbec_camera_msgs/orbbec_camera_msgs/msg/detail/metadata__rosidl_typesupport_fastrtps_c.h
[61.167s] -- Installing: /home/sophie/isaac_lab/isaac_ws/rl_code/soarm100sim/third_party/orbbec_293_ws/install/orbbec_camera_msgs/include/orbbec_camera_msgs/orbbec_camera_msgs/msg/detail/rgbd__rosidl_typesupport_fastrtps_c.h
[61.167s] -- Installing: /home/sophie/isaac_lab/isaac_ws/rl_code/soarm100sim/third_party/orbbec_293_ws/install/orbbec_camera_msgs/include/orbbec_camera_msgs/orbbec_camera_msgs/msg/detail/imu_info__rosidl_typesupport_fastrtps_c.h
[61.167s] -- Installing: /home/sophie/isaac_lab/isaac_ws/rl_code/soarm100sim/third_party/orbbec_293_ws/install/orbbec_camera_msgs/include/orbbec_camera_msgs/orbbec_camera_msgs/msg/detail/depth_filters_status__rosidl_typesupport_fastrtps_c.h
[61.167s] -- Installing: /home/sophie/isaac_lab/isaac_ws/rl_code/soarm100sim/third_party/orbbec_293_ws/install/orbbec_camera_msgs/include/orbbec_camera_msgs/orbbec_camera_msgs/msg/detail/device_info__rosidl_typesupport_fastrtps_c.h
[61.168s] -- Installing: /home/sophie/isaac_lab/isaac_ws/rl_code/soarm100sim/third_party/orbbec_293_ws/install/orbbec_camera_msgs/include/orbbec_camera_msgs/orbbec_camera_msgs/msg/rosidl_typesupport_fastrtps_c__visibility_control.h
[61.168s] -- Installing: /home/sophie/isaac_lab/isaac_ws/rl_code/soarm100sim/third_party/orbbec_293_ws/install/orbbec_camera_msgs/lib/liborbbec_camera_msgs__rosidl_typesupport_fastrtps_c.so
[61.168s] -- Set runtime path of "/home/sophie/isaac_lab/isaac_ws/rl_code/soarm100sim/third_party/orbbec_293_ws/install/orbbec_camera_msgs/lib/liborbbec_camera_msgs__rosidl_typesupport_fastrtps_c.so" to ""
[61.168s] -- Up-to-date: /home/sophie/isaac_lab/isaac_ws/rl_code/soarm100sim/third_party/orbbec_293_ws/install/orbbec_camera_msgs/include/orbbec_camera_msgs/orbbec_camera_msgs
[61.168s] -- Up-to-date: /home/sophie/isaac_lab/isaac_ws/rl_code/soarm100sim/third_party/orbbec_293_ws/install/orbbec_camera_msgs/include/orbbec_camera_msgs/orbbec_camera_msgs/srv
[61.168s] -- Up-to-date: /home/sophie/isaac_lab/isaac_ws/rl_code/soarm100sim/third_party/orbbec_293_ws/install/orbbec_camera_msgs/include/orbbec_camera_msgs/orbbec_camera_msgs/srv/detail
[61.168s] -- Installing: /home/sophie/isaac_lab/isaac_ws/rl_code/soarm100sim/third_party/orbbec_293_ws/install/orbbec_camera_msgs/include/orbbec_camera_msgs/orbbec_camera_msgs/srv/detail/set_int32__type_support.c
[61.169s] -- Installing: /home/sophie/isaac_lab/isaac_ws/rl_code/soarm100sim/third_party/orbbec_293_ws/install/orbbec_camera_msgs/include/orbbec_camera_msgs/orbbec_camera_msgs/srv/detail/set_arrays__rosidl_typesupport_introspection_c.h
[61.169s] -- Installing: /home/sophie/isaac_lab/isaac_ws/rl_code/soarm100sim/third_party/orbbec_293_ws/install/orbbec_camera_msgs/include/orbbec_camera_msgs/orbbec_camera_msgs/srv/detail/set_int32__rosidl_typesupport_introspection_c.h
[61.169s] -- Installing: /home/sophie/isaac_lab/isaac_ws/rl_code/soarm100sim/third_party/orbbec_293_ws/install/orbbec_camera_msgs/include/orbbec_camera_msgs/orbbec_camera_msgs/srv/detail/get_int32__rosidl_typesupport_introspection_c.h
[61.169s] -- Installing: /home/sophie/isaac_lab/isaac_ws/rl_code/soarm100sim/third_party/orbbec_293_ws/install/orbbec_camera_msgs/include/orbbec_camera_msgs/orbbec_camera_msgs/srv/detail/get_user_calib_params__type_support.c
[61.169s] -- Installing: /home/sophie/isaac_lab/isaac_ws/rl_code/soarm100sim/third_party/orbbec_293_ws/install/orbbec_camera_msgs/include/orbbec_camera_msgs/orbbec_camera_msgs/srv/detail/set_bag_recording__type_support.c
[61.169s] -- Installing: /home/sophie/isaac_lab/isaac_ws/rl_code/soarm100sim/third_party/orbbec_293_ws/install/orbbec_camera_msgs/include/orbbec_camera_msgs/orbbec_camera_msgs/srv/detail/set_bag_recording__rosidl_typesupport_introspection_c.h
[61.169s] -- Installing: /home/sophie/isaac_lab/isaac_ws/rl_code/soarm100sim/third_party/orbbec_293_ws/install/orbbec_camera_msgs/include/orbbec_camera_msgs/orbbec_camera_msgs/srv/detail/get_bool__rosidl_typesupport_introspection_c.h
[61.169s] -- Installing: /home/sophie/isaac_lab/isaac_ws/rl_code/soarm100sim/third_party/orbbec_293_ws/install/orbbec_camera_msgs/include/orbbec_camera_msgs/orbbec_camera_msgs/srv/detail/set_arrays__type_support.c
[61.169s] -- Installing: /home/sophie/isaac_lab/isaac_ws/rl_code/soarm100sim/third_party/orbbec_293_ws/install/orbbec_camera_msgs/include/orbbec_camera_msgs/orbbec_camera_msgs/srv/detail/get_bool__type_support.c
[61.169s] -- Installing: /home/sophie/isaac_lab/isaac_ws/rl_code/soarm100sim/third_party/orbbec_293_ws/install/orbbec_camera_msgs/include/orbbec_camera_msgs/orbbec_camera_msgs/srv/detail/set_user_calib_params__type_support.c
[61.169s] -- Installing: /home/sophie/isaac_lab/isaac_ws/rl_code/soarm100sim/third_party/orbbec_293_ws/install/orbbec_camera_msgs/include/orbbec_camera_msgs/orbbec_camera_msgs/srv/detail/set_string__type_support.c
[61.170s] -- Installing: /home/sophie/isaac_lab/isaac_ws/rl_code/soarm100sim/third_party/orbbec_293_ws/install/orbbec_camera_msgs/include/orbbec_camera_msgs/orbbec_camera_msgs/srv/detail/set_user_calib_params__rosidl_typesupport_introspection_c.h
[61.170s] -- Installing: /home/sophie/isaac_lab/isaac_ws/rl_code/soarm100sim/third_party/orbbec_293_ws/install/orbbec_camera_msgs/include/orbbec_camera_msgs/orbbec_camera_msgs/srv/detail/get_device_info__rosidl_typesupport_introspection_c.h
[61.170s] -- Installing: /home/sophie/isaac_lab/isaac_ws/rl_code/soarm100sim/third_party/orbbec_293_ws/install/orbbec_camera_msgs/include/orbbec_camera_msgs/orbbec_camera_msgs/srv/detail/set_filter__type_support.c
[61.170s] -- Installing: /home/sophie/isaac_lab/isaac_ws/rl_code/soarm100sim/third_party/orbbec_293_ws/install/orbbec_camera_msgs/include/orbbec_camera_msgs/orbbec_camera_msgs/srv/detail/get_device_info__type_support.c
[61.170s] -- Installing: /home/sophie/isaac_lab/isaac_ws/rl_code/soarm100sim/third_party/orbbec_293_ws/install/orbbec_camera_msgs/include/orbbec_camera_msgs/orbbec_camera_msgs/srv/detail/get_camera_info__rosidl_typesupport_introspection_c.h
[61.170s] -- Installing: /home/sophie/isaac_lab/isaac_ws/rl_code/soarm100sim/third_party/orbbec_293_ws/install/orbbec_camera_msgs/include/orbbec_camera_msgs/orbbec_camera_msgs/srv/detail/set_filter__rosidl_typesupport_introspection_c.h
[61.170s] -- Installing: /home/sophie/isaac_lab/isaac_ws/rl_code/soarm100sim/third_party/orbbec_293_ws/install/orbbec_camera_msgs/include/orbbec_camera_msgs/orbbec_camera_msgs/srv/detail/set_string__rosidl_typesupport_introspection_c.h
[61.170s] -- Installing: /home/sophie/isaac_lab/isaac_ws/rl_code/soarm100sim/third_party/orbbec_293_ws/install/orbbec_camera_msgs/include/orbbec_camera_msgs/orbbec_camera_msgs/srv/detail/get_string__type_support.c
[61.170s] -- Installing: /home/sophie/isaac_lab/isaac_ws/rl_code/soarm100sim/third_party/orbbec_293_ws/install/orbbec_camera_msgs/include/orbbec_camera_msgs/orbbec_camera_msgs/srv/detail/get_string__rosidl_typesupport_introspection_c.h
[61.171s] -- Installing: /home/sophie/isaac_lab/isaac_ws/rl_code/soarm100sim/third_party/orbbec_293_ws/install/orbbec_camera_msgs/include/orbbec_camera_msgs/orbbec_camera_msgs/srv/detail/set_stream_profile__rosidl_typesupport_introspection_c.h
[61.171s] -- Installing: /home/sophie/isaac_lab/isaac_ws/rl_code/soarm100sim/third_party/orbbec_293_ws/install/orbbec_camera_msgs/include/orbbec_camera_msgs/orbbec_camera_msgs/srv/detail/get_device_config__rosidl_typesupport_introspection_c.h
[61.171s] -- Installing: /home/sophie/isaac_lab/isaac_ws/rl_code/soarm100sim/third_party/orbbec_293_ws/install/orbbec_camera_msgs/include/orbbec_camera_msgs/orbbec_camera_msgs/srv/detail/get_user_calib_params__rosidl_typesupport_introspection_c.h
[61.171s] -- Installing: /home/sophie/isaac_lab/isaac_ws/rl_code/soarm100sim/third_party/orbbec_293_ws/install/orbbec_camera_msgs/include/orbbec_camera_msgs/orbbec_camera_msgs/srv/detail/set_stream_profile__type_support.c
[61.171s] -- Installing: /home/sophie/isaac_lab/isaac_ws/rl_code/soarm100sim/third_party/orbbec_293_ws/install/orbbec_camera_msgs/include/orbbec_camera_msgs/orbbec_camera_msgs/srv/detail/get_camera_info__type_support.c
[61.171s] -- Installing: /home/sophie/isaac_lab/isaac_ws/rl_code/soarm100sim/third_party/orbbec_293_ws/install/orbbec_camera_msgs/include/orbbec_camera_msgs/orbbec_camera_msgs/srv/detail/get_int32__type_support.c
[61.171s] -- Installing: /home/sophie/isaac_lab/isaac_ws/rl_code/soarm100sim/third_party/orbbec_293_ws/install/orbbec_camera_msgs/include/orbbec_camera_msgs/orbbec_camera_msgs/srv/detail/get_device_config__type_support.c
[61.171s] -- Up-to-date: /home/sophie/isaac_lab/isaac_ws/rl_code/soarm100sim/third_party/orbbec_293_ws/install/orbbec_camera_msgs/include/orbbec_camera_msgs/orbbec_camera_msgs/msg
[61.172s] -- Up-to-date: /home/sophie/isaac_lab/isaac_ws/rl_code/soarm100sim/third_party/orbbec_293_ws/install/orbbec_camera_msgs/include/orbbec_camera_msgs/orbbec_camera_msgs/msg/detail
[61.172s] -- Installing: /home/sophie/isaac_lab/isaac_ws/rl_code/soarm100sim/third_party/orbbec_293_ws/install/orbbec_camera_msgs/include/orbbec_camera_msgs/orbbec_camera_msgs/msg/detail/stream_profile__type_support.c
[61.172s] -- Installing: /home/sophie/isaac_lab/isaac_ws/rl_code/soarm100sim/third_party/orbbec_293_ws/install/orbbec_camera_msgs/include/orbbec_camera_msgs/orbbec_camera_msgs/msg/detail/device_status__rosidl_typesupport_introspection_c.h
[61.172s] -- Installing: /home/sophie/isaac_lab/isaac_ws/rl_code/soarm100sim/third_party/orbbec_293_ws/install/orbbec_camera_msgs/include/orbbec_camera_msgs/orbbec_camera_msgs/msg/detail/depth_filter_state__type_support.c
[61.172s] -- Installing: /home/sophie/isaac_lab/isaac_ws/rl_code/soarm100sim/third_party/orbbec_293_ws/install/orbbec_camera_msgs/include/orbbec_camera_msgs/orbbec_camera_msgs/msg/detail/extrinsics__rosidl_typesupport_introspection_c.h
[61.172s] -- Installing: /home/sophie/isaac_lab/isaac_ws/rl_code/soarm100sim/third_party/orbbec_293_ws/install/orbbec_camera_msgs/include/orbbec_camera_msgs/orbbec_camera_msgs/msg/detail/extrinsics__type_support.c
[61.172s] -- Installing: /home/sophie/isaac_lab/isaac_ws/rl_code/soarm100sim/third_party/orbbec_293_ws/install/orbbec_camera_msgs/include/orbbec_camera_msgs/orbbec_camera_msgs/msg/detail/depth_filters_status__rosidl_typesupport_introspection_c.h
[61.172s] -- Installing: /home/sophie/isaac_lab/isaac_ws/rl_code/soarm100sim/third_party/orbbec_293_ws/install/orbbec_camera_msgs/include/orbbec_camera_msgs/orbbec_camera_msgs/msg/detail/device_status__type_support.c
[61.172s] -- Installing: /home/sophie/isaac_lab/isaac_ws/rl_code/soarm100sim/third_party/orbbec_293_ws/install/orbbec_camera_msgs/include/orbbec_camera_msgs/orbbec_camera_msgs/msg/detail/depth_filter_param__rosidl_typesupport_introspection_c.h
[61.172s] -- Installing: /home/sophie/isaac_lab/isaac_ws/rl_code/soarm100sim/third_party/orbbec_293_ws/install/orbbec_camera_msgs/include/orbbec_camera_msgs/orbbec_camera_msgs/msg/detail/rgbd__rosidl_typesupport_introspection_c.h
[61.172s] -- Installing: /home/sophie/isaac_lab/isaac_ws/rl_code/soarm100sim/third_party/orbbec_293_ws/install/orbbec_camera_msgs/include/orbbec_camera_msgs/orbbec_camera_msgs/msg/detail/metadata__rosidl_typesupport_introspection_c.h
[61.172s] -- Installing: /home/sophie/isaac_lab/isaac_ws/rl_code/soarm100sim/third_party/orbbec_293_ws/install/orbbec_camera_msgs/include/orbbec_camera_msgs/orbbec_camera_msgs/msg/detail/depth_filter_param__type_support.c
[61.173s] -- Installing: /home/sophie/isaac_lab/isaac_ws/rl_code/soarm100sim/third_party/orbbec_293_ws/install/orbbec_camera_msgs/include/orbbec_camera_msgs/orbbec_camera_msgs/msg/detail/imu_info__rosidl_typesupport_introspection_c.h
[61.173s] -- Installing: /home/sophie/isaac_lab/isaac_ws/rl_code/soarm100sim/third_party/orbbec_293_ws/install/orbbec_camera_msgs/include/orbbec_camera_msgs/orbbec_camera_msgs/msg/detail/stream_profile__rosidl_typesupport_introspection_c.h
[61.173s] -- Installing: /home/sophie/isaac_lab/isaac_ws/rl_code/soarm100sim/third_party/orbbec_293_ws/install/orbbec_camera_msgs/include/orbbec_camera_msgs/orbbec_camera_msgs/msg/detail/device_info__type_support.c
[61.173s] -- Installing: /home/sophie/isaac_lab/isaac_ws/rl_code/soarm100sim/third_party/orbbec_293_ws/install/orbbec_camera_msgs/include/orbbec_camera_msgs/orbbec_camera_msgs/msg/detail/depth_filters_status__type_support.c
[61.173s] -- Installing: /home/sophie/isaac_lab/isaac_ws/rl_code/soarm100sim/third_party/orbbec_293_ws/install/orbbec_camera_msgs/include/orbbec_camera_msgs/orbbec_camera_msgs/msg/detail/imu_info__type_support.c
[61.173s] -- Installing: /home/sophie/isaac_lab/isaac_ws/rl_code/soarm100sim/third_party/orbbec_293_ws/install/orbbec_camera_msgs/include/orbbec_camera_msgs/orbbec_camera_msgs/msg/detail/rgbd__type_support.c
[61.173s] -- Installing: /home/sophie/isaac_lab/isaac_ws/rl_code/soarm100sim/third_party/orbbec_293_ws/install/orbbec_camera_msgs/include/orbbec_camera_msgs/orbbec_camera_msgs/msg/detail/depth_filter_state__rosidl_typesupport_introspection_c.h
[61.173s] -- Installing: /home/sophie/isaac_lab/isaac_ws/rl_code/soarm100sim/third_party/orbbec_293_ws/install/orbbec_camera_msgs/include/orbbec_camera_msgs/orbbec_camera_msgs/msg/detail/metadata__type_support.c
[61.173s] -- Installing: /home/sophie/isaac_lab/isaac_ws/rl_code/soarm100sim/third_party/orbbec_293_ws/install/orbbec_camera_msgs/include/orbbec_camera_msgs/orbbec_camera_msgs/msg/detail/device_info__rosidl_typesupport_introspection_c.h
[61.173s] -- Installing: /home/sophie/isaac_lab/isaac_ws/rl_code/soarm100sim/third_party/orbbec_293_ws/install/orbbec_camera_msgs/include/orbbec_camera_msgs/orbbec_camera_msgs/msg/rosidl_typesupport_introspection_c__visibility_control.h
[61.174s] -- Installing: /home/sophie/isaac_lab/isaac_ws/rl_code/soarm100sim/third_party/orbbec_293_ws/install/orbbec_camera_msgs/lib/liborbbec_camera_msgs__rosidl_typesupport_introspection_c.so
[61.174s] -- Set runtime path of "/home/sophie/isaac_lab/isaac_ws/rl_code/soarm100sim/third_party/orbbec_293_ws/install/orbbec_camera_msgs/lib/liborbbec_camera_msgs__rosidl_typesupport_introspection_c.so" to ""
[61.174s] -- Installing: /home/sophie/isaac_lab/isaac_ws/rl_code/soarm100sim/third_party/orbbec_293_ws/install/orbbec_camera_msgs/lib/liborbbec_camera_msgs__rosidl_typesupport_c.so
[61.175s] -- Set runtime path of "/home/sophie/isaac_lab/isaac_ws/rl_code/soarm100sim/third_party/orbbec_293_ws/install/orbbec_camera_msgs/lib/liborbbec_camera_msgs__rosidl_typesupport_c.so" to ""
[61.175s] -- Up-to-date: /home/sophie/isaac_lab/isaac_ws/rl_code/soarm100sim/third_party/orbbec_293_ws/install/orbbec_camera_msgs/include/orbbec_camera_msgs/orbbec_camera_msgs
[61.175s] -- Up-to-date: /home/sophie/isaac_lab/isaac_ws/rl_code/soarm100sim/third_party/orbbec_293_ws/install/orbbec_camera_msgs/include/orbbec_camera_msgs/orbbec_camera_msgs/srv
[61.175s] -- Installing: /home/sophie/isaac_lab/isaac_ws/rl_code/soarm100sim/third_party/orbbec_293_ws/install/orbbec_camera_msgs/include/orbbec_camera_msgs/orbbec_camera_msgs/srv/get_device_config.hpp
[61.175s] -- Installing: /home/sophie/isaac_lab/isaac_ws/rl_code/soarm100sim/third_party/orbbec_293_ws/install/orbbec_camera_msgs/include/orbbec_camera_msgs/orbbec_camera_msgs/srv/set_bag_recording.hpp
[61.175s] -- Up-to-date: /home/sophie/isaac_lab/isaac_ws/rl_code/soarm100sim/third_party/orbbec_293_ws/install/orbbec_camera_msgs/include/orbbec_camera_msgs/orbbec_camera_msgs/srv/detail
[61.175s] -- Installing: /home/sophie/isaac_lab/isaac_ws/rl_code/soarm100sim/third_party/orbbec_293_ws/install/orbbec_camera_msgs/include/orbbec_camera_msgs/orbbec_camera_msgs/srv/detail/set_filter__traits.hpp
[61.175s] -- Installing: /home/sophie/isaac_lab/isaac_ws/rl_code/soarm100sim/third_party/orbbec_293_ws/install/orbbec_camera_msgs/include/orbbec_camera_msgs/orbbec_camera_msgs/srv/detail/set_arrays__struct.hpp
[61.175s] -- Installing: /home/sophie/isaac_lab/isaac_ws/rl_code/soarm100sim/third_party/orbbec_293_ws/install/orbbec_camera_msgs/include/orbbec_camera_msgs/orbbec_camera_msgs/srv/detail/get_bool__struct.hpp
[61.175s] -- Installing: /home/sophie/isaac_lab/isaac_ws/rl_code/soarm100sim/third_party/orbbec_293_ws/install/orbbec_camera_msgs/include/orbbec_camera_msgs/orbbec_camera_msgs/srv/detail/set_bag_recording__traits.hpp
[61.175s] -- Installing: /home/sophie/isaac_lab/isaac_ws/rl_code/soarm100sim/third_party/orbbec_293_ws/install/orbbec_camera_msgs/include/orbbec_camera_msgs/orbbec_camera_msgs/srv/detail/get_device_info__traits.hpp
[61.176s] -- Installing: /home/sophie/isaac_lab/isaac_ws/rl_code/soarm100sim/third_party/orbbec_293_ws/install/orbbec_camera_msgs/include/orbbec_camera_msgs/orbbec_camera_msgs/srv/detail/get_int32__builder.hpp
[61.176s] -- Installing: /home/sophie/isaac_lab/isaac_ws/rl_code/soarm100sim/third_party/orbbec_293_ws/install/orbbec_camera_msgs/include/orbbec_camera_msgs/orbbec_camera_msgs/srv/detail/get_camera_info__type_support.hpp
[61.176s] -- Installing: /home/sophie/isaac_lab/isaac_ws/rl_code/soarm100sim/third_party/orbbec_293_ws/install/orbbec_camera_msgs/include/orbbec_camera_msgs/orbbec_camera_msgs/srv/detail/get_string__type_support.hpp
[61.176s] -- Installing: /home/sophie/isaac_lab/isaac_ws/rl_code/soarm100sim/third_party/orbbec_293_ws/install/orbbec_camera_msgs/include/orbbec_camera_msgs/orbbec_camera_msgs/srv/detail/set_int32__traits.hpp
[61.176s] -- Installing: /home/sophie/isaac_lab/isaac_ws/rl_code/soarm100sim/third_party/orbbec_293_ws/install/orbbec_camera_msgs/include/orbbec_camera_msgs/orbbec_camera_msgs/srv/detail/set_int32__type_support.hpp
[61.176s] -- Installing: /home/sophie/isaac_lab/isaac_ws/rl_code/soarm100sim/third_party/orbbec_293_ws/install/orbbec_camera_msgs/include/orbbec_camera_msgs/orbbec_camera_msgs/srv/detail/set_user_calib_params__struct.hpp
[61.176s] -- Installing: /home/sophie/isaac_lab/isaac_ws/rl_code/soarm100sim/third_party/orbbec_293_ws/install/orbbec_camera_msgs/include/orbbec_camera_msgs/orbbec_camera_msgs/srv/detail/set_bag_recording__type_support.hpp
[61.176s] -- Installing: /home/sophie/isaac_lab/isaac_ws/rl_code/soarm100sim/third_party/orbbec_293_ws/install/orbbec_camera_msgs/include/orbbec_camera_msgs/orbbec_camera_msgs/srv/detail/set_string__builder.hpp
[61.176s] -- Installing: /home/sophie/isaac_lab/isaac_ws/rl_code/soarm100sim/third_party/orbbec_293_ws/install/orbbec_camera_msgs/include/orbbec_camera_msgs/orbbec_camera_msgs/srv/detail/get_user_calib_params__type_support.hpp
[61.176s] -- Installing: /home/sophie/isaac_lab/isaac_ws/rl_code/soarm100sim/third_party/orbbec_293_ws/install/orbbec_camera_msgs/include/orbbec_camera_msgs/orbbec_camera_msgs/srv/detail/set_user_calib_params__type_support.hpp
[61.177s] -- Installing: /home/sophie/isaac_lab/isaac_ws/rl_code/soarm100sim/third_party/orbbec_293_ws/install/orbbec_camera_msgs/include/orbbec_camera_msgs/orbbec_camera_msgs/srv/detail/set_user_calib_params__builder.hpp
[61.177s] -- Installing: /home/sophie/isaac_lab/isaac_ws/rl_code/soarm100sim/third_party/orbbec_293_ws/install/orbbec_camera_msgs/include/orbbec_camera_msgs/orbbec_camera_msgs/srv/detail/set_int32__builder.hpp
[61.177s] -- Installing: /home/sophie/isaac_lab/isaac_ws/rl_code/soarm100sim/third_party/orbbec_293_ws/install/orbbec_camera_msgs/include/orbbec_camera_msgs/orbbec_camera_msgs/srv/detail/set_int32__struct.hpp
[61.177s] -- Installing: /home/sophie/isaac_lab/isaac_ws/rl_code/soarm100sim/third_party/orbbec_293_ws/install/orbbec_camera_msgs/include/orbbec_camera_msgs/orbbec_camera_msgs/srv/detail/get_device_config__traits.hpp
[61.177s] -- Installing: /home/sophie/isaac_lab/isaac_ws/rl_code/soarm100sim/third_party/orbbec_293_ws/install/orbbec_camera_msgs/include/orbbec_camera_msgs/orbbec_camera_msgs/srv/detail/get_int32__struct.hpp
[61.177s] -- Installing: /home/sophie/isaac_lab/isaac_ws/rl_code/soarm100sim/third_party/orbbec_293_ws/install/orbbec_camera_msgs/include/orbbec_camera_msgs/orbbec_camera_msgs/srv/detail/set_string__type_support.hpp
[61.177s] -- Installing: /home/sophie/isaac_lab/isaac_ws/rl_code/soarm100sim/third_party/orbbec_293_ws/install/orbbec_camera_msgs/include/orbbec_camera_msgs/orbbec_camera_msgs/srv/detail/get_camera_info__traits.hpp
[61.177s] -- Installing: /home/sophie/isaac_lab/isaac_ws/rl_code/soarm100sim/third_party/orbbec_293_ws/install/orbbec_camera_msgs/include/orbbec_camera_msgs/orbbec_camera_msgs/srv/detail/get_int32__traits.hpp
[61.177s] -- Installing: /home/sophie/isaac_lab/isaac_ws/rl_code/soarm100sim/third_party/orbbec_293_ws/install/orbbec_camera_msgs/include/orbbec_camera_msgs/orbbec_camera_msgs/srv/detail/get_user_calib_params__traits.hpp
[61.177s] -- Installing: /home/sophie/isaac_lab/isaac_ws/rl_code/soarm100sim/third_party/orbbec_293_ws/install/orbbec_camera_msgs/include/orbbec_camera_msgs/orbbec_camera_msgs/srv/detail/get_bool__builder.hpp
[61.178s] -- Installing: /home/sophie/isaac_lab/isaac_ws/rl_code/soarm100sim/third_party/orbbec_293_ws/install/orbbec_camera_msgs/include/orbbec_camera_msgs/orbbec_camera_msgs/srv/detail/get_string__builder.hpp
[61.178s] -- Installing: /home/sophie/isaac_lab/isaac_ws/rl_code/soarm100sim/third_party/orbbec_293_ws/install/orbbec_camera_msgs/include/orbbec_camera_msgs/orbbec_camera_msgs/srv/detail/get_device_info__struct.hpp
[61.178s] -- Installing: /home/sophie/isaac_lab/isaac_ws/rl_code/soarm100sim/third_party/orbbec_293_ws/install/orbbec_camera_msgs/include/orbbec_camera_msgs/orbbec_camera_msgs/srv/detail/get_device_config__builder.hpp
[61.178s] -- Installing: /home/sophie/isaac_lab/isaac_ws/rl_code/soarm100sim/third_party/orbbec_293_ws/install/orbbec_camera_msgs/include/orbbec_camera_msgs/orbbec_camera_msgs/srv/detail/get_camera_info__struct.hpp
[61.178s] -- Installing: /home/sophie/isaac_lab/isaac_ws/rl_code/soarm100sim/third_party/orbbec_293_ws/install/orbbec_camera_msgs/include/orbbec_camera_msgs/orbbec_camera_msgs/srv/detail/set_string__traits.hpp
[61.178s] -- Installing: /home/sophie/isaac_lab/isaac_ws/rl_code/soarm100sim/third_party/orbbec_293_ws/install/orbbec_camera_msgs/include/orbbec_camera_msgs/orbbec_camera_msgs/srv/detail/set_stream_profile__struct.hpp
[61.178s] -- Installing: /home/sophie/isaac_lab/isaac_ws/rl_code/soarm100sim/third_party/orbbec_293_ws/install/orbbec_camera_msgs/include/orbbec_camera_msgs/orbbec_camera_msgs/srv/detail/get_user_calib_params__struct.hpp
[61.178s] -- Installing: /home/sophie/isaac_lab/isaac_ws/rl_code/soarm100sim/third_party/orbbec_293_ws/install/orbbec_camera_msgs/include/orbbec_camera_msgs/orbbec_camera_msgs/srv/detail/get_int32__type_support.hpp
[61.178s] -- Installing: /home/sophie/isaac_lab/isaac_ws/rl_code/soarm100sim/third_party/orbbec_293_ws/install/orbbec_camera_msgs/include/orbbec_camera_msgs/orbbec_camera_msgs/srv/detail/get_bool__type_support.hpp
[61.178s] -- Installing: /home/sophie/isaac_lab/isaac_ws/rl_code/soarm100sim/third_party/orbbec_293_ws/install/orbbec_camera_msgs/include/orbbec_camera_msgs/orbbec_camera_msgs/srv/detail/get_device_config__type_support.hpp
[61.179s] -- Installing: /home/sophie/isaac_lab/isaac_ws/rl_code/soarm100sim/third_party/orbbec_293_ws/install/orbbec_camera_msgs/include/orbbec_camera_msgs/orbbec_camera_msgs/srv/detail/get_string__struct.hpp
[61.179s] -- Installing: /home/sophie/isaac_lab/isaac_ws/rl_code/soarm100sim/third_party/orbbec_293_ws/install/orbbec_camera_msgs/include/orbbec_camera_msgs/orbbec_camera_msgs/srv/detail/set_stream_profile__traits.hpp
[61.179s] -- Installing: /home/sophie/isaac_lab/isaac_ws/rl_code/soarm100sim/third_party/orbbec_293_ws/install/orbbec_camera_msgs/include/orbbec_camera_msgs/orbbec_camera_msgs/srv/detail/set_bag_recording__builder.hpp
[61.179s] -- Installing: /home/sophie/isaac_lab/isaac_ws/rl_code/soarm100sim/third_party/orbbec_293_ws/install/orbbec_camera_msgs/include/orbbec_camera_msgs/orbbec_camera_msgs/srv/detail/set_filter__builder.hpp
[61.179s] -- Installing: /home/sophie/isaac_lab/isaac_ws/rl_code/soarm100sim/third_party/orbbec_293_ws/install/orbbec_camera_msgs/include/orbbec_camera_msgs/orbbec_camera_msgs/srv/detail/get_string__traits.hpp
[61.179s] -- Installing: /home/sophie/isaac_lab/isaac_ws/rl_code/soarm100sim/third_party/orbbec_293_ws/install/orbbec_camera_msgs/include/orbbec_camera_msgs/orbbec_camera_msgs/srv/detail/get_user_calib_params__builder.hpp
[61.179s] -- Installing: /home/sophie/isaac_lab/isaac_ws/rl_code/soarm100sim/third_party/orbbec_293_ws/install/orbbec_camera_msgs/include/orbbec_camera_msgs/orbbec_camera_msgs/srv/detail/get_device_config__struct.hpp
[61.179s] -- Installing: /home/sophie/isaac_lab/isaac_ws/rl_code/soarm100sim/third_party/orbbec_293_ws/install/orbbec_camera_msgs/include/orbbec_camera_msgs/orbbec_camera_msgs/srv/detail/set_filter__struct.hpp
[61.179s] -- Installing: /home/sophie/isaac_lab/isaac_ws/rl_code/soarm100sim/third_party/orbbec_293_ws/install/orbbec_camera_msgs/include/orbbec_camera_msgs/orbbec_camera_msgs/srv/detail/set_bag_recording__struct.hpp
[61.180s] -- Installing: /home/sophie/isaac_lab/isaac_ws/rl_code/soarm100sim/third_party/orbbec_293_ws/install/orbbec_camera_msgs/include/orbbec_camera_msgs/orbbec_camera_msgs/srv/detail/set_stream_profile__type_support.hpp
[61.180s] -- Installing: /home/sophie/isaac_lab/isaac_ws/rl_code/soarm100sim/third_party/orbbec_293_ws/install/orbbec_camera_msgs/include/orbbec_camera_msgs/orbbec_camera_msgs/srv/detail/set_stream_profile__builder.hpp
[61.180s] -- Installing: /home/sophie/isaac_lab/isaac_ws/rl_code/soarm100sim/third_party/orbbec_293_ws/install/orbbec_camera_msgs/include/orbbec_camera_msgs/orbbec_camera_msgs/srv/detail/set_user_calib_params__traits.hpp
[61.180s] -- Installing: /home/sophie/isaac_lab/isaac_ws/rl_code/soarm100sim/third_party/orbbec_293_ws/install/orbbec_camera_msgs/include/orbbec_camera_msgs/orbbec_camera_msgs/srv/detail/set_arrays__traits.hpp
[61.180s] -- Installing: /home/sophie/isaac_lab/isaac_ws/rl_code/soarm100sim/third_party/orbbec_293_ws/install/orbbec_camera_msgs/include/orbbec_camera_msgs/orbbec_camera_msgs/srv/detail/get_bool__traits.hpp
[61.180s] -- Installing: /home/sophie/isaac_lab/isaac_ws/rl_code/soarm100sim/third_party/orbbec_293_ws/install/orbbec_camera_msgs/include/orbbec_camera_msgs/orbbec_camera_msgs/srv/detail/get_device_info__type_support.hpp
[61.180s] -- Installing: /home/sophie/isaac_lab/isaac_ws/rl_code/soarm100sim/third_party/orbbec_293_ws/install/orbbec_camera_msgs/include/orbbec_camera_msgs/orbbec_camera_msgs/srv/detail/set_arrays__type_support.hpp
[61.180s] -- Installing: /home/sophie/isaac_lab/isaac_ws/rl_code/soarm100sim/third_party/orbbec_293_ws/install/orbbec_camera_msgs/include/orbbec_camera_msgs/orbbec_camera_msgs/srv/detail/set_filter__type_support.hpp
[61.180s] -- Installing: /home/sophie/isaac_lab/isaac_ws/rl_code/soarm100sim/third_party/orbbec_293_ws/install/orbbec_camera_msgs/include/orbbec_camera_msgs/orbbec_camera_msgs/srv/detail/get_camera_info__builder.hpp
[61.180s] -- Installing: /home/sophie/isaac_lab/isaac_ws/rl_code/soarm100sim/third_party/orbbec_293_ws/install/orbbec_camera_msgs/include/orbbec_camera_msgs/orbbec_camera_msgs/srv/detail/set_arrays__builder.hpp
[61.181s] -- Installing: /home/sophie/isaac_lab/isaac_ws/rl_code/soarm100sim/third_party/orbbec_293_ws/install/orbbec_camera_msgs/include/orbbec_camera_msgs/orbbec_camera_msgs/srv/detail/set_string__struct.hpp
[61.181s] -- Installing: /home/sophie/isaac_lab/isaac_ws/rl_code/soarm100sim/third_party/orbbec_293_ws/install/orbbec_camera_msgs/include/orbbec_camera_msgs/orbbec_camera_msgs/srv/detail/get_device_info__builder.hpp
[61.181s] -- Installing: /home/sophie/isaac_lab/isaac_ws/rl_code/soarm100sim/third_party/orbbec_293_ws/install/orbbec_camera_msgs/include/orbbec_camera_msgs/orbbec_camera_msgs/srv/get_user_calib_params.hpp
[61.181s] -- Installing: /home/sophie/isaac_lab/isaac_ws/rl_code/soarm100sim/third_party/orbbec_293_ws/install/orbbec_camera_msgs/include/orbbec_camera_msgs/orbbec_camera_msgs/srv/get_device_info.hpp
[61.181s] -- Installing: /home/sophie/isaac_lab/isaac_ws/rl_code/soarm100sim/third_party/orbbec_293_ws/install/orbbec_camera_msgs/include/orbbec_camera_msgs/orbbec_camera_msgs/srv/set_string.hpp
[61.181s] -- Installing: /home/sophie/isaac_lab/isaac_ws/rl_code/soarm100sim/third_party/orbbec_293_ws/install/orbbec_camera_msgs/include/orbbec_camera_msgs/orbbec_camera_msgs/srv/set_arrays.hpp
[61.181s] -- Installing: /home/sophie/isaac_lab/isaac_ws/rl_code/soarm100sim/third_party/orbbec_293_ws/install/orbbec_camera_msgs/include/orbbec_camera_msgs/orbbec_camera_msgs/srv/get_camera_info.hpp
[61.181s] -- Installing: /home/sophie/isaac_lab/isaac_ws/rl_code/soarm100sim/third_party/orbbec_293_ws/install/orbbec_camera_msgs/include/orbbec_camera_msgs/orbbec_camera_msgs/srv/get_int32.hpp
[61.181s] -- Installing: /home/sophie/isaac_lab/isaac_ws/rl_code/soarm100sim/third_party/orbbec_293_ws/install/orbbec_camera_msgs/include/orbbec_camera_msgs/orbbec_camera_msgs/srv/get_bool.hpp
[61.181s] -- Installing: /home/sophie/isaac_lab/isaac_ws/rl_code/soarm100sim/third_party/orbbec_293_ws/install/orbbec_camera_msgs/include/orbbec_camera_msgs/orbbec_camera_msgs/srv/set_filter.hpp
[61.181s] -- Installing: /home/sophie/isaac_lab/isaac_ws/rl_code/soarm100sim/third_party/orbbec_293_ws/install/orbbec_camera_msgs/include/orbbec_camera_msgs/orbbec_camera_msgs/srv/set_stream_profile.hpp
[61.182s] -- Installing: /home/sophie/isaac_lab/isaac_ws/rl_code/soarm100sim/third_party/orbbec_293_ws/install/orbbec_camera_msgs/include/orbbec_camera_msgs/orbbec_camera_msgs/srv/set_user_calib_params.hpp
[61.182s] -- Installing: /home/sophie/isaac_lab/isaac_ws/rl_code/soarm100sim/third_party/orbbec_293_ws/install/orbbec_camera_msgs/include/orbbec_camera_msgs/orbbec_camera_msgs/srv/get_string.hpp
[61.182s] -- Installing: /home/sophie/isaac_lab/isaac_ws/rl_code/soarm100sim/third_party/orbbec_293_ws/install/orbbec_camera_msgs/include/orbbec_camera_msgs/orbbec_camera_msgs/srv/set_int32.hpp
[61.182s] -- Up-to-date: /home/sophie/isaac_lab/isaac_ws/rl_code/soarm100sim/third_party/orbbec_293_ws/install/orbbec_camera_msgs/include/orbbec_camera_msgs/orbbec_camera_msgs/msg
[61.182s] -- Up-to-date: /home/sophie/isaac_lab/isaac_ws/rl_code/soarm100sim/third_party/orbbec_293_ws/install/orbbec_camera_msgs/include/orbbec_camera_msgs/orbbec_camera_msgs/msg/detail
[61.182s] -- Installing: /home/sophie/isaac_lab/isaac_ws/rl_code/soarm100sim/third_party/orbbec_293_ws/install/orbbec_camera_msgs/include/orbbec_camera_msgs/orbbec_camera_msgs/msg/detail/rgbd__builder.hpp
[61.182s] -- Installing: /home/sophie/isaac_lab/isaac_ws/rl_code/soarm100sim/third_party/orbbec_293_ws/install/orbbec_camera_msgs/include/orbbec_camera_msgs/orbbec_camera_msgs/msg/detail/depth_filters_status__struct.hpp
[61.182s] -- Installing: /home/sophie/isaac_lab/isaac_ws/rl_code/soarm100sim/third_party/orbbec_293_ws/install/orbbec_camera_msgs/include/orbbec_camera_msgs/orbbec_camera_msgs/msg/detail/device_status__traits.hpp
[61.182s] -- Installing: /home/sophie/isaac_lab/isaac_ws/rl_code/soarm100sim/third_party/orbbec_293_ws/install/orbbec_camera_msgs/include/orbbec_camera_msgs/orbbec_camera_msgs/msg/detail/rgbd__type_support.hpp
[61.182s] -- Installing: /home/sophie/isaac_lab/isaac_ws/rl_code/soarm100sim/third_party/orbbec_293_ws/install/orbbec_camera_msgs/include/orbbec_camera_msgs/orbbec_camera_msgs/msg/detail/depth_filter_param__type_support.hpp
[61.182s] -- Installing: /home/sophie/isaac_lab/isaac_ws/rl_code/soarm100sim/third_party/orbbec_293_ws/install/orbbec_camera_msgs/include/orbbec_camera_msgs/orbbec_camera_msgs/msg/detail/depth_filters_status__traits.hpp
[61.183s] -- Installing: /home/sophie/isaac_lab/isaac_ws/rl_code/soarm100sim/third_party/orbbec_293_ws/install/orbbec_camera_msgs/include/orbbec_camera_msgs/orbbec_camera_msgs/msg/detail/metadata__traits.hpp
[61.183s] -- Installing: /home/sophie/isaac_lab/isaac_ws/rl_code/soarm100sim/third_party/orbbec_293_ws/install/orbbec_camera_msgs/include/orbbec_camera_msgs/orbbec_camera_msgs/msg/detail/metadata__struct.hpp
[61.183s] -- Installing: /home/sophie/isaac_lab/isaac_ws/rl_code/soarm100sim/third_party/orbbec_293_ws/install/orbbec_camera_msgs/include/orbbec_camera_msgs/orbbec_camera_msgs/msg/detail/imu_info__struct.hpp
[61.183s] -- Installing: /home/sophie/isaac_lab/isaac_ws/rl_code/soarm100sim/third_party/orbbec_293_ws/install/orbbec_camera_msgs/include/orbbec_camera_msgs/orbbec_camera_msgs/msg/detail/device_info__type_support.hpp
[61.183s] -- Installing: /home/sophie/isaac_lab/isaac_ws/rl_code/soarm100sim/third_party/orbbec_293_ws/install/orbbec_camera_msgs/include/orbbec_camera_msgs/orbbec_camera_msgs/msg/detail/stream_profile__traits.hpp
[61.183s] -- Installing: /home/sophie/isaac_lab/isaac_ws/rl_code/soarm100sim/third_party/orbbec_293_ws/install/orbbec_camera_msgs/include/orbbec_camera_msgs/orbbec_camera_msgs/msg/detail/depth_filter_param__traits.hpp
[61.183s] -- Installing: /home/sophie/isaac_lab/isaac_ws/rl_code/soarm100sim/third_party/orbbec_293_ws/install/orbbec_camera_msgs/include/orbbec_camera_msgs/orbbec_camera_msgs/msg/detail/rgbd__traits.hpp
[61.183s] -- Installing: /home/sophie/isaac_lab/isaac_ws/rl_code/soarm100sim/third_party/orbbec_293_ws/install/orbbec_camera_msgs/include/orbbec_camera_msgs/orbbec_camera_msgs/msg/detail/depth_filter_state__type_support.hpp
[61.183s] -- Installing: /home/sophie/isaac_lab/isaac_ws/rl_code/soarm100sim/third_party/orbbec_293_ws/install/orbbec_camera_msgs/include/orbbec_camera_msgs/orbbec_camera_msgs/msg/detail/metadata__builder.hpp
[61.183s] -- Installing: /home/sophie/isaac_lab/isaac_ws/rl_code/soarm100sim/third_party/orbbec_293_ws/install/orbbec_camera_msgs/include/orbbec_camera_msgs/orbbec_camera_msgs/msg/detail/extrinsics__traits.hpp
[61.184s] -- Installing: /home/sophie/isaac_lab/isaac_ws/rl_code/soarm100sim/third_party/orbbec_293_ws/install/orbbec_camera_msgs/include/orbbec_camera_msgs/orbbec_camera_msgs/msg/detail/metadata__type_support.hpp
[61.184s] -- Installing: /home/sophie/isaac_lab/isaac_ws/rl_code/soarm100sim/third_party/orbbec_293_ws/install/orbbec_camera_msgs/include/orbbec_camera_msgs/orbbec_camera_msgs/msg/detail/depth_filter_state__struct.hpp
[61.184s] -- Installing: /home/sophie/isaac_lab/isaac_ws/rl_code/soarm100sim/third_party/orbbec_293_ws/install/orbbec_camera_msgs/include/orbbec_camera_msgs/orbbec_camera_msgs/msg/detail/device_status__builder.hpp
[61.184s] -- Installing: /home/sophie/isaac_lab/isaac_ws/rl_code/soarm100sim/third_party/orbbec_293_ws/install/orbbec_camera_msgs/include/orbbec_camera_msgs/orbbec_camera_msgs/msg/detail/stream_profile__struct.hpp
[61.184s] -- Installing: /home/sophie/isaac_lab/isaac_ws/rl_code/soarm100sim/third_party/orbbec_293_ws/install/orbbec_camera_msgs/include/orbbec_camera_msgs/orbbec_camera_msgs/msg/detail/depth_filter_state__builder.hpp
[61.184s] -- Installing: /home/sophie/isaac_lab/isaac_ws/rl_code/soarm100sim/third_party/orbbec_293_ws/install/orbbec_camera_msgs/include/orbbec_camera_msgs/orbbec_camera_msgs/msg/detail/extrinsics__type_support.hpp
[61.184s] -- Installing: /home/sophie/isaac_lab/isaac_ws/rl_code/soarm100sim/third_party/orbbec_293_ws/install/orbbec_camera_msgs/include/orbbec_camera_msgs/orbbec_camera_msgs/msg/detail/imu_info__builder.hpp
[61.184s] -- Installing: /home/sophie/isaac_lab/isaac_ws/rl_code/soarm100sim/third_party/orbbec_293_ws/install/orbbec_camera_msgs/include/orbbec_camera_msgs/orbbec_camera_msgs/msg/detail/depth_filter_param__builder.hpp
[61.184s] -- Installing: /home/sophie/isaac_lab/isaac_ws/rl_code/soarm100sim/third_party/orbbec_293_ws/install/orbbec_camera_msgs/include/orbbec_camera_msgs/orbbec_camera_msgs/msg/detail/depth_filters_status__type_support.hpp
[61.184s] -- Installing: /home/sophie/isaac_lab/isaac_ws/rl_code/soarm100sim/third_party/orbbec_293_ws/install/orbbec_camera_msgs/include/orbbec_camera_msgs/orbbec_camera_msgs/msg/detail/stream_profile__type_support.hpp
[61.185s] -- Installing: /home/sophie/isaac_lab/isaac_ws/rl_code/soarm100sim/third_party/orbbec_293_ws/install/orbbec_camera_msgs/include/orbbec_camera_msgs/orbbec_camera_msgs/msg/detail/device_status__struct.hpp
[61.185s] -- Installing: /home/sophie/isaac_lab/isaac_ws/rl_code/soarm100sim/third_party/orbbec_293_ws/install/orbbec_camera_msgs/include/orbbec_camera_msgs/orbbec_camera_msgs/msg/detail/extrinsics__struct.hpp
[61.185s] -- Installing: /home/sophie/isaac_lab/isaac_ws/rl_code/soarm100sim/third_party/orbbec_293_ws/install/orbbec_camera_msgs/include/orbbec_camera_msgs/orbbec_camera_msgs/msg/detail/device_info__struct.hpp
[61.185s] -- Installing: /home/sophie/isaac_lab/isaac_ws/rl_code/soarm100sim/third_party/orbbec_293_ws/install/orbbec_camera_msgs/include/orbbec_camera_msgs/orbbec_camera_msgs/msg/detail/stream_profile__builder.hpp
[61.185s] -- Installing: /home/sophie/isaac_lab/isaac_ws/rl_code/soarm100sim/third_party/orbbec_293_ws/install/orbbec_camera_msgs/include/orbbec_camera_msgs/orbbec_camera_msgs/msg/detail/depth_filters_status__builder.hpp
[61.185s] -- Installing: /home/sophie/isaac_lab/isaac_ws/rl_code/soarm100sim/third_party/orbbec_293_ws/install/orbbec_camera_msgs/include/orbbec_camera_msgs/orbbec_camera_msgs/msg/detail/rgbd__struct.hpp
[61.185s] -- Installing: /home/sophie/isaac_lab/isaac_ws/rl_code/soarm100sim/third_party/orbbec_293_ws/install/orbbec_camera_msgs/include/orbbec_camera_msgs/orbbec_camera_msgs/msg/detail/depth_filter_state__traits.hpp
[61.185s] -- Installing: /home/sophie/isaac_lab/isaac_ws/rl_code/soarm100sim/third_party/orbbec_293_ws/install/orbbec_camera_msgs/include/orbbec_camera_msgs/orbbec_camera_msgs/msg/detail/depth_filter_param__struct.hpp
[61.185s] -- Installing: /home/sophie/isaac_lab/isaac_ws/rl_code/soarm100sim/third_party/orbbec_293_ws/install/orbbec_camera_msgs/include/orbbec_camera_msgs/orbbec_camera_msgs/msg/detail/device_info__traits.hpp
[61.186s] -- Installing: /home/sophie/isaac_lab/isaac_ws/rl_code/soarm100sim/third_party/orbbec_293_ws/install/orbbec_camera_msgs/include/orbbec_camera_msgs/orbbec_camera_msgs/msg/detail/device_info__builder.hpp
[61.186s] -- Installing: /home/sophie/isaac_lab/isaac_ws/rl_code/soarm100sim/third_party/orbbec_293_ws/install/orbbec_camera_msgs/include/orbbec_camera_msgs/orbbec_camera_msgs/msg/detail/device_status__type_support.hpp
[61.186s] -- Installing: /home/sophie/isaac_lab/isaac_ws/rl_code/soarm100sim/third_party/orbbec_293_ws/install/orbbec_camera_msgs/include/orbbec_camera_msgs/orbbec_camera_msgs/msg/detail/imu_info__type_support.hpp
[61.186s] -- Installing: /home/sophie/isaac_lab/isaac_ws/rl_code/soarm100sim/third_party/orbbec_293_ws/install/orbbec_camera_msgs/include/orbbec_camera_msgs/orbbec_camera_msgs/msg/detail/extrinsics__builder.hpp
[61.186s] -- Installing: /home/sophie/isaac_lab/isaac_ws/rl_code/soarm100sim/third_party/orbbec_293_ws/install/orbbec_camera_msgs/include/orbbec_camera_msgs/orbbec_camera_msgs/msg/detail/imu_info__traits.hpp
[61.186s] -- Installing: /home/sophie/isaac_lab/isaac_ws/rl_code/soarm100sim/third_party/orbbec_293_ws/install/orbbec_camera_msgs/include/orbbec_camera_msgs/orbbec_camera_msgs/msg/imu_info.hpp
[61.186s] -- Installing: /home/sophie/isaac_lab/isaac_ws/rl_code/soarm100sim/third_party/orbbec_293_ws/install/orbbec_camera_msgs/include/orbbec_camera_msgs/orbbec_camera_msgs/msg/depth_filters_status.hpp
[61.186s] -- Installing: /home/sophie/isaac_lab/isaac_ws/rl_code/soarm100sim/third_party/orbbec_293_ws/install/orbbec_camera_msgs/include/orbbec_camera_msgs/orbbec_camera_msgs/msg/extrinsics.hpp
[61.186s] -- Installing: /home/sophie/isaac_lab/isaac_ws/rl_code/soarm100sim/third_party/orbbec_293_ws/install/orbbec_camera_msgs/include/orbbec_camera_msgs/orbbec_camera_msgs/msg/metadata.hpp
[61.186s] -- Installing: /home/sophie/isaac_lab/isaac_ws/rl_code/soarm100sim/third_party/orbbec_293_ws/install/orbbec_camera_msgs/include/orbbec_camera_msgs/orbbec_camera_msgs/msg/device_status.hpp
[61.186s] -- Installing: /home/sophie/isaac_lab/isaac_ws/rl_code/soarm100sim/third_party/orbbec_293_ws/install/orbbec_camera_msgs/include/orbbec_camera_msgs/orbbec_camera_msgs/msg/rosidl_generator_cpp__visibility_control.hpp
[61.187s] -- Installing: /home/sophie/isaac_lab/isaac_ws/rl_code/soarm100sim/third_party/orbbec_293_ws/install/orbbec_camera_msgs/include/orbbec_camera_msgs/orbbec_camera_msgs/msg/stream_profile.hpp
[61.187s] -- Installing: /home/sophie/isaac_lab/isaac_ws/rl_code/soarm100sim/third_party/orbbec_293_ws/install/orbbec_camera_msgs/include/orbbec_camera_msgs/orbbec_camera_msgs/msg/rgbd.hpp
[61.187s] -- Installing: /home/sophie/isaac_lab/isaac_ws/rl_code/soarm100sim/third_party/orbbec_293_ws/install/orbbec_camera_msgs/include/orbbec_camera_msgs/orbbec_camera_msgs/msg/device_info.hpp
[61.187s] -- Installing: /home/sophie/isaac_lab/isaac_ws/rl_code/soarm100sim/third_party/orbbec_293_ws/install/orbbec_camera_msgs/include/orbbec_camera_msgs/orbbec_camera_msgs/msg/depth_filter_state.hpp
[61.187s] -- Installing: /home/sophie/isaac_lab/isaac_ws/rl_code/soarm100sim/third_party/orbbec_293_ws/install/orbbec_camera_msgs/include/orbbec_camera_msgs/orbbec_camera_msgs/msg/depth_filter_param.hpp
[61.187s] -- Up-to-date: /home/sophie/isaac_lab/isaac_ws/rl_code/soarm100sim/third_party/orbbec_293_ws/install/orbbec_camera_msgs/include/orbbec_camera_msgs/orbbec_camera_msgs
[61.187s] -- Up-to-date: /home/sophie/isaac_lab/isaac_ws/rl_code/soarm100sim/third_party/orbbec_293_ws/install/orbbec_camera_msgs/include/orbbec_camera_msgs/orbbec_camera_msgs/srv
[61.187s] -- Up-to-date: /home/sophie/isaac_lab/isaac_ws/rl_code/soarm100sim/third_party/orbbec_293_ws/install/orbbec_camera_msgs/include/orbbec_camera_msgs/orbbec_camera_msgs/srv/detail
[61.187s] -- Installing: /home/sophie/isaac_lab/isaac_ws/rl_code/soarm100sim/third_party/orbbec_293_ws/install/orbbec_camera_msgs/include/orbbec_camera_msgs/orbbec_camera_msgs/srv/detail/set_arrays__rosidl_typesupport_fastrtps_cpp.hpp
[61.187s] -- Installing: /home/sophie/isaac_lab/isaac_ws/rl_code/soarm100sim/third_party/orbbec_293_ws/install/orbbec_camera_msgs/include/orbbec_camera_msgs/orbbec_camera_msgs/srv/detail/get_int32__rosidl_typesupport_fastrtps_cpp.hpp
[61.187s] -- Installing: /home/sophie/isaac_lab/isaac_ws/rl_code/soarm100sim/third_party/orbbec_293_ws/install/orbbec_camera_msgs/include/orbbec_camera_msgs/orbbec_camera_msgs/srv/detail/get_device_config__rosidl_typesupport_fastrtps_cpp.hpp
[61.188s] -- Installing: /home/sophie/isaac_lab/isaac_ws/rl_code/soarm100sim/third_party/orbbec_293_ws/install/orbbec_camera_msgs/include/orbbec_camera_msgs/orbbec_camera_msgs/srv/detail/set_bag_recording__rosidl_typesupport_fastrtps_cpp.hpp
[61.188s] -- Installing: /home/sophie/isaac_lab/isaac_ws/rl_code/soarm100sim/third_party/orbbec_293_ws/install/orbbec_camera_msgs/include/orbbec_camera_msgs/orbbec_camera_msgs/srv/detail/set_string__rosidl_typesupport_fastrtps_cpp.hpp
[61.188s] -- Installing: /home/sophie/isaac_lab/isaac_ws/rl_code/soarm100sim/third_party/orbbec_293_ws/install/orbbec_camera_msgs/include/orbbec_camera_msgs/orbbec_camera_msgs/srv/detail/set_filter__rosidl_typesupport_fastrtps_cpp.hpp
[61.188s] -- Installing: /home/sophie/isaac_lab/isaac_ws/rl_code/soarm100sim/third_party/orbbec_293_ws/install/orbbec_camera_msgs/include/orbbec_camera_msgs/orbbec_camera_msgs/srv/detail/get_device_info__rosidl_typesupport_fastrtps_cpp.hpp
[61.188s] -- Installing: /home/sophie/isaac_lab/isaac_ws/rl_code/soarm100sim/third_party/orbbec_293_ws/install/orbbec_camera_msgs/include/orbbec_camera_msgs/orbbec_camera_msgs/srv/detail/set_stream_profile__rosidl_typesupport_fastrtps_cpp.hpp
[61.188s] -- Installing: /home/sophie/isaac_lab/isaac_ws/rl_code/soarm100sim/third_party/orbbec_293_ws/install/orbbec_camera_msgs/include/orbbec_camera_msgs/orbbec_camera_msgs/srv/detail/get_user_calib_params__rosidl_typesupport_fastrtps_cpp.hpp
[61.188s] -- Installing: /home/sophie/isaac_lab/isaac_ws/rl_code/soarm100sim/third_party/orbbec_293_ws/install/orbbec_camera_msgs/include/orbbec_camera_msgs/orbbec_camera_msgs/srv/detail/set_int32__rosidl_typesupport_fastrtps_cpp.hpp
[61.188s] -- Installing: /home/sophie/isaac_lab/isaac_ws/rl_code/soarm100sim/third_party/orbbec_293_ws/install/orbbec_camera_msgs/include/orbbec_camera_msgs/orbbec_camera_msgs/srv/detail/get_camera_info__rosidl_typesupport_fastrtps_cpp.hpp
[61.188s] -- Installing: /home/sophie/isaac_lab/isaac_ws/rl_code/soarm100sim/third_party/orbbec_293_ws/install/orbbec_camera_msgs/include/orbbec_camera_msgs/orbbec_camera_msgs/srv/detail/get_bool__rosidl_typesupport_fastrtps_cpp.hpp
[61.188s] -- Installing: /home/sophie/isaac_lab/isaac_ws/rl_code/soarm100sim/third_party/orbbec_293_ws/install/orbbec_camera_msgs/include/orbbec_camera_msgs/orbbec_camera_msgs/srv/detail/get_string__rosidl_typesupport_fastrtps_cpp.hpp
[61.189s] -- Installing: /home/sophie/isaac_lab/isaac_ws/rl_code/soarm100sim/third_party/orbbec_293_ws/install/orbbec_camera_msgs/include/orbbec_camera_msgs/orbbec_camera_msgs/srv/detail/set_user_calib_params__rosidl_typesupport_fastrtps_cpp.hpp
[61.189s] -- Installing: /home/sophie/isaac_lab/isaac_ws/rl_code/soarm100sim/third_party/orbbec_293_ws/install/orbbec_camera_msgs/include/orbbec_camera_msgs/orbbec_camera_msgs/srv/detail/dds_fastrtps
[61.189s] -- Up-to-date: /home/sophie/isaac_lab/isaac_ws/rl_code/soarm100sim/third_party/orbbec_293_ws/install/orbbec_camera_msgs/include/orbbec_camera_msgs/orbbec_camera_msgs/msg
[61.189s] -- Up-to-date: /home/sophie/isaac_lab/isaac_ws/rl_code/soarm100sim/third_party/orbbec_293_ws/install/orbbec_camera_msgs/include/orbbec_camera_msgs/orbbec_camera_msgs/msg/detail
[61.189s] -- Installing: /home/sophie/isaac_lab/isaac_ws/rl_code/soarm100sim/third_party/orbbec_293_ws/install/orbbec_camera_msgs/include/orbbec_camera_msgs/orbbec_camera_msgs/msg/detail/extrinsics__rosidl_typesupport_fastrtps_cpp.hpp
[61.189s] -- Installing: /home/sophie/isaac_lab/isaac_ws/rl_code/soarm100sim/third_party/orbbec_293_ws/install/orbbec_camera_msgs/include/orbbec_camera_msgs/orbbec_camera_msgs/msg/detail/metadata__rosidl_typesupport_fastrtps_cpp.hpp
[61.189s] -- Installing: /home/sophie/isaac_lab/isaac_ws/rl_code/soarm100sim/third_party/orbbec_293_ws/install/orbbec_camera_msgs/include/orbbec_camera_msgs/orbbec_camera_msgs/msg/detail/rgbd__rosidl_typesupport_fastrtps_cpp.hpp
[61.189s] -- Installing: /home/sophie/isaac_lab/isaac_ws/rl_code/soarm100sim/third_party/orbbec_293_ws/install/orbbec_camera_msgs/include/orbbec_camera_msgs/orbbec_camera_msgs/msg/detail/stream_profile__rosidl_typesupport_fastrtps_cpp.hpp
[61.189s] -- Installing: /home/sophie/isaac_lab/isaac_ws/rl_code/soarm100sim/third_party/orbbec_293_ws/install/orbbec_camera_msgs/include/orbbec_camera_msgs/orbbec_camera_msgs/msg/detail/device_info__rosidl_typesupport_fastrtps_cpp.hpp
[61.189s] -- Installing: /home/sophie/isaac_lab/isaac_ws/rl_code/soarm100sim/third_party/orbbec_293_ws/install/orbbec_camera_msgs/include/orbbec_camera_msgs/orbbec_camera_msgs/msg/detail/depth_filters_status__rosidl_typesupport_fastrtps_cpp.hpp
[61.189s] -- Installing: /home/sophie/isaac_lab/isaac_ws/rl_code/soarm100sim/third_party/orbbec_293_ws/install/orbbec_camera_msgs/include/orbbec_camera_msgs/orbbec_camera_msgs/msg/detail/device_status__rosidl_typesupport_fastrtps_cpp.hpp
[61.190s] -- Installing: /home/sophie/isaac_lab/isaac_ws/rl_code/soarm100sim/third_party/orbbec_293_ws/install/orbbec_camera_msgs/include/orbbec_camera_msgs/orbbec_camera_msgs/msg/detail/imu_info__rosidl_typesupport_fastrtps_cpp.hpp
[61.190s] -- Installing: /home/sophie/isaac_lab/isaac_ws/rl_code/soarm100sim/third_party/orbbec_293_ws/install/orbbec_camera_msgs/include/orbbec_camera_msgs/orbbec_camera_msgs/msg/detail/depth_filter_state__rosidl_typesupport_fastrtps_cpp.hpp
[61.190s] -- Installing: /home/sophie/isaac_lab/isaac_ws/rl_code/soarm100sim/third_party/orbbec_293_ws/install/orbbec_camera_msgs/include/orbbec_camera_msgs/orbbec_camera_msgs/msg/detail/depth_filter_param__rosidl_typesupport_fastrtps_cpp.hpp
[61.190s] -- Installing: /home/sophie/isaac_lab/isaac_ws/rl_code/soarm100sim/third_party/orbbec_293_ws/install/orbbec_camera_msgs/include/orbbec_camera_msgs/orbbec_camera_msgs/msg/detail/dds_fastrtps
[61.190s] -- Installing: /home/sophie/isaac_lab/isaac_ws/rl_code/soarm100sim/third_party/orbbec_293_ws/install/orbbec_camera_msgs/include/orbbec_camera_msgs/orbbec_camera_msgs/msg/rosidl_typesupport_fastrtps_cpp__visibility_control.h
[61.190s] -- Installing: /home/sophie/isaac_lab/isaac_ws/rl_code/soarm100sim/third_party/orbbec_293_ws/install/orbbec_camera_msgs/lib/liborbbec_camera_msgs__rosidl_typesupport_fastrtps_cpp.so
[61.191s] -- Set runtime path of "/home/sophie/isaac_lab/isaac_ws/rl_code/soarm100sim/third_party/orbbec_293_ws/install/orbbec_camera_msgs/lib/liborbbec_camera_msgs__rosidl_typesupport_fastrtps_cpp.so" to ""
[61.191s] -- Up-to-date: /home/sophie/isaac_lab/isaac_ws/rl_code/soarm100sim/third_party/orbbec_293_ws/install/orbbec_camera_msgs/include/orbbec_camera_msgs/orbbec_camera_msgs
[61.191s] -- Up-to-date: /home/sophie/isaac_lab/isaac_ws/rl_code/soarm100sim/third_party/orbbec_293_ws/install/orbbec_camera_msgs/include/orbbec_camera_msgs/orbbec_camera_msgs/srv
[61.191s] -- Up-to-date: /home/sophie/isaac_lab/isaac_ws/rl_code/soarm100sim/third_party/orbbec_293_ws/install/orbbec_camera_msgs/include/orbbec_camera_msgs/orbbec_camera_msgs/srv/detail
[61.191s] -- Installing: /home/sophie/isaac_lab/isaac_ws/rl_code/soarm100sim/third_party/orbbec_293_ws/install/orbbec_camera_msgs/include/orbbec_camera_msgs/orbbec_camera_msgs/srv/detail/get_user_calib_params__type_support.cpp
[61.191s] -- Installing: /home/sophie/isaac_lab/isaac_ws/rl_code/soarm100sim/third_party/orbbec_293_ws/install/orbbec_camera_msgs/include/orbbec_camera_msgs/orbbec_camera_msgs/srv/detail/set_arrays__rosidl_typesupport_introspection_cpp.hpp
[61.191s] -- Installing: /home/sophie/isaac_lab/isaac_ws/rl_code/soarm100sim/third_party/orbbec_293_ws/install/orbbec_camera_msgs/include/orbbec_camera_msgs/orbbec_camera_msgs/srv/detail/get_string__type_support.cpp
[61.191s] -- Installing: /home/sophie/isaac_lab/isaac_ws/rl_code/soarm100sim/third_party/orbbec_293_ws/install/orbbec_camera_msgs/include/orbbec_camera_msgs/orbbec_camera_msgs/srv/detail/set_string__rosidl_typesupport_introspection_cpp.hpp
[61.191s] -- Installing: /home/sophie/isaac_lab/isaac_ws/rl_code/soarm100sim/third_party/orbbec_293_ws/install/orbbec_camera_msgs/include/orbbec_camera_msgs/orbbec_camera_msgs/srv/detail/get_bool__rosidl_typesupport_introspection_cpp.hpp
[61.191s] -- Installing: /home/sophie/isaac_lab/isaac_ws/rl_code/soarm100sim/third_party/orbbec_293_ws/install/orbbec_camera_msgs/include/orbbec_camera_msgs/orbbec_camera_msgs/srv/detail/set_int32__rosidl_typesupport_introspection_cpp.hpp
[61.192s] -- Installing: /home/sophie/isaac_lab/isaac_ws/rl_code/soarm100sim/third_party/orbbec_293_ws/install/orbbec_camera_msgs/include/orbbec_camera_msgs/orbbec_camera_msgs/srv/detail/get_device_config__rosidl_typesupport_introspection_cpp.hpp
[61.192s] -- Installing: /home/sophie/isaac_lab/isaac_ws/rl_code/soarm100sim/third_party/orbbec_293_ws/install/orbbec_camera_msgs/include/orbbec_camera_msgs/orbbec_camera_msgs/srv/detail/set_int32__type_support.cpp
[61.192s] -- Installing: /home/sophie/isaac_lab/isaac_ws/rl_code/soarm100sim/third_party/orbbec_293_ws/install/orbbec_camera_msgs/include/orbbec_camera_msgs/orbbec_camera_msgs/srv/detail/get_string__rosidl_typesupport_introspection_cpp.hpp
[61.192s] -- Installing: /home/sophie/isaac_lab/isaac_ws/rl_code/soarm100sim/third_party/orbbec_293_ws/install/orbbec_camera_msgs/include/orbbec_camera_msgs/orbbec_camera_msgs/srv/detail/get_user_calib_params__rosidl_typesupport_introspection_cpp.hpp
[61.192s] -- Installing: /home/sophie/isaac_lab/isaac_ws/rl_code/soarm100sim/third_party/orbbec_293_ws/install/orbbec_camera_msgs/include/orbbec_camera_msgs/orbbec_camera_msgs/srv/detail/get_int32__type_support.cpp
[61.192s] -- Installing: /home/sophie/isaac_lab/isaac_ws/rl_code/soarm100sim/third_party/orbbec_293_ws/install/orbbec_camera_msgs/include/orbbec_camera_msgs/orbbec_camera_msgs/srv/detail/set_filter__type_support.cpp
[61.192s] -- Installing: /home/sophie/isaac_lab/isaac_ws/rl_code/soarm100sim/third_party/orbbec_293_ws/install/orbbec_camera_msgs/include/orbbec_camera_msgs/orbbec_camera_msgs/srv/detail/set_arrays__type_support.cpp
[61.192s] -- Installing: /home/sophie/isaac_lab/isaac_ws/rl_code/soarm100sim/third_party/orbbec_293_ws/install/orbbec_camera_msgs/include/orbbec_camera_msgs/orbbec_camera_msgs/srv/detail/get_camera_info__type_support.cpp
[61.192s] -- Installing: /home/sophie/isaac_lab/isaac_ws/rl_code/soarm100sim/third_party/orbbec_293_ws/install/orbbec_camera_msgs/include/orbbec_camera_msgs/orbbec_camera_msgs/srv/detail/get_device_config__type_support.cpp
[61.193s] -- Installing: /home/sophie/isaac_lab/isaac_ws/rl_code/soarm100sim/third_party/orbbec_293_ws/install/orbbec_camera_msgs/include/orbbec_camera_msgs/orbbec_camera_msgs/srv/detail/set_bag_recording__type_support.cpp
[61.193s] -- Installing: /home/sophie/isaac_lab/isaac_ws/rl_code/soarm100sim/third_party/orbbec_293_ws/install/orbbec_camera_msgs/include/orbbec_camera_msgs/orbbec_camera_msgs/srv/detail/set_stream_profile__type_support.cpp
[61.193s] -- Installing: /home/sophie/isaac_lab/isaac_ws/rl_code/soarm100sim/third_party/orbbec_293_ws/install/orbbec_camera_msgs/include/orbbec_camera_msgs/orbbec_camera_msgs/srv/detail/get_camera_info__rosidl_typesupport_introspection_cpp.hpp
[61.193s] -- Installing: /home/sophie/isaac_lab/isaac_ws/rl_code/soarm100sim/third_party/orbbec_293_ws/install/orbbec_camera_msgs/include/orbbec_camera_msgs/orbbec_camera_msgs/srv/detail/set_user_calib_params__rosidl_typesupport_introspection_cpp.hpp
[61.193s] -- Installing: /home/sophie/isaac_lab/isaac_ws/rl_code/soarm100sim/third_party/orbbec_293_ws/install/orbbec_camera_msgs/include/orbbec_camera_msgs/orbbec_camera_msgs/srv/detail/get_bool__type_support.cpp
[61.193s] -- Installing: /home/sophie/isaac_lab/isaac_ws/rl_code/soarm100sim/third_party/orbbec_293_ws/install/orbbec_camera_msgs/include/orbbec_camera_msgs/orbbec_camera_msgs/srv/detail/set_user_calib_params__type_support.cpp
[61.193s] -- Installing: /home/sophie/isaac_lab/isaac_ws/rl_code/soarm100sim/third_party/orbbec_293_ws/install/orbbec_camera_msgs/include/orbbec_camera_msgs/orbbec_camera_msgs/srv/detail/set_stream_profile__rosidl_typesupport_introspection_cpp.hpp
[61.193s] -- Installing: /home/sophie/isaac_lab/isaac_ws/rl_code/soarm100sim/third_party/orbbec_293_ws/install/orbbec_camera_msgs/include/orbbec_camera_msgs/orbbec_camera_msgs/srv/detail/get_device_info__type_support.cpp
[61.193s] -- Installing: /home/sophie/isaac_lab/isaac_ws/rl_code/soarm100sim/third_party/orbbec_293_ws/install/orbbec_camera_msgs/include/orbbec_camera_msgs/orbbec_camera_msgs/srv/detail/get_int32__rosidl_typesupport_introspection_cpp.hpp
[61.194s] -- Installing: /home/sophie/isaac_lab/isaac_ws/rl_code/soarm100sim/third_party/orbbec_293_ws/install/orbbec_camera_msgs/include/orbbec_camera_msgs/orbbec_camera_msgs/srv/detail/set_bag_recording__rosidl_typesupport_introspection_cpp.hpp
[61.194s] -- Installing: /home/sophie/isaac_lab/isaac_ws/rl_code/soarm100sim/third_party/orbbec_293_ws/install/orbbec_camera_msgs/include/orbbec_camera_msgs/orbbec_camera_msgs/srv/detail/get_device_info__rosidl_typesupport_introspection_cpp.hpp
[61.194s] -- Installing: /home/sophie/isaac_lab/isaac_ws/rl_code/soarm100sim/third_party/orbbec_293_ws/install/orbbec_camera_msgs/include/orbbec_camera_msgs/orbbec_camera_msgs/srv/detail/set_filter__rosidl_typesupport_introspection_cpp.hpp
[61.194s] -- Installing: /home/sophie/isaac_lab/isaac_ws/rl_code/soarm100sim/third_party/orbbec_293_ws/install/orbbec_camera_msgs/include/orbbec_camera_msgs/orbbec_camera_msgs/srv/detail/set_string__type_support.cpp
[61.194s] -- Up-to-date: /home/sophie/isaac_lab/isaac_ws/rl_code/soarm100sim/third_party/orbbec_293_ws/install/orbbec_camera_msgs/include/orbbec_camera_msgs/orbbec_camera_msgs/msg
[61.194s] -- Up-to-date: /home/sophie/isaac_lab/isaac_ws/rl_code/soarm100sim/third_party/orbbec_293_ws/install/orbbec_camera_msgs/include/orbbec_camera_msgs/orbbec_camera_msgs/msg/detail
[61.194s] -- Installing: /home/sophie/isaac_lab/isaac_ws/rl_code/soarm100sim/third_party/orbbec_293_ws/install/orbbec_camera_msgs/include/orbbec_camera_msgs/orbbec_camera_msgs/msg/detail/device_info__rosidl_typesupport_introspection_cpp.hpp
[61.194s] -- Installing: /home/sophie/isaac_lab/isaac_ws/rl_code/soarm100sim/third_party/orbbec_293_ws/install/orbbec_camera_msgs/include/orbbec_camera_msgs/orbbec_camera_msgs/msg/detail/rgbd__type_support.cpp
[61.194s] -- Installing: /home/sophie/isaac_lab/isaac_ws/rl_code/soarm100sim/third_party/orbbec_293_ws/install/orbbec_camera_msgs/include/orbbec_camera_msgs/orbbec_camera_msgs/msg/detail/device_info__type_support.cpp
[61.194s] -- Installing: /home/sophie/isaac_lab/isaac_ws/rl_code/soarm100sim/third_party/orbbec_293_ws/install/orbbec_camera_msgs/include/orbbec_camera_msgs/orbbec_camera_msgs/msg/detail/extrinsics__type_support.cpp
[61.195s] -- Installing: /home/sophie/isaac_lab/isaac_ws/rl_code/soarm100sim/third_party/orbbec_293_ws/install/orbbec_camera_msgs/include/orbbec_camera_msgs/orbbec_camera_msgs/msg/detail/rgbd__rosidl_typesupport_introspection_cpp.hpp
[61.195s] -- Installing: /home/sophie/isaac_lab/isaac_ws/rl_code/soarm100sim/third_party/orbbec_293_ws/install/orbbec_camera_msgs/include/orbbec_camera_msgs/orbbec_camera_msgs/msg/detail/depth_filter_state__rosidl_typesupport_introspection_cpp.hpp
[61.195s] -- Installing: /home/sophie/isaac_lab/isaac_ws/rl_code/soarm100sim/third_party/orbbec_293_ws/install/orbbec_camera_msgs/include/orbbec_camera_msgs/orbbec_camera_msgs/msg/detail/depth_filter_param__rosidl_typesupport_introspection_cpp.hpp
[61.195s] -- Installing: /home/sophie/isaac_lab/isaac_ws/rl_code/soarm100sim/third_party/orbbec_293_ws/install/orbbec_camera_msgs/include/orbbec_camera_msgs/orbbec_camera_msgs/msg/detail/device_status__rosidl_typesupport_introspection_cpp.hpp
[61.195s] -- Installing: /home/sophie/isaac_lab/isaac_ws/rl_code/soarm100sim/third_party/orbbec_293_ws/install/orbbec_camera_msgs/include/orbbec_camera_msgs/orbbec_camera_msgs/msg/detail/device_status__type_support.cpp
[61.195s] -- Installing: /home/sophie/isaac_lab/isaac_ws/rl_code/soarm100sim/third_party/orbbec_293_ws/install/orbbec_camera_msgs/include/orbbec_camera_msgs/orbbec_camera_msgs/msg/detail/imu_info__type_support.cpp
[61.195s] -- Installing: /home/sophie/isaac_lab/isaac_ws/rl_code/soarm100sim/third_party/orbbec_293_ws/install/orbbec_camera_msgs/include/orbbec_camera_msgs/orbbec_camera_msgs/msg/detail/imu_info__rosidl_typesupport_introspection_cpp.hpp
[61.195s] -- Installing: /home/sophie/isaac_lab/isaac_ws/rl_code/soarm100sim/third_party/orbbec_293_ws/install/orbbec_camera_msgs/include/orbbec_camera_msgs/orbbec_camera_msgs/msg/detail/metadata__type_support.cpp
[61.195s] -- Installing: /home/sophie/isaac_lab/isaac_ws/rl_code/soarm100sim/third_party/orbbec_293_ws/install/orbbec_camera_msgs/include/orbbec_camera_msgs/orbbec_camera_msgs/msg/detail/stream_profile__rosidl_typesupport_introspection_cpp.hpp
[61.195s] -- Installing: /home/sophie/isaac_lab/isaac_ws/rl_code/soarm100sim/third_party/orbbec_293_ws/install/orbbec_camera_msgs/include/orbbec_camera_msgs/orbbec_camera_msgs/msg/detail/depth_filters_status__rosidl_typesupport_introspection_cpp.hpp
[61.195s] -- Installing: /home/sophie/isaac_lab/isaac_ws/rl_code/soarm100sim/third_party/orbbec_293_ws/install/orbbec_camera_msgs/include/orbbec_camera_msgs/orbbec_camera_msgs/msg/detail/depth_filters_status__type_support.cpp
[61.195s] -- Installing: /home/sophie/isaac_lab/isaac_ws/rl_code/soarm100sim/third_party/orbbec_293_ws/install/orbbec_camera_msgs/include/orbbec_camera_msgs/orbbec_camera_msgs/msg/detail/stream_profile__type_support.cpp
[61.195s] -- Installing: /home/sophie/isaac_lab/isaac_ws/rl_code/soarm100sim/third_party/orbbec_293_ws/install/orbbec_camera_msgs/include/orbbec_camera_msgs/orbbec_camera_msgs/msg/detail/depth_filter_param__type_support.cpp
[61.196s] -- Installing: /home/sophie/isaac_lab/isaac_ws/rl_code/soarm100sim/third_party/orbbec_293_ws/install/orbbec_camera_msgs/include/orbbec_camera_msgs/orbbec_camera_msgs/msg/detail/depth_filter_state__type_support.cpp
[61.196s] -- Installing: /home/sophie/isaac_lab/isaac_ws/rl_code/soarm100sim/third_party/orbbec_293_ws/install/orbbec_camera_msgs/include/orbbec_camera_msgs/orbbec_camera_msgs/msg/detail/extrinsics__rosidl_typesupport_introspection_cpp.hpp
[61.196s] -- Installing: /home/sophie/isaac_lab/isaac_ws/rl_code/soarm100sim/third_party/orbbec_293_ws/install/orbbec_camera_msgs/include/orbbec_camera_msgs/orbbec_camera_msgs/msg/detail/metadata__rosidl_typesupport_introspection_cpp.hpp
[61.196s] -- Installing: /home/sophie/isaac_lab/isaac_ws/rl_code/soarm100sim/third_party/orbbec_293_ws/install/orbbec_camera_msgs/lib/liborbbec_camera_msgs__rosidl_typesupport_introspection_cpp.so
[61.196s] -- Set runtime path of "/home/sophie/isaac_lab/isaac_ws/rl_code/soarm100sim/third_party/orbbec_293_ws/install/orbbec_camera_msgs/lib/liborbbec_camera_msgs__rosidl_typesupport_introspection_cpp.so" to ""
[61.196s] -- Installing: /home/sophie/isaac_lab/isaac_ws/rl_code/soarm100sim/third_party/orbbec_293_ws/install/orbbec_camera_msgs/lib/liborbbec_camera_msgs__rosidl_typesupport_cpp.so
[61.196s] -- Set runtime path of "/home/sophie/isaac_lab/isaac_ws/rl_code/soarm100sim/third_party/orbbec_293_ws/install/orbbec_camera_msgs/lib/liborbbec_camera_msgs__rosidl_typesupport_cpp.so" to ""
[61.196s] -- Installing: /home/sophie/isaac_lab/isaac_ws/rl_code/soarm100sim/third_party/orbbec_293_ws/install/orbbec_camera_msgs/share/orbbec_camera_msgs/environment/pythonpath.sh
[61.196s] -- Installing: /home/sophie/isaac_lab/isaac_ws/rl_code/soarm100sim/third_party/orbbec_293_ws/install/orbbec_camera_msgs/share/orbbec_camera_msgs/environment/pythonpath.dsv
[61.197s] -- Installing: /home/sophie/isaac_lab/isaac_ws/rl_code/soarm100sim/third_party/orbbec_293_ws/install/orbbec_camera_msgs/local/lib/python3.10/dist-packages/orbbec_camera_msgs-2.9.3-py3.10.egg-info
[61.197s] -- Installing: /home/sophie/isaac_lab/isaac_ws/rl_code/soarm100sim/third_party/orbbec_293_ws/install/orbbec_camera_msgs/local/lib/python3.10/dist-packages/orbbec_camera_msgs-2.9.3-py3.10.egg-info/top_level.txt
[61.197s] -- Installing: /home/sophie/isaac_lab/isaac_ws/rl_code/soarm100sim/third_party/orbbec_293_ws/install/orbbec_camera_msgs/local/lib/python3.10/dist-packages/orbbec_camera_msgs-2.9.3-py3.10.egg-info/dependency_links.txt
[61.197s] -- Installing: /home/sophie/isaac_lab/isaac_ws/rl_code/soarm100sim/third_party/orbbec_293_ws/install/orbbec_camera_msgs/local/lib/python3.10/dist-packages/orbbec_camera_msgs-2.9.3-py3.10.egg-info/SOURCES.txt
[61.197s] -- Installing: /home/sophie/isaac_lab/isaac_ws/rl_code/soarm100sim/third_party/orbbec_293_ws/install/orbbec_camera_msgs/local/lib/python3.10/dist-packages/orbbec_camera_msgs-2.9.3-py3.10.egg-info/PKG-INFO
[61.197s] -- Installing: /home/sophie/isaac_lab/isaac_ws/rl_code/soarm100sim/third_party/orbbec_293_ws/install/orbbec_camera_msgs/local/lib/python3.10/dist-packages/orbbec_camera_msgs
[61.197s] -- Installing: /home/sophie/isaac_lab/isaac_ws/rl_code/soarm100sim/third_party/orbbec_293_ws/install/orbbec_camera_msgs/local/lib/python3.10/dist-packages/orbbec_camera_msgs/__init__.py
[61.197s] -- Installing: /home/sophie/isaac_lab/isaac_ws/rl_code/soarm100sim/third_party/orbbec_293_ws/install/orbbec_camera_msgs/local/lib/python3.10/dist-packages/orbbec_camera_msgs/_orbbec_camera_msgs_s.ep.rosidl_typesupport_fastrtps_c.c
[61.197s] -- Installing: /home/sophie/isaac_lab/isaac_ws/rl_code/soarm100sim/third_party/orbbec_293_ws/install/orbbec_camera_msgs/local/lib/python3.10/dist-packages/orbbec_camera_msgs/srv
[61.197s] -- Installing: /home/sophie/isaac_lab/isaac_ws/rl_code/soarm100sim/third_party/orbbec_293_ws/install/orbbec_camera_msgs/local/lib/python3.10/dist-packages/orbbec_camera_msgs/srv/_get_int32.py
[61.197s] -- Installing: /home/sophie/isaac_lab/isaac_ws/rl_code/soarm100sim/third_party/orbbec_293_ws/install/orbbec_camera_msgs/local/lib/python3.10/dist-packages/orbbec_camera_msgs/srv/_set_arrays.py
[61.197s] -- Installing: /home/sophie/isaac_lab/isaac_ws/rl_code/soarm100sim/third_party/orbbec_293_ws/install/orbbec_camera_msgs/local/lib/python3.10/dist-packages/orbbec_camera_msgs/srv/_set_user_calib_params_s.c
[61.197s] -- Installing: /home/sophie/isaac_lab/isaac_ws/rl_code/soarm100sim/third_party/orbbec_293_ws/install/orbbec_camera_msgs/local/lib/python3.10/dist-packages/orbbec_camera_msgs/srv/_get_string_s.c
[61.198s] -- Installing: /home/sophie/isaac_lab/isaac_ws/rl_code/soarm100sim/third_party/orbbec_293_ws/install/orbbec_camera_msgs/local/lib/python3.10/dist-packages/orbbec_camera_msgs/srv/_set_user_calib_params.py
[61.198s] -- Installing: /home/sophie/isaac_lab/isaac_ws/rl_code/soarm100sim/third_party/orbbec_293_ws/install/orbbec_camera_msgs/local/lib/python3.10/dist-packages/orbbec_camera_msgs/srv/__init__.py
[61.198s] -- Installing: /home/sophie/isaac_lab/isaac_ws/rl_code/soarm100sim/third_party/orbbec_293_ws/install/orbbec_camera_msgs/local/lib/python3.10/dist-packages/orbbec_camera_msgs/srv/_get_user_calib_params_s.c
[61.198s] -- Installing: /home/sophie/isaac_lab/isaac_ws/rl_code/soarm100sim/third_party/orbbec_293_ws/install/orbbec_camera_msgs/local/lib/python3.10/dist-packages/orbbec_camera_msgs/srv/_get_device_info_s.c
[61.198s] -- Installing: /home/sophie/isaac_lab/isaac_ws/rl_code/soarm100sim/third_party/orbbec_293_ws/install/orbbec_camera_msgs/local/lib/python3.10/dist-packages/orbbec_camera_msgs/srv/_set_filter_s.c
[61.198s] -- Installing: /home/sophie/isaac_lab/isaac_ws/rl_code/soarm100sim/third_party/orbbec_293_ws/install/orbbec_camera_msgs/local/lib/python3.10/dist-packages/orbbec_camera_msgs/srv/_set_bag_recording_s.c
[61.198s] -- Installing: /home/sophie/isaac_lab/isaac_ws/rl_code/soarm100sim/third_party/orbbec_293_ws/install/orbbec_camera_msgs/local/lib/python3.10/dist-packages/orbbec_camera_msgs/srv/_get_device_config.py
[61.198s] -- Installing: /home/sophie/isaac_lab/isaac_ws/rl_code/soarm100sim/third_party/orbbec_293_ws/install/orbbec_camera_msgs/local/lib/python3.10/dist-packages/orbbec_camera_msgs/srv/_get_camera_info.py
[61.198s] -- Installing: /home/sophie/isaac_lab/isaac_ws/rl_code/soarm100sim/third_party/orbbec_293_ws/install/orbbec_camera_msgs/local/lib/python3.10/dist-packages/orbbec_camera_msgs/srv/_set_bag_recording.py
[61.198s] -- Installing: /home/sophie/isaac_lab/isaac_ws/rl_code/soarm100sim/third_party/orbbec_293_ws/install/orbbec_camera_msgs/local/lib/python3.10/dist-packages/orbbec_camera_msgs/srv/_get_bool_s.c
[61.198s] -- Installing: /home/sophie/isaac_lab/isaac_ws/rl_code/soarm100sim/third_party/orbbec_293_ws/install/orbbec_camera_msgs/local/lib/python3.10/dist-packages/orbbec_camera_msgs/srv/_get_int32_s.c
[61.198s] -- Installing: /home/sophie/isaac_lab/isaac_ws/rl_code/soarm100sim/third_party/orbbec_293_ws/install/orbbec_camera_msgs/local/lib/python3.10/dist-packages/orbbec_camera_msgs/srv/_set_stream_profile.py
[61.198s] -- Installing: /home/sophie/isaac_lab/isaac_ws/rl_code/soarm100sim/third_party/orbbec_293_ws/install/orbbec_camera_msgs/local/lib/python3.10/dist-packages/orbbec_camera_msgs/srv/_get_string.py
[61.198s] -- Installing: /home/sophie/isaac_lab/isaac_ws/rl_code/soarm100sim/third_party/orbbec_293_ws/install/orbbec_camera_msgs/local/lib/python3.10/dist-packages/orbbec_camera_msgs/srv/_set_filter.py
[61.198s] -- Installing: /home/sophie/isaac_lab/isaac_ws/rl_code/soarm100sim/third_party/orbbec_293_ws/install/orbbec_camera_msgs/local/lib/python3.10/dist-packages/orbbec_camera_msgs/srv/_set_int32.py
[61.198s] -- Installing: /home/sophie/isaac_lab/isaac_ws/rl_code/soarm100sim/third_party/orbbec_293_ws/install/orbbec_camera_msgs/local/lib/python3.10/dist-packages/orbbec_camera_msgs/srv/_set_string.py
[61.198s] -- Installing: /home/sophie/isaac_lab/isaac_ws/rl_code/soarm100sim/third_party/orbbec_293_ws/install/orbbec_camera_msgs/local/lib/python3.10/dist-packages/orbbec_camera_msgs/srv/_get_device_config_s.c
[61.198s] -- Installing: /home/sophie/isaac_lab/isaac_ws/rl_code/soarm100sim/third_party/orbbec_293_ws/install/orbbec_camera_msgs/local/lib/python3.10/dist-packages/orbbec_camera_msgs/srv/_set_stream_profile_s.c
[61.199s] -- Installing: /home/sophie/isaac_lab/isaac_ws/rl_code/soarm100sim/third_party/orbbec_293_ws/install/orbbec_camera_msgs/local/lib/python3.10/dist-packages/orbbec_camera_msgs/srv/_get_device_info.py
[61.199s] -- Installing: /home/sophie/isaac_lab/isaac_ws/rl_code/soarm100sim/third_party/orbbec_293_ws/install/orbbec_camera_msgs/local/lib/python3.10/dist-packages/orbbec_camera_msgs/srv/_get_user_calib_params.py
[61.199s] -- Installing: /home/sophie/isaac_lab/isaac_ws/rl_code/soarm100sim/third_party/orbbec_293_ws/install/orbbec_camera_msgs/local/lib/python3.10/dist-packages/orbbec_camera_msgs/srv/_get_bool.py
[61.199s] -- Installing: /home/sophie/isaac_lab/isaac_ws/rl_code/soarm100sim/third_party/orbbec_293_ws/install/orbbec_camera_msgs/local/lib/python3.10/dist-packages/orbbec_camera_msgs/srv/_set_arrays_s.c
[61.199s] -- Installing: /home/sophie/isaac_lab/isaac_ws/rl_code/soarm100sim/third_party/orbbec_293_ws/install/orbbec_camera_msgs/local/lib/python3.10/dist-packages/orbbec_camera_msgs/srv/_set_int32_s.c
[61.199s] -- Installing: /home/sophie/isaac_lab/isaac_ws/rl_code/soarm100sim/third_party/orbbec_293_ws/install/orbbec_camera_msgs/local/lib/python3.10/dist-packages/orbbec_camera_msgs/srv/_get_camera_info_s.c
[61.199s] -- Installing: /home/sophie/isaac_lab/isaac_ws/rl_code/soarm100sim/third_party/orbbec_293_ws/install/orbbec_camera_msgs/local/lib/python3.10/dist-packages/orbbec_camera_msgs/srv/_set_string_s.c
[61.199s] -- Installing: /home/sophie/isaac_lab/isaac_ws/rl_code/soarm100sim/third_party/orbbec_293_ws/install/orbbec_camera_msgs/local/lib/python3.10/dist-packages/orbbec_camera_msgs/orbbec_camera_msgs_s__rosidl_typesupport_fastrtps_c.cpython-310-x86_64-linux-gnu.so
[61.199s] -- Installing: /home/sophie/isaac_lab/isaac_ws/rl_code/soarm100sim/third_party/orbbec_293_ws/install/orbbec_camera_msgs/local/lib/python3.10/dist-packages/orbbec_camera_msgs/msg
[61.199s] -- Installing: /home/sophie/isaac_lab/isaac_ws/rl_code/soarm100sim/third_party/orbbec_293_ws/install/orbbec_camera_msgs/local/lib/python3.10/dist-packages/orbbec_camera_msgs/msg/_imu_info_s.c
[61.199s] -- Installing: /home/sophie/isaac_lab/isaac_ws/rl_code/soarm100sim/third_party/orbbec_293_ws/install/orbbec_camera_msgs/local/lib/python3.10/dist-packages/orbbec_camera_msgs/msg/_depth_filter_param_s.c
[61.199s] -- Installing: /home/sophie/isaac_lab/isaac_ws/rl_code/soarm100sim/third_party/orbbec_293_ws/install/orbbec_camera_msgs/local/lib/python3.10/dist-packages/orbbec_camera_msgs/msg/__init__.py
[61.199s] -- Installing: /home/sophie/isaac_lab/isaac_ws/rl_code/soarm100sim/third_party/orbbec_293_ws/install/orbbec_camera_msgs/local/lib/python3.10/dist-packages/orbbec_camera_msgs/msg/_stream_profile_s.c
[61.199s] -- Installing: /home/sophie/isaac_lab/isaac_ws/rl_code/soarm100sim/third_party/orbbec_293_ws/install/orbbec_camera_msgs/local/lib/python3.10/dist-packages/orbbec_camera_msgs/msg/_depth_filter_state_s.c
[61.199s] -- Installing: /home/sophie/isaac_lab/isaac_ws/rl_code/soarm100sim/third_party/orbbec_293_ws/install/orbbec_camera_msgs/local/lib/python3.10/dist-packages/orbbec_camera_msgs/msg/_metadata_s.c
[61.199s] -- Installing: /home/sophie/isaac_lab/isaac_ws/rl_code/soarm100sim/third_party/orbbec_293_ws/install/orbbec_camera_msgs/local/lib/python3.10/dist-packages/orbbec_camera_msgs/msg/_depth_filters_status_s.c
[61.199s] -- Installing: /home/sophie/isaac_lab/isaac_ws/rl_code/soarm100sim/third_party/orbbec_293_ws/install/orbbec_camera_msgs/local/lib/python3.10/dist-packages/orbbec_camera_msgs/msg/_extrinsics_s.c
[61.199s] -- Installing: /home/sophie/isaac_lab/isaac_ws/rl_code/soarm100sim/third_party/orbbec_293_ws/install/orbbec_camera_msgs/local/lib/python3.10/dist-packages/orbbec_camera_msgs/msg/_device_status.py
[61.199s] -- Installing: /home/sophie/isaac_lab/isaac_ws/rl_code/soarm100sim/third_party/orbbec_293_ws/install/orbbec_camera_msgs/local/lib/python3.10/dist-packages/orbbec_camera_msgs/msg/_extrinsics.py
[61.199s] -- Installing: /home/sophie/isaac_lab/isaac_ws/rl_code/soarm100sim/third_party/orbbec_293_ws/install/orbbec_camera_msgs/local/lib/python3.10/dist-packages/orbbec_camera_msgs/msg/_depth_filter_param.py
[61.199s] -- Installing: /home/sophie/isaac_lab/isaac_ws/rl_code/soarm100sim/third_party/orbbec_293_ws/install/orbbec_camera_msgs/local/lib/python3.10/dist-packages/orbbec_camera_msgs/msg/_device_status_s.c
[61.199s] -- Installing: /home/sophie/isaac_lab/isaac_ws/rl_code/soarm100sim/third_party/orbbec_293_ws/install/orbbec_camera_msgs/local/lib/python3.10/dist-packages/orbbec_camera_msgs/msg/_rgbd.py
[61.199s] -- Installing: /home/sophie/isaac_lab/isaac_ws/rl_code/soarm100sim/third_party/orbbec_293_ws/install/orbbec_camera_msgs/local/lib/python3.10/dist-packages/orbbec_camera_msgs/msg/_stream_profile.py
[61.199s] -- Installing: /home/sophie/isaac_lab/isaac_ws/rl_code/soarm100sim/third_party/orbbec_293_ws/install/orbbec_camera_msgs/local/lib/python3.10/dist-packages/orbbec_camera_msgs/msg/_device_info.py
[61.199s] -- Installing: /home/sophie/isaac_lab/isaac_ws/rl_code/soarm100sim/third_party/orbbec_293_ws/install/orbbec_camera_msgs/local/lib/python3.10/dist-packages/orbbec_camera_msgs/msg/_imu_info.py
[61.200s] -- Installing: /home/sophie/isaac_lab/isaac_ws/rl_code/soarm100sim/third_party/orbbec_293_ws/install/orbbec_camera_msgs/local/lib/python3.10/dist-packages/orbbec_camera_msgs/msg/_device_info_s.c
[61.200s] -- Installing: /home/sophie/isaac_lab/isaac_ws/rl_code/soarm100sim/third_party/orbbec_293_ws/install/orbbec_camera_msgs/local/lib/python3.10/dist-packages/orbbec_camera_msgs/msg/_depth_filters_status.py
[61.200s] -- Installing: /home/sophie/isaac_lab/isaac_ws/rl_code/soarm100sim/third_party/orbbec_293_ws/install/orbbec_camera_msgs/local/lib/python3.10/dist-packages/orbbec_camera_msgs/msg/_rgbd_s.c
[61.200s] -- Installing: /home/sophie/isaac_lab/isaac_ws/rl_code/soarm100sim/third_party/orbbec_293_ws/install/orbbec_camera_msgs/local/lib/python3.10/dist-packages/orbbec_camera_msgs/msg/_depth_filter_state.py
[61.200s] -- Installing: /home/sophie/isaac_lab/isaac_ws/rl_code/soarm100sim/third_party/orbbec_293_ws/install/orbbec_camera_msgs/local/lib/python3.10/dist-packages/orbbec_camera_msgs/msg/_metadata.py
[61.200s] -- Installing: /home/sophie/isaac_lab/isaac_ws/rl_code/soarm100sim/third_party/orbbec_293_ws/install/orbbec_camera_msgs/local/lib/python3.10/dist-packages/orbbec_camera_msgs/_orbbec_camera_msgs_s.ep.rosidl_typesupport_c.c
[61.200s] -- Installing: /home/sophie/isaac_lab/isaac_ws/rl_code/soarm100sim/third_party/orbbec_293_ws/install/orbbec_camera_msgs/local/lib/python3.10/dist-packages/orbbec_camera_msgs/_orbbec_camera_msgs_s.ep.rosidl_typesupport_introspection_c.c
[61.200s] -- Installing: /home/sophie/isaac_lab/isaac_ws/rl_code/soarm100sim/third_party/orbbec_293_ws/install/orbbec_camera_msgs/local/lib/python3.10/dist-packages/orbbec_camera_msgs/orbbec_camera_msgs_s__rosidl_typesupport_introspection_c.cpython-310-x86_64-linux-gnu.so
[61.200s] -- Installing: /home/sophie/isaac_lab/isaac_ws/rl_code/soarm100sim/third_party/orbbec_293_ws/install/orbbec_camera_msgs/local/lib/python3.10/dist-packages/orbbec_camera_msgs/orbbec_camera_msgs_s__rosidl_typesupport_c.cpython-310-x86_64-linux-gnu.so
[61.200s] -- Installing: /home/sophie/isaac_lab/isaac_ws/rl_code/soarm100sim/third_party/orbbec_293_ws/install/orbbec_camera_msgs/local/lib/python3.10/dist-packages/orbbec_camera_msgs/liborbbec_camera_msgs__rosidl_generator_py.so
[61.251s] Listing '/home/sophie/isaac_lab/isaac_ws/rl_code/soarm100sim/third_party/orbbec_293_ws/install/orbbec_camera_msgs/local/lib/python3.10/dist-packages/orbbec_camera_msgs'...
[61.251s] Compiling '/home/sophie/isaac_lab/isaac_ws/rl_code/soarm100sim/third_party/orbbec_293_ws/install/orbbec_camera_msgs/local/lib/python3.10/dist-packages/orbbec_camera_msgs/__init__.py'...
[61.251s] Listing '/home/sophie/isaac_lab/isaac_ws/rl_code/soarm100sim/third_party/orbbec_293_ws/install/orbbec_camera_msgs/local/lib/python3.10/dist-packages/orbbec_camera_msgs/msg'...
[61.251s] Compiling '/home/sophie/isaac_lab/isaac_ws/rl_code/soarm100sim/third_party/orbbec_293_ws/install/orbbec_camera_msgs/local/lib/python3.10/dist-packages/orbbec_camera_msgs/msg/__init__.py'...
[61.251s] Compiling '/home/sophie/isaac_lab/isaac_ws/rl_code/soarm100sim/third_party/orbbec_293_ws/install/orbbec_camera_msgs/local/lib/python3.10/dist-packages/orbbec_camera_msgs/msg/_depth_filter_param.py'...
[61.251s] Compiling '/home/sophie/isaac_lab/isaac_ws/rl_code/soarm100sim/third_party/orbbec_293_ws/install/orbbec_camera_msgs/local/lib/python3.10/dist-packages/orbbec_camera_msgs/msg/_depth_filter_state.py'...
[61.251s] Compiling '/home/sophie/isaac_lab/isaac_ws/rl_code/soarm100sim/third_party/orbbec_293_ws/install/orbbec_camera_msgs/local/lib/python3.10/dist-packages/orbbec_camera_msgs/msg/_depth_filters_status.py'...
[61.251s] Compiling '/home/sophie/isaac_lab/isaac_ws/rl_code/soarm100sim/third_party/orbbec_293_ws/install/orbbec_camera_msgs/local/lib/python3.10/dist-packages/orbbec_camera_msgs/msg/_device_info.py'...
[61.251s] Compiling '/home/sophie/isaac_lab/isaac_ws/rl_code/soarm100sim/third_party/orbbec_293_ws/install/orbbec_camera_msgs/local/lib/python3.10/dist-packages/orbbec_camera_msgs/msg/_device_status.py'...
[61.251s] Compiling '/home/sophie/isaac_lab/isaac_ws/rl_code/soarm100sim/third_party/orbbec_293_ws/install/orbbec_camera_msgs/local/lib/python3.10/dist-packages/orbbec_camera_msgs/msg/_extrinsics.py'...
[61.251s] Compiling '/home/sophie/isaac_lab/isaac_ws/rl_code/soarm100sim/third_party/orbbec_293_ws/install/orbbec_camera_msgs/local/lib/python3.10/dist-packages/orbbec_camera_msgs/msg/_imu_info.py'...
[61.251s] Compiling '/home/sophie/isaac_lab/isaac_ws/rl_code/soarm100sim/third_party/orbbec_293_ws/install/orbbec_camera_msgs/local/lib/python3.10/dist-packages/orbbec_camera_msgs/msg/_metadata.py'...
[61.251s] Compiling '/home/sophie/isaac_lab/isaac_ws/rl_code/soarm100sim/third_party/orbbec_293_ws/install/orbbec_camera_msgs/local/lib/python3.10/dist-packages/orbbec_camera_msgs/msg/_rgbd.py'...
[61.251s] Compiling '/home/sophie/isaac_lab/isaac_ws/rl_code/soarm100sim/third_party/orbbec_293_ws/install/orbbec_camera_msgs/local/lib/python3.10/dist-packages/orbbec_camera_msgs/msg/_stream_profile.py'...
[61.251s] Listing '/home/sophie/isaac_lab/isaac_ws/rl_code/soarm100sim/third_party/orbbec_293_ws/install/orbbec_camera_msgs/local/lib/python3.10/dist-packages/orbbec_camera_msgs/srv'...
[61.251s] Compiling '/home/sophie/isaac_lab/isaac_ws/rl_code/soarm100sim/third_party/orbbec_293_ws/install/orbbec_camera_msgs/local/lib/python3.10/dist-packages/orbbec_camera_msgs/srv/__init__.py'...
[61.251s] Compiling '/home/sophie/isaac_lab/isaac_ws/rl_code/soarm100sim/third_party/orbbec_293_ws/install/orbbec_camera_msgs/local/lib/python3.10/dist-packages/orbbec_camera_msgs/srv/_get_bool.py'...
[61.251s] Compiling '/home/sophie/isaac_lab/isaac_ws/rl_code/soarm100sim/third_party/orbbec_293_ws/install/orbbec_camera_msgs/local/lib/python3.10/dist-packages/orbbec_camera_msgs/srv/_get_camera_info.py'...
[61.251s] Compiling '/home/sophie/isaac_lab/isaac_ws/rl_code/soarm100sim/third_party/orbbec_293_ws/install/orbbec_camera_msgs/local/lib/python3.10/dist-packages/orbbec_camera_msgs/srv/_get_device_config.py'...
[61.251s] Compiling '/home/sophie/isaac_lab/isaac_ws/rl_code/soarm100sim/third_party/orbbec_293_ws/install/orbbec_camera_msgs/local/lib/python3.10/dist-packages/orbbec_camera_msgs/srv/_get_device_info.py'...
[61.251s] Compiling '/home/sophie/isaac_lab/isaac_ws/rl_code/soarm100sim/third_party/orbbec_293_ws/install/orbbec_camera_msgs/local/lib/python3.10/dist-packages/orbbec_camera_msgs/srv/_get_int32.py'...
[61.251s] Compiling '/home/sophie/isaac_lab/isaac_ws/rl_code/soarm100sim/third_party/orbbec_293_ws/install/orbbec_camera_msgs/local/lib/python3.10/dist-packages/orbbec_camera_msgs/srv/_get_string.py'...
[61.251s] Compiling '/home/sophie/isaac_lab/isaac_ws/rl_code/soarm100sim/third_party/orbbec_293_ws/install/orbbec_camera_msgs/local/lib/python3.10/dist-packages/orbbec_camera_msgs/srv/_get_user_calib_params.py'...
[61.251s] Compiling '/home/sophie/isaac_lab/isaac_ws/rl_code/soarm100sim/third_party/orbbec_293_ws/install/orbbec_camera_msgs/local/lib/python3.10/dist-packages/orbbec_camera_msgs/srv/_set_arrays.py'...
[61.251s] Compiling '/home/sophie/isaac_lab/isaac_ws/rl_code/soarm100sim/third_party/orbbec_293_ws/install/orbbec_camera_msgs/local/lib/python3.10/dist-packages/orbbec_camera_msgs/srv/_set_bag_recording.py'...
[61.251s] Compiling '/home/sophie/isaac_lab/isaac_ws/rl_code/soarm100sim/third_party/orbbec_293_ws/install/orbbec_camera_msgs/local/lib/python3.10/dist-packages/orbbec_camera_msgs/srv/_set_filter.py'...
[61.251s] Compiling '/home/sophie/isaac_lab/isaac_ws/rl_code/soarm100sim/third_party/orbbec_293_ws/install/orbbec_camera_msgs/local/lib/python3.10/dist-packages/orbbec_camera_msgs/srv/_set_int32.py'...
[61.251s] Compiling '/home/sophie/isaac_lab/isaac_ws/rl_code/soarm100sim/third_party/orbbec_293_ws/install/orbbec_camera_msgs/local/lib/python3.10/dist-packages/orbbec_camera_msgs/srv/_set_stream_profile.py'...
[61.251s] Compiling '/home/sophie/isaac_lab/isaac_ws/rl_code/soarm100sim/third_party/orbbec_293_ws/install/orbbec_camera_msgs/local/lib/python3.10/dist-packages/orbbec_camera_msgs/srv/_set_string.py'...
[61.251s] Compiling '/home/sophie/isaac_lab/isaac_ws/rl_code/soarm100sim/third_party/orbbec_293_ws/install/orbbec_camera_msgs/local/lib/python3.10/dist-packages/orbbec_camera_msgs/srv/_set_user_calib_params.py'...
[61.254s] -- Installing: /home/sophie/isaac_lab/isaac_ws/rl_code/soarm100sim/third_party/orbbec_293_ws/install/orbbec_camera_msgs/local/lib/python3.10/dist-packages/orbbec_camera_msgs/orbbec_camera_msgs_s__rosidl_typesupport_fastrtps_c.cpython-310-x86_64-linux-gnu.so
[61.254s] -- Set runtime path of "/home/sophie/isaac_lab/isaac_ws/rl_code/soarm100sim/third_party/orbbec_293_ws/install/orbbec_camera_msgs/local/lib/python3.10/dist-packages/orbbec_camera_msgs/orbbec_camera_msgs_s__rosidl_typesupport_fastrtps_c.cpython-310-x86_64-linux-gnu.so" to ""
[61.254s] -- Installing: /home/sophie/isaac_lab/isaac_ws/rl_code/soarm100sim/third_party/orbbec_293_ws/install/orbbec_camera_msgs/local/lib/python3.10/dist-packages/orbbec_camera_msgs/orbbec_camera_msgs_s__rosidl_typesupport_introspection_c.cpython-310-x86_64-linux-gnu.so
[61.255s] -- Set runtime path of "/home/sophie/isaac_lab/isaac_ws/rl_code/soarm100sim/third_party/orbbec_293_ws/install/orbbec_camera_msgs/local/lib/python3.10/dist-packages/orbbec_camera_msgs/orbbec_camera_msgs_s__rosidl_typesupport_introspection_c.cpython-310-x86_64-linux-gnu.so" to ""
[61.255s] -- Installing: /home/sophie/isaac_lab/isaac_ws/rl_code/soarm100sim/third_party/orbbec_293_ws/install/orbbec_camera_msgs/local/lib/python3.10/dist-packages/orbbec_camera_msgs/orbbec_camera_msgs_s__rosidl_typesupport_c.cpython-310-x86_64-linux-gnu.so
[61.255s] -- Set runtime path of "/home/sophie/isaac_lab/isaac_ws/rl_code/soarm100sim/third_party/orbbec_293_ws/install/orbbec_camera_msgs/local/lib/python3.10/dist-packages/orbbec_camera_msgs/orbbec_camera_msgs_s__rosidl_typesupport_c.cpython-310-x86_64-linux-gnu.so" to ""
[61.255s] -- Installing: /home/sophie/isaac_lab/isaac_ws/rl_code/soarm100sim/third_party/orbbec_293_ws/install/orbbec_camera_msgs/lib/liborbbec_camera_msgs__rosidl_generator_py.so
[61.255s] -- Set runtime path of "/home/sophie/isaac_lab/isaac_ws/rl_code/soarm100sim/third_party/orbbec_293_ws/install/orbbec_camera_msgs/lib/liborbbec_camera_msgs__rosidl_generator_py.so" to ""
[61.255s] -- Installing: /home/sophie/isaac_lab/isaac_ws/rl_code/soarm100sim/third_party/orbbec_293_ws/install/orbbec_camera_msgs/share/ament_index/resource_index/rust_packages/orbbec_camera_msgs
[61.255s] -- Installing: /home/sophie/isaac_lab/isaac_ws/rl_code/soarm100sim/third_party/orbbec_293_ws/install/orbbec_camera_msgs/share/orbbec_camera_msgs/rust
[61.255s] -- Installing: /home/sophie/isaac_lab/isaac_ws/rl_code/soarm100sim/third_party/orbbec_293_ws/install/orbbec_camera_msgs/share/orbbec_camera_msgs/rust/Cargo.toml
[61.255s] -- Installing: /home/sophie/isaac_lab/isaac_ws/rl_code/soarm100sim/third_party/orbbec_293_ws/install/orbbec_camera_msgs/share/orbbec_camera_msgs/rust/src
[61.255s] -- Installing: /home/sophie/isaac_lab/isaac_ws/rl_code/soarm100sim/third_party/orbbec_293_ws/install/orbbec_camera_msgs/share/orbbec_camera_msgs/rust/src/srv
[61.255s] -- Installing: /home/sophie/isaac_lab/isaac_ws/rl_code/soarm100sim/third_party/orbbec_293_ws/install/orbbec_camera_msgs/share/orbbec_camera_msgs/rust/src/srv/rmw.rs
[61.256s] -- Installing: /home/sophie/isaac_lab/isaac_ws/rl_code/soarm100sim/third_party/orbbec_293_ws/install/orbbec_camera_msgs/share/orbbec_camera_msgs/rust/src/lib.rs
[61.256s] -- Installing: /home/sophie/isaac_lab/isaac_ws/rl_code/soarm100sim/third_party/orbbec_293_ws/install/orbbec_camera_msgs/share/orbbec_camera_msgs/rust/src/msg
[61.256s] -- Installing: /home/sophie/isaac_lab/isaac_ws/rl_code/soarm100sim/third_party/orbbec_293_ws/install/orbbec_camera_msgs/share/orbbec_camera_msgs/rust/src/msg/rmw.rs
[61.256s] -- Installing: /home/sophie/isaac_lab/isaac_ws/rl_code/soarm100sim/third_party/orbbec_293_ws/install/orbbec_camera_msgs/share/orbbec_camera_msgs/rust/src/msg.rs
[61.256s] -- Installing: /home/sophie/isaac_lab/isaac_ws/rl_code/soarm100sim/third_party/orbbec_293_ws/install/orbbec_camera_msgs/share/orbbec_camera_msgs/rust/src/srv.rs
[61.256s] -- Installing: /home/sophie/isaac_lab/isaac_ws/rl_code/soarm100sim/third_party/orbbec_293_ws/install/orbbec_camera_msgs/share/orbbec_camera_msgs/rust/build.rs
[61.256s] -- Installing: /home/sophie/isaac_lab/isaac_ws/rl_code/soarm100sim/third_party/orbbec_293_ws/install/orbbec_camera_msgs/share/orbbec_camera_msgs/msg/DeviceInfo.idl
[61.256s] -- Installing: /home/sophie/isaac_lab/isaac_ws/rl_code/soarm100sim/third_party/orbbec_293_ws/install/orbbec_camera_msgs/share/orbbec_camera_msgs/msg/DeviceStatus.idl
[61.256s] -- Installing: /home/sophie/isaac_lab/isaac_ws/rl_code/soarm100sim/third_party/orbbec_293_ws/install/orbbec_camera_msgs/share/orbbec_camera_msgs/msg/DepthFilterParam.idl
[61.256s] -- Installing: /home/sophie/isaac_lab/isaac_ws/rl_code/soarm100sim/third_party/orbbec_293_ws/install/orbbec_camera_msgs/share/orbbec_camera_msgs/msg/DepthFilterState.idl
[61.256s] -- Installing: /home/sophie/isaac_lab/isaac_ws/rl_code/soarm100sim/third_party/orbbec_293_ws/install/orbbec_camera_msgs/share/orbbec_camera_msgs/msg/DepthFiltersStatus.idl
[61.256s] -- Installing: /home/sophie/isaac_lab/isaac_ws/rl_code/soarm100sim/third_party/orbbec_293_ws/install/orbbec_camera_msgs/share/orbbec_camera_msgs/msg/Extrinsics.idl
[61.256s] -- Installing: /home/sophie/isaac_lab/isaac_ws/rl_code/soarm100sim/third_party/orbbec_293_ws/install/orbbec_camera_msgs/share/orbbec_camera_msgs/msg/Metadata.idl
[61.256s] -- Installing: /home/sophie/isaac_lab/isaac_ws/rl_code/soarm100sim/third_party/orbbec_293_ws/install/orbbec_camera_msgs/share/orbbec_camera_msgs/msg/IMUInfo.idl
[61.257s] -- Installing: /home/sophie/isaac_lab/isaac_ws/rl_code/soarm100sim/third_party/orbbec_293_ws/install/orbbec_camera_msgs/share/orbbec_camera_msgs/msg/RGBD.idl
[61.257s] -- Installing: /home/sophie/isaac_lab/isaac_ws/rl_code/soarm100sim/third_party/orbbec_293_ws/install/orbbec_camera_msgs/share/orbbec_camera_msgs/msg/StreamProfile.idl
[61.257s] -- Installing: /home/sophie/isaac_lab/isaac_ws/rl_code/soarm100sim/third_party/orbbec_293_ws/install/orbbec_camera_msgs/share/orbbec_camera_msgs/srv/GetBool.idl
[61.257s] -- Installing: /home/sophie/isaac_lab/isaac_ws/rl_code/soarm100sim/third_party/orbbec_293_ws/install/orbbec_camera_msgs/share/orbbec_camera_msgs/srv/GetDeviceConfig.idl
[61.257s] -- Installing: /home/sophie/isaac_lab/isaac_ws/rl_code/soarm100sim/third_party/orbbec_293_ws/install/orbbec_camera_msgs/share/orbbec_camera_msgs/srv/GetDeviceInfo.idl
[61.257s] -- Installing: /home/sophie/isaac_lab/isaac_ws/rl_code/soarm100sim/third_party/orbbec_293_ws/install/orbbec_camera_msgs/share/orbbec_camera_msgs/srv/GetCameraInfo.idl
[61.257s] -- Installing: /home/sophie/isaac_lab/isaac_ws/rl_code/soarm100sim/third_party/orbbec_293_ws/install/orbbec_camera_msgs/share/orbbec_camera_msgs/srv/GetInt32.idl
[61.257s] -- Installing: /home/sophie/isaac_lab/isaac_ws/rl_code/soarm100sim/third_party/orbbec_293_ws/install/orbbec_camera_msgs/share/orbbec_camera_msgs/srv/GetString.idl
[61.257s] -- Installing: /home/sophie/isaac_lab/isaac_ws/rl_code/soarm100sim/third_party/orbbec_293_ws/install/orbbec_camera_msgs/share/orbbec_camera_msgs/srv/SetFilter.idl
[61.257s] -- Installing: /home/sophie/isaac_lab/isaac_ws/rl_code/soarm100sim/third_party/orbbec_293_ws/install/orbbec_camera_msgs/share/orbbec_camera_msgs/srv/SetInt32.idl
[61.257s] -- Installing: /home/sophie/isaac_lab/isaac_ws/rl_code/soarm100sim/third_party/orbbec_293_ws/install/orbbec_camera_msgs/share/orbbec_camera_msgs/srv/SetString.idl
[61.257s] -- Installing: /home/sophie/isaac_lab/isaac_ws/rl_code/soarm100sim/third_party/orbbec_293_ws/install/orbbec_camera_msgs/share/orbbec_camera_msgs/srv/SetArrays.idl
[61.258s] -- Installing: /home/sophie/isaac_lab/isaac_ws/rl_code/soarm100sim/third_party/orbbec_293_ws/install/orbbec_camera_msgs/share/orbbec_camera_msgs/srv/GetUserCalibParams.idl
[61.258s] -- Installing: /home/sophie/isaac_lab/isaac_ws/rl_code/soarm100sim/third_party/orbbec_293_ws/install/orbbec_camera_msgs/share/orbbec_camera_msgs/srv/SetUserCalibParams.idl
[61.258s] -- Installing: /home/sophie/isaac_lab/isaac_ws/rl_code/soarm100sim/third_party/orbbec_293_ws/install/orbbec_camera_msgs/share/orbbec_camera_msgs/srv/SetBagRecording.idl
[61.258s] -- Installing: /home/sophie/isaac_lab/isaac_ws/rl_code/soarm100sim/third_party/orbbec_293_ws/install/orbbec_camera_msgs/share/orbbec_camera_msgs/srv/SetStreamProfile.idl
[61.258s] -- Installing: /home/sophie/isaac_lab/isaac_ws/rl_code/soarm100sim/third_party/orbbec_293_ws/install/orbbec_camera_msgs/share/orbbec_camera_msgs/msg/DeviceInfo.msg
[61.258s] -- Installing: /home/sophie/isaac_lab/isaac_ws/rl_code/soarm100sim/third_party/orbbec_293_ws/install/orbbec_camera_msgs/share/orbbec_camera_msgs/msg/DeviceStatus.msg
[61.258s] -- Installing: /home/sophie/isaac_lab/isaac_ws/rl_code/soarm100sim/third_party/orbbec_293_ws/install/orbbec_camera_msgs/share/orbbec_camera_msgs/msg/DepthFilterParam.msg
[61.258s] -- Installing: /home/sophie/isaac_lab/isaac_ws/rl_code/soarm100sim/third_party/orbbec_293_ws/install/orbbec_camera_msgs/share/orbbec_camera_msgs/msg/DepthFilterState.msg
[61.258s] -- Installing: /home/sophie/isaac_lab/isaac_ws/rl_code/soarm100sim/third_party/orbbec_293_ws/install/orbbec_camera_msgs/share/orbbec_camera_msgs/msg/DepthFiltersStatus.msg
[61.258s] -- Installing: /home/sophie/isaac_lab/isaac_ws/rl_code/soarm100sim/third_party/orbbec_293_ws/install/orbbec_camera_msgs/share/orbbec_camera_msgs/msg/Extrinsics.msg
[61.258s] -- Installing: /home/sophie/isaac_lab/isaac_ws/rl_code/soarm100sim/third_party/orbbec_293_ws/install/orbbec_camera_msgs/share/orbbec_camera_msgs/msg/Metadata.msg
[61.258s] -- Installing: /home/sophie/isaac_lab/isaac_ws/rl_code/soarm100sim/third_party/orbbec_293_ws/install/orbbec_camera_msgs/share/orbbec_camera_msgs/msg/IMUInfo.msg
[61.259s] -- Installing: /home/sophie/isaac_lab/isaac_ws/rl_code/soarm100sim/third_party/orbbec_293_ws/install/orbbec_camera_msgs/share/orbbec_camera_msgs/msg/RGBD.msg
[61.259s] -- Installing: /home/sophie/isaac_lab/isaac_ws/rl_code/soarm100sim/third_party/orbbec_293_ws/install/orbbec_camera_msgs/share/orbbec_camera_msgs/msg/StreamProfile.msg
[61.259s] -- Installing: /home/sophie/isaac_lab/isaac_ws/rl_code/soarm100sim/third_party/orbbec_293_ws/install/orbbec_camera_msgs/share/orbbec_camera_msgs/srv/GetBool.srv
[61.259s] -- Installing: /home/sophie/isaac_lab/isaac_ws/rl_code/soarm100sim/third_party/orbbec_293_ws/install/orbbec_camera_msgs/share/orbbec_camera_msgs/srv/GetBool_Request.msg
[61.259s] -- Installing: /home/sophie/isaac_lab/isaac_ws/rl_code/soarm100sim/third_party/orbbec_293_ws/install/orbbec_camera_msgs/share/orbbec_camera_msgs/srv/GetBool_Response.msg
[61.259s] -- Installing: /home/sophie/isaac_lab/isaac_ws/rl_code/soarm100sim/third_party/orbbec_293_ws/install/orbbec_camera_msgs/share/orbbec_camera_msgs/srv/GetDeviceConfig.srv
[61.259s] -- Installing: /home/sophie/isaac_lab/isaac_ws/rl_code/soarm100sim/third_party/orbbec_293_ws/install/orbbec_camera_msgs/share/orbbec_camera_msgs/srv/GetDeviceConfig_Request.msg
[61.259s] -- Installing: /home/sophie/isaac_lab/isaac_ws/rl_code/soarm100sim/third_party/orbbec_293_ws/install/orbbec_camera_msgs/share/orbbec_camera_msgs/srv/GetDeviceConfig_Response.msg
[61.259s] -- Installing: /home/sophie/isaac_lab/isaac_ws/rl_code/soarm100sim/third_party/orbbec_293_ws/install/orbbec_camera_msgs/share/orbbec_camera_msgs/srv/GetDeviceInfo.srv
[61.259s] -- Installing: /home/sophie/isaac_lab/isaac_ws/rl_code/soarm100sim/third_party/orbbec_293_ws/install/orbbec_camera_msgs/share/orbbec_camera_msgs/srv/GetDeviceInfo_Request.msg
[61.259s] -- Installing: /home/sophie/isaac_lab/isaac_ws/rl_code/soarm100sim/third_party/orbbec_293_ws/install/orbbec_camera_msgs/share/orbbec_camera_msgs/srv/GetDeviceInfo_Response.msg
[61.259s] -- Installing: /home/sophie/isaac_lab/isaac_ws/rl_code/soarm100sim/third_party/orbbec_293_ws/install/orbbec_camera_msgs/share/orbbec_camera_msgs/srv/GetCameraInfo.srv
[61.260s] -- Installing: /home/sophie/isaac_lab/isaac_ws/rl_code/soarm100sim/third_party/orbbec_293_ws/install/orbbec_camera_msgs/share/orbbec_camera_msgs/srv/GetCameraInfo_Request.msg
[61.260s] -- Installing: /home/sophie/isaac_lab/isaac_ws/rl_code/soarm100sim/third_party/orbbec_293_ws/install/orbbec_camera_msgs/share/orbbec_camera_msgs/srv/GetCameraInfo_Response.msg
[61.260s] -- Installing: /home/sophie/isaac_lab/isaac_ws/rl_code/soarm100sim/third_party/orbbec_293_ws/install/orbbec_camera_msgs/share/orbbec_camera_msgs/srv/GetInt32.srv
[61.260s] -- Installing: /home/sophie/isaac_lab/isaac_ws/rl_code/soarm100sim/third_party/orbbec_293_ws/install/orbbec_camera_msgs/share/orbbec_camera_msgs/srv/GetInt32_Request.msg
[61.260s] -- Installing: /home/sophie/isaac_lab/isaac_ws/rl_code/soarm100sim/third_party/orbbec_293_ws/install/orbbec_camera_msgs/share/orbbec_camera_msgs/srv/GetInt32_Response.msg
[61.260s] -- Installing: /home/sophie/isaac_lab/isaac_ws/rl_code/soarm100sim/third_party/orbbec_293_ws/install/orbbec_camera_msgs/share/orbbec_camera_msgs/srv/GetString.srv
[61.260s] -- Installing: /home/sophie/isaac_lab/isaac_ws/rl_code/soarm100sim/third_party/orbbec_293_ws/install/orbbec_camera_msgs/share/orbbec_camera_msgs/srv/GetString_Request.msg
[61.260s] -- Installing: /home/sophie/isaac_lab/isaac_ws/rl_code/soarm100sim/third_party/orbbec_293_ws/install/orbbec_camera_msgs/share/orbbec_camera_msgs/srv/GetString_Response.msg
[61.260s] -- Installing: /home/sophie/isaac_lab/isaac_ws/rl_code/soarm100sim/third_party/orbbec_293_ws/install/orbbec_camera_msgs/share/orbbec_camera_msgs/srv/SetFilter.srv
[61.260s] -- Installing: /home/sophie/isaac_lab/isaac_ws/rl_code/soarm100sim/third_party/orbbec_293_ws/install/orbbec_camera_msgs/share/orbbec_camera_msgs/srv/SetFilter_Request.msg
[61.260s] -- Installing: /home/sophie/isaac_lab/isaac_ws/rl_code/soarm100sim/third_party/orbbec_293_ws/install/orbbec_camera_msgs/share/orbbec_camera_msgs/srv/SetFilter_Response.msg
[61.260s] -- Installing: /home/sophie/isaac_lab/isaac_ws/rl_code/soarm100sim/third_party/orbbec_293_ws/install/orbbec_camera_msgs/share/orbbec_camera_msgs/srv/SetInt32.srv
[61.261s] -- Installing: /home/sophie/isaac_lab/isaac_ws/rl_code/soarm100sim/third_party/orbbec_293_ws/install/orbbec_camera_msgs/share/orbbec_camera_msgs/srv/SetInt32_Request.msg
[61.261s] -- Installing: /home/sophie/isaac_lab/isaac_ws/rl_code/soarm100sim/third_party/orbbec_293_ws/install/orbbec_camera_msgs/share/orbbec_camera_msgs/srv/SetInt32_Response.msg
[61.261s] -- Installing: /home/sophie/isaac_lab/isaac_ws/rl_code/soarm100sim/third_party/orbbec_293_ws/install/orbbec_camera_msgs/share/orbbec_camera_msgs/srv/SetString.srv
[61.261s] -- Installing: /home/sophie/isaac_lab/isaac_ws/rl_code/soarm100sim/third_party/orbbec_293_ws/install/orbbec_camera_msgs/share/orbbec_camera_msgs/srv/SetString_Request.msg
[61.261s] -- Installing: /home/sophie/isaac_lab/isaac_ws/rl_code/soarm100sim/third_party/orbbec_293_ws/install/orbbec_camera_msgs/share/orbbec_camera_msgs/srv/SetString_Response.msg
[61.261s] -- Installing: /home/sophie/isaac_lab/isaac_ws/rl_code/soarm100sim/third_party/orbbec_293_ws/install/orbbec_camera_msgs/share/orbbec_camera_msgs/srv/SetArrays.srv
[61.261s] -- Installing: /home/sophie/isaac_lab/isaac_ws/rl_code/soarm100sim/third_party/orbbec_293_ws/install/orbbec_camera_msgs/share/orbbec_camera_msgs/srv/SetArrays_Request.msg
[61.261s] -- Installing: /home/sophie/isaac_lab/isaac_ws/rl_code/soarm100sim/third_party/orbbec_293_ws/install/orbbec_camera_msgs/share/orbbec_camera_msgs/srv/SetArrays_Response.msg
[61.261s] -- Installing: /home/sophie/isaac_lab/isaac_ws/rl_code/soarm100sim/third_party/orbbec_293_ws/install/orbbec_camera_msgs/share/orbbec_camera_msgs/srv/GetUserCalibParams.srv
[61.261s] -- Installing: /home/sophie/isaac_lab/isaac_ws/rl_code/soarm100sim/third_party/orbbec_293_ws/install/orbbec_camera_msgs/share/orbbec_camera_msgs/srv/GetUserCalibParams_Request.msg
[61.261s] -- Installing: /home/sophie/isaac_lab/isaac_ws/rl_code/soarm100sim/third_party/orbbec_293_ws/install/orbbec_camera_msgs/share/orbbec_camera_msgs/srv/GetUserCalibParams_Response.msg
[61.261s] -- Installing: /home/sophie/isaac_lab/isaac_ws/rl_code/soarm100sim/third_party/orbbec_293_ws/install/orbbec_camera_msgs/share/orbbec_camera_msgs/srv/SetUserCalibParams.srv
[61.262s] -- Installing: /home/sophie/isaac_lab/isaac_ws/rl_code/soarm100sim/third_party/orbbec_293_ws/install/orbbec_camera_msgs/share/orbbec_camera_msgs/srv/SetUserCalibParams_Request.msg
[61.262s] -- Installing: /home/sophie/isaac_lab/isaac_ws/rl_code/soarm100sim/third_party/orbbec_293_ws/install/orbbec_camera_msgs/share/orbbec_camera_msgs/srv/SetUserCalibParams_Response.msg
[61.262s] -- Installing: /home/sophie/isaac_lab/isaac_ws/rl_code/soarm100sim/third_party/orbbec_293_ws/install/orbbec_camera_msgs/share/orbbec_camera_msgs/srv/SetBagRecording.srv
[61.262s] -- Installing: /home/sophie/isaac_lab/isaac_ws/rl_code/soarm100sim/third_party/orbbec_293_ws/install/orbbec_camera_msgs/share/orbbec_camera_msgs/srv/SetBagRecording_Request.msg
[61.262s] -- Installing: /home/sophie/isaac_lab/isaac_ws/rl_code/soarm100sim/third_party/orbbec_293_ws/install/orbbec_camera_msgs/share/orbbec_camera_msgs/srv/SetBagRecording_Response.msg
[61.262s] -- Installing: /home/sophie/isaac_lab/isaac_ws/rl_code/soarm100sim/third_party/orbbec_293_ws/install/orbbec_camera_msgs/share/orbbec_camera_msgs/srv/SetStreamProfile.srv
[61.262s] -- Installing: /home/sophie/isaac_lab/isaac_ws/rl_code/soarm100sim/third_party/orbbec_293_ws/install/orbbec_camera_msgs/share/orbbec_camera_msgs/srv/SetStreamProfile_Request.msg
[61.262s] -- Installing: /home/sophie/isaac_lab/isaac_ws/rl_code/soarm100sim/third_party/orbbec_293_ws/install/orbbec_camera_msgs/share/orbbec_camera_msgs/srv/SetStreamProfile_Response.msg
[61.262s] -- Installing: /home/sophie/isaac_lab/isaac_ws/rl_code/soarm100sim/third_party/orbbec_293_ws/install/orbbec_camera_msgs/share/ament_index/resource_index/package_run_dependencies/orbbec_camera_msgs
[61.262s] -- Installing: /home/sophie/isaac_lab/isaac_ws/rl_code/soarm100sim/third_party/orbbec_293_ws/install/orbbec_camera_msgs/share/ament_index/resource_index/parent_prefix_path/orbbec_camera_msgs
[61.262s] -- Installing: /home/sophie/isaac_lab/isaac_ws/rl_code/soarm100sim/third_party/orbbec_293_ws/install/orbbec_camera_msgs/share/orbbec_camera_msgs/environment/ament_prefix_path.sh
[61.263s] -- Installing: /home/sophie/isaac_lab/isaac_ws/rl_code/soarm100sim/third_party/orbbec_293_ws/install/orbbec_camera_msgs/share/orbbec_camera_msgs/environment/ament_prefix_path.dsv
[61.263s] -- Installing: /home/sophie/isaac_lab/isaac_ws/rl_code/soarm100sim/third_party/orbbec_293_ws/install/orbbec_camera_msgs/share/orbbec_camera_msgs/environment/path.sh
[61.263s] -- Installing: /home/sophie/isaac_lab/isaac_ws/rl_code/soarm100sim/third_party/orbbec_293_ws/install/orbbec_camera_msgs/share/orbbec_camera_msgs/environment/path.dsv
[61.263s] -- Installing: /home/sophie/isaac_lab/isaac_ws/rl_code/soarm100sim/third_party/orbbec_293_ws/install/orbbec_camera_msgs/share/orbbec_camera_msgs/local_setup.bash
[61.263s] -- Installing: /home/sophie/isaac_lab/isaac_ws/rl_code/soarm100sim/third_party/orbbec_293_ws/install/orbbec_camera_msgs/share/orbbec_camera_msgs/local_setup.sh
[61.263s] -- Installing: /home/sophie/isaac_lab/isaac_ws/rl_code/soarm100sim/third_party/orbbec_293_ws/install/orbbec_camera_msgs/share/orbbec_camera_msgs/local_setup.zsh
[61.263s] -- Installing: /home/sophie/isaac_lab/isaac_ws/rl_code/soarm100sim/third_party/orbbec_293_ws/install/orbbec_camera_msgs/share/orbbec_camera_msgs/local_setup.dsv
[61.263s] -- Installing: /home/sophie/isaac_lab/isaac_ws/rl_code/soarm100sim/third_party/orbbec_293_ws/install/orbbec_camera_msgs/share/orbbec_camera_msgs/package.dsv
[61.263s] -- Installing: /home/sophie/isaac_lab/isaac_ws/rl_code/soarm100sim/third_party/orbbec_293_ws/install/orbbec_camera_msgs/share/ament_index/resource_index/packages/orbbec_camera_msgs
[61.263s] -- Installing: /home/sophie/isaac_lab/isaac_ws/rl_code/soarm100sim/third_party/orbbec_293_ws/install/orbbec_camera_msgs/share/orbbec_camera_msgs/cmake/export_orbbec_camera_msgs__rosidl_generator_cExport.cmake
[61.263s] -- Installing: /home/sophie/isaac_lab/isaac_ws/rl_code/soarm100sim/third_party/orbbec_293_ws/install/orbbec_camera_msgs/share/orbbec_camera_msgs/cmake/export_orbbec_camera_msgs__rosidl_generator_cExport-release.cmake
[61.264s] -- Installing: /home/sophie/isaac_lab/isaac_ws/rl_code/soarm100sim/third_party/orbbec_293_ws/install/orbbec_camera_msgs/share/orbbec_camera_msgs/cmake/export_orbbec_camera_msgs__rosidl_typesupport_fastrtps_cExport.cmake
[61.264s] -- Installing: /home/sophie/isaac_lab/isaac_ws/rl_code/soarm100sim/third_party/orbbec_293_ws/install/orbbec_camera_msgs/share/orbbec_camera_msgs/cmake/export_orbbec_camera_msgs__rosidl_typesupport_fastrtps_cExport-release.cmake
[61.264s] -- Installing: /home/sophie/isaac_lab/isaac_ws/rl_code/soarm100sim/third_party/orbbec_293_ws/install/orbbec_camera_msgs/share/orbbec_camera_msgs/cmake/orbbec_camera_msgs__rosidl_typesupport_introspection_cExport.cmake
[61.264s] -- Installing: /home/sophie/isaac_lab/isaac_ws/rl_code/soarm100sim/third_party/orbbec_293_ws/install/orbbec_camera_msgs/share/orbbec_camera_msgs/cmake/orbbec_camera_msgs__rosidl_typesupport_introspection_cExport-release.cmake
[61.264s] -- Installing: /home/sophie/isaac_lab/isaac_ws/rl_code/soarm100sim/third_party/orbbec_293_ws/install/orbbec_camera_msgs/share/orbbec_camera_msgs/cmake/orbbec_camera_msgs__rosidl_typesupport_cExport.cmake
[61.264s] -- Installing: /home/sophie/isaac_lab/isaac_ws/rl_code/soarm100sim/third_party/orbbec_293_ws/install/orbbec_camera_msgs/share/orbbec_camera_msgs/cmake/orbbec_camera_msgs__rosidl_typesupport_cExport-release.cmake
[61.264s] -- Installing: /home/sophie/isaac_lab/isaac_ws/rl_code/soarm100sim/third_party/orbbec_293_ws/install/orbbec_camera_msgs/share/orbbec_camera_msgs/cmake/export_orbbec_camera_msgs__rosidl_generator_cppExport.cmake
[61.264s] -- Installing: /home/sophie/isaac_lab/isaac_ws/rl_code/soarm100sim/third_party/orbbec_293_ws/install/orbbec_camera_msgs/share/orbbec_camera_msgs/cmake/export_orbbec_camera_msgs__rosidl_typesupport_fastrtps_cppExport.cmake
[61.264s] -- Installing: /home/sophie/isaac_lab/isaac_ws/rl_code/soarm100sim/third_party/orbbec_293_ws/install/orbbec_camera_msgs/share/orbbec_camera_msgs/cmake/export_orbbec_camera_msgs__rosidl_typesupport_fastrtps_cppExport-release.cmake
[61.264s] -- Installing: /home/sophie/isaac_lab/isaac_ws/rl_code/soarm100sim/third_party/orbbec_293_ws/install/orbbec_camera_msgs/share/orbbec_camera_msgs/cmake/orbbec_camera_msgs__rosidl_typesupport_introspection_cppExport.cmake
[61.265s] -- Installing: /home/sophie/isaac_lab/isaac_ws/rl_code/soarm100sim/third_party/orbbec_293_ws/install/orbbec_camera_msgs/share/orbbec_camera_msgs/cmake/orbbec_camera_msgs__rosidl_typesupport_introspection_cppExport-release.cmake
[61.265s] -- Installing: /home/sophie/isaac_lab/isaac_ws/rl_code/soarm100sim/third_party/orbbec_293_ws/install/orbbec_camera_msgs/share/orbbec_camera_msgs/cmake/orbbec_camera_msgs__rosidl_typesupport_cppExport.cmake
[61.265s] -- Installing: /home/sophie/isaac_lab/isaac_ws/rl_code/soarm100sim/third_party/orbbec_293_ws/install/orbbec_camera_msgs/share/orbbec_camera_msgs/cmake/orbbec_camera_msgs__rosidl_typesupport_cppExport-release.cmake
[61.265s] -- Installing: /home/sophie/isaac_lab/isaac_ws/rl_code/soarm100sim/third_party/orbbec_293_ws/install/orbbec_camera_msgs/share/orbbec_camera_msgs/cmake/export_orbbec_camera_msgs__rosidl_generator_pyExport.cmake
[61.265s] -- Installing: /home/sophie/isaac_lab/isaac_ws/rl_code/soarm100sim/third_party/orbbec_293_ws/install/orbbec_camera_msgs/share/orbbec_camera_msgs/cmake/export_orbbec_camera_msgs__rosidl_generator_pyExport-release.cmake
[61.265s] -- Installing: /home/sophie/isaac_lab/isaac_ws/rl_code/soarm100sim/third_party/orbbec_293_ws/install/orbbec_camera_msgs/share/orbbec_camera_msgs/cmake/rosidl_cmake-extras.cmake
[61.265s] -- Installing: /home/sophie/isaac_lab/isaac_ws/rl_code/soarm100sim/third_party/orbbec_293_ws/install/orbbec_camera_msgs/share/orbbec_camera_msgs/cmake/ament_cmake_export_dependencies-extras.cmake
[61.265s] -- Installing: /home/sophie/isaac_lab/isaac_ws/rl_code/soarm100sim/third_party/orbbec_293_ws/install/orbbec_camera_msgs/share/orbbec_camera_msgs/cmake/ament_cmake_export_include_directories-extras.cmake
[61.265s] -- Installing: /home/sophie/isaac_lab/isaac_ws/rl_code/soarm100sim/third_party/orbbec_293_ws/install/orbbec_camera_msgs/share/orbbec_camera_msgs/cmake/ament_cmake_export_libraries-extras.cmake
[61.265s] -- Installing: /home/sophie/isaac_lab/isaac_ws/rl_code/soarm100sim/third_party/orbbec_293_ws/install/orbbec_camera_msgs/share/orbbec_camera_msgs/cmake/ament_cmake_export_targets-extras.cmake
[61.265s] -- Installing: /home/sophie/isaac_lab/isaac_ws/rl_code/soarm100sim/third_party/orbbec_293_ws/install/orbbec_camera_msgs/share/orbbec_camera_msgs/cmake/rosidl_cmake_export_typesupport_targets-extras.cmake
[61.266s] -- Installing: /home/sophie/isaac_lab/isaac_ws/rl_code/soarm100sim/third_party/orbbec_293_ws/install/orbbec_camera_msgs/share/orbbec_camera_msgs/cmake/rosidl_cmake_export_typesupport_libraries-extras.cmake
[61.266s] -- Installing: /home/sophie/isaac_lab/isaac_ws/rl_code/soarm100sim/third_party/orbbec_293_ws/install/orbbec_camera_msgs/share/orbbec_camera_msgs/cmake/orbbec_camera_msgsConfig.cmake
[61.266s] -- Installing: /home/sophie/isaac_lab/isaac_ws/rl_code/soarm100sim/third_party/orbbec_293_ws/install/orbbec_camera_msgs/share/orbbec_camera_msgs/cmake/orbbec_camera_msgsConfig-version.cmake
[61.266s] -- Installing: /home/sophie/isaac_lab/isaac_ws/rl_code/soarm100sim/third_party/orbbec_293_ws/install/orbbec_camera_msgs/share/orbbec_camera_msgs/package.xml
[61.268s] Invoked command in '/home/sophie/isaac_lab/isaac_ws/rl_code/soarm100sim/third_party/orbbec_293_ws/build/orbbec_camera_msgs' returned '0': CMAKE_PREFIX_PATH=/opt/ros/humble /usr/bin/cmake --install /home/sophie/isaac_lab/isaac_ws/rl_code/soarm100sim/third_party/orbbec_293_ws/build/orbbec_camera_msgs
