[0.000000] (-) TimerEvent: {}
[0.000093] (orbbec_camera_msgs) JobQueued: {'identifier': 'orbbec_camera_msgs', 'dependencies': OrderedDict()}
[0.000120] (orbbec_description) JobQueued: {'identifier': 'orbbec_description', 'dependencies': OrderedDict()}
[0.000140] (orbbec_camera) JobQueued: {'identifier': 'orbbec_camera', 'dependencies': OrderedDict([('orbbec_camera_msgs', '/home/sophie/isaac_lab/isaac_ws/rl_code/soarm100sim/third_party/orbbec_ws/install_287/orbbec_camera_msgs')])}
[0.000161] (orbbec_camera_msgs) JobStarted: {'identifier': 'orbbec_camera_msgs'}
[0.003425] (orbbec_description) JobStarted: {'identifier': 'orbbec_description'}
[0.005523] (orbbec_camera_msgs) JobProgress: {'identifier': 'orbbec_camera_msgs', 'progress': 'cmake'}
[0.006037] (orbbec_camera_msgs) Command: {'cmd': ['/usr/bin/cmake', '/home/sophie/isaac_lab/isaac_ws/rl_code/soarm100sim/third_party/orbbec_ws/src/OrbbecSDK_ROS2/orbbec_camera_msgs', '-DCMAKE_BUILD_TYPE=Release', '-DINSTALL_UDEV_RULES=OFF', '-DORBBEC_SDK_ROOT=/home/sophie/isaac_lab/isaac_ws/rl_code/soarm100sim/third_party/orbbec_sdk_2_8_7_root/opt/OrbbecSDK_v2.8.7', '-DCMAKE_INSTALL_PREFIX=/home/sophie/isaac_lab/isaac_ws/rl_code/soarm100sim/third_party/orbbec_ws/install_287/orbbec_camera_msgs'], 'cwd': '/home/sophie/isaac_lab/isaac_ws/rl_code/soarm100sim/third_party/orbbec_ws/build_287/orbbec_camera_msgs', 'env': OrderedDict([('USER', 'sophie'), ('SHLVL', '0'), ('LD_LIBRARY_PATH', '/usr/lib/x86_64-linux-gnu/gazebo-11/plugins:/opt/ros/humble/opt/rviz_ogre_vendor/lib:/opt/ros/humble/lib/x86_64-linux-gnu:/opt/ros/humble/lib'), ('HOME', '/home/sophie'), ('ROS_PYTHON_VERSION', '3'), ('ROS_DISTRO', 'humble'), ('_', '/usr/bin/colcon'), ('ROS_VERSION', '2'), ('ROS_LOCALHOST_ONLY', '0'), ('PATH', '/opt/ros/humble/bin:/usr/local/sbin:/usr/local/bin:/usr/sbin:/usr/bin:/sbin:/bin'), ('LANG', 'C.UTF-8'), ('AMENT_PREFIX_PATH', '/opt/ros/humble'), ('PWD', '/home/sophie/isaac_lab/isaac_ws/rl_code/soarm100sim/third_party/orbbec_ws/build_287/orbbec_camera_msgs'), ('PYTHONPATH', '/opt/ros/humble/lib/python3.10/site-packages:/opt/ros/humble/local/lib/python3.10/dist-packages'), ('COLCON', '1'), ('CMAKE_PREFIX_PATH', '/opt/ros/humble')]), 'shell': False}
[0.007183] (orbbec_description) JobProgress: {'identifier': 'orbbec_description', 'progress': 'cmake'}
[0.007405] (orbbec_description) Command: {'cmd': ['/usr/bin/cmake', '/home/sophie/isaac_lab/isaac_ws/rl_code/soarm100sim/third_party/orbbec_ws/src/OrbbecSDK_ROS2/orbbec_description', '-DCMAKE_BUILD_TYPE=Release', '-DINSTALL_UDEV_RULES=OFF', '-DORBBEC_SDK_ROOT=/home/sophie/isaac_lab/isaac_ws/rl_code/soarm100sim/third_party/orbbec_sdk_2_8_7_root/opt/OrbbecSDK_v2.8.7', '-DCMAKE_INSTALL_PREFIX=/home/sophie/isaac_lab/isaac_ws/rl_code/soarm100sim/third_party/orbbec_ws/install_287/orbbec_description'], 'cwd': '/home/sophie/isaac_lab/isaac_ws/rl_code/soarm100sim/third_party/orbbec_ws/build_287/orbbec_description', 'env': OrderedDict([('USER', 'sophie'), ('SHLVL', '0'), ('LD_LIBRARY_PATH', '/usr/lib/x86_64-linux-gnu/gazebo-11/plugins:/opt/ros/humble/opt/rviz_ogre_vendor/lib:/opt/ros/humble/lib/x86_64-linux-gnu:/opt/ros/humble/lib'), ('HOME', '/home/sophie'), ('ROS_PYTHON_VERSION', '3'), ('ROS_DISTRO', 'humble'), ('_', '/usr/bin/colcon'), ('ROS_VERSION', '2'), ('ROS_LOCALHOST_ONLY', '0'), ('PATH', '/opt/ros/humble/bin:/usr/local/sbin:/usr/local/bin:/usr/sbin:/usr/bin:/sbin:/bin'), ('LANG', 'C.UTF-8'), ('AMENT_PREFIX_PATH', '/opt/ros/humble'), ('PWD', '/home/sophie/isaac_lab/isaac_ws/rl_code/soarm100sim/third_party/orbbec_ws/build_287/orbbec_description'), ('PYTHONPATH', '/opt/ros/humble/lib/python3.10/site-packages:/opt/ros/humble/local/lib/python3.10/dist-packages'), ('COLCON', '1'), ('CMAKE_PREFIX_PATH', '/opt/ros/humble')]), 'shell': False}
[0.064113] (orbbec_description) StdoutLine: {'line': b'-- The C compiler identification is GNU 11.4.0\n'}
[0.065693] (orbbec_camera_msgs) StdoutLine: {'line': b'-- The C compiler identification is GNU 11.4.0\n'}
[0.099499] (-) TimerEvent: {}
[0.110290] (orbbec_camera_msgs) StdoutLine: {'line': b'-- The CXX compiler identification is GNU 11.4.0\n'}
[0.111862] (orbbec_description) StdoutLine: {'line': b'-- The CXX compiler identification is GNU 11.4.0\n'}
[0.115331] (orbbec_camera_msgs) StdoutLine: {'line': b'-- Detecting C compiler ABI info\n'}
[0.117252] (orbbec_description) StdoutLine: {'line': b'-- Detecting C compiler ABI info\n'}
[0.190774] (orbbec_camera_msgs) StdoutLine: {'line': b'-- Detecting C compiler ABI info - done\n'}
[0.191271] (orbbec_description) StdoutLine: {'line': b'-- Detecting C compiler ABI info - done\n'}
[0.199657] (-) TimerEvent: {}
[0.200287] (orbbec_camera_msgs) StdoutLine: {'line': b'-- Check for working C compiler: /usr/bin/cc - skipped\n'}
[0.200542] (orbbec_camera_msgs) StdoutLine: {'line': b'-- Detecting C compile features\n'}
[0.201005] (orbbec_camera_msgs) StdoutLine: {'line': b'-- Detecting C compile features - done\n'}
[0.202045] (orbbec_description) StdoutLine: {'line': b'-- Check for working C compiler: /usr/bin/cc - skipped\n'}
[0.202266] (orbbec_description) StdoutLine: {'line': b'-- Detecting C compile features\n'}
[0.202499] (orbbec_description) StdoutLine: {'line': b'-- Detecting C compile features - done\n'}
[0.203724] (orbbec_camera_msgs) StdoutLine: {'line': b'-- Detecting CXX compiler ABI info\n'}
[0.205001] (orbbec_description) StdoutLine: {'line': b'-- Detecting CXX compiler ABI info\n'}
[0.289216] (orbbec_camera_msgs) StdoutLine: {'line': b'-- Detecting CXX compiler ABI info - done\n'}
[0.291029] (orbbec_description) StdoutLine: {'line': b'-- Detecting CXX compiler ABI info - done\n'}
[0.294337] (orbbec_camera_msgs) StdoutLine: {'line': b'-- Check for working CXX compiler: /usr/bin/c++ - skipped\n'}
[0.294469] (orbbec_camera_msgs) StdoutLine: {'line': b'-- Detecting CXX compile features\n'}
[0.294907] (orbbec_camera_msgs) StdoutLine: {'line': b'-- Detecting CXX compile features - done\n'}
[0.296110] (orbbec_description) StdoutLine: {'line': b'-- Check for working CXX compiler: /usr/bin/c++ - skipped\n'}
[0.296184] (orbbec_description) StdoutLine: {'line': b'-- Detecting CXX compile features\n'}
[0.296239] (orbbec_camera_msgs) StdoutLine: {'line': b'-- Found ament_cmake: 1.3.14 (/opt/ros/humble/share/ament_cmake/cmake)\n'}
[0.296444] (orbbec_description) StdoutLine: {'line': b'-- Detecting CXX compile features - done\n'}
[0.297850] (orbbec_description) StdoutLine: {'line': b'-- Found ament_cmake: 1.3.14 (/opt/ros/humble/share/ament_cmake/cmake)\n'}
[0.299707] (-) TimerEvent: {}
[0.399838] (-) TimerEvent: {}
[0.432579] (orbbec_camera_msgs) StdoutLine: {'line': b'-- Found Python3: /usr/bin/python3 (found version "3.10.12") found components: Interpreter \n'}
[0.433558] (orbbec_description) StdoutLine: {'line': b'-- Found Python3: /usr/bin/python3 (found version "3.10.12") found components: Interpreter \n'}
[0.494605] (orbbec_camera_msgs) StdoutLine: {'line': b'-- Found rosidl_default_generators: 1.2.1 (/opt/ros/humble/share/rosidl_default_generators/cmake)\n'}
[0.496334] (orbbec_camera_msgs) StdoutLine: {'line': b'-- Using all available rosidl_typesupport_c: rosidl_typesupport_fastrtps_c;rosidl_typesupport_introspection_c\n'}
[0.499936] (-) TimerEvent: {}
[0.500184] (orbbec_camera_msgs) StdoutLine: {'line': b'-- Found rosidl_adapter: 3.1.8 (/opt/ros/humble/share/rosidl_adapter/cmake)\n'}
[0.525811] (orbbec_camera_msgs) StdoutLine: {'line': b'-- Using all available rosidl_typesupport_cpp: rosidl_typesupport_fastrtps_cpp;rosidl_typesupport_introspection_cpp\n'}
[0.549531] (orbbec_camera_msgs) StdoutLine: {'line': b'-- Found sensor_msgs: 4.9.1 (/opt/ros/humble/share/sensor_msgs/cmake)\n'}
[0.556530] (orbbec_description) StdoutLine: {'line': b'-- Configuring done\n'}
[0.557868] (orbbec_description) StdoutLine: {'line': b'-- Generating done\n'}
[0.558281] (orbbec_description) StderrLine: {'line': b'CMake Warning:\n'}
[0.558340] (orbbec_description) StderrLine: {'line': b'  Manually-specified variables were not used by the project:\n'}
[0.558367] (orbbec_description) StderrLine: {'line': b'\n'}
[0.558394] (orbbec_description) StderrLine: {'line': b'    INSTALL_UDEV_RULES\n'}
[0.558418] (orbbec_description) StderrLine: {'line': b'    ORBBEC_SDK_ROOT\n'}
[0.558444] (orbbec_description) StderrLine: {'line': b'\n'}
[0.558468] (orbbec_description) StderrLine: {'line': b'\n'}
[0.558893] (orbbec_description) StdoutLine: {'line': b'-- Build files have been written to: /home/sophie/isaac_lab/isaac_ws/rl_code/soarm100sim/third_party/orbbec_ws/build_287/orbbec_description\n'}
[0.600054] (-) TimerEvent: {}
[0.700216] (-) TimerEvent: {}
[0.800389] (-) TimerEvent: {}
[0.900574] (-) TimerEvent: {}
[0.915382] (orbbec_camera_msgs) StdoutLine: {'line': b'-- Found ament_cmake_ros: 0.10.0 (/opt/ros/humble/share/ament_cmake_ros/cmake)\n'}
[0.915509] (orbbec_description) CommandEnded: {'returncode': 0}
[0.916159] (orbbec_description) JobProgress: {'identifier': 'orbbec_description', 'progress': 'build'}
[0.916194] (orbbec_description) Command: {'cmd': ['/usr/bin/cmake', '--build', '/home/sophie/isaac_lab/isaac_ws/rl_code/soarm100sim/third_party/orbbec_ws/build_287/orbbec_description', '--', '-j32', '-l32'], 'cwd': '/home/sophie/isaac_lab/isaac_ws/rl_code/soarm100sim/third_party/orbbec_ws/build_287/orbbec_description', 'env': OrderedDict([('USER', 'sophie'), ('SHLVL', '0'), ('LD_LIBRARY_PATH', '/usr/lib/x86_64-linux-gnu/gazebo-11/plugins:/opt/ros/humble/opt/rviz_ogre_vendor/lib:/opt/ros/humble/lib/x86_64-linux-gnu:/opt/ros/humble/lib'), ('HOME', '/home/sophie'), ('ROS_PYTHON_VERSION', '3'), ('ROS_DISTRO', 'humble'), ('_', '/usr/bin/colcon'), ('ROS_VERSION', '2'), ('ROS_LOCALHOST_ONLY', '0'), ('PATH', '/opt/ros/humble/bin:/usr/local/sbin:/usr/local/bin:/usr/sbin:/usr/bin:/sbin:/bin'), ('LANG', 'C.UTF-8'), ('AMENT_PREFIX_PATH', '/opt/ros/humble'), ('PWD', '/home/sophie/isaac_lab/isaac_ws/rl_code/soarm100sim/third_party/orbbec_ws/build_287/orbbec_description'), ('PYTHONPATH', '/opt/ros/humble/lib/python3.10/site-packages:/opt/ros/humble/local/lib/python3.10/dist-packages'), ('COLCON', '1'), ('CMAKE_PREFIX_PATH', '/opt/ros/humble')]), 'shell': False}
[1.000679] (-) TimerEvent: {}
[1.100820] (-) TimerEvent: {}
[1.144192] (orbbec_camera_msgs) StdoutLine: {'line': b'-- Using all available rosidl_typesupport_c: rosidl_typesupport_fastrtps_c;rosidl_typesupport_introspection_c\n'}
[1.144298] (orbbec_description) CommandEnded: {'returncode': 0}
[1.144584] (orbbec_description) JobProgress: {'identifier': 'orbbec_description', 'progress': 'install'}
[1.153157] (orbbec_description) Command: {'cmd': ['/usr/bin/cmake', '--install', '/home/sophie/isaac_lab/isaac_ws/rl_code/soarm100sim/third_party/orbbec_ws/build_287/orbbec_description'], 'cwd': '/home/sophie/isaac_lab/isaac_ws/rl_code/soarm100sim/third_party/orbbec_ws/build_287/orbbec_description', 'env': OrderedDict([('USER', 'sophie'), ('SHLVL', '0'), ('LD_LIBRARY_PATH', '/usr/lib/x86_64-linux-gnu/gazebo-11/plugins:/opt/ros/humble/opt/rviz_ogre_vendor/lib:/opt/ros/humble/lib/x86_64-linux-gnu:/opt/ros/humble/lib'), ('HOME', '/home/sophie'), ('ROS_PYTHON_VERSION', '3'), ('ROS_DISTRO', 'humble'), ('_', '/usr/bin/colcon'), ('ROS_VERSION', '2'), ('ROS_LOCALHOST_ONLY', '0'), ('PATH', '/opt/ros/humble/bin:/usr/local/sbin:/usr/local/bin:/usr/sbin:/usr/bin:/sbin:/bin'), ('LANG', 'C.UTF-8'), ('AMENT_PREFIX_PATH', '/opt/ros/humble'), ('PWD', '/home/sophie/isaac_lab/isaac_ws/rl_code/soarm100sim/third_party/orbbec_ws/build_287/orbbec_description'), ('PYTHONPATH', '/opt/ros/humble/lib/python3.10/site-packages:/opt/ros/humble/local/lib/python3.10/dist-packages'), ('COLCON', '1'), ('CMAKE_PREFIX_PATH', '/opt/ros/humble')]), 'shell': False}
[1.159489] (orbbec_description) StdoutLine: {'line': b'-- Install configuration: "Release"\n'}
[1.159694] (orbbec_description) StdoutLine: {'line': b'-- Installing: /home/sophie/isaac_lab/isaac_ws/rl_code/soarm100sim/third_party/orbbec_ws/install_287/orbbec_description/share/orbbec_description/launch\n'}
[1.159731] (orbbec_description) StdoutLine: {'line': b'-- Installing: /home/sophie/isaac_lab/isaac_ws/rl_code/soarm100sim/third_party/orbbec_ws/install_287/orbbec_description/share/orbbec_description/launch/launch_utils.py\n'}
[1.159761] (orbbec_description) StdoutLine: {'line': b'-- Installing: /home/sophie/isaac_lab/isaac_ws/rl_code/soarm100sim/third_party/orbbec_ws/install_287/orbbec_description/share/orbbec_description/launch/view_model.launch.py\n'}
[1.159815] (orbbec_description) StdoutLine: {'line': b'-- Installing: /home/sophie/isaac_lab/isaac_ws/rl_code/soarm100sim/third_party/orbbec_ws/install_287/orbbec_description/share/orbbec_description/meshes\n'}
[1.159839] (orbbec_description) StdoutLine: {'line': b'-- Installing: /home/sophie/isaac_lab/isaac_ws/rl_code/soarm100sim/third_party/orbbec_ws/install_287/orbbec_description/share/orbbec_description/meshes/astra2\n'}
[1.159866] (orbbec_description) StdoutLine: {'line': b'-- Installing: /home/sophie/isaac_lab/isaac_ws/rl_code/soarm100sim/third_party/orbbec_ws/install_287/orbbec_description/share/orbbec_description/meshes/astra2/camera_bottom_screw_frame.STL\n'}
[1.159890] (orbbec_description) StdoutLine: {'line': b'-- Installing: /home/sophie/isaac_lab/isaac_ws/rl_code/soarm100sim/third_party/orbbec_ws/install_287/orbbec_description/share/orbbec_description/meshes/astra2/camera_depth_optical_frame.STL\n'}
[1.159966] (orbbec_description) StdoutLine: {'line': b'-- Installing: /home/sophie/isaac_lab/isaac_ws/rl_code/soarm100sim/third_party/orbbec_ws/install_287/orbbec_description/share/orbbec_description/meshes/astra2/camera_color_optical_frame.STL\n'}
[1.160226] (orbbec_description) StdoutLine: {'line': b'-- Installing: /home/sophie/isaac_lab/isaac_ws/rl_code/soarm100sim/third_party/orbbec_ws/install_287/orbbec_description/share/orbbec_description/meshes/astra2/base_link.STL\n'}
[1.161757] (orbbec_description) StdoutLine: {'line': b'-- Installing: /home/sophie/isaac_lab/isaac_ws/rl_code/soarm100sim/third_party/orbbec_ws/install_287/orbbec_description/share/orbbec_description/meshes/astra2/camera_colorl_frame.STL\n'}
[1.162032] (orbbec_description) StdoutLine: {'line': b'-- Installing: /home/sophie/isaac_lab/isaac_ws/rl_code/soarm100sim/third_party/orbbec_ws/install_287/orbbec_description/share/orbbec_description/meshes/astra2/camera_infra1_frame.STL\n'}
[1.162246] (orbbec_description) StdoutLine: {'line': b'-- Installing: /home/sophie/isaac_lab/isaac_ws/rl_code/soarm100sim/third_party/orbbec_ws/install_287/orbbec_description/share/orbbec_description/meshes/astra2/camera_depth_frame.STL\n'}
[1.162457] (orbbec_description) StdoutLine: {'line': b'-- Installing: /home/sophie/isaac_lab/isaac_ws/rl_code/soarm100sim/third_party/orbbec_ws/install_287/orbbec_description/share/orbbec_description/meshes/astra2/camera_infra1_optical_frame.STL\n'}
[1.162675] (orbbec_description) StdoutLine: {'line': b'-- Installing: /home/sophie/isaac_lab/isaac_ws/rl_code/soarm100sim/third_party/orbbec_ws/install_287/orbbec_description/share/orbbec_description/meshes/gemini335L_336L\n'}
[1.162732] (orbbec_description) StdoutLine: {'line': b'-- Installing: /home/sophie/isaac_lab/isaac_ws/rl_code/soarm100sim/third_party/orbbec_ws/install_287/orbbec_description/share/orbbec_description/meshes/gemini335L_336L/camera_IMU_frame.STL\n'}
[1.162787] (orbbec_description) StdoutLine: {'line': b'-- Installing: /home/sophie/isaac_lab/isaac_ws/rl_code/soarm100sim/third_party/orbbec_ws/install_287/orbbec_description/share/orbbec_description/meshes/gemini335L_336L/camera_color_screw_frame.STL\n'}
[1.163827] (orbbec_description) StdoutLine: {'line': b'-- Installing: /home/sophie/isaac_lab/isaac_ws/rl_code/soarm100sim/third_party/orbbec_ws/install_287/orbbec_description/share/orbbec_description/meshes/gemini335L_336L/camera_color_optical_frame.STL\n'}
[1.164061] (orbbec_description) StdoutLine: {'line': b'-- Installing: /home/sophie/isaac_lab/isaac_ws/rl_code/soarm100sim/third_party/orbbec_ws/install_287/orbbec_description/share/orbbec_description/meshes/gemini335L_336L/base_link.STL\n'}
[1.167067] (orbbec_description) StdoutLine: {'line': b'-- Installing: /home/sophie/isaac_lab/isaac_ws/rl_code/soarm100sim/third_party/orbbec_ws/install_287/orbbec_description/share/orbbec_description/meshes/gemini335L_336L/camera_infra2_optical_frame.STL\n'}
[1.167262] (orbbec_description) StdoutLine: {'line': b'-- Installing: /home/sophie/isaac_lab/isaac_ws/rl_code/soarm100sim/third_party/orbbec_ws/install_287/orbbec_description/share/orbbec_description/meshes/gemini335L_336L/camera_color_frame.STL\n'}
[1.167482] (orbbec_description) StdoutLine: {'line': b'-- Installing: /home/sophie/isaac_lab/isaac_ws/rl_code/soarm100sim/third_party/orbbec_ws/install_287/orbbec_description/share/orbbec_description/meshes/gemini335L_336L/camera_infra1_frame.STL\n'}
[1.167742] (orbbec_description) StdoutLine: {'line': b'-- Installing: /home/sophie/isaac_lab/isaac_ws/rl_code/soarm100sim/third_party/orbbec_ws/install_287/orbbec_description/share/orbbec_description/meshes/gemini335L_336L/camera_depth_frame.STL\n'}
[1.167947] (orbbec_description) StdoutLine: {'line': b'-- Installing: /home/sophie/isaac_lab/isaac_ws/rl_code/soarm100sim/third_party/orbbec_ws/install_287/orbbec_description/share/orbbec_description/meshes/gemini335L_336L/camera_infra2_frame.STL\n'}
[1.168206] (orbbec_description) StdoutLine: {'line': b'-- Installing: /home/sophie/isaac_lab/isaac_ws/rl_code/soarm100sim/third_party/orbbec_ws/install_287/orbbec_description/share/orbbec_description/meshes/gemini335L_336L/camera_infra1_optical_frame.STL\n'}
[1.168398] (orbbec_description) StdoutLine: {'line': b'-- Installing: /home/sophie/isaac_lab/isaac_ws/rl_code/soarm100sim/third_party/orbbec_ws/install_287/orbbec_description/share/orbbec_description/meshes/femto_bolt\n'}
[1.168464] (orbbec_description) StdoutLine: {'line': b'-- Installing: /home/sophie/isaac_lab/isaac_ws/rl_code/soarm100sim/third_party/orbbec_ws/install_287/orbbec_description/share/orbbec_description/meshes/femto_bolt/femto_bolt.stl\n'}
[1.168838] (orbbec_description) StdoutLine: {'line': b'-- Installing: /home/sophie/isaac_lab/isaac_ws/rl_code/soarm100sim/third_party/orbbec_ws/install_287/orbbec_description/share/orbbec_description/meshes/gemini2l\n'}
[1.168937] (orbbec_description) StdoutLine: {'line': b'-- Installing: /home/sophie/isaac_lab/isaac_ws/rl_code/soarm100sim/third_party/orbbec_ws/install_287/orbbec_description/share/orbbec_description/meshes/gemini2l/camera_imu_frame.STL\n'}
[1.168969] (orbbec_description) StdoutLine: {'line': b'-- Installing: /home/sophie/isaac_lab/isaac_ws/rl_code/soarm100sim/third_party/orbbec_ws/install_287/orbbec_description/share/orbbec_description/meshes/gemini2l/camera_IR1_optical_frame.STL\n'}
[1.169044] (orbbec_description) StdoutLine: {'line': b'-- Installing: /home/sophie/isaac_lab/isaac_ws/rl_code/soarm100sim/third_party/orbbec_ws/install_287/orbbec_description/share/orbbec_description/meshes/gemini2l/camera_bottom_screw_frame.STL\n'}
[1.170371] (orbbec_description) StdoutLine: {'line': b'-- Installing: /home/sophie/isaac_lab/isaac_ws/rl_code/soarm100sim/third_party/orbbec_ws/install_287/orbbec_description/share/orbbec_description/meshes/gemini2l/base_link.STL\n'}
[1.170543] (orbbec_description) StdoutLine: {'line': b'-- Installing: /home/sophie/isaac_lab/isaac_ws/rl_code/soarm100sim/third_party/orbbec_ws/install_287/orbbec_description/share/orbbec_description/meshes/gemini2l/camera_IR2_optical_frame.STL\n'}
[1.170712] (orbbec_description) StdoutLine: {'line': b'-- Installing: /home/sophie/isaac_lab/isaac_ws/rl_code/soarm100sim/third_party/orbbec_ws/install_287/orbbec_description/share/orbbec_description/meshes/gemini2l/camera_IR1_frame.STL\n'}
[1.170909] (orbbec_description) StdoutLine: {'line': b'-- Installing: /home/sophie/isaac_lab/isaac_ws/rl_code/soarm100sim/third_party/orbbec_ws/install_287/orbbec_description/share/orbbec_description/meshes/gemini2l/camera_color_frame.STL\n'}
[1.171023] (orbbec_description) StdoutLine: {'line': b'-- Installing: /home/sophie/isaac_lab/isaac_ws/rl_code/soarm100sim/third_party/orbbec_ws/install_287/orbbec_description/share/orbbec_description/meshes/gemini2l/camera_rgb_optical_frame.STL\n'}
[1.171141] (orbbec_description) StdoutLine: {'line': b'-- Installing: /home/sophie/isaac_lab/isaac_ws/rl_code/soarm100sim/third_party/orbbec_ws/install_287/orbbec_description/share/orbbec_description/meshes/gemini2l/camera_depth_frame.STL\n'}
[1.171368] (orbbec_description) StdoutLine: {'line': b'-- Installing: /home/sophie/isaac_lab/isaac_ws/rl_code/soarm100sim/third_party/orbbec_ws/install_287/orbbec_description/share/orbbec_description/meshes/gemini2l/camera_IR2_frame.STL\n'}
[1.171450] (orbbec_description) StdoutLine: {'line': b'-- Installing: /home/sophie/isaac_lab/isaac_ws/rl_code/soarm100sim/third_party/orbbec_ws/install_287/orbbec_description/share/orbbec_description/meshes/gemini335_336\n'}
[1.171509] (orbbec_description) StdoutLine: {'line': b'-- Installing: /home/sophie/isaac_lab/isaac_ws/rl_code/soarm100sim/third_party/orbbec_ws/install_287/orbbec_description/share/orbbec_description/meshes/gemini335_336/camera_left_ir_optical_frame.STL\n'}
[1.171718] (orbbec_description) StdoutLine: {'line': b'-- Installing: /home/sophie/isaac_lab/isaac_ws/rl_code/soarm100sim/third_party/orbbec_ws/install_287/orbbec_description/share/orbbec_description/meshes/gemini335_336/camera_bottom_screw_frame.STL\n'}
[1.172439] (orbbec_description) StdoutLine: {'line': b'-- Installing: /home/sophie/isaac_lab/isaac_ws/rl_code/soarm100sim/third_party/orbbec_ws/install_287/orbbec_description/share/orbbec_description/meshes/gemini335_336/camera_right_ir_optical_frame.STL\n'}
[1.172614] (orbbec_description) StdoutLine: {'line': b'-- Installing: /home/sophie/isaac_lab/isaac_ws/rl_code/soarm100sim/third_party/orbbec_ws/install_287/orbbec_description/share/orbbec_description/meshes/gemini335_336/camera_depth_optical_frame.STL\n'}
[1.172837] (orbbec_description) StdoutLine: {'line': b'-- Installing: /home/sophie/isaac_lab/isaac_ws/rl_code/soarm100sim/third_party/orbbec_ws/install_287/orbbec_description/share/orbbec_description/meshes/gemini335_336/camera_left_ir_frame.STL\n'}
[1.173058] (orbbec_description) StdoutLine: {'line': b'-- Installing: /home/sophie/isaac_lab/isaac_ws/rl_code/soarm100sim/third_party/orbbec_ws/install_287/orbbec_description/share/orbbec_description/meshes/gemini335_336/camera_color_optical_frame.STL\n'}
[1.173288] (orbbec_description) StdoutLine: {'line': b'-- Installing: /home/sophie/isaac_lab/isaac_ws/rl_code/soarm100sim/third_party/orbbec_ws/install_287/orbbec_description/share/orbbec_description/meshes/gemini335_336/camera_link.STL\n'}
[1.174638] (orbbec_description) StdoutLine: {'line': b'-- Installing: /home/sophie/isaac_lab/isaac_ws/rl_code/soarm100sim/third_party/orbbec_ws/install_287/orbbec_description/share/orbbec_description/meshes/gemini335_336/camera_color_frame.STL\n'}
[1.174865] (orbbec_description) StdoutLine: {'line': b'-- Installing: /home/sophie/isaac_lab/isaac_ws/rl_code/soarm100sim/third_party/orbbec_ws/install_287/orbbec_description/share/orbbec_description/meshes/gemini335_336/camera_right_ir_frame.STL\n'}
[1.175089] (orbbec_description) StdoutLine: {'line': b'-- Installing: /home/sophie/isaac_lab/isaac_ws/rl_code/soarm100sim/third_party/orbbec_ws/install_287/orbbec_description/share/orbbec_description/meshes/gemini335_336/camera_depth_frame.STL\n'}
[1.175310] (orbbec_description) StdoutLine: {'line': b'-- Installing: /home/sophie/isaac_lab/isaac_ws/rl_code/soarm100sim/third_party/orbbec_ws/install_287/orbbec_description/share/orbbec_description/meshes/AstraPlus.stl\n'}
[1.192890] (orbbec_description) StdoutLine: {'line': b'-- Installing: /home/sophie/isaac_lab/isaac_ws/rl_code/soarm100sim/third_party/orbbec_ws/install_287/orbbec_description/share/orbbec_description/meshes/gemini2\n'}
[1.193031] (orbbec_description) StdoutLine: {'line': b'-- Installing: /home/sophie/isaac_lab/isaac_ws/rl_code/soarm100sim/third_party/orbbec_ws/install_287/orbbec_description/share/orbbec_description/meshes/gemini2/camera_botter_screw_frame.STL\n'}
[1.193527] (orbbec_description) StdoutLine: {'line': b'-- Installing: /home/sophie/isaac_lab/isaac_ws/rl_code/soarm100sim/third_party/orbbec_ws/install_287/orbbec_description/share/orbbec_description/meshes/gemini2/camera_color_optical_frame.STL\n'}
[1.193770] (orbbec_description) StdoutLine: {'line': b'-- Installing: /home/sophie/isaac_lab/isaac_ws/rl_code/soarm100sim/third_party/orbbec_ws/install_287/orbbec_description/share/orbbec_description/meshes/gemini2/base_link.STL\n'}
[1.195103] (orbbec_description) StdoutLine: {'line': b'-- Installing: /home/sophie/isaac_lab/isaac_ws/rl_code/soarm100sim/third_party/orbbec_ws/install_287/orbbec_description/share/orbbec_description/meshes/gemini2/camera_infra2_optical_frame.STL\n'}
[1.195268] (orbbec_description) StdoutLine: {'line': b'-- Installing: /home/sophie/isaac_lab/isaac_ws/rl_code/soarm100sim/third_party/orbbec_ws/install_287/orbbec_description/share/orbbec_description/meshes/gemini2/camera_color_frame.STL\n'}
[1.195415] (orbbec_description) StdoutLine: {'line': b'-- Installing: /home/sophie/isaac_lab/isaac_ws/rl_code/soarm100sim/third_party/orbbec_ws/install_287/orbbec_description/share/orbbec_description/meshes/gemini2/camera_infra1_frame.STL\n'}
[1.195693] (orbbec_description) StdoutLine: {'line': b'-- Installing: /home/sophie/isaac_lab/isaac_ws/rl_code/soarm100sim/third_party/orbbec_ws/install_287/orbbec_description/share/orbbec_description/meshes/gemini2/camera_depth_frame.STL\n'}
[1.195927] (orbbec_description) StdoutLine: {'line': b'-- Installing: /home/sophie/isaac_lab/isaac_ws/rl_code/soarm100sim/third_party/orbbec_ws/install_287/orbbec_description/share/orbbec_description/meshes/gemini2/camera_infra2_frame.STL\n'}
[1.196123] (orbbec_description) StdoutLine: {'line': b'-- Installing: /home/sophie/isaac_lab/isaac_ws/rl_code/soarm100sim/third_party/orbbec_ws/install_287/orbbec_description/share/orbbec_description/meshes/gemini2/camera_infra1_optical_frame.STL\n'}
[1.196387] (orbbec_description) StdoutLine: {'line': b'-- Installing: /home/sophie/isaac_lab/isaac_ws/rl_code/soarm100sim/third_party/orbbec_ws/install_287/orbbec_description/share/orbbec_description/meshes/gemini335Le\n'}
[1.196454] (orbbec_description) StdoutLine: {'line': b'-- Installing: /home/sophie/isaac_lab/isaac_ws/rl_code/soarm100sim/third_party/orbbec_ws/install_287/orbbec_description/share/orbbec_description/meshes/gemini335Le/base_Link.STL\n'}
[1.198118] (orbbec_description) StdoutLine: {'line': b'-- Installing: /home/sophie/isaac_lab/isaac_ws/rl_code/soarm100sim/third_party/orbbec_ws/install_287/orbbec_description/share/orbbec_description/meshes/gemini335Le/canera_left_IR_ROS_frame.STL\n'}
[1.198277] (orbbec_description) StdoutLine: {'line': b'-- Installing: /home/sophie/isaac_lab/isaac_ws/rl_code/soarm100sim/third_party/orbbec_ws/install_287/orbbec_description/share/orbbec_description/meshes/gemini335Le/camera_botton_screw_frame.STL\n'}
[1.200301] (orbbec_description) StdoutLine: {'line': b'-- Installing: /home/sophie/isaac_lab/isaac_ws/rl_code/soarm100sim/third_party/orbbec_ws/install_287/orbbec_description/share/orbbec_description/meshes/gemini335Le/canera_IMU_ROS_frame.STL\n'}
[1.200744] (orbbec_description) StdoutLine: {'line': b'-- Installing: /home/sophie/isaac_lab/isaac_ws/rl_code/soarm100sim/third_party/orbbec_ws/install_287/orbbec_description/share/orbbec_description/meshes/gemini335Le/canera_right_IR_ROS_frame.STL\n'}
[1.200873] (-) TimerEvent: {}
[1.200941] (orbbec_description) StdoutLine: {'line': b'-- Installing: /home/sophie/isaac_lab/isaac_ws/rl_code/soarm100sim/third_party/orbbec_ws/install_287/orbbec_description/share/orbbec_description/meshes/gemini335Le/canera_RGB_ROS_frame.STL\n'}
[1.201140] (orbbec_description) StdoutLine: {'line': b'-- Installing: /home/sophie/isaac_lab/isaac_ws/rl_code/soarm100sim/third_party/orbbec_ws/install_287/orbbec_description/share/orbbec_description/meshes/gemini335Lg\n'}
[1.201229] (orbbec_description) StdoutLine: {'line': b'-- Installing: /home/sophie/isaac_lab/isaac_ws/rl_code/soarm100sim/third_party/orbbec_ws/install_287/orbbec_description/share/orbbec_description/meshes/gemini335Lg/camera_bottom_screw_frame.STL\n'}
[1.202193] (orbbec_description) StdoutLine: {'line': b'-- Installing: /home/sophie/isaac_lab/isaac_ws/rl_code/soarm100sim/third_party/orbbec_ws/install_287/orbbec_description/share/orbbec_description/meshes/gemini335Lg/camera_IMU_frame.STL\n'}
[1.202284] (orbbec_description) StdoutLine: {'line': b'-- Installing: /home/sophie/isaac_lab/isaac_ws/rl_code/soarm100sim/third_party/orbbec_ws/install_287/orbbec_description/share/orbbec_description/meshes/gemini335Lg/camera_color_optical_frame.STL\n'}
[1.202380] (orbbec_description) StdoutLine: {'line': b'-- Installing: /home/sophie/isaac_lab/isaac_ws/rl_code/soarm100sim/third_party/orbbec_ws/install_287/orbbec_description/share/orbbec_description/meshes/gemini335Lg/base_link.STL\n'}
[1.204483] (orbbec_description) StdoutLine: {'line': b'-- Installing: /home/sophie/isaac_lab/isaac_ws/rl_code/soarm100sim/third_party/orbbec_ws/install_287/orbbec_description/share/orbbec_description/meshes/gemini335Lg/camera_infra2_optical_frame.STL\n'}
[1.204617] (orbbec_description) StdoutLine: {'line': b'-- Installing: /home/sophie/isaac_lab/isaac_ws/rl_code/soarm100sim/third_party/orbbec_ws/install_287/orbbec_description/share/orbbec_description/meshes/gemini335Lg/camera_color_frame.STL\n'}
[1.204828] (orbbec_description) StdoutLine: {'line': b'-- Installing: /home/sophie/isaac_lab/isaac_ws/rl_code/soarm100sim/third_party/orbbec_ws/install_287/orbbec_description/share/orbbec_description/meshes/gemini335Lg/camera_infra1_frame.STL\n'}
[1.205032] (orbbec_description) StdoutLine: {'line': b'-- Installing: /home/sophie/isaac_lab/isaac_ws/rl_code/soarm100sim/third_party/orbbec_ws/install_287/orbbec_description/share/orbbec_description/meshes/gemini335Lg/camera_depth_frame.STL\n'}
[1.205234] (orbbec_description) StdoutLine: {'line': b'-- Installing: /home/sophie/isaac_lab/isaac_ws/rl_code/soarm100sim/third_party/orbbec_ws/install_287/orbbec_description/share/orbbec_description/meshes/gemini335Lg/camera_infra2_frame.STL\n'}
[1.205441] (orbbec_description) StdoutLine: {'line': b'-- Installing: /home/sophie/isaac_lab/isaac_ws/rl_code/soarm100sim/third_party/orbbec_ws/install_287/orbbec_description/share/orbbec_description/meshes/gemini335Lg/camera_infra1_optical_frame.STL\n'}
[1.205654] (orbbec_description) StdoutLine: {'line': b'-- Installing: /home/sophie/isaac_lab/isaac_ws/rl_code/soarm100sim/third_party/orbbec_ws/install_287/orbbec_description/share/orbbec_description/urdf\n'}
[1.205797] (orbbec_description) StdoutLine: {'line': b'-- Installing: /home/sophie/isaac_lab/isaac_ws/rl_code/soarm100sim/third_party/orbbec_ws/install_287/orbbec_description/share/orbbec_description/urdf/test_femto_bolt.urdf.xacro\n'}
[1.205889] (orbbec_description) StdoutLine: {'line': b'-- Installing: /home/sophie/isaac_lab/isaac_ws/rl_code/soarm100sim/third_party/orbbec_ws/install_287/orbbec_description/share/orbbec_description/urdf/test_gemini_335.urdf.xacro\n'}
[1.206097] (orbbec_description) StdoutLine: {'line': b'-- Installing: /home/sophie/isaac_lab/isaac_ws/rl_code/soarm100sim/third_party/orbbec_ws/install_287/orbbec_description/share/orbbec_description/urdf/gemini335Lg.urdf.xacro\n'}
[1.206143] (orbbec_description) StdoutLine: {'line': b'-- Installing: /home/sophie/isaac_lab/isaac_ws/rl_code/soarm100sim/third_party/orbbec_ws/install_287/orbbec_description/share/orbbec_description/urdf/test_gemini335L.urdf.xacro\n'}
[1.206174] (orbbec_description) StdoutLine: {'line': b'-- Installing: /home/sophie/isaac_lab/isaac_ws/rl_code/soarm100sim/third_party/orbbec_ws/install_287/orbbec_description/share/orbbec_description/urdf/test_gemini2.urdf.xacro\n'}
[1.206202] (orbbec_description) StdoutLine: {'line': b'-- Installing: /home/sophie/isaac_lab/isaac_ws/rl_code/soarm100sim/third_party/orbbec_ws/install_287/orbbec_description/share/orbbec_description/urdf/gemini335L_336L.urdf.xacro\n'}
[1.206278] (orbbec_description) StdoutLine: {'line': b'-- Installing: /home/sophie/isaac_lab/isaac_ws/rl_code/soarm100sim/third_party/orbbec_ws/install_287/orbbec_description/share/orbbec_description/urdf/test_gemini335Lg.urdf.xacro\n'}
[1.206329] (orbbec_description) StdoutLine: {'line': b'-- Installing: /home/sophie/isaac_lab/isaac_ws/rl_code/soarm100sim/third_party/orbbec_ws/install_287/orbbec_description/share/orbbec_description/urdf/test_gemini2L.urdf.xacro\n'}
[1.206357] (orbbec_description) StdoutLine: {'line': b'-- Installing: /home/sophie/isaac_lab/isaac_ws/rl_code/soarm100sim/third_party/orbbec_ws/install_287/orbbec_description/share/orbbec_description/urdf/gemini_335_336.urdf.xacro\n'}
[1.206409] (orbbec_description) StdoutLine: {'line': b'-- Installing: /home/sophie/isaac_lab/isaac_ws/rl_code/soarm100sim/third_party/orbbec_ws/install_287/orbbec_description/share/orbbec_description/urdf/gemini335Le.urdf.xacro\n'}
[1.206436] (orbbec_description) StdoutLine: {'line': b'-- Installing: /home/sophie/isaac_lab/isaac_ws/rl_code/soarm100sim/third_party/orbbec_ws/install_287/orbbec_description/share/orbbec_description/urdf/test_gemini336L.urdf.xacro\n'}
[1.206462] (orbbec_description) StdoutLine: {'line': b'-- Installing: /home/sophie/isaac_lab/isaac_ws/rl_code/soarm100sim/third_party/orbbec_ws/install_287/orbbec_description/share/orbbec_description/urdf/gemini2L.urdf.xacro\n'}
[1.206515] (orbbec_description) StdoutLine: {'line': b'-- Installing: /home/sophie/isaac_lab/isaac_ws/rl_code/soarm100sim/third_party/orbbec_ws/install_287/orbbec_description/share/orbbec_description/urdf/test_gemini_336.urdf.xacro\n'}
[1.206539] (orbbec_description) StdoutLine: {'line': b'-- Installing: /home/sophie/isaac_lab/isaac_ws/rl_code/soarm100sim/third_party/orbbec_ws/install_287/orbbec_description/share/orbbec_description/urdf/gemini2.urdf.xacro\n'}
[1.206572] (orbbec_description) StdoutLine: {'line': b'-- Installing: /home/sophie/isaac_lab/isaac_ws/rl_code/soarm100sim/third_party/orbbec_ws/install_287/orbbec_description/share/orbbec_description/urdf/femto_bolt.urdf.xacro\n'}
[1.206623] (orbbec_description) StdoutLine: {'line': b'-- Installing: /home/sophie/isaac_lab/isaac_ws/rl_code/soarm100sim/third_party/orbbec_ws/install_287/orbbec_description/share/orbbec_description/urdf/astra2.urdf.xacro\n'}
[1.206646] (orbbec_description) StdoutLine: {'line': b'-- Installing: /home/sophie/isaac_lab/isaac_ws/rl_code/soarm100sim/third_party/orbbec_ws/install_287/orbbec_description/share/orbbec_description/urdf/test_gemini335Le.urdf.xacro\n'}
[1.206671] (orbbec_description) StdoutLine: {'line': b'-- Installing: /home/sophie/isaac_lab/isaac_ws/rl_code/soarm100sim/third_party/orbbec_ws/install_287/orbbec_description/share/orbbec_description/urdf/test_astra2.urdf.xacro\n'}
[1.206696] (orbbec_description) StdoutLine: {'line': b'-- Installing: /home/sophie/isaac_lab/isaac_ws/rl_code/soarm100sim/third_party/orbbec_ws/install_287/orbbec_description/share/orbbec_description/rviz\n'}
[1.206721] (orbbec_description) StdoutLine: {'line': b'-- Installing: /home/sophie/isaac_lab/isaac_ws/rl_code/soarm100sim/third_party/orbbec_ws/install_287/orbbec_description/share/orbbec_description/rviz/urdf.rviz\n'}
[1.206746] (orbbec_description) StdoutLine: {'line': b'-- Installing: /home/sophie/isaac_lab/isaac_ws/rl_code/soarm100sim/third_party/orbbec_ws/install_287/orbbec_description/share/ament_index/resource_index/package_run_dependencies/orbbec_description\n'}
[1.206819] (orbbec_description) StdoutLine: {'line': b'-- Installing: /home/sophie/isaac_lab/isaac_ws/rl_code/soarm100sim/third_party/orbbec_ws/install_287/orbbec_description/share/ament_index/resource_index/parent_prefix_path/orbbec_description\n'}
[1.206848] (orbbec_description) StdoutLine: {'line': b'-- Installing: /home/sophie/isaac_lab/isaac_ws/rl_code/soarm100sim/third_party/orbbec_ws/install_287/orbbec_description/share/orbbec_description/environment/ament_prefix_path.sh\n'}
[1.206875] (orbbec_description) StdoutLine: {'line': b'-- Installing: /home/sophie/isaac_lab/isaac_ws/rl_code/soarm100sim/third_party/orbbec_ws/install_287/orbbec_description/share/orbbec_description/environment/ament_prefix_path.dsv\n'}
[1.206932] (orbbec_description) StdoutLine: {'line': b'-- Installing: /home/sophie/isaac_lab/isaac_ws/rl_code/soarm100sim/third_party/orbbec_ws/install_287/orbbec_description/share/orbbec_description/environment/path.sh\n'}
[1.206960] (orbbec_description) StdoutLine: {'line': b'-- Installing: /home/sophie/isaac_lab/isaac_ws/rl_code/soarm100sim/third_party/orbbec_ws/install_287/orbbec_description/share/orbbec_description/environment/path.dsv\n'}
[1.207016] (orbbec_description) StdoutLine: {'line': b'-- Installing: /home/sophie/isaac_lab/isaac_ws/rl_code/soarm100sim/third_party/orbbec_ws/install_287/orbbec_description/share/orbbec_description/local_setup.bash\n'}
[1.207043] (orbbec_description) StdoutLine: {'line': b'-- Installing: /home/sophie/isaac_lab/isaac_ws/rl_code/soarm100sim/third_party/orbbec_ws/install_287/orbbec_description/share/orbbec_description/local_setup.sh\n'}
[1.207114] (orbbec_description) StdoutLine: {'line': b'-- Installing: /home/sophie/isaac_lab/isaac_ws/rl_code/soarm100sim/third_party/orbbec_ws/install_287/orbbec_description/share/orbbec_description/local_setup.zsh\n'}
[1.207139] (orbbec_description) StdoutLine: {'line': b'-- Installing: /home/sophie/isaac_lab/isaac_ws/rl_code/soarm100sim/third_party/orbbec_ws/install_287/orbbec_description/share/orbbec_description/local_setup.dsv\n'}
[1.207189] (orbbec_description) StdoutLine: {'line': b'-- Installing: /home/sophie/isaac_lab/isaac_ws/rl_code/soarm100sim/third_party/orbbec_ws/install_287/orbbec_description/share/orbbec_description/package.dsv\n'}
[1.207239] (orbbec_description) StdoutLine: {'line': b'-- Installing: /home/sophie/isaac_lab/isaac_ws/rl_code/soarm100sim/third_party/orbbec_ws/install_287/orbbec_description/share/ament_index/resource_index/packages/orbbec_description\n'}
[1.207296] (orbbec_description) StdoutLine: {'line': b'-- Installing: /home/sophie/isaac_lab/isaac_ws/rl_code/soarm100sim/third_party/orbbec_ws/install_287/orbbec_description/share/orbbec_description/cmake/orbbec_descriptionConfig.cmake\n'}
[1.207349] (orbbec_description) StdoutLine: {'line': b'-- Installing: /home/sophie/isaac_lab/isaac_ws/rl_code/soarm100sim/third_party/orbbec_ws/install_287/orbbec_description/share/orbbec_description/cmake/orbbec_descriptionConfig-version.cmake\n'}
[1.207400] (orbbec_description) StdoutLine: {'line': b'-- Installing: /home/sophie/isaac_lab/isaac_ws/rl_code/soarm100sim/third_party/orbbec_ws/install_287/orbbec_description/share/orbbec_description/package.xml\n'}
[1.300980] (-) TimerEvent: {}
[1.401230] (-) TimerEvent: {}
[1.489136] (orbbec_camera_msgs) StdoutLine: {'line': b'-- Using all available rosidl_typesupport_cpp: rosidl_typesupport_fastrtps_cpp;rosidl_typesupport_introspection_cpp\n'}
[1.489251] (orbbec_description) CommandEnded: {'returncode': 0}
[1.499452] (orbbec_description) JobEnded: {'identifier': 'orbbec_description', 'rc': 0}
[1.501383] (-) TimerEvent: {}
[1.518757] (orbbec_camera_msgs) StdoutLine: {'line': b'-- Found PythonInterp: /usr/bin/python3 (found suitable version "3.10.12", minimum required is "3.6") \n'}
[1.519595] (orbbec_camera_msgs) StdoutLine: {'line': b'-- Found python_cmake_module: 0.10.0 (/opt/ros/humble/share/python_cmake_module/cmake)\n'}
[1.542248] (orbbec_camera_msgs) StdoutLine: {'line': b'-- Found PythonLibs: /usr/lib/x86_64-linux-gnu/libpython3.10.so (found suitable version "3.10.12", minimum required is "3.5") \n'}
[1.542330] (orbbec_camera_msgs) StdoutLine: {'line': b'-- Using PYTHON_EXECUTABLE: /usr/bin/python3\n'}
[1.542361] (orbbec_camera_msgs) StdoutLine: {'line': b'-- Using PYTHON_INCLUDE_DIRS: /usr/include/python3.10\n'}
[1.542386] (orbbec_camera_msgs) StdoutLine: {'line': b'-- Using PYTHON_LIBRARIES: /usr/lib/x86_64-linux-gnu/libpython3.10.so\n'}
[1.566794] (orbbec_camera_msgs) StdoutLine: {'line': b'-- Found PythonExtra: .so  \n'}
[1.601479] (-) TimerEvent: {}
[1.701613] (-) TimerEvent: {}
[1.706440] (orbbec_camera_msgs) StdoutLine: {'line': b'-- Found ament_lint_auto: 0.12.15 (/opt/ros/humble/share/ament_lint_auto/cmake)\n'}
[1.723409] (orbbec_camera_msgs) StdoutLine: {'line': b"-- Added test 'copyright' to check source files copyright and LICENSE\n"}
[1.726098] (orbbec_camera_msgs) StdoutLine: {'line': b"-- Added test 'lint_cmake' to check CMake code style\n"}
[1.727418] (orbbec_camera_msgs) StdoutLine: {'line': b"-- Added test 'xmllint' to check XML markup files\n"}
[1.729100] (orbbec_camera_msgs) StdoutLine: {'line': b'-- Configuring done\n'}
[1.777501] (orbbec_camera_msgs) StdoutLine: {'line': b'-- Generating done\n'}
[1.778797] (orbbec_camera_msgs) StderrLine: {'line': b'CMake Warning:\n'}
[1.778897] (orbbec_camera_msgs) StderrLine: {'line': b'  Manually-specified variables were not used by the project:\n'}
[1.778942] (orbbec_camera_msgs) StderrLine: {'line': b'\n'}
[1.778980] (orbbec_camera_msgs) StderrLine: {'line': b'    INSTALL_UDEV_RULES\n'}
[1.779017] (orbbec_camera_msgs) StderrLine: {'line': b'    ORBBEC_SDK_ROOT\n'}
[1.779052] (orbbec_camera_msgs) StderrLine: {'line': b'\n'}
[1.779087] (orbbec_camera_msgs) StderrLine: {'line': b'\n'}
[1.787846] (orbbec_camera_msgs) StdoutLine: {'line': b'-- Build files have been written to: /home/sophie/isaac_lab/isaac_ws/rl_code/soarm100sim/third_party/orbbec_ws/build_287/orbbec_camera_msgs\n'}
[1.801719] (-) TimerEvent: {}
[1.901972] (-) TimerEvent: {}
[2.002338] (-) TimerEvent: {}
[2.102566] (-) TimerEvent: {}
[2.202803] (-) TimerEvent: {}
[2.303121] (-) TimerEvent: {}
[2.403391] (-) TimerEvent: {}
[2.503660] (-) TimerEvent: {}
[2.603945] (-) TimerEvent: {}
[2.704270] (-) TimerEvent: {}
[2.804497] (-) TimerEvent: {}
[2.904714] (-) TimerEvent: {}
[3.004948] (-) TimerEvent: {}
[3.105184] (-) TimerEvent: {}
[3.205383] (-) TimerEvent: {}
[3.305594] (-) TimerEvent: {}
[3.405804] (-) TimerEvent: {}
[3.506053] (-) TimerEvent: {}
[3.606308] (-) TimerEvent: {}
[3.706616] (-) TimerEvent: {}
[3.806858] (-) TimerEvent: {}
[3.907102] (-) TimerEvent: {}
[4.007353] (-) TimerEvent: {}
[4.107534] (-) TimerEvent: {}
[4.207711] (-) TimerEvent: {}
[4.307926] (-) TimerEvent: {}
[4.408164] (-) TimerEvent: {}
[4.508442] (-) TimerEvent: {}
[4.608687] (-) TimerEvent: {}
[4.708908] (-) TimerEvent: {}
[4.809139] (-) TimerEvent: {}
[4.909434] (-) TimerEvent: {}
[5.009674] (-) TimerEvent: {}
[5.110000] (-) TimerEvent: {}
[5.210216] (-) TimerEvent: {}
[5.310570] (-) TimerEvent: {}
[5.410819] (-) TimerEvent: {}
[5.511076] (-) TimerEvent: {}
[5.611307] (-) TimerEvent: {}
[5.711576] (-) TimerEvent: {}
[5.811797] (-) TimerEvent: {}
[5.912038] (-) TimerEvent: {}
[6.012305] (-) TimerEvent: {}
[6.112643] (-) TimerEvent: {}
[6.212903] (-) TimerEvent: {}
[6.313219] (-) TimerEvent: {}
[6.413471] (-) TimerEvent: {}
[6.513758] (-) TimerEvent: {}
[6.613978] (-) TimerEvent: {}
[6.714231] (-) TimerEvent: {}
[6.814517] (-) TimerEvent: {}
[6.914735] (-) TimerEvent: {}
[7.014947] (-) TimerEvent: {}
[7.115139] (-) TimerEvent: {}
[7.215343] (-) TimerEvent: {}
[7.315633] (-) TimerEvent: {}
[7.415886] (-) TimerEvent: {}
[7.516137] (-) TimerEvent: {}
[7.616385] (-) TimerEvent: {}
[7.716712] (-) TimerEvent: {}
[7.816932] (-) TimerEvent: {}
[7.917203] (-) TimerEvent: {}
[8.017459] (-) TimerEvent: {}
[8.117704] (-) TimerEvent: {}
[8.217973] (-) TimerEvent: {}
[8.318268] (-) TimerEvent: {}
[8.418492] (-) TimerEvent: {}
[8.518727] (-) TimerEvent: {}
[8.618977] (-) TimerEvent: {}
[8.719266] (-) TimerEvent: {}
[8.819502] (-) TimerEvent: {}
[8.919746] (-) TimerEvent: {}
[9.020015] (-) TimerEvent: {}
[9.120302] (-) TimerEvent: {}
[9.220534] (-) TimerEvent: {}
[9.320757] (-) TimerEvent: {}
[9.420968] (-) TimerEvent: {}
[9.521153] (-) TimerEvent: {}
[9.621369] (-) TimerEvent: {}
[9.721624] (-) TimerEvent: {}
[9.821862] (-) TimerEvent: {}
[9.922114] (-) TimerEvent: {}
[10.022372] (-) TimerEvent: {}
[10.122598] (-) TimerEvent: {}
[10.222796] (-) TimerEvent: {}
[10.323036] (-) TimerEvent: {}
[10.423280] (-) TimerEvent: {}
[10.523552] (-) TimerEvent: {}
[10.623751] (-) TimerEvent: {}
[10.724014] (-) TimerEvent: {}
[10.824292] (-) TimerEvent: {}
[10.924597] (-) TimerEvent: {}
[11.024833] (-) TimerEvent: {}
[11.125094] (-) TimerEvent: {}
[11.225362] (-) TimerEvent: {}
[11.325657] (-) TimerEvent: {}
[11.425879] (-) TimerEvent: {}
[11.526080] (-) TimerEvent: {}
[11.626313] (-) TimerEvent: {}
[11.726545] (-) TimerEvent: {}
[11.826788] (-) TimerEvent: {}
[11.927028] (-) TimerEvent: {}
[12.027266] (-) TimerEvent: {}
[12.127462] (-) TimerEvent: {}
[12.227648] (-) TimerEvent: {}
[12.327908] (-) TimerEvent: {}
[12.428248] (-) TimerEvent: {}
[12.528529] (-) TimerEvent: {}
[12.628773] (-) TimerEvent: {}
[12.729019] (-) TimerEvent: {}
[12.829357] (-) TimerEvent: {}
[12.929622] (-) TimerEvent: {}
[13.029923] (-) TimerEvent: {}
[13.130224] (-) TimerEvent: {}
[13.230513] (-) TimerEvent: {}
[13.330773] (-) TimerEvent: {}
[13.431001] (-) TimerEvent: {}
[13.531243] (-) TimerEvent: {}
[13.631527] (-) TimerEvent: {}
[13.731780] (-) TimerEvent: {}
[13.832007] (-) TimerEvent: {}
[13.932240] (-) TimerEvent: {}
[14.032496] (-) TimerEvent: {}
[14.132707] (-) TimerEvent: {}
[14.232942] (-) TimerEvent: {}
[14.333203] (-) TimerEvent: {}
[14.433428] (-) TimerEvent: {}
[14.533652] (-) TimerEvent: {}
[14.634102] (-) TimerEvent: {}
[14.734382] (-) TimerEvent: {}
[14.834646] (-) TimerEvent: {}
[14.934867] (-) TimerEvent: {}
[15.035082] (-) TimerEvent: {}
[15.135318] (-) TimerEvent: {}
[15.235521] (-) TimerEvent: {}
[15.335760] (-) TimerEvent: {}
[15.436035] (-) TimerEvent: {}
[15.536311] (-) TimerEvent: {}
[15.636669] (-) TimerEvent: {}
[15.736961] (-) TimerEvent: {}
[15.837235] (-) TimerEvent: {}
[15.937505] (-) TimerEvent: {}
[16.037726] (-) TimerEvent: {}
[16.137958] (-) TimerEvent: {}
[16.238210] (-) TimerEvent: {}
[16.338460] (-) TimerEvent: {}
[16.438723] (-) TimerEvent: {}
[16.538903] (-) TimerEvent: {}
[16.639139] (-) TimerEvent: {}
[16.739444] (-) TimerEvent: {}
[16.839734] (-) TimerEvent: {}
[16.939984] (-) TimerEvent: {}
[17.040326] (-) TimerEvent: {}
[17.140668] (-) TimerEvent: {}
[17.240908] (-) TimerEvent: {}
[17.341107] (-) TimerEvent: {}
[17.441302] (-) TimerEvent: {}
[17.541510] (-) TimerEvent: {}
[17.641740] (-) TimerEvent: {}
[17.741985] (-) TimerEvent: {}
[17.842211] (-) TimerEvent: {}
[17.942485] (-) TimerEvent: {}
[18.042808] (-) TimerEvent: {}
[18.143081] (-) TimerEvent: {}
[18.243315] (-) TimerEvent: {}
[18.343537] (-) TimerEvent: {}
[18.443774] (-) TimerEvent: {}
[18.544007] (-) TimerEvent: {}
[18.644248] (-) TimerEvent: {}
[18.744564] (-) TimerEvent: {}
[18.844804] (-) TimerEvent: {}
[18.945050] (-) TimerEvent: {}
[19.045275] (-) TimerEvent: {}
[19.145500] (-) TimerEvent: {}
[19.245734] (-) TimerEvent: {}
[19.345947] (-) TimerEvent: {}
[19.446156] (-) TimerEvent: {}
[19.546442] (-) TimerEvent: {}
[19.646706] (-) TimerEvent: {}
[19.746928] (-) TimerEvent: {}
[19.847099] (-) TimerEvent: {}
[19.947369] (-) TimerEvent: {}
[20.047645] (-) TimerEvent: {}
[20.147853] (-) TimerEvent: {}
[20.248088] (-) TimerEvent: {}
[20.348382] (-) TimerEvent: {}
[20.448590] (-) TimerEvent: {}
[20.548817] (-) TimerEvent: {}
[20.649108] (-) TimerEvent: {}
[20.749404] (-) TimerEvent: {}
[20.849663] (-) TimerEvent: {}
[20.949892] (-) TimerEvent: {}
[21.050126] (-) TimerEvent: {}
[21.150393] (-) TimerEvent: {}
[21.250681] (-) TimerEvent: {}
[21.350925] (-) TimerEvent: {}
[21.451195] (-) TimerEvent: {}
[21.551416] (-) TimerEvent: {}
[21.651725] (-) TimerEvent: {}
[21.752006] (-) TimerEvent: {}
[21.852243] (-) TimerEvent: {}
[21.952447] (-) TimerEvent: {}
[22.052728] (-) TimerEvent: {}
[22.153074] (-) TimerEvent: {}
[22.253293] (-) TimerEvent: {}
[22.353510] (-) TimerEvent: {}
[22.453789] (-) TimerEvent: {}
[22.554038] (-) TimerEvent: {}
[22.654275] (-) TimerEvent: {}
[22.754520] (-) TimerEvent: {}
[22.854736] (-) TimerEvent: {}
[22.955045] (-) TimerEvent: {}
[23.055327] (-) TimerEvent: {}
[23.155599] (-) TimerEvent: {}
[23.255815] (-) TimerEvent: {}
[23.356048] (-) TimerEvent: {}
[23.456289] (-) TimerEvent: {}
[23.556497] (-) TimerEvent: {}
[23.656748] (-) TimerEvent: {}
[23.757001] (-) TimerEvent: {}
[23.857228] (-) TimerEvent: {}
[23.957523] (-) TimerEvent: {}
[24.057780] (-) TimerEvent: {}
[24.157997] (-) TimerEvent: {}
[24.258178] (-) TimerEvent: {}
[24.358394] (-) TimerEvent: {}
[24.458685] (-) TimerEvent: {}
[24.558928] (-) TimerEvent: {}
[24.659163] (-) TimerEvent: {}
[24.759400] (-) TimerEvent: {}
[24.859671] (-) TimerEvent: {}
[24.959893] (-) TimerEvent: {}
[25.060139] (-) TimerEvent: {}
[25.160354] (-) TimerEvent: {}
[25.260596] (-) TimerEvent: {}
[25.360785] (-) TimerEvent: {}
[25.461004] (-) TimerEvent: {}
[25.561240] (-) TimerEvent: {}
[25.661487] (-) TimerEvent: {}
[25.761716] (-) TimerEvent: {}
[25.861948] (-) TimerEvent: {}
[25.962170] (-) TimerEvent: {}
[26.062441] (-) TimerEvent: {}
[26.162654] (-) TimerEvent: {}
[26.262868] (-) TimerEvent: {}
[26.363130] (-) TimerEvent: {}
[26.463394] (-) TimerEvent: {}
[26.563654] (-) TimerEvent: {}
[26.663883] (-) TimerEvent: {}
[26.764109] (-) TimerEvent: {}
[26.864348] (-) TimerEvent: {}
[26.964713] (-) TimerEvent: {}
[27.064932] (-) TimerEvent: {}
[27.165180] (-) TimerEvent: {}
[27.265464] (-) TimerEvent: {}
[27.365814] (-) TimerEvent: {}
[27.466072] (-) TimerEvent: {}
[27.566309] (-) TimerEvent: {}
[27.666605] (-) TimerEvent: {}
[27.766861] (-) TimerEvent: {}
[27.867108] (-) TimerEvent: {}
[27.967343] (-) TimerEvent: {}
[28.067631] (-) TimerEvent: {}
[28.167953] (-) TimerEvent: {}
[28.268203] (-) TimerEvent: {}
[28.368449] (-) TimerEvent: {}
[28.468715] (-) TimerEvent: {}
[28.568982] (-) TimerEvent: {}
[28.669232] (-) TimerEvent: {}
[28.769438] (-) TimerEvent: {}
[28.869662] (-) TimerEvent: {}
[28.969890] (-) TimerEvent: {}
[29.070097] (-) TimerEvent: {}
[29.170330] (-) TimerEvent: {}
[29.270655] (-) TimerEvent: {}
[29.370892] (-) TimerEvent: {}
[29.471112] (-) TimerEvent: {}
[29.571335] (-) TimerEvent: {}
[29.671605] (-) TimerEvent: {}
[29.771816] (-) TimerEvent: {}
[29.872057] (-) TimerEvent: {}
[29.972313] (-) TimerEvent: {}
[30.072610] (-) TimerEvent: {}
[30.172838] (-) TimerEvent: {}
[30.273053] (-) TimerEvent: {}
[30.373288] (-) TimerEvent: {}
[30.473508] (-) TimerEvent: {}
[30.573750] (-) TimerEvent: {}
[30.673965] (-) TimerEvent: {}
[30.774202] (-) TimerEvent: {}
[30.874469] (-) TimerEvent: {}
[30.974718] (-) TimerEvent: {}
[31.074955] (-) TimerEvent: {}
[31.175161] (-) TimerEvent: {}
[31.275435] (-) TimerEvent: {}
[31.375696] (-) TimerEvent: {}
[31.475910] (-) TimerEvent: {}
[31.530161] (orbbec_camera_msgs) CommandEnded: {'returncode': 0}
[31.531250] (orbbec_camera_msgs) JobProgress: {'identifier': 'orbbec_camera_msgs', 'progress': 'build'}
[31.531292] (orbbec_camera_msgs) Command: {'cmd': ['/usr/bin/cmake', '--build', '/home/sophie/isaac_lab/isaac_ws/rl_code/soarm100sim/third_party/orbbec_ws/build_287/orbbec_camera_msgs', '--', '-j32', '-l32'], 'cwd': '/home/sophie/isaac_lab/isaac_ws/rl_code/soarm100sim/third_party/orbbec_ws/build_287/orbbec_camera_msgs', 'env': OrderedDict([('USER', 'sophie'), ('SHLVL', '0'), ('LD_LIBRARY_PATH', '/usr/lib/x86_64-linux-gnu/gazebo-11/plugins:/opt/ros/humble/opt/rviz_ogre_vendor/lib:/opt/ros/humble/lib/x86_64-linux-gnu:/opt/ros/humble/lib'), ('HOME', '/home/sophie'), ('ROS_PYTHON_VERSION', '3'), ('ROS_DISTRO', 'humble'), ('_', '/usr/bin/colcon'), ('ROS_VERSION', '2'), ('ROS_LOCALHOST_ONLY', '0'), ('PATH', '/opt/ros/humble/bin:/usr/local/sbin:/usr/local/bin:/usr/sbin:/usr/bin:/sbin:/bin'), ('LANG', 'C.UTF-8'), ('AMENT_PREFIX_PATH', '/opt/ros/humble'), ('PWD', '/home/sophie/isaac_lab/isaac_ws/rl_code/soarm100sim/third_party/orbbec_ws/build_287/orbbec_camera_msgs'), ('PYTHONPATH', '/opt/ros/humble/lib/python3.10/site-packages:/opt/ros/humble/local/lib/python3.10/dist-packages'), ('COLCON', '1'), ('CMAKE_PREFIX_PATH', '/opt/ros/humble')]), 'shell': False}
[31.576026] (-) TimerEvent: {}
[31.594453] (orbbec_camera_msgs) StdoutLine: {'line': b'[  0%] Generating C code for ROS interfaces\n'}
[31.601156] (orbbec_camera_msgs) StdoutLine: {'line': b'[  1%] Generating Rust code for ROS interfaces\n'}
[31.606824] (orbbec_camera_msgs) StdoutLine: {'line': b'[  1%] Built target ament_cmake_python_copy_orbbec_camera_msgs\n'}
[31.607706] (orbbec_camera_msgs) StdoutLine: {'line': b'[  1%] Generating C++ code for ROS interfaces\n'}
[31.676148] (-) TimerEvent: {}
[31.776312] (-) TimerEvent: {}
[31.780918] (orbbec_camera_msgs) StdoutLine: {'line': b'running egg_info\n'}
[31.781308] (orbbec_camera_msgs) StdoutLine: {'line': b'creating orbbec_camera_msgs.egg-info\n'}
[31.781412] (orbbec_camera_msgs) StdoutLine: {'line': b'writing orbbec_camera_msgs.egg-info/PKG-INFO\n'}
[31.781505] (orbbec_camera_msgs) StdoutLine: {'line': b'writing dependency_links to orbbec_camera_msgs.egg-info/dependency_links.txt\n'}
[31.781603] (orbbec_camera_msgs) StdoutLine: {'line': b'writing top-level names to orbbec_camera_msgs.egg-info/top_level.txt\n'}
[31.781688] (orbbec_camera_msgs) StdoutLine: {'line': b"writing manifest file 'orbbec_camera_msgs.egg-info/SOURCES.txt'\n"}
[31.782821] (orbbec_camera_msgs) StdoutLine: {'line': b"reading manifest file 'orbbec_camera_msgs.egg-info/SOURCES.txt'\n"}
[31.783277] (orbbec_camera_msgs) StdoutLine: {'line': b"writing manifest file 'orbbec_camera_msgs.egg-info/SOURCES.txt'\n"}
[31.800771] (orbbec_camera_msgs) StdoutLine: {'line': b'[  1%] Built target ament_cmake_python_build_orbbec_camera_msgs_egg\n'}
[31.876414] (-) TimerEvent: {}
[31.976569] (-) TimerEvent: {}
[32.038162] (orbbec_camera_msgs) StdoutLine: {'line': b'[  1%] Built target orbbec_camera_msgs__rs\n'}
[32.076652] (-) TimerEvent: {}
[32.176799] (-) TimerEvent: {}
[32.276944] (-) TimerEvent: {}
[32.377113] (-) TimerEvent: {}
[32.477258] (-) TimerEvent: {}
[32.560523] (orbbec_camera_msgs) StdoutLine: {'line': b'[  1%] Built target orbbec_camera_msgs__cpp\n'}
[32.569448] (orbbec_camera_msgs) StdoutLine: {'line': b'[  2%] Generating C++ introspection for ROS interfaces\n'}
[32.570580] (orbbec_camera_msgs) StdoutLine: {'line': b'[  3%] Generating C++ type support for eProsima Fast-RTPS\n'}
[32.570885] (orbbec_camera_msgs) StdoutLine: {'line': b'[  4%] Generating C++ type support dispatch for ROS interfaces\n'}
[32.577375] (-) TimerEvent: {}
[32.592908] (orbbec_camera_msgs) StdoutLine: {'line': b'[  4%] Building C object CMakeFiles/orbbec_camera_msgs__rosidl_generator_c.dir/rosidl_generator_c/orbbec_camera_msgs/msg/detail/device_status__functions.c.o\n'}
[32.593142] (orbbec_camera_msgs) StdoutLine: {'line': b'[  5%] Building C object CMakeFiles/orbbec_camera_msgs__rosidl_generator_c.dir/rosidl_generator_c/orbbec_camera_msgs/msg/detail/device_info__functions.c.o\n'}
[32.593935] (orbbec_camera_msgs) StdoutLine: {'line': b'[  5%] Building C object CMakeFiles/orbbec_camera_msgs__rosidl_generator_c.dir/rosidl_generator_c/orbbec_camera_msgs/msg/detail/imu_info__functions.c.o\n'}
[32.594132] (orbbec_camera_msgs) StdoutLine: {'line': b'[  6%] Building C object CMakeFiles/orbbec_camera_msgs__rosidl_generator_c.dir/rosidl_generator_c/orbbec_camera_msgs/msg/detail/metadata__functions.c.o\n'}
[32.594190] (orbbec_camera_msgs) StdoutLine: {'line': b'[  6%] Building C object CMakeFiles/orbbec_camera_msgs__rosidl_generator_c.dir/rosidl_generator_c/orbbec_camera_msgs/msg/detail/extrinsics__functions.c.o\n'}
[32.594297] (orbbec_camera_msgs) StdoutLine: {'line': b'[  7%] Building C object CMakeFiles/orbbec_camera_msgs__rosidl_generator_c.dir/rosidl_generator_c/orbbec_camera_msgs/msg/detail/rgbd__functions.c.o\n'}
[32.594925] (orbbec_camera_msgs) StdoutLine: {'line': b'[  8%] Building C object CMakeFiles/orbbec_camera_msgs__rosidl_generator_c.dir/rosidl_generator_c/orbbec_camera_msgs/msg/detail/depth_filter_param__functions.c.o\n'}
[32.595289] (orbbec_camera_msgs) StdoutLine: {'line': b'[  8%] Building C object CMakeFiles/orbbec_camera_msgs__rosidl_generator_c.dir/rosidl_generator_c/orbbec_camera_msgs/msg/detail/depth_filter_state__functions.c.o\n'}
[32.595486] (orbbec_camera_msgs) StdoutLine: {'line': b'[  9%] Building C object CMakeFiles/orbbec_camera_msgs__rosidl_generator_c.dir/rosidl_generator_c/orbbec_camera_msgs/msg/detail/depth_filters_status__functions.c.o\n'}
[32.596175] (orbbec_camera_msgs) StdoutLine: {'line': b'[  9%] Building C object CMakeFiles/orbbec_camera_msgs__rosidl_generator_c.dir/rosidl_generator_c/orbbec_camera_msgs/srv/detail/get_int32__functions.c.o\n'}
[32.596826] (orbbec_camera_msgs) StdoutLine: {'line': b'[ 10%] Building C object CMakeFiles/orbbec_camera_msgs__rosidl_generator_c.dir/rosidl_generator_c/orbbec_camera_msgs/srv/detail/get_bool__functions.c.o\n'}
[32.596920] (orbbec_camera_msgs) StdoutLine: {'line': b'[ 12%] Building C object CMakeFiles/orbbec_camera_msgs__rosidl_generator_c.dir/rosidl_generator_c/orbbec_camera_msgs/srv/detail/get_camera_info__functions.c.o\n'}
[32.596983] (orbbec_camera_msgs) StdoutLine: {'line': b'[ 12%] Building C object CMakeFiles/orbbec_camera_msgs__rosidl_generator_c.dir/rosidl_generator_c/orbbec_camera_msgs/srv/detail/set_user_calib_params__functions.c.o\n'}
[32.597042] (orbbec_camera_msgs) StdoutLine: {'line': b'[ 11%] Building C object CMakeFiles/orbbec_camera_msgs__rosidl_generator_c.dir/rosidl_generator_c/orbbec_camera_msgs/srv/detail/set_filter__functions.c.o\n'}
[32.597106] (orbbec_camera_msgs) StdoutLine: {'line': b'[ 12%] Building C object CMakeFiles/orbbec_camera_msgs__rosidl_generator_c.dir/rosidl_generator_c/orbbec_camera_msgs/srv/detail/get_device_info__functions.c.o\n'}
[32.597508] (orbbec_camera_msgs) StdoutLine: {'line': b'[ 13%] Building C object CMakeFiles/orbbec_camera_msgs__rosidl_generator_c.dir/rosidl_generator_c/orbbec_camera_msgs/srv/detail/get_string__functions.c.o\n'}
[32.597806] (orbbec_camera_msgs) StdoutLine: {'line': b'[ 13%] Building C object CMakeFiles/orbbec_camera_msgs__rosidl_generator_c.dir/rosidl_generator_c/orbbec_camera_msgs/srv/detail/get_user_calib_params__functions.c.o\n'}
[32.597920] (orbbec_camera_msgs) StdoutLine: {'line': b'[ 15%] Building C object CMakeFiles/orbbec_camera_msgs__rosidl_generator_c.dir/rosidl_generator_c/orbbec_camera_msgs/srv/detail/set_arrays__functions.c.o\n'}
[32.597990] (orbbec_camera_msgs) StdoutLine: {'line': b'[ 15%] Building C object CMakeFiles/orbbec_camera_msgs__rosidl_generator_c.dir/rosidl_generator_c/orbbec_camera_msgs/srv/detail/set_int32__functions.c.o\n'}
[32.598147] (orbbec_camera_msgs) StdoutLine: {'line': b'[ 15%] Building C object CMakeFiles/orbbec_camera_msgs__rosidl_generator_c.dir/rosidl_generator_c/orbbec_camera_msgs/srv/detail/set_string__functions.c.o\n'}
[32.677586] (-) TimerEvent: {}
[32.731792] (orbbec_camera_msgs) StdoutLine: {'line': b'[ 16%] Linking C shared library liborbbec_camera_msgs__rosidl_generator_c.so\n'}
[32.767295] (orbbec_camera_msgs) StdoutLine: {'line': b'[ 16%] Built target orbbec_camera_msgs__rosidl_generator_c\n'}
[32.777697] (-) TimerEvent: {}
[32.777993] (orbbec_camera_msgs) StdoutLine: {'line': b'[ 19%] Generating C introspection for ROS interfaces\n'}
[32.778130] (orbbec_camera_msgs) StdoutLine: {'line': b'[ 19%] Generating C type support dispatch for ROS interfaces\n'}
[32.778192] (orbbec_camera_msgs) StdoutLine: {'line': b'[ 19%] Generating C type support for eProsima Fast-RTPS\n'}
[32.877840] (-) TimerEvent: {}
[32.978032] (-) TimerEvent: {}
[33.078202] (-) TimerEvent: {}
[33.146301] (orbbec_camera_msgs) StdoutLine: {'line': b'[ 19%] Building CXX object CMakeFiles/orbbec_camera_msgs__rosidl_typesupport_cpp.dir/rosidl_typesupport_cpp/orbbec_camera_msgs/msg/device_info__type_support.cpp.o\n'}
[33.147886] (orbbec_camera_msgs) StdoutLine: {'line': b'[ 20%] Building CXX object CMakeFiles/orbbec_camera_msgs__rosidl_typesupport_cpp.dir/rosidl_typesupport_cpp/orbbec_camera_msgs/msg/extrinsics__type_support.cpp.o\n'}
[33.148046] (orbbec_camera_msgs) StdoutLine: {'line': b'[ 22%] Building CXX object CMakeFiles/orbbec_camera_msgs__rosidl_typesupport_cpp.dir/rosidl_typesupport_cpp/orbbec_camera_msgs/srv/get_int32__type_support.cpp.o\n'}
[33.148199] (orbbec_camera_msgs) StdoutLine: {'line': b'[ 22%] Building CXX object CMakeFiles/orbbec_camera_msgs__rosidl_typesupport_cpp.dir/rosidl_typesupport_cpp/orbbec_camera_msgs/msg/device_status__type_support.cpp.o\n'}
[33.148256] (orbbec_camera_msgs) StdoutLine: {'line': b'[ 22%] Building CXX object CMakeFiles/orbbec_camera_msgs__rosidl_typesupport_cpp.dir/rosidl_typesupport_cpp/orbbec_camera_msgs/msg/depth_filter_param__type_support.cpp.o\n'}
[33.148452] (orbbec_camera_msgs) StdoutLine: {'line': b'[ 22%] Building CXX object CMakeFiles/orbbec_camera_msgs__rosidl_typesupport_cpp.dir/rosidl_typesupport_cpp/orbbec_camera_msgs/msg/depth_filters_status__type_support.cpp.o\n'}
[33.148646] (orbbec_camera_msgs) StdoutLine: {'line': b'[ 23%] Building CXX object CMakeFiles/orbbec_camera_msgs__rosidl_typesupport_cpp.dir/rosidl_typesupport_cpp/orbbec_camera_msgs/msg/depth_filter_state__type_support.cpp.o\n'}
[33.148913] (orbbec_camera_msgs) StdoutLine: {'line': b'[ 23%] Building CXX object CMakeFiles/orbbec_camera_msgs__rosidl_typesupport_cpp.dir/rosidl_typesupport_cpp/orbbec_camera_msgs/msg/metadata__type_support.cpp.o\n'}
[33.149239] (orbbec_camera_msgs) StdoutLine: {'line': b'[ 24%] Building CXX object CMakeFiles/orbbec_camera_msgs__rosidl_typesupport_cpp.dir/rosidl_typesupport_cpp/orbbec_camera_msgs/msg/imu_info__type_support.cpp.o\n'}
[33.149512] (orbbec_camera_msgs) StdoutLine: {'line': b'[ 24%] Building CXX object CMakeFiles/orbbec_camera_msgs__rosidl_typesupport_cpp.dir/rosidl_typesupport_cpp/orbbec_camera_msgs/msg/rgbd__type_support.cpp.o\n'}
[33.149924] (orbbec_camera_msgs) StdoutLine: {'line': b'[ 27%] Building CXX object CMakeFiles/orbbec_camera_msgs__rosidl_typesupport_cpp.dir/rosidl_typesupport_cpp/orbbec_camera_msgs/srv/get_device_info__type_support.cpp.o\n'}
[33.150024] (orbbec_camera_msgs) StdoutLine: {'line': b'[ 27%] Building CXX object CMakeFiles/orbbec_camera_msgs__rosidl_typesupport_cpp.dir/rosidl_typesupport_cpp/orbbec_camera_msgs/srv/set_filter__type_support.cpp.o\n'}
[33.150085] (orbbec_camera_msgs) StdoutLine: {'line': b'[ 27%] Building CXX object CMakeFiles/orbbec_camera_msgs__rosidl_typesupport_cpp.dir/rosidl_typesupport_cpp/orbbec_camera_msgs/srv/get_bool__type_support.cpp.o\n'}
[33.150286] (orbbec_camera_msgs) StdoutLine: {'line': b'[ 27%] Building CXX object CMakeFiles/orbbec_camera_msgs__rosidl_typesupport_cpp.dir/rosidl_typesupport_cpp/orbbec_camera_msgs/srv/get_camera_info__type_support.cpp.o\n'}
[33.150376] (orbbec_camera_msgs) StdoutLine: {'line': b'[ 27%] Building CXX object CMakeFiles/orbbec_camera_msgs__rosidl_typesupport_cpp.dir/rosidl_typesupport_cpp/orbbec_camera_msgs/srv/set_user_calib_params__type_support.cpp.o\n'}
[33.150435] (orbbec_camera_msgs) StdoutLine: {'line': b'[ 27%] Building CXX object CMakeFiles/orbbec_camera_msgs__rosidl_typesupport_cpp.dir/rosidl_typesupport_cpp/orbbec_camera_msgs/srv/get_string__type_support.cpp.o\n'}
[33.150575] (orbbec_camera_msgs) StdoutLine: {'line': b'[ 28%] Building CXX object CMakeFiles/orbbec_camera_msgs__rosidl_typesupport_cpp.dir/rosidl_typesupport_cpp/orbbec_camera_msgs/srv/get_user_calib_params__type_support.cpp.o\n'}
[33.150634] (orbbec_camera_msgs) StdoutLine: {'line': b'[ 28%] Building CXX object CMakeFiles/orbbec_camera_msgs__rosidl_typesupport_cpp.dir/rosidl_typesupport_cpp/orbbec_camera_msgs/srv/set_arrays__type_support.cpp.o\n'}
[33.151086] (orbbec_camera_msgs) StdoutLine: {'line': b'[ 29%] Building CXX object CMakeFiles/orbbec_camera_msgs__rosidl_typesupport_cpp.dir/rosidl_typesupport_cpp/orbbec_camera_msgs/srv/set_int32__type_support.cpp.o\n'}
[33.151189] (orbbec_camera_msgs) StdoutLine: {'line': b'[ 29%] Building CXX object CMakeFiles/orbbec_camera_msgs__rosidl_typesupport_cpp.dir/rosidl_typesupport_cpp/orbbec_camera_msgs/srv/set_string__type_support.cpp.o\n'}
[33.178287] (-) TimerEvent: {}
[33.278450] (-) TimerEvent: {}
[33.298744] (orbbec_camera_msgs) StdoutLine: {'line': b'[ 29%] Building CXX object CMakeFiles/orbbec_camera_msgs__rosidl_typesupport_introspection_cpp.dir/rosidl_typesupport_introspection_cpp/orbbec_camera_msgs/msg/detail/depth_filters_status__type_support.cpp.o\n'}
[33.298876] (orbbec_camera_msgs) StdoutLine: {'line': b'[ 29%] Building CXX object CMakeFiles/orbbec_camera_msgs__rosidl_typesupport_introspection_cpp.dir/rosidl_typesupport_introspection_cpp/orbbec_camera_msgs/msg/detail/device_info__type_support.cpp.o\n'}
[33.298932] (orbbec_camera_msgs) StdoutLine: {'line': b'[ 31%] Building CXX object CMakeFiles/orbbec_camera_msgs__rosidl_typesupport_introspection_cpp.dir/rosidl_typesupport_introspection_cpp/orbbec_camera_msgs/msg/detail/extrinsics__type_support.cpp.o\n'}
[33.298982] (orbbec_camera_msgs) StdoutLine: {'line': b'[ 31%] Building CXX object CMakeFiles/orbbec_camera_msgs__rosidl_typesupport_introspection_cpp.dir/rosidl_typesupport_introspection_cpp/orbbec_camera_msgs/msg/detail/device_status__type_support.cpp.o\n'}
[33.300225] (orbbec_camera_msgs) StdoutLine: {'line': b'[ 31%] Building CXX object CMakeFiles/orbbec_camera_msgs__rosidl_typesupport_introspection_cpp.dir/rosidl_typesupport_introspection_cpp/orbbec_camera_msgs/msg/detail/metadata__type_support.cpp.o\n'}
[33.301996] (orbbec_camera_msgs) StdoutLine: {'line': b'[ 33%] Building CXX object CMakeFiles/orbbec_camera_msgs__rosidl_typesupport_introspection_cpp.dir/rosidl_typesupport_introspection_cpp/orbbec_camera_msgs/msg/detail/imu_info__type_support.cpp.o\n'}
[33.302134] (orbbec_camera_msgs) StdoutLine: {'line': b'[ 32%] Building CXX object CMakeFiles/orbbec_camera_msgs__rosidl_typesupport_introspection_cpp.dir/rosidl_typesupport_introspection_cpp/orbbec_camera_msgs/msg/detail/depth_filter_state__type_support.cpp.o\n'}
[33.302193] (orbbec_camera_msgs) StdoutLine: {'line': b'[ 33%] Building CXX object CMakeFiles/orbbec_camera_msgs__rosidl_typesupport_introspection_cpp.dir/rosidl_typesupport_introspection_cpp/orbbec_camera_msgs/msg/detail/depth_filter_param__type_support.cpp.o\n'}
[33.346587] (orbbec_camera_msgs) StdoutLine: {'line': b'[ 33%] Building CXX object CMakeFiles/orbbec_camera_msgs__rosidl_typesupport_introspection_cpp.dir/rosidl_typesupport_introspection_cpp/orbbec_camera_msgs/msg/detail/rgbd__type_support.cpp.o\n'}
[33.346726] (orbbec_camera_msgs) StdoutLine: {'line': b'[ 34%] Building CXX object CMakeFiles/orbbec_camera_msgs__rosidl_typesupport_introspection_cpp.dir/rosidl_typesupport_introspection_cpp/orbbec_camera_msgs/srv/detail/get_bool__type_support.cpp.o\n'}
[33.350594] (orbbec_camera_msgs) StdoutLine: {'line': b'[ 35%] Building CXX object CMakeFiles/orbbec_camera_msgs__rosidl_typesupport_introspection_cpp.dir/rosidl_typesupport_introspection_cpp/orbbec_camera_msgs/srv/detail/get_device_info__type_support.cpp.o\n'}
[33.372583] (orbbec_camera_msgs) StdoutLine: {'line': b'[ 35%] Building CXX object CMakeFiles/orbbec_camera_msgs__rosidl_typesupport_introspection_cpp.dir/rosidl_typesupport_introspection_cpp/orbbec_camera_msgs/srv/detail/get_camera_info__type_support.cpp.o\n'}
[33.378543] (-) TimerEvent: {}
[33.410353] (orbbec_camera_msgs) StdoutLine: {'line': b'[ 36%] Building CXX object CMakeFiles/orbbec_camera_msgs__rosidl_typesupport_introspection_cpp.dir/rosidl_typesupport_introspection_cpp/orbbec_camera_msgs/srv/detail/get_int32__type_support.cpp.o\n'}
[33.411743] (orbbec_camera_msgs) StdoutLine: {'line': b'[ 36%] Building CXX object CMakeFiles/orbbec_camera_msgs__rosidl_typesupport_introspection_cpp.dir/rosidl_typesupport_introspection_cpp/orbbec_camera_msgs/srv/detail/get_string__type_support.cpp.o\n'}
[33.423792] (orbbec_camera_msgs) StdoutLine: {'line': b'[ 37%] Building CXX object CMakeFiles/orbbec_camera_msgs__rosidl_typesupport_introspection_cpp.dir/rosidl_typesupport_introspection_cpp/orbbec_camera_msgs/srv/detail/set_filter__type_support.cpp.o\n'}
[33.425041] (orbbec_camera_msgs) StdoutLine: {'line': b'[ 37%] Building CXX object CMakeFiles/orbbec_camera_msgs__rosidl_typesupport_introspection_cpp.dir/rosidl_typesupport_introspection_cpp/orbbec_camera_msgs/srv/detail/set_int32__type_support.cpp.o\n'}
[33.432792] (orbbec_camera_msgs) StdoutLine: {'line': b'[ 38%] Building CXX object CMakeFiles/orbbec_camera_msgs__rosidl_typesupport_introspection_cpp.dir/rosidl_typesupport_introspection_cpp/orbbec_camera_msgs/srv/detail/set_string__type_support.cpp.o\n'}
[33.437373] (orbbec_camera_msgs) StdoutLine: {'line': b'[ 38%] Building CXX object CMakeFiles/orbbec_camera_msgs__rosidl_typesupport_introspection_cpp.dir/rosidl_typesupport_introspection_cpp/orbbec_camera_msgs/srv/detail/set_arrays__type_support.cpp.o\n'}
[33.438297] (orbbec_camera_msgs) StdoutLine: {'line': b'[ 38%] Building CXX object CMakeFiles/orbbec_camera_msgs__rosidl_typesupport_introspection_cpp.dir/rosidl_typesupport_introspection_cpp/orbbec_camera_msgs/srv/detail/set_user_calib_params__type_support.cpp.o\n'}
[33.438383] (orbbec_camera_msgs) StdoutLine: {'line': b'[ 39%] Building CXX object CMakeFiles/orbbec_camera_msgs__rosidl_typesupport_introspection_cpp.dir/rosidl_typesupport_introspection_cpp/orbbec_camera_msgs/srv/detail/get_user_calib_params__type_support.cpp.o\n'}
[33.443882] (orbbec_camera_msgs) StdoutLine: {'line': b'[ 40%] Linking CXX shared library liborbbec_camera_msgs__rosidl_typesupport_cpp.so\n'}
[33.463226] (orbbec_camera_msgs) StdoutLine: {'line': b'[ 40%] Building CXX object CMakeFiles/orbbec_camera_msgs__rosidl_typesupport_c.dir/rosidl_typesupport_c/orbbec_camera_msgs/msg/device_info__type_support.cpp.o\n'}
[33.463947] (orbbec_camera_msgs) StdoutLine: {'line': b'[ 40%] Building CXX object CMakeFiles/orbbec_camera_msgs__rosidl_typesupport_c.dir/rosidl_typesupport_c/orbbec_camera_msgs/msg/metadata__type_support.cpp.o\n'}
[33.464072] (orbbec_camera_msgs) StdoutLine: {'line': b'[ 40%] Building CXX object CMakeFiles/orbbec_camera_msgs__rosidl_typesupport_c.dir/rosidl_typesupport_c/orbbec_camera_msgs/msg/depth_filter_param__type_support.cpp.o\n'}
[33.464127] (orbbec_camera_msgs) StdoutLine: {'line': b'[ 43%] Building CXX object CMakeFiles/orbbec_camera_msgs__rosidl_typesupport_c.dir/rosidl_typesupport_c/orbbec_camera_msgs/msg/extrinsics__type_support.cpp.o\n'}
[33.464173] (orbbec_camera_msgs) StdoutLine: {'line': b'[ 43%] Building CXX object CMakeFiles/orbbec_camera_msgs__rosidl_typesupport_c.dir/rosidl_typesupport_c/orbbec_camera_msgs/msg/device_status__type_support.cpp.o\n'}
[33.464218] (orbbec_camera_msgs) StdoutLine: {'line': b'[ 41%] Building CXX object CMakeFiles/orbbec_camera_msgs__rosidl_typesupport_c.dir/rosidl_typesupport_c/orbbec_camera_msgs/msg/depth_filters_status__type_support.cpp.o\n'}
[33.464262] (orbbec_camera_msgs) StdoutLine: {'line': b'[ 43%] Building CXX object CMakeFiles/orbbec_camera_msgs__rosidl_typesupport_c.dir/rosidl_typesupport_c/orbbec_camera_msgs/msg/depth_filter_state__type_support.cpp.o\n'}
[33.470265] (orbbec_camera_msgs) StdoutLine: {'line': b'[ 44%] Building CXX object CMakeFiles/orbbec_camera_msgs__rosidl_typesupport_c.dir/rosidl_typesupport_c/orbbec_camera_msgs/msg/imu_info__type_support.cpp.o\n'}
[33.478596] (-) TimerEvent: {}
[33.495360] (orbbec_camera_msgs) StdoutLine: {'line': b'[ 44%] Building CXX object CMakeFiles/orbbec_camera_msgs__rosidl_typesupport_c.dir/rosidl_typesupport_c/orbbec_camera_msgs/msg/rgbd__type_support.cpp.o\n'}
[33.496684] (orbbec_camera_msgs) StdoutLine: {'line': b'[ 44%] Building CXX object CMakeFiles/orbbec_camera_msgs__rosidl_typesupport_c.dir/rosidl_typesupport_c/orbbec_camera_msgs/srv/get_device_info__type_support.cpp.o\n'}
[33.496841] (orbbec_camera_msgs) StdoutLine: {'line': b'[ 45%] Building CXX object CMakeFiles/orbbec_camera_msgs__rosidl_typesupport_c.dir/rosidl_typesupport_c/orbbec_camera_msgs/srv/get_int32__type_support.cpp.o\n'}
[33.496911] (orbbec_camera_msgs) StdoutLine: {'line': b'[ 45%] Built target orbbec_camera_msgs__rosidl_typesupport_cpp\n'}
[33.496976] (orbbec_camera_msgs) StdoutLine: {'line': b'[ 46%] Building CXX object CMakeFiles/orbbec_camera_msgs__rosidl_typesupport_c.dir/rosidl_typesupport_c/orbbec_camera_msgs/srv/get_camera_info__type_support.cpp.o\n'}
[33.497630] (orbbec_camera_msgs) StdoutLine: {'line': b'[ 46%] Building CXX object CMakeFiles/orbbec_camera_msgs__rosidl_typesupport_c.dir/rosidl_typesupport_c/orbbec_camera_msgs/srv/get_string__type_support.cpp.o\n'}
[33.498358] (orbbec_camera_msgs) StdoutLine: {'line': b'[ 47%] Building CXX object CMakeFiles/orbbec_camera_msgs__rosidl_typesupport_c.dir/rosidl_typesupport_c/orbbec_camera_msgs/srv/get_bool__type_support.cpp.o\n'}
[33.501044] (orbbec_camera_msgs) StdoutLine: {'line': b'[ 48%] Building CXX object CMakeFiles/orbbec_camera_msgs__rosidl_typesupport_c.dir/rosidl_typesupport_c/orbbec_camera_msgs/srv/set_filter__type_support.cpp.o\n'}
[33.506444] (orbbec_camera_msgs) StdoutLine: {'line': b'[ 48%] Building CXX object CMakeFiles/orbbec_camera_msgs__rosidl_typesupport_c.dir/rosidl_typesupport_c/orbbec_camera_msgs/srv/set_int32__type_support.cpp.o\n'}
[33.516048] (orbbec_camera_msgs) StdoutLine: {'line': b'[ 49%] Building CXX object CMakeFiles/orbbec_camera_msgs__rosidl_typesupport_c.dir/rosidl_typesupport_c/orbbec_camera_msgs/srv/set_string__type_support.cpp.o\n'}
[33.530778] (orbbec_camera_msgs) StdoutLine: {'line': b'[ 49%] Building CXX object CMakeFiles/orbbec_camera_msgs__rosidl_typesupport_c.dir/rosidl_typesupport_c/orbbec_camera_msgs/srv/set_arrays__type_support.cpp.o\n'}
[33.532810] (orbbec_camera_msgs) StdoutLine: {'line': b'[ 50%] Building CXX object CMakeFiles/orbbec_camera_msgs__rosidl_typesupport_c.dir/rosidl_typesupport_c/orbbec_camera_msgs/srv/get_user_calib_params__type_support.cpp.o\n'}
[33.534050] (orbbec_camera_msgs) StdoutLine: {'line': b'[ 50%] Building CXX object CMakeFiles/orbbec_camera_msgs__rosidl_typesupport_c.dir/rosidl_typesupport_c/orbbec_camera_msgs/srv/set_user_calib_params__type_support.cpp.o\n'}
[33.561868] (orbbec_camera_msgs) StdoutLine: {'line': b'[ 51%] Linking CXX shared library liborbbec_camera_msgs__rosidl_typesupport_c.so\n'}
[33.580057] (-) TimerEvent: {}
[33.601371] (orbbec_camera_msgs) StdoutLine: {'line': b'[ 51%] Built target orbbec_camera_msgs__rosidl_typesupport_c\n'}
[33.617921] (orbbec_camera_msgs) StdoutLine: {'line': b'[ 52%] Building CXX object CMakeFiles/orbbec_camera_msgs__rosidl_typesupport_fastrtps_cpp.dir/rosidl_typesupport_fastrtps_cpp/orbbec_camera_msgs/msg/detail/dds_fastrtps/depth_filter_param__type_support.cpp.o\n'}
[33.618049] (orbbec_camera_msgs) StdoutLine: {'line': b'[ 52%] Building CXX object CMakeFiles/orbbec_camera_msgs__rosidl_typesupport_fastrtps_cpp.dir/rosidl_typesupport_fastrtps_cpp/orbbec_camera_msgs/msg/detail/dds_fastrtps/device_info__type_support.cpp.o\n'}
[33.618096] (orbbec_camera_msgs) StdoutLine: {'line': b'[ 53%] Building CXX object CMakeFiles/orbbec_camera_msgs__rosidl_typesupport_fastrtps_cpp.dir/rosidl_typesupport_fastrtps_cpp/orbbec_camera_msgs/msg/detail/dds_fastrtps/metadata__type_support.cpp.o\n'}
[33.618136] (orbbec_camera_msgs) StdoutLine: {'line': b'[ 53%] Building CXX object CMakeFiles/orbbec_camera_msgs__rosidl_typesupport_fastrtps_cpp.dir/rosidl_typesupport_fastrtps_cpp/orbbec_camera_msgs/msg/detail/dds_fastrtps/depth_filters_status__type_support.cpp.o\n'}
[33.618177] (orbbec_camera_msgs) StdoutLine: {'line': b'[ 53%] Building CXX object CMakeFiles/orbbec_camera_msgs__rosidl_typesupport_fastrtps_cpp.dir/rosidl_typesupport_fastrtps_cpp/orbbec_camera_msgs/msg/detail/dds_fastrtps/depth_filter_state__type_support.cpp.o\n'}
[33.618212] (orbbec_camera_msgs) StdoutLine: {'line': b'[ 55%] Building CXX object CMakeFiles/orbbec_camera_msgs__rosidl_typesupport_fastrtps_cpp.dir/rosidl_typesupport_fastrtps_cpp/orbbec_camera_msgs/msg/detail/dds_fastrtps/imu_info__type_support.cpp.o\n'}
[33.618250] (orbbec_camera_msgs) StdoutLine: {'line': b'[ 55%] Building CXX object CMakeFiles/orbbec_camera_msgs__rosidl_typesupport_fastrtps_cpp.dir/rosidl_typesupport_fastrtps_cpp/orbbec_camera_msgs/msg/detail/dds_fastrtps/extrinsics__type_support.cpp.o\n'}
[33.618594] (orbbec_camera_msgs) StdoutLine: {'line': b'[ 55%] Building CXX object CMakeFiles/orbbec_camera_msgs__rosidl_typesupport_fastrtps_cpp.dir/rosidl_typesupport_fastrtps_cpp/orbbec_camera_msgs/msg/detail/dds_fastrtps/device_status__type_support.cpp.o\n'}
[33.619023] (orbbec_camera_msgs) StdoutLine: {'line': b'[ 55%] Building CXX object CMakeFiles/orbbec_camera_msgs__rosidl_typesupport_fastrtps_cpp.dir/rosidl_typesupport_fastrtps_cpp/orbbec_camera_msgs/msg/detail/dds_fastrtps/rgbd__type_support.cpp.o\n'}
[33.622236] (orbbec_camera_msgs) StdoutLine: {'line': b'[ 56%] Building CXX object CMakeFiles/orbbec_camera_msgs__rosidl_typesupport_fastrtps_cpp.dir/rosidl_typesupport_fastrtps_cpp/orbbec_camera_msgs/srv/detail/dds_fastrtps/get_bool__type_support.cpp.o\n'}
[33.673112] (orbbec_camera_msgs) StdoutLine: {'line': b'[ 57%] Building CXX object CMakeFiles/orbbec_camera_msgs__rosidl_typesupport_fastrtps_cpp.dir/rosidl_typesupport_fastrtps_cpp/orbbec_camera_msgs/srv/detail/dds_fastrtps/get_device_info__type_support.cpp.o\n'}
[33.682599] (orbbec_camera_msgs) StdoutLine: {'line': b'[ 57%] Building CXX object CMakeFiles/orbbec_camera_msgs__rosidl_typesupport_fastrtps_cpp.dir/rosidl_typesupport_fastrtps_cpp/orbbec_camera_msgs/srv/detail/dds_fastrtps/get_camera_info__type_support.cpp.o\n'}
[33.682749] (-) TimerEvent: {}
[33.695136] (orbbec_camera_msgs) StdoutLine: {'line': b'[ 58%] Building CXX object CMakeFiles/orbbec_camera_msgs__rosidl_typesupport_fastrtps_cpp.dir/rosidl_typesupport_fastrtps_cpp/orbbec_camera_msgs/srv/detail/dds_fastrtps/get_int32__type_support.cpp.o\n'}
[33.703702] (orbbec_camera_msgs) StdoutLine: {'line': b'[ 58%] Building CXX object CMakeFiles/orbbec_camera_msgs__rosidl_typesupport_fastrtps_cpp.dir/rosidl_typesupport_fastrtps_cpp/orbbec_camera_msgs/srv/detail/dds_fastrtps/get_string__type_support.cpp.o\n'}
[33.713867] (orbbec_camera_msgs) StdoutLine: {'line': b'[ 59%] Building CXX object CMakeFiles/orbbec_camera_msgs__rosidl_typesupport_fastrtps_cpp.dir/rosidl_typesupport_fastrtps_cpp/orbbec_camera_msgs/srv/detail/dds_fastrtps/set_filter__type_support.cpp.o\n'}
[33.731166] (orbbec_camera_msgs) StdoutLine: {'line': b'[ 59%] Building CXX object CMakeFiles/orbbec_camera_msgs__rosidl_typesupport_fastrtps_cpp.dir/rosidl_typesupport_fastrtps_cpp/orbbec_camera_msgs/srv/detail/dds_fastrtps/set_int32__type_support.cpp.o\n'}
[33.738344] (orbbec_camera_msgs) StdoutLine: {'line': b'[ 60%] Building CXX object CMakeFiles/orbbec_camera_msgs__rosidl_typesupport_fastrtps_cpp.dir/rosidl_typesupport_fastrtps_cpp/orbbec_camera_msgs/srv/detail/dds_fastrtps/set_string__type_support.cpp.o\n'}
[33.782865] (-) TimerEvent: {}
[33.799074] (orbbec_camera_msgs) StdoutLine: {'line': b'[ 60%] Building CXX object CMakeFiles/orbbec_camera_msgs__rosidl_typesupport_fastrtps_cpp.dir/rosidl_typesupport_fastrtps_cpp/orbbec_camera_msgs/srv/detail/dds_fastrtps/set_arrays__type_support.cpp.o\n'}
[33.803742] (orbbec_camera_msgs) StdoutLine: {'line': b'[ 61%] Building CXX object CMakeFiles/orbbec_camera_msgs__rosidl_typesupport_fastrtps_cpp.dir/rosidl_typesupport_fastrtps_cpp/orbbec_camera_msgs/srv/detail/dds_fastrtps/get_user_calib_params__type_support.cpp.o\n'}
[33.809673] (orbbec_camera_msgs) StdoutLine: {'line': b'[ 61%] Building CXX object CMakeFiles/orbbec_camera_msgs__rosidl_typesupport_fastrtps_cpp.dir/rosidl_typesupport_fastrtps_cpp/orbbec_camera_msgs/srv/detail/dds_fastrtps/set_user_calib_params__type_support.cpp.o\n'}
[33.882610] (orbbec_camera_msgs) StdoutLine: {'line': b'[ 64%] Building C object CMakeFiles/orbbec_camera_msgs__rosidl_typesupport_introspection_c.dir/rosidl_typesupport_introspection_c/orbbec_camera_msgs/msg/detail/extrinsics__type_support.c.o\n'}
[33.882794] (orbbec_camera_msgs) StdoutLine: {'line': b'[ 64%] Building C object CMakeFiles/orbbec_camera_msgs__rosidl_typesupport_introspection_c.dir/rosidl_typesupport_introspection_c/orbbec_camera_msgs/msg/detail/device_status__type_support.c.o\n'}
[33.882860] (-) TimerEvent: {}
[33.882880] (orbbec_camera_msgs) StdoutLine: {'line': b'[ 64%] Building C object CMakeFiles/orbbec_camera_msgs__rosidl_typesupport_introspection_c.dir/rosidl_typesupport_introspection_c/orbbec_camera_msgs/msg/detail/depth_filter_param__type_support.c.o\n'}
[33.882944] (orbbec_camera_msgs) StdoutLine: {'line': b'[ 64%] Building C object CMakeFiles/orbbec_camera_msgs__rosidl_typesupport_introspection_c.dir/rosidl_typesupport_introspection_c/orbbec_camera_msgs/msg/detail/depth_filter_state__type_support.c.o\n'}
[33.883005] (orbbec_camera_msgs) StdoutLine: {'line': b'[ 64%] Building C object CMakeFiles/orbbec_camera_msgs__rosidl_typesupport_introspection_c.dir/rosidl_typesupport_introspection_c/orbbec_camera_msgs/msg/detail/depth_filters_status__type_support.c.o\n'}
[33.883063] (orbbec_camera_msgs) StdoutLine: {'line': b'[ 64%] Building C object CMakeFiles/orbbec_camera_msgs__rosidl_typesupport_introspection_c.dir/rosidl_typesupport_introspection_c/orbbec_camera_msgs/msg/detail/device_info__type_support.c.o\n'}
[33.883941] (orbbec_camera_msgs) StdoutLine: {'line': b'[ 64%] Building C object CMakeFiles/orbbec_camera_msgs__rosidl_typesupport_introspection_c.dir/rosidl_typesupport_introspection_c/orbbec_camera_msgs/msg/detail/metadata__type_support.c.o\n'}
[33.886815] (orbbec_camera_msgs) StdoutLine: {'line': b'[ 65%] Building C object CMakeFiles/orbbec_camera_msgs__rosidl_typesupport_introspection_c.dir/rosidl_typesupport_introspection_c/orbbec_camera_msgs/msg/detail/imu_info__type_support.c.o\n'}
[33.895340] (orbbec_camera_msgs) StdoutLine: {'line': b'[ 65%] Building C object CMakeFiles/orbbec_camera_msgs__rosidl_typesupport_introspection_c.dir/rosidl_typesupport_introspection_c/orbbec_camera_msgs/msg/detail/rgbd__type_support.c.o\n'}
[33.900602] (orbbec_camera_msgs) StdoutLine: {'line': b'[ 66%] Building C object CMakeFiles/orbbec_camera_msgs__rosidl_typesupport_introspection_c.dir/rosidl_typesupport_introspection_c/orbbec_camera_msgs/srv/detail/get_bool__type_support.c.o\n'}
[33.906435] (orbbec_camera_msgs) StdoutLine: {'line': b'[ 67%] Linking CXX shared library liborbbec_camera_msgs__rosidl_typesupport_introspection_cpp.so\n'}
[33.925170] (orbbec_camera_msgs) StdoutLine: {'line': b'[ 67%] Building C object CMakeFiles/orbbec_camera_msgs__rosidl_typesupport_introspection_c.dir/rosidl_typesupport_introspection_c/orbbec_camera_msgs/srv/detail/get_device_info__type_support.c.o\n'}
[33.927450] (orbbec_camera_msgs) StdoutLine: {'line': b'[ 67%] Building C object CMakeFiles/orbbec_camera_msgs__rosidl_typesupport_introspection_c.dir/rosidl_typesupport_introspection_c/orbbec_camera_msgs/srv/detail/get_string__type_support.c.o\n'}
[33.927622] (orbbec_camera_msgs) StdoutLine: {'line': b'[ 68%] Building C object CMakeFiles/orbbec_camera_msgs__rosidl_typesupport_introspection_c.dir/rosidl_typesupport_introspection_c/orbbec_camera_msgs/srv/detail/get_camera_info__type_support.c.o\n'}
[33.928579] (orbbec_camera_msgs) StdoutLine: {'line': b'[ 69%] Building C object CMakeFiles/orbbec_camera_msgs__rosidl_typesupport_introspection_c.dir/rosidl_typesupport_introspection_c/orbbec_camera_msgs/srv/detail/get_int32__type_support.c.o\n'}
[33.936860] (orbbec_camera_msgs) StdoutLine: {'line': b'[ 70%] Building C object CMakeFiles/orbbec_camera_msgs__rosidl_typesupport_introspection_c.dir/rosidl_typesupport_introspection_c/orbbec_camera_msgs/srv/detail/set_filter__type_support.c.o\n'}
[33.938679] (orbbec_camera_msgs) StdoutLine: {'line': b'[ 70%] Building C object CMakeFiles/orbbec_camera_msgs__rosidl_typesupport_introspection_c.dir/rosidl_typesupport_introspection_c/orbbec_camera_msgs/srv/detail/set_int32__type_support.c.o\n'}
[33.944714] (orbbec_camera_msgs) StdoutLine: {'line': b'[ 71%] Building C object CMakeFiles/orbbec_camera_msgs__rosidl_typesupport_introspection_c.dir/rosidl_typesupport_introspection_c/orbbec_camera_msgs/srv/detail/set_string__type_support.c.o\n'}
[33.947562] (orbbec_camera_msgs) StdoutLine: {'line': b'[ 71%] Building C object CMakeFiles/orbbec_camera_msgs__rosidl_typesupport_introspection_c.dir/rosidl_typesupport_introspection_c/orbbec_camera_msgs/srv/detail/set_arrays__type_support.c.o\n'}
[33.962387] (orbbec_camera_msgs) StdoutLine: {'line': b'[ 72%] Building C object CMakeFiles/orbbec_camera_msgs__rosidl_typesupport_introspection_c.dir/rosidl_typesupport_introspection_c/orbbec_camera_msgs/srv/detail/get_user_calib_params__type_support.c.o\n'}
[33.965747] (orbbec_camera_msgs) StdoutLine: {'line': b'[ 72%] Building C object CMakeFiles/orbbec_camera_msgs__rosidl_typesupport_introspection_c.dir/rosidl_typesupport_introspection_c/orbbec_camera_msgs/srv/detail/set_user_calib_params__type_support.c.o\n'}
[33.982995] (-) TimerEvent: {}
[34.005086] (orbbec_camera_msgs) StdoutLine: {'line': b'[ 72%] Built target orbbec_camera_msgs__rosidl_typesupport_introspection_cpp\n'}
[34.020640] (orbbec_camera_msgs) StdoutLine: {'line': b'[ 73%] Building CXX object CMakeFiles/orbbec_camera_msgs__rosidl_typesupport_fastrtps_c.dir/rosidl_typesupport_fastrtps_c/orbbec_camera_msgs/msg/detail/rgbd__type_support_c.cpp.o\n'}
[34.020817] (orbbec_camera_msgs) StdoutLine: {'line': b'[ 73%] Building CXX object CMakeFiles/orbbec_camera_msgs__rosidl_typesupport_fastrtps_c.dir/rosidl_typesupport_fastrtps_c/orbbec_camera_msgs/msg/detail/depth_filter_state__type_support_c.cpp.o\n'}
[34.020886] (orbbec_camera_msgs) StdoutLine: {'line': b'[ 73%] Building CXX object CMakeFiles/orbbec_camera_msgs__rosidl_typesupport_fastrtps_c.dir/rosidl_typesupport_fastrtps_c/orbbec_camera_msgs/msg/detail/device_info__type_support_c.cpp.o\n'}
[34.022049] (orbbec_camera_msgs) StdoutLine: {'line': b'[ 74%] Building CXX object CMakeFiles/orbbec_camera_msgs__rosidl_typesupport_fastrtps_c.dir/rosidl_typesupport_fastrtps_c/orbbec_camera_msgs/msg/detail/extrinsics__type_support_c.cpp.o\n'}
[34.022189] (orbbec_camera_msgs) StdoutLine: {'line': b'[ 73%] Building CXX object CMakeFiles/orbbec_camera_msgs__rosidl_typesupport_fastrtps_c.dir/rosidl_typesupport_fastrtps_c/orbbec_camera_msgs/msg/detail/depth_filter_param__type_support_c.cpp.o\n'}
[34.022243] (orbbec_camera_msgs) StdoutLine: {'line': b'[ 75%] Building CXX object CMakeFiles/orbbec_camera_msgs__rosidl_typesupport_fastrtps_c.dir/rosidl_typesupport_fastrtps_c/orbbec_camera_msgs/msg/detail/imu_info__type_support_c.cpp.o\n'}
[34.022609] (orbbec_camera_msgs) StdoutLine: {'line': b'[ 75%] Building CXX object CMakeFiles/orbbec_camera_msgs__rosidl_typesupport_fastrtps_c.dir/rosidl_typesupport_fastrtps_c/orbbec_camera_msgs/msg/detail/depth_filters_status__type_support_c.cpp.o\n'}
[34.022724] (orbbec_camera_msgs) StdoutLine: {'line': b'[ 75%] Building CXX object CMakeFiles/orbbec_camera_msgs__rosidl_typesupport_fastrtps_c.dir/rosidl_typesupport_fastrtps_c/orbbec_camera_msgs/msg/detail/metadata__type_support_c.cpp.o\n'}
[34.022791] (orbbec_camera_msgs) StdoutLine: {'line': b'[ 78%] Building CXX object CMakeFiles/orbbec_camera_msgs__rosidl_typesupport_fastrtps_c.dir/rosidl_typesupport_fastrtps_c/orbbec_camera_msgs/srv/detail/get_camera_info__type_support_c.cpp.o\n'}
[34.022851] (orbbec_camera_msgs) StdoutLine: {'line': b'[ 78%] Building CXX object CMakeFiles/orbbec_camera_msgs__rosidl_typesupport_fastrtps_c.dir/rosidl_typesupport_fastrtps_c/orbbec_camera_msgs/msg/detail/device_status__type_support_c.cpp.o\n'}
[34.023018] (orbbec_camera_msgs) StdoutLine: {'line': b'[ 78%] Building CXX object CMakeFiles/orbbec_camera_msgs__rosidl_typesupport_fastrtps_c.dir/rosidl_typesupport_fastrtps_c/orbbec_camera_msgs/srv/detail/get_device_info__type_support_c.cpp.o\n'}
[34.023090] (orbbec_camera_msgs) StdoutLine: {'line': b'[ 78%] Building CXX object CMakeFiles/orbbec_camera_msgs__rosidl_typesupport_fastrtps_c.dir/rosidl_typesupport_fastrtps_c/orbbec_camera_msgs/srv/detail/get_bool__type_support_c.cpp.o\n'}
[34.024157] (orbbec_camera_msgs) StdoutLine: {'line': b'[ 79%] Building CXX object CMakeFiles/orbbec_camera_msgs__rosidl_typesupport_fastrtps_c.dir/rosidl_typesupport_fastrtps_c/orbbec_camera_msgs/srv/detail/get_int32__type_support_c.cpp.o\n'}
[34.033352] (orbbec_camera_msgs) StdoutLine: {'line': b'[ 79%] Building CXX object CMakeFiles/orbbec_camera_msgs__rosidl_typesupport_fastrtps_c.dir/rosidl_typesupport_fastrtps_c/orbbec_camera_msgs/srv/detail/get_string__type_support_c.cpp.o\n'}
[34.033528] (orbbec_camera_msgs) StdoutLine: {'line': b'[ 80%] Building CXX object CMakeFiles/orbbec_camera_msgs__rosidl_typesupport_fastrtps_c.dir/rosidl_typesupport_fastrtps_c/orbbec_camera_msgs/srv/detail/set_filter__type_support_c.cpp.o\n'}
[34.039727] (orbbec_camera_msgs) StdoutLine: {'line': b'[ 81%] Linking C shared library liborbbec_camera_msgs__rosidl_typesupport_introspection_c.so\n'}
[34.049213] (orbbec_camera_msgs) StdoutLine: {'line': b'[ 81%] Building CXX object CMakeFiles/orbbec_camera_msgs__rosidl_typesupport_fastrtps_c.dir/rosidl_typesupport_fastrtps_c/orbbec_camera_msgs/srv/detail/set_int32__type_support_c.cpp.o\n'}
[34.060568] (orbbec_camera_msgs) StdoutLine: {'line': b'[ 82%] Building CXX object CMakeFiles/orbbec_camera_msgs__rosidl_typesupport_fastrtps_c.dir/rosidl_typesupport_fastrtps_c/orbbec_camera_msgs/srv/detail/set_string__type_support_c.cpp.o\n'}
[34.068630] (orbbec_camera_msgs) StdoutLine: {'line': b'[ 82%] Building CXX object CMakeFiles/orbbec_camera_msgs__rosidl_typesupport_fastrtps_c.dir/rosidl_typesupport_fastrtps_c/orbbec_camera_msgs/srv/detail/set_arrays__type_support_c.cpp.o\n'}
[34.083093] (-) TimerEvent: {}
[34.086301] (orbbec_camera_msgs) StdoutLine: {'line': b'[ 83%] Building CXX object CMakeFiles/orbbec_camera_msgs__rosidl_typesupport_fastrtps_c.dir/rosidl_typesupport_fastrtps_c/orbbec_camera_msgs/srv/detail/get_user_calib_params__type_support_c.cpp.o\n'}
[34.088670] (orbbec_camera_msgs) StdoutLine: {'line': b'[ 83%] Building CXX object CMakeFiles/orbbec_camera_msgs__rosidl_typesupport_fastrtps_c.dir/rosidl_typesupport_fastrtps_c/orbbec_camera_msgs/srv/detail/set_user_calib_params__type_support_c.cpp.o\n'}
[34.091752] (orbbec_camera_msgs) StdoutLine: {'line': b'[ 83%] Built target orbbec_camera_msgs__rosidl_typesupport_introspection_c\n'}
[34.183206] (-) TimerEvent: {}
[34.283394] (-) TimerEvent: {}
[34.290116] (orbbec_camera_msgs) StdoutLine: {'line': b'[ 84%] Linking CXX shared library liborbbec_camera_msgs__rosidl_typesupport_fastrtps_cpp.so\n'}
[34.354840] (orbbec_camera_msgs) StdoutLine: {'line': b'[ 84%] Built target orbbec_camera_msgs__rosidl_typesupport_fastrtps_cpp\n'}
[34.383585] (-) TimerEvent: {}
[34.447149] (orbbec_camera_msgs) StdoutLine: {'line': b'[ 85%] Linking CXX shared library liborbbec_camera_msgs__rosidl_typesupport_fastrtps_c.so\n'}
[34.483673] (-) TimerEvent: {}
[34.511184] (orbbec_camera_msgs) StdoutLine: {'line': b'[ 85%] Built target orbbec_camera_msgs__rosidl_typesupport_fastrtps_c\n'}
[34.534414] (orbbec_camera_msgs) StdoutLine: {'line': b'[ 85%] Built target orbbec_camera_msgs\n'}
[34.565837] (orbbec_camera_msgs) StdoutLine: {'line': b'[ 86%] Generating Python code for ROS interfaces\n'}
[34.583747] (-) TimerEvent: {}
[34.683864] (-) TimerEvent: {}
[34.784006] (-) TimerEvent: {}
[34.884129] (-) TimerEvent: {}
[34.984313] (-) TimerEvent: {}
[35.084449] (-) TimerEvent: {}
[35.184607] (-) TimerEvent: {}
[35.284857] (-) TimerEvent: {}
[35.385050] (-) TimerEvent: {}
[35.485237] (-) TimerEvent: {}
[35.585438] (-) TimerEvent: {}
[35.685775] (-) TimerEvent: {}
[35.785921] (-) TimerEvent: {}
[35.886070] (-) TimerEvent: {}
[35.986244] (-) TimerEvent: {}
[36.086387] (-) TimerEvent: {}
[36.186636] (-) TimerEvent: {}
[36.286775] (-) TimerEvent: {}
[36.312351] (orbbec_camera_msgs) StdoutLine: {'line': b'[ 86%] Built target orbbec_camera_msgs__py\n'}
[36.333666] (orbbec_camera_msgs) StdoutLine: {'line': b'[ 86%] Building C object CMakeFiles/orbbec_camera_msgs__rosidl_generator_py.dir/rosidl_generator_py/orbbec_camera_msgs/msg/_rgbd_s.c.o\n'}
[36.334450] (orbbec_camera_msgs) StdoutLine: {'line': b'[ 86%] Building C object CMakeFiles/orbbec_camera_msgs__rosidl_generator_py.dir/rosidl_generator_py/orbbec_camera_msgs/msg/_device_info_s.c.o\n'}
[36.334997] (orbbec_camera_msgs) StdoutLine: {'line': b'[ 87%] Building C object CMakeFiles/orbbec_camera_msgs__rosidl_generator_py.dir/rosidl_generator_py/orbbec_camera_msgs/srv/_get_bool_s.c.o\n'}
[36.335160] (orbbec_camera_msgs) StdoutLine: {'line': b'[ 88%] Building C object CMakeFiles/orbbec_camera_msgs__rosidl_generator_py.dir/rosidl_generator_py/orbbec_camera_msgs/srv/_get_device_info_s.c.o\n'}
[36.335280] (orbbec_camera_msgs) StdoutLine: {'line': b'[ 89%] Building C object CMakeFiles/orbbec_camera_msgs__rosidl_generator_py.dir/rosidl_generator_py/orbbec_camera_msgs/msg/_device_status_s.c.o\n'}
[36.335416] (orbbec_camera_msgs) StdoutLine: {'line': b'[ 89%] Building C object CMakeFiles/orbbec_camera_msgs__rosidl_generator_py.dir/rosidl_generator_py/orbbec_camera_msgs/msg/_depth_filter_param_s.c.o\n'}
[36.335791] (orbbec_camera_msgs) StdoutLine: {'line': b'[ 91%] Building C object CMakeFiles/orbbec_camera_msgs__rosidl_generator_py.dir/rosidl_generator_py/orbbec_camera_msgs/msg/_depth_filters_status_s.c.o\n'}
[36.335932] (orbbec_camera_msgs) StdoutLine: {'line': b'[ 91%] Building C object CMakeFiles/orbbec_camera_msgs__rosidl_generator_py.dir/rosidl_generator_py/orbbec_camera_msgs/msg/_depth_filter_state_s.c.o\n'}
[36.336044] (orbbec_camera_msgs) StdoutLine: {'line': b'[ 91%] Building C object CMakeFiles/orbbec_camera_msgs__rosidl_generator_py.dir/rosidl_generator_py/orbbec_camera_msgs/srv/_get_int32_s.c.o\n'}
[36.336153] (orbbec_camera_msgs) StdoutLine: {'line': b'[ 91%] Building C object CMakeFiles/orbbec_camera_msgs__rosidl_generator_py.dir/rosidl_generator_py/orbbec_camera_msgs/srv/_get_string_s.c.o\n'}
[36.336809] (orbbec_camera_msgs) StdoutLine: {'line': b'[ 92%] Building C object CMakeFiles/orbbec_camera_msgs__rosidl_generator_py.dir/rosidl_generator_py/orbbec_camera_msgs/msg/_extrinsics_s.c.o\n'}
[36.336968] (orbbec_camera_msgs) StdoutLine: {'line': b'[ 92%] Building C object CMakeFiles/orbbec_camera_msgs__rosidl_generator_py.dir/rosidl_generator_py/orbbec_camera_msgs/msg/_metadata_s.c.o\n'}
[36.337493] (orbbec_camera_msgs) StdoutLine: {'line': b'[ 93%] Building C object CMakeFiles/orbbec_camera_msgs__rosidl_generator_py.dir/rosidl_generator_py/orbbec_camera_msgs/msg/_imu_info_s.c.o\n'}
[36.337975] (orbbec_camera_msgs) StdoutLine: {'line': b'[ 93%] Building C object CMakeFiles/orbbec_camera_msgs__rosidl_generator_py.dir/rosidl_generator_py/orbbec_camera_msgs/srv/_set_arrays_s.c.o\n'}
[36.338072] (orbbec_camera_msgs) StdoutLine: {'line': b'[ 94%] Building C object CMakeFiles/orbbec_camera_msgs__rosidl_generator_py.dir/rosidl_generator_py/orbbec_camera_msgs/srv/_get_user_calib_params_s.c.o\n'}
[36.338391] (orbbec_camera_msgs) StdoutLine: {'line': b'[ 94%] Building C object CMakeFiles/orbbec_camera_msgs__rosidl_generator_py.dir/rosidl_generator_py/orbbec_camera_msgs/srv/_get_camera_info_s.c.o\n'}
[36.339197] (orbbec_camera_msgs) StdoutLine: {'line': b'[ 94%] Building C object CMakeFiles/orbbec_camera_msgs__rosidl_generator_py.dir/rosidl_generator_py/orbbec_camera_msgs/srv/_set_user_calib_params_s.c.o\n'}
[36.340404] (orbbec_camera_msgs) StdoutLine: {'line': b'[ 95%] Building C object CMakeFiles/orbbec_camera_msgs__rosidl_generator_py.dir/rosidl_generator_py/orbbec_camera_msgs/srv/_set_int32_s.c.o\n'}
[36.340659] (orbbec_camera_msgs) StdoutLine: {'line': b'[ 95%] Building C object CMakeFiles/orbbec_camera_msgs__rosidl_generator_py.dir/rosidl_generator_py/orbbec_camera_msgs/srv/_set_filter_s.c.o\n'}
[36.341054] (orbbec_camera_msgs) StdoutLine: {'line': b'[ 96%] Building C object CMakeFiles/orbbec_camera_msgs__rosidl_generator_py.dir/rosidl_generator_py/orbbec_camera_msgs/srv/_set_string_s.c.o\n'}
[36.386894] (-) TimerEvent: {}
[36.487109] (-) TimerEvent: {}
[36.518694] (orbbec_camera_msgs) StdoutLine: {'line': b'[ 97%] Linking C shared library rosidl_generator_py/orbbec_camera_msgs/liborbbec_camera_msgs__rosidl_generator_py.so\n'}
[36.558021] (orbbec_camera_msgs) StdoutLine: {'line': b'[ 97%] Built target orbbec_camera_msgs__rosidl_generator_py\n'}
[36.580071] (orbbec_camera_msgs) StdoutLine: {'line': b'[ 97%] Building C object CMakeFiles/orbbec_camera_msgs__rosidl_typesupport_fastrtps_c__pyext.dir/rosidl_generator_py/orbbec_camera_msgs/_orbbec_camera_msgs_s.ep.rosidl_typesupport_fastrtps_c.c.o\n'}
[36.580220] (orbbec_camera_msgs) StdoutLine: {'line': b'[ 97%] Building C object CMakeFiles/orbbec_camera_msgs__rosidl_typesupport_c__pyext.dir/rosidl_generator_py/orbbec_camera_msgs/_orbbec_camera_msgs_s.ep.rosidl_typesupport_c.c.o\n'}
[36.580514] (orbbec_camera_msgs) StdoutLine: {'line': b'[ 97%] Building C object CMakeFiles/orbbec_camera_msgs__rosidl_typesupport_introspection_c__pyext.dir/rosidl_generator_py/orbbec_camera_msgs/_orbbec_camera_msgs_s.ep.rosidl_typesupport_introspection_c.c.o\n'}
[36.587215] (-) TimerEvent: {}
[36.687446] (-) TimerEvent: {}
[36.787609] (-) TimerEvent: {}
[36.883063] (orbbec_camera_msgs) StdoutLine: {'line': b'[ 98%] Linking C shared library rosidl_generator_py/orbbec_camera_msgs/orbbec_camera_msgs_s__rosidl_typesupport_fastrtps_c.cpython-310-x86_64-linux-gnu.so\n'}
[36.887683] (-) TimerEvent: {}
[36.893162] (orbbec_camera_msgs) StdoutLine: {'line': b'[ 99%] Linking C shared library rosidl_generator_py/orbbec_camera_msgs/orbbec_camera_msgs_s__rosidl_typesupport_introspection_c.cpython-310-x86_64-linux-gnu.so\n'}
[36.899261] (orbbec_camera_msgs) StdoutLine: {'line': b'[100%] Linking C shared library rosidl_generator_py/orbbec_camera_msgs/orbbec_camera_msgs_s__rosidl_typesupport_c.cpython-310-x86_64-linux-gnu.so\n'}
[36.920872] (orbbec_camera_msgs) StdoutLine: {'line': b'[100%] Built target orbbec_camera_msgs__rosidl_typesupport_fastrtps_c__pyext\n'}
[36.931827] (orbbec_camera_msgs) StdoutLine: {'line': b'[100%] Built target orbbec_camera_msgs__rosidl_typesupport_introspection_c__pyext\n'}
[36.936461] (orbbec_camera_msgs) StdoutLine: {'line': b'[100%] Built target orbbec_camera_msgs__rosidl_typesupport_c__pyext\n'}
[36.987845] (-) TimerEvent: {}
[37.088083] (-) TimerEvent: {}
[37.188327] (-) TimerEvent: {}
[37.288713] (-) TimerEvent: {}
[37.388978] (-) TimerEvent: {}
[37.489332] (-) TimerEvent: {}
[37.589639] (-) TimerEvent: {}
[37.689922] (-) TimerEvent: {}
[37.790245] (-) TimerEvent: {}
[37.890568] (-) TimerEvent: {}
[37.990836] (-) TimerEvent: {}
[38.091123] (-) TimerEvent: {}
[38.191415] (-) TimerEvent: {}
[38.291734] (-) TimerEvent: {}
[38.391996] (-) TimerEvent: {}
[38.492256] (-) TimerEvent: {}
[38.592630] (-) TimerEvent: {}
[38.693036] (-) TimerEvent: {}
[38.793316] (-) TimerEvent: {}
[38.893598] (-) TimerEvent: {}
[38.993906] (-) TimerEvent: {}
[39.094200] (-) TimerEvent: {}
[39.194367] (-) TimerEvent: {}
[39.294602] (-) TimerEvent: {}
[39.394797] (-) TimerEvent: {}
[39.495029] (-) TimerEvent: {}
[39.595268] (-) TimerEvent: {}
[39.695507] (-) TimerEvent: {}
[39.795710] (-) TimerEvent: {}
[39.895878] (-) TimerEvent: {}
[39.996090] (-) TimerEvent: {}
[40.096292] (-) TimerEvent: {}
[40.196487] (-) TimerEvent: {}
[40.296719] (-) TimerEvent: {}
[40.396939] (-) TimerEvent: {}
[40.497152] (-) TimerEvent: {}
[40.597401] (-) TimerEvent: {}
[40.697645] (-) TimerEvent: {}
[40.797857] (-) TimerEvent: {}
[40.898101] (-) TimerEvent: {}
[40.998331] (-) TimerEvent: {}
[41.098577] (-) TimerEvent: {}
[41.198769] (-) TimerEvent: {}
[41.298999] (-) TimerEvent: {}
[41.399252] (-) TimerEvent: {}
[41.499482] (-) TimerEvent: {}
[41.599719] (-) TimerEvent: {}
[41.699949] (-) TimerEvent: {}
[41.800181] (-) TimerEvent: {}
[41.900422] (-) TimerEvent: {}
[42.000653] (-) TimerEvent: {}
[42.100861] (-) TimerEvent: {}
[42.201034] (-) TimerEvent: {}
[42.301232] (-) TimerEvent: {}
[42.401468] (-) TimerEvent: {}
[42.501762] (-) TimerEvent: {}
[42.602020] (-) TimerEvent: {}
[42.702246] (-) TimerEvent: {}
[42.802486] (-) TimerEvent: {}
[42.902707] (-) TimerEvent: {}
[43.002946] (-) TimerEvent: {}
[43.103170] (-) TimerEvent: {}
[43.203372] (-) TimerEvent: {}
[43.303630] (-) TimerEvent: {}
[43.403834] (-) TimerEvent: {}
[43.504046] (-) TimerEvent: {}
[43.604273] (-) TimerEvent: {}
[43.704510] (-) TimerEvent: {}
[43.804771] (-) TimerEvent: {}
[43.905030] (-) TimerEvent: {}
[44.005277] (-) TimerEvent: {}
[44.105504] (-) TimerEvent: {}
[44.205783] (-) TimerEvent: {}
[44.306035] (-) TimerEvent: {}
[44.406279] (-) TimerEvent: {}
[44.506614] (-) TimerEvent: {}
[44.606847] (-) TimerEvent: {}
[44.707072] (-) TimerEvent: {}
[44.807305] (-) TimerEvent: {}
[44.907519] (-) TimerEvent: {}
[45.007738] (-) TimerEvent: {}
[45.107963] (-) TimerEvent: {}
[45.208171] (-) TimerEvent: {}
[45.308392] (-) TimerEvent: {}
[45.408612] (-) TimerEvent: {}
[45.508820] (-) TimerEvent: {}
[45.609047] (-) TimerEvent: {}
[45.709266] (-) TimerEvent: {}
[45.809498] (-) TimerEvent: {}
[45.909713] (-) TimerEvent: {}
[46.010019] (-) TimerEvent: {}
[46.110291] (-) TimerEvent: {}
[46.210618] (-) TimerEvent: {}
[46.310864] (-) TimerEvent: {}
[46.411091] (-) TimerEvent: {}
[46.511304] (-) TimerEvent: {}
[46.611617] (-) TimerEvent: {}
[46.711879] (-) TimerEvent: {}
[46.812136] (-) TimerEvent: {}
[46.912377] (-) TimerEvent: {}
[47.012610] (-) TimerEvent: {}
[47.112760] (-) TimerEvent: {}
[47.212901] (-) TimerEvent: {}
[47.313134] (-) TimerEvent: {}
[47.413401] (-) TimerEvent: {}
[47.513636] (-) TimerEvent: {}
[47.613870] (-) TimerEvent: {}
[47.714143] (-) TimerEvent: {}
[47.814402] (-) TimerEvent: {}
[47.914680] (-) TimerEvent: {}
[48.014898] (-) TimerEvent: {}
[48.115114] (-) TimerEvent: {}
[48.215314] (-) TimerEvent: {}
[48.315586] (-) TimerEvent: {}
[48.415766] (-) TimerEvent: {}
[48.515985] (-) TimerEvent: {}
[48.616241] (-) TimerEvent: {}
[48.716510] (-) TimerEvent: {}
[48.816844] (-) TimerEvent: {}
[48.917107] (-) TimerEvent: {}
[49.017435] (-) TimerEvent: {}
[49.117710] (-) TimerEvent: {}
[49.217899] (-) TimerEvent: {}
[49.318133] (-) TimerEvent: {}
[49.418362] (-) TimerEvent: {}
[49.518614] (-) TimerEvent: {}
[49.618820] (-) TimerEvent: {}
[49.719060] (-) TimerEvent: {}
[49.819354] (-) TimerEvent: {}
[49.919726] (-) TimerEvent: {}
[50.020002] (-) TimerEvent: {}
[50.120258] (-) TimerEvent: {}
[50.220495] (-) TimerEvent: {}
[50.320786] (-) TimerEvent: {}
[50.421004] (-) TimerEvent: {}
[50.521244] (-) TimerEvent: {}
[50.621464] (-) TimerEvent: {}
[50.721704] (-) TimerEvent: {}
[50.821901] (-) TimerEvent: {}
[50.922122] (-) TimerEvent: {}
[51.022356] (-) TimerEvent: {}
[51.122600] (-) TimerEvent: {}
[51.222820] (-) TimerEvent: {}
[51.323072] (-) TimerEvent: {}
[51.423338] (-) TimerEvent: {}
[51.523601] (-) TimerEvent: {}
[51.623814] (-) TimerEvent: {}
[51.724029] (-) TimerEvent: {}
[51.824248] (-) TimerEvent: {}
[51.924425] (-) TimerEvent: {}
[52.024657] (-) TimerEvent: {}
[52.124839] (-) TimerEvent: {}
[52.225017] (-) TimerEvent: {}
[52.325228] (-) TimerEvent: {}
[52.425438] (-) TimerEvent: {}
[52.525667] (-) TimerEvent: {}
[52.625892] (-) TimerEvent: {}
[52.726111] (-) TimerEvent: {}
[52.826335] (-) TimerEvent: {}
[52.926522] (-) TimerEvent: {}
[53.026744] (-) TimerEvent: {}
[53.126953] (-) TimerEvent: {}
[53.227165] (-) TimerEvent: {}
[53.327363] (-) TimerEvent: {}
[53.427566] (-) TimerEvent: {}
[53.527778] (-) TimerEvent: {}
[53.628009] (-) TimerEvent: {}
[53.728242] (-) TimerEvent: {}
[53.828478] (-) TimerEvent: {}
[53.928710] (-) TimerEvent: {}
[54.028933] (-) TimerEvent: {}
[54.129156] (-) TimerEvent: {}
[54.229387] (-) TimerEvent: {}
[54.329761] (-) TimerEvent: {}
[54.429992] (-) TimerEvent: {}
[54.530176] (-) TimerEvent: {}
[54.630408] (-) TimerEvent: {}
[54.730617] (-) TimerEvent: {}
[54.830816] (-) TimerEvent: {}
[54.931036] (-) TimerEvent: {}
[55.031292] (-) TimerEvent: {}
[55.131512] (-) TimerEvent: {}
[55.231833] (-) TimerEvent: {}
[55.332066] (-) TimerEvent: {}
[55.432274] (-) TimerEvent: {}
[55.532479] (-) TimerEvent: {}
[55.632706] (-) TimerEvent: {}
[55.732924] (-) TimerEvent: {}
[55.833112] (-) TimerEvent: {}
[55.933289] (-) TimerEvent: {}
[56.033496] (-) TimerEvent: {}
[56.133711] (-) TimerEvent: {}
[56.233937] (-) TimerEvent: {}
[56.334162] (-) TimerEvent: {}
[56.434379] (-) TimerEvent: {}
[56.534624] (-) TimerEvent: {}
[56.634813] (-) TimerEvent: {}
[56.735092] (-) TimerEvent: {}
[56.835339] (-) TimerEvent: {}
[56.935620] (-) TimerEvent: {}
[57.035851] (-) TimerEvent: {}
[57.136105] (-) TimerEvent: {}
[57.236340] (-) TimerEvent: {}
[57.336583] (-) TimerEvent: {}
[57.436806] (-) TimerEvent: {}
[57.536999] (-) TimerEvent: {}
[57.637222] (-) TimerEvent: {}
[57.737432] (-) TimerEvent: {}
[57.837649] (-) TimerEvent: {}
[57.937867] (-) TimerEvent: {}
[58.038112] (-) TimerEvent: {}
[58.138330] (-) TimerEvent: {}
[58.238484] (-) TimerEvent: {}
[58.338694] (-) TimerEvent: {}
[58.438903] (-) TimerEvent: {}
[58.539152] (-) TimerEvent: {}
[58.639370] (-) TimerEvent: {}
[58.739566] (-) TimerEvent: {}
[58.839705] (-) TimerEvent: {}
[58.939854] (-) TimerEvent: {}
[59.040115] (-) TimerEvent: {}
[59.140337] (-) TimerEvent: {}
[59.240512] (-) TimerEvent: {}
[59.340664] (-) TimerEvent: {}
[59.440828] (-) TimerEvent: {}
[59.541009] (-) TimerEvent: {}
[59.641211] (-) TimerEvent: {}
[59.741456] (-) TimerEvent: {}
[59.841658] (-) TimerEvent: {}
[59.941880] (-) TimerEvent: {}
[60.042112] (-) TimerEvent: {}
[60.142313] (-) TimerEvent: {}
[60.242554] (-) TimerEvent: {}
[60.342729] (-) TimerEvent: {}
[60.442985] (-) TimerEvent: {}
[60.543256] (-) TimerEvent: {}
[60.643498] (-) TimerEvent: {}
[60.743715] (-) TimerEvent: {}
[60.843904] (-) TimerEvent: {}
[60.944109] (-) TimerEvent: {}
[61.044389] (-) TimerEvent: {}
[61.144695] (-) TimerEvent: {}
[61.244969] (-) TimerEvent: {}
[61.345271] (-) TimerEvent: {}
[61.445600] (-) TimerEvent: {}
[61.545916] (-) TimerEvent: {}
[61.555806] (orbbec_camera_msgs) CommandEnded: {'returncode': 0}
[61.556935] (orbbec_camera_msgs) JobProgress: {'identifier': 'orbbec_camera_msgs', 'progress': 'install'}
[61.557474] (orbbec_camera_msgs) Command: {'cmd': ['/usr/bin/cmake', '--install', '/home/sophie/isaac_lab/isaac_ws/rl_code/soarm100sim/third_party/orbbec_ws/build_287/orbbec_camera_msgs'], 'cwd': '/home/sophie/isaac_lab/isaac_ws/rl_code/soarm100sim/third_party/orbbec_ws/build_287/orbbec_camera_msgs', 'env': OrderedDict([('USER', 'sophie'), ('SHLVL', '0'), ('LD_LIBRARY_PATH', '/usr/lib/x86_64-linux-gnu/gazebo-11/plugins:/opt/ros/humble/opt/rviz_ogre_vendor/lib:/opt/ros/humble/lib/x86_64-linux-gnu:/opt/ros/humble/lib'), ('HOME', '/home/sophie'), ('ROS_PYTHON_VERSION', '3'), ('ROS_DISTRO', 'humble'), ('_', '/usr/bin/colcon'), ('ROS_VERSION', '2'), ('ROS_LOCALHOST_ONLY', '0'), ('PATH', '/opt/ros/humble/bin:/usr/local/sbin:/usr/local/bin:/usr/sbin:/usr/bin:/sbin:/bin'), ('LANG', 'C.UTF-8'), ('AMENT_PREFIX_PATH', '/opt/ros/humble'), ('PWD', '/home/sophie/isaac_lab/isaac_ws/rl_code/soarm100sim/third_party/orbbec_ws/build_287/orbbec_camera_msgs'), ('PYTHONPATH', '/opt/ros/humble/lib/python3.10/site-packages:/opt/ros/humble/local/lib/python3.10/dist-packages'), ('COLCON', '1'), ('CMAKE_PREFIX_PATH', '/opt/ros/humble')]), 'shell': False}
[61.570147] (orbbec_camera_msgs) StdoutLine: {'line': b'-- Install configuration: "Release"\n'}
[61.570452] (orbbec_camera_msgs) StdoutLine: {'line': b'-- Installing: /home/sophie/isaac_lab/isaac_ws/rl_code/soarm100sim/third_party/orbbec_ws/install_287/orbbec_camera_msgs/share/ament_index/resource_index/rosidl_interfaces/orbbec_camera_msgs\n'}
[61.570593] (orbbec_camera_msgs) StdoutLine: {'line': b'-- Installing: /home/sophie/isaac_lab/isaac_ws/rl_code/soarm100sim/third_party/orbbec_ws/install_287/orbbec_camera_msgs/include/orbbec_camera_msgs/orbbec_camera_msgs\n'}
[61.570893] (orbbec_camera_msgs) StdoutLine: {'line': b'-- Installing: /home/sophie/isaac_lab/isaac_ws/rl_code/soarm100sim/third_party/orbbec_ws/install_287/orbbec_camera_msgs/include/orbbec_camera_msgs/orbbec_camera_msgs/srv\n'}
[61.570951] (orbbec_camera_msgs) StdoutLine: {'line': b'-- Installing: /home/sophie/isaac_lab/isaac_ws/rl_code/soarm100sim/third_party/orbbec_ws/install_287/orbbec_camera_msgs/include/orbbec_camera_msgs/orbbec_camera_msgs/srv/detail\n'}
[61.571009] (orbbec_camera_msgs) StdoutLine: {'line': b'-- Installing: /home/sophie/isaac_lab/isaac_ws/rl_code/soarm100sim/third_party/orbbec_ws/install_287/orbbec_camera_msgs/include/orbbec_camera_msgs/orbbec_camera_msgs/srv/detail/get_bool__type_support.h\n'}
[61.571160] (orbbec_camera_msgs) StdoutLine: {'line': b'-- Installing: /home/sophie/isaac_lab/isaac_ws/rl_code/soarm100sim/third_party/orbbec_ws/install_287/orbbec_camera_msgs/include/orbbec_camera_msgs/orbbec_camera_msgs/srv/detail/get_int32__functions.h\n'}
[61.571219] (orbbec_camera_msgs) StdoutLine: {'line': b'-- Installing: /home/sophie/isaac_lab/isaac_ws/rl_code/soarm100sim/third_party/orbbec_ws/install_287/orbbec_camera_msgs/include/orbbec_camera_msgs/orbbec_camera_msgs/srv/detail/get_string__functions.c\n'}
[61.571273] (orbbec_camera_msgs) StdoutLine: {'line': b'-- Installing: /home/sophie/isaac_lab/isaac_ws/rl_code/soarm100sim/third_party/orbbec_ws/install_287/orbbec_camera_msgs/include/orbbec_camera_msgs/orbbec_camera_msgs/srv/detail/set_arrays__functions.h\n'}
[61.571385] (orbbec_camera_msgs) StdoutLine: {'line': b'-- Installing: /home/sophie/isaac_lab/isaac_ws/rl_code/soarm100sim/third_party/orbbec_ws/install_287/orbbec_camera_msgs/include/orbbec_camera_msgs/orbbec_camera_msgs/srv/detail/get_user_calib_params__functions.h\n'}
[61.571442] (orbbec_camera_msgs) StdoutLine: {'line': b'-- Installing: /home/sophie/isaac_lab/isaac_ws/rl_code/soarm100sim/third_party/orbbec_ws/install_287/orbbec_camera_msgs/include/orbbec_camera_msgs/orbbec_camera_msgs/srv/detail/set_int32__struct.h\n'}
[61.571554] (orbbec_camera_msgs) StdoutLine: {'line': b'-- Installing: /home/sophie/isaac_lab/isaac_ws/rl_code/soarm100sim/third_party/orbbec_ws/install_287/orbbec_camera_msgs/include/orbbec_camera_msgs/orbbec_camera_msgs/srv/detail/get_user_calib_params__struct.h\n'}
[61.571658] (orbbec_camera_msgs) StdoutLine: {'line': b'-- Installing: /home/sophie/isaac_lab/isaac_ws/rl_code/soarm100sim/third_party/orbbec_ws/install_287/orbbec_camera_msgs/include/orbbec_camera_msgs/orbbec_camera_msgs/srv/detail/get_string__struct.h\n'}
[61.571709] (orbbec_camera_msgs) StdoutLine: {'line': b'-- Installing: /home/sophie/isaac_lab/isaac_ws/rl_code/soarm100sim/third_party/orbbec_ws/install_287/orbbec_camera_msgs/include/orbbec_camera_msgs/orbbec_camera_msgs/srv/detail/set_string__functions.c\n'}
[61.571812] (orbbec_camera_msgs) StdoutLine: {'line': b'-- Installing: /home/sophie/isaac_lab/isaac_ws/rl_code/soarm100sim/third_party/orbbec_ws/install_287/orbbec_camera_msgs/include/orbbec_camera_msgs/orbbec_camera_msgs/srv/detail/get_bool__functions.c\n'}
[61.571912] (orbbec_camera_msgs) StdoutLine: {'line': b'-- Installing: /home/sophie/isaac_lab/isaac_ws/rl_code/soarm100sim/third_party/orbbec_ws/install_287/orbbec_camera_msgs/include/orbbec_camera_msgs/orbbec_camera_msgs/srv/detail/get_camera_info__struct.h\n'}
[61.571961] (orbbec_camera_msgs) StdoutLine: {'line': b'-- Installing: /home/sophie/isaac_lab/isaac_ws/rl_code/soarm100sim/third_party/orbbec_ws/install_287/orbbec_camera_msgs/include/orbbec_camera_msgs/orbbec_camera_msgs/srv/detail/set_int32__functions.c\n'}
[61.572065] (orbbec_camera_msgs) StdoutLine: {'line': b'-- Installing: /home/sophie/isaac_lab/isaac_ws/rl_code/soarm100sim/third_party/orbbec_ws/install_287/orbbec_camera_msgs/include/orbbec_camera_msgs/orbbec_camera_msgs/srv/detail/get_user_calib_params__functions.c\n'}
[61.572120] (orbbec_camera_msgs) StdoutLine: {'line': b'-- Installing: /home/sophie/isaac_lab/isaac_ws/rl_code/soarm100sim/third_party/orbbec_ws/install_287/orbbec_camera_msgs/include/orbbec_camera_msgs/orbbec_camera_msgs/srv/detail/set_string__type_support.h\n'}
[61.572227] (orbbec_camera_msgs) StdoutLine: {'line': b'-- Installing: /home/sophie/isaac_lab/isaac_ws/rl_code/soarm100sim/third_party/orbbec_ws/install_287/orbbec_camera_msgs/include/orbbec_camera_msgs/orbbec_camera_msgs/srv/detail/get_device_info__struct.h\n'}
[61.572279] (orbbec_camera_msgs) StdoutLine: {'line': b'-- Installing: /home/sophie/isaac_lab/isaac_ws/rl_code/soarm100sim/third_party/orbbec_ws/install_287/orbbec_camera_msgs/include/orbbec_camera_msgs/orbbec_camera_msgs/srv/detail/set_arrays__struct.h\n'}
[61.572433] (orbbec_camera_msgs) StdoutLine: {'line': b'-- Installing: /home/sophie/isaac_lab/isaac_ws/rl_code/soarm100sim/third_party/orbbec_ws/install_287/orbbec_camera_msgs/include/orbbec_camera_msgs/orbbec_camera_msgs/srv/detail/set_arrays__type_support.h\n'}
[61.572485] (orbbec_camera_msgs) StdoutLine: {'line': b'-- Installing: /home/sophie/isaac_lab/isaac_ws/rl_code/soarm100sim/third_party/orbbec_ws/install_287/orbbec_camera_msgs/include/orbbec_camera_msgs/orbbec_camera_msgs/srv/detail/set_user_calib_params__type_support.h\n'}
[61.572535] (orbbec_camera_msgs) StdoutLine: {'line': b'-- Installing: /home/sophie/isaac_lab/isaac_ws/rl_code/soarm100sim/third_party/orbbec_ws/install_287/orbbec_camera_msgs/include/orbbec_camera_msgs/orbbec_camera_msgs/srv/detail/get_bool__functions.h\n'}
[61.572686] (orbbec_camera_msgs) StdoutLine: {'line': b'-- Installing: /home/sophie/isaac_lab/isaac_ws/rl_code/soarm100sim/third_party/orbbec_ws/install_287/orbbec_camera_msgs/include/orbbec_camera_msgs/orbbec_camera_msgs/srv/detail/set_string__functions.h\n'}
[61.572734] (orbbec_camera_msgs) StdoutLine: {'line': b'-- Installing: /home/sophie/isaac_lab/isaac_ws/rl_code/soarm100sim/third_party/orbbec_ws/install_287/orbbec_camera_msgs/include/orbbec_camera_msgs/orbbec_camera_msgs/srv/detail/get_camera_info__type_support.h\n'}
[61.572783] (orbbec_camera_msgs) StdoutLine: {'line': b'-- Installing: /home/sophie/isaac_lab/isaac_ws/rl_code/soarm100sim/third_party/orbbec_ws/install_287/orbbec_camera_msgs/include/orbbec_camera_msgs/orbbec_camera_msgs/srv/detail/get_device_info__functions.h\n'}
[61.572887] (orbbec_camera_msgs) StdoutLine: {'line': b'-- Installing: /home/sophie/isaac_lab/isaac_ws/rl_code/soarm100sim/third_party/orbbec_ws/install_287/orbbec_camera_msgs/include/orbbec_camera_msgs/orbbec_camera_msgs/srv/detail/get_camera_info__functions.h\n'}
[61.572942] (orbbec_camera_msgs) StdoutLine: {'line': b'-- Installing: /home/sophie/isaac_lab/isaac_ws/rl_code/soarm100sim/third_party/orbbec_ws/install_287/orbbec_camera_msgs/include/orbbec_camera_msgs/orbbec_camera_msgs/srv/detail/get_string__type_support.h\n'}
[61.573046] (orbbec_camera_msgs) StdoutLine: {'line': b'-- Installing: /home/sophie/isaac_lab/isaac_ws/rl_code/soarm100sim/third_party/orbbec_ws/install_287/orbbec_camera_msgs/include/orbbec_camera_msgs/orbbec_camera_msgs/srv/detail/set_int32__functions.h\n'}
[61.573146] (orbbec_camera_msgs) StdoutLine: {'line': b'-- Installing: /home/sophie/isaac_lab/isaac_ws/rl_code/soarm100sim/third_party/orbbec_ws/install_287/orbbec_camera_msgs/include/orbbec_camera_msgs/orbbec_camera_msgs/srv/detail/get_bool__struct.h\n'}
[61.573200] (orbbec_camera_msgs) StdoutLine: {'line': b'-- Installing: /home/sophie/isaac_lab/isaac_ws/rl_code/soarm100sim/third_party/orbbec_ws/install_287/orbbec_camera_msgs/include/orbbec_camera_msgs/orbbec_camera_msgs/srv/detail/set_filter__functions.h\n'}
[61.573466] (orbbec_camera_msgs) StdoutLine: {'line': b'-- Installing: /home/sophie/isaac_lab/isaac_ws/rl_code/soarm100sim/third_party/orbbec_ws/install_287/orbbec_camera_msgs/include/orbbec_camera_msgs/orbbec_camera_msgs/srv/detail/set_user_calib_params__struct.h\n'}
[61.573517] (orbbec_camera_msgs) StdoutLine: {'line': b'-- Installing: /home/sophie/isaac_lab/isaac_ws/rl_code/soarm100sim/third_party/orbbec_ws/install_287/orbbec_camera_msgs/include/orbbec_camera_msgs/orbbec_camera_msgs/srv/detail/set_user_calib_params__functions.c\n'}
[61.573689] (orbbec_camera_msgs) StdoutLine: {'line': b'-- Installing: /home/sophie/isaac_lab/isaac_ws/rl_code/soarm100sim/third_party/orbbec_ws/install_287/orbbec_camera_msgs/include/orbbec_camera_msgs/orbbec_camera_msgs/srv/detail/set_string__struct.h\n'}
[61.573739] (orbbec_camera_msgs) StdoutLine: {'line': b'-- Installing: /home/sophie/isaac_lab/isaac_ws/rl_code/soarm100sim/third_party/orbbec_ws/install_287/orbbec_camera_msgs/include/orbbec_camera_msgs/orbbec_camera_msgs/srv/detail/set_int32__type_support.h\n'}
[61.573822] (orbbec_camera_msgs) StdoutLine: {'line': b'-- Installing: /home/sophie/isaac_lab/isaac_ws/rl_code/soarm100sim/third_party/orbbec_ws/install_287/orbbec_camera_msgs/include/orbbec_camera_msgs/orbbec_camera_msgs/srv/detail/set_filter__struct.h\n'}
[61.573872] (orbbec_camera_msgs) StdoutLine: {'line': b'-- Installing: /home/sophie/isaac_lab/isaac_ws/rl_code/soarm100sim/third_party/orbbec_ws/install_287/orbbec_camera_msgs/include/orbbec_camera_msgs/orbbec_camera_msgs/srv/detail/get_device_info__functions.c\n'}
[61.574104] (orbbec_camera_msgs) StdoutLine: {'line': b'-- Installing: /home/sophie/isaac_lab/isaac_ws/rl_code/soarm100sim/third_party/orbbec_ws/install_287/orbbec_camera_msgs/include/orbbec_camera_msgs/orbbec_camera_msgs/srv/detail/set_filter__type_support.h\n'}
[61.574156] (orbbec_camera_msgs) StdoutLine: {'line': b'-- Installing: /home/sophie/isaac_lab/isaac_ws/rl_code/soarm100sim/third_party/orbbec_ws/install_287/orbbec_camera_msgs/include/orbbec_camera_msgs/orbbec_camera_msgs/srv/detail/get_int32__struct.h\n'}
[61.574205] (orbbec_camera_msgs) StdoutLine: {'line': b'-- Installing: /home/sophie/isaac_lab/isaac_ws/rl_code/soarm100sim/third_party/orbbec_ws/install_287/orbbec_camera_msgs/include/orbbec_camera_msgs/orbbec_camera_msgs/srv/detail/get_user_calib_params__type_support.h\n'}
[61.574253] (orbbec_camera_msgs) StdoutLine: {'line': b'-- Installing: /home/sophie/isaac_lab/isaac_ws/rl_code/soarm100sim/third_party/orbbec_ws/install_287/orbbec_camera_msgs/include/orbbec_camera_msgs/orbbec_camera_msgs/srv/detail/get_camera_info__functions.c\n'}
[61.574300] (orbbec_camera_msgs) StdoutLine: {'line': b'-- Installing: /home/sophie/isaac_lab/isaac_ws/rl_code/soarm100sim/third_party/orbbec_ws/install_287/orbbec_camera_msgs/include/orbbec_camera_msgs/orbbec_camera_msgs/srv/detail/get_int32__type_support.h\n'}
[61.574442] (orbbec_camera_msgs) StdoutLine: {'line': b'-- Installing: /home/sophie/isaac_lab/isaac_ws/rl_code/soarm100sim/third_party/orbbec_ws/install_287/orbbec_camera_msgs/include/orbbec_camera_msgs/orbbec_camera_msgs/srv/detail/set_filter__functions.c\n'}
[61.574493] (orbbec_camera_msgs) StdoutLine: {'line': b'-- Installing: /home/sophie/isaac_lab/isaac_ws/rl_code/soarm100sim/third_party/orbbec_ws/install_287/orbbec_camera_msgs/include/orbbec_camera_msgs/orbbec_camera_msgs/srv/detail/set_user_calib_params__functions.h\n'}
[61.574534] (orbbec_camera_msgs) StdoutLine: {'line': b'-- Installing: /home/sophie/isaac_lab/isaac_ws/rl_code/soarm100sim/third_party/orbbec_ws/install_287/orbbec_camera_msgs/include/orbbec_camera_msgs/orbbec_camera_msgs/srv/detail/get_device_info__type_support.h\n'}
[61.574629] (orbbec_camera_msgs) StdoutLine: {'line': b'-- Installing: /home/sophie/isaac_lab/isaac_ws/rl_code/soarm100sim/third_party/orbbec_ws/install_287/orbbec_camera_msgs/include/orbbec_camera_msgs/orbbec_camera_msgs/srv/detail/get_int32__functions.c\n'}
[61.574669] (orbbec_camera_msgs) StdoutLine: {'line': b'-- Installing: /home/sophie/isaac_lab/isaac_ws/rl_code/soarm100sim/third_party/orbbec_ws/install_287/orbbec_camera_msgs/include/orbbec_camera_msgs/orbbec_camera_msgs/srv/detail/get_string__functions.h\n'}
[61.574708] (orbbec_camera_msgs) StdoutLine: {'line': b'-- Installing: /home/sophie/isaac_lab/isaac_ws/rl_code/soarm100sim/third_party/orbbec_ws/install_287/orbbec_camera_msgs/include/orbbec_camera_msgs/orbbec_camera_msgs/srv/detail/set_arrays__functions.c\n'}
[61.574795] (orbbec_camera_msgs) StdoutLine: {'line': b'-- Installing: /home/sophie/isaac_lab/isaac_ws/rl_code/soarm100sim/third_party/orbbec_ws/install_287/orbbec_camera_msgs/include/orbbec_camera_msgs/orbbec_camera_msgs/srv/get_int32.h\n'}
[61.574872] (orbbec_camera_msgs) StdoutLine: {'line': b'-- Installing: /home/sophie/isaac_lab/isaac_ws/rl_code/soarm100sim/third_party/orbbec_ws/install_287/orbbec_camera_msgs/include/orbbec_camera_msgs/orbbec_camera_msgs/srv/set_user_calib_params.h\n'}
[61.574914] (orbbec_camera_msgs) StdoutLine: {'line': b'-- Installing: /home/sophie/isaac_lab/isaac_ws/rl_code/soarm100sim/third_party/orbbec_ws/install_287/orbbec_camera_msgs/include/orbbec_camera_msgs/orbbec_camera_msgs/srv/set_string.h\n'}
[61.574955] (orbbec_camera_msgs) StdoutLine: {'line': b'-- Installing: /home/sophie/isaac_lab/isaac_ws/rl_code/soarm100sim/third_party/orbbec_ws/install_287/orbbec_camera_msgs/include/orbbec_camera_msgs/orbbec_camera_msgs/srv/get_bool.h\n'}
[61.575044] (orbbec_camera_msgs) StdoutLine: {'line': b'-- Installing: /home/sophie/isaac_lab/isaac_ws/rl_code/soarm100sim/third_party/orbbec_ws/install_287/orbbec_camera_msgs/include/orbbec_camera_msgs/orbbec_camera_msgs/srv/get_string.h\n'}
[61.575088] (orbbec_camera_msgs) StdoutLine: {'line': b'-- Installing: /home/sophie/isaac_lab/isaac_ws/rl_code/soarm100sim/third_party/orbbec_ws/install_287/orbbec_camera_msgs/include/orbbec_camera_msgs/orbbec_camera_msgs/srv/get_device_info.h\n'}
[61.575188] (orbbec_camera_msgs) StdoutLine: {'line': b'-- Installing: /home/sophie/isaac_lab/isaac_ws/rl_code/soarm100sim/third_party/orbbec_ws/install_287/orbbec_camera_msgs/include/orbbec_camera_msgs/orbbec_camera_msgs/srv/set_filter.h\n'}
[61.575230] (orbbec_camera_msgs) StdoutLine: {'line': b'-- Installing: /home/sophie/isaac_lab/isaac_ws/rl_code/soarm100sim/third_party/orbbec_ws/install_287/orbbec_camera_msgs/include/orbbec_camera_msgs/orbbec_camera_msgs/srv/set_arrays.h\n'}
[61.575269] (orbbec_camera_msgs) StdoutLine: {'line': b'-- Installing: /home/sophie/isaac_lab/isaac_ws/rl_code/soarm100sim/third_party/orbbec_ws/install_287/orbbec_camera_msgs/include/orbbec_camera_msgs/orbbec_camera_msgs/srv/get_user_calib_params.h\n'}
[61.575358] (orbbec_camera_msgs) StdoutLine: {'line': b'-- Installing: /home/sophie/isaac_lab/isaac_ws/rl_code/soarm100sim/third_party/orbbec_ws/install_287/orbbec_camera_msgs/include/orbbec_camera_msgs/orbbec_camera_msgs/srv/set_int32.h\n'}
[61.575399] (orbbec_camera_msgs) StdoutLine: {'line': b'-- Installing: /home/sophie/isaac_lab/isaac_ws/rl_code/soarm100sim/third_party/orbbec_ws/install_287/orbbec_camera_msgs/include/orbbec_camera_msgs/orbbec_camera_msgs/srv/get_camera_info.h\n'}
[61.575441] (orbbec_camera_msgs) StdoutLine: {'line': b'-- Installing: /home/sophie/isaac_lab/isaac_ws/rl_code/soarm100sim/third_party/orbbec_ws/install_287/orbbec_camera_msgs/include/orbbec_camera_msgs/orbbec_camera_msgs/msg\n'}
[61.575554] (orbbec_camera_msgs) StdoutLine: {'line': b'-- Installing: /home/sophie/isaac_lab/isaac_ws/rl_code/soarm100sim/third_party/orbbec_ws/install_287/orbbec_camera_msgs/include/orbbec_camera_msgs/orbbec_camera_msgs/msg/metadata.h\n'}
[61.575602] (orbbec_camera_msgs) StdoutLine: {'line': b'-- Installing: /home/sophie/isaac_lab/isaac_ws/rl_code/soarm100sim/third_party/orbbec_ws/install_287/orbbec_camera_msgs/include/orbbec_camera_msgs/orbbec_camera_msgs/msg/detail\n'}
[61.575643] (orbbec_camera_msgs) StdoutLine: {'line': b'-- Installing: /home/sophie/isaac_lab/isaac_ws/rl_code/soarm100sim/third_party/orbbec_ws/install_287/orbbec_camera_msgs/include/orbbec_camera_msgs/orbbec_camera_msgs/msg/detail/depth_filter_state__functions.h\n'}
[61.575761] (orbbec_camera_msgs) StdoutLine: {'line': b'-- Installing: /home/sophie/isaac_lab/isaac_ws/rl_code/soarm100sim/third_party/orbbec_ws/install_287/orbbec_camera_msgs/include/orbbec_camera_msgs/orbbec_camera_msgs/msg/detail/rgbd__struct.h\n'}
[61.575839] (orbbec_camera_msgs) StdoutLine: {'line': b'-- Installing: /home/sophie/isaac_lab/isaac_ws/rl_code/soarm100sim/third_party/orbbec_ws/install_287/orbbec_camera_msgs/include/orbbec_camera_msgs/orbbec_camera_msgs/msg/detail/imu_info__functions.c\n'}
[61.575880] (orbbec_camera_msgs) StdoutLine: {'line': b'-- Installing: /home/sophie/isaac_lab/isaac_ws/rl_code/soarm100sim/third_party/orbbec_ws/install_287/orbbec_camera_msgs/include/orbbec_camera_msgs/orbbec_camera_msgs/msg/detail/metadata__functions.c\n'}
[61.575922] (orbbec_camera_msgs) StdoutLine: {'line': b'-- Installing: /home/sophie/isaac_lab/isaac_ws/rl_code/soarm100sim/third_party/orbbec_ws/install_287/orbbec_camera_msgs/include/orbbec_camera_msgs/orbbec_camera_msgs/msg/detail/rgbd__functions.h\n'}
[61.576032] (orbbec_camera_msgs) StdoutLine: {'line': b'-- Installing: /home/sophie/isaac_lab/isaac_ws/rl_code/soarm100sim/third_party/orbbec_ws/install_287/orbbec_camera_msgs/include/orbbec_camera_msgs/orbbec_camera_msgs/msg/detail/extrinsics__type_support.h\n'}
[61.576074] (orbbec_camera_msgs) StdoutLine: {'line': b'-- Installing: /home/sophie/isaac_lab/isaac_ws/rl_code/soarm100sim/third_party/orbbec_ws/install_287/orbbec_camera_msgs/include/orbbec_camera_msgs/orbbec_camera_msgs/msg/detail/imu_info__struct.h\n'}
[61.576159] (orbbec_camera_msgs) StdoutLine: {'line': b'-- Installing: /home/sophie/isaac_lab/isaac_ws/rl_code/soarm100sim/third_party/orbbec_ws/install_287/orbbec_camera_msgs/include/orbbec_camera_msgs/orbbec_camera_msgs/msg/detail/metadata__functions.h\n'}
[61.576200] (orbbec_camera_msgs) StdoutLine: {'line': b'-- Installing: /home/sophie/isaac_lab/isaac_ws/rl_code/soarm100sim/third_party/orbbec_ws/install_287/orbbec_camera_msgs/include/orbbec_camera_msgs/orbbec_camera_msgs/msg/detail/device_status__functions.h\n'}
[61.576242] (orbbec_camera_msgs) StdoutLine: {'line': b'-- Installing: /home/sophie/isaac_lab/isaac_ws/rl_code/soarm100sim/third_party/orbbec_ws/install_287/orbbec_camera_msgs/include/orbbec_camera_msgs/orbbec_camera_msgs/msg/detail/device_info__struct.h\n'}
[61.576350] (orbbec_camera_msgs) StdoutLine: {'line': b'-- Installing: /home/sophie/isaac_lab/isaac_ws/rl_code/soarm100sim/third_party/orbbec_ws/install_287/orbbec_camera_msgs/include/orbbec_camera_msgs/orbbec_camera_msgs/msg/detail/rgbd__functions.c\n'}
[61.576390] (orbbec_camera_msgs) StdoutLine: {'line': b'-- Installing: /home/sophie/isaac_lab/isaac_ws/rl_code/soarm100sim/third_party/orbbec_ws/install_287/orbbec_camera_msgs/include/orbbec_camera_msgs/orbbec_camera_msgs/msg/detail/metadata__struct.h\n'}
[61.576430] (orbbec_camera_msgs) StdoutLine: {'line': b'-- Installing: /home/sophie/isaac_lab/isaac_ws/rl_code/soarm100sim/third_party/orbbec_ws/install_287/orbbec_camera_msgs/include/orbbec_camera_msgs/orbbec_camera_msgs/msg/detail/depth_filters_status__functions.c\n'}
[61.576514] (orbbec_camera_msgs) StdoutLine: {'line': b'-- Installing: /home/sophie/isaac_lab/isaac_ws/rl_code/soarm100sim/third_party/orbbec_ws/install_287/orbbec_camera_msgs/include/orbbec_camera_msgs/orbbec_camera_msgs/msg/detail/depth_filter_state__struct.h\n'}
[61.576558] (orbbec_camera_msgs) StdoutLine: {'line': b'-- Installing: /home/sophie/isaac_lab/isaac_ws/rl_code/soarm100sim/third_party/orbbec_ws/install_287/orbbec_camera_msgs/include/orbbec_camera_msgs/orbbec_camera_msgs/msg/detail/depth_filter_state__type_support.h\n'}
[61.576656] (orbbec_camera_msgs) StdoutLine: {'line': b'-- Installing: /home/sophie/isaac_lab/isaac_ws/rl_code/soarm100sim/third_party/orbbec_ws/install_287/orbbec_camera_msgs/include/orbbec_camera_msgs/orbbec_camera_msgs/msg/detail/metadata__type_support.h\n'}
[61.576695] (orbbec_camera_msgs) StdoutLine: {'line': b'-- Installing: /home/sophie/isaac_lab/isaac_ws/rl_code/soarm100sim/third_party/orbbec_ws/install_287/orbbec_camera_msgs/include/orbbec_camera_msgs/orbbec_camera_msgs/msg/detail/imu_info__type_support.h\n'}
[61.576806] (orbbec_camera_msgs) StdoutLine: {'line': b'-- Installing: /home/sophie/isaac_lab/isaac_ws/rl_code/soarm100sim/third_party/orbbec_ws/install_287/orbbec_camera_msgs/include/orbbec_camera_msgs/orbbec_camera_msgs/msg/detail/device_info__type_support.h\n'}
[61.576847] (orbbec_camera_msgs) StdoutLine: {'line': b'-- Installing: /home/sophie/isaac_lab/isaac_ws/rl_code/soarm100sim/third_party/orbbec_ws/install_287/orbbec_camera_msgs/include/orbbec_camera_msgs/orbbec_camera_msgs/msg/detail/rgbd__type_support.h\n'}
[61.576888] (orbbec_camera_msgs) StdoutLine: {'line': b'-- Installing: /home/sophie/isaac_lab/isaac_ws/rl_code/soarm100sim/third_party/orbbec_ws/install_287/orbbec_camera_msgs/include/orbbec_camera_msgs/orbbec_camera_msgs/msg/detail/depth_filter_param__struct.h\n'}
[61.576971] (orbbec_camera_msgs) StdoutLine: {'line': b'-- Installing: /home/sophie/isaac_lab/isaac_ws/rl_code/soarm100sim/third_party/orbbec_ws/install_287/orbbec_camera_msgs/include/orbbec_camera_msgs/orbbec_camera_msgs/msg/detail/extrinsics__struct.h\n'}
[61.577014] (orbbec_camera_msgs) StdoutLine: {'line': b'-- Installing: /home/sophie/isaac_lab/isaac_ws/rl_code/soarm100sim/third_party/orbbec_ws/install_287/orbbec_camera_msgs/include/orbbec_camera_msgs/orbbec_camera_msgs/msg/detail/imu_info__functions.h\n'}
[61.577097] (orbbec_camera_msgs) StdoutLine: {'line': b'-- Installing: /home/sophie/isaac_lab/isaac_ws/rl_code/soarm100sim/third_party/orbbec_ws/install_287/orbbec_camera_msgs/include/orbbec_camera_msgs/orbbec_camera_msgs/msg/detail/depth_filter_param__functions.c\n'}
[61.577141] (orbbec_camera_msgs) StdoutLine: {'line': b'-- Installing: /home/sophie/isaac_lab/isaac_ws/rl_code/soarm100sim/third_party/orbbec_ws/install_287/orbbec_camera_msgs/include/orbbec_camera_msgs/orbbec_camera_msgs/msg/detail/depth_filter_state__functions.c\n'}
[61.577225] (orbbec_camera_msgs) StdoutLine: {'line': b'-- Installing: /home/sophie/isaac_lab/isaac_ws/rl_code/soarm100sim/third_party/orbbec_ws/install_287/orbbec_camera_msgs/include/orbbec_camera_msgs/orbbec_camera_msgs/msg/detail/depth_filters_status__struct.h\n'}
[61.577266] (orbbec_camera_msgs) StdoutLine: {'line': b'-- Installing: /home/sophie/isaac_lab/isaac_ws/rl_code/soarm100sim/third_party/orbbec_ws/install_287/orbbec_camera_msgs/include/orbbec_camera_msgs/orbbec_camera_msgs/msg/detail/device_status__struct.h\n'}
[61.577347] (orbbec_camera_msgs) StdoutLine: {'line': b'-- Installing: /home/sophie/isaac_lab/isaac_ws/rl_code/soarm100sim/third_party/orbbec_ws/install_287/orbbec_camera_msgs/include/orbbec_camera_msgs/orbbec_camera_msgs/msg/detail/depth_filters_status__type_support.h\n'}
[61.577389] (orbbec_camera_msgs) StdoutLine: {'line': b'-- Installing: /home/sophie/isaac_lab/isaac_ws/rl_code/soarm100sim/third_party/orbbec_ws/install_287/orbbec_camera_msgs/include/orbbec_camera_msgs/orbbec_camera_msgs/msg/detail/device_info__functions.h\n'}
[61.577473] (orbbec_camera_msgs) StdoutLine: {'line': b'-- Installing: /home/sophie/isaac_lab/isaac_ws/rl_code/soarm100sim/third_party/orbbec_ws/install_287/orbbec_camera_msgs/include/orbbec_camera_msgs/orbbec_camera_msgs/msg/detail/depth_filter_param__type_support.h\n'}
[61.577553] (orbbec_camera_msgs) StdoutLine: {'line': b'-- Installing: /home/sophie/isaac_lab/isaac_ws/rl_code/soarm100sim/third_party/orbbec_ws/install_287/orbbec_camera_msgs/include/orbbec_camera_msgs/orbbec_camera_msgs/msg/detail/extrinsics__functions.c\n'}
[61.577598] (orbbec_camera_msgs) StdoutLine: {'line': b'-- Installing: /home/sophie/isaac_lab/isaac_ws/rl_code/soarm100sim/third_party/orbbec_ws/install_287/orbbec_camera_msgs/include/orbbec_camera_msgs/orbbec_camera_msgs/msg/detail/extrinsics__functions.h\n'}
[61.577695] (orbbec_camera_msgs) StdoutLine: {'line': b'-- Installing: /home/sophie/isaac_lab/isaac_ws/rl_code/soarm100sim/third_party/orbbec_ws/install_287/orbbec_camera_msgs/include/orbbec_camera_msgs/orbbec_camera_msgs/msg/detail/device_status__functions.c\n'}
[61.577733] (orbbec_camera_msgs) StdoutLine: {'line': b'-- Installing: /home/sophie/isaac_lab/isaac_ws/rl_code/soarm100sim/third_party/orbbec_ws/install_287/orbbec_camera_msgs/include/orbbec_camera_msgs/orbbec_camera_msgs/msg/detail/device_info__functions.c\n'}
[61.577812] (orbbec_camera_msgs) StdoutLine: {'line': b'-- Installing: /home/sophie/isaac_lab/isaac_ws/rl_code/soarm100sim/third_party/orbbec_ws/install_287/orbbec_camera_msgs/include/orbbec_camera_msgs/orbbec_camera_msgs/msg/detail/depth_filter_param__functions.h\n'}
[61.577894] (orbbec_camera_msgs) StdoutLine: {'line': b'-- Installing: /home/sophie/isaac_lab/isaac_ws/rl_code/soarm100sim/third_party/orbbec_ws/install_287/orbbec_camera_msgs/include/orbbec_camera_msgs/orbbec_camera_msgs/msg/detail/depth_filters_status__functions.h\n'}
[61.577980] (orbbec_camera_msgs) StdoutLine: {'line': b'-- Installing: /home/sophie/isaac_lab/isaac_ws/rl_code/soarm100sim/third_party/orbbec_ws/install_287/orbbec_camera_msgs/include/orbbec_camera_msgs/orbbec_camera_msgs/msg/detail/device_status__type_support.h\n'}
[61.578021] (orbbec_camera_msgs) StdoutLine: {'line': b'-- Installing: /home/sophie/isaac_lab/isaac_ws/rl_code/soarm100sim/third_party/orbbec_ws/install_287/orbbec_camera_msgs/include/orbbec_camera_msgs/orbbec_camera_msgs/msg/depth_filter_state.h\n'}
[61.578104] (orbbec_camera_msgs) StdoutLine: {'line': b'-- Installing: /home/sophie/isaac_lab/isaac_ws/rl_code/soarm100sim/third_party/orbbec_ws/install_287/orbbec_camera_msgs/include/orbbec_camera_msgs/orbbec_camera_msgs/msg/extrinsics.h\n'}
[61.578146] (orbbec_camera_msgs) StdoutLine: {'line': b'-- Installing: /home/sophie/isaac_lab/isaac_ws/rl_code/soarm100sim/third_party/orbbec_ws/install_287/orbbec_camera_msgs/include/orbbec_camera_msgs/orbbec_camera_msgs/msg/rgbd.h\n'}
[61.578231] (orbbec_camera_msgs) StdoutLine: {'line': b'-- Installing: /home/sophie/isaac_lab/isaac_ws/rl_code/soarm100sim/third_party/orbbec_ws/install_287/orbbec_camera_msgs/include/orbbec_camera_msgs/orbbec_camera_msgs/msg/device_info.h\n'}
[61.578273] (orbbec_camera_msgs) StdoutLine: {'line': b'-- Installing: /home/sophie/isaac_lab/isaac_ws/rl_code/soarm100sim/third_party/orbbec_ws/install_287/orbbec_camera_msgs/include/orbbec_camera_msgs/orbbec_camera_msgs/msg/imu_info.h\n'}
[61.578357] (orbbec_camera_msgs) StdoutLine: {'line': b'-- Installing: /home/sophie/isaac_lab/isaac_ws/rl_code/soarm100sim/third_party/orbbec_ws/install_287/orbbec_camera_msgs/include/orbbec_camera_msgs/orbbec_camera_msgs/msg/depth_filters_status.h\n'}
[61.578433] (orbbec_camera_msgs) StdoutLine: {'line': b'-- Installing: /home/sophie/isaac_lab/isaac_ws/rl_code/soarm100sim/third_party/orbbec_ws/install_287/orbbec_camera_msgs/include/orbbec_camera_msgs/orbbec_camera_msgs/msg/rosidl_generator_c__visibility_control.h\n'}
[61.578473] (orbbec_camera_msgs) StdoutLine: {'line': b'-- Installing: /home/sophie/isaac_lab/isaac_ws/rl_code/soarm100sim/third_party/orbbec_ws/install_287/orbbec_camera_msgs/include/orbbec_camera_msgs/orbbec_camera_msgs/msg/device_status.h\n'}
[61.578559] (orbbec_camera_msgs) StdoutLine: {'line': b'-- Installing: /home/sophie/isaac_lab/isaac_ws/rl_code/soarm100sim/third_party/orbbec_ws/install_287/orbbec_camera_msgs/include/orbbec_camera_msgs/orbbec_camera_msgs/msg/depth_filter_param.h\n'}
[61.578622] (orbbec_camera_msgs) StdoutLine: {'line': b'-- Installing: /home/sophie/isaac_lab/isaac_ws/rl_code/soarm100sim/third_party/orbbec_ws/install_287/orbbec_camera_msgs/share/orbbec_camera_msgs/environment/library_path.sh\n'}
[61.578689] (orbbec_camera_msgs) StdoutLine: {'line': b'-- Installing: /home/sophie/isaac_lab/isaac_ws/rl_code/soarm100sim/third_party/orbbec_ws/install_287/orbbec_camera_msgs/share/orbbec_camera_msgs/environment/library_path.dsv\n'}
[61.578782] (orbbec_camera_msgs) StdoutLine: {'line': b'-- Installing: /home/sophie/isaac_lab/isaac_ws/rl_code/soarm100sim/third_party/orbbec_ws/install_287/orbbec_camera_msgs/lib/liborbbec_camera_msgs__rosidl_generator_c.so\n'}
[61.579021] (orbbec_camera_msgs) StdoutLine: {'line': b'-- Set runtime path of "/home/sophie/isaac_lab/isaac_ws/rl_code/soarm100sim/third_party/orbbec_ws/install_287/orbbec_camera_msgs/lib/liborbbec_camera_msgs__rosidl_generator_c.so" to ""\n'}
[61.579091] (orbbec_camera_msgs) StdoutLine: {'line': b'-- Up-to-date: /home/sophie/isaac_lab/isaac_ws/rl_code/soarm100sim/third_party/orbbec_ws/install_287/orbbec_camera_msgs/include/orbbec_camera_msgs/orbbec_camera_msgs\n'}
[61.579120] (orbbec_camera_msgs) StdoutLine: {'line': b'-- Up-to-date: /home/sophie/isaac_lab/isaac_ws/rl_code/soarm100sim/third_party/orbbec_ws/install_287/orbbec_camera_msgs/include/orbbec_camera_msgs/orbbec_camera_msgs/srv\n'}
[61.579148] (orbbec_camera_msgs) StdoutLine: {'line': b'-- Up-to-date: /home/sophie/isaac_lab/isaac_ws/rl_code/soarm100sim/third_party/orbbec_ws/install_287/orbbec_camera_msgs/include/orbbec_camera_msgs/orbbec_camera_msgs/srv/detail\n'}
[61.579214] (orbbec_camera_msgs) StdoutLine: {'line': b'-- Installing: /home/sophie/isaac_lab/isaac_ws/rl_code/soarm100sim/third_party/orbbec_ws/install_287/orbbec_camera_msgs/include/orbbec_camera_msgs/orbbec_camera_msgs/srv/detail/set_int32__rosidl_typesupport_fastrtps_c.h\n'}
[61.579242] (orbbec_camera_msgs) StdoutLine: {'line': b'-- Installing: /home/sophie/isaac_lab/isaac_ws/rl_code/soarm100sim/third_party/orbbec_ws/install_287/orbbec_camera_msgs/include/orbbec_camera_msgs/orbbec_camera_msgs/srv/detail/get_device_info__rosidl_typesupport_fastrtps_c.h\n'}
[61.579312] (orbbec_camera_msgs) StdoutLine: {'line': b'-- Installing: /home/sophie/isaac_lab/isaac_ws/rl_code/soarm100sim/third_party/orbbec_ws/install_287/orbbec_camera_msgs/include/orbbec_camera_msgs/orbbec_camera_msgs/srv/detail/set_filter__rosidl_typesupport_fastrtps_c.h\n'}
[61.579362] (orbbec_camera_msgs) StdoutLine: {'line': b'-- Installing: /home/sophie/isaac_lab/isaac_ws/rl_code/soarm100sim/third_party/orbbec_ws/install_287/orbbec_camera_msgs/include/orbbec_camera_msgs/orbbec_camera_msgs/srv/detail/get_camera_info__rosidl_typesupport_fastrtps_c.h\n'}
[61.579390] (orbbec_camera_msgs) StdoutLine: {'line': b'-- Installing: /home/sophie/isaac_lab/isaac_ws/rl_code/soarm100sim/third_party/orbbec_ws/install_287/orbbec_camera_msgs/include/orbbec_camera_msgs/orbbec_camera_msgs/srv/detail/get_bool__rosidl_typesupport_fastrtps_c.h\n'}
[61.579417] (orbbec_camera_msgs) StdoutLine: {'line': b'-- Installing: /home/sophie/isaac_lab/isaac_ws/rl_code/soarm100sim/third_party/orbbec_ws/install_287/orbbec_camera_msgs/include/orbbec_camera_msgs/orbbec_camera_msgs/srv/detail/get_string__rosidl_typesupport_fastrtps_c.h\n'}
[61.579488] (orbbec_camera_msgs) StdoutLine: {'line': b'-- Installing: /home/sophie/isaac_lab/isaac_ws/rl_code/soarm100sim/third_party/orbbec_ws/install_287/orbbec_camera_msgs/include/orbbec_camera_msgs/orbbec_camera_msgs/srv/detail/set_arrays__rosidl_typesupport_fastrtps_c.h\n'}
[61.579515] (orbbec_camera_msgs) StdoutLine: {'line': b'-- Installing: /home/sophie/isaac_lab/isaac_ws/rl_code/soarm100sim/third_party/orbbec_ws/install_287/orbbec_camera_msgs/include/orbbec_camera_msgs/orbbec_camera_msgs/srv/detail/set_string__rosidl_typesupport_fastrtps_c.h\n'}
[61.579542] (orbbec_camera_msgs) StdoutLine: {'line': b'-- Installing: /home/sophie/isaac_lab/isaac_ws/rl_code/soarm100sim/third_party/orbbec_ws/install_287/orbbec_camera_msgs/include/orbbec_camera_msgs/orbbec_camera_msgs/srv/detail/get_int32__rosidl_typesupport_fastrtps_c.h\n'}
[61.579605] (orbbec_camera_msgs) StdoutLine: {'line': b'-- Installing: /home/sophie/isaac_lab/isaac_ws/rl_code/soarm100sim/third_party/orbbec_ws/install_287/orbbec_camera_msgs/include/orbbec_camera_msgs/orbbec_camera_msgs/srv/detail/get_user_calib_params__rosidl_typesupport_fastrtps_c.h\n'}
[61.579635] (orbbec_camera_msgs) StdoutLine: {'line': b'-- Installing: /home/sophie/isaac_lab/isaac_ws/rl_code/soarm100sim/third_party/orbbec_ws/install_287/orbbec_camera_msgs/include/orbbec_camera_msgs/orbbec_camera_msgs/srv/detail/set_user_calib_params__rosidl_typesupport_fastrtps_c.h\n'}
[61.579693] (orbbec_camera_msgs) StdoutLine: {'line': b'-- Up-to-date: /home/sophie/isaac_lab/isaac_ws/rl_code/soarm100sim/third_party/orbbec_ws/install_287/orbbec_camera_msgs/include/orbbec_camera_msgs/orbbec_camera_msgs/msg\n'}
[61.579721] (orbbec_camera_msgs) StdoutLine: {'line': b'-- Up-to-date: /home/sophie/isaac_lab/isaac_ws/rl_code/soarm100sim/third_party/orbbec_ws/install_287/orbbec_camera_msgs/include/orbbec_camera_msgs/orbbec_camera_msgs/msg/detail\n'}
[61.579776] (orbbec_camera_msgs) StdoutLine: {'line': b'-- Installing: /home/sophie/isaac_lab/isaac_ws/rl_code/soarm100sim/third_party/orbbec_ws/install_287/orbbec_camera_msgs/include/orbbec_camera_msgs/orbbec_camera_msgs/msg/detail/extrinsics__rosidl_typesupport_fastrtps_c.h\n'}
[61.579826] (orbbec_camera_msgs) StdoutLine: {'line': b'-- Installing: /home/sophie/isaac_lab/isaac_ws/rl_code/soarm100sim/third_party/orbbec_ws/install_287/orbbec_camera_msgs/include/orbbec_camera_msgs/orbbec_camera_msgs/msg/detail/depth_filter_state__rosidl_typesupport_fastrtps_c.h\n'}
[61.579853] (orbbec_camera_msgs) StdoutLine: {'line': b'-- Installing: /home/sophie/isaac_lab/isaac_ws/rl_code/soarm100sim/third_party/orbbec_ws/install_287/orbbec_camera_msgs/include/orbbec_camera_msgs/orbbec_camera_msgs/msg/detail/depth_filter_param__rosidl_typesupport_fastrtps_c.h\n'}
[61.579880] (orbbec_camera_msgs) StdoutLine: {'line': b'-- Installing: /home/sophie/isaac_lab/isaac_ws/rl_code/soarm100sim/third_party/orbbec_ws/install_287/orbbec_camera_msgs/include/orbbec_camera_msgs/orbbec_camera_msgs/msg/detail/device_status__rosidl_typesupport_fastrtps_c.h\n'}
[61.579953] (orbbec_camera_msgs) StdoutLine: {'line': b'-- Installing: /home/sophie/isaac_lab/isaac_ws/rl_code/soarm100sim/third_party/orbbec_ws/install_287/orbbec_camera_msgs/include/orbbec_camera_msgs/orbbec_camera_msgs/msg/detail/metadata__rosidl_typesupport_fastrtps_c.h\n'}
[61.580003] (orbbec_camera_msgs) StdoutLine: {'line': b'-- Installing: /home/sophie/isaac_lab/isaac_ws/rl_code/soarm100sim/third_party/orbbec_ws/install_287/orbbec_camera_msgs/include/orbbec_camera_msgs/orbbec_camera_msgs/msg/detail/rgbd__rosidl_typesupport_fastrtps_c.h\n'}
[61.580053] (orbbec_camera_msgs) StdoutLine: {'line': b'-- Installing: /home/sophie/isaac_lab/isaac_ws/rl_code/soarm100sim/third_party/orbbec_ws/install_287/orbbec_camera_msgs/include/orbbec_camera_msgs/orbbec_camera_msgs/msg/detail/imu_info__rosidl_typesupport_fastrtps_c.h\n'}
[61.580079] (orbbec_camera_msgs) StdoutLine: {'line': b'-- Installing: /home/sophie/isaac_lab/isaac_ws/rl_code/soarm100sim/third_party/orbbec_ws/install_287/orbbec_camera_msgs/include/orbbec_camera_msgs/orbbec_camera_msgs/msg/detail/depth_filters_status__rosidl_typesupport_fastrtps_c.h\n'}
[61.580112] (orbbec_camera_msgs) StdoutLine: {'line': b'-- Installing: /home/sophie/isaac_lab/isaac_ws/rl_code/soarm100sim/third_party/orbbec_ws/install_287/orbbec_camera_msgs/include/orbbec_camera_msgs/orbbec_camera_msgs/msg/detail/device_info__rosidl_typesupport_fastrtps_c.h\n'}
[61.580256] (orbbec_camera_msgs) StdoutLine: {'line': b'-- Installing: /home/sophie/isaac_lab/isaac_ws/rl_code/soarm100sim/third_party/orbbec_ws/install_287/orbbec_camera_msgs/include/orbbec_camera_msgs/orbbec_camera_msgs/msg/rosidl_typesupport_fastrtps_c__visibility_control.h\n'}
[61.580283] (orbbec_camera_msgs) StdoutLine: {'line': b'-- Installing: /home/sophie/isaac_lab/isaac_ws/rl_code/soarm100sim/third_party/orbbec_ws/install_287/orbbec_camera_msgs/lib/liborbbec_camera_msgs__rosidl_typesupport_fastrtps_c.so\n'}
[61.580456] (orbbec_camera_msgs) StdoutLine: {'line': b'-- Set runtime path of "/home/sophie/isaac_lab/isaac_ws/rl_code/soarm100sim/third_party/orbbec_ws/install_287/orbbec_camera_msgs/lib/liborbbec_camera_msgs__rosidl_typesupport_fastrtps_c.so" to ""\n'}
[61.580484] (orbbec_camera_msgs) StdoutLine: {'line': b'-- Up-to-date: /home/sophie/isaac_lab/isaac_ws/rl_code/soarm100sim/third_party/orbbec_ws/install_287/orbbec_camera_msgs/include/orbbec_camera_msgs/orbbec_camera_msgs\n'}
[61.580512] (orbbec_camera_msgs) StdoutLine: {'line': b'-- Up-to-date: /home/sophie/isaac_lab/isaac_ws/rl_code/soarm100sim/third_party/orbbec_ws/install_287/orbbec_camera_msgs/include/orbbec_camera_msgs/orbbec_camera_msgs/srv\n'}
[61.580539] (orbbec_camera_msgs) StdoutLine: {'line': b'-- Up-to-date: /home/sophie/isaac_lab/isaac_ws/rl_code/soarm100sim/third_party/orbbec_ws/install_287/orbbec_camera_msgs/include/orbbec_camera_msgs/orbbec_camera_msgs/srv/detail\n'}
[61.580572] (orbbec_camera_msgs) StdoutLine: {'line': b'-- Installing: /home/sophie/isaac_lab/isaac_ws/rl_code/soarm100sim/third_party/orbbec_ws/install_287/orbbec_camera_msgs/include/orbbec_camera_msgs/orbbec_camera_msgs/srv/detail/set_int32__type_support.c\n'}
[61.580721] (orbbec_camera_msgs) StdoutLine: {'line': b'-- Installing: /home/sophie/isaac_lab/isaac_ws/rl_code/soarm100sim/third_party/orbbec_ws/install_287/orbbec_camera_msgs/include/orbbec_camera_msgs/orbbec_camera_msgs/srv/detail/set_arrays__rosidl_typesupport_introspection_c.h\n'}
[61.580772] (orbbec_camera_msgs) StdoutLine: {'line': b'-- Installing: /home/sophie/isaac_lab/isaac_ws/rl_code/soarm100sim/third_party/orbbec_ws/install_287/orbbec_camera_msgs/include/orbbec_camera_msgs/orbbec_camera_msgs/srv/detail/set_int32__rosidl_typesupport_introspection_c.h\n'}
[61.580800] (orbbec_camera_msgs) StdoutLine: {'line': b'-- Installing: /home/sophie/isaac_lab/isaac_ws/rl_code/soarm100sim/third_party/orbbec_ws/install_287/orbbec_camera_msgs/include/orbbec_camera_msgs/orbbec_camera_msgs/srv/detail/get_int32__rosidl_typesupport_introspection_c.h\n'}
[61.580829] (orbbec_camera_msgs) StdoutLine: {'line': b'-- Installing: /home/sophie/isaac_lab/isaac_ws/rl_code/soarm100sim/third_party/orbbec_ws/install_287/orbbec_camera_msgs/include/orbbec_camera_msgs/orbbec_camera_msgs/srv/detail/get_user_calib_params__type_support.c\n'}
[61.581133] (orbbec_camera_msgs) StdoutLine: {'line': b'-- Installing: /home/sophie/isaac_lab/isaac_ws/rl_code/soarm100sim/third_party/orbbec_ws/install_287/orbbec_camera_msgs/include/orbbec_camera_msgs/orbbec_camera_msgs/srv/detail/get_bool__rosidl_typesupport_introspection_c.h\n'}
[61.581253] (orbbec_camera_msgs) StdoutLine: {'line': b'-- Installing: /home/sophie/isaac_lab/isaac_ws/rl_code/soarm100sim/third_party/orbbec_ws/install_287/orbbec_camera_msgs/include/orbbec_camera_msgs/orbbec_camera_msgs/srv/detail/set_arrays__type_support.c\n'}
[61.581281] (orbbec_camera_msgs) StdoutLine: {'line': b'-- Installing: /home/sophie/isaac_lab/isaac_ws/rl_code/soarm100sim/third_party/orbbec_ws/install_287/orbbec_camera_msgs/include/orbbec_camera_msgs/orbbec_camera_msgs/srv/detail/get_bool__type_support.c\n'}
[61.581308] (orbbec_camera_msgs) StdoutLine: {'line': b'-- Installing: /home/sophie/isaac_lab/isaac_ws/rl_code/soarm100sim/third_party/orbbec_ws/install_287/orbbec_camera_msgs/include/orbbec_camera_msgs/orbbec_camera_msgs/srv/detail/set_user_calib_params__type_support.c\n'}
[61.581334] (orbbec_camera_msgs) StdoutLine: {'line': b'-- Installing: /home/sophie/isaac_lab/isaac_ws/rl_code/soarm100sim/third_party/orbbec_ws/install_287/orbbec_camera_msgs/include/orbbec_camera_msgs/orbbec_camera_msgs/srv/detail/set_string__type_support.c\n'}
[61.581362] (orbbec_camera_msgs) StdoutLine: {'line': b'-- Installing: /home/sophie/isaac_lab/isaac_ws/rl_code/soarm100sim/third_party/orbbec_ws/install_287/orbbec_camera_msgs/include/orbbec_camera_msgs/orbbec_camera_msgs/srv/detail/set_user_calib_params__rosidl_typesupport_introspection_c.h\n'}
[61.581390] (orbbec_camera_msgs) StdoutLine: {'line': b'-- Installing: /home/sophie/isaac_lab/isaac_ws/rl_code/soarm100sim/third_party/orbbec_ws/install_287/orbbec_camera_msgs/include/orbbec_camera_msgs/orbbec_camera_msgs/srv/detail/get_device_info__rosidl_typesupport_introspection_c.h\n'}
[61.581418] (orbbec_camera_msgs) StdoutLine: {'line': b'-- Installing: /home/sophie/isaac_lab/isaac_ws/rl_code/soarm100sim/third_party/orbbec_ws/install_287/orbbec_camera_msgs/include/orbbec_camera_msgs/orbbec_camera_msgs/srv/detail/set_filter__type_support.c\n'}
[61.581492] (orbbec_camera_msgs) StdoutLine: {'line': b'-- Installing: /home/sophie/isaac_lab/isaac_ws/rl_code/soarm100sim/third_party/orbbec_ws/install_287/orbbec_camera_msgs/include/orbbec_camera_msgs/orbbec_camera_msgs/srv/detail/get_device_info__type_support.c\n'}
[61.581521] (orbbec_camera_msgs) StdoutLine: {'line': b'-- Installing: /home/sophie/isaac_lab/isaac_ws/rl_code/soarm100sim/third_party/orbbec_ws/install_287/orbbec_camera_msgs/include/orbbec_camera_msgs/orbbec_camera_msgs/srv/detail/get_camera_info__rosidl_typesupport_introspection_c.h\n'}
[61.581552] (orbbec_camera_msgs) StdoutLine: {'line': b'-- Installing: /home/sophie/isaac_lab/isaac_ws/rl_code/soarm100sim/third_party/orbbec_ws/install_287/orbbec_camera_msgs/include/orbbec_camera_msgs/orbbec_camera_msgs/srv/detail/set_filter__rosidl_typesupport_introspection_c.h\n'}
[61.581581] (orbbec_camera_msgs) StdoutLine: {'line': b'-- Installing: /home/sophie/isaac_lab/isaac_ws/rl_code/soarm100sim/third_party/orbbec_ws/install_287/orbbec_camera_msgs/include/orbbec_camera_msgs/orbbec_camera_msgs/srv/detail/set_string__rosidl_typesupport_introspection_c.h\n'}
[61.581609] (orbbec_camera_msgs) StdoutLine: {'line': b'-- Installing: /home/sophie/isaac_lab/isaac_ws/rl_code/soarm100sim/third_party/orbbec_ws/install_287/orbbec_camera_msgs/include/orbbec_camera_msgs/orbbec_camera_msgs/srv/detail/get_string__type_support.c\n'}
[61.581636] (orbbec_camera_msgs) StdoutLine: {'line': b'-- Installing: /home/sophie/isaac_lab/isaac_ws/rl_code/soarm100sim/third_party/orbbec_ws/install_287/orbbec_camera_msgs/include/orbbec_camera_msgs/orbbec_camera_msgs/srv/detail/get_string__rosidl_typesupport_introspection_c.h\n'}
[61.581662] (orbbec_camera_msgs) StdoutLine: {'line': b'-- Installing: /home/sophie/isaac_lab/isaac_ws/rl_code/soarm100sim/third_party/orbbec_ws/install_287/orbbec_camera_msgs/include/orbbec_camera_msgs/orbbec_camera_msgs/srv/detail/get_user_calib_params__rosidl_typesupport_introspection_c.h\n'}
[61.581774] (orbbec_camera_msgs) StdoutLine: {'line': b'-- Installing: /home/sophie/isaac_lab/isaac_ws/rl_code/soarm100sim/third_party/orbbec_ws/install_287/orbbec_camera_msgs/include/orbbec_camera_msgs/orbbec_camera_msgs/srv/detail/get_camera_info__type_support.c\n'}
[61.581803] (orbbec_camera_msgs) StdoutLine: {'line': b'-- Installing: /home/sophie/isaac_lab/isaac_ws/rl_code/soarm100sim/third_party/orbbec_ws/install_287/orbbec_camera_msgs/include/orbbec_camera_msgs/orbbec_camera_msgs/srv/detail/get_int32__type_support.c\n'}
[61.581832] (orbbec_camera_msgs) StdoutLine: {'line': b'-- Up-to-date: /home/sophie/isaac_lab/isaac_ws/rl_code/soarm100sim/third_party/orbbec_ws/install_287/orbbec_camera_msgs/include/orbbec_camera_msgs/orbbec_camera_msgs/msg\n'}
[61.581859] (orbbec_camera_msgs) StdoutLine: {'line': b'-- Up-to-date: /home/sophie/isaac_lab/isaac_ws/rl_code/soarm100sim/third_party/orbbec_ws/install_287/orbbec_camera_msgs/include/orbbec_camera_msgs/orbbec_camera_msgs/msg/detail\n'}
[61.581886] (orbbec_camera_msgs) StdoutLine: {'line': b'-- Installing: /home/sophie/isaac_lab/isaac_ws/rl_code/soarm100sim/third_party/orbbec_ws/install_287/orbbec_camera_msgs/include/orbbec_camera_msgs/orbbec_camera_msgs/msg/detail/device_status__rosidl_typesupport_introspection_c.h\n'}
[61.581913] (orbbec_camera_msgs) StdoutLine: {'line': b'-- Installing: /home/sophie/isaac_lab/isaac_ws/rl_code/soarm100sim/third_party/orbbec_ws/install_287/orbbec_camera_msgs/include/orbbec_camera_msgs/orbbec_camera_msgs/msg/detail/depth_filter_state__type_support.c\n'}
[61.581939] (orbbec_camera_msgs) StdoutLine: {'line': b'-- Installing: /home/sophie/isaac_lab/isaac_ws/rl_code/soarm100sim/third_party/orbbec_ws/install_287/orbbec_camera_msgs/include/orbbec_camera_msgs/orbbec_camera_msgs/msg/detail/extrinsics__rosidl_typesupport_introspection_c.h\n'}
[61.582046] (orbbec_camera_msgs) StdoutLine: {'line': b'-- Installing: /home/sophie/isaac_lab/isaac_ws/rl_code/soarm100sim/third_party/orbbec_ws/install_287/orbbec_camera_msgs/include/orbbec_camera_msgs/orbbec_camera_msgs/msg/detail/extrinsics__type_support.c\n'}
[61.582072] (orbbec_camera_msgs) StdoutLine: {'line': b'-- Installing: /home/sophie/isaac_lab/isaac_ws/rl_code/soarm100sim/third_party/orbbec_ws/install_287/orbbec_camera_msgs/include/orbbec_camera_msgs/orbbec_camera_msgs/msg/detail/depth_filters_status__rosidl_typesupport_introspection_c.h\n'}
[61.582101] (orbbec_camera_msgs) StdoutLine: {'line': b'-- Installing: /home/sophie/isaac_lab/isaac_ws/rl_code/soarm100sim/third_party/orbbec_ws/install_287/orbbec_camera_msgs/include/orbbec_camera_msgs/orbbec_camera_msgs/msg/detail/device_status__type_support.c\n'}
[61.582127] (orbbec_camera_msgs) StdoutLine: {'line': b'-- Installing: /home/sophie/isaac_lab/isaac_ws/rl_code/soarm100sim/third_party/orbbec_ws/install_287/orbbec_camera_msgs/include/orbbec_camera_msgs/orbbec_camera_msgs/msg/detail/depth_filter_param__rosidl_typesupport_introspection_c.h\n'}
[61.582154] (orbbec_camera_msgs) StdoutLine: {'line': b'-- Installing: /home/sophie/isaac_lab/isaac_ws/rl_code/soarm100sim/third_party/orbbec_ws/install_287/orbbec_camera_msgs/include/orbbec_camera_msgs/orbbec_camera_msgs/msg/detail/rgbd__rosidl_typesupport_introspection_c.h\n'}
[61.582213] (orbbec_camera_msgs) StdoutLine: {'line': b'-- Installing: /home/sophie/isaac_lab/isaac_ws/rl_code/soarm100sim/third_party/orbbec_ws/install_287/orbbec_camera_msgs/include/orbbec_camera_msgs/orbbec_camera_msgs/msg/detail/metadata__rosidl_typesupport_introspection_c.h\n'}
[61.582266] (orbbec_camera_msgs) StdoutLine: {'line': b'-- Installing: /home/sophie/isaac_lab/isaac_ws/rl_code/soarm100sim/third_party/orbbec_ws/install_287/orbbec_camera_msgs/include/orbbec_camera_msgs/orbbec_camera_msgs/msg/detail/depth_filter_param__type_support.c\n'}
[61.582293] (orbbec_camera_msgs) StdoutLine: {'line': b'-- Installing: /home/sophie/isaac_lab/isaac_ws/rl_code/soarm100sim/third_party/orbbec_ws/install_287/orbbec_camera_msgs/include/orbbec_camera_msgs/orbbec_camera_msgs/msg/detail/imu_info__rosidl_typesupport_introspection_c.h\n'}
[61.582319] (orbbec_camera_msgs) StdoutLine: {'line': b'-- Installing: /home/sophie/isaac_lab/isaac_ws/rl_code/soarm100sim/third_party/orbbec_ws/install_287/orbbec_camera_msgs/include/orbbec_camera_msgs/orbbec_camera_msgs/msg/detail/device_info__type_support.c\n'}
[61.582346] (orbbec_camera_msgs) StdoutLine: {'line': b'-- Installing: /home/sophie/isaac_lab/isaac_ws/rl_code/soarm100sim/third_party/orbbec_ws/install_287/orbbec_camera_msgs/include/orbbec_camera_msgs/orbbec_camera_msgs/msg/detail/depth_filters_status__type_support.c\n'}
[61.582406] (orbbec_camera_msgs) StdoutLine: {'line': b'-- Installing: /home/sophie/isaac_lab/isaac_ws/rl_code/soarm100sim/third_party/orbbec_ws/install_287/orbbec_camera_msgs/include/orbbec_camera_msgs/orbbec_camera_msgs/msg/detail/imu_info__type_support.c\n'}
[61.582434] (orbbec_camera_msgs) StdoutLine: {'line': b'-- Installing: /home/sophie/isaac_lab/isaac_ws/rl_code/soarm100sim/third_party/orbbec_ws/install_287/orbbec_camera_msgs/include/orbbec_camera_msgs/orbbec_camera_msgs/msg/detail/rgbd__type_support.c\n'}
[61.582462] (orbbec_camera_msgs) StdoutLine: {'line': b'-- Installing: /home/sophie/isaac_lab/isaac_ws/rl_code/soarm100sim/third_party/orbbec_ws/install_287/orbbec_camera_msgs/include/orbbec_camera_msgs/orbbec_camera_msgs/msg/detail/depth_filter_state__rosidl_typesupport_introspection_c.h\n'}
[61.582550] (orbbec_camera_msgs) StdoutLine: {'line': b'-- Installing: /home/sophie/isaac_lab/isaac_ws/rl_code/soarm100sim/third_party/orbbec_ws/install_287/orbbec_camera_msgs/include/orbbec_camera_msgs/orbbec_camera_msgs/msg/detail/metadata__type_support.c\n'}
[61.582699] (orbbec_camera_msgs) StdoutLine: {'line': b'-- Installing: /home/sophie/isaac_lab/isaac_ws/rl_code/soarm100sim/third_party/orbbec_ws/install_287/orbbec_camera_msgs/include/orbbec_camera_msgs/orbbec_camera_msgs/msg/detail/device_info__rosidl_typesupport_introspection_c.h\n'}
[61.582770] (orbbec_camera_msgs) StdoutLine: {'line': b'-- Installing: /home/sophie/isaac_lab/isaac_ws/rl_code/soarm100sim/third_party/orbbec_ws/install_287/orbbec_camera_msgs/include/orbbec_camera_msgs/orbbec_camera_msgs/msg/rosidl_typesupport_introspection_c__visibility_control.h\n'}
[61.582860] (orbbec_camera_msgs) StdoutLine: {'line': b'-- Installing: /home/sophie/isaac_lab/isaac_ws/rl_code/soarm100sim/third_party/orbbec_ws/install_287/orbbec_camera_msgs/lib/liborbbec_camera_msgs__rosidl_typesupport_introspection_c.so\n'}
[61.582948] (orbbec_camera_msgs) StdoutLine: {'line': b'-- Set runtime path of "/home/sophie/isaac_lab/isaac_ws/rl_code/soarm100sim/third_party/orbbec_ws/install_287/orbbec_camera_msgs/lib/liborbbec_camera_msgs__rosidl_typesupport_introspection_c.so" to ""\n'}
[61.583004] (orbbec_camera_msgs) StdoutLine: {'line': b'-- Installing: /home/sophie/isaac_lab/isaac_ws/rl_code/soarm100sim/third_party/orbbec_ws/install_287/orbbec_camera_msgs/lib/liborbbec_camera_msgs__rosidl_typesupport_c.so\n'}
[61.583127] (orbbec_camera_msgs) StdoutLine: {'line': b'-- Set runtime path of "/home/sophie/isaac_lab/isaac_ws/rl_code/soarm100sim/third_party/orbbec_ws/install_287/orbbec_camera_msgs/lib/liborbbec_camera_msgs__rosidl_typesupport_c.so" to ""\n'}
[61.583243] (orbbec_camera_msgs) StdoutLine: {'line': b'-- Up-to-date: /home/sophie/isaac_lab/isaac_ws/rl_code/soarm100sim/third_party/orbbec_ws/install_287/orbbec_camera_msgs/include/orbbec_camera_msgs/orbbec_camera_msgs\n'}
[61.583418] (orbbec_camera_msgs) StdoutLine: {'line': b'-- Up-to-date: /home/sophie/isaac_lab/isaac_ws/rl_code/soarm100sim/third_party/orbbec_ws/install_287/orbbec_camera_msgs/include/orbbec_camera_msgs/orbbec_camera_msgs/srv\n'}
[61.583578] (orbbec_camera_msgs) StdoutLine: {'line': b'-- Up-to-date: /home/sophie/isaac_lab/isaac_ws/rl_code/soarm100sim/third_party/orbbec_ws/install_287/orbbec_camera_msgs/include/orbbec_camera_msgs/orbbec_camera_msgs/srv/detail\n'}
[61.583812] (orbbec_camera_msgs) StdoutLine: {'line': b'-- Installing: /home/sophie/isaac_lab/isaac_ws/rl_code/soarm100sim/third_party/orbbec_ws/install_287/orbbec_camera_msgs/include/orbbec_camera_msgs/orbbec_camera_msgs/srv/detail/set_filter__traits.hpp\n'}
[61.583955] (orbbec_camera_msgs) StdoutLine: {'line': b'-- Installing: /home/sophie/isaac_lab/isaac_ws/rl_code/soarm100sim/third_party/orbbec_ws/install_287/orbbec_camera_msgs/include/orbbec_camera_msgs/orbbec_camera_msgs/srv/detail/set_arrays__struct.hpp\n'}
[61.584088] (orbbec_camera_msgs) StdoutLine: {'line': b'-- Installing: /home/sophie/isaac_lab/isaac_ws/rl_code/soarm100sim/third_party/orbbec_ws/install_287/orbbec_camera_msgs/include/orbbec_camera_msgs/orbbec_camera_msgs/srv/detail/get_bool__struct.hpp\n'}
[61.584201] (orbbec_camera_msgs) StdoutLine: {'line': b'-- Installing: /home/sophie/isaac_lab/isaac_ws/rl_code/soarm100sim/third_party/orbbec_ws/install_287/orbbec_camera_msgs/include/orbbec_camera_msgs/orbbec_camera_msgs/srv/detail/get_device_info__traits.hpp\n'}
[61.584290] (orbbec_camera_msgs) StdoutLine: {'line': b'-- Installing: /home/sophie/isaac_lab/isaac_ws/rl_code/soarm100sim/third_party/orbbec_ws/install_287/orbbec_camera_msgs/include/orbbec_camera_msgs/orbbec_camera_msgs/srv/detail/get_int32__builder.hpp\n'}
[61.584360] (orbbec_camera_msgs) StdoutLine: {'line': b'-- Installing: /home/sophie/isaac_lab/isaac_ws/rl_code/soarm100sim/third_party/orbbec_ws/install_287/orbbec_camera_msgs/include/orbbec_camera_msgs/orbbec_camera_msgs/srv/detail/get_camera_info__type_support.hpp\n'}
[61.584489] (orbbec_camera_msgs) StdoutLine: {'line': b'-- Installing: /home/sophie/isaac_lab/isaac_ws/rl_code/soarm100sim/third_party/orbbec_ws/install_287/orbbec_camera_msgs/include/orbbec_camera_msgs/orbbec_camera_msgs/srv/detail/get_string__type_support.hpp\n'}
[61.584623] (orbbec_camera_msgs) StdoutLine: {'line': b'-- Installing: /home/sophie/isaac_lab/isaac_ws/rl_code/soarm100sim/third_party/orbbec_ws/install_287/orbbec_camera_msgs/include/orbbec_camera_msgs/orbbec_camera_msgs/srv/detail/set_int32__traits.hpp\n'}
[61.584728] (orbbec_camera_msgs) StdoutLine: {'line': b'-- Installing: /home/sophie/isaac_lab/isaac_ws/rl_code/soarm100sim/third_party/orbbec_ws/install_287/orbbec_camera_msgs/include/orbbec_camera_msgs/orbbec_camera_msgs/srv/detail/set_int32__type_support.hpp\n'}
[61.584853] (orbbec_camera_msgs) StdoutLine: {'line': b'-- Installing: /home/sophie/isaac_lab/isaac_ws/rl_code/soarm100sim/third_party/orbbec_ws/install_287/orbbec_camera_msgs/include/orbbec_camera_msgs/orbbec_camera_msgs/srv/detail/set_user_calib_params__struct.hpp\n'}
[61.584970] (orbbec_camera_msgs) StdoutLine: {'line': b'-- Installing: /home/sophie/isaac_lab/isaac_ws/rl_code/soarm100sim/third_party/orbbec_ws/install_287/orbbec_camera_msgs/include/orbbec_camera_msgs/orbbec_camera_msgs/srv/detail/set_string__builder.hpp\n'}
[61.585095] (orbbec_camera_msgs) StdoutLine: {'line': b'-- Installing: /home/sophie/isaac_lab/isaac_ws/rl_code/soarm100sim/third_party/orbbec_ws/install_287/orbbec_camera_msgs/include/orbbec_camera_msgs/orbbec_camera_msgs/srv/detail/get_user_calib_params__type_support.hpp\n'}
[61.585199] (orbbec_camera_msgs) StdoutLine: {'line': b'-- Installing: /home/sophie/isaac_lab/isaac_ws/rl_code/soarm100sim/third_party/orbbec_ws/install_287/orbbec_camera_msgs/include/orbbec_camera_msgs/orbbec_camera_msgs/srv/detail/set_user_calib_params__type_support.hpp\n'}
[61.585321] (orbbec_camera_msgs) StdoutLine: {'line': b'-- Installing: /home/sophie/isaac_lab/isaac_ws/rl_code/soarm100sim/third_party/orbbec_ws/install_287/orbbec_camera_msgs/include/orbbec_camera_msgs/orbbec_camera_msgs/srv/detail/set_user_calib_params__builder.hpp\n'}
[61.585434] (orbbec_camera_msgs) StdoutLine: {'line': b'-- Installing: /home/sophie/isaac_lab/isaac_ws/rl_code/soarm100sim/third_party/orbbec_ws/install_287/orbbec_camera_msgs/include/orbbec_camera_msgs/orbbec_camera_msgs/srv/detail/set_int32__builder.hpp\n'}
[61.585494] (orbbec_camera_msgs) StdoutLine: {'line': b'-- Installing: /home/sophie/isaac_lab/isaac_ws/rl_code/soarm100sim/third_party/orbbec_ws/install_287/orbbec_camera_msgs/include/orbbec_camera_msgs/orbbec_camera_msgs/srv/detail/set_int32__struct.hpp\n'}
[61.585557] (orbbec_camera_msgs) StdoutLine: {'line': b'-- Installing: /home/sophie/isaac_lab/isaac_ws/rl_code/soarm100sim/third_party/orbbec_ws/install_287/orbbec_camera_msgs/include/orbbec_camera_msgs/orbbec_camera_msgs/srv/detail/get_int32__struct.hpp\n'}
[61.585993] (orbbec_camera_msgs) StdoutLine: {'line': b'-- Installing: /home/sophie/isaac_lab/isaac_ws/rl_code/soarm100sim/third_party/orbbec_ws/install_287/orbbec_camera_msgs/include/orbbec_camera_msgs/orbbec_camera_msgs/srv/detail/set_string__type_support.hpp\n'}
[61.586230] (orbbec_camera_msgs) StdoutLine: {'line': b'-- Installing: /home/sophie/isaac_lab/isaac_ws/rl_code/soarm100sim/third_party/orbbec_ws/install_287/orbbec_camera_msgs/include/orbbec_camera_msgs/orbbec_camera_msgs/srv/detail/get_camera_info__traits.hpp\n'}
[61.586341] (orbbec_camera_msgs) StdoutLine: {'line': b'-- Installing: /home/sophie/isaac_lab/isaac_ws/rl_code/soarm100sim/third_party/orbbec_ws/install_287/orbbec_camera_msgs/include/orbbec_camera_msgs/orbbec_camera_msgs/srv/detail/get_int32__traits.hpp\n'}
[61.586477] (orbbec_camera_msgs) StdoutLine: {'line': b'-- Installing: /home/sophie/isaac_lab/isaac_ws/rl_code/soarm100sim/third_party/orbbec_ws/install_287/orbbec_camera_msgs/include/orbbec_camera_msgs/orbbec_camera_msgs/srv/detail/get_user_calib_params__traits.hpp\n'}
[61.586584] (orbbec_camera_msgs) StdoutLine: {'line': b'-- Installing: /home/sophie/isaac_lab/isaac_ws/rl_code/soarm100sim/third_party/orbbec_ws/install_287/orbbec_camera_msgs/include/orbbec_camera_msgs/orbbec_camera_msgs/srv/detail/get_bool__builder.hpp\n'}
[61.586694] (orbbec_camera_msgs) StdoutLine: {'line': b'-- Installing: /home/sophie/isaac_lab/isaac_ws/rl_code/soarm100sim/third_party/orbbec_ws/install_287/orbbec_camera_msgs/include/orbbec_camera_msgs/orbbec_camera_msgs/srv/detail/get_string__builder.hpp\n'}
[61.586821] (orbbec_camera_msgs) StdoutLine: {'line': b'-- Installing: /home/sophie/isaac_lab/isaac_ws/rl_code/soarm100sim/third_party/orbbec_ws/install_287/orbbec_camera_msgs/include/orbbec_camera_msgs/orbbec_camera_msgs/srv/detail/get_device_info__struct.hpp\n'}
[61.586919] (orbbec_camera_msgs) StdoutLine: {'line': b'-- Installing: /home/sophie/isaac_lab/isaac_ws/rl_code/soarm100sim/third_party/orbbec_ws/install_287/orbbec_camera_msgs/include/orbbec_camera_msgs/orbbec_camera_msgs/srv/detail/get_camera_info__struct.hpp\n'}
[61.587032] (orbbec_camera_msgs) StdoutLine: {'line': b'-- Installing: /home/sophie/isaac_lab/isaac_ws/rl_code/soarm100sim/third_party/orbbec_ws/install_287/orbbec_camera_msgs/include/orbbec_camera_msgs/orbbec_camera_msgs/srv/detail/set_string__traits.hpp\n'}
[61.587134] (orbbec_camera_msgs) StdoutLine: {'line': b'-- Installing: /home/sophie/isaac_lab/isaac_ws/rl_code/soarm100sim/third_party/orbbec_ws/install_287/orbbec_camera_msgs/include/orbbec_camera_msgs/orbbec_camera_msgs/srv/detail/get_user_calib_params__struct.hpp\n'}
[61.587263] (orbbec_camera_msgs) StdoutLine: {'line': b'-- Installing: /home/sophie/isaac_lab/isaac_ws/rl_code/soarm100sim/third_party/orbbec_ws/install_287/orbbec_camera_msgs/include/orbbec_camera_msgs/orbbec_camera_msgs/srv/detail/get_int32__type_support.hpp\n'}
[61.587381] (orbbec_camera_msgs) StdoutLine: {'line': b'-- Installing: /home/sophie/isaac_lab/isaac_ws/rl_code/soarm100sim/third_party/orbbec_ws/install_287/orbbec_camera_msgs/include/orbbec_camera_msgs/orbbec_camera_msgs/srv/detail/get_bool__type_support.hpp\n'}
[61.587487] (orbbec_camera_msgs) StdoutLine: {'line': b'-- Installing: /home/sophie/isaac_lab/isaac_ws/rl_code/soarm100sim/third_party/orbbec_ws/install_287/orbbec_camera_msgs/include/orbbec_camera_msgs/orbbec_camera_msgs/srv/detail/get_string__struct.hpp\n'}
[61.587632] (orbbec_camera_msgs) StdoutLine: {'line': b'-- Installing: /home/sophie/isaac_lab/isaac_ws/rl_code/soarm100sim/third_party/orbbec_ws/install_287/orbbec_camera_msgs/include/orbbec_camera_msgs/orbbec_camera_msgs/srv/detail/set_filter__builder.hpp\n'}
[61.587767] (orbbec_camera_msgs) StdoutLine: {'line': b'-- Installing: /home/sophie/isaac_lab/isaac_ws/rl_code/soarm100sim/third_party/orbbec_ws/install_287/orbbec_camera_msgs/include/orbbec_camera_msgs/orbbec_camera_msgs/srv/detail/get_string__traits.hpp\n'}
[61.587888] (orbbec_camera_msgs) StdoutLine: {'line': b'-- Installing: /home/sophie/isaac_lab/isaac_ws/rl_code/soarm100sim/third_party/orbbec_ws/install_287/orbbec_camera_msgs/include/orbbec_camera_msgs/orbbec_camera_msgs/srv/detail/get_user_calib_params__builder.hpp\n'}
[61.587976] (orbbec_camera_msgs) StdoutLine: {'line': b'-- Installing: /home/sophie/isaac_lab/isaac_ws/rl_code/soarm100sim/third_party/orbbec_ws/install_287/orbbec_camera_msgs/include/orbbec_camera_msgs/orbbec_camera_msgs/srv/detail/set_filter__struct.hpp\n'}
[61.588114] (orbbec_camera_msgs) StdoutLine: {'line': b'-- Installing: /home/sophie/isaac_lab/isaac_ws/rl_code/soarm100sim/third_party/orbbec_ws/install_287/orbbec_camera_msgs/include/orbbec_camera_msgs/orbbec_camera_msgs/srv/detail/set_user_calib_params__traits.hpp\n'}
[61.588176] (orbbec_camera_msgs) StdoutLine: {'line': b'-- Installing: /home/sophie/isaac_lab/isaac_ws/rl_code/soarm100sim/third_party/orbbec_ws/install_287/orbbec_camera_msgs/include/orbbec_camera_msgs/orbbec_camera_msgs/srv/detail/set_arrays__traits.hpp\n'}
[61.588265] (orbbec_camera_msgs) StdoutLine: {'line': b'-- Installing: /home/sophie/isaac_lab/isaac_ws/rl_code/soarm100sim/third_party/orbbec_ws/install_287/orbbec_camera_msgs/include/orbbec_camera_msgs/orbbec_camera_msgs/srv/detail/get_bool__traits.hpp\n'}
[61.588405] (orbbec_camera_msgs) StdoutLine: {'line': b'-- Installing: /home/sophie/isaac_lab/isaac_ws/rl_code/soarm100sim/third_party/orbbec_ws/install_287/orbbec_camera_msgs/include/orbbec_camera_msgs/orbbec_camera_msgs/srv/detail/get_device_info__type_support.hpp\n'}
[61.588497] (orbbec_camera_msgs) StdoutLine: {'line': b'-- Installing: /home/sophie/isaac_lab/isaac_ws/rl_code/soarm100sim/third_party/orbbec_ws/install_287/orbbec_camera_msgs/include/orbbec_camera_msgs/orbbec_camera_msgs/srv/detail/set_arrays__type_support.hpp\n'}
[61.588648] (orbbec_camera_msgs) StdoutLine: {'line': b'-- Installing: /home/sophie/isaac_lab/isaac_ws/rl_code/soarm100sim/third_party/orbbec_ws/install_287/orbbec_camera_msgs/include/orbbec_camera_msgs/orbbec_camera_msgs/srv/detail/set_filter__type_support.hpp\n'}
[61.588764] (orbbec_camera_msgs) StdoutLine: {'line': b'-- Installing: /home/sophie/isaac_lab/isaac_ws/rl_code/soarm100sim/third_party/orbbec_ws/install_287/orbbec_camera_msgs/include/orbbec_camera_msgs/orbbec_camera_msgs/srv/detail/get_camera_info__builder.hpp\n'}
[61.588856] (orbbec_camera_msgs) StdoutLine: {'line': b'-- Installing: /home/sophie/isaac_lab/isaac_ws/rl_code/soarm100sim/third_party/orbbec_ws/install_287/orbbec_camera_msgs/include/orbbec_camera_msgs/orbbec_camera_msgs/srv/detail/set_arrays__builder.hpp\n'}
[61.588973] (orbbec_camera_msgs) StdoutLine: {'line': b'-- Installing: /home/sophie/isaac_lab/isaac_ws/rl_code/soarm100sim/third_party/orbbec_ws/install_287/orbbec_camera_msgs/include/orbbec_camera_msgs/orbbec_camera_msgs/srv/detail/set_string__struct.hpp\n'}
[61.589089] (orbbec_camera_msgs) StdoutLine: {'line': b'-- Installing: /home/sophie/isaac_lab/isaac_ws/rl_code/soarm100sim/third_party/orbbec_ws/install_287/orbbec_camera_msgs/include/orbbec_camera_msgs/orbbec_camera_msgs/srv/detail/get_device_info__builder.hpp\n'}
[61.589181] (orbbec_camera_msgs) StdoutLine: {'line': b'-- Installing: /home/sophie/isaac_lab/isaac_ws/rl_code/soarm100sim/third_party/orbbec_ws/install_287/orbbec_camera_msgs/include/orbbec_camera_msgs/orbbec_camera_msgs/srv/get_user_calib_params.hpp\n'}
[61.589274] (orbbec_camera_msgs) StdoutLine: {'line': b'-- Installing: /home/sophie/isaac_lab/isaac_ws/rl_code/soarm100sim/third_party/orbbec_ws/install_287/orbbec_camera_msgs/include/orbbec_camera_msgs/orbbec_camera_msgs/srv/get_device_info.hpp\n'}
[61.589332] (orbbec_camera_msgs) StdoutLine: {'line': b'-- Installing: /home/sophie/isaac_lab/isaac_ws/rl_code/soarm100sim/third_party/orbbec_ws/install_287/orbbec_camera_msgs/include/orbbec_camera_msgs/orbbec_camera_msgs/srv/set_string.hpp\n'}
[61.589432] (orbbec_camera_msgs) StdoutLine: {'line': b'-- Installing: /home/sophie/isaac_lab/isaac_ws/rl_code/soarm100sim/third_party/orbbec_ws/install_287/orbbec_camera_msgs/include/orbbec_camera_msgs/orbbec_camera_msgs/srv/set_arrays.hpp\n'}
[61.589492] (orbbec_camera_msgs) StdoutLine: {'line': b'-- Installing: /home/sophie/isaac_lab/isaac_ws/rl_code/soarm100sim/third_party/orbbec_ws/install_287/orbbec_camera_msgs/include/orbbec_camera_msgs/orbbec_camera_msgs/srv/get_camera_info.hpp\n'}
[61.589581] (orbbec_camera_msgs) StdoutLine: {'line': b'-- Installing: /home/sophie/isaac_lab/isaac_ws/rl_code/soarm100sim/third_party/orbbec_ws/install_287/orbbec_camera_msgs/include/orbbec_camera_msgs/orbbec_camera_msgs/srv/get_int32.hpp\n'}
[61.589665] (orbbec_camera_msgs) StdoutLine: {'line': b'-- Installing: /home/sophie/isaac_lab/isaac_ws/rl_code/soarm100sim/third_party/orbbec_ws/install_287/orbbec_camera_msgs/include/orbbec_camera_msgs/orbbec_camera_msgs/srv/get_bool.hpp\n'}
[61.589697] (orbbec_camera_msgs) StdoutLine: {'line': b'-- Installing: /home/sophie/isaac_lab/isaac_ws/rl_code/soarm100sim/third_party/orbbec_ws/install_287/orbbec_camera_msgs/include/orbbec_camera_msgs/orbbec_camera_msgs/srv/set_filter.hpp\n'}
[61.589724] (orbbec_camera_msgs) StdoutLine: {'line': b'-- Installing: /home/sophie/isaac_lab/isaac_ws/rl_code/soarm100sim/third_party/orbbec_ws/install_287/orbbec_camera_msgs/include/orbbec_camera_msgs/orbbec_camera_msgs/srv/set_user_calib_params.hpp\n'}
[61.589751] (orbbec_camera_msgs) StdoutLine: {'line': b'-- Installing: /home/sophie/isaac_lab/isaac_ws/rl_code/soarm100sim/third_party/orbbec_ws/install_287/orbbec_camera_msgs/include/orbbec_camera_msgs/orbbec_camera_msgs/srv/get_string.hpp\n'}
[61.589778] (orbbec_camera_msgs) StdoutLine: {'line': b'-- Installing: /home/sophie/isaac_lab/isaac_ws/rl_code/soarm100sim/third_party/orbbec_ws/install_287/orbbec_camera_msgs/include/orbbec_camera_msgs/orbbec_camera_msgs/srv/set_int32.hpp\n'}
[61.590064] (orbbec_camera_msgs) StdoutLine: {'line': b'-- Up-to-date: /home/sophie/isaac_lab/isaac_ws/rl_code/soarm100sim/third_party/orbbec_ws/install_287/orbbec_camera_msgs/include/orbbec_camera_msgs/orbbec_camera_msgs/msg\n'}
[61.590282] (orbbec_camera_msgs) StdoutLine: {'line': b'-- Up-to-date: /home/sophie/isaac_lab/isaac_ws/rl_code/soarm100sim/third_party/orbbec_ws/install_287/orbbec_camera_msgs/include/orbbec_camera_msgs/orbbec_camera_msgs/msg/detail\n'}
[61.590332] (orbbec_camera_msgs) StdoutLine: {'line': b'-- Installing: /home/sophie/isaac_lab/isaac_ws/rl_code/soarm100sim/third_party/orbbec_ws/install_287/orbbec_camera_msgs/include/orbbec_camera_msgs/orbbec_camera_msgs/msg/detail/rgbd__builder.hpp\n'}
[61.590363] (orbbec_camera_msgs) StdoutLine: {'line': b'-- Installing: /home/sophie/isaac_lab/isaac_ws/rl_code/soarm100sim/third_party/orbbec_ws/install_287/orbbec_camera_msgs/include/orbbec_camera_msgs/orbbec_camera_msgs/msg/detail/depth_filters_status__struct.hpp\n'}
[61.590391] (orbbec_camera_msgs) StdoutLine: {'line': b'-- Installing: /home/sophie/isaac_lab/isaac_ws/rl_code/soarm100sim/third_party/orbbec_ws/install_287/orbbec_camera_msgs/include/orbbec_camera_msgs/orbbec_camera_msgs/msg/detail/device_status__traits.hpp\n'}
[61.590419] (orbbec_camera_msgs) StdoutLine: {'line': b'-- Installing: /home/sophie/isaac_lab/isaac_ws/rl_code/soarm100sim/third_party/orbbec_ws/install_287/orbbec_camera_msgs/include/orbbec_camera_msgs/orbbec_camera_msgs/msg/detail/rgbd__type_support.hpp\n'}
[61.590448] (orbbec_camera_msgs) StdoutLine: {'line': b'-- Installing: /home/sophie/isaac_lab/isaac_ws/rl_code/soarm100sim/third_party/orbbec_ws/install_287/orbbec_camera_msgs/include/orbbec_camera_msgs/orbbec_camera_msgs/msg/detail/depth_filter_param__type_support.hpp\n'}
[61.590476] (orbbec_camera_msgs) StdoutLine: {'line': b'-- Installing: /home/sophie/isaac_lab/isaac_ws/rl_code/soarm100sim/third_party/orbbec_ws/install_287/orbbec_camera_msgs/include/orbbec_camera_msgs/orbbec_camera_msgs/msg/detail/depth_filters_status__traits.hpp\n'}
[61.590502] (orbbec_camera_msgs) StdoutLine: {'line': b'-- Installing: /home/sophie/isaac_lab/isaac_ws/rl_code/soarm100sim/third_party/orbbec_ws/install_287/orbbec_camera_msgs/include/orbbec_camera_msgs/orbbec_camera_msgs/msg/detail/metadata__traits.hpp\n'}
[61.590599] (orbbec_camera_msgs) StdoutLine: {'line': b'-- Installing: /home/sophie/isaac_lab/isaac_ws/rl_code/soarm100sim/third_party/orbbec_ws/install_287/orbbec_camera_msgs/include/orbbec_camera_msgs/orbbec_camera_msgs/msg/detail/metadata__struct.hpp\n'}
[61.590672] (orbbec_camera_msgs) StdoutLine: {'line': b'-- Installing: /home/sophie/isaac_lab/isaac_ws/rl_code/soarm100sim/third_party/orbbec_ws/install_287/orbbec_camera_msgs/include/orbbec_camera_msgs/orbbec_camera_msgs/msg/detail/imu_info__struct.hpp\n'}
[61.590695] (orbbec_camera_msgs) StdoutLine: {'line': b'-- Installing: /home/sophie/isaac_lab/isaac_ws/rl_code/soarm100sim/third_party/orbbec_ws/install_287/orbbec_camera_msgs/include/orbbec_camera_msgs/orbbec_camera_msgs/msg/detail/device_info__type_support.hpp\n'}
[61.590718] (orbbec_camera_msgs) StdoutLine: {'line': b'-- Installing: /home/sophie/isaac_lab/isaac_ws/rl_code/soarm100sim/third_party/orbbec_ws/install_287/orbbec_camera_msgs/include/orbbec_camera_msgs/orbbec_camera_msgs/msg/detail/depth_filter_param__traits.hpp\n'}
[61.590745] (orbbec_camera_msgs) StdoutLine: {'line': b'-- Installing: /home/sophie/isaac_lab/isaac_ws/rl_code/soarm100sim/third_party/orbbec_ws/install_287/orbbec_camera_msgs/include/orbbec_camera_msgs/orbbec_camera_msgs/msg/detail/rgbd__traits.hpp\n'}
[61.590770] (orbbec_camera_msgs) StdoutLine: {'line': b'-- Installing: /home/sophie/isaac_lab/isaac_ws/rl_code/soarm100sim/third_party/orbbec_ws/install_287/orbbec_camera_msgs/include/orbbec_camera_msgs/orbbec_camera_msgs/msg/detail/depth_filter_state__type_support.hpp\n'}
[61.590797] (orbbec_camera_msgs) StdoutLine: {'line': b'-- Installing: /home/sophie/isaac_lab/isaac_ws/rl_code/soarm100sim/third_party/orbbec_ws/install_287/orbbec_camera_msgs/include/orbbec_camera_msgs/orbbec_camera_msgs/msg/detail/metadata__builder.hpp\n'}
[61.590823] (orbbec_camera_msgs) StdoutLine: {'line': b'-- Installing: /home/sophie/isaac_lab/isaac_ws/rl_code/soarm100sim/third_party/orbbec_ws/install_287/orbbec_camera_msgs/include/orbbec_camera_msgs/orbbec_camera_msgs/msg/detail/extrinsics__traits.hpp\n'}
[61.590848] (orbbec_camera_msgs) StdoutLine: {'line': b'-- Installing: /home/sophie/isaac_lab/isaac_ws/rl_code/soarm100sim/third_party/orbbec_ws/install_287/orbbec_camera_msgs/include/orbbec_camera_msgs/orbbec_camera_msgs/msg/detail/metadata__type_support.hpp\n'}
[61.590873] (orbbec_camera_msgs) StdoutLine: {'line': b'-- Installing: /home/sophie/isaac_lab/isaac_ws/rl_code/soarm100sim/third_party/orbbec_ws/install_287/orbbec_camera_msgs/include/orbbec_camera_msgs/orbbec_camera_msgs/msg/detail/depth_filter_state__struct.hpp\n'}
[61.590985] (orbbec_camera_msgs) StdoutLine: {'line': b'-- Installing: /home/sophie/isaac_lab/isaac_ws/rl_code/soarm100sim/third_party/orbbec_ws/install_287/orbbec_camera_msgs/include/orbbec_camera_msgs/orbbec_camera_msgs/msg/detail/device_status__builder.hpp\n'}
[61.591007] (orbbec_camera_msgs) StdoutLine: {'line': b'-- Installing: /home/sophie/isaac_lab/isaac_ws/rl_code/soarm100sim/third_party/orbbec_ws/install_287/orbbec_camera_msgs/include/orbbec_camera_msgs/orbbec_camera_msgs/msg/detail/depth_filter_state__builder.hpp\n'}
[61.591030] (orbbec_camera_msgs) StdoutLine: {'line': b'-- Installing: /home/sophie/isaac_lab/isaac_ws/rl_code/soarm100sim/third_party/orbbec_ws/install_287/orbbec_camera_msgs/include/orbbec_camera_msgs/orbbec_camera_msgs/msg/detail/extrinsics__type_support.hpp\n'}
[61.591055] (orbbec_camera_msgs) StdoutLine: {'line': b'-- Installing: /home/sophie/isaac_lab/isaac_ws/rl_code/soarm100sim/third_party/orbbec_ws/install_287/orbbec_camera_msgs/include/orbbec_camera_msgs/orbbec_camera_msgs/msg/detail/imu_info__builder.hpp\n'}
[61.591080] (orbbec_camera_msgs) StdoutLine: {'line': b'-- Installing: /home/sophie/isaac_lab/isaac_ws/rl_code/soarm100sim/third_party/orbbec_ws/install_287/orbbec_camera_msgs/include/orbbec_camera_msgs/orbbec_camera_msgs/msg/detail/depth_filter_param__builder.hpp\n'}
[61.591105] (orbbec_camera_msgs) StdoutLine: {'line': b'-- Installing: /home/sophie/isaac_lab/isaac_ws/rl_code/soarm100sim/third_party/orbbec_ws/install_287/orbbec_camera_msgs/include/orbbec_camera_msgs/orbbec_camera_msgs/msg/detail/depth_filters_status__type_support.hpp\n'}
[61.591129] (orbbec_camera_msgs) StdoutLine: {'line': b'-- Installing: /home/sophie/isaac_lab/isaac_ws/rl_code/soarm100sim/third_party/orbbec_ws/install_287/orbbec_camera_msgs/include/orbbec_camera_msgs/orbbec_camera_msgs/msg/detail/device_status__struct.hpp\n'}
[61.591204] (orbbec_camera_msgs) StdoutLine: {'line': b'-- Installing: /home/sophie/isaac_lab/isaac_ws/rl_code/soarm100sim/third_party/orbbec_ws/install_287/orbbec_camera_msgs/include/orbbec_camera_msgs/orbbec_camera_msgs/msg/detail/extrinsics__struct.hpp\n'}
[61.591227] (orbbec_camera_msgs) StdoutLine: {'line': b'-- Installing: /home/sophie/isaac_lab/isaac_ws/rl_code/soarm100sim/third_party/orbbec_ws/install_287/orbbec_camera_msgs/include/orbbec_camera_msgs/orbbec_camera_msgs/msg/detail/device_info__struct.hpp\n'}
[61.591248] (orbbec_camera_msgs) StdoutLine: {'line': b'-- Installing: /home/sophie/isaac_lab/isaac_ws/rl_code/soarm100sim/third_party/orbbec_ws/install_287/orbbec_camera_msgs/include/orbbec_camera_msgs/orbbec_camera_msgs/msg/detail/depth_filters_status__builder.hpp\n'}
[61.591274] (orbbec_camera_msgs) StdoutLine: {'line': b'-- Installing: /home/sophie/isaac_lab/isaac_ws/rl_code/soarm100sim/third_party/orbbec_ws/install_287/orbbec_camera_msgs/include/orbbec_camera_msgs/orbbec_camera_msgs/msg/detail/rgbd__struct.hpp\n'}
[61.591299] (orbbec_camera_msgs) StdoutLine: {'line': b'-- Installing: /home/sophie/isaac_lab/isaac_ws/rl_code/soarm100sim/third_party/orbbec_ws/install_287/orbbec_camera_msgs/include/orbbec_camera_msgs/orbbec_camera_msgs/msg/detail/depth_filter_state__traits.hpp\n'}
[61.591324] (orbbec_camera_msgs) StdoutLine: {'line': b'-- Installing: /home/sophie/isaac_lab/isaac_ws/rl_code/soarm100sim/third_party/orbbec_ws/install_287/orbbec_camera_msgs/include/orbbec_camera_msgs/orbbec_camera_msgs/msg/detail/depth_filter_param__struct.hpp\n'}
[61.591351] (orbbec_camera_msgs) StdoutLine: {'line': b'-- Installing: /home/sophie/isaac_lab/isaac_ws/rl_code/soarm100sim/third_party/orbbec_ws/install_287/orbbec_camera_msgs/include/orbbec_camera_msgs/orbbec_camera_msgs/msg/detail/device_info__traits.hpp\n'}
[61.591376] (orbbec_camera_msgs) StdoutLine: {'line': b'-- Installing: /home/sophie/isaac_lab/isaac_ws/rl_code/soarm100sim/third_party/orbbec_ws/install_287/orbbec_camera_msgs/include/orbbec_camera_msgs/orbbec_camera_msgs/msg/detail/device_info__builder.hpp\n'}
[61.591401] (orbbec_camera_msgs) StdoutLine: {'line': b'-- Installing: /home/sophie/isaac_lab/isaac_ws/rl_code/soarm100sim/third_party/orbbec_ws/install_287/orbbec_camera_msgs/include/orbbec_camera_msgs/orbbec_camera_msgs/msg/detail/device_status__type_support.hpp\n'}
[61.591426] (orbbec_camera_msgs) StdoutLine: {'line': b'-- Installing: /home/sophie/isaac_lab/isaac_ws/rl_code/soarm100sim/third_party/orbbec_ws/install_287/orbbec_camera_msgs/include/orbbec_camera_msgs/orbbec_camera_msgs/msg/detail/imu_info__type_support.hpp\n'}
[61.591451] (orbbec_camera_msgs) StdoutLine: {'line': b'-- Installing: /home/sophie/isaac_lab/isaac_ws/rl_code/soarm100sim/third_party/orbbec_ws/install_287/orbbec_camera_msgs/include/orbbec_camera_msgs/orbbec_camera_msgs/msg/detail/extrinsics__builder.hpp\n'}
[61.591476] (orbbec_camera_msgs) StdoutLine: {'line': b'-- Installing: /home/sophie/isaac_lab/isaac_ws/rl_code/soarm100sim/third_party/orbbec_ws/install_287/orbbec_camera_msgs/include/orbbec_camera_msgs/orbbec_camera_msgs/msg/detail/imu_info__traits.hpp\n'}
[61.591501] (orbbec_camera_msgs) StdoutLine: {'line': b'-- Installing: /home/sophie/isaac_lab/isaac_ws/rl_code/soarm100sim/third_party/orbbec_ws/install_287/orbbec_camera_msgs/include/orbbec_camera_msgs/orbbec_camera_msgs/msg/imu_info.hpp\n'}
[61.591526] (orbbec_camera_msgs) StdoutLine: {'line': b'-- Installing: /home/sophie/isaac_lab/isaac_ws/rl_code/soarm100sim/third_party/orbbec_ws/install_287/orbbec_camera_msgs/include/orbbec_camera_msgs/orbbec_camera_msgs/msg/depth_filters_status.hpp\n'}
[61.591554] (orbbec_camera_msgs) StdoutLine: {'line': b'-- Installing: /home/sophie/isaac_lab/isaac_ws/rl_code/soarm100sim/third_party/orbbec_ws/install_287/orbbec_camera_msgs/include/orbbec_camera_msgs/orbbec_camera_msgs/msg/extrinsics.hpp\n'}
[61.591580] (orbbec_camera_msgs) StdoutLine: {'line': b'-- Installing: /home/sophie/isaac_lab/isaac_ws/rl_code/soarm100sim/third_party/orbbec_ws/install_287/orbbec_camera_msgs/include/orbbec_camera_msgs/orbbec_camera_msgs/msg/metadata.hpp\n'}
[61.591605] (orbbec_camera_msgs) StdoutLine: {'line': b'-- Installing: /home/sophie/isaac_lab/isaac_ws/rl_code/soarm100sim/third_party/orbbec_ws/install_287/orbbec_camera_msgs/include/orbbec_camera_msgs/orbbec_camera_msgs/msg/device_status.hpp\n'}
[61.591630] (orbbec_camera_msgs) StdoutLine: {'line': b'-- Installing: /home/sophie/isaac_lab/isaac_ws/rl_code/soarm100sim/third_party/orbbec_ws/install_287/orbbec_camera_msgs/include/orbbec_camera_msgs/orbbec_camera_msgs/msg/rosidl_generator_cpp__visibility_control.hpp\n'}
[61.591655] (orbbec_camera_msgs) StdoutLine: {'line': b'-- Installing: /home/sophie/isaac_lab/isaac_ws/rl_code/soarm100sim/third_party/orbbec_ws/install_287/orbbec_camera_msgs/include/orbbec_camera_msgs/orbbec_camera_msgs/msg/rgbd.hpp\n'}
[61.591680] (orbbec_camera_msgs) StdoutLine: {'line': b'-- Installing: /home/sophie/isaac_lab/isaac_ws/rl_code/soarm100sim/third_party/orbbec_ws/install_287/orbbec_camera_msgs/include/orbbec_camera_msgs/orbbec_camera_msgs/msg/device_info.hpp\n'}
[61.591705] (orbbec_camera_msgs) StdoutLine: {'line': b'-- Installing: /home/sophie/isaac_lab/isaac_ws/rl_code/soarm100sim/third_party/orbbec_ws/install_287/orbbec_camera_msgs/include/orbbec_camera_msgs/orbbec_camera_msgs/msg/depth_filter_state.hpp\n'}
[61.591730] (orbbec_camera_msgs) StdoutLine: {'line': b'-- Installing: /home/sophie/isaac_lab/isaac_ws/rl_code/soarm100sim/third_party/orbbec_ws/install_287/orbbec_camera_msgs/include/orbbec_camera_msgs/orbbec_camera_msgs/msg/depth_filter_param.hpp\n'}
[61.591757] (orbbec_camera_msgs) StdoutLine: {'line': b'-- Up-to-date: /home/sophie/isaac_lab/isaac_ws/rl_code/soarm100sim/third_party/orbbec_ws/install_287/orbbec_camera_msgs/include/orbbec_camera_msgs/orbbec_camera_msgs\n'}
[61.591782] (orbbec_camera_msgs) StdoutLine: {'line': b'-- Up-to-date: /home/sophie/isaac_lab/isaac_ws/rl_code/soarm100sim/third_party/orbbec_ws/install_287/orbbec_camera_msgs/include/orbbec_camera_msgs/orbbec_camera_msgs/srv\n'}
[61.591809] (orbbec_camera_msgs) StdoutLine: {'line': b'-- Up-to-date: /home/sophie/isaac_lab/isaac_ws/rl_code/soarm100sim/third_party/orbbec_ws/install_287/orbbec_camera_msgs/include/orbbec_camera_msgs/orbbec_camera_msgs/srv/detail\n'}
[61.591834] (orbbec_camera_msgs) StdoutLine: {'line': b'-- Installing: /home/sophie/isaac_lab/isaac_ws/rl_code/soarm100sim/third_party/orbbec_ws/install_287/orbbec_camera_msgs/include/orbbec_camera_msgs/orbbec_camera_msgs/srv/detail/set_arrays__rosidl_typesupport_fastrtps_cpp.hpp\n'}
[61.591859] (orbbec_camera_msgs) StdoutLine: {'line': b'-- Installing: /home/sophie/isaac_lab/isaac_ws/rl_code/soarm100sim/third_party/orbbec_ws/install_287/orbbec_camera_msgs/include/orbbec_camera_msgs/orbbec_camera_msgs/srv/detail/get_int32__rosidl_typesupport_fastrtps_cpp.hpp\n'}
[61.591886] (orbbec_camera_msgs) StdoutLine: {'line': b'-- Installing: /home/sophie/isaac_lab/isaac_ws/rl_code/soarm100sim/third_party/orbbec_ws/install_287/orbbec_camera_msgs/include/orbbec_camera_msgs/orbbec_camera_msgs/srv/detail/set_string__rosidl_typesupport_fastrtps_cpp.hpp\n'}
[61.591911] (orbbec_camera_msgs) StdoutLine: {'line': b'-- Installing: /home/sophie/isaac_lab/isaac_ws/rl_code/soarm100sim/third_party/orbbec_ws/install_287/orbbec_camera_msgs/include/orbbec_camera_msgs/orbbec_camera_msgs/srv/detail/set_filter__rosidl_typesupport_fastrtps_cpp.hpp\n'}
[61.591936] (orbbec_camera_msgs) StdoutLine: {'line': b'-- Installing: /home/sophie/isaac_lab/isaac_ws/rl_code/soarm100sim/third_party/orbbec_ws/install_287/orbbec_camera_msgs/include/orbbec_camera_msgs/orbbec_camera_msgs/srv/detail/get_device_info__rosidl_typesupport_fastrtps_cpp.hpp\n'}
[61.591962] (orbbec_camera_msgs) StdoutLine: {'line': b'-- Installing: /home/sophie/isaac_lab/isaac_ws/rl_code/soarm100sim/third_party/orbbec_ws/install_287/orbbec_camera_msgs/include/orbbec_camera_msgs/orbbec_camera_msgs/srv/detail/get_user_calib_params__rosidl_typesupport_fastrtps_cpp.hpp\n'}
[61.591987] (orbbec_camera_msgs) StdoutLine: {'line': b'-- Installing: /home/sophie/isaac_lab/isaac_ws/rl_code/soarm100sim/third_party/orbbec_ws/install_287/orbbec_camera_msgs/include/orbbec_camera_msgs/orbbec_camera_msgs/srv/detail/set_int32__rosidl_typesupport_fastrtps_cpp.hpp\n'}
[61.592011] (orbbec_camera_msgs) StdoutLine: {'line': b'-- Installing: /home/sophie/isaac_lab/isaac_ws/rl_code/soarm100sim/third_party/orbbec_ws/install_287/orbbec_camera_msgs/include/orbbec_camera_msgs/orbbec_camera_msgs/srv/detail/get_camera_info__rosidl_typesupport_fastrtps_cpp.hpp\n'}
[61.592036] (orbbec_camera_msgs) StdoutLine: {'line': b'-- Installing: /home/sophie/isaac_lab/isaac_ws/rl_code/soarm100sim/third_party/orbbec_ws/install_287/orbbec_camera_msgs/include/orbbec_camera_msgs/orbbec_camera_msgs/srv/detail/get_bool__rosidl_typesupport_fastrtps_cpp.hpp\n'}
[61.592061] (orbbec_camera_msgs) StdoutLine: {'line': b'-- Installing: /home/sophie/isaac_lab/isaac_ws/rl_code/soarm100sim/third_party/orbbec_ws/install_287/orbbec_camera_msgs/include/orbbec_camera_msgs/orbbec_camera_msgs/srv/detail/get_string__rosidl_typesupport_fastrtps_cpp.hpp\n'}
[61.592085] (orbbec_camera_msgs) StdoutLine: {'line': b'-- Installing: /home/sophie/isaac_lab/isaac_ws/rl_code/soarm100sim/third_party/orbbec_ws/install_287/orbbec_camera_msgs/include/orbbec_camera_msgs/orbbec_camera_msgs/srv/detail/set_user_calib_params__rosidl_typesupport_fastrtps_cpp.hpp\n'}
[61.592110] (orbbec_camera_msgs) StdoutLine: {'line': b'-- Installing: /home/sophie/isaac_lab/isaac_ws/rl_code/soarm100sim/third_party/orbbec_ws/install_287/orbbec_camera_msgs/include/orbbec_camera_msgs/orbbec_camera_msgs/srv/detail/dds_fastrtps\n'}
[61.592136] (orbbec_camera_msgs) StdoutLine: {'line': b'-- Up-to-date: /home/sophie/isaac_lab/isaac_ws/rl_code/soarm100sim/third_party/orbbec_ws/install_287/orbbec_camera_msgs/include/orbbec_camera_msgs/orbbec_camera_msgs/msg\n'}
[61.592161] (orbbec_camera_msgs) StdoutLine: {'line': b'-- Up-to-date: /home/sophie/isaac_lab/isaac_ws/rl_code/soarm100sim/third_party/orbbec_ws/install_287/orbbec_camera_msgs/include/orbbec_camera_msgs/orbbec_camera_msgs/msg/detail\n'}
[61.592186] (orbbec_camera_msgs) StdoutLine: {'line': b'-- Installing: /home/sophie/isaac_lab/isaac_ws/rl_code/soarm100sim/third_party/orbbec_ws/install_287/orbbec_camera_msgs/include/orbbec_camera_msgs/orbbec_camera_msgs/msg/detail/extrinsics__rosidl_typesupport_fastrtps_cpp.hpp\n'}
[61.592211] (orbbec_camera_msgs) StdoutLine: {'line': b'-- Installing: /home/sophie/isaac_lab/isaac_ws/rl_code/soarm100sim/third_party/orbbec_ws/install_287/orbbec_camera_msgs/include/orbbec_camera_msgs/orbbec_camera_msgs/msg/detail/metadata__rosidl_typesupport_fastrtps_cpp.hpp\n'}
[61.592237] (orbbec_camera_msgs) StdoutLine: {'line': b'-- Installing: /home/sophie/isaac_lab/isaac_ws/rl_code/soarm100sim/third_party/orbbec_ws/install_287/orbbec_camera_msgs/include/orbbec_camera_msgs/orbbec_camera_msgs/msg/detail/rgbd__rosidl_typesupport_fastrtps_cpp.hpp\n'}
[61.592262] (orbbec_camera_msgs) StdoutLine: {'line': b'-- Installing: /home/sophie/isaac_lab/isaac_ws/rl_code/soarm100sim/third_party/orbbec_ws/install_287/orbbec_camera_msgs/include/orbbec_camera_msgs/orbbec_camera_msgs/msg/detail/device_info__rosidl_typesupport_fastrtps_cpp.hpp\n'}
[61.592482] (orbbec_camera_msgs) StdoutLine: {'line': b'-- Installing: /home/sophie/isaac_lab/isaac_ws/rl_code/soarm100sim/third_party/orbbec_ws/install_287/orbbec_camera_msgs/include/orbbec_camera_msgs/orbbec_camera_msgs/msg/detail/depth_filters_status__rosidl_typesupport_fastrtps_cpp.hpp\n'}
[61.592506] (orbbec_camera_msgs) StdoutLine: {'line': b'-- Installing: /home/sophie/isaac_lab/isaac_ws/rl_code/soarm100sim/third_party/orbbec_ws/install_287/orbbec_camera_msgs/include/orbbec_camera_msgs/orbbec_camera_msgs/msg/detail/device_status__rosidl_typesupport_fastrtps_cpp.hpp\n'}
[61.592530] (orbbec_camera_msgs) StdoutLine: {'line': b'-- Installing: /home/sophie/isaac_lab/isaac_ws/rl_code/soarm100sim/third_party/orbbec_ws/install_287/orbbec_camera_msgs/include/orbbec_camera_msgs/orbbec_camera_msgs/msg/detail/imu_info__rosidl_typesupport_fastrtps_cpp.hpp\n'}
[61.592558] (orbbec_camera_msgs) StdoutLine: {'line': b'-- Installing: /home/sophie/isaac_lab/isaac_ws/rl_code/soarm100sim/third_party/orbbec_ws/install_287/orbbec_camera_msgs/include/orbbec_camera_msgs/orbbec_camera_msgs/msg/detail/depth_filter_state__rosidl_typesupport_fastrtps_cpp.hpp\n'}
[61.592585] (orbbec_camera_msgs) StdoutLine: {'line': b'-- Installing: /home/sophie/isaac_lab/isaac_ws/rl_code/soarm100sim/third_party/orbbec_ws/install_287/orbbec_camera_msgs/include/orbbec_camera_msgs/orbbec_camera_msgs/msg/detail/depth_filter_param__rosidl_typesupport_fastrtps_cpp.hpp\n'}
[61.592610] (orbbec_camera_msgs) StdoutLine: {'line': b'-- Installing: /home/sophie/isaac_lab/isaac_ws/rl_code/soarm100sim/third_party/orbbec_ws/install_287/orbbec_camera_msgs/include/orbbec_camera_msgs/orbbec_camera_msgs/msg/detail/dds_fastrtps\n'}
[61.592635] (orbbec_camera_msgs) StdoutLine: {'line': b'-- Installing: /home/sophie/isaac_lab/isaac_ws/rl_code/soarm100sim/third_party/orbbec_ws/install_287/orbbec_camera_msgs/include/orbbec_camera_msgs/orbbec_camera_msgs/msg/rosidl_typesupport_fastrtps_cpp__visibility_control.h\n'}
[61.592660] (orbbec_camera_msgs) StdoutLine: {'line': b'-- Installing: /home/sophie/isaac_lab/isaac_ws/rl_code/soarm100sim/third_party/orbbec_ws/install_287/orbbec_camera_msgs/lib/liborbbec_camera_msgs__rosidl_typesupport_fastrtps_cpp.so\n'}
[61.592685] (orbbec_camera_msgs) StdoutLine: {'line': b'-- Set runtime path of "/home/sophie/isaac_lab/isaac_ws/rl_code/soarm100sim/third_party/orbbec_ws/install_287/orbbec_camera_msgs/lib/liborbbec_camera_msgs__rosidl_typesupport_fastrtps_cpp.so" to ""\n'}
[61.592712] (orbbec_camera_msgs) StdoutLine: {'line': b'-- Up-to-date: /home/sophie/isaac_lab/isaac_ws/rl_code/soarm100sim/third_party/orbbec_ws/install_287/orbbec_camera_msgs/include/orbbec_camera_msgs/orbbec_camera_msgs\n'}
[61.592736] (orbbec_camera_msgs) StdoutLine: {'line': b'-- Up-to-date: /home/sophie/isaac_lab/isaac_ws/rl_code/soarm100sim/third_party/orbbec_ws/install_287/orbbec_camera_msgs/include/orbbec_camera_msgs/orbbec_camera_msgs/srv\n'}
[61.592760] (orbbec_camera_msgs) StdoutLine: {'line': b'-- Up-to-date: /home/sophie/isaac_lab/isaac_ws/rl_code/soarm100sim/third_party/orbbec_ws/install_287/orbbec_camera_msgs/include/orbbec_camera_msgs/orbbec_camera_msgs/srv/detail\n'}
[61.592785] (orbbec_camera_msgs) StdoutLine: {'line': b'-- Installing: /home/sophie/isaac_lab/isaac_ws/rl_code/soarm100sim/third_party/orbbec_ws/install_287/orbbec_camera_msgs/include/orbbec_camera_msgs/orbbec_camera_msgs/srv/detail/get_user_calib_params__type_support.cpp\n'}
[61.592809] (orbbec_camera_msgs) StdoutLine: {'line': b'-- Installing: /home/sophie/isaac_lab/isaac_ws/rl_code/soarm100sim/third_party/orbbec_ws/install_287/orbbec_camera_msgs/include/orbbec_camera_msgs/orbbec_camera_msgs/srv/detail/set_arrays__rosidl_typesupport_introspection_cpp.hpp\n'}
[61.592834] (orbbec_camera_msgs) StdoutLine: {'line': b'-- Installing: /home/sophie/isaac_lab/isaac_ws/rl_code/soarm100sim/third_party/orbbec_ws/install_287/orbbec_camera_msgs/include/orbbec_camera_msgs/orbbec_camera_msgs/srv/detail/get_string__type_support.cpp\n'}
[61.592859] (orbbec_camera_msgs) StdoutLine: {'line': b'-- Installing: /home/sophie/isaac_lab/isaac_ws/rl_code/soarm100sim/third_party/orbbec_ws/install_287/orbbec_camera_msgs/include/orbbec_camera_msgs/orbbec_camera_msgs/srv/detail/set_string__rosidl_typesupport_introspection_cpp.hpp\n'}
[61.592884] (orbbec_camera_msgs) StdoutLine: {'line': b'-- Installing: /home/sophie/isaac_lab/isaac_ws/rl_code/soarm100sim/third_party/orbbec_ws/install_287/orbbec_camera_msgs/include/orbbec_camera_msgs/orbbec_camera_msgs/srv/detail/get_bool__rosidl_typesupport_introspection_cpp.hpp\n'}
[61.592908] (orbbec_camera_msgs) StdoutLine: {'line': b'-- Installing: /home/sophie/isaac_lab/isaac_ws/rl_code/soarm100sim/third_party/orbbec_ws/install_287/orbbec_camera_msgs/include/orbbec_camera_msgs/orbbec_camera_msgs/srv/detail/set_int32__rosidl_typesupport_introspection_cpp.hpp\n'}
[61.592934] (orbbec_camera_msgs) StdoutLine: {'line': b'-- Installing: /home/sophie/isaac_lab/isaac_ws/rl_code/soarm100sim/third_party/orbbec_ws/install_287/orbbec_camera_msgs/include/orbbec_camera_msgs/orbbec_camera_msgs/srv/detail/set_int32__type_support.cpp\n'}
[61.592959] (orbbec_camera_msgs) StdoutLine: {'line': b'-- Installing: /home/sophie/isaac_lab/isaac_ws/rl_code/soarm100sim/third_party/orbbec_ws/install_287/orbbec_camera_msgs/include/orbbec_camera_msgs/orbbec_camera_msgs/srv/detail/get_string__rosidl_typesupport_introspection_cpp.hpp\n'}
[61.592986] (orbbec_camera_msgs) StdoutLine: {'line': b'-- Installing: /home/sophie/isaac_lab/isaac_ws/rl_code/soarm100sim/third_party/orbbec_ws/install_287/orbbec_camera_msgs/include/orbbec_camera_msgs/orbbec_camera_msgs/srv/detail/get_user_calib_params__rosidl_typesupport_introspection_cpp.hpp\n'}
[61.593011] (orbbec_camera_msgs) StdoutLine: {'line': b'-- Installing: /home/sophie/isaac_lab/isaac_ws/rl_code/soarm100sim/third_party/orbbec_ws/install_287/orbbec_camera_msgs/include/orbbec_camera_msgs/orbbec_camera_msgs/srv/detail/get_int32__type_support.cpp\n'}
[61.593036] (orbbec_camera_msgs) StdoutLine: {'line': b'-- Installing: /home/sophie/isaac_lab/isaac_ws/rl_code/soarm100sim/third_party/orbbec_ws/install_287/orbbec_camera_msgs/include/orbbec_camera_msgs/orbbec_camera_msgs/srv/detail/set_filter__type_support.cpp\n'}
[61.593060] (orbbec_camera_msgs) StdoutLine: {'line': b'-- Installing: /home/sophie/isaac_lab/isaac_ws/rl_code/soarm100sim/third_party/orbbec_ws/install_287/orbbec_camera_msgs/include/orbbec_camera_msgs/orbbec_camera_msgs/srv/detail/set_arrays__type_support.cpp\n'}
[61.593087] (orbbec_camera_msgs) StdoutLine: {'line': b'-- Installing: /home/sophie/isaac_lab/isaac_ws/rl_code/soarm100sim/third_party/orbbec_ws/install_287/orbbec_camera_msgs/include/orbbec_camera_msgs/orbbec_camera_msgs/srv/detail/get_camera_info__type_support.cpp\n'}
[61.593111] (orbbec_camera_msgs) StdoutLine: {'line': b'-- Installing: /home/sophie/isaac_lab/isaac_ws/rl_code/soarm100sim/third_party/orbbec_ws/install_287/orbbec_camera_msgs/include/orbbec_camera_msgs/orbbec_camera_msgs/srv/detail/get_camera_info__rosidl_typesupport_introspection_cpp.hpp\n'}
[61.593137] (orbbec_camera_msgs) StdoutLine: {'line': b'-- Installing: /home/sophie/isaac_lab/isaac_ws/rl_code/soarm100sim/third_party/orbbec_ws/install_287/orbbec_camera_msgs/include/orbbec_camera_msgs/orbbec_camera_msgs/srv/detail/set_user_calib_params__rosidl_typesupport_introspection_cpp.hpp\n'}
[61.593162] (orbbec_camera_msgs) StdoutLine: {'line': b'-- Installing: /home/sophie/isaac_lab/isaac_ws/rl_code/soarm100sim/third_party/orbbec_ws/install_287/orbbec_camera_msgs/include/orbbec_camera_msgs/orbbec_camera_msgs/srv/detail/get_bool__type_support.cpp\n'}
[61.593187] (orbbec_camera_msgs) StdoutLine: {'line': b'-- Installing: /home/sophie/isaac_lab/isaac_ws/rl_code/soarm100sim/third_party/orbbec_ws/install_287/orbbec_camera_msgs/include/orbbec_camera_msgs/orbbec_camera_msgs/srv/detail/set_user_calib_params__type_support.cpp\n'}
[61.593211] (orbbec_camera_msgs) StdoutLine: {'line': b'-- Installing: /home/sophie/isaac_lab/isaac_ws/rl_code/soarm100sim/third_party/orbbec_ws/install_287/orbbec_camera_msgs/include/orbbec_camera_msgs/orbbec_camera_msgs/srv/detail/get_device_info__type_support.cpp\n'}
[61.593237] (orbbec_camera_msgs) StdoutLine: {'line': b'-- Installing: /home/sophie/isaac_lab/isaac_ws/rl_code/soarm100sim/third_party/orbbec_ws/install_287/orbbec_camera_msgs/include/orbbec_camera_msgs/orbbec_camera_msgs/srv/detail/get_int32__rosidl_typesupport_introspection_cpp.hpp\n'}
[61.593262] (orbbec_camera_msgs) StdoutLine: {'line': b'-- Installing: /home/sophie/isaac_lab/isaac_ws/rl_code/soarm100sim/third_party/orbbec_ws/install_287/orbbec_camera_msgs/include/orbbec_camera_msgs/orbbec_camera_msgs/srv/detail/get_device_info__rosidl_typesupport_introspection_cpp.hpp\n'}
[61.593287] (orbbec_camera_msgs) StdoutLine: {'line': b'-- Installing: /home/sophie/isaac_lab/isaac_ws/rl_code/soarm100sim/third_party/orbbec_ws/install_287/orbbec_camera_msgs/include/orbbec_camera_msgs/orbbec_camera_msgs/srv/detail/set_filter__rosidl_typesupport_introspection_cpp.hpp\n'}
[61.593312] (orbbec_camera_msgs) StdoutLine: {'line': b'-- Installing: /home/sophie/isaac_lab/isaac_ws/rl_code/soarm100sim/third_party/orbbec_ws/install_287/orbbec_camera_msgs/include/orbbec_camera_msgs/orbbec_camera_msgs/srv/detail/set_string__type_support.cpp\n'}
[61.593337] (orbbec_camera_msgs) StdoutLine: {'line': b'-- Up-to-date: /home/sophie/isaac_lab/isaac_ws/rl_code/soarm100sim/third_party/orbbec_ws/install_287/orbbec_camera_msgs/include/orbbec_camera_msgs/orbbec_camera_msgs/msg\n'}
[61.593362] (orbbec_camera_msgs) StdoutLine: {'line': b'-- Up-to-date: /home/sophie/isaac_lab/isaac_ws/rl_code/soarm100sim/third_party/orbbec_ws/install_287/orbbec_camera_msgs/include/orbbec_camera_msgs/orbbec_camera_msgs/msg/detail\n'}
[61.593387] (orbbec_camera_msgs) StdoutLine: {'line': b'-- Installing: /home/sophie/isaac_lab/isaac_ws/rl_code/soarm100sim/third_party/orbbec_ws/install_287/orbbec_camera_msgs/include/orbbec_camera_msgs/orbbec_camera_msgs/msg/detail/device_info__rosidl_typesupport_introspection_cpp.hpp\n'}
[61.593560] (orbbec_camera_msgs) StdoutLine: {'line': b'-- Installing: /home/sophie/isaac_lab/isaac_ws/rl_code/soarm100sim/third_party/orbbec_ws/install_287/orbbec_camera_msgs/include/orbbec_camera_msgs/orbbec_camera_msgs/msg/detail/rgbd__type_support.cpp\n'}
[61.593594] (orbbec_camera_msgs) StdoutLine: {'line': b'-- Installing: /home/sophie/isaac_lab/isaac_ws/rl_code/soarm100sim/third_party/orbbec_ws/install_287/orbbec_camera_msgs/include/orbbec_camera_msgs/orbbec_camera_msgs/msg/detail/device_info__type_support.cpp\n'}
[61.593623] (orbbec_camera_msgs) StdoutLine: {'line': b'-- Installing: /home/sophie/isaac_lab/isaac_ws/rl_code/soarm100sim/third_party/orbbec_ws/install_287/orbbec_camera_msgs/include/orbbec_camera_msgs/orbbec_camera_msgs/msg/detail/extrinsics__type_support.cpp\n'}
[61.593648] (orbbec_camera_msgs) StdoutLine: {'line': b'-- Installing: /home/sophie/isaac_lab/isaac_ws/rl_code/soarm100sim/third_party/orbbec_ws/install_287/orbbec_camera_msgs/include/orbbec_camera_msgs/orbbec_camera_msgs/msg/detail/rgbd__rosidl_typesupport_introspection_cpp.hpp\n'}
[61.593674] (orbbec_camera_msgs) StdoutLine: {'line': b'-- Installing: /home/sophie/isaac_lab/isaac_ws/rl_code/soarm100sim/third_party/orbbec_ws/install_287/orbbec_camera_msgs/include/orbbec_camera_msgs/orbbec_camera_msgs/msg/detail/depth_filter_state__rosidl_typesupport_introspection_cpp.hpp\n'}
[61.593699] (orbbec_camera_msgs) StdoutLine: {'line': b'-- Installing: /home/sophie/isaac_lab/isaac_ws/rl_code/soarm100sim/third_party/orbbec_ws/install_287/orbbec_camera_msgs/include/orbbec_camera_msgs/orbbec_camera_msgs/msg/detail/depth_filter_param__rosidl_typesupport_introspection_cpp.hpp\n'}
[61.593724] (orbbec_camera_msgs) StdoutLine: {'line': b'-- Installing: /home/sophie/isaac_lab/isaac_ws/rl_code/soarm100sim/third_party/orbbec_ws/install_287/orbbec_camera_msgs/include/orbbec_camera_msgs/orbbec_camera_msgs/msg/detail/device_status__rosidl_typesupport_introspection_cpp.hpp\n'}
[61.593749] (orbbec_camera_msgs) StdoutLine: {'line': b'-- Installing: /home/sophie/isaac_lab/isaac_ws/rl_code/soarm100sim/third_party/orbbec_ws/install_287/orbbec_camera_msgs/include/orbbec_camera_msgs/orbbec_camera_msgs/msg/detail/device_status__type_support.cpp\n'}
[61.593774] (orbbec_camera_msgs) StdoutLine: {'line': b'-- Installing: /home/sophie/isaac_lab/isaac_ws/rl_code/soarm100sim/third_party/orbbec_ws/install_287/orbbec_camera_msgs/include/orbbec_camera_msgs/orbbec_camera_msgs/msg/detail/imu_info__type_support.cpp\n'}
[61.593798] (orbbec_camera_msgs) StdoutLine: {'line': b'-- Installing: /home/sophie/isaac_lab/isaac_ws/rl_code/soarm100sim/third_party/orbbec_ws/install_287/orbbec_camera_msgs/include/orbbec_camera_msgs/orbbec_camera_msgs/msg/detail/imu_info__rosidl_typesupport_introspection_cpp.hpp\n'}
[61.593921] (orbbec_camera_msgs) StdoutLine: {'line': b'-- Installing: /home/sophie/isaac_lab/isaac_ws/rl_code/soarm100sim/third_party/orbbec_ws/install_287/orbbec_camera_msgs/include/orbbec_camera_msgs/orbbec_camera_msgs/msg/detail/metadata__type_support.cpp\n'}
[61.593946] (orbbec_camera_msgs) StdoutLine: {'line': b'-- Installing: /home/sophie/isaac_lab/isaac_ws/rl_code/soarm100sim/third_party/orbbec_ws/install_287/orbbec_camera_msgs/include/orbbec_camera_msgs/orbbec_camera_msgs/msg/detail/depth_filters_status__rosidl_typesupport_introspection_cpp.hpp\n'}
[61.593969] (orbbec_camera_msgs) StdoutLine: {'line': b'-- Installing: /home/sophie/isaac_lab/isaac_ws/rl_code/soarm100sim/third_party/orbbec_ws/install_287/orbbec_camera_msgs/include/orbbec_camera_msgs/orbbec_camera_msgs/msg/detail/depth_filters_status__type_support.cpp\n'}
[61.593994] (orbbec_camera_msgs) StdoutLine: {'line': b'-- Installing: /home/sophie/isaac_lab/isaac_ws/rl_code/soarm100sim/third_party/orbbec_ws/install_287/orbbec_camera_msgs/include/orbbec_camera_msgs/orbbec_camera_msgs/msg/detail/depth_filter_param__type_support.cpp\n'}
[61.594068] (orbbec_camera_msgs) StdoutLine: {'line': b'-- Installing: /home/sophie/isaac_lab/isaac_ws/rl_code/soarm100sim/third_party/orbbec_ws/install_287/orbbec_camera_msgs/include/orbbec_camera_msgs/orbbec_camera_msgs/msg/detail/depth_filter_state__type_support.cpp\n'}
[61.594143] (orbbec_camera_msgs) StdoutLine: {'line': b'-- Installing: /home/sophie/isaac_lab/isaac_ws/rl_code/soarm100sim/third_party/orbbec_ws/install_287/orbbec_camera_msgs/include/orbbec_camera_msgs/orbbec_camera_msgs/msg/detail/extrinsics__rosidl_typesupport_introspection_cpp.hpp\n'}
[61.594223] (orbbec_camera_msgs) StdoutLine: {'line': b'-- Installing: /home/sophie/isaac_lab/isaac_ws/rl_code/soarm100sim/third_party/orbbec_ws/install_287/orbbec_camera_msgs/include/orbbec_camera_msgs/orbbec_camera_msgs/msg/detail/metadata__rosidl_typesupport_introspection_cpp.hpp\n'}
[61.594409] (orbbec_camera_msgs) StdoutLine: {'line': b'-- Installing: /home/sophie/isaac_lab/isaac_ws/rl_code/soarm100sim/third_party/orbbec_ws/install_287/orbbec_camera_msgs/lib/liborbbec_camera_msgs__rosidl_typesupport_introspection_cpp.so\n'}
[61.594915] (orbbec_camera_msgs) StdoutLine: {'line': b'-- Set runtime path of "/home/sophie/isaac_lab/isaac_ws/rl_code/soarm100sim/third_party/orbbec_ws/install_287/orbbec_camera_msgs/lib/liborbbec_camera_msgs__rosidl_typesupport_introspection_cpp.so" to ""\n'}
[61.594997] (orbbec_camera_msgs) StdoutLine: {'line': b'-- Installing: /home/sophie/isaac_lab/isaac_ws/rl_code/soarm100sim/third_party/orbbec_ws/install_287/orbbec_camera_msgs/lib/liborbbec_camera_msgs__rosidl_typesupport_cpp.so\n'}
[61.595367] (orbbec_camera_msgs) StdoutLine: {'line': b'-- Set runtime path of "/home/sophie/isaac_lab/isaac_ws/rl_code/soarm100sim/third_party/orbbec_ws/install_287/orbbec_camera_msgs/lib/liborbbec_camera_msgs__rosidl_typesupport_cpp.so" to ""\n'}
[61.595460] (orbbec_camera_msgs) StdoutLine: {'line': b'-- Installing: /home/sophie/isaac_lab/isaac_ws/rl_code/soarm100sim/third_party/orbbec_ws/install_287/orbbec_camera_msgs/share/orbbec_camera_msgs/environment/pythonpath.sh\n'}
[61.595561] (orbbec_camera_msgs) StdoutLine: {'line': b'-- Installing: /home/sophie/isaac_lab/isaac_ws/rl_code/soarm100sim/third_party/orbbec_ws/install_287/orbbec_camera_msgs/share/orbbec_camera_msgs/environment/pythonpath.dsv\n'}
[61.595846] (orbbec_camera_msgs) StdoutLine: {'line': b'-- Installing: /home/sophie/isaac_lab/isaac_ws/rl_code/soarm100sim/third_party/orbbec_ws/install_287/orbbec_camera_msgs/local/lib/python3.10/dist-packages/orbbec_camera_msgs-2.8.6-py3.10.egg-info\n'}
[61.596169] (orbbec_camera_msgs) StdoutLine: {'line': b'-- Installing: /home/sophie/isaac_lab/isaac_ws/rl_code/soarm100sim/third_party/orbbec_ws/install_287/orbbec_camera_msgs/local/lib/python3.10/dist-packages/orbbec_camera_msgs-2.8.6-py3.10.egg-info/top_level.txt\n'}
[61.596239] (orbbec_camera_msgs) StdoutLine: {'line': b'-- Installing: /home/sophie/isaac_lab/isaac_ws/rl_code/soarm100sim/third_party/orbbec_ws/install_287/orbbec_camera_msgs/local/lib/python3.10/dist-packages/orbbec_camera_msgs-2.8.6-py3.10.egg-info/dependency_links.txt\n'}
[61.596263] (orbbec_camera_msgs) StdoutLine: {'line': b'-- Installing: /home/sophie/isaac_lab/isaac_ws/rl_code/soarm100sim/third_party/orbbec_ws/install_287/orbbec_camera_msgs/local/lib/python3.10/dist-packages/orbbec_camera_msgs-2.8.6-py3.10.egg-info/SOURCES.txt\n'}
[61.596287] (orbbec_camera_msgs) StdoutLine: {'line': b'-- Installing: /home/sophie/isaac_lab/isaac_ws/rl_code/soarm100sim/third_party/orbbec_ws/install_287/orbbec_camera_msgs/local/lib/python3.10/dist-packages/orbbec_camera_msgs-2.8.6-py3.10.egg-info/PKG-INFO\n'}
[61.596309] (orbbec_camera_msgs) StdoutLine: {'line': b'-- Installing: /home/sophie/isaac_lab/isaac_ws/rl_code/soarm100sim/third_party/orbbec_ws/install_287/orbbec_camera_msgs/local/lib/python3.10/dist-packages/orbbec_camera_msgs\n'}
[61.596332] (orbbec_camera_msgs) StdoutLine: {'line': b'-- Installing: /home/sophie/isaac_lab/isaac_ws/rl_code/soarm100sim/third_party/orbbec_ws/install_287/orbbec_camera_msgs/local/lib/python3.10/dist-packages/orbbec_camera_msgs/__init__.py\n'}
[61.596357] (orbbec_camera_msgs) StdoutLine: {'line': b'-- Installing: /home/sophie/isaac_lab/isaac_ws/rl_code/soarm100sim/third_party/orbbec_ws/install_287/orbbec_camera_msgs/local/lib/python3.10/dist-packages/orbbec_camera_msgs/_orbbec_camera_msgs_s.ep.rosidl_typesupport_fastrtps_c.c\n'}
[61.596413] (orbbec_camera_msgs) StdoutLine: {'line': b'-- Installing: /home/sophie/isaac_lab/isaac_ws/rl_code/soarm100sim/third_party/orbbec_ws/install_287/orbbec_camera_msgs/local/lib/python3.10/dist-packages/orbbec_camera_msgs/srv\n'}
[61.596440] (orbbec_camera_msgs) StdoutLine: {'line': b'-- Installing: /home/sophie/isaac_lab/isaac_ws/rl_code/soarm100sim/third_party/orbbec_ws/install_287/orbbec_camera_msgs/local/lib/python3.10/dist-packages/orbbec_camera_msgs/srv/_get_int32.py\n'}
[61.596505] (orbbec_camera_msgs) StdoutLine: {'line': b'-- Installing: /home/sophie/isaac_lab/isaac_ws/rl_code/soarm100sim/third_party/orbbec_ws/install_287/orbbec_camera_msgs/local/lib/python3.10/dist-packages/orbbec_camera_msgs/srv/_set_arrays.py\n'}
[61.596530] (orbbec_camera_msgs) StdoutLine: {'line': b'-- Installing: /home/sophie/isaac_lab/isaac_ws/rl_code/soarm100sim/third_party/orbbec_ws/install_287/orbbec_camera_msgs/local/lib/python3.10/dist-packages/orbbec_camera_msgs/srv/_set_user_calib_params_s.c\n'}
[61.596592] (orbbec_camera_msgs) StdoutLine: {'line': b'-- Installing: /home/sophie/isaac_lab/isaac_ws/rl_code/soarm100sim/third_party/orbbec_ws/install_287/orbbec_camera_msgs/local/lib/python3.10/dist-packages/orbbec_camera_msgs/srv/_get_string_s.c\n'}
[61.596618] (orbbec_camera_msgs) StdoutLine: {'line': b'-- Installing: /home/sophie/isaac_lab/isaac_ws/rl_code/soarm100sim/third_party/orbbec_ws/install_287/orbbec_camera_msgs/local/lib/python3.10/dist-packages/orbbec_camera_msgs/srv/_set_user_calib_params.py\n'}
[61.596680] (orbbec_camera_msgs) StdoutLine: {'line': b'-- Installing: /home/sophie/isaac_lab/isaac_ws/rl_code/soarm100sim/third_party/orbbec_ws/install_287/orbbec_camera_msgs/local/lib/python3.10/dist-packages/orbbec_camera_msgs/srv/__init__.py\n'}
[61.596704] (orbbec_camera_msgs) StdoutLine: {'line': b'-- Installing: /home/sophie/isaac_lab/isaac_ws/rl_code/soarm100sim/third_party/orbbec_ws/install_287/orbbec_camera_msgs/local/lib/python3.10/dist-packages/orbbec_camera_msgs/srv/_get_user_calib_params_s.c\n'}
[61.596769] (orbbec_camera_msgs) StdoutLine: {'line': b'-- Installing: /home/sophie/isaac_lab/isaac_ws/rl_code/soarm100sim/third_party/orbbec_ws/install_287/orbbec_camera_msgs/local/lib/python3.10/dist-packages/orbbec_camera_msgs/srv/_get_device_info_s.c\n'}
[61.596792] (orbbec_camera_msgs) StdoutLine: {'line': b'-- Installing: /home/sophie/isaac_lab/isaac_ws/rl_code/soarm100sim/third_party/orbbec_ws/install_287/orbbec_camera_msgs/local/lib/python3.10/dist-packages/orbbec_camera_msgs/srv/_set_filter_s.c\n'}
[61.596842] (orbbec_camera_msgs) StdoutLine: {'line': b'-- Installing: /home/sophie/isaac_lab/isaac_ws/rl_code/soarm100sim/third_party/orbbec_ws/install_287/orbbec_camera_msgs/local/lib/python3.10/dist-packages/orbbec_camera_msgs/srv/_get_camera_info.py\n'}
[61.596906] (orbbec_camera_msgs) StdoutLine: {'line': b'-- Installing: /home/sophie/isaac_lab/isaac_ws/rl_code/soarm100sim/third_party/orbbec_ws/install_287/orbbec_camera_msgs/local/lib/python3.10/dist-packages/orbbec_camera_msgs/srv/_get_bool_s.c\n'}
[61.596929] (orbbec_camera_msgs) StdoutLine: {'line': b'-- Installing: /home/sophie/isaac_lab/isaac_ws/rl_code/soarm100sim/third_party/orbbec_ws/install_287/orbbec_camera_msgs/local/lib/python3.10/dist-packages/orbbec_camera_msgs/srv/_get_int32_s.c\n'}
[61.596983] (orbbec_camera_msgs) StdoutLine: {'line': b'-- Installing: /home/sophie/isaac_lab/isaac_ws/rl_code/soarm100sim/third_party/orbbec_ws/install_287/orbbec_camera_msgs/local/lib/python3.10/dist-packages/orbbec_camera_msgs/srv/_get_string.py\n'}
[61.597007] (orbbec_camera_msgs) StdoutLine: {'line': b'-- Installing: /home/sophie/isaac_lab/isaac_ws/rl_code/soarm100sim/third_party/orbbec_ws/install_287/orbbec_camera_msgs/local/lib/python3.10/dist-packages/orbbec_camera_msgs/srv/_set_filter.py\n'}
[61.597075] (orbbec_camera_msgs) StdoutLine: {'line': b'-- Installing: /home/sophie/isaac_lab/isaac_ws/rl_code/soarm100sim/third_party/orbbec_ws/install_287/orbbec_camera_msgs/local/lib/python3.10/dist-packages/orbbec_camera_msgs/srv/_set_int32.py\n'}
[61.597099] (orbbec_camera_msgs) StdoutLine: {'line': b'-- Installing: /home/sophie/isaac_lab/isaac_ws/rl_code/soarm100sim/third_party/orbbec_ws/install_287/orbbec_camera_msgs/local/lib/python3.10/dist-packages/orbbec_camera_msgs/srv/_set_string.py\n'}
[61.597165] (orbbec_camera_msgs) StdoutLine: {'line': b'-- Installing: /home/sophie/isaac_lab/isaac_ws/rl_code/soarm100sim/third_party/orbbec_ws/install_287/orbbec_camera_msgs/local/lib/python3.10/dist-packages/orbbec_camera_msgs/srv/_get_device_info.py\n'}
[61.597191] (orbbec_camera_msgs) StdoutLine: {'line': b'-- Installing: /home/sophie/isaac_lab/isaac_ws/rl_code/soarm100sim/third_party/orbbec_ws/install_287/orbbec_camera_msgs/local/lib/python3.10/dist-packages/orbbec_camera_msgs/srv/_get_user_calib_params.py\n'}
[61.597239] (orbbec_camera_msgs) StdoutLine: {'line': b'-- Installing: /home/sophie/isaac_lab/isaac_ws/rl_code/soarm100sim/third_party/orbbec_ws/install_287/orbbec_camera_msgs/local/lib/python3.10/dist-packages/orbbec_camera_msgs/srv/_get_bool.py\n'}
[61.597290] (orbbec_camera_msgs) StdoutLine: {'line': b'-- Installing: /home/sophie/isaac_lab/isaac_ws/rl_code/soarm100sim/third_party/orbbec_ws/install_287/orbbec_camera_msgs/local/lib/python3.10/dist-packages/orbbec_camera_msgs/srv/_set_arrays_s.c\n'}
[61.597340] (orbbec_camera_msgs) StdoutLine: {'line': b'-- Installing: /home/sophie/isaac_lab/isaac_ws/rl_code/soarm100sim/third_party/orbbec_ws/install_287/orbbec_camera_msgs/local/lib/python3.10/dist-packages/orbbec_camera_msgs/srv/_set_int32_s.c\n'}
[61.597407] (orbbec_camera_msgs) StdoutLine: {'line': b'-- Installing: /home/sophie/isaac_lab/isaac_ws/rl_code/soarm100sim/third_party/orbbec_ws/install_287/orbbec_camera_msgs/local/lib/python3.10/dist-packages/orbbec_camera_msgs/srv/_get_camera_info_s.c\n'}
[61.597430] (orbbec_camera_msgs) StdoutLine: {'line': b'-- Installing: /home/sophie/isaac_lab/isaac_ws/rl_code/soarm100sim/third_party/orbbec_ws/install_287/orbbec_camera_msgs/local/lib/python3.10/dist-packages/orbbec_camera_msgs/srv/_set_string_s.c\n'}
[61.597481] (orbbec_camera_msgs) StdoutLine: {'line': b'-- Installing: /home/sophie/isaac_lab/isaac_ws/rl_code/soarm100sim/third_party/orbbec_ws/install_287/orbbec_camera_msgs/local/lib/python3.10/dist-packages/orbbec_camera_msgs/orbbec_camera_msgs_s__rosidl_typesupport_fastrtps_c.cpython-310-x86_64-linux-gnu.so\n'}
[61.597534] (orbbec_camera_msgs) StdoutLine: {'line': b'-- Installing: /home/sophie/isaac_lab/isaac_ws/rl_code/soarm100sim/third_party/orbbec_ws/install_287/orbbec_camera_msgs/local/lib/python3.10/dist-packages/orbbec_camera_msgs/msg\n'}
[61.597588] (orbbec_camera_msgs) StdoutLine: {'line': b'-- Installing: /home/sophie/isaac_lab/isaac_ws/rl_code/soarm100sim/third_party/orbbec_ws/install_287/orbbec_camera_msgs/local/lib/python3.10/dist-packages/orbbec_camera_msgs/msg/_imu_info_s.c\n'}
[61.597639] (orbbec_camera_msgs) StdoutLine: {'line': b'-- Installing: /home/sophie/isaac_lab/isaac_ws/rl_code/soarm100sim/third_party/orbbec_ws/install_287/orbbec_camera_msgs/local/lib/python3.10/dist-packages/orbbec_camera_msgs/msg/_depth_filter_param_s.c\n'}
[61.597706] (orbbec_camera_msgs) StdoutLine: {'line': b'-- Installing: /home/sophie/isaac_lab/isaac_ws/rl_code/soarm100sim/third_party/orbbec_ws/install_287/orbbec_camera_msgs/local/lib/python3.10/dist-packages/orbbec_camera_msgs/msg/__init__.py\n'}
[61.597729] (orbbec_camera_msgs) StdoutLine: {'line': b'-- Installing: /home/sophie/isaac_lab/isaac_ws/rl_code/soarm100sim/third_party/orbbec_ws/install_287/orbbec_camera_msgs/local/lib/python3.10/dist-packages/orbbec_camera_msgs/msg/_depth_filter_state_s.c\n'}
[61.597792] (orbbec_camera_msgs) StdoutLine: {'line': b'-- Installing: /home/sophie/isaac_lab/isaac_ws/rl_code/soarm100sim/third_party/orbbec_ws/install_287/orbbec_camera_msgs/local/lib/python3.10/dist-packages/orbbec_camera_msgs/msg/_metadata_s.c\n'}
[61.597840] (orbbec_camera_msgs) StdoutLine: {'line': b'-- Installing: /home/sophie/isaac_lab/isaac_ws/rl_code/soarm100sim/third_party/orbbec_ws/install_287/orbbec_camera_msgs/local/lib/python3.10/dist-packages/orbbec_camera_msgs/msg/_depth_filters_status_s.c\n'}
[61.597889] (orbbec_camera_msgs) StdoutLine: {'line': b'-- Installing: /home/sophie/isaac_lab/isaac_ws/rl_code/soarm100sim/third_party/orbbec_ws/install_287/orbbec_camera_msgs/local/lib/python3.10/dist-packages/orbbec_camera_msgs/msg/_extrinsics_s.c\n'}
[61.597915] (orbbec_camera_msgs) StdoutLine: {'line': b'-- Installing: /home/sophie/isaac_lab/isaac_ws/rl_code/soarm100sim/third_party/orbbec_ws/install_287/orbbec_camera_msgs/local/lib/python3.10/dist-packages/orbbec_camera_msgs/msg/_device_status.py\n'}
[61.597968] (orbbec_camera_msgs) StdoutLine: {'line': b'-- Installing: /home/sophie/isaac_lab/isaac_ws/rl_code/soarm100sim/third_party/orbbec_ws/install_287/orbbec_camera_msgs/local/lib/python3.10/dist-packages/orbbec_camera_msgs/msg/_extrinsics.py\n'}
[61.598014] (orbbec_camera_msgs) StdoutLine: {'line': b'-- Installing: /home/sophie/isaac_lab/isaac_ws/rl_code/soarm100sim/third_party/orbbec_ws/install_287/orbbec_camera_msgs/local/lib/python3.10/dist-packages/orbbec_camera_msgs/msg/_depth_filter_param.py\n'}
[61.598037] (orbbec_camera_msgs) StdoutLine: {'line': b'-- Installing: /home/sophie/isaac_lab/isaac_ws/rl_code/soarm100sim/third_party/orbbec_ws/install_287/orbbec_camera_msgs/local/lib/python3.10/dist-packages/orbbec_camera_msgs/msg/_device_status_s.c\n'}
[61.598104] (orbbec_camera_msgs) StdoutLine: {'line': b'-- Installing: /home/sophie/isaac_lab/isaac_ws/rl_code/soarm100sim/third_party/orbbec_ws/install_287/orbbec_camera_msgs/local/lib/python3.10/dist-packages/orbbec_camera_msgs/msg/_rgbd.py\n'}
[61.598152] (orbbec_camera_msgs) StdoutLine: {'line': b'-- Installing: /home/sophie/isaac_lab/isaac_ws/rl_code/soarm100sim/third_party/orbbec_ws/install_287/orbbec_camera_msgs/local/lib/python3.10/dist-packages/orbbec_camera_msgs/msg/_device_info.py\n'}
[61.598176] (orbbec_camera_msgs) StdoutLine: {'line': b'-- Installing: /home/sophie/isaac_lab/isaac_ws/rl_code/soarm100sim/third_party/orbbec_ws/install_287/orbbec_camera_msgs/local/lib/python3.10/dist-packages/orbbec_camera_msgs/msg/_imu_info.py\n'}
[61.598241] (orbbec_camera_msgs) StdoutLine: {'line': b'-- Installing: /home/sophie/isaac_lab/isaac_ws/rl_code/soarm100sim/third_party/orbbec_ws/install_287/orbbec_camera_msgs/local/lib/python3.10/dist-packages/orbbec_camera_msgs/msg/_device_info_s.c\n'}
[61.598288] (orbbec_camera_msgs) StdoutLine: {'line': b'-- Installing: /home/sophie/isaac_lab/isaac_ws/rl_code/soarm100sim/third_party/orbbec_ws/install_287/orbbec_camera_msgs/local/lib/python3.10/dist-packages/orbbec_camera_msgs/msg/_depth_filters_status.py\n'}
[61.598313] (orbbec_camera_msgs) StdoutLine: {'line': b'-- Installing: /home/sophie/isaac_lab/isaac_ws/rl_code/soarm100sim/third_party/orbbec_ws/install_287/orbbec_camera_msgs/local/lib/python3.10/dist-packages/orbbec_camera_msgs/msg/_rgbd_s.c\n'}
[61.598367] (orbbec_camera_msgs) StdoutLine: {'line': b'-- Installing: /home/sophie/isaac_lab/isaac_ws/rl_code/soarm100sim/third_party/orbbec_ws/install_287/orbbec_camera_msgs/local/lib/python3.10/dist-packages/orbbec_camera_msgs/msg/_depth_filter_state.py\n'}
[61.598391] (orbbec_camera_msgs) StdoutLine: {'line': b'-- Installing: /home/sophie/isaac_lab/isaac_ws/rl_code/soarm100sim/third_party/orbbec_ws/install_287/orbbec_camera_msgs/local/lib/python3.10/dist-packages/orbbec_camera_msgs/msg/_metadata.py\n'}
[61.598442] (orbbec_camera_msgs) StdoutLine: {'line': b'-- Installing: /home/sophie/isaac_lab/isaac_ws/rl_code/soarm100sim/third_party/orbbec_ws/install_287/orbbec_camera_msgs/local/lib/python3.10/dist-packages/orbbec_camera_msgs/_orbbec_camera_msgs_s.ep.rosidl_typesupport_c.c\n'}
[61.598560] (orbbec_camera_msgs) StdoutLine: {'line': b'-- Installing: /home/sophie/isaac_lab/isaac_ws/rl_code/soarm100sim/third_party/orbbec_ws/install_287/orbbec_camera_msgs/local/lib/python3.10/dist-packages/orbbec_camera_msgs/_orbbec_camera_msgs_s.ep.rosidl_typesupport_introspection_c.c\n'}
[61.598682] (orbbec_camera_msgs) StdoutLine: {'line': b'-- Installing: /home/sophie/isaac_lab/isaac_ws/rl_code/soarm100sim/third_party/orbbec_ws/install_287/orbbec_camera_msgs/local/lib/python3.10/dist-packages/orbbec_camera_msgs/orbbec_camera_msgs_s__rosidl_typesupport_introspection_c.cpython-310-x86_64-linux-gnu.so\n'}
[61.598764] (orbbec_camera_msgs) StdoutLine: {'line': b'-- Installing: /home/sophie/isaac_lab/isaac_ws/rl_code/soarm100sim/third_party/orbbec_ws/install_287/orbbec_camera_msgs/local/lib/python3.10/dist-packages/orbbec_camera_msgs/orbbec_camera_msgs_s__rosidl_typesupport_c.cpython-310-x86_64-linux-gnu.so\n'}
[61.598848] (orbbec_camera_msgs) StdoutLine: {'line': b'-- Installing: /home/sophie/isaac_lab/isaac_ws/rl_code/soarm100sim/third_party/orbbec_ws/install_287/orbbec_camera_msgs/local/lib/python3.10/dist-packages/orbbec_camera_msgs/liborbbec_camera_msgs__rosidl_generator_py.so\n'}
[61.641935] (orbbec_camera_msgs) StdoutLine: {'line': b"Listing '/home/sophie/isaac_lab/isaac_ws/rl_code/soarm100sim/third_party/orbbec_ws/install_287/orbbec_camera_msgs/local/lib/python3.10/dist-packages/orbbec_camera_msgs'...\n"}
[61.642047] (orbbec_camera_msgs) StdoutLine: {'line': b"Compiling '/home/sophie/isaac_lab/isaac_ws/rl_code/soarm100sim/third_party/orbbec_ws/install_287/orbbec_camera_msgs/local/lib/python3.10/dist-packages/orbbec_camera_msgs/__init__.py'...\n"}
[61.642081] (orbbec_camera_msgs) StdoutLine: {'line': b"Listing '/home/sophie/isaac_lab/isaac_ws/rl_code/soarm100sim/third_party/orbbec_ws/install_287/orbbec_camera_msgs/local/lib/python3.10/dist-packages/orbbec_camera_msgs/msg'...\n"}
[61.642107] (orbbec_camera_msgs) StdoutLine: {'line': b"Compiling '/home/sophie/isaac_lab/isaac_ws/rl_code/soarm100sim/third_party/orbbec_ws/install_287/orbbec_camera_msgs/local/lib/python3.10/dist-packages/orbbec_camera_msgs/msg/__init__.py'...\n"}
[61.642131] (orbbec_camera_msgs) StdoutLine: {'line': b"Compiling '/home/sophie/isaac_lab/isaac_ws/rl_code/soarm100sim/third_party/orbbec_ws/install_287/orbbec_camera_msgs/local/lib/python3.10/dist-packages/orbbec_camera_msgs/msg/_depth_filter_param.py'...\n"}
[61.642156] (orbbec_camera_msgs) StdoutLine: {'line': b"Compiling '/home/sophie/isaac_lab/isaac_ws/rl_code/soarm100sim/third_party/orbbec_ws/install_287/orbbec_camera_msgs/local/lib/python3.10/dist-packages/orbbec_camera_msgs/msg/_depth_filter_state.py'...\n"}
[61.642178] (orbbec_camera_msgs) StdoutLine: {'line': b"Compiling '/home/sophie/isaac_lab/isaac_ws/rl_code/soarm100sim/third_party/orbbec_ws/install_287/orbbec_camera_msgs/local/lib/python3.10/dist-packages/orbbec_camera_msgs/msg/_depth_filters_status.py'...\n"}
[61.642201] (orbbec_camera_msgs) StdoutLine: {'line': b"Compiling '/home/sophie/isaac_lab/isaac_ws/rl_code/soarm100sim/third_party/orbbec_ws/install_287/orbbec_camera_msgs/local/lib/python3.10/dist-packages/orbbec_camera_msgs/msg/_device_info.py'...\n"}
[61.642223] (orbbec_camera_msgs) StdoutLine: {'line': b"Compiling '/home/sophie/isaac_lab/isaac_ws/rl_code/soarm100sim/third_party/orbbec_ws/install_287/orbbec_camera_msgs/local/lib/python3.10/dist-packages/orbbec_camera_msgs/msg/_device_status.py'...\n"}
[61.642246] (orbbec_camera_msgs) StdoutLine: {'line': b"Compiling '/home/sophie/isaac_lab/isaac_ws/rl_code/soarm100sim/third_party/orbbec_ws/install_287/orbbec_camera_msgs/local/lib/python3.10/dist-packages/orbbec_camera_msgs/msg/_extrinsics.py'...\n"}
[61.642268] (orbbec_camera_msgs) StdoutLine: {'line': b"Compiling '/home/sophie/isaac_lab/isaac_ws/rl_code/soarm100sim/third_party/orbbec_ws/install_287/orbbec_camera_msgs/local/lib/python3.10/dist-packages/orbbec_camera_msgs/msg/_imu_info.py'...\n"}
[61.642290] (orbbec_camera_msgs) StdoutLine: {'line': b"Compiling '/home/sophie/isaac_lab/isaac_ws/rl_code/soarm100sim/third_party/orbbec_ws/install_287/orbbec_camera_msgs/local/lib/python3.10/dist-packages/orbbec_camera_msgs/msg/_metadata.py'...\n"}
[61.642312] (orbbec_camera_msgs) StdoutLine: {'line': b"Compiling '/home/sophie/isaac_lab/isaac_ws/rl_code/soarm100sim/third_party/orbbec_ws/install_287/orbbec_camera_msgs/local/lib/python3.10/dist-packages/orbbec_camera_msgs/msg/_rgbd.py'...\n"}
[61.642334] (orbbec_camera_msgs) StdoutLine: {'line': b"Listing '/home/sophie/isaac_lab/isaac_ws/rl_code/soarm100sim/third_party/orbbec_ws/install_287/orbbec_camera_msgs/local/lib/python3.10/dist-packages/orbbec_camera_msgs/srv'...\n"}
[61.642356] (orbbec_camera_msgs) StdoutLine: {'line': b"Compiling '/home/sophie/isaac_lab/isaac_ws/rl_code/soarm100sim/third_party/orbbec_ws/install_287/orbbec_camera_msgs/local/lib/python3.10/dist-packages/orbbec_camera_msgs/srv/__init__.py'...\n"}
[61.642380] (orbbec_camera_msgs) StdoutLine: {'line': b"Compiling '/home/sophie/isaac_lab/isaac_ws/rl_code/soarm100sim/third_party/orbbec_ws/install_287/orbbec_camera_msgs/local/lib/python3.10/dist-packages/orbbec_camera_msgs/srv/_get_bool.py'...\n"}
[61.642403] (orbbec_camera_msgs) StdoutLine: {'line': b"Compiling '/home/sophie/isaac_lab/isaac_ws/rl_code/soarm100sim/third_party/orbbec_ws/install_287/orbbec_camera_msgs/local/lib/python3.10/dist-packages/orbbec_camera_msgs/srv/_get_camera_info.py'...\n"}
[61.642428] (orbbec_camera_msgs) StdoutLine: {'line': b"Compiling '/home/sophie/isaac_lab/isaac_ws/rl_code/soarm100sim/third_party/orbbec_ws/install_287/orbbec_camera_msgs/local/lib/python3.10/dist-packages/orbbec_camera_msgs/srv/_get_device_info.py'...\n"}
[61.642450] (orbbec_camera_msgs) StdoutLine: {'line': b"Compiling '/home/sophie/isaac_lab/isaac_ws/rl_code/soarm100sim/third_party/orbbec_ws/install_287/orbbec_camera_msgs/local/lib/python3.10/dist-packages/orbbec_camera_msgs/srv/_get_int32.py'...\n"}
[61.642473] (orbbec_camera_msgs) StdoutLine: {'line': b"Compiling '/home/sophie/isaac_lab/isaac_ws/rl_code/soarm100sim/third_party/orbbec_ws/install_287/orbbec_camera_msgs/local/lib/python3.10/dist-packages/orbbec_camera_msgs/srv/_get_string.py'...\n"}
[61.642495] (orbbec_camera_msgs) StdoutLine: {'line': b"Compiling '/home/sophie/isaac_lab/isaac_ws/rl_code/soarm100sim/third_party/orbbec_ws/install_287/orbbec_camera_msgs/local/lib/python3.10/dist-packages/orbbec_camera_msgs/srv/_get_user_calib_params.py'...\n"}
[61.642518] (orbbec_camera_msgs) StdoutLine: {'line': b"Compiling '/home/sophie/isaac_lab/isaac_ws/rl_code/soarm100sim/third_party/orbbec_ws/install_287/orbbec_camera_msgs/local/lib/python3.10/dist-packages/orbbec_camera_msgs/srv/_set_arrays.py'...\n"}
[61.642540] (orbbec_camera_msgs) StdoutLine: {'line': b"Compiling '/home/sophie/isaac_lab/isaac_ws/rl_code/soarm100sim/third_party/orbbec_ws/install_287/orbbec_camera_msgs/local/lib/python3.10/dist-packages/orbbec_camera_msgs/srv/_set_filter.py'...\n"}
[61.642571] (orbbec_camera_msgs) StdoutLine: {'line': b"Compiling '/home/sophie/isaac_lab/isaac_ws/rl_code/soarm100sim/third_party/orbbec_ws/install_287/orbbec_camera_msgs/local/lib/python3.10/dist-packages/orbbec_camera_msgs/srv/_set_int32.py'...\n"}
[61.642594] (orbbec_camera_msgs) StdoutLine: {'line': b"Compiling '/home/sophie/isaac_lab/isaac_ws/rl_code/soarm100sim/third_party/orbbec_ws/install_287/orbbec_camera_msgs/local/lib/python3.10/dist-packages/orbbec_camera_msgs/srv/_set_string.py'...\n"}
[61.642616] (orbbec_camera_msgs) StdoutLine: {'line': b"Compiling '/home/sophie/isaac_lab/isaac_ws/rl_code/soarm100sim/third_party/orbbec_ws/install_287/orbbec_camera_msgs/local/lib/python3.10/dist-packages/orbbec_camera_msgs/srv/_set_user_calib_params.py'...\n"}
[61.645601] (orbbec_camera_msgs) StdoutLine: {'line': b'-- Installing: /home/sophie/isaac_lab/isaac_ws/rl_code/soarm100sim/third_party/orbbec_ws/install_287/orbbec_camera_msgs/local/lib/python3.10/dist-packages/orbbec_camera_msgs/orbbec_camera_msgs_s__rosidl_typesupport_fastrtps_c.cpython-310-x86_64-linux-gnu.so\n'}
[61.645927] (orbbec_camera_msgs) StdoutLine: {'line': b'-- Set runtime path of "/home/sophie/isaac_lab/isaac_ws/rl_code/soarm100sim/third_party/orbbec_ws/install_287/orbbec_camera_msgs/local/lib/python3.10/dist-packages/orbbec_camera_msgs/orbbec_camera_msgs_s__rosidl_typesupport_fastrtps_c.cpython-310-x86_64-linux-gnu.so" to ""\n'}
[61.645995] (-) TimerEvent: {}
[61.646007] (orbbec_camera_msgs) StdoutLine: {'line': b'-- Installing: /home/sophie/isaac_lab/isaac_ws/rl_code/soarm100sim/third_party/orbbec_ws/install_287/orbbec_camera_msgs/local/lib/python3.10/dist-packages/orbbec_camera_msgs/orbbec_camera_msgs_s__rosidl_typesupport_introspection_c.cpython-310-x86_64-linux-gnu.so\n'}
[61.646171] (orbbec_camera_msgs) StdoutLine: {'line': b'-- Set runtime path of "/home/sophie/isaac_lab/isaac_ws/rl_code/soarm100sim/third_party/orbbec_ws/install_287/orbbec_camera_msgs/local/lib/python3.10/dist-packages/orbbec_camera_msgs/orbbec_camera_msgs_s__rosidl_typesupport_introspection_c.cpython-310-x86_64-linux-gnu.so" to ""\n'}
[61.646242] (orbbec_camera_msgs) StdoutLine: {'line': b'-- Installing: /home/sophie/isaac_lab/isaac_ws/rl_code/soarm100sim/third_party/orbbec_ws/install_287/orbbec_camera_msgs/local/lib/python3.10/dist-packages/orbbec_camera_msgs/orbbec_camera_msgs_s__rosidl_typesupport_c.cpython-310-x86_64-linux-gnu.so\n'}
[61.646393] (orbbec_camera_msgs) StdoutLine: {'line': b'-- Set runtime path of "/home/sophie/isaac_lab/isaac_ws/rl_code/soarm100sim/third_party/orbbec_ws/install_287/orbbec_camera_msgs/local/lib/python3.10/dist-packages/orbbec_camera_msgs/orbbec_camera_msgs_s__rosidl_typesupport_c.cpython-310-x86_64-linux-gnu.so" to ""\n'}
[61.646459] (orbbec_camera_msgs) StdoutLine: {'line': b'-- Installing: /home/sophie/isaac_lab/isaac_ws/rl_code/soarm100sim/third_party/orbbec_ws/install_287/orbbec_camera_msgs/lib/liborbbec_camera_msgs__rosidl_generator_py.so\n'}
[61.646620] (orbbec_camera_msgs) StdoutLine: {'line': b'-- Set runtime path of "/home/sophie/isaac_lab/isaac_ws/rl_code/soarm100sim/third_party/orbbec_ws/install_287/orbbec_camera_msgs/lib/liborbbec_camera_msgs__rosidl_generator_py.so" to ""\n'}
[61.646694] (orbbec_camera_msgs) StdoutLine: {'line': b'-- Installing: /home/sophie/isaac_lab/isaac_ws/rl_code/soarm100sim/third_party/orbbec_ws/install_287/orbbec_camera_msgs/share/ament_index/resource_index/rust_packages/orbbec_camera_msgs\n'}
[61.646838] (orbbec_camera_msgs) StdoutLine: {'line': b'-- Installing: /home/sophie/isaac_lab/isaac_ws/rl_code/soarm100sim/third_party/orbbec_ws/install_287/orbbec_camera_msgs/share/orbbec_camera_msgs/rust\n'}
[61.646956] (orbbec_camera_msgs) StdoutLine: {'line': b'-- Installing: /home/sophie/isaac_lab/isaac_ws/rl_code/soarm100sim/third_party/orbbec_ws/install_287/orbbec_camera_msgs/share/orbbec_camera_msgs/rust/Cargo.toml\n'}
[61.646992] (orbbec_camera_msgs) StdoutLine: {'line': b'-- Installing: /home/sophie/isaac_lab/isaac_ws/rl_code/soarm100sim/third_party/orbbec_ws/install_287/orbbec_camera_msgs/share/orbbec_camera_msgs/rust/src\n'}
[61.647021] (orbbec_camera_msgs) StdoutLine: {'line': b'-- Installing: /home/sophie/isaac_lab/isaac_ws/rl_code/soarm100sim/third_party/orbbec_ws/install_287/orbbec_camera_msgs/share/orbbec_camera_msgs/rust/src/srv\n'}
[61.647049] (orbbec_camera_msgs) StdoutLine: {'line': b'-- Installing: /home/sophie/isaac_lab/isaac_ws/rl_code/soarm100sim/third_party/orbbec_ws/install_287/orbbec_camera_msgs/share/orbbec_camera_msgs/rust/src/srv/rmw.rs\n'}
[61.647076] (orbbec_camera_msgs) StdoutLine: {'line': b'-- Installing: /home/sophie/isaac_lab/isaac_ws/rl_code/soarm100sim/third_party/orbbec_ws/install_287/orbbec_camera_msgs/share/orbbec_camera_msgs/rust/src/lib.rs\n'}
[61.647137] (orbbec_camera_msgs) StdoutLine: {'line': b'-- Installing: /home/sophie/isaac_lab/isaac_ws/rl_code/soarm100sim/third_party/orbbec_ws/install_287/orbbec_camera_msgs/share/orbbec_camera_msgs/rust/src/msg\n'}
[61.647165] (orbbec_camera_msgs) StdoutLine: {'line': b'-- Installing: /home/sophie/isaac_lab/isaac_ws/rl_code/soarm100sim/third_party/orbbec_ws/install_287/orbbec_camera_msgs/share/orbbec_camera_msgs/rust/src/msg/rmw.rs\n'}
[61.647219] (orbbec_camera_msgs) StdoutLine: {'line': b'-- Installing: /home/sophie/isaac_lab/isaac_ws/rl_code/soarm100sim/third_party/orbbec_ws/install_287/orbbec_camera_msgs/share/orbbec_camera_msgs/rust/src/msg.rs\n'}
[61.647241] (orbbec_camera_msgs) StdoutLine: {'line': b'-- Installing: /home/sophie/isaac_lab/isaac_ws/rl_code/soarm100sim/third_party/orbbec_ws/install_287/orbbec_camera_msgs/share/orbbec_camera_msgs/rust/src/srv.rs\n'}
[61.647266] (orbbec_camera_msgs) StdoutLine: {'line': b'-- Installing: /home/sophie/isaac_lab/isaac_ws/rl_code/soarm100sim/third_party/orbbec_ws/install_287/orbbec_camera_msgs/share/orbbec_camera_msgs/rust/build.rs\n'}
[61.647316] (orbbec_camera_msgs) StdoutLine: {'line': b'-- Installing: /home/sophie/isaac_lab/isaac_ws/rl_code/soarm100sim/third_party/orbbec_ws/install_287/orbbec_camera_msgs/share/orbbec_camera_msgs/msg/DeviceInfo.idl\n'}
[61.647364] (orbbec_camera_msgs) StdoutLine: {'line': b'-- Installing: /home/sophie/isaac_lab/isaac_ws/rl_code/soarm100sim/third_party/orbbec_ws/install_287/orbbec_camera_msgs/share/orbbec_camera_msgs/msg/DeviceStatus.idl\n'}
[61.647427] (orbbec_camera_msgs) StdoutLine: {'line': b'-- Installing: /home/sophie/isaac_lab/isaac_ws/rl_code/soarm100sim/third_party/orbbec_ws/install_287/orbbec_camera_msgs/share/orbbec_camera_msgs/msg/DepthFilterParam.idl\n'}
[61.647494] (orbbec_camera_msgs) StdoutLine: {'line': b'-- Installing: /home/sophie/isaac_lab/isaac_ws/rl_code/soarm100sim/third_party/orbbec_ws/install_287/orbbec_camera_msgs/share/orbbec_camera_msgs/msg/DepthFilterState.idl\n'}
[61.647584] (orbbec_camera_msgs) StdoutLine: {'line': b'-- Installing: /home/sophie/isaac_lab/isaac_ws/rl_code/soarm100sim/third_party/orbbec_ws/install_287/orbbec_camera_msgs/share/orbbec_camera_msgs/msg/DepthFiltersStatus.idl\n'}
[61.647650] (orbbec_camera_msgs) StdoutLine: {'line': b'-- Installing: /home/sophie/isaac_lab/isaac_ws/rl_code/soarm100sim/third_party/orbbec_ws/install_287/orbbec_camera_msgs/share/orbbec_camera_msgs/msg/Extrinsics.idl\n'}
[61.647732] (orbbec_camera_msgs) StdoutLine: {'line': b'-- Installing: /home/sophie/isaac_lab/isaac_ws/rl_code/soarm100sim/third_party/orbbec_ws/install_287/orbbec_camera_msgs/share/orbbec_camera_msgs/msg/Metadata.idl\n'}
[61.647797] (orbbec_camera_msgs) StdoutLine: {'line': b'-- Installing: /home/sophie/isaac_lab/isaac_ws/rl_code/soarm100sim/third_party/orbbec_ws/install_287/orbbec_camera_msgs/share/orbbec_camera_msgs/msg/IMUInfo.idl\n'}
[61.647884] (orbbec_camera_msgs) StdoutLine: {'line': b'-- Installing: /home/sophie/isaac_lab/isaac_ws/rl_code/soarm100sim/third_party/orbbec_ws/install_287/orbbec_camera_msgs/share/orbbec_camera_msgs/msg/RGBD.idl\n'}
[61.647975] (orbbec_camera_msgs) StdoutLine: {'line': b'-- Installing: /home/sophie/isaac_lab/isaac_ws/rl_code/soarm100sim/third_party/orbbec_ws/install_287/orbbec_camera_msgs/share/orbbec_camera_msgs/srv/GetBool.idl\n'}
[61.648059] (orbbec_camera_msgs) StdoutLine: {'line': b'-- Installing: /home/sophie/isaac_lab/isaac_ws/rl_code/soarm100sim/third_party/orbbec_ws/install_287/orbbec_camera_msgs/share/orbbec_camera_msgs/srv/GetDeviceInfo.idl\n'}
[61.648127] (orbbec_camera_msgs) StdoutLine: {'line': b'-- Installing: /home/sophie/isaac_lab/isaac_ws/rl_code/soarm100sim/third_party/orbbec_ws/install_287/orbbec_camera_msgs/share/orbbec_camera_msgs/srv/GetCameraInfo.idl\n'}
[61.648210] (orbbec_camera_msgs) StdoutLine: {'line': b'-- Installing: /home/sophie/isaac_lab/isaac_ws/rl_code/soarm100sim/third_party/orbbec_ws/install_287/orbbec_camera_msgs/share/orbbec_camera_msgs/srv/GetInt32.idl\n'}
[61.648278] (orbbec_camera_msgs) StdoutLine: {'line': b'-- Installing: /home/sophie/isaac_lab/isaac_ws/rl_code/soarm100sim/third_party/orbbec_ws/install_287/orbbec_camera_msgs/share/orbbec_camera_msgs/srv/GetString.idl\n'}
[61.648360] (orbbec_camera_msgs) StdoutLine: {'line': b'-- Installing: /home/sophie/isaac_lab/isaac_ws/rl_code/soarm100sim/third_party/orbbec_ws/install_287/orbbec_camera_msgs/share/orbbec_camera_msgs/srv/SetFilter.idl\n'}
[61.648425] (orbbec_camera_msgs) StdoutLine: {'line': b'-- Installing: /home/sophie/isaac_lab/isaac_ws/rl_code/soarm100sim/third_party/orbbec_ws/install_287/orbbec_camera_msgs/share/orbbec_camera_msgs/srv/SetInt32.idl\n'}
[61.648508] (orbbec_camera_msgs) StdoutLine: {'line': b'-- Installing: /home/sophie/isaac_lab/isaac_ws/rl_code/soarm100sim/third_party/orbbec_ws/install_287/orbbec_camera_msgs/share/orbbec_camera_msgs/srv/SetString.idl\n'}
[61.648576] (orbbec_camera_msgs) StdoutLine: {'line': b'-- Installing: /home/sophie/isaac_lab/isaac_ws/rl_code/soarm100sim/third_party/orbbec_ws/install_287/orbbec_camera_msgs/share/orbbec_camera_msgs/srv/SetArrays.idl\n'}
[61.648661] (orbbec_camera_msgs) StdoutLine: {'line': b'-- Installing: /home/sophie/isaac_lab/isaac_ws/rl_code/soarm100sim/third_party/orbbec_ws/install_287/orbbec_camera_msgs/share/orbbec_camera_msgs/srv/GetUserCalibParams.idl\n'}
[61.648729] (orbbec_camera_msgs) StdoutLine: {'line': b'-- Installing: /home/sophie/isaac_lab/isaac_ws/rl_code/soarm100sim/third_party/orbbec_ws/install_287/orbbec_camera_msgs/share/orbbec_camera_msgs/srv/SetUserCalibParams.idl\n'}
[61.648815] (orbbec_camera_msgs) StdoutLine: {'line': b'-- Installing: /home/sophie/isaac_lab/isaac_ws/rl_code/soarm100sim/third_party/orbbec_ws/install_287/orbbec_camera_msgs/share/orbbec_camera_msgs/msg/DeviceInfo.msg\n'}
[61.648880] (orbbec_camera_msgs) StdoutLine: {'line': b'-- Installing: /home/sophie/isaac_lab/isaac_ws/rl_code/soarm100sim/third_party/orbbec_ws/install_287/orbbec_camera_msgs/share/orbbec_camera_msgs/msg/DeviceStatus.msg\n'}
[61.648965] (orbbec_camera_msgs) StdoutLine: {'line': b'-- Installing: /home/sophie/isaac_lab/isaac_ws/rl_code/soarm100sim/third_party/orbbec_ws/install_287/orbbec_camera_msgs/share/orbbec_camera_msgs/msg/DepthFilterParam.msg\n'}
[61.649035] (orbbec_camera_msgs) StdoutLine: {'line': b'-- Installing: /home/sophie/isaac_lab/isaac_ws/rl_code/soarm100sim/third_party/orbbec_ws/install_287/orbbec_camera_msgs/share/orbbec_camera_msgs/msg/DepthFilterState.msg\n'}
[61.649120] (orbbec_camera_msgs) StdoutLine: {'line': b'-- Installing: /home/sophie/isaac_lab/isaac_ws/rl_code/soarm100sim/third_party/orbbec_ws/install_287/orbbec_camera_msgs/share/orbbec_camera_msgs/msg/DepthFiltersStatus.msg\n'}
[61.649190] (orbbec_camera_msgs) StdoutLine: {'line': b'-- Installing: /home/sophie/isaac_lab/isaac_ws/rl_code/soarm100sim/third_party/orbbec_ws/install_287/orbbec_camera_msgs/share/orbbec_camera_msgs/msg/Extrinsics.msg\n'}
[61.649279] (orbbec_camera_msgs) StdoutLine: {'line': b'-- Installing: /home/sophie/isaac_lab/isaac_ws/rl_code/soarm100sim/third_party/orbbec_ws/install_287/orbbec_camera_msgs/share/orbbec_camera_msgs/msg/Metadata.msg\n'}
[61.649345] (orbbec_camera_msgs) StdoutLine: {'line': b'-- Installing: /home/sophie/isaac_lab/isaac_ws/rl_code/soarm100sim/third_party/orbbec_ws/install_287/orbbec_camera_msgs/share/orbbec_camera_msgs/msg/IMUInfo.msg\n'}
[61.649555] (orbbec_camera_msgs) StdoutLine: {'line': b'-- Installing: /home/sophie/isaac_lab/isaac_ws/rl_code/soarm100sim/third_party/orbbec_ws/install_287/orbbec_camera_msgs/share/orbbec_camera_msgs/msg/RGBD.msg\n'}
[61.649583] (orbbec_camera_msgs) StdoutLine: {'line': b'-- Installing: /home/sophie/isaac_lab/isaac_ws/rl_code/soarm100sim/third_party/orbbec_ws/install_287/orbbec_camera_msgs/share/orbbec_camera_msgs/srv/GetBool.srv\n'}
[61.649670] (orbbec_camera_msgs) StdoutLine: {'line': b'-- Installing: /home/sophie/isaac_lab/isaac_ws/rl_code/soarm100sim/third_party/orbbec_ws/install_287/orbbec_camera_msgs/share/orbbec_camera_msgs/srv/GetBool_Request.msg\n'}
[61.649696] (orbbec_camera_msgs) StdoutLine: {'line': b'-- Installing: /home/sophie/isaac_lab/isaac_ws/rl_code/soarm100sim/third_party/orbbec_ws/install_287/orbbec_camera_msgs/share/orbbec_camera_msgs/srv/GetBool_Response.msg\n'}
[61.649751] (orbbec_camera_msgs) StdoutLine: {'line': b'-- Installing: /home/sophie/isaac_lab/isaac_ws/rl_code/soarm100sim/third_party/orbbec_ws/install_287/orbbec_camera_msgs/share/orbbec_camera_msgs/srv/GetDeviceInfo.srv\n'}
[61.649815] (orbbec_camera_msgs) StdoutLine: {'line': b'-- Installing: /home/sophie/isaac_lab/isaac_ws/rl_code/soarm100sim/third_party/orbbec_ws/install_287/orbbec_camera_msgs/share/orbbec_camera_msgs/srv/GetDeviceInfo_Request.msg\n'}
[61.649900] (orbbec_camera_msgs) StdoutLine: {'line': b'-- Installing: /home/sophie/isaac_lab/isaac_ws/rl_code/soarm100sim/third_party/orbbec_ws/install_287/orbbec_camera_msgs/share/orbbec_camera_msgs/srv/GetDeviceInfo_Response.msg\n'}
[61.649972] (orbbec_camera_msgs) StdoutLine: {'line': b'-- Installing: /home/sophie/isaac_lab/isaac_ws/rl_code/soarm100sim/third_party/orbbec_ws/install_287/orbbec_camera_msgs/share/orbbec_camera_msgs/srv/GetCameraInfo.srv\n'}
[61.650057] (orbbec_camera_msgs) StdoutLine: {'line': b'-- Installing: /home/sophie/isaac_lab/isaac_ws/rl_code/soarm100sim/third_party/orbbec_ws/install_287/orbbec_camera_msgs/share/orbbec_camera_msgs/srv/GetCameraInfo_Request.msg\n'}
[61.650123] (orbbec_camera_msgs) StdoutLine: {'line': b'-- Installing: /home/sophie/isaac_lab/isaac_ws/rl_code/soarm100sim/third_party/orbbec_ws/install_287/orbbec_camera_msgs/share/orbbec_camera_msgs/srv/GetCameraInfo_Response.msg\n'}
[61.650216] (orbbec_camera_msgs) StdoutLine: {'line': b'-- Installing: /home/sophie/isaac_lab/isaac_ws/rl_code/soarm100sim/third_party/orbbec_ws/install_287/orbbec_camera_msgs/share/orbbec_camera_msgs/srv/GetInt32.srv\n'}
[61.650282] (orbbec_camera_msgs) StdoutLine: {'line': b'-- Installing: /home/sophie/isaac_lab/isaac_ws/rl_code/soarm100sim/third_party/orbbec_ws/install_287/orbbec_camera_msgs/share/orbbec_camera_msgs/srv/GetInt32_Request.msg\n'}
[61.650409] (orbbec_camera_msgs) StdoutLine: {'line': b'-- Installing: /home/sophie/isaac_lab/isaac_ws/rl_code/soarm100sim/third_party/orbbec_ws/install_287/orbbec_camera_msgs/share/orbbec_camera_msgs/srv/GetInt32_Response.msg\n'}
[61.650466] (orbbec_camera_msgs) StdoutLine: {'line': b'-- Installing: /home/sophie/isaac_lab/isaac_ws/rl_code/soarm100sim/third_party/orbbec_ws/install_287/orbbec_camera_msgs/share/orbbec_camera_msgs/srv/GetString.srv\n'}
[61.650529] (orbbec_camera_msgs) StdoutLine: {'line': b'-- Installing: /home/sophie/isaac_lab/isaac_ws/rl_code/soarm100sim/third_party/orbbec_ws/install_287/orbbec_camera_msgs/share/orbbec_camera_msgs/srv/GetString_Request.msg\n'}
[61.650629] (orbbec_camera_msgs) StdoutLine: {'line': b'-- Installing: /home/sophie/isaac_lab/isaac_ws/rl_code/soarm100sim/third_party/orbbec_ws/install_287/orbbec_camera_msgs/share/orbbec_camera_msgs/srv/GetString_Response.msg\n'}
[61.650714] (orbbec_camera_msgs) StdoutLine: {'line': b'-- Installing: /home/sophie/isaac_lab/isaac_ws/rl_code/soarm100sim/third_party/orbbec_ws/install_287/orbbec_camera_msgs/share/orbbec_camera_msgs/srv/SetFilter.srv\n'}
[61.650788] (orbbec_camera_msgs) StdoutLine: {'line': b'-- Installing: /home/sophie/isaac_lab/isaac_ws/rl_code/soarm100sim/third_party/orbbec_ws/install_287/orbbec_camera_msgs/share/orbbec_camera_msgs/srv/SetFilter_Request.msg\n'}
[61.650867] (orbbec_camera_msgs) StdoutLine: {'line': b'-- Installing: /home/sophie/isaac_lab/isaac_ws/rl_code/soarm100sim/third_party/orbbec_ws/install_287/orbbec_camera_msgs/share/orbbec_camera_msgs/srv/SetFilter_Response.msg\n'}
[61.650944] (orbbec_camera_msgs) StdoutLine: {'line': b'-- Installing: /home/sophie/isaac_lab/isaac_ws/rl_code/soarm100sim/third_party/orbbec_ws/install_287/orbbec_camera_msgs/share/orbbec_camera_msgs/srv/SetInt32.srv\n'}
[61.651025] (orbbec_camera_msgs) StdoutLine: {'line': b'-- Installing: /home/sophie/isaac_lab/isaac_ws/rl_code/soarm100sim/third_party/orbbec_ws/install_287/orbbec_camera_msgs/share/orbbec_camera_msgs/srv/SetInt32_Request.msg\n'}
[61.651099] (orbbec_camera_msgs) StdoutLine: {'line': b'-- Installing: /home/sophie/isaac_lab/isaac_ws/rl_code/soarm100sim/third_party/orbbec_ws/install_287/orbbec_camera_msgs/share/orbbec_camera_msgs/srv/SetInt32_Response.msg\n'}
[61.651189] (orbbec_camera_msgs) StdoutLine: {'line': b'-- Installing: /home/sophie/isaac_lab/isaac_ws/rl_code/soarm100sim/third_party/orbbec_ws/install_287/orbbec_camera_msgs/share/orbbec_camera_msgs/srv/SetString.srv\n'}
[61.651260] (orbbec_camera_msgs) StdoutLine: {'line': b'-- Installing: /home/sophie/isaac_lab/isaac_ws/rl_code/soarm100sim/third_party/orbbec_ws/install_287/orbbec_camera_msgs/share/orbbec_camera_msgs/srv/SetString_Request.msg\n'}
[61.651344] (orbbec_camera_msgs) StdoutLine: {'line': b'-- Installing: /home/sophie/isaac_lab/isaac_ws/rl_code/soarm100sim/third_party/orbbec_ws/install_287/orbbec_camera_msgs/share/orbbec_camera_msgs/srv/SetString_Response.msg\n'}
[61.651415] (orbbec_camera_msgs) StdoutLine: {'line': b'-- Installing: /home/sophie/isaac_lab/isaac_ws/rl_code/soarm100sim/third_party/orbbec_ws/install_287/orbbec_camera_msgs/share/orbbec_camera_msgs/srv/SetArrays.srv\n'}
[61.651505] (orbbec_camera_msgs) StdoutLine: {'line': b'-- Installing: /home/sophie/isaac_lab/isaac_ws/rl_code/soarm100sim/third_party/orbbec_ws/install_287/orbbec_camera_msgs/share/orbbec_camera_msgs/srv/SetArrays_Request.msg\n'}
[61.651577] (orbbec_camera_msgs) StdoutLine: {'line': b'-- Installing: /home/sophie/isaac_lab/isaac_ws/rl_code/soarm100sim/third_party/orbbec_ws/install_287/orbbec_camera_msgs/share/orbbec_camera_msgs/srv/SetArrays_Response.msg\n'}
[61.651668] (orbbec_camera_msgs) StdoutLine: {'line': b'-- Installing: /home/sophie/isaac_lab/isaac_ws/rl_code/soarm100sim/third_party/orbbec_ws/install_287/orbbec_camera_msgs/share/orbbec_camera_msgs/srv/GetUserCalibParams.srv\n'}
[61.651740] (orbbec_camera_msgs) StdoutLine: {'line': b'-- Installing: /home/sophie/isaac_lab/isaac_ws/rl_code/soarm100sim/third_party/orbbec_ws/install_287/orbbec_camera_msgs/share/orbbec_camera_msgs/srv/GetUserCalibParams_Request.msg\n'}
[61.651829] (orbbec_camera_msgs) StdoutLine: {'line': b'-- Installing: /home/sophie/isaac_lab/isaac_ws/rl_code/soarm100sim/third_party/orbbec_ws/install_287/orbbec_camera_msgs/share/orbbec_camera_msgs/srv/GetUserCalibParams_Response.msg\n'}
[61.651899] (orbbec_camera_msgs) StdoutLine: {'line': b'-- Installing: /home/sophie/isaac_lab/isaac_ws/rl_code/soarm100sim/third_party/orbbec_ws/install_287/orbbec_camera_msgs/share/orbbec_camera_msgs/srv/SetUserCalibParams.srv\n'}
[61.651992] (orbbec_camera_msgs) StdoutLine: {'line': b'-- Installing: /home/sophie/isaac_lab/isaac_ws/rl_code/soarm100sim/third_party/orbbec_ws/install_287/orbbec_camera_msgs/share/orbbec_camera_msgs/srv/SetUserCalibParams_Request.msg\n'}
[61.652067] (orbbec_camera_msgs) StdoutLine: {'line': b'-- Installing: /home/sophie/isaac_lab/isaac_ws/rl_code/soarm100sim/third_party/orbbec_ws/install_287/orbbec_camera_msgs/share/orbbec_camera_msgs/srv/SetUserCalibParams_Response.msg\n'}
[61.652178] (orbbec_camera_msgs) StdoutLine: {'line': b'-- Installing: /home/sophie/isaac_lab/isaac_ws/rl_code/soarm100sim/third_party/orbbec_ws/install_287/orbbec_camera_msgs/share/ament_index/resource_index/package_run_dependencies/orbbec_camera_msgs\n'}
[61.652274] (orbbec_camera_msgs) StdoutLine: {'line': b'-- Installing: /home/sophie/isaac_lab/isaac_ws/rl_code/soarm100sim/third_party/orbbec_ws/install_287/orbbec_camera_msgs/share/ament_index/resource_index/parent_prefix_path/orbbec_camera_msgs\n'}
[61.652371] (orbbec_camera_msgs) StdoutLine: {'line': b'-- Installing: /home/sophie/isaac_lab/isaac_ws/rl_code/soarm100sim/third_party/orbbec_ws/install_287/orbbec_camera_msgs/share/orbbec_camera_msgs/environment/ament_prefix_path.sh\n'}
[61.652441] (orbbec_camera_msgs) StdoutLine: {'line': b'-- Installing: /home/sophie/isaac_lab/isaac_ws/rl_code/soarm100sim/third_party/orbbec_ws/install_287/orbbec_camera_msgs/share/orbbec_camera_msgs/environment/ament_prefix_path.dsv\n'}
[61.652529] (orbbec_camera_msgs) StdoutLine: {'line': b'-- Installing: /home/sophie/isaac_lab/isaac_ws/rl_code/soarm100sim/third_party/orbbec_ws/install_287/orbbec_camera_msgs/share/orbbec_camera_msgs/environment/path.sh\n'}
[61.652611] (orbbec_camera_msgs) StdoutLine: {'line': b'-- Installing: /home/sophie/isaac_lab/isaac_ws/rl_code/soarm100sim/third_party/orbbec_ws/install_287/orbbec_camera_msgs/share/orbbec_camera_msgs/environment/path.dsv\n'}
[61.652697] (orbbec_camera_msgs) StdoutLine: {'line': b'-- Installing: /home/sophie/isaac_lab/isaac_ws/rl_code/soarm100sim/third_party/orbbec_ws/install_287/orbbec_camera_msgs/share/orbbec_camera_msgs/local_setup.bash\n'}
[61.652769] (orbbec_camera_msgs) StdoutLine: {'line': b'-- Installing: /home/sophie/isaac_lab/isaac_ws/rl_code/soarm100sim/third_party/orbbec_ws/install_287/orbbec_camera_msgs/share/orbbec_camera_msgs/local_setup.sh\n'}
[61.652863] (orbbec_camera_msgs) StdoutLine: {'line': b'-- Installing: /home/sophie/isaac_lab/isaac_ws/rl_code/soarm100sim/third_party/orbbec_ws/install_287/orbbec_camera_msgs/share/orbbec_camera_msgs/local_setup.zsh\n'}
[61.652932] (orbbec_camera_msgs) StdoutLine: {'line': b'-- Installing: /home/sophie/isaac_lab/isaac_ws/rl_code/soarm100sim/third_party/orbbec_ws/install_287/orbbec_camera_msgs/share/orbbec_camera_msgs/local_setup.dsv\n'}
[61.653021] (orbbec_camera_msgs) StdoutLine: {'line': b'-- Installing: /home/sophie/isaac_lab/isaac_ws/rl_code/soarm100sim/third_party/orbbec_ws/install_287/orbbec_camera_msgs/share/orbbec_camera_msgs/package.dsv\n'}
[61.653114] (orbbec_camera_msgs) StdoutLine: {'line': b'-- Installing: /home/sophie/isaac_lab/isaac_ws/rl_code/soarm100sim/third_party/orbbec_ws/install_287/orbbec_camera_msgs/share/ament_index/resource_index/packages/orbbec_camera_msgs\n'}
[61.653230] (orbbec_camera_msgs) StdoutLine: {'line': b'-- Installing: /home/sophie/isaac_lab/isaac_ws/rl_code/soarm100sim/third_party/orbbec_ws/install_287/orbbec_camera_msgs/share/orbbec_camera_msgs/cmake/export_orbbec_camera_msgs__rosidl_generator_cExport.cmake\n'}
[61.653321] (orbbec_camera_msgs) StdoutLine: {'line': b'-- Installing: /home/sophie/isaac_lab/isaac_ws/rl_code/soarm100sim/third_party/orbbec_ws/install_287/orbbec_camera_msgs/share/orbbec_camera_msgs/cmake/export_orbbec_camera_msgs__rosidl_generator_cExport-release.cmake\n'}
[61.653426] (orbbec_camera_msgs) StdoutLine: {'line': b'-- Installing: /home/sophie/isaac_lab/isaac_ws/rl_code/soarm100sim/third_party/orbbec_ws/install_287/orbbec_camera_msgs/share/orbbec_camera_msgs/cmake/export_orbbec_camera_msgs__rosidl_typesupport_fastrtps_cExport.cmake\n'}
[61.653505] (orbbec_camera_msgs) StdoutLine: {'line': b'-- Installing: /home/sophie/isaac_lab/isaac_ws/rl_code/soarm100sim/third_party/orbbec_ws/install_287/orbbec_camera_msgs/share/orbbec_camera_msgs/cmake/export_orbbec_camera_msgs__rosidl_typesupport_fastrtps_cExport-release.cmake\n'}
[61.653614] (orbbec_camera_msgs) StdoutLine: {'line': b'-- Installing: /home/sophie/isaac_lab/isaac_ws/rl_code/soarm100sim/third_party/orbbec_ws/install_287/orbbec_camera_msgs/share/orbbec_camera_msgs/cmake/orbbec_camera_msgs__rosidl_typesupport_introspection_cExport.cmake\n'}
[61.653690] (orbbec_camera_msgs) StdoutLine: {'line': b'-- Installing: /home/sophie/isaac_lab/isaac_ws/rl_code/soarm100sim/third_party/orbbec_ws/install_287/orbbec_camera_msgs/share/orbbec_camera_msgs/cmake/orbbec_camera_msgs__rosidl_typesupport_introspection_cExport-release.cmake\n'}
[61.653792] (orbbec_camera_msgs) StdoutLine: {'line': b'-- Installing: /home/sophie/isaac_lab/isaac_ws/rl_code/soarm100sim/third_party/orbbec_ws/install_287/orbbec_camera_msgs/share/orbbec_camera_msgs/cmake/orbbec_camera_msgs__rosidl_typesupport_cExport.cmake\n'}
[61.653867] (orbbec_camera_msgs) StdoutLine: {'line': b'-- Installing: /home/sophie/isaac_lab/isaac_ws/rl_code/soarm100sim/third_party/orbbec_ws/install_287/orbbec_camera_msgs/share/orbbec_camera_msgs/cmake/orbbec_camera_msgs__rosidl_typesupport_cExport-release.cmake\n'}
[61.653968] (orbbec_camera_msgs) StdoutLine: {'line': b'-- Installing: /home/sophie/isaac_lab/isaac_ws/rl_code/soarm100sim/third_party/orbbec_ws/install_287/orbbec_camera_msgs/share/orbbec_camera_msgs/cmake/export_orbbec_camera_msgs__rosidl_generator_cppExport.cmake\n'}
[61.654051] (orbbec_camera_msgs) StdoutLine: {'line': b'-- Installing: /home/sophie/isaac_lab/isaac_ws/rl_code/soarm100sim/third_party/orbbec_ws/install_287/orbbec_camera_msgs/share/orbbec_camera_msgs/cmake/export_orbbec_camera_msgs__rosidl_typesupport_fastrtps_cppExport.cmake\n'}
[61.654148] (orbbec_camera_msgs) StdoutLine: {'line': b'-- Installing: /home/sophie/isaac_lab/isaac_ws/rl_code/soarm100sim/third_party/orbbec_ws/install_287/orbbec_camera_msgs/share/orbbec_camera_msgs/cmake/export_orbbec_camera_msgs__rosidl_typesupport_fastrtps_cppExport-release.cmake\n'}
[61.654238] (orbbec_camera_msgs) StdoutLine: {'line': b'-- Installing: /home/sophie/isaac_lab/isaac_ws/rl_code/soarm100sim/third_party/orbbec_ws/install_287/orbbec_camera_msgs/share/orbbec_camera_msgs/cmake/orbbec_camera_msgs__rosidl_typesupport_introspection_cppExport.cmake\n'}
[61.654338] (orbbec_camera_msgs) StdoutLine: {'line': b'-- Installing: /home/sophie/isaac_lab/isaac_ws/rl_code/soarm100sim/third_party/orbbec_ws/install_287/orbbec_camera_msgs/share/orbbec_camera_msgs/cmake/orbbec_camera_msgs__rosidl_typesupport_introspection_cppExport-release.cmake\n'}
[61.654418] (orbbec_camera_msgs) StdoutLine: {'line': b'-- Installing: /home/sophie/isaac_lab/isaac_ws/rl_code/soarm100sim/third_party/orbbec_ws/install_287/orbbec_camera_msgs/share/orbbec_camera_msgs/cmake/orbbec_camera_msgs__rosidl_typesupport_cppExport.cmake\n'}
[61.654518] (orbbec_camera_msgs) StdoutLine: {'line': b'-- Installing: /home/sophie/isaac_lab/isaac_ws/rl_code/soarm100sim/third_party/orbbec_ws/install_287/orbbec_camera_msgs/share/orbbec_camera_msgs/cmake/orbbec_camera_msgs__rosidl_typesupport_cppExport-release.cmake\n'}
[61.654600] (orbbec_camera_msgs) StdoutLine: {'line': b'-- Installing: /home/sophie/isaac_lab/isaac_ws/rl_code/soarm100sim/third_party/orbbec_ws/install_287/orbbec_camera_msgs/share/orbbec_camera_msgs/cmake/export_orbbec_camera_msgs__rosidl_generator_pyExport.cmake\n'}
[61.654699] (orbbec_camera_msgs) StdoutLine: {'line': b'-- Installing: /home/sophie/isaac_lab/isaac_ws/rl_code/soarm100sim/third_party/orbbec_ws/install_287/orbbec_camera_msgs/share/orbbec_camera_msgs/cmake/export_orbbec_camera_msgs__rosidl_generator_pyExport-release.cmake\n'}
[61.654770] (orbbec_camera_msgs) StdoutLine: {'line': b'-- Installing: /home/sophie/isaac_lab/isaac_ws/rl_code/soarm100sim/third_party/orbbec_ws/install_287/orbbec_camera_msgs/share/orbbec_camera_msgs/cmake/rosidl_cmake-extras.cmake\n'}
[61.654866] (orbbec_camera_msgs) StdoutLine: {'line': b'-- Installing: /home/sophie/isaac_lab/isaac_ws/rl_code/soarm100sim/third_party/orbbec_ws/install_287/orbbec_camera_msgs/share/orbbec_camera_msgs/cmake/ament_cmake_export_dependencies-extras.cmake\n'}
[61.654940] (orbbec_camera_msgs) StdoutLine: {'line': b'-- Installing: /home/sophie/isaac_lab/isaac_ws/rl_code/soarm100sim/third_party/orbbec_ws/install_287/orbbec_camera_msgs/share/orbbec_camera_msgs/cmake/ament_cmake_export_include_directories-extras.cmake\n'}
[61.655037] (orbbec_camera_msgs) StdoutLine: {'line': b'-- Installing: /home/sophie/isaac_lab/isaac_ws/rl_code/soarm100sim/third_party/orbbec_ws/install_287/orbbec_camera_msgs/share/orbbec_camera_msgs/cmake/ament_cmake_export_libraries-extras.cmake\n'}
[61.655115] (orbbec_camera_msgs) StdoutLine: {'line': b'-- Installing: /home/sophie/isaac_lab/isaac_ws/rl_code/soarm100sim/third_party/orbbec_ws/install_287/orbbec_camera_msgs/share/orbbec_camera_msgs/cmake/ament_cmake_export_targets-extras.cmake\n'}
[61.655207] (orbbec_camera_msgs) StdoutLine: {'line': b'-- Installing: /home/sophie/isaac_lab/isaac_ws/rl_code/soarm100sim/third_party/orbbec_ws/install_287/orbbec_camera_msgs/share/orbbec_camera_msgs/cmake/rosidl_cmake_export_typesupport_targets-extras.cmake\n'}
[61.655284] (orbbec_camera_msgs) StdoutLine: {'line': b'-- Installing: /home/sophie/isaac_lab/isaac_ws/rl_code/soarm100sim/third_party/orbbec_ws/install_287/orbbec_camera_msgs/share/orbbec_camera_msgs/cmake/rosidl_cmake_export_typesupport_libraries-extras.cmake\n'}
[61.655381] (orbbec_camera_msgs) StdoutLine: {'line': b'-- Installing: /home/sophie/isaac_lab/isaac_ws/rl_code/soarm100sim/third_party/orbbec_ws/install_287/orbbec_camera_msgs/share/orbbec_camera_msgs/cmake/orbbec_camera_msgsConfig.cmake\n'}
[61.655498] (orbbec_camera_msgs) StdoutLine: {'line': b'-- Installing: /home/sophie/isaac_lab/isaac_ws/rl_code/soarm100sim/third_party/orbbec_ws/install_287/orbbec_camera_msgs/share/orbbec_camera_msgs/cmake/orbbec_camera_msgsConfig-version.cmake\n'}
[61.655524] (orbbec_camera_msgs) StdoutLine: {'line': b'-- Installing: /home/sophie/isaac_lab/isaac_ws/rl_code/soarm100sim/third_party/orbbec_ws/install_287/orbbec_camera_msgs/share/orbbec_camera_msgs/package.xml\n'}
[61.746126] (-) TimerEvent: {}
[61.846333] (-) TimerEvent: {}
[61.946581] (-) TimerEvent: {}
[62.046767] (-) TimerEvent: {}
[62.146962] (-) TimerEvent: {}
[62.247170] (-) TimerEvent: {}
[62.347463] (-) TimerEvent: {}
[62.447650] (-) TimerEvent: {}
[62.547866] (-) TimerEvent: {}
[62.648134] (-) TimerEvent: {}
[62.748370] (-) TimerEvent: {}
[62.848580] (-) TimerEvent: {}
[62.948729] (-) TimerEvent: {}
[63.048881] (-) TimerEvent: {}
[63.149091] (-) TimerEvent: {}
[63.249343] (-) TimerEvent: {}
[63.349540] (-) TimerEvent: {}
[63.449736] (-) TimerEvent: {}
[63.549913] (-) TimerEvent: {}
[63.650139] (-) TimerEvent: {}
[63.750347] (-) TimerEvent: {}
[63.850672] (-) TimerEvent: {}
[63.950914] (-) TimerEvent: {}
[64.051161] (-) TimerEvent: {}
[64.151403] (-) TimerEvent: {}
[64.251655] (-) TimerEvent: {}
[64.351903] (-) TimerEvent: {}
[64.452137] (-) TimerEvent: {}
[64.552374] (-) TimerEvent: {}
[64.652684] (-) TimerEvent: {}
[64.752920] (-) TimerEvent: {}
[64.853166] (-) TimerEvent: {}
[64.953404] (-) TimerEvent: {}
[65.053677] (-) TimerEvent: {}
[65.153899] (-) TimerEvent: {}
[65.254117] (-) TimerEvent: {}
[65.354340] (-) TimerEvent: {}
[65.454610] (-) TimerEvent: {}
[65.554880] (-) TimerEvent: {}
[65.655153] (-) TimerEvent: {}
[65.755348] (-) TimerEvent: {}
[65.855587] (-) TimerEvent: {}
[65.955771] (-) TimerEvent: {}
[66.055996] (-) TimerEvent: {}
[66.156230] (-) TimerEvent: {}
[66.256503] (-) TimerEvent: {}
[66.356729] (-) TimerEvent: {}
[66.456949] (-) TimerEvent: {}
[66.557183] (-) TimerEvent: {}
[66.657458] (-) TimerEvent: {}
[66.757690] (-) TimerEvent: {}
[66.857912] (-) TimerEvent: {}
[66.958103] (-) TimerEvent: {}
[67.058324] (-) TimerEvent: {}
[67.158574] (-) TimerEvent: {}
[67.258772] (-) TimerEvent: {}
[67.358956] (-) TimerEvent: {}
[67.459146] (-) TimerEvent: {}
[67.559353] (-) TimerEvent: {}
[67.659576] (-) TimerEvent: {}
[67.759741] (-) TimerEvent: {}
[67.859924] (-) TimerEvent: {}
[67.960151] (-) TimerEvent: {}
[68.060402] (-) TimerEvent: {}
[68.160641] (-) TimerEvent: {}
[68.260837] (-) TimerEvent: {}
[68.361063] (-) TimerEvent: {}
[68.461327] (-) TimerEvent: {}
[68.561535] (-) TimerEvent: {}
[68.661775] (-) TimerEvent: {}
[68.761964] (-) TimerEvent: {}
[68.862178] (-) TimerEvent: {}
[68.962404] (-) TimerEvent: {}
[69.062622] (-) TimerEvent: {}
[69.162819] (-) TimerEvent: {}
[69.263051] (-) TimerEvent: {}
[69.363284] (-) TimerEvent: {}
[69.463513] (-) TimerEvent: {}
[69.563728] (-) TimerEvent: {}
[69.663931] (-) TimerEvent: {}
[69.764158] (-) TimerEvent: {}
[69.864394] (-) TimerEvent: {}
[69.964615] (-) TimerEvent: {}
[70.064824] (-) TimerEvent: {}
[70.165060] (-) TimerEvent: {}
[70.265258] (-) TimerEvent: {}
[70.365486] (-) TimerEvent: {}
[70.465705] (-) TimerEvent: {}
[70.565950] (-) TimerEvent: {}
[70.666167] (-) TimerEvent: {}
[70.766484] (-) TimerEvent: {}
[70.866737] (-) TimerEvent: {}
[70.966954] (-) TimerEvent: {}
[71.067208] (-) TimerEvent: {}
[71.167448] (-) TimerEvent: {}
[71.267665] (-) TimerEvent: {}
[71.367896] (-) TimerEvent: {}
[71.468113] (-) TimerEvent: {}
[71.568397] (-) TimerEvent: {}
[71.668665] (-) TimerEvent: {}
[71.768900] (-) TimerEvent: {}
[71.869172] (-) TimerEvent: {}
[71.969375] (-) TimerEvent: {}
[72.069605] (-) TimerEvent: {}
[72.169822] (-) TimerEvent: {}
[72.270055] (-) TimerEvent: {}
[72.370292] (-) TimerEvent: {}
[72.470526] (-) TimerEvent: {}
[72.570801] (-) TimerEvent: {}
[72.671011] (-) TimerEvent: {}
[72.771236] (-) TimerEvent: {}
[72.871455] (-) TimerEvent: {}
[72.971668] (-) TimerEvent: {}
[73.071885] (-) TimerEvent: {}
[73.172122] (-) TimerEvent: {}
[73.272421] (-) TimerEvent: {}
[73.372687] (-) TimerEvent: {}
[73.472881] (-) TimerEvent: {}
[73.573107] (-) TimerEvent: {}
[73.673369] (-) TimerEvent: {}
[73.773610] (-) TimerEvent: {}
[73.873805] (-) TimerEvent: {}
[73.974010] (-) TimerEvent: {}
[74.074234] (-) TimerEvent: {}
[74.174462] (-) TimerEvent: {}
[74.274651] (-) TimerEvent: {}
[74.374892] (-) TimerEvent: {}
[74.475143] (-) TimerEvent: {}
[74.575348] (-) TimerEvent: {}
[74.675603] (-) TimerEvent: {}
[74.775814] (-) TimerEvent: {}
[74.876023] (-) TimerEvent: {}
[74.976218] (-) TimerEvent: {}
[75.076473] (-) TimerEvent: {}
[75.176728] (-) TimerEvent: {}
[75.276952] (-) TimerEvent: {}
[75.377177] (-) TimerEvent: {}
[75.477452] (-) TimerEvent: {}
[75.577653] (-) TimerEvent: {}
[75.677856] (-) TimerEvent: {}
[75.778074] (-) TimerEvent: {}
[75.878336] (-) TimerEvent: {}
[75.978583] (-) TimerEvent: {}
[76.078840] (-) TimerEvent: {}
[76.179069] (-) TimerEvent: {}
[76.279319] (-) TimerEvent: {}
[76.379591] (-) TimerEvent: {}
[76.479819] (-) TimerEvent: {}
[76.580085] (-) TimerEvent: {}
[76.680348] (-) TimerEvent: {}
[76.780679] (-) TimerEvent: {}
[76.880866] (-) TimerEvent: {}
[76.981133] (-) TimerEvent: {}
[77.081367] (-) TimerEvent: {}
[77.181656] (-) TimerEvent: {}
[77.281945] (-) TimerEvent: {}
[77.382125] (-) TimerEvent: {}
[77.482351] (-) TimerEvent: {}
[77.582587] (-) TimerEvent: {}
[77.682823] (-) TimerEvent: {}
[77.783078] (-) TimerEvent: {}
[77.883340] (-) TimerEvent: {}
[77.983610] (-) TimerEvent: {}
[78.083797] (-) TimerEvent: {}
[78.183976] (-) TimerEvent: {}
[78.284218] (-) TimerEvent: {}
[78.384470] (-) TimerEvent: {}
[78.484724] (-) TimerEvent: {}
[78.584993] (-) TimerEvent: {}
[78.685233] (-) TimerEvent: {}
[78.785541] (-) TimerEvent: {}
[78.885738] (-) TimerEvent: {}
[78.985949] (-) TimerEvent: {}
[79.086179] (-) TimerEvent: {}
[79.186409] (-) TimerEvent: {}
[79.286647] (-) TimerEvent: {}
[79.386897] (-) TimerEvent: {}
[79.487146] (-) TimerEvent: {}
[79.587402] (-) TimerEvent: {}
[79.687622] (-) TimerEvent: {}
[79.787801] (-) TimerEvent: {}
[79.887992] (-) TimerEvent: {}
[79.988191] (-) TimerEvent: {}
[80.088394] (-) TimerEvent: {}
[80.188610] (-) TimerEvent: {}
[80.288821] (-) TimerEvent: {}
[80.389067] (-) TimerEvent: {}
[80.489292] (-) TimerEvent: {}
[80.589599] (-) TimerEvent: {}
[80.689814] (-) TimerEvent: {}
[80.790057] (-) TimerEvent: {}
[80.890272] (-) TimerEvent: {}
[80.990489] (-) TimerEvent: {}
[81.090780] (-) TimerEvent: {}
[81.190951] (-) TimerEvent: {}
[81.291199] (-) TimerEvent: {}
[81.391432] (-) TimerEvent: {}
[81.491658] (-) TimerEvent: {}
[81.591889] (-) TimerEvent: {}
[81.692128] (-) TimerEvent: {}
[81.792355] (-) TimerEvent: {}
[81.892715] (-) TimerEvent: {}
[81.992923] (-) TimerEvent: {}
[82.093164] (-) TimerEvent: {}
[82.193438] (-) TimerEvent: {}
[82.293735] (-) TimerEvent: {}
[82.393960] (-) TimerEvent: {}
[82.494202] (-) TimerEvent: {}
[82.594428] (-) TimerEvent: {}
[82.694672] (-) TimerEvent: {}
[82.794899] (-) TimerEvent: {}
[82.895116] (-) TimerEvent: {}
[82.995351] (-) TimerEvent: {}
[83.095579] (-) TimerEvent: {}
[83.195765] (-) TimerEvent: {}
[83.295977] (-) TimerEvent: {}
[83.396197] (-) TimerEvent: {}
[83.496425] (-) TimerEvent: {}
[83.596675] (-) TimerEvent: {}
[83.696907] (-) TimerEvent: {}
[83.797171] (-) TimerEvent: {}
[83.897399] (-) TimerEvent: {}
[83.997613] (-) TimerEvent: {}
[84.097821] (-) TimerEvent: {}
[84.198027] (-) TimerEvent: {}
[84.298269] (-) TimerEvent: {}
[84.398541] (-) TimerEvent: {}
[84.498775] (-) TimerEvent: {}
[84.599012] (-) TimerEvent: {}
[84.699252] (-) TimerEvent: {}
[84.799483] (-) TimerEvent: {}
[84.899706] (-) TimerEvent: {}
[84.999918] (-) TimerEvent: {}
[85.100162] (-) TimerEvent: {}
[85.200370] (-) TimerEvent: {}
[85.300652] (-) TimerEvent: {}
[85.400889] (-) TimerEvent: {}
[85.501161] (-) TimerEvent: {}
[85.601435] (-) TimerEvent: {}
[85.701659] (-) TimerEvent: {}
[85.801869] (-) TimerEvent: {}
[85.902081] (-) TimerEvent: {}
[86.002397] (-) TimerEvent: {}
[86.102702] (-) TimerEvent: {}
[86.202885] (-) TimerEvent: {}
[86.303092] (-) TimerEvent: {}
[86.403268] (-) TimerEvent: {}
[86.503455] (-) TimerEvent: {}
[86.603661] (-) TimerEvent: {}
[86.703889] (-) TimerEvent: {}
[86.804243] (-) TimerEvent: {}
[86.904478] (-) TimerEvent: {}
[87.004716] (-) TimerEvent: {}
[87.104893] (-) TimerEvent: {}
[87.205093] (-) TimerEvent: {}
[87.305336] (-) TimerEvent: {}
[87.405594] (-) TimerEvent: {}
[87.505809] (-) TimerEvent: {}
[87.606049] (-) TimerEvent: {}
[87.706268] (-) TimerEvent: {}
[87.806518] (-) TimerEvent: {}
[87.906804] (-) TimerEvent: {}
[88.007040] (-) TimerEvent: {}
[88.107236] (-) TimerEvent: {}
[88.207407] (-) TimerEvent: {}
[88.307639] (-) TimerEvent: {}
[88.407856] (-) TimerEvent: {}
[88.508091] (-) TimerEvent: {}
[88.608326] (-) TimerEvent: {}
[88.708593] (-) TimerEvent: {}
[88.808795] (-) TimerEvent: {}
[88.908974] (-) TimerEvent: {}
[89.009223] (-) TimerEvent: {}
[89.109510] (-) TimerEvent: {}
[89.209778] (-) TimerEvent: {}
[89.309965] (-) TimerEvent: {}
[89.410208] (-) TimerEvent: {}
[89.510431] (-) TimerEvent: {}
[89.610662] (-) TimerEvent: {}
[89.710938] (-) TimerEvent: {}
[89.811192] (-) TimerEvent: {}
[89.911488] (-) TimerEvent: {}
[90.011754] (-) TimerEvent: {}
[90.112043] (-) TimerEvent: {}
[90.212242] (-) TimerEvent: {}
[90.312471] (-) TimerEvent: {}
[90.412713] (-) TimerEvent: {}
[90.512969] (-) TimerEvent: {}
[90.613263] (-) TimerEvent: {}
[90.713630] (-) TimerEvent: {}
[90.813898] (-) TimerEvent: {}
[90.914200] (-) TimerEvent: {}
[91.014450] (-) TimerEvent: {}
[91.114778] (-) TimerEvent: {}
[91.215050] (-) TimerEvent: {}
[91.315343] (-) TimerEvent: {}
[91.415639] (-) TimerEvent: {}
[91.515842] (-) TimerEvent: {}
[91.586527] (orbbec_camera_msgs) CommandEnded: {'returncode': 0}
[91.607640] (orbbec_camera_msgs) JobEnded: {'identifier': 'orbbec_camera_msgs', 'rc': 0}
[91.608407] (orbbec_camera) JobStarted: {'identifier': 'orbbec_camera'}
[91.615926] (-) TimerEvent: {}
[91.617892] (orbbec_camera) JobProgress: {'identifier': 'orbbec_camera', 'progress': 'cmake'}
[91.618704] (orbbec_camera) Command: {'cmd': ['/usr/bin/cmake', '/home/sophie/isaac_lab/isaac_ws/rl_code/soarm100sim/third_party/orbbec_ws/src/OrbbecSDK_ROS2/orbbec_camera', '-DCMAKE_BUILD_TYPE=Release', '-DINSTALL_UDEV_RULES=OFF', '-DORBBEC_SDK_ROOT=/home/sophie/isaac_lab/isaac_ws/rl_code/soarm100sim/third_party/orbbec_sdk_2_8_7_root/opt/OrbbecSDK_v2.8.7', '-DCMAKE_INSTALL_PREFIX=/home/sophie/isaac_lab/isaac_ws/rl_code/soarm100sim/third_party/orbbec_ws/install_287/orbbec_camera'], 'cwd': '/home/sophie/isaac_lab/isaac_ws/rl_code/soarm100sim/third_party/orbbec_ws/build_287/orbbec_camera', 'env': OrderedDict([('USER', 'sophie'), ('SHLVL', '0'), ('LD_LIBRARY_PATH', '/home/sophie/isaac_lab/isaac_ws/rl_code/soarm100sim/third_party/orbbec_ws/install_287/orbbec_camera_msgs/lib:/usr/lib/x86_64-linux-gnu/gazebo-11/plugins:/opt/ros/humble/opt/rviz_ogre_vendor/lib:/opt/ros/humble/lib/x86_64-linux-gnu:/opt/ros/humble/lib'), ('HOME', '/home/sophie'), ('ROS_PYTHON_VERSION', '3'), ('ROS_DISTRO', 'humble'), ('_', '/usr/bin/colcon'), ('ROS_VERSION', '2'), ('ROS_LOCALHOST_ONLY', '0'), ('PATH', '/opt/ros/humble/bin:/usr/local/sbin:/usr/local/bin:/usr/sbin:/usr/bin:/sbin:/bin'), ('LANG', 'C.UTF-8'), ('AMENT_PREFIX_PATH', '/home/sophie/isaac_lab/isaac_ws/rl_code/soarm100sim/third_party/orbbec_ws/install_287/orbbec_camera_msgs:/opt/ros/humble'), ('PWD', '/home/sophie/isaac_lab/isaac_ws/rl_code/soarm100sim/third_party/orbbec_ws/build_287/orbbec_camera'), ('PYTHONPATH', '/home/sophie/isaac_lab/isaac_ws/rl_code/soarm100sim/third_party/orbbec_ws/install_287/orbbec_camera_msgs/local/lib/python3.10/dist-packages:/opt/ros/humble/lib/python3.10/site-packages:/opt/ros/humble/local/lib/python3.10/dist-packages'), ('COLCON', '1'), ('CMAKE_PREFIX_PATH', '/home/sophie/isaac_lab/isaac_ws/rl_code/soarm100sim/third_party/orbbec_ws/install_287/orbbec_camera_msgs:/opt/ros/humble')]), 'shell': False}
[91.680797] (orbbec_camera) StdoutLine: {'line': b'-- The C compiler identification is GNU 11.4.0\n'}
[91.716033] (-) TimerEvent: {}
[91.721978] (orbbec_camera) StdoutLine: {'line': b'-- The CXX compiler identification is GNU 11.4.0\n'}
[91.727355] (orbbec_camera) StdoutLine: {'line': b'-- Detecting C compiler ABI info\n'}
[91.806819] (orbbec_camera) StdoutLine: {'line': b'-- Detecting C compiler ABI info - done\n'}
[91.816151] (-) TimerEvent: {}
[91.816996] (orbbec_camera) StdoutLine: {'line': b'-- Check for working C compiler: /usr/bin/cc - skipped\n'}
[91.817283] (orbbec_camera) StdoutLine: {'line': b'-- Detecting C compile features\n'}
[91.817516] (orbbec_camera) StdoutLine: {'line': b'-- Detecting C compile features - done\n'}
[91.820247] (orbbec_camera) StdoutLine: {'line': b'-- Detecting CXX compiler ABI info\n'}
[91.900942] (orbbec_camera) StdoutLine: {'line': b'-- Detecting CXX compiler ABI info - done\n'}
[91.907340] (orbbec_camera) StdoutLine: {'line': b'-- Check for working CXX compiler: /usr/bin/c++ - skipped\n'}
[91.907500] (orbbec_camera) StdoutLine: {'line': b'-- Detecting CXX compile features\n'}
[91.907667] (orbbec_camera) StdoutLine: {'line': b'-- Detecting CXX compile features - done\n'}
[91.909369] (orbbec_camera) StdoutLine: {'line': b'-- Found ament_cmake: 1.3.14 (/opt/ros/humble/share/ament_cmake/cmake)\n'}
[91.916205] (-) TimerEvent: {}
[92.016357] (-) TimerEvent: {}
[92.074479] (orbbec_camera) StdoutLine: {'line': b'-- Found Python3: /usr/bin/python3 (found version "3.10.12") found components: Interpreter \n'}
[92.116464] (-) TimerEvent: {}
[92.139246] (orbbec_camera) StdoutLine: {'line': b'-- Found ament_index_cpp: 1.4.1 (/opt/ros/humble/share/ament_index_cpp/cmake)\n'}
[92.146388] (orbbec_camera) StdoutLine: {'line': b'-- Found builtin_interfaces: 1.2.2 (/opt/ros/humble/share/builtin_interfaces/cmake)\n'}
[92.170470] (orbbec_camera) StdoutLine: {'line': b'-- Found rosidl_generator_c: 3.1.8 (/opt/ros/humble/share/rosidl_generator_c/cmake)\n'}
[92.173569] (orbbec_camera) StdoutLine: {'line': b'-- Found rosidl_adapter: 3.1.8 (/opt/ros/humble/share/rosidl_adapter/cmake)\n'}
[92.179080] (orbbec_camera) StdoutLine: {'line': b'-- Found rosidl_generator_cpp: 3.1.8 (/opt/ros/humble/share/rosidl_generator_cpp/cmake)\n'}
[92.186695] (orbbec_camera) StdoutLine: {'line': b'-- Using all available rosidl_typesupport_c: rosidl_typesupport_fastrtps_c;rosidl_typesupport_introspection_c\n'}
[92.197012] (orbbec_camera) StdoutLine: {'line': b'-- Using all available rosidl_typesupport_cpp: rosidl_typesupport_fastrtps_cpp;rosidl_typesupport_introspection_cpp\n'}
[92.206651] (orbbec_camera) StdoutLine: {'line': b'-- Found cv_bridge: 3.2.1 (/opt/ros/humble/share/cv_bridge/cmake)\n'}
[92.216531] (-) TimerEvent: {}
[92.245381] (orbbec_camera) StdoutLine: {'line': b'-- Found camera_info_manager: 3.1.12 (/opt/ros/humble/share/camera_info_manager/cmake)\n'}
[92.271261] (orbbec_camera) StdoutLine: {'line': b'-- Found rmw_implementation_cmake: 6.1.2 (/opt/ros/humble/share/rmw_implementation_cmake/cmake)\n'}
[92.272803] (orbbec_camera) StdoutLine: {'line': b'-- Found rmw_fastrtps_cpp: 6.2.10 (/opt/ros/humble/share/rmw_fastrtps_cpp/cmake)\n'}
[92.316697] (-) TimerEvent: {}
[92.353059] (orbbec_camera) StdoutLine: {'line': b'-- Found OpenSSL: /usr/lib/x86_64-linux-gnu/libcrypto.so (found version "3.0.2")  \n'}
[92.386991] (orbbec_camera) StdoutLine: {'line': b'-- Found FastRTPS: /opt/ros/humble/include  \n'}
[92.416783] (-) TimerEvent: {}
[92.430140] (orbbec_camera) StdoutLine: {'line': b"-- Using RMW implementation 'rmw_fastrtps_cpp' as default\n"}
[92.436840] (orbbec_camera) StdoutLine: {'line': b'-- Looking for pthread.h\n'}
[92.516885] (-) TimerEvent: {}
[92.526303] (orbbec_camera) StdoutLine: {'line': b'-- Looking for pthread.h - found\n'}
[92.526427] (orbbec_camera) StdoutLine: {'line': b'-- Performing Test CMAKE_HAVE_LIBC_PTHREAD\n'}
[92.616955] (-) TimerEvent: {}
[92.623083] (orbbec_camera) StdoutLine: {'line': b'-- Performing Test CMAKE_HAVE_LIBC_PTHREAD - Success\n'}
[92.623776] (orbbec_camera) StdoutLine: {'line': b'-- Found Threads: TRUE  \n'}
[92.655025] (orbbec_camera) StdoutLine: {'line': b'-- Found image_transport: 3.1.12 (/opt/ros/humble/share/image_transport/cmake)\n'}
[92.675478] (orbbec_camera) StdoutLine: {'line': b'-- Found image_publisher: 3.0.9 (/opt/ros/humble/share/image_publisher/cmake)\n'}
[92.692724] (orbbec_camera) StdoutLine: {'line': b'-- Found OpenCV: /usr (found version "4.5.4") \n'}
[92.692950] (orbbec_camera) StdoutLine: {'line': b'-- Found orbbec_camera_msgs: 2.8.6 (/home/sophie/isaac_lab/isaac_ws/rl_code/soarm100sim/third_party/orbbec_ws/install_287/orbbec_camera_msgs/share/orbbec_camera_msgs/cmake)\n'}
[92.704163] (orbbec_camera) StdoutLine: {'line': b'-- Found std_srvs: 4.9.1 (/opt/ros/humble/share/std_srvs/cmake)\n'}
[92.710774] (orbbec_camera) StdoutLine: {'line': b'-- Found tf2: 0.25.20 (/opt/ros/humble/share/tf2/cmake)\n'}
[92.713770] (orbbec_camera) StdoutLine: {'line': b'-- Found tf2_msgs: 0.25.20 (/opt/ros/humble/share/tf2_msgs/cmake)\n'}
[92.717033] (-) TimerEvent: {}
[92.741407] (orbbec_camera) StdoutLine: {'line': b'-- Found tf2_ros: 0.25.20 (/opt/ros/humble/share/tf2_ros/cmake)\n'}
[92.753585] (orbbec_camera) StdoutLine: {'line': b'-- Found tf2_sensor_msgs: 0.25.20 (/opt/ros/humble/share/tf2_sensor_msgs/cmake)\n'}
[92.759010] (orbbec_camera) StdoutLine: {'line': b'-- Found diagnostic_updater: 4.0.7 (/opt/ros/humble/share/diagnostic_updater/cmake)\n'}
[92.775383] (orbbec_camera) StdoutLine: {'line': b'-- Found PkgConfig: /usr/bin/pkg-config (found version "0.29.2") \n'}
[92.785038] (orbbec_camera) StdoutLine: {'line': b'-- ORRBEC Machine : x86_64\n'}
[92.785115] (orbbec_camera) StdoutLine: {'line': b'\n'}
[92.785145] (orbbec_camera) StdoutLine: {'line': b'-- ORRBEC Machine Bits : 64\n'}
[92.785171] (orbbec_camera) StdoutLine: {'line': b'\n'}
[92.785196] (orbbec_camera) StdoutLine: {'line': b'-- Using external Orbbec SDK: /home/sophie/isaac_lab/isaac_ws/rl_code/soarm100sim/third_party/orbbec_sdk_2_8_7_root/opt/OrbbecSDK_v2.8.7\n'}
[92.817130] (-) TimerEvent: {}
[92.917279] (-) TimerEvent: {}
[92.930229] (orbbec_camera) StdoutLine: {'line': b'-- Found ament_lint_auto: 0.12.15 (/opt/ros/humble/share/ament_lint_auto/cmake)\n'}
[92.994778] (orbbec_camera) StdoutLine: {'line': b'-- Configuring done\n'}
[93.017391] (-) TimerEvent: {}
[93.117577] (-) TimerEvent: {}
[93.166193] (orbbec_camera) StdoutLine: {'line': b'-- Generating done\n'}
[93.206602] (orbbec_camera) StdoutLine: {'line': b'-- Build files have been written to: /home/sophie/isaac_lab/isaac_ws/rl_code/soarm100sim/third_party/orbbec_ws/build_287/orbbec_camera\n'}
[93.216183] (orbbec_camera) CommandEnded: {'returncode': 0}
[93.216408] (orbbec_camera) JobProgress: {'identifier': 'orbbec_camera', 'progress': 'build'}
[93.216424] (orbbec_camera) Command: {'cmd': ['/usr/bin/cmake', '--build', '/home/sophie/isaac_lab/isaac_ws/rl_code/soarm100sim/third_party/orbbec_ws/build_287/orbbec_camera', '--', '-j32', '-l32'], 'cwd': '/home/sophie/isaac_lab/isaac_ws/rl_code/soarm100sim/third_party/orbbec_ws/build_287/orbbec_camera', 'env': OrderedDict([('USER', 'sophie'), ('SHLVL', '0'), ('LD_LIBRARY_PATH', '/home/sophie/isaac_lab/isaac_ws/rl_code/soarm100sim/third_party/orbbec_ws/install_287/orbbec_camera_msgs/lib:/usr/lib/x86_64-linux-gnu/gazebo-11/plugins:/opt/ros/humble/opt/rviz_ogre_vendor/lib:/opt/ros/humble/lib/x86_64-linux-gnu:/opt/ros/humble/lib'), ('HOME', '/home/sophie'), ('ROS_PYTHON_VERSION', '3'), ('ROS_DISTRO', 'humble'), ('_', '/usr/bin/colcon'), ('ROS_VERSION', '2'), ('ROS_LOCALHOST_ONLY', '0'), ('PATH', '/opt/ros/humble/bin:/usr/local/sbin:/usr/local/bin:/usr/sbin:/usr/bin:/sbin:/bin'), ('LANG', 'C.UTF-8'), ('AMENT_PREFIX_PATH', '/home/sophie/isaac_lab/isaac_ws/rl_code/soarm100sim/third_party/orbbec_ws/install_287/orbbec_camera_msgs:/opt/ros/humble'), ('PWD', '/home/sophie/isaac_lab/isaac_ws/rl_code/soarm100sim/third_party/orbbec_ws/build_287/orbbec_camera'), ('PYTHONPATH', '/home/sophie/isaac_lab/isaac_ws/rl_code/soarm100sim/third_party/orbbec_ws/install_287/orbbec_camera_msgs/local/lib/python3.10/dist-packages:/opt/ros/humble/lib/python3.10/site-packages:/opt/ros/humble/local/lib/python3.10/dist-packages'), ('COLCON', '1'), ('CMAKE_PREFIX_PATH', '/home/sophie/isaac_lab/isaac_ws/rl_code/soarm100sim/third_party/orbbec_ws/install_287/orbbec_camera_msgs:/opt/ros/humble')]), 'shell': False}
[93.217682] (-) TimerEvent: {}
[93.264497] (orbbec_camera) StdoutLine: {'line': b'[  2%] Building CXX object CMakeFiles/start_benchmark.dir/tools/start_benchmark.cpp.o\n'}
[93.266206] (orbbec_camera) StdoutLine: {'line': b'[  4%] Building CXX object CMakeFiles/orbbec_camera.dir/src/dynamic_params.cpp.o\n'}
[93.266575] (orbbec_camera) StdoutLine: {'line': b'[  6%] Building CXX object CMakeFiles/orbbec_camera.dir/src/frame_timestamp_csv_logger.cpp.o\n'}
[93.266950] (orbbec_camera) StdoutLine: {'line': b'[  8%] Building CXX object CMakeFiles/multi_save_rgbir_node.dir/rclcpp_components/node_main_multi_save_rgbir_node.cpp.o\n'}
[93.267273] (orbbec_camera) StdoutLine: {'line': b'[ 10%] Building CXX object CMakeFiles/multi_save_rgbir.dir/src/utils.cpp.o\n'}
[93.267396] (orbbec_camera) StdoutLine: {'line': b'[ 16%] Building CXX object CMakeFiles/frame_latency.dir/tools/frame_latency.cpp.o\n'}
[93.267513] (orbbec_camera) StdoutLine: {'line': b'[ 16%] Building CXX object CMakeFiles/orbbec_camera_node.dir/rclcpp_components/node_main_orbbec_camera_node.cpp.o\n'}
[93.267813] (orbbec_camera) StdoutLine: {'line': b'[ 16%] Building CXX object CMakeFiles/frame_latency_node.dir/rclcpp_components/node_main_frame_latency_node.cpp.o\n'}
[93.267944] (orbbec_camera) StdoutLine: {'line': b'[ 18%] Building CXX object CMakeFiles/orbbec_camera.dir/src/d2c_viewer.cpp.o\n'}
[93.268194] (orbbec_camera) StdoutLine: {'line': b'[ 20%] Building CXX object CMakeFiles/orbbec_camera.dir/src/ob_camera_node.cpp.o\n'}
[93.269409] (orbbec_camera) StdoutLine: {'line': b'[ 22%] Building CXX object CMakeFiles/start_benchmark_node.dir/rclcpp_components/node_main_start_benchmark_node.cpp.o\n'}
[93.269669] (orbbec_camera) StdoutLine: {'line': b'[ 24%] Building CXX object CMakeFiles/orbbec_camera.dir/src/ros_service.cpp.o\n'}
[93.269727] (orbbec_camera) StdoutLine: {'line': b'[ 26%] Building CXX object CMakeFiles/orbbec_camera.dir/src/utils.cpp.o\n'}
[93.270098] (orbbec_camera) StdoutLine: {'line': b'[ 30%] Building CXX object CMakeFiles/multi_save_rgbir.dir/tools/multi_save_rgbir.cpp.o\n'}
[93.270214] (orbbec_camera) StdoutLine: {'line': b'[ 30%] Building CXX object CMakeFiles/orbbec_camera.dir/src/image_publisher.cpp.o\n'}
[93.270395] (orbbec_camera) StdoutLine: {'line': b'[ 34%] Building CXX object CMakeFiles/orbbec_camera.dir/src/ob_camera_node_driver.cpp.o\n'}
[93.270511] (orbbec_camera) StdoutLine: {'line': b'[ 34%] Building CXX object CMakeFiles/orbbec_camera.dir/src/ob_lidar_node.cpp.o\n'}
[93.270676] (orbbec_camera) StdoutLine: {'line': b'[ 36%] Building CXX object CMakeFiles/orbbec_camera.dir/src/ros_param_backend.cpp.o\n'}
[93.271298] (orbbec_camera) StdoutLine: {'line': b'[ 38%] Building CXX object CMakeFiles/orbbec_camera.dir/src/synced_imu_publisher.cpp.o\n'}
[93.271530] (orbbec_camera) StdoutLine: {'line': b'[ 40%] Building CXX object CMakeFiles/orbbec_camera.dir/src/jpeg_decoder.cpp.o\n'}
[93.317794] (-) TimerEvent: {}
[93.417973] (-) TimerEvent: {}
[93.518169] (-) TimerEvent: {}
[93.618379] (-) TimerEvent: {}
[93.718597] (-) TimerEvent: {}
[93.818794] (-) TimerEvent: {}
[93.918979] (-) TimerEvent: {}
[94.019193] (-) TimerEvent: {}
[94.119378] (-) TimerEvent: {}
[94.219577] (-) TimerEvent: {}
[94.319766] (-) TimerEvent: {}
[94.419987] (-) TimerEvent: {}
[94.520172] (-) TimerEvent: {}
[94.620354] (-) TimerEvent: {}
[94.720537] (-) TimerEvent: {}
[94.820739] (-) TimerEvent: {}
[94.920930] (-) TimerEvent: {}
[95.021120] (-) TimerEvent: {}
[95.121309] (-) TimerEvent: {}
[95.221500] (-) TimerEvent: {}
[95.321750] (-) TimerEvent: {}
[95.421955] (-) TimerEvent: {}
[95.522172] (-) TimerEvent: {}
[95.566000] (orbbec_camera) StdoutLine: {'line': b'[ 42%] Linking CXX executable orbbec_camera_node\n'}
[95.622286] (-) TimerEvent: {}
[95.657918] (orbbec_camera) StdoutLine: {'line': b'[ 42%] Built target orbbec_camera_node\n'}
[95.722393] (-) TimerEvent: {}
[95.822593] (-) TimerEvent: {}
[95.884837] (orbbec_camera) StdoutLine: {'line': b'[ 44%] Linking CXX executable multi_save_rgbir_node\n'}
[95.922705] (-) TimerEvent: {}
[95.970747] (orbbec_camera) StdoutLine: {'line': b'[ 44%] Built target multi_save_rgbir_node\n'}
[96.022811] (-) TimerEvent: {}
[96.123003] (-) TimerEvent: {}
[96.223192] (-) TimerEvent: {}
[96.323388] (-) TimerEvent: {}
[96.423594] (-) TimerEvent: {}
[96.523776] (-) TimerEvent: {}
[96.623957] (-) TimerEvent: {}
[96.690283] (orbbec_camera) StdoutLine: {'line': b'[ 46%] Linking CXX executable frame_latency_node\n'}
[96.724062] (-) TimerEvent: {}
[96.806322] (orbbec_camera) StdoutLine: {'line': b'[ 46%] Built target frame_latency_node\n'}
[96.824180] (-) TimerEvent: {}
[96.924399] (-) TimerEvent: {}
[97.024610] (-) TimerEvent: {}
[97.112048] (orbbec_camera) StdoutLine: {'line': b'[ 48%] Linking CXX executable start_benchmark_node\n'}
[97.124718] (-) TimerEvent: {}
[97.224896] (-) TimerEvent: {}
[97.225574] (orbbec_camera) StdoutLine: {'line': b'[ 48%] Built target start_benchmark_node\n'}
[97.325003] (-) TimerEvent: {}
[97.425180] (-) TimerEvent: {}
[97.525366] (-) TimerEvent: {}
[97.625559] (-) TimerEvent: {}
[97.725744] (-) TimerEvent: {}
[97.825931] (-) TimerEvent: {}
[97.926121] (-) TimerEvent: {}
[98.026312] (-) TimerEvent: {}
[98.126528] (-) TimerEvent: {}
[98.226777] (-) TimerEvent: {}
[98.326949] (-) TimerEvent: {}
[98.427116] (-) TimerEvent: {}
[98.527284] (-) TimerEvent: {}
[98.627461] (-) TimerEvent: {}
[98.727613] (-) TimerEvent: {}
[98.827790] (-) TimerEvent: {}
[98.927989] (-) TimerEvent: {}
[99.028176] (-) TimerEvent: {}
[99.128387] (-) TimerEvent: {}
[99.228594] (-) TimerEvent: {}
[99.328773] (-) TimerEvent: {}
[99.429001] (-) TimerEvent: {}
[99.529208] (-) TimerEvent: {}
[99.629413] (-) TimerEvent: {}
[99.729679] (-) TimerEvent: {}
[99.829867] (-) TimerEvent: {}
[99.930054] (-) TimerEvent: {}
[100.030229] (-) TimerEvent: {}
[100.130402] (-) TimerEvent: {}
[100.230588] (-) TimerEvent: {}
[100.330759] (-) TimerEvent: {}
[100.430936] (-) TimerEvent: {}
[100.531117] (-) TimerEvent: {}
[100.631371] (-) TimerEvent: {}
[100.731565] (-) TimerEvent: {}
[100.831745] (-) TimerEvent: {}
[100.931946] (-) TimerEvent: {}
[101.032136] (-) TimerEvent: {}
[101.132313] (-) TimerEvent: {}
[101.232484] (-) TimerEvent: {}
[101.332613] (-) TimerEvent: {}
[101.432789] (-) TimerEvent: {}
[101.532981] (-) TimerEvent: {}
[101.633195] (-) TimerEvent: {}
[101.733411] (-) TimerEvent: {}
[101.833635] (-) TimerEvent: {}
[101.933821] (-) TimerEvent: {}
[102.033998] (-) TimerEvent: {}
[102.134237] (-) TimerEvent: {}
[102.234457] (-) TimerEvent: {}
[102.334617] (-) TimerEvent: {}
[102.434787] (-) TimerEvent: {}
[102.534958] (-) TimerEvent: {}
[102.635136] (-) TimerEvent: {}
[102.735352] (-) TimerEvent: {}
[102.835535] (-) TimerEvent: {}
[102.935729] (-) TimerEvent: {}
[103.035922] (-) TimerEvent: {}
[103.136098] (-) TimerEvent: {}
[103.236330] (-) TimerEvent: {}
[103.336625] (-) TimerEvent: {}
[103.436796] (-) TimerEvent: {}
[103.536983] (-) TimerEvent: {}
[103.637185] (-) TimerEvent: {}
[103.737382] (-) TimerEvent: {}
[103.837609] (-) TimerEvent: {}
[103.937782] (-) TimerEvent: {}
[104.037957] (-) TimerEvent: {}
[104.138153] (-) TimerEvent: {}
[104.238355] (-) TimerEvent: {}
[104.338562] (-) TimerEvent: {}
[104.438744] (-) TimerEvent: {}
[104.538939] (-) TimerEvent: {}
[104.639132] (-) TimerEvent: {}
[104.739398] (-) TimerEvent: {}
[104.839638] (-) TimerEvent: {}
[104.939922] (-) TimerEvent: {}
[105.040146] (-) TimerEvent: {}
[105.140384] (-) TimerEvent: {}
[105.240619] (-) TimerEvent: {}
[105.340878] (-) TimerEvent: {}
[105.441088] (-) TimerEvent: {}
[105.541265] (-) TimerEvent: {}
[105.641439] (-) TimerEvent: {}
[105.741629] (-) TimerEvent: {}
[105.841812] (-) TimerEvent: {}
[105.941991] (-) TimerEvent: {}
[106.042168] (-) TimerEvent: {}
[106.142370] (-) TimerEvent: {}
[106.242589] (-) TimerEvent: {}
[106.342766] (-) TimerEvent: {}
[106.443020] (-) TimerEvent: {}
[106.543222] (-) TimerEvent: {}
[106.643397] (-) TimerEvent: {}
[106.743616] (-) TimerEvent: {}
[106.843788] (-) TimerEvent: {}
[106.943961] (-) TimerEvent: {}
[107.044133] (-) TimerEvent: {}
[107.144304] (-) TimerEvent: {}
[107.244505] (-) TimerEvent: {}
[107.344696] (-) TimerEvent: {}
[107.444872] (-) TimerEvent: {}
[107.545111] (-) TimerEvent: {}
[107.645284] (-) TimerEvent: {}
[107.745455] (-) TimerEvent: {}
[107.845615] (-) TimerEvent: {}
[107.945784] (-) TimerEvent: {}
[108.045986] (-) TimerEvent: {}
[108.146193] (-) TimerEvent: {}
[108.246391] (-) TimerEvent: {}
[108.346613] (-) TimerEvent: {}
[108.446790] (-) TimerEvent: {}
[108.547001] (-) TimerEvent: {}
[108.647275] (-) TimerEvent: {}
[108.747441] (-) TimerEvent: {}
[108.847756] (-) TimerEvent: {}
[108.947926] (-) TimerEvent: {}
[109.048098] (-) TimerEvent: {}
[109.148338] (-) TimerEvent: {}
[109.248567] (-) TimerEvent: {}
[109.348758] (-) TimerEvent: {}
[109.448945] (-) TimerEvent: {}
[109.549155] (-) TimerEvent: {}
[109.649360] (-) TimerEvent: {}
[109.709497] (orbbec_camera) StdoutLine: {'line': b'[ 50%] Linking CXX shared library libstart_benchmark.so\n'}
[109.749507] (-) TimerEvent: {}
[109.849694] (-) TimerEvent: {}
[109.891624] (orbbec_camera) StdoutLine: {'line': b'[ 50%] Built target start_benchmark\n'}
[109.949804] (-) TimerEvent: {}
[110.049980] (-) TimerEvent: {}
[110.150198] (-) TimerEvent: {}
[110.250398] (-) TimerEvent: {}
[110.350607] (-) TimerEvent: {}
[110.450800] (-) TimerEvent: {}
[110.550968] (-) TimerEvent: {}
[110.651148] (-) TimerEvent: {}
[110.751407] (-) TimerEvent: {}
[110.851637] (-) TimerEvent: {}
[110.951809] (-) TimerEvent: {}
[111.052016] (-) TimerEvent: {}
[111.152214] (-) TimerEvent: {}
[111.252421] (-) TimerEvent: {}
[111.352679] (-) TimerEvent: {}
[111.452858] (-) TimerEvent: {}
[111.553057] (-) TimerEvent: {}
[111.653231] (-) TimerEvent: {}
[111.753463] (-) TimerEvent: {}
[111.853663] (-) TimerEvent: {}
[111.953833] (-) TimerEvent: {}
[111.958927] (orbbec_camera) StdoutLine: {'line': b'[ 52%] Linking CXX shared library libmulti_save_rgbir.so\n'}
[112.053935] (-) TimerEvent: {}
[112.154134] (-) TimerEvent: {}
[112.195128] (orbbec_camera) StdoutLine: {'line': b'[ 52%] Built target multi_save_rgbir\n'}
[112.254301] (-) TimerEvent: {}
[112.354523] (-) TimerEvent: {}
[112.454705] (-) TimerEvent: {}
[112.554882] (-) TimerEvent: {}
[112.655066] (-) TimerEvent: {}
[112.755327] (-) TimerEvent: {}
[112.855642] (-) TimerEvent: {}
[112.955820] (-) TimerEvent: {}
[113.056007] (-) TimerEvent: {}
[113.156216] (-) TimerEvent: {}
[113.256470] (-) TimerEvent: {}
[113.356654] (-) TimerEvent: {}
[113.456829] (-) TimerEvent: {}
[113.557056] (-) TimerEvent: {}
[113.657336] (-) TimerEvent: {}
[113.757643] (-) TimerEvent: {}
[113.857872] (-) TimerEvent: {}
[113.958092] (-) TimerEvent: {}
[114.058362] (-) TimerEvent: {}
[114.158603] (-) TimerEvent: {}
[114.258814] (-) TimerEvent: {}
[114.358975] (-) TimerEvent: {}
[114.459135] (-) TimerEvent: {}
[114.559326] (-) TimerEvent: {}
[114.659498] (-) TimerEvent: {}
[114.759651] (-) TimerEvent: {}
[114.859866] (-) TimerEvent: {}
[114.960031] (-) TimerEvent: {}
[115.060189] (-) TimerEvent: {}
[115.160362] (-) TimerEvent: {}
[115.260504] (-) TimerEvent: {}
[115.360678] (-) TimerEvent: {}
[115.460822] (-) TimerEvent: {}
[115.561002] (-) TimerEvent: {}
[115.661149] (-) TimerEvent: {}
[115.761320] (-) TimerEvent: {}
[115.861529] (-) TimerEvent: {}
[115.961683] (-) TimerEvent: {}
[116.061876] (-) TimerEvent: {}
[116.162054] (-) TimerEvent: {}
[116.262200] (-) TimerEvent: {}
[116.300536] (orbbec_camera) StdoutLine: {'line': b'[ 54%] Linking CXX shared library libframe_latency.so\n'}
[116.362365] (-) TimerEvent: {}
[116.462508] (-) TimerEvent: {}
[116.562658] (-) TimerEvent: {}
[116.585898] (orbbec_camera) StdoutLine: {'line': b'[ 54%] Built target frame_latency\n'}
[116.662743] (-) TimerEvent: {}
[116.762900] (-) TimerEvent: {}
[116.863073] (-) TimerEvent: {}
[116.963269] (-) TimerEvent: {}
[117.063440] (-) TimerEvent: {}
[117.163620] (-) TimerEvent: {}
[117.263761] (-) TimerEvent: {}
[117.363937] (-) TimerEvent: {}
[117.464108] (-) TimerEvent: {}
[117.564291] (-) TimerEvent: {}
[117.664491] (-) TimerEvent: {}
[117.764643] (-) TimerEvent: {}
[117.864887] (-) TimerEvent: {}
[117.965092] (-) TimerEvent: {}
[118.065265] (-) TimerEvent: {}
[118.165453] (-) TimerEvent: {}
[118.265666] (-) TimerEvent: {}
[118.365811] (-) TimerEvent: {}
[118.465988] (-) TimerEvent: {}
[118.566175] (-) TimerEvent: {}
[118.666321] (-) TimerEvent: {}
[118.766463] (-) TimerEvent: {}
[118.866594] (-) TimerEvent: {}
[118.966735] (-) TimerEvent: {}
[119.066919] (-) TimerEvent: {}
[119.167094] (-) TimerEvent: {}
[119.267233] (-) TimerEvent: {}
[119.367390] (-) TimerEvent: {}
[119.467581] (-) TimerEvent: {}
[119.567717] (-) TimerEvent: {}
[119.667858] (-) TimerEvent: {}
[119.768046] (-) TimerEvent: {}
[119.868197] (-) TimerEvent: {}
[119.968344] (-) TimerEvent: {}
[120.068573] (-) TimerEvent: {}
[120.168724] (-) TimerEvent: {}
[120.268873] (-) TimerEvent: {}
[120.369055] (-) TimerEvent: {}
[120.469248] (-) TimerEvent: {}
[120.569423] (-) TimerEvent: {}
[120.669599] (-) TimerEvent: {}
[120.769857] (-) TimerEvent: {}
[120.870042] (-) TimerEvent: {}
[120.970220] (-) TimerEvent: {}
[121.070392] (-) TimerEvent: {}
[121.170569] (-) TimerEvent: {}
[121.270714] (-) TimerEvent: {}
[121.370943] (-) TimerEvent: {}
[121.471093] (-) TimerEvent: {}
[121.571268] (-) TimerEvent: {}
[121.671445] (-) TimerEvent: {}
[121.771628] (-) TimerEvent: {}
[121.871768] (-) TimerEvent: {}
[121.880296] (orbbec_camera) StdoutLine: {'line': b'[ 56%] Linking CXX shared library liborbbec_camera.so\n'}
[121.971900] (-) TimerEvent: {}
[122.072079] (-) TimerEvent: {}
[122.172271] (-) TimerEvent: {}
[122.231580] (orbbec_camera) StdoutLine: {'line': b'[ 56%] Built target orbbec_camera\n'}
[122.246691] (orbbec_camera) StdoutLine: {'line': b'[ 58%] Building CXX object CMakeFiles/topic_statistics_node.dir/tools/topic_statistics.cpp.o\n'}
[122.247426] (orbbec_camera) StdoutLine: {'line': b'[ 60%] Building CXX object CMakeFiles/435le_example_node.dir/examples/Gemini_435Le_example_node/camera_example_node.cpp.o\n'}
[122.249121] (orbbec_camera) StdoutLine: {'line': b'[ 62%] Building CXX object CMakeFiles/firmware_update_tool.dir/tools/firmware_update_tool.cpp.o\n'}
[122.249629] (orbbec_camera) StdoutLine: {'line': b'[ 64%] Building CXX object CMakeFiles/set_device_ip.dir/tools/ip_config_tool.cpp.o\n'}
[122.249878] (orbbec_camera) StdoutLine: {'line': b'[ 66%] Building CXX object CMakeFiles/list_camera_profile_mode_node.dir/tools/list_camera_profile.cpp.o\n'}
[122.252182] (orbbec_camera) StdoutLine: {'line': b'[ 70%] Building CXX object CMakeFiles/list_devices_node.dir/tools/list_devices_node.cpp.o\n'}
[122.252273] (orbbec_camera) StdoutLine: {'line': b'[ 70%] Building CXX object CMakeFiles/list_depth_work_mode_node.dir/tools/list_depth_work_mode.cpp.o\n'}
[122.254719] (orbbec_camera) StdoutLine: {'line': b'[ 72%] Building CXX object CMakeFiles/ob_benchmark_node.dir/tools/ob_benchmark.cpp.o\n'}
[122.255230] (orbbec_camera) StdoutLine: {'line': b'[ 74%] Building CXX object CMakeFiles/ip_config_tool.dir/tools/ip_config_tool.cpp.o\n'}
[122.256702] (orbbec_camera) StdoutLine: {'line': b'[ 76%] Building CXX object CMakeFiles/service_benchmark_node.dir/scripts/service_benchmark_node.cpp.o\n'}
[122.257163] (orbbec_camera) StdoutLine: {'line': b'[ 78%] Building CXX object CMakeFiles/image_sync_example_node.dir/examples/multi_camera_time_sync/image_sync_example_node.cpp.o\n'}
[122.272383] (-) TimerEvent: {}
[122.372569] (-) TimerEvent: {}
[122.472739] (-) TimerEvent: {}
[122.572915] (-) TimerEvent: {}
[122.673087] (-) TimerEvent: {}
[122.773305] (-) TimerEvent: {}
[122.873502] (-) TimerEvent: {}
[122.973680] (-) TimerEvent: {}
[123.073853] (-) TimerEvent: {}
[123.174026] (-) TimerEvent: {}
[123.274201] (-) TimerEvent: {}
[123.374377] (-) TimerEvent: {}
[123.474599] (-) TimerEvent: {}
[123.574776] (-) TimerEvent: {}
[123.675024] (-) TimerEvent: {}
[123.775202] (-) TimerEvent: {}
[123.875382] (-) TimerEvent: {}
[123.975574] (-) TimerEvent: {}
[124.075751] (-) TimerEvent: {}
[124.175935] (-) TimerEvent: {}
[124.276116] (-) TimerEvent: {}
[124.376308] (-) TimerEvent: {}
[124.476488] (-) TimerEvent: {}
[124.576743] (-) TimerEvent: {}
[124.676922] (-) TimerEvent: {}
[124.777099] (-) TimerEvent: {}
[124.877278] (-) TimerEvent: {}
[124.977456] (-) TimerEvent: {}
[125.077617] (-) TimerEvent: {}
[125.177794] (-) TimerEvent: {}
[125.277975] (-) TimerEvent: {}
[125.378150] (-) TimerEvent: {}
[125.478327] (-) TimerEvent: {}
[125.578503] (-) TimerEvent: {}
[125.678692] (-) TimerEvent: {}
[125.778869] (-) TimerEvent: {}
[125.879047] (-) TimerEvent: {}
[125.979223] (-) TimerEvent: {}
[126.079401] (-) TimerEvent: {}
[126.179579] (-) TimerEvent: {}
[126.279779] (-) TimerEvent: {}
[126.379955] (-) TimerEvent: {}
[126.480132] (-) TimerEvent: {}
[126.580313] (-) TimerEvent: {}
[126.680494] (-) TimerEvent: {}
[126.780684] (-) TimerEvent: {}
[126.880857] (-) TimerEvent: {}
[126.981034] (-) TimerEvent: {}
[127.081272] (-) TimerEvent: {}
[127.181454] (-) TimerEvent: {}
[127.281613] (-) TimerEvent: {}
[127.381789] (-) TimerEvent: {}
[127.481957] (-) TimerEvent: {}
[127.582128] (-) TimerEvent: {}
[127.682301] (-) TimerEvent: {}
[127.782473] (-) TimerEvent: {}
[127.882646] (-) TimerEvent: {}
[127.982819] (-) TimerEvent: {}
[128.082990] (-) TimerEvent: {}
[128.141452] (orbbec_camera) StdoutLine: {'line': b'[ 80%] Linking CXX executable set_device_ip\n'}
[128.183096] (-) TimerEvent: {}
[128.271387] (orbbec_camera) StdoutLine: {'line': b'[ 82%] Linking CXX executable ip_config_tool\n'}
[128.283208] (-) TimerEvent: {}
[128.352777] (orbbec_camera) StdoutLine: {'line': b'[ 84%] Linking CXX executable list_devices_node\n'}
[128.354879] (orbbec_camera) StdoutLine: {'line': b'[ 84%] Built target set_device_ip\n'}
[128.383310] (-) TimerEvent: {}
[128.414931] (orbbec_camera) StdoutLine: {'line': b'[ 86%] Linking CXX executable list_camera_profile_mode_node\n'}
[128.421605] (orbbec_camera) StdoutLine: {'line': b'[ 86%] Built target ip_config_tool\n'}
[128.483456] (-) TimerEvent: {}
[128.583654] (-) TimerEvent: {}
[128.683828] (-) TimerEvent: {}
[128.742948] (orbbec_camera) StdoutLine: {'line': b'[ 86%] Built target list_devices_node\n'}
[128.761015] (orbbec_camera) StdoutLine: {'line': b'[ 86%] Built target list_camera_profile_mode_node\n'}
[128.783933] (-) TimerEvent: {}
[128.784291] (orbbec_camera) StdoutLine: {'line': b'[ 88%] Linking CXX executable list_depth_work_mode_node\n'}
[128.884038] (-) TimerEvent: {}
[128.900153] (orbbec_camera) StdoutLine: {'line': b'[ 88%] Built target list_depth_work_mode_node\n'}
[128.984180] (-) TimerEvent: {}
[129.084419] (-) TimerEvent: {}
[129.114111] (orbbec_camera) StdoutLine: {'line': b'[ 90%] Linking CXX executable firmware_update_tool\n'}
[129.184591] (-) TimerEvent: {}
[129.261879] (orbbec_camera) StdoutLine: {'line': b'[ 90%] Built target firmware_update_tool\n'}
[129.284702] (-) TimerEvent: {}
[129.384876] (-) TimerEvent: {}
[129.485077] (-) TimerEvent: {}
[129.585278] (-) TimerEvent: {}
[129.685544] (-) TimerEvent: {}
[129.785729] (-) TimerEvent: {}
[129.885929] (-) TimerEvent: {}
[129.986200] (-) TimerEvent: {}
[130.086364] (-) TimerEvent: {}
[130.186534] (-) TimerEvent: {}
[130.286835] (-) TimerEvent: {}
[130.387031] (-) TimerEvent: {}
[130.487237] (-) TimerEvent: {}
[130.587431] (-) TimerEvent: {}
[130.687647] (-) TimerEvent: {}
[130.787827] (-) TimerEvent: {}
[130.888027] (-) TimerEvent: {}
[130.988300] (-) TimerEvent: {}
[131.088473] (-) TimerEvent: {}
[131.188704] (-) TimerEvent: {}
[131.288886] (-) TimerEvent: {}
[131.389088] (-) TimerEvent: {}
[131.444037] (orbbec_camera) StdoutLine: {'line': b'[ 92%] Linking CXX executable topic_statistics_node\n'}
[131.489295] (-) TimerEvent: {}
[131.589507] (-) TimerEvent: {}
[131.622353] (orbbec_camera) StdoutLine: {'line': b'[ 92%] Built target topic_statistics_node\n'}
[131.689690] (-) TimerEvent: {}
[131.789916] (-) TimerEvent: {}
[131.890136] (-) TimerEvent: {}
[131.938980] (orbbec_camera) StdoutLine: {'line': b'[ 94%] Linking CXX executable 435le_example_node\n'}
[131.990272] (-) TimerEvent: {}
[131.998533] (orbbec_camera) StdoutLine: {'line': b'[ 96%] Linking CXX executable ob_benchmark_node\n'}
[132.090452] (-) TimerEvent: {}
[132.108567] (orbbec_camera) StdoutLine: {'line': b'[ 96%] Built target 435le_example_node\n'}
[132.132077] (orbbec_camera) StdoutLine: {'line': b'[ 96%] Built target ob_benchmark_node\n'}
[132.190624] (-) TimerEvent: {}
[132.290816] (-) TimerEvent: {}
[132.391006] (-) TimerEvent: {}
[132.491181] (-) TimerEvent: {}
[132.591361] (-) TimerEvent: {}
[132.691533] (-) TimerEvent: {}
[132.791748] (-) TimerEvent: {}
[132.891982] (-) TimerEvent: {}
[132.956487] (orbbec_camera) StdoutLine: {'line': b'[ 98%] Linking CXX executable image_sync_example_node\n'}
[132.992151] (-) TimerEvent: {}
[133.092336] (-) TimerEvent: {}
[133.192514] (-) TimerEvent: {}
[133.292674] (-) TimerEvent: {}
[133.302129] (orbbec_camera) StdoutLine: {'line': b'[ 98%] Built target image_sync_example_node\n'}
[133.392767] (-) TimerEvent: {}
[133.492931] (-) TimerEvent: {}
[133.593107] (-) TimerEvent: {}
[133.693281] (-) TimerEvent: {}
[133.793478] (-) TimerEvent: {}
[133.893648] (-) TimerEvent: {}
[133.993799] (-) TimerEvent: {}
[134.093963] (-) TimerEvent: {}
[134.194138] (-) TimerEvent: {}
[134.294283] (-) TimerEvent: {}
[134.394481] (-) TimerEvent: {}
[134.494627] (-) TimerEvent: {}
[134.594765] (-) TimerEvent: {}
[134.694947] (-) TimerEvent: {}
[134.795129] (-) TimerEvent: {}
[134.895305] (-) TimerEvent: {}
[134.995565] (-) TimerEvent: {}
[135.095715] (-) TimerEvent: {}
[135.112930] (orbbec_camera) StdoutLine: {'line': b'[100%] Linking CXX executable service_benchmark_node\n'}
[135.195825] (-) TimerEvent: {}
[135.267238] (orbbec_camera) StdoutLine: {'line': b'[100%] Built target service_benchmark_node\n'}
[135.295936] (-) TimerEvent: {}
[135.396133] (-) TimerEvent: {}
[135.496370] (-) TimerEvent: {}
[135.596615] (-) TimerEvent: {}
[135.696855] (-) TimerEvent: {}
[135.797066] (-) TimerEvent: {}
[135.897284] (-) TimerEvent: {}
[135.997538] (-) TimerEvent: {}
[136.097792] (-) TimerEvent: {}
[136.197976] (-) TimerEvent: {}
[136.298197] (-) TimerEvent: {}
[136.398392] (-) TimerEvent: {}
[136.498626] (-) TimerEvent: {}
[136.598859] (-) TimerEvent: {}
[136.699124] (-) TimerEvent: {}
[136.799373] (-) TimerEvent: {}
[136.899617] (-) TimerEvent: {}
[136.999861] (-) TimerEvent: {}
[137.100174] (-) TimerEvent: {}
[137.200402] (-) TimerEvent: {}
[137.300707] (-) TimerEvent: {}
[137.400976] (-) TimerEvent: {}
[137.501315] (-) TimerEvent: {}
[137.601602] (-) TimerEvent: {}
[137.701949] (-) TimerEvent: {}
[137.802232] (-) TimerEvent: {}
[137.902524] (-) TimerEvent: {}
[138.002809] (-) TimerEvent: {}
[138.103016] (-) TimerEvent: {}
[138.203204] (-) TimerEvent: {}
[138.303446] (-) TimerEvent: {}
[138.403738] (-) TimerEvent: {}
[138.503994] (-) TimerEvent: {}
[138.604227] (-) TimerEvent: {}
[138.704496] (-) TimerEvent: {}
[138.804726] (-) TimerEvent: {}
[138.904974] (-) TimerEvent: {}
[139.005225] (-) TimerEvent: {}
[139.105469] (-) TimerEvent: {}
[139.205691] (-) TimerEvent: {}
[139.305966] (-) TimerEvent: {}
[139.406247] (-) TimerEvent: {}
[139.506610] (-) TimerEvent: {}
[139.606859] (-) TimerEvent: {}
[139.707124] (-) TimerEvent: {}
[139.807405] (-) TimerEvent: {}
[139.907688] (-) TimerEvent: {}
[140.007940] (-) TimerEvent: {}
[140.108198] (-) TimerEvent: {}
[140.208448] (-) TimerEvent: {}
[140.308722] (-) TimerEvent: {}
[140.408972] (-) TimerEvent: {}
[140.509264] (-) TimerEvent: {}
[140.609539] (-) TimerEvent: {}
[140.709796] (-) TimerEvent: {}
[140.810070] (-) TimerEvent: {}
[140.910353] (-) TimerEvent: {}
[141.010620] (-) TimerEvent: {}
[141.110815] (-) TimerEvent: {}
[141.211047] (-) TimerEvent: {}
[141.311316] (-) TimerEvent: {}
[141.411674] (-) TimerEvent: {}
[141.511906] (-) TimerEvent: {}
[141.612172] (-) TimerEvent: {}
[141.712520] (-) TimerEvent: {}
[141.812783] (-) TimerEvent: {}
[141.913032] (-) TimerEvent: {}
[142.013322] (-) TimerEvent: {}
[142.113587] (-) TimerEvent: {}
[142.213820] (-) TimerEvent: {}
[142.314183] (-) TimerEvent: {}
[142.414523] (-) TimerEvent: {}
[142.514805] (-) TimerEvent: {}
[142.615103] (-) TimerEvent: {}
[142.715485] (-) TimerEvent: {}
[142.815882] (-) TimerEvent: {}
[142.916184] (-) TimerEvent: {}
[143.016487] (-) TimerEvent: {}
[143.116776] (-) TimerEvent: {}
[143.217037] (-) TimerEvent: {}
[143.317324] (-) TimerEvent: {}
[143.417620] (-) TimerEvent: {}
[143.517842] (-) TimerEvent: {}
[143.618057] (-) TimerEvent: {}
[143.718266] (-) TimerEvent: {}
[143.818488] (-) TimerEvent: {}
[143.918704] (-) TimerEvent: {}
[144.018907] (-) TimerEvent: {}
[144.119136] (-) TimerEvent: {}
[144.219379] (-) TimerEvent: {}
[144.319622] (-) TimerEvent: {}
[144.419822] (-) TimerEvent: {}
[144.520041] (-) TimerEvent: {}
[144.620261] (-) TimerEvent: {}
[144.720476] (-) TimerEvent: {}
[144.820685] (-) TimerEvent: {}
[144.920857] (-) TimerEvent: {}
[145.021047] (-) TimerEvent: {}
[145.121305] (-) TimerEvent: {}
[145.221511] (-) TimerEvent: {}
[145.321722] (-) TimerEvent: {}
[145.421906] (-) TimerEvent: {}
[145.522147] (-) TimerEvent: {}
[145.622391] (-) TimerEvent: {}
[145.722660] (-) TimerEvent: {}
[145.822865] (-) TimerEvent: {}
[145.923075] (-) TimerEvent: {}
[146.023286] (-) TimerEvent: {}
[146.123611] (-) TimerEvent: {}
[146.223787] (-) TimerEvent: {}
[146.323973] (-) TimerEvent: {}
[146.424173] (-) TimerEvent: {}
[146.524457] (-) TimerEvent: {}
[146.624689] (-) TimerEvent: {}
[146.724910] (-) TimerEvent: {}
[146.825206] (-) TimerEvent: {}
[146.925451] (-) TimerEvent: {}
[147.025696] (-) TimerEvent: {}
[147.125872] (-) TimerEvent: {}
[147.226077] (-) TimerEvent: {}
[147.326328] (-) TimerEvent: {}
[147.426678] (-) TimerEvent: {}
[147.526900] (-) TimerEvent: {}
[147.627103] (-) TimerEvent: {}
[147.727311] (-) TimerEvent: {}
[147.827573] (-) TimerEvent: {}
[147.927810] (-) TimerEvent: {}
[148.028032] (-) TimerEvent: {}
[148.128254] (-) TimerEvent: {}
[148.228474] (-) TimerEvent: {}
[148.328707] (-) TimerEvent: {}
[148.428900] (-) TimerEvent: {}
[148.529136] (-) TimerEvent: {}
[148.629391] (-) TimerEvent: {}
[148.729631] (-) TimerEvent: {}
[148.829802] (-) TimerEvent: {}
[148.930004] (-) TimerEvent: {}
[149.030277] (-) TimerEvent: {}
[149.130514] (-) TimerEvent: {}
[149.230739] (-) TimerEvent: {}
[149.330995] (-) TimerEvent: {}
[149.431253] (-) TimerEvent: {}
[149.531520] (-) TimerEvent: {}
[149.631767] (-) TimerEvent: {}
[149.732018] (-) TimerEvent: {}
[149.832261] (-) TimerEvent: {}
[149.932489] (-) TimerEvent: {}
[150.032735] (-) TimerEvent: {}
[150.132952] (-) TimerEvent: {}
[150.233185] (-) TimerEvent: {}
[150.333446] (-) TimerEvent: {}
[150.433644] (-) TimerEvent: {}
[150.533912] (-) TimerEvent: {}
[150.634125] (-) TimerEvent: {}
[150.734326] (-) TimerEvent: {}
[150.834567] (-) TimerEvent: {}
[150.934789] (-) TimerEvent: {}
[151.035016] (-) TimerEvent: {}
[151.135336] (-) TimerEvent: {}
[151.235609] (-) TimerEvent: {}
[151.335805] (-) TimerEvent: {}
[151.436028] (-) TimerEvent: {}
[151.536262] (-) TimerEvent: {}
[151.630260] (orbbec_camera) CommandEnded: {'returncode': 0}
[151.631559] (orbbec_camera) JobProgress: {'identifier': 'orbbec_camera', 'progress': 'install'}
[151.632190] (orbbec_camera) Command: {'cmd': ['/usr/bin/cmake', '--install', '/home/sophie/isaac_lab/isaac_ws/rl_code/soarm100sim/third_party/orbbec_ws/build_287/orbbec_camera'], 'cwd': '/home/sophie/isaac_lab/isaac_ws/rl_code/soarm100sim/third_party/orbbec_ws/build_287/orbbec_camera', 'env': OrderedDict([('USER', 'sophie'), ('SHLVL', '0'), ('LD_LIBRARY_PATH', '/home/sophie/isaac_lab/isaac_ws/rl_code/soarm100sim/third_party/orbbec_ws/install_287/orbbec_camera_msgs/lib:/usr/lib/x86_64-linux-gnu/gazebo-11/plugins:/opt/ros/humble/opt/rviz_ogre_vendor/lib:/opt/ros/humble/lib/x86_64-linux-gnu:/opt/ros/humble/lib'), ('HOME', '/home/sophie'), ('ROS_PYTHON_VERSION', '3'), ('ROS_DISTRO', 'humble'), ('_', '/usr/bin/colcon'), ('ROS_VERSION', '2'), ('ROS_LOCALHOST_ONLY', '0'), ('PATH', '/opt/ros/humble/bin:/usr/local/sbin:/usr/local/bin:/usr/sbin:/usr/bin:/sbin:/bin'), ('LANG', 'C.UTF-8'), ('AMENT_PREFIX_PATH', '/home/sophie/isaac_lab/isaac_ws/rl_code/soarm100sim/third_party/orbbec_ws/install_287/orbbec_camera_msgs:/opt/ros/humble'), ('PWD', '/home/sophie/isaac_lab/isaac_ws/rl_code/soarm100sim/third_party/orbbec_ws/build_287/orbbec_camera'), ('PYTHONPATH', '/home/sophie/isaac_lab/isaac_ws/rl_code/soarm100sim/third_party/orbbec_ws/install_287/orbbec_camera_msgs/local/lib/python3.10/dist-packages:/opt/ros/humble/lib/python3.10/site-packages:/opt/ros/humble/local/lib/python3.10/dist-packages'), ('COLCON', '1'), ('CMAKE_PREFIX_PATH', '/home/sophie/isaac_lab/isaac_ws/rl_code/soarm100sim/third_party/orbbec_ws/install_287/orbbec_camera_msgs:/opt/ros/humble')]), 'shell': False}
[151.636343] (-) TimerEvent: {}
[151.644635] (orbbec_camera) StdoutLine: {'line': b'-- Install configuration: "Release"\n'}
[151.644745] (orbbec_camera) StdoutLine: {'line': b'-- Installing: /home/sophie/isaac_lab/isaac_ws/rl_code/soarm100sim/third_party/orbbec_ws/install_287/orbbec_camera/lib/orbbec_camera/orbbec_camera_node\n'}
[151.644832] (orbbec_camera) StdoutLine: {'line': b'-- Set runtime path of "/home/sophie/isaac_lab/isaac_ws/rl_code/soarm100sim/third_party/orbbec_ws/install_287/orbbec_camera/lib/orbbec_camera/orbbec_camera_node" to ":/home/sophie/isaac_lab/isaac_ws/rl_code/soarm100sim/third_party/orbbec_sdk_2_8_7_root/opt/OrbbecSDK_v2.8.7/lib"\n'}
[151.644918] (orbbec_camera) StdoutLine: {'line': b'-- Installing: /home/sophie/isaac_lab/isaac_ws/rl_code/soarm100sim/third_party/orbbec_ws/install_287/orbbec_camera/lib/orbbec_camera/common_benchmark_node.py\n'}
[151.644945] (orbbec_camera) StdoutLine: {'line': b'-- Installing: /home/sophie/isaac_lab/isaac_ws/rl_code/soarm100sim/third_party/orbbec_ws/install_287/orbbec_camera/lib/orbbec_camera/service_benchmark_node.py\n'}
[151.644993] (orbbec_camera) StdoutLine: {'line': b'-- Installing: /home/sophie/isaac_lab/isaac_ws/rl_code/soarm100sim/third_party/orbbec_ws/install_287/orbbec_camera/lib/orbbec_camera/frame_latency_node\n'}
[151.645115] (orbbec_camera) StdoutLine: {'line': b'-- Set runtime path of "/home/sophie/isaac_lab/isaac_ws/rl_code/soarm100sim/third_party/orbbec_ws/install_287/orbbec_camera/lib/orbbec_camera/frame_latency_node" to ":/home/sophie/isaac_lab/isaac_ws/rl_code/soarm100sim/third_party/orbbec_sdk_2_8_7_root/opt/OrbbecSDK_v2.8.7/lib"\n'}
[151.645170] (orbbec_camera) StdoutLine: {'line': b'-- Installing: /home/sophie/isaac_lab/isaac_ws/rl_code/soarm100sim/third_party/orbbec_ws/install_287/orbbec_camera/lib/orbbec_camera/start_benchmark_node\n'}
[151.645264] (orbbec_camera) StdoutLine: {'line': b'-- Set runtime path of "/home/sophie/isaac_lab/isaac_ws/rl_code/soarm100sim/third_party/orbbec_ws/install_287/orbbec_camera/lib/orbbec_camera/start_benchmark_node" to ":/home/sophie/isaac_lab/isaac_ws/rl_code/soarm100sim/third_party/orbbec_sdk_2_8_7_root/opt/OrbbecSDK_v2.8.7/lib"\n'}
[151.645318] (orbbec_camera) StdoutLine: {'line': b'-- Installing: /home/sophie/isaac_lab/isaac_ws/rl_code/soarm100sim/third_party/orbbec_ws/install_287/orbbec_camera/lib/orbbec_camera/multi_save_rgbir_node\n'}
[151.645408] (orbbec_camera) StdoutLine: {'line': b'-- Set runtime path of "/home/sophie/isaac_lab/isaac_ws/rl_code/soarm100sim/third_party/orbbec_ws/install_287/orbbec_camera/lib/orbbec_camera/multi_save_rgbir_node" to ":/home/sophie/isaac_lab/isaac_ws/rl_code/soarm100sim/third_party/orbbec_sdk_2_8_7_root/opt/OrbbecSDK_v2.8.7/lib"\n'}
[151.645463] (orbbec_camera) StdoutLine: {'line': b'-- Installing: /home/sophie/isaac_lab/isaac_ws/rl_code/soarm100sim/third_party/orbbec_ws/install_287/orbbec_camera/lib/liborbbec_camera.so\n'}
[151.649919] (orbbec_camera) StdoutLine: {'line': b'-- Set runtime path of "/home/sophie/isaac_lab/isaac_ws/rl_code/soarm100sim/third_party/orbbec_ws/install_287/orbbec_camera/lib/liborbbec_camera.so" to ":/home/sophie/isaac_lab/isaac_ws/rl_code/soarm100sim/third_party/orbbec_sdk_2_8_7_root/opt/OrbbecSDK_v2.8.7/lib"\n'}
[151.650058] (orbbec_camera) StdoutLine: {'line': b'-- Installing: /home/sophie/isaac_lab/isaac_ws/rl_code/soarm100sim/third_party/orbbec_ws/install_287/orbbec_camera/lib/libframe_latency.so\n'}
[151.654219] (orbbec_camera) StdoutLine: {'line': b'-- Set runtime path of "/home/sophie/isaac_lab/isaac_ws/rl_code/soarm100sim/third_party/orbbec_ws/install_287/orbbec_camera/lib/libframe_latency.so" to ":/home/sophie/isaac_lab/isaac_ws/rl_code/soarm100sim/third_party/orbbec_sdk_2_8_7_root/opt/OrbbecSDK_v2.8.7/lib"\n'}
[151.654280] (orbbec_camera) StdoutLine: {'line': b'-- Installing: /home/sophie/isaac_lab/isaac_ws/rl_code/soarm100sim/third_party/orbbec_ws/install_287/orbbec_camera/lib/libstart_benchmark.so\n'}
[151.655781] (orbbec_camera) StdoutLine: {'line': b'-- Set runtime path of "/home/sophie/isaac_lab/isaac_ws/rl_code/soarm100sim/third_party/orbbec_ws/install_287/orbbec_camera/lib/libstart_benchmark.so" to ":/home/sophie/isaac_lab/isaac_ws/rl_code/soarm100sim/third_party/orbbec_sdk_2_8_7_root/opt/OrbbecSDK_v2.8.7/lib"\n'}
[151.655824] (orbbec_camera) StdoutLine: {'line': b'-- Installing: /home/sophie/isaac_lab/isaac_ws/rl_code/soarm100sim/third_party/orbbec_ws/install_287/orbbec_camera/lib/libmulti_save_rgbir.so\n'}
[151.657305] (orbbec_camera) StdoutLine: {'line': b'-- Set runtime path of "/home/sophie/isaac_lab/isaac_ws/rl_code/soarm100sim/third_party/orbbec_ws/install_287/orbbec_camera/lib/libmulti_save_rgbir.so" to ":/home/sophie/isaac_lab/isaac_ws/rl_code/soarm100sim/third_party/orbbec_sdk_2_8_7_root/opt/OrbbecSDK_v2.8.7/lib"\n'}
[151.657408] (orbbec_camera) StdoutLine: {'line': b'-- Installing: /home/sophie/isaac_lab/isaac_ws/rl_code/soarm100sim/third_party/orbbec_ws/install_287/orbbec_camera/include\n'}
[151.657444] (orbbec_camera) StdoutLine: {'line': b'-- Installing: /home/sophie/isaac_lab/isaac_ws/rl_code/soarm100sim/third_party/orbbec_ws/install_287/orbbec_camera/include/orbbec_camera\n'}
[151.657513] (orbbec_camera) StdoutLine: {'line': b'-- Installing: /home/sophie/isaac_lab/isaac_ws/rl_code/soarm100sim/third_party/orbbec_ws/install_287/orbbec_camera/include/orbbec_camera/frame_timestamp_csv_logger.h\n'}
[151.657549] (orbbec_camera) StdoutLine: {'line': b'-- Installing: /home/sophie/isaac_lab/isaac_ws/rl_code/soarm100sim/third_party/orbbec_ws/install_287/orbbec_camera/include/orbbec_camera/dynamic_params.h\n'}
[151.657585] (orbbec_camera) StdoutLine: {'line': b'-- Installing: /home/sophie/isaac_lab/isaac_ws/rl_code/soarm100sim/third_party/orbbec_ws/install_287/orbbec_camera/include/orbbec_camera/ob_camera_node_driver.h\n'}
[151.657681] (orbbec_camera) StdoutLine: {'line': b'-- Installing: /home/sophie/isaac_lab/isaac_ws/rl_code/soarm100sim/third_party/orbbec_ws/install_287/orbbec_camera/include/orbbec_camera/jpeg_decoder.h\n'}
[151.657713] (orbbec_camera) StdoutLine: {'line': b'-- Installing: /home/sophie/isaac_lab/isaac_ws/rl_code/soarm100sim/third_party/orbbec_ws/install_287/orbbec_camera/include/orbbec_camera/ob_lidar_node.h\n'}
[151.657744] (orbbec_camera) StdoutLine: {'line': b'-- Installing: /home/sophie/isaac_lab/isaac_ws/rl_code/soarm100sim/third_party/orbbec_ws/install_287/orbbec_camera/include/orbbec_camera/synced_imu_publisher.h\n'}
[151.657776] (orbbec_camera) StdoutLine: {'line': b'-- Installing: /home/sophie/isaac_lab/isaac_ws/rl_code/soarm100sim/third_party/orbbec_ws/install_287/orbbec_camera/include/orbbec_camera/fps_counter.hpp\n'}
[151.657808] (orbbec_camera) StdoutLine: {'line': b'-- Installing: /home/sophie/isaac_lab/isaac_ws/rl_code/soarm100sim/third_party/orbbec_ws/install_287/orbbec_camera/include/orbbec_camera/jetson_nv_decoder.h\n'}
[151.657839] (orbbec_camera) StdoutLine: {'line': b'-- Installing: /home/sophie/isaac_lab/isaac_ws/rl_code/soarm100sim/third_party/orbbec_ws/install_287/orbbec_camera/include/orbbec_camera/image_publisher.h\n'}
[151.657933] (orbbec_camera) StdoutLine: {'line': b'-- Installing: /home/sophie/isaac_lab/isaac_ws/rl_code/soarm100sim/third_party/orbbec_ws/install_287/orbbec_camera/include/orbbec_camera/utils.h\n'}
[151.657995] (orbbec_camera) StdoutLine: {'line': b'-- Installing: /home/sophie/isaac_lab/isaac_ws/rl_code/soarm100sim/third_party/orbbec_ws/install_287/orbbec_camera/include/orbbec_camera/constants.h\n'}
[151.658029] (orbbec_camera) StdoutLine: {'line': b'-- Installing: /home/sophie/isaac_lab/isaac_ws/rl_code/soarm100sim/third_party/orbbec_ws/install_287/orbbec_camera/include/orbbec_camera/rk_mpp_decoder.h\n'}
[151.658062] (orbbec_camera) StdoutLine: {'line': b'-- Installing: /home/sophie/isaac_lab/isaac_ws/rl_code/soarm100sim/third_party/orbbec_ws/install_287/orbbec_camera/include/orbbec_camera/ros_param_backend.h\n'}
[151.658096] (orbbec_camera) StdoutLine: {'line': b'-- Installing: /home/sophie/isaac_lab/isaac_ws/rl_code/soarm100sim/third_party/orbbec_ws/install_287/orbbec_camera/include/orbbec_camera/fps_delay_status.hpp\n'}
[151.658128] (orbbec_camera) StdoutLine: {'line': b'-- Installing: /home/sophie/isaac_lab/isaac_ws/rl_code/soarm100sim/third_party/orbbec_ws/install_287/orbbec_camera/include/orbbec_camera/d2c_viewer.h\n'}
[151.658194] (orbbec_camera) StdoutLine: {'line': b'-- Installing: /home/sophie/isaac_lab/isaac_ws/rl_code/soarm100sim/third_party/orbbec_ws/install_287/orbbec_camera/include/orbbec_camera/ob_camera_node.h\n'}
[151.658229] (orbbec_camera) StdoutLine: {'line': b'-- Installing: /home/sophie/isaac_lab/isaac_ws/rl_code/soarm100sim/third_party/orbbec_ws/install_287/orbbec_camera/include/magic_enum\n'}
[151.658258] (orbbec_camera) StdoutLine: {'line': b'-- Installing: /home/sophie/isaac_lab/isaac_ws/rl_code/soarm100sim/third_party/orbbec_ws/install_287/orbbec_camera/include/magic_enum/magic_enum.hpp\n'}
[151.658334] (orbbec_camera) StdoutLine: {'line': b'-- Installing: /home/sophie/isaac_lab/isaac_ws/rl_code/soarm100sim/third_party/orbbec_ws/install_287/orbbec_camera/share/orbbec_camera//launch\n'}
[151.658362] (orbbec_camera) StdoutLine: {'line': b'-- Installing: /home/sophie/isaac_lab/isaac_ws/rl_code/soarm100sim/third_party/orbbec_ws/install_287/orbbec_camera/share/orbbec_camera//launch/gemini_intra_process_demo_launch.py\n'}
[151.658415] (orbbec_camera) StdoutLine: {'line': b'-- Installing: /home/sophie/isaac_lab/isaac_ws/rl_code/soarm100sim/third_party/orbbec_ws/install_287/orbbec_camera/share/orbbec_camera//launch/dabai_max_pro.launch.py\n'}
[151.658443] (orbbec_camera) StdoutLine: {'line': b'-- Installing: /home/sophie/isaac_lab/isaac_ws/rl_code/soarm100sim/third_party/orbbec_ws/install_287/orbbec_camera/share/orbbec_camera//launch/gemini345_lg.launch.py\n'}
[151.658517] (orbbec_camera) StdoutLine: {'line': b'-- Installing: /home/sophie/isaac_lab/isaac_ws/rl_code/soarm100sim/third_party/orbbec_ws/install_287/orbbec_camera/share/orbbec_camera//launch/gemini_330_series_low_cpu.launch.py\n'}
[151.658549] (orbbec_camera) StdoutLine: {'line': b'-- Installing: /home/sophie/isaac_lab/isaac_ws/rl_code/soarm100sim/third_party/orbbec_ws/install_287/orbbec_camera/share/orbbec_camera//launch/femto.launch.py\n'}
[151.658580] (orbbec_camera) StdoutLine: {'line': b'-- Installing: /home/sophie/isaac_lab/isaac_ws/rl_code/soarm100sim/third_party/orbbec_ws/install_287/orbbec_camera/share/orbbec_camera//launch/gemini435_le.launch.py\n'}
[151.658655] (orbbec_camera) StdoutLine: {'line': b'-- Installing: /home/sophie/isaac_lab/isaac_ws/rl_code/soarm100sim/third_party/orbbec_ws/install_287/orbbec_camera/share/orbbec_camera//launch/dabai_dcw2.launch.py\n'}
[151.658682] (orbbec_camera) StdoutLine: {'line': b'-- Installing: /home/sophie/isaac_lab/isaac_ws/rl_code/soarm100sim/third_party/orbbec_ws/install_287/orbbec_camera/share/orbbec_camera//launch/multi_camera.launch.py\n'}
[151.658709] (orbbec_camera) StdoutLine: {'line': b'-- Installing: /home/sophie/isaac_lab/isaac_ws/rl_code/soarm100sim/third_party/orbbec_ws/install_287/orbbec_camera/share/orbbec_camera//launch/gemini345.launch.py\n'}
[151.658765] (orbbec_camera) StdoutLine: {'line': b'-- Installing: /home/sophie/isaac_lab/isaac_ws/rl_code/soarm100sim/third_party/orbbec_ws/install_287/orbbec_camera/share/orbbec_camera//launch/orbbec_multicamera.launch.py\n'}
[151.658821] (orbbec_camera) StdoutLine: {'line': b'-- Installing: /home/sophie/isaac_lab/isaac_ws/rl_code/soarm100sim/third_party/orbbec_ws/install_287/orbbec_camera/share/orbbec_camera//launch/astra2.launch.py\n'}
[151.658848] (orbbec_camera) StdoutLine: {'line': b'-- Installing: /home/sophie/isaac_lab/isaac_ws/rl_code/soarm100sim/third_party/orbbec_ws/install_287/orbbec_camera/share/orbbec_camera//launch/femto_mega.launch.py\n'}
[151.658905] (orbbec_camera) StdoutLine: {'line': b'-- Installing: /home/sophie/isaac_lab/isaac_ws/rl_code/soarm100sim/third_party/orbbec_ws/install_287/orbbec_camera/share/orbbec_camera//launch/orbbec_camera.launch.py\n'}
[151.658935] (orbbec_camera) StdoutLine: {'line': b'-- Installing: /home/sophie/isaac_lab/isaac_ws/rl_code/soarm100sim/third_party/orbbec_ws/install_287/orbbec_camera/share/orbbec_camera//launch/gemini_330_series.launch.py\n'}
[151.658992] (orbbec_camera) StdoutLine: {'line': b'-- Installing: /home/sophie/isaac_lab/isaac_ws/rl_code/soarm100sim/third_party/orbbec_ws/install_287/orbbec_camera/share/orbbec_camera//launch/dabai_al.launch.py\n'}
[151.659022] (orbbec_camera) StdoutLine: {'line': b'-- Installing: /home/sophie/isaac_lab/isaac_ws/rl_code/soarm100sim/third_party/orbbec_ws/install_287/orbbec_camera/share/orbbec_camera//launch/astra.launch.py\n'}
[151.659079] (orbbec_camera) StdoutLine: {'line': b'-- Installing: /home/sophie/isaac_lab/isaac_ws/rl_code/soarm100sim/third_party/orbbec_ws/install_287/orbbec_camera/share/orbbec_camera//launch/gemini2.launch.py\n'}
[151.659106] (orbbec_camera) StdoutLine: {'line': b'-- Installing: /home/sophie/isaac_lab/isaac_ws/rl_code/soarm100sim/third_party/orbbec_ws/install_287/orbbec_camera/share/orbbec_camera//launch/gemini305.launch.py\n'}
[151.659163] (orbbec_camera) StdoutLine: {'line': b'-- Installing: /home/sophie/isaac_lab/isaac_ws/rl_code/soarm100sim/third_party/orbbec_ws/install_287/orbbec_camera/share/orbbec_camera//launch/multi_lidar.launch.py\n'}
[151.659191] (orbbec_camera) StdoutLine: {'line': b'-- Installing: /home/sophie/isaac_lab/isaac_ws/rl_code/soarm100sim/third_party/orbbec_ws/install_287/orbbec_camera/share/orbbec_camera//launch/gemini305_g.launch.py\n'}
[151.659243] (orbbec_camera) StdoutLine: {'line': b'-- Installing: /home/sophie/isaac_lab/isaac_ws/rl_code/soarm100sim/third_party/orbbec_ws/install_287/orbbec_camera/share/orbbec_camera//launch/dabai_a.launch.py\n'}
[151.659314] (orbbec_camera) StdoutLine: {'line': b'-- Installing: /home/sophie/isaac_lab/isaac_ws/rl_code/soarm100sim/third_party/orbbec_ws/install_287/orbbec_camera/share/orbbec_camera//launch/femto_bolt.launch.py\n'}
[151.659340] (orbbec_camera) StdoutLine: {'line': b'-- Installing: /home/sophie/isaac_lab/isaac_ws/rl_code/soarm100sim/third_party/orbbec_ws/install_287/orbbec_camera/share/orbbec_camera//launch/multi_camera_synced.launch.py\n'}
[151.659397] (orbbec_camera) StdoutLine: {'line': b'-- Installing: /home/sophie/isaac_lab/isaac_ws/rl_code/soarm100sim/third_party/orbbec_ws/install_287/orbbec_camera/share/orbbec_camera//launch/utils_yaml.py\n'}
[151.659423] (orbbec_camera) StdoutLine: {'line': b'-- Installing: /home/sophie/isaac_lab/isaac_ws/rl_code/soarm100sim/third_party/orbbec_ws/install_287/orbbec_camera/share/orbbec_camera//launch/gemini2L.launch.py\n'}
[151.659477] (orbbec_camera) StdoutLine: {'line': b'-- Installing: /home/sophie/isaac_lab/isaac_ws/rl_code/soarm100sim/third_party/orbbec_ws/install_287/orbbec_camera/share/orbbec_camera//launch/lidar.launch.py\n'}
[151.659533] (orbbec_camera) StdoutLine: {'line': b'-- Installing: /home/sophie/isaac_lab/isaac_ws/rl_code/soarm100sim/third_party/orbbec_ws/install_287/orbbec_camera/share/orbbec_camera//launch/gemini210.launch.py\n'}
[151.659593] (orbbec_camera) StdoutLine: {'line': b'-- Installing: /home/sophie/isaac_lab/isaac_ws/rl_code/soarm100sim/third_party/orbbec_ws/install_287/orbbec_camera/share/orbbec_camera//config\n'}
[151.659664] (orbbec_camera) StdoutLine: {'line': b'-- Installing: /home/sophie/isaac_lab/isaac_ws/rl_code/soarm100sim/third_party/orbbec_ws/install_287/orbbec_camera/share/orbbec_camera//config/gemini330_series.yaml\n'}
[151.659690] (orbbec_camera) StdoutLine: {'line': b'-- Installing: /home/sophie/isaac_lab/isaac_ws/rl_code/soarm100sim/third_party/orbbec_ws/install_287/orbbec_camera/share/orbbec_camera//config/camera_secondary_params.yaml\n'}
[151.659747] (orbbec_camera) StdoutLine: {'line': b'-- Installing: /home/sophie/isaac_lab/isaac_ws/rl_code/soarm100sim/third_party/orbbec_ws/install_287/orbbec_camera/share/orbbec_camera//config/depthfilter\n'}
[151.659776] (orbbec_camera) StdoutLine: {'line': b'-- Installing: /home/sophie/isaac_lab/isaac_ws/rl_code/soarm100sim/third_party/orbbec_ws/install_287/orbbec_camera/share/orbbec_camera//config/depthfilter/Gemini2_v1.7.json\n'}
[151.659832] (orbbec_camera) StdoutLine: {'line': b'-- Installing: /home/sophie/isaac_lab/isaac_ws/rl_code/soarm100sim/third_party/orbbec_ws/install_287/orbbec_camera/share/orbbec_camera//config/depthfilter/Openni_device.json\n'}
[151.659862] (orbbec_camera) StdoutLine: {'line': b'-- Installing: /home/sophie/isaac_lab/isaac_ws/rl_code/soarm100sim/third_party/orbbec_ws/install_287/orbbec_camera/share/orbbec_camera//config/gemini330Lg_series.yaml\n'}
[151.659922] (orbbec_camera) StdoutLine: {'line': b'-- Installing: /home/sophie/isaac_lab/isaac_ws/rl_code/soarm100sim/third_party/orbbec_ws/install_287/orbbec_camera/share/orbbec_camera//config/femto_bolt.yaml\n'}
[151.659995] (orbbec_camera) StdoutLine: {'line': b'-- Installing: /home/sophie/isaac_lab/isaac_ws/rl_code/soarm100sim/third_party/orbbec_ws/install_287/orbbec_camera/share/orbbec_camera//config/common.yaml\n'}
[151.660025] (orbbec_camera) StdoutLine: {'line': b'-- Installing: /home/sophie/isaac_lab/isaac_ws/rl_code/soarm100sim/third_party/orbbec_ws/install_287/orbbec_camera/share/orbbec_camera//config/tools\n'}
[151.660053] (orbbec_camera) StdoutLine: {'line': b'-- Installing: /home/sophie/isaac_lab/isaac_ws/rl_code/soarm100sim/third_party/orbbec_ws/install_287/orbbec_camera/share/orbbec_camera//config/tools/startbenchmark\n'}
[151.660112] (orbbec_camera) StdoutLine: {'line': b'-- Installing: /home/sophie/isaac_lab/isaac_ws/rl_code/soarm100sim/third_party/orbbec_ws/install_287/orbbec_camera/share/orbbec_camera//config/tools/startbenchmark/start_benchmark_params.json\n'}
[151.660139] (orbbec_camera) StdoutLine: {'line': b'-- Installing: /home/sophie/isaac_lab/isaac_ws/rl_code/soarm100sim/third_party/orbbec_ws/install_287/orbbec_camera/share/orbbec_camera//config/tools/multisavergbir\n'}
[151.660168] (orbbec_camera) StdoutLine: {'line': b'-- Installing: /home/sophie/isaac_lab/isaac_ws/rl_code/soarm100sim/third_party/orbbec_ws/install_287/orbbec_camera/share/orbbec_camera//config/tools/multisavergbir/multi_save_rgbir_params.json\n'}
[151.660252] (orbbec_camera) StdoutLine: {'line': b'-- Installing: /home/sophie/isaac_lab/isaac_ws/rl_code/soarm100sim/third_party/orbbec_ws/install_287/orbbec_camera/share/orbbec_camera//config/gemini305_dual_color.yaml\n'}
[151.660307] (orbbec_camera) StdoutLine: {'line': b'-- Installing: /home/sophie/isaac_lab/isaac_ws/rl_code/soarm100sim/third_party/orbbec_ws/install_287/orbbec_camera/share/orbbec_camera//config/gemini2.yaml\n'}
[151.660375] (orbbec_camera) StdoutLine: {'line': b'-- Installing: /home/sophie/isaac_lab/isaac_ws/rl_code/soarm100sim/third_party/orbbec_ws/install_287/orbbec_camera/share/orbbec_camera//config/.gitkeep\n'}
[151.660405] (orbbec_camera) StdoutLine: {'line': b'-- Installing: /home/sophie/isaac_lab/isaac_ws/rl_code/soarm100sim/third_party/orbbec_ws/install_287/orbbec_camera/share/orbbec_camera//config/astra2.yaml\n'}
[151.660433] (orbbec_camera) StdoutLine: {'line': b'-- Installing: /home/sophie/isaac_lab/isaac_ws/rl_code/soarm100sim/third_party/orbbec_ws/install_287/orbbec_camera/share/orbbec_camera//config/femto_mega.yaml\n'}
[151.660460] (orbbec_camera) StdoutLine: {'line': b'-- Installing: /home/sophie/isaac_lab/isaac_ws/rl_code/soarm100sim/third_party/orbbec_ws/install_287/orbbec_camera/share/orbbec_camera//config/femto.yaml\n'}
[151.660488] (orbbec_camera) StdoutLine: {'line': b'-- Installing: /home/sophie/isaac_lab/isaac_ws/rl_code/soarm100sim/third_party/orbbec_ws/install_287/orbbec_camera/share/orbbec_camera//config/gemini2L.yaml\n'}
[151.660551] (orbbec_camera) StdoutLine: {'line': b'-- Installing: /home/sophie/isaac_lab/isaac_ws/rl_code/soarm100sim/third_party/orbbec_ws/install_287/orbbec_camera/share/orbbec_camera//config/camera_params.yaml\n'}
[151.660583] (orbbec_camera) StdoutLine: {'line': b'-- Installing: /home/sophie/isaac_lab/isaac_ws/rl_code/soarm100sim/third_party/orbbec_ws/install_287/orbbec_camera/share/orbbec_camera//config/OrbbecSDKConfig_v2.0.xml\n'}
[151.660640] (orbbec_camera) StdoutLine: {'line': b'-- Installing: /home/sophie/isaac_lab/isaac_ws/rl_code/soarm100sim/third_party/orbbec_ws/install_287/orbbec_camera/share/orbbec_camera//config/gemini2L_dual_ir.yaml\n'}
[151.660672] (orbbec_camera) StdoutLine: {'line': b'-- Installing: /home/sophie/isaac_lab/isaac_ws/rl_code/soarm100sim/third_party/orbbec_ws/install_287/orbbec_camera/share/orbbec_camera//examples\n'}
[151.660747] (orbbec_camera) StdoutLine: {'line': b'-- Installing: /home/sophie/isaac_lab/isaac_ws/rl_code/soarm100sim/third_party/orbbec_ws/install_287/orbbec_camera/share/orbbec_camera//examples/README.MD\n'}
[151.660776] (orbbec_camera) StdoutLine: {'line': b'-- Installing: /home/sophie/isaac_lab/isaac_ws/rl_code/soarm100sim/third_party/orbbec_ws/install_287/orbbec_camera/share/orbbec_camera//examples/multi_camera_synced_verification_tool\n'}
[151.660807] (orbbec_camera) StdoutLine: {'line': b'-- Installing: /home/sophie/isaac_lab/isaac_ws/rl_code/soarm100sim/third_party/orbbec_ws/install_287/orbbec_camera/share/orbbec_camera//examples/multi_camera_synced_verification_tool/gemini_synced_verify.launch.py\n'}
[151.660867] (orbbec_camera) StdoutLine: {'line': b'-- Installing: /home/sophie/isaac_lab/isaac_ws/rl_code/soarm100sim/third_party/orbbec_ws/install_287/orbbec_camera/share/orbbec_camera//examples/multi_camera_synced_verification_tool/multicamera_sync\n'}
[151.660898] (orbbec_camera) StdoutLine: {'line': b'-- Installing: /home/sophie/isaac_lab/isaac_ws/rl_code/soarm100sim/third_party/orbbec_ws/install_287/orbbec_camera/share/orbbec_camera//examples/multi_camera_synced_verification_tool/multicamera_sync/Python\n'}
[151.660927] (orbbec_camera) StdoutLine: {'line': b'-- Installing: /home/sophie/isaac_lab/isaac_ws/rl_code/soarm100sim/third_party/orbbec_ws/install_287/orbbec_camera/share/orbbec_camera//examples/multi_camera_synced_verification_tool/multicamera_sync/Python/README.md\n'}
[151.660986] (orbbec_camera) StdoutLine: {'line': b'-- Installing: /home/sophie/isaac_lab/isaac_ws/rl_code/soarm100sim/third_party/orbbec_ws/install_287/orbbec_camera/share/orbbec_camera//examples/multi_camera_synced_verification_tool/multicamera_sync/Python/SyncFramesMain.py\n'}
[151.661042] (orbbec_camera) StdoutLine: {'line': b'-- Installing: /home/sophie/isaac_lab/isaac_ws/rl_code/soarm100sim/third_party/orbbec_ws/install_287/orbbec_camera/share/orbbec_camera//examples/multi_camera_synced_verification_tool/multicamera_sync/Python/Config.ini\n'}
[151.661071] (orbbec_camera) StdoutLine: {'line': b'-- Installing: /home/sophie/isaac_lab/isaac_ws/rl_code/soarm100sim/third_party/orbbec_ws/install_287/orbbec_camera/share/orbbec_camera//examples/multi_camera_synced_verification_tool/multicamera_sync/Python/script\n'}
[151.661100] (orbbec_camera) StdoutLine: {'line': b'-- Installing: /home/sophie/isaac_lab/isaac_ws/rl_code/soarm100sim/third_party/orbbec_ws/install_287/orbbec_camera/share/orbbec_camera//examples/multi_camera_synced_verification_tool/multicamera_sync/Python/script/config_frameMatch-Astra2_new.py\n'}
[151.661176] (orbbec_camera) StdoutLine: {'line': b'-- Installing: /home/sophie/isaac_lab/isaac_ws/rl_code/soarm100sim/third_party/orbbec_ws/install_287/orbbec_camera/share/orbbec_camera//examples/multi_camera_synced_verification_tool/multicamera_sync/Python/script/config_frameMatch.py\n'}
[151.661204] (orbbec_camera) StdoutLine: {'line': b'-- Installing: /home/sophie/isaac_lab/isaac_ws/rl_code/soarm100sim/third_party/orbbec_ws/install_287/orbbec_camera/share/orbbec_camera//examples/multi_camera_synced_verification_tool/multicamera_sync/Python/script/config_frameMatch_Gemini2VL.py\n'}
[151.661275] (orbbec_camera) StdoutLine: {'line': b'-- Installing: /home/sophie/isaac_lab/isaac_ws/rl_code/soarm100sim/third_party/orbbec_ws/install_287/orbbec_camera/share/orbbec_camera//examples/multi_camera_synced_verification_tool/multicamera_sync/Python/script/config_frameMatch-systemTimestamp.py\n'}
[151.661303] (orbbec_camera) StdoutLine: {'line': b'-- Installing: /home/sophie/isaac_lab/isaac_ws/rl_code/soarm100sim/third_party/orbbec_ws/install_287/orbbec_camera/share/orbbec_camera//examples/multi_camera_synced_verification_tool/multicamera_sync/Python/script/config_frameMatch_g330.py\n'}
[151.661331] (orbbec_camera) StdoutLine: {'line': b'-- Installing: /home/sophie/isaac_lab/isaac_ws/rl_code/soarm100sim/third_party/orbbec_ws/install_287/orbbec_camera/share/orbbec_camera//examples/multi_camera_synced_verification_tool/multicamera_sync/output\n'}
[151.661392] (orbbec_camera) StdoutLine: {'line': b'-- Installing: /home/sophie/isaac_lab/isaac_ws/rl_code/soarm100sim/third_party/orbbec_ws/install_287/orbbec_camera/share/orbbec_camera//examples/multi_camera_synced_verification_tool/multicamera_sync/output/20250218102900\n'}
[151.661423] (orbbec_camera) StdoutLine: {'line': b'-- Installing: /home/sophie/isaac_lab/isaac_ws/rl_code/soarm100sim/third_party/orbbec_ws/install_287/orbbec_camera/share/orbbec_camera//examples/multi_camera_synced_verification_tool/multicamera_sync/output/20250218102900/results-2025-02-25_163648\n'}
[151.661450] (orbbec_camera) StdoutLine: {'line': b'-- Installing: /home/sophie/isaac_lab/isaac_ws/rl_code/soarm100sim/third_party/orbbec_ws/install_287/orbbec_camera/share/orbbec_camera//examples/multi_camera_synced_verification_tool/multicamera_sync/output/20250218102900/results-2025-02-25_163648/frameMatchLog.txt\n'}
[151.661508] (orbbec_camera) StdoutLine: {'line': b'-- Installing: /home/sophie/isaac_lab/isaac_ws/rl_code/soarm100sim/third_party/orbbec_ws/install_287/orbbec_camera/share/orbbec_camera//examples/multi_camera_synced_verification_tool/multicamera_sync/output/20250218102900/results-2025-02-25_163648/matchFrames\n'}
[151.661539] (orbbec_camera) StdoutLine: {'line': b'-- Installing: /home/sophie/isaac_lab/isaac_ws/rl_code/soarm100sim/third_party/orbbec_ws/install_287/orbbec_camera/share/orbbec_camera//examples/multi_camera_synced_verification_tool/multicamera_sync/output/20250218102900/results-2025-02-25_163648/matchFrames/2_color_SNCP1L44P00051_Index1_1739874543460_[0].jpg\n'}
[151.661604] (orbbec_camera) StdoutLine: {'line': b'-- Installing: /home/sophie/isaac_lab/isaac_ws/rl_code/soarm100sim/third_party/orbbec_ws/install_287/orbbec_camera/share/orbbec_camera//examples/multi_camera_synced_verification_tool/multicamera_sync/output/20250218102900/results-2025-02-25_163648/matchFrames/4_ir_left_SNCP1E5420006D_Index0_1739874543361_[1].jpg\n'}
[151.661671] (orbbec_camera) StdoutLine: {'line': b'-- Installing: /home/sophie/isaac_lab/isaac_ws/rl_code/soarm100sim/third_party/orbbec_ws/install_287/orbbec_camera/share/orbbec_camera//examples/multi_camera_synced_verification_tool/multicamera_sync/output/20250218102900/results-2025-02-25_163648/matchFrames/7_ir_left_SNCP1L44P00051_Index1_1739874543427_[0].jpg\n'}
[151.661742] (orbbec_camera) StdoutLine: {'line': b'-- Installing: /home/sophie/isaac_lab/isaac_ws/rl_code/soarm100sim/third_party/orbbec_ws/install_287/orbbec_camera/share/orbbec_camera//examples/multi_camera_synced_verification_tool/multicamera_sync/output/20250218102900/results-2025-02-25_163648/matchFrames/7_ir_left_SNCP1E5420006D_Index0_1739874543427_[0].jpg\n'}
[151.661806] (orbbec_camera) StdoutLine: {'line': b'-- Installing: /home/sophie/isaac_lab/isaac_ws/rl_code/soarm100sim/third_party/orbbec_ws/install_287/orbbec_camera/share/orbbec_camera//examples/multi_camera_synced_verification_tool/multicamera_sync/output/20250218102900/results-2025-02-25_163648/matchFrames/3_ir_left_SNCP1E5420006D_Index0_1739874543260_[0].jpg\n'}
[151.661872] (orbbec_camera) StdoutLine: {'line': b'-- Installing: /home/sophie/isaac_lab/isaac_ws/rl_code/soarm100sim/third_party/orbbec_ws/install_287/orbbec_camera/share/orbbec_camera//examples/multi_camera_synced_verification_tool/multicamera_sync/output/20250218102900/results-2025-02-25_163648/matchFrames/1_ir_left_SNCP1E5420006D_Index0_1739874543494_[0].jpg\n'}
[151.661937] (orbbec_camera) StdoutLine: {'line': b'-- Installing: /home/sophie/isaac_lab/isaac_ws/rl_code/soarm100sim/third_party/orbbec_ws/install_287/orbbec_camera/share/orbbec_camera//examples/multi_camera_synced_verification_tool/multicamera_sync/output/20250218102900/results-2025-02-25_163648/matchFrames/2_ir_left_SNCP1E5420006D_Index0_1739874543461_[1].jpg\n'}
[151.662005] (orbbec_camera) StdoutLine: {'line': b'-- Installing: /home/sophie/isaac_lab/isaac_ws/rl_code/soarm100sim/third_party/orbbec_ws/install_287/orbbec_camera/share/orbbec_camera//examples/multi_camera_synced_verification_tool/multicamera_sync/output/20250218102900/results-2025-02-25_163648/matchFrames/2_ir_left_SNCP1L44P00051_Index1_1739874543460_[0].jpg\n'}
[151.662074] (orbbec_camera) StdoutLine: {'line': b'-- Installing: /home/sophie/isaac_lab/isaac_ws/rl_code/soarm100sim/third_party/orbbec_ws/install_287/orbbec_camera/share/orbbec_camera//examples/multi_camera_synced_verification_tool/multicamera_sync/output/20250218102900/results-2025-02-25_163648/matchFrames/1_color_SNCP1E5420006D_Index0_1739874543494_[0].jpg\n'}
[151.662196] (orbbec_camera) StdoutLine: {'line': b'-- Installing: /home/sophie/isaac_lab/isaac_ws/rl_code/soarm100sim/third_party/orbbec_ws/install_287/orbbec_camera/share/orbbec_camera//examples/multi_camera_synced_verification_tool/multicamera_sync/output/20250218102900/results-2025-02-25_163648/matchFrames/9_ir_left_SNCP1L44P00051_Index1_1739874543394_[1].jpg\n'}
[151.662266] (orbbec_camera) StdoutLine: {'line': b'-- Installing: /home/sophie/isaac_lab/isaac_ws/rl_code/soarm100sim/third_party/orbbec_ws/install_287/orbbec_camera/share/orbbec_camera//examples/multi_camera_synced_verification_tool/multicamera_sync/output/20250218102900/results-2025-02-25_163648/matchFrames/6_ir_left_SNCP1E5420006D_Index0_1739874543561_[1].jpg\n'}
[151.662335] (orbbec_camera) StdoutLine: {'line': b'-- Installing: /home/sophie/isaac_lab/isaac_ws/rl_code/soarm100sim/third_party/orbbec_ws/install_287/orbbec_camera/share/orbbec_camera//examples/multi_camera_synced_verification_tool/multicamera_sync/output/20250218102900/results-2025-02-25_163648/matchFrames/10_ir_left_SNCP1L44P00051_Index1_1739874543227_[0].jpg\n'}
[151.662403] (orbbec_camera) StdoutLine: {'line': b'-- Installing: /home/sophie/isaac_lab/isaac_ws/rl_code/soarm100sim/third_party/orbbec_ws/install_287/orbbec_camera/share/orbbec_camera//examples/multi_camera_synced_verification_tool/multicamera_sync/output/20250218102900/results-2025-02-25_163648/matchFrames/0_color_SNCP1L44P00051_Index1_1739874543527_[0].jpg\n'}
[151.662529] (orbbec_camera) StdoutLine: {'line': b'-- Installing: /home/sophie/isaac_lab/isaac_ws/rl_code/soarm100sim/third_party/orbbec_ws/install_287/orbbec_camera/share/orbbec_camera//examples/multi_camera_synced_verification_tool/multicamera_sync/output/20250218102900/results-2025-02-25_163648/matchFrames/8_color_SNCP1L44P00051_Index1_1739874543293_[0].jpg\n'}
[151.662673] (orbbec_camera) StdoutLine: {'line': b'-- Installing: /home/sophie/isaac_lab/isaac_ws/rl_code/soarm100sim/third_party/orbbec_ws/install_287/orbbec_camera/share/orbbec_camera//examples/multi_camera_synced_verification_tool/multicamera_sync/output/20250218102900/results-2025-02-25_163648/matchFrames/0_ir_left_SNCP1L44P00051_Index1_1739874543527_[0].jpg\n'}
[151.662734] (orbbec_camera) StdoutLine: {'line': b'-- Installing: /home/sophie/isaac_lab/isaac_ws/rl_code/soarm100sim/third_party/orbbec_ws/install_287/orbbec_camera/share/orbbec_camera//examples/multi_camera_synced_verification_tool/multicamera_sync/output/20250218102900/results-2025-02-25_163648/matchFrames/8_color_SNCP1E5420006D_Index0_1739874543294_[1].jpg\n'}
[151.662858] (orbbec_camera) StdoutLine: {'line': b'-- Installing: /home/sophie/isaac_lab/isaac_ws/rl_code/soarm100sim/third_party/orbbec_ws/install_287/orbbec_camera/share/orbbec_camera//examples/multi_camera_synced_verification_tool/multicamera_sync/output/20250218102900/results-2025-02-25_163648/matchFrames/2_color_SNCP1E5420006D_Index0_1739874543461_[1].jpg\n'}
[151.662977] (orbbec_camera) StdoutLine: {'line': b'-- Installing: /home/sophie/isaac_lab/isaac_ws/rl_code/soarm100sim/third_party/orbbec_ws/install_287/orbbec_camera/share/orbbec_camera//examples/multi_camera_synced_verification_tool/multicamera_sync/output/20250218102900/results-2025-02-25_163648/matchFrames/4_ir_left_SNCP1L44P00051_Index1_1739874543360_[0].jpg\n'}
[151.663043] (orbbec_camera) StdoutLine: {'line': b'-- Installing: /home/sophie/isaac_lab/isaac_ws/rl_code/soarm100sim/third_party/orbbec_ws/install_287/orbbec_camera/share/orbbec_camera//examples/multi_camera_synced_verification_tool/multicamera_sync/output/20250218102900/results-2025-02-25_163648/matchFrames/6_color_SNCP1L44P00051_Index1_1739874543560_[0].jpg\n'}
[151.663176] (orbbec_camera) StdoutLine: {'line': b'-- Installing: /home/sophie/isaac_lab/isaac_ws/rl_code/soarm100sim/third_party/orbbec_ws/install_287/orbbec_camera/share/orbbec_camera//examples/multi_camera_synced_verification_tool/multicamera_sync/output/20250218102900/results-2025-02-25_163648/matchFrames/8_ir_left_SNCP1E5420006D_Index0_1739874543294_[1].jpg\n'}
[151.663243] (orbbec_camera) StdoutLine: {'line': b'-- Installing: /home/sophie/isaac_lab/isaac_ws/rl_code/soarm100sim/third_party/orbbec_ws/install_287/orbbec_camera/share/orbbec_camera//examples/multi_camera_synced_verification_tool/multicamera_sync/output/20250218102900/results-2025-02-25_163648/matchFrames/10_color_SNCP1E5420006D_Index0_1739874543227_[0].jpg\n'}
[151.663357] (orbbec_camera) StdoutLine: {'line': b'-- Installing: /home/sophie/isaac_lab/isaac_ws/rl_code/soarm100sim/third_party/orbbec_ws/install_287/orbbec_camera/share/orbbec_camera//examples/multi_camera_synced_verification_tool/multicamera_sync/output/20250218102900/results-2025-02-25_163648/matchFrames/1_color_SNCP1L44P00051_Index1_1739874543494_[0].jpg\n'}
[151.663475] (orbbec_camera) StdoutLine: {'line': b'-- Installing: /home/sophie/isaac_lab/isaac_ws/rl_code/soarm100sim/third_party/orbbec_ws/install_287/orbbec_camera/share/orbbec_camera//examples/multi_camera_synced_verification_tool/multicamera_sync/output/20250218102900/results-2025-02-25_163648/matchFrames/6_ir_left_SNCP1L44P00051_Index1_1739874543560_[0].jpg\n'}
[151.663544] (orbbec_camera) StdoutLine: {'line': b'-- Installing: /home/sophie/isaac_lab/isaac_ws/rl_code/soarm100sim/third_party/orbbec_ws/install_287/orbbec_camera/share/orbbec_camera//examples/multi_camera_synced_verification_tool/multicamera_sync/output/20250218102900/results-2025-02-25_163648/matchFrames/6_color_SNCP1E5420006D_Index0_1739874543561_[1].jpg\n'}
[151.663665] (orbbec_camera) StdoutLine: {'line': b'-- Installing: /home/sophie/isaac_lab/isaac_ws/rl_code/soarm100sim/third_party/orbbec_ws/install_287/orbbec_camera/share/orbbec_camera//examples/multi_camera_synced_verification_tool/multicamera_sync/output/20250218102900/results-2025-02-25_163648/matchFrames/4_color_SNCP1L44P00051_Index1_1739874543360_[0].jpg\n'}
[151.663787] (orbbec_camera) StdoutLine: {'line': b'-- Installing: /home/sophie/isaac_lab/isaac_ws/rl_code/soarm100sim/third_party/orbbec_ws/install_287/orbbec_camera/share/orbbec_camera//examples/multi_camera_synced_verification_tool/multicamera_sync/output/20250218102900/results-2025-02-25_163648/matchFrames/7_color_SNCP1L44P00051_Index1_1739874543427_[0].jpg\n'}
[151.663906] (orbbec_camera) StdoutLine: {'line': b'-- Installing: /home/sophie/isaac_lab/isaac_ws/rl_code/soarm100sim/third_party/orbbec_ws/install_287/orbbec_camera/share/orbbec_camera//examples/multi_camera_synced_verification_tool/multicamera_sync/output/20250218102900/results-2025-02-25_163648/matchFrames/10_color_SNCP1L44P00051_Index1_1739874543227_[0].jpg\n'}
[151.664027] (orbbec_camera) StdoutLine: {'line': b'-- Installing: /home/sophie/isaac_lab/isaac_ws/rl_code/soarm100sim/third_party/orbbec_ws/install_287/orbbec_camera/share/orbbec_camera//examples/multi_camera_synced_verification_tool/multicamera_sync/output/20250218102900/results-2025-02-25_163648/matchFrames/7_color_SNCP1E5420006D_Index0_1739874543427_[0].jpg\n'}
[151.664150] (orbbec_camera) StdoutLine: {'line': b'-- Installing: /home/sophie/isaac_lab/isaac_ws/rl_code/soarm100sim/third_party/orbbec_ws/install_287/orbbec_camera/share/orbbec_camera//examples/multi_camera_synced_verification_tool/multicamera_sync/output/20250218102900/results-2025-02-25_163648/matchFrames/9_color_SNCP1L44P00051_Index1_1739874543393_[0].jpg\n'}
[151.664272] (orbbec_camera) StdoutLine: {'line': b'-- Installing: /home/sophie/isaac_lab/isaac_ws/rl_code/soarm100sim/third_party/orbbec_ws/install_287/orbbec_camera/share/orbbec_camera//examples/multi_camera_synced_verification_tool/multicamera_sync/output/20250218102900/results-2025-02-25_163648/matchFrames/5_ir_left_SNCP1L44P00051_Index1_1739874543327_[0].jpg\n'}
[151.664339] (orbbec_camera) StdoutLine: {'line': b'-- Installing: /home/sophie/isaac_lab/isaac_ws/rl_code/soarm100sim/third_party/orbbec_ws/install_287/orbbec_camera/share/orbbec_camera//examples/multi_camera_synced_verification_tool/multicamera_sync/output/20250218102900/results-2025-02-25_163648/matchFrames/5_color_SNCP1E5420006D_Index0_1739874543327_[0].jpg\n'}
[151.664457] (orbbec_camera) StdoutLine: {'line': b'-- Installing: /home/sophie/isaac_lab/isaac_ws/rl_code/soarm100sim/third_party/orbbec_ws/install_287/orbbec_camera/share/orbbec_camera//examples/multi_camera_synced_verification_tool/multicamera_sync/output/20250218102900/results-2025-02-25_163648/matchFrames/10_ir_left_SNCP1E5420006D_Index0_1739874543227_[0].jpg\n'}
[151.664522] (orbbec_camera) StdoutLine: {'line': b'-- Installing: /home/sophie/isaac_lab/isaac_ws/rl_code/soarm100sim/third_party/orbbec_ws/install_287/orbbec_camera/share/orbbec_camera//examples/multi_camera_synced_verification_tool/multicamera_sync/output/20250218102900/results-2025-02-25_163648/matchFrames/3_color_SNCP1L44P00051_Index1_1739874543260_[0].jpg\n'}
[151.664646] (orbbec_camera) StdoutLine: {'line': b'-- Installing: /home/sophie/isaac_lab/isaac_ws/rl_code/soarm100sim/third_party/orbbec_ws/install_287/orbbec_camera/share/orbbec_camera//examples/multi_camera_synced_verification_tool/multicamera_sync/output/20250218102900/results-2025-02-25_163648/matchFrames/3_color_SNCP1E5420006D_Index0_1739874543260_[0].jpg\n'}
[151.664767] (orbbec_camera) StdoutLine: {'line': b'-- Installing: /home/sophie/isaac_lab/isaac_ws/rl_code/soarm100sim/third_party/orbbec_ws/install_287/orbbec_camera/share/orbbec_camera//examples/multi_camera_synced_verification_tool/multicamera_sync/output/20250218102900/results-2025-02-25_163648/matchFrames/0_ir_left_SNCP1E5420006D_Index0_1739874543527_[0].jpg\n'}
[151.664835] (orbbec_camera) StdoutLine: {'line': b'-- Installing: /home/sophie/isaac_lab/isaac_ws/rl_code/soarm100sim/third_party/orbbec_ws/install_287/orbbec_camera/share/orbbec_camera//examples/multi_camera_synced_verification_tool/multicamera_sync/output/20250218102900/results-2025-02-25_163648/matchFrames/0_color_SNCP1E5420006D_Index0_1739874543527_[0].jpg\n'}
[151.664961] (orbbec_camera) StdoutLine: {'line': b'-- Installing: /home/sophie/isaac_lab/isaac_ws/rl_code/soarm100sim/third_party/orbbec_ws/install_287/orbbec_camera/share/orbbec_camera//examples/multi_camera_synced_verification_tool/multicamera_sync/output/20250218102900/results-2025-02-25_163648/matchFrames/8_ir_left_SNCP1L44P00051_Index1_1739874543294_[1].jpg\n'}
[151.665028] (orbbec_camera) StdoutLine: {'line': b'-- Installing: /home/sophie/isaac_lab/isaac_ws/rl_code/soarm100sim/third_party/orbbec_ws/install_287/orbbec_camera/share/orbbec_camera//examples/multi_camera_synced_verification_tool/multicamera_sync/output/20250218102900/results-2025-02-25_163648/matchFrames/9_ir_left_SNCP1E5420006D_Index0_1739874543394_[1].jpg\n'}
[151.665094] (orbbec_camera) StdoutLine: {'line': b'-- Installing: /home/sophie/isaac_lab/isaac_ws/rl_code/soarm100sim/third_party/orbbec_ws/install_287/orbbec_camera/share/orbbec_camera//examples/multi_camera_synced_verification_tool/multicamera_sync/output/20250218102900/results-2025-02-25_163648/matchFrames/5_color_SNCP1L44P00051_Index1_1739874543327_[0].jpg\n'}
[151.665217] (orbbec_camera) StdoutLine: {'line': b'-- Installing: /home/sophie/isaac_lab/isaac_ws/rl_code/soarm100sim/third_party/orbbec_ws/install_287/orbbec_camera/share/orbbec_camera//examples/multi_camera_synced_verification_tool/multicamera_sync/output/20250218102900/results-2025-02-25_163648/matchFrames/1_ir_left_SNCP1L44P00051_Index1_1739874543494_[0].jpg\n'}
[151.665477] (orbbec_camera) StdoutLine: {'line': b'-- Installing: /home/sophie/isaac_lab/isaac_ws/rl_code/soarm100sim/third_party/orbbec_ws/install_287/orbbec_camera/share/orbbec_camera//examples/multi_camera_synced_verification_tool/multicamera_sync/output/20250218102900/results-2025-02-25_163648/matchFrames/5_ir_left_SNCP1E5420006D_Index0_1739874543327_[0].jpg\n'}
[151.665547] (orbbec_camera) StdoutLine: {'line': b'-- Installing: /home/sophie/isaac_lab/isaac_ws/rl_code/soarm100sim/third_party/orbbec_ws/install_287/orbbec_camera/share/orbbec_camera//examples/multi_camera_synced_verification_tool/multicamera_sync/output/20250218102900/results-2025-02-25_163648/matchFrames/4_color_SNCP1E5420006D_Index0_1739874543360_[0].jpg\n'}
[151.665667] (orbbec_camera) StdoutLine: {'line': b'-- Installing: /home/sophie/isaac_lab/isaac_ws/rl_code/soarm100sim/third_party/orbbec_ws/install_287/orbbec_camera/share/orbbec_camera//examples/multi_camera_synced_verification_tool/multicamera_sync/output/20250218102900/results-2025-02-25_163648/matchFrames/3_ir_left_SNCP1L44P00051_Index1_1739874543260_[0].jpg\n'}
[151.665737] (orbbec_camera) StdoutLine: {'line': b'-- Installing: /home/sophie/isaac_lab/isaac_ws/rl_code/soarm100sim/third_party/orbbec_ws/install_287/orbbec_camera/share/orbbec_camera//examples/multi_camera_synced_verification_tool/multicamera_sync/output/20250218102900/results-2025-02-25_163648/matchFrames/9_color_SNCP1E5420006D_Index0_1739874543394_[1].jpg\n'}
[151.665857] (orbbec_camera) StdoutLine: {'line': b'-- Installing: /home/sophie/isaac_lab/isaac_ws/rl_code/soarm100sim/third_party/orbbec_ws/install_287/orbbec_camera/share/orbbec_camera//examples/multi_camera_synced_verification_tool/multicamera_sync/output/20250218102900/DevicesInfo.txt\n'}
[151.665908] (orbbec_camera) StdoutLine: {'line': b'-- Installing: /home/sophie/isaac_lab/isaac_ws/rl_code/soarm100sim/third_party/orbbec_ws/install_287/orbbec_camera/share/orbbec_camera//examples/multi_camera_synced_verification_tool/multicamera_sync/output/20250218102900/TotalModeFrames\n'}
[151.665959] (orbbec_camera) StdoutLine: {'line': b'-- Installing: /home/sophie/isaac_lab/isaac_ws/rl_code/soarm100sim/third_party/orbbec_ws/install_287/orbbec_camera/share/orbbec_camera//examples/multi_camera_synced_verification_tool/multicamera_sync/output/20250218102900/TotalModeFrames/SNCP1L44P00051_Index1\n'}
[151.666013] (orbbec_camera) StdoutLine: {'line': b'-- Installing: /home/sophie/isaac_lab/isaac_ws/rl_code/soarm100sim/third_party/orbbec_ws/install_287/orbbec_camera/share/orbbec_camera//examples/multi_camera_synced_verification_tool/multicamera_sync/output/20250218102900/TotalModeFrames/SNCP1L44P00051_Index1/ir#left_SNCP1L44P00051_Index1_g1739874543394_f5_s1739874543661_e5000_d16_.jpg\n'}
[151.666067] (orbbec_camera) StdoutLine: {'line': b'-- Installing: /home/sophie/isaac_lab/isaac_ws/rl_code/soarm100sim/third_party/orbbec_ws/install_287/orbbec_camera/share/orbbec_camera//examples/multi_camera_synced_verification_tool/multicamera_sync/output/20250218102900/TotalModeFrames/SNCP1L44P00051_Index1/color_SNCP1L44P00051_Index1_g1739874543360_f4_s1739874543468_e50_d16_.jpg\n'}
[151.666162] (orbbec_camera) StdoutLine: {'line': b'-- Installing: /home/sophie/isaac_lab/isaac_ws/rl_code/soarm100sim/third_party/orbbec_ws/install_287/orbbec_camera/share/orbbec_camera//examples/multi_camera_synced_verification_tool/multicamera_sync/output/20250218102900/TotalModeFrames/SNCP1L44P00051_Index1/ir#left_SNCP1L44P00051_Index1_g1739874543294_f2_s1739874543319_e5000_d16_.jpg\n'}
[151.666316] (orbbec_camera) StdoutLine: {'line': b'-- Installing: /home/sophie/isaac_lab/isaac_ws/rl_code/soarm100sim/third_party/orbbec_ws/install_287/orbbec_camera/share/orbbec_camera//examples/multi_camera_synced_verification_tool/multicamera_sync/output/20250218102900/TotalModeFrames/SNCP1L44P00051_Index1/color_SNCP1L44P00051_Index1_g1739874543227_f0_s1739874543304_e50_d16_.jpg\n'}
[151.666377] (orbbec_camera) StdoutLine: {'line': b'-- Installing: /home/sophie/isaac_lab/isaac_ws/rl_code/soarm100sim/third_party/orbbec_ws/install_287/orbbec_camera/share/orbbec_camera//examples/multi_camera_synced_verification_tool/multicamera_sync/output/20250218102900/TotalModeFrames/SNCP1L44P00051_Index1/color_SNCP1L44P00051_Index1_g1739874543427_f6_s1739874543485_e50_d16_.jpg\n'}
[151.666475] (orbbec_camera) StdoutLine: {'line': b'-- Installing: /home/sophie/isaac_lab/isaac_ws/rl_code/soarm100sim/third_party/orbbec_ws/install_287/orbbec_camera/share/orbbec_camera//examples/multi_camera_synced_verification_tool/multicamera_sync/output/20250218102900/TotalModeFrames/SNCP1L44P00051_Index1/ir#left_SNCP1L44P00051_Index1_g1739874543360_f4_s1739874543460_e5000_d16_.jpg\n'}
[151.666540] (orbbec_camera) StdoutLine: {'line': b'-- Installing: /home/sophie/isaac_lab/isaac_ws/rl_code/soarm100sim/third_party/orbbec_ws/install_287/orbbec_camera/share/orbbec_camera//examples/multi_camera_synced_verification_tool/multicamera_sync/output/20250218102900/TotalModeFrames/SNCP1L44P00051_Index1/ir#left_SNCP1L44P00051_Index1_g1739874543527_f10_s1739874543687_e5000_d16_.jpg\n'}
[151.666616] (orbbec_camera) StdoutLine: {'line': b'-- Installing: /home/sophie/isaac_lab/isaac_ws/rl_code/soarm100sim/third_party/orbbec_ws/install_287/orbbec_camera/share/orbbec_camera//examples/multi_camera_synced_verification_tool/multicamera_sync/output/20250218102900/TotalModeFrames/SNCP1L44P00051_Index1/color_SNCP1L44P00051_Index1_g1739874543460_f7_s1739874543505_e50_d16_.jpg\n'}
[151.666733] (orbbec_camera) StdoutLine: {'line': b'-- Installing: /home/sophie/isaac_lab/isaac_ws/rl_code/soarm100sim/third_party/orbbec_ws/install_287/orbbec_camera/share/orbbec_camera//examples/multi_camera_synced_verification_tool/multicamera_sync/output/20250218102900/TotalModeFrames/SNCP1L44P00051_Index1/ir#left_SNCP1L44P00051_Index1_g1739874543327_f3_s1739874543460_e5000_d16_.jpg\n'}
[151.666801] (orbbec_camera) StdoutLine: {'line': b'-- Installing: /home/sophie/isaac_lab/isaac_ws/rl_code/soarm100sim/third_party/orbbec_ws/install_287/orbbec_camera/share/orbbec_camera//examples/multi_camera_synced_verification_tool/multicamera_sync/output/20250218102900/TotalModeFrames/SNCP1L44P00051_Index1/color_SNCP1L44P00051_Index1_g1739874543393_f5_s1739874543470_e50_d16_.jpg\n'}
[151.666921] (orbbec_camera) StdoutLine: {'line': b'-- Installing: /home/sophie/isaac_lab/isaac_ws/rl_code/soarm100sim/third_party/orbbec_ws/install_287/orbbec_camera/share/orbbec_camera//examples/multi_camera_synced_verification_tool/multicamera_sync/output/20250218102900/TotalModeFrames/SNCP1L44P00051_Index1/ir#left_SNCP1L44P00051_Index1_g1739874543494_f8_s1739874543687_e5000_d16_.jpg\n'}
[151.666988] (orbbec_camera) StdoutLine: {'line': b'-- Installing: /home/sophie/isaac_lab/isaac_ws/rl_code/soarm100sim/third_party/orbbec_ws/install_287/orbbec_camera/share/orbbec_camera//examples/multi_camera_synced_verification_tool/multicamera_sync/output/20250218102900/TotalModeFrames/SNCP1L44P00051_Index1/color_SNCP1L44P00051_Index1_g1739874543527_f9_s1739874543616_e50_d16_.jpg\n'}
[151.667106] (orbbec_camera) StdoutLine: {'line': b'-- Installing: /home/sophie/isaac_lab/isaac_ws/rl_code/soarm100sim/third_party/orbbec_ws/install_287/orbbec_camera/share/orbbec_camera//examples/multi_camera_synced_verification_tool/multicamera_sync/output/20250218102900/TotalModeFrames/SNCP1L44P00051_Index1/ir#left_SNCP1L44P00051_Index1_g1739874543260_f1_s1739874543294_e5000_d16_.jpg\n'}
[151.667173] (orbbec_camera) StdoutLine: {'line': b'-- Installing: /home/sophie/isaac_lab/isaac_ws/rl_code/soarm100sim/third_party/orbbec_ws/install_287/orbbec_camera/share/orbbec_camera//examples/multi_camera_synced_verification_tool/multicamera_sync/output/20250218102900/TotalModeFrames/SNCP1L44P00051_Index1/ir#left_SNCP1L44P00051_Index1_g1739874543560_f11_s1739874543687_e5000_d16_.jpg\n'}
[151.667241] (orbbec_camera) StdoutLine: {'line': b'-- Installing: /home/sophie/isaac_lab/isaac_ws/rl_code/soarm100sim/third_party/orbbec_ws/install_287/orbbec_camera/share/orbbec_camera//examples/multi_camera_synced_verification_tool/multicamera_sync/output/20250218102900/TotalModeFrames/SNCP1L44P00051_Index1/ir#left_SNCP1L44P00051_Index1_g1739874543227_f0_s1739874543250_e5000_d16_.jpg\n'}
[151.667308] (orbbec_camera) StdoutLine: {'line': b'-- Installing: /home/sophie/isaac_lab/isaac_ws/rl_code/soarm100sim/third_party/orbbec_ws/install_287/orbbec_camera/share/orbbec_camera//examples/multi_camera_synced_verification_tool/multicamera_sync/output/20250218102900/TotalModeFrames/SNCP1L44P00051_Index1/color_SNCP1L44P00051_Index1_g1739874543293_f2_s1739874543446_e50_d16_.jpg\n'}
[151.667432] (orbbec_camera) StdoutLine: {'line': b'-- Installing: /home/sophie/isaac_lab/isaac_ws/rl_code/soarm100sim/third_party/orbbec_ws/install_287/orbbec_camera/share/orbbec_camera//examples/multi_camera_synced_verification_tool/multicamera_sync/output/20250218102900/TotalModeFrames/SNCP1L44P00051_Index1/color_SNCP1L44P00051_Index1_g1739874543327_f3_s1739874543458_e50_d16_.jpg\n'}
[151.667556] (orbbec_camera) StdoutLine: {'line': b'-- Installing: /home/sophie/isaac_lab/isaac_ws/rl_code/soarm100sim/third_party/orbbec_ws/install_287/orbbec_camera/share/orbbec_camera//examples/multi_camera_synced_verification_tool/multicamera_sync/output/20250218102900/TotalModeFrames/SNCP1L44P00051_Index1/color_SNCP1L44P00051_Index1_g1739874543494_f8_s1739874543540_e50_d16_.jpg\n'}
[151.667679] (orbbec_camera) StdoutLine: {'line': b'-- Installing: /home/sophie/isaac_lab/isaac_ws/rl_code/soarm100sim/third_party/orbbec_ws/install_287/orbbec_camera/share/orbbec_camera//examples/multi_camera_synced_verification_tool/multicamera_sync/output/20250218102900/TotalModeFrames/SNCP1L44P00051_Index1/ir#left_SNCP1L44P00051_Index1_g1739874543427_f6_s1739874543684_e5000_d16_.jpg\n'}
[151.667746] (orbbec_camera) StdoutLine: {'line': b'-- Installing: /home/sophie/isaac_lab/isaac_ws/rl_code/soarm100sim/third_party/orbbec_ws/install_287/orbbec_camera/share/orbbec_camera//examples/multi_camera_synced_verification_tool/multicamera_sync/output/20250218102900/TotalModeFrames/SNCP1L44P00051_Index1/ir#left_SNCP1L44P00051_Index1_g1739874543460_f7_s1739874543685_e5000_d16_.jpg\n'}
[151.667815] (orbbec_camera) StdoutLine: {'line': b'-- Installing: /home/sophie/isaac_lab/isaac_ws/rl_code/soarm100sim/third_party/orbbec_ws/install_287/orbbec_camera/share/orbbec_camera//examples/multi_camera_synced_verification_tool/multicamera_sync/output/20250218102900/TotalModeFrames/SNCP1L44P00051_Index1/color_SNCP1L44P00051_Index1_g1739874543560_f10_s1739874543618_e50_d16_.jpg\n'}
[151.667933] (orbbec_camera) StdoutLine: {'line': b'-- Installing: /home/sophie/isaac_lab/isaac_ws/rl_code/soarm100sim/third_party/orbbec_ws/install_287/orbbec_camera/share/orbbec_camera//examples/multi_camera_synced_verification_tool/multicamera_sync/output/20250218102900/TotalModeFrames/SNCP1L44P00051_Index1/color_SNCP1L44P00051_Index1_g1739874543260_f1_s1739874543345_e50_d16_.jpg\n'}
[151.668052] (orbbec_camera) StdoutLine: {'line': b'-- Installing: /home/sophie/isaac_lab/isaac_ws/rl_code/soarm100sim/third_party/orbbec_ws/install_287/orbbec_camera/share/orbbec_camera//examples/multi_camera_synced_verification_tool/multicamera_sync/output/20250218102900/TotalModeFrames/SNCP1E5420006D_Index0\n'}
[151.668102] (orbbec_camera) StdoutLine: {'line': b'-- Installing: /home/sophie/isaac_lab/isaac_ws/rl_code/soarm100sim/third_party/orbbec_ws/install_287/orbbec_camera/share/orbbec_camera//examples/multi_camera_synced_verification_tool/multicamera_sync/output/20250218102900/TotalModeFrames/SNCP1E5420006D_Index0/ir#left_SNCP1E5420006D_Index0_g1739874543394_f5_s1739874543473_e5000_d16_.jpg\n'}
[151.668160] (orbbec_camera) StdoutLine: {'line': b'-- Installing: /home/sophie/isaac_lab/isaac_ws/rl_code/soarm100sim/third_party/orbbec_ws/install_287/orbbec_camera/share/orbbec_camera//examples/multi_camera_synced_verification_tool/multicamera_sync/output/20250218102900/TotalModeFrames/SNCP1E5420006D_Index0/ir#left_SNCP1E5420006D_Index0_g1739874543561_f10_s1739874543628_e5000_d16_.jpg\n'}
[151.668223] (orbbec_camera) StdoutLine: {'line': b'-- Installing: /home/sophie/isaac_lab/isaac_ws/rl_code/soarm100sim/third_party/orbbec_ws/install_287/orbbec_camera/share/orbbec_camera//examples/multi_camera_synced_verification_tool/multicamera_sync/output/20250218102900/TotalModeFrames/SNCP1E5420006D_Index0/color_SNCP1E5420006D_Index0_g1739874543427_f6_s1739874543518_e50_d16_.jpg\n'}
[151.668339] (orbbec_camera) StdoutLine: {'line': b'-- Installing: /home/sophie/isaac_lab/isaac_ws/rl_code/soarm100sim/third_party/orbbec_ws/install_287/orbbec_camera/share/orbbec_camera//examples/multi_camera_synced_verification_tool/multicamera_sync/output/20250218102900/TotalModeFrames/SNCP1E5420006D_Index0/ir#left_SNCP1E5420006D_Index0_g1739874543494_f8_s1739874543528_e5000_d16_.jpg\n'}
[151.668401] (orbbec_camera) StdoutLine: {'line': b'-- Installing: /home/sophie/isaac_lab/isaac_ws/rl_code/soarm100sim/third_party/orbbec_ws/install_287/orbbec_camera/share/orbbec_camera//examples/multi_camera_synced_verification_tool/multicamera_sync/output/20250218102900/TotalModeFrames/SNCP1E5420006D_Index0/color_SNCP1E5420006D_Index0_g1739874543394_f5_s1739874543506_e50_d16_.jpg\n'}
[151.668517] (orbbec_camera) StdoutLine: {'line': b'-- Installing: /home/sophie/isaac_lab/isaac_ws/rl_code/soarm100sim/third_party/orbbec_ws/install_287/orbbec_camera/share/orbbec_camera//examples/multi_camera_synced_verification_tool/multicamera_sync/output/20250218102900/TotalModeFrames/SNCP1E5420006D_Index0/color_SNCP1E5420006D_Index0_g1739874543294_f2_s1739874543359_e50_d16_.jpg\n'}
[151.668637] (orbbec_camera) StdoutLine: {'line': b'-- Installing: /home/sophie/isaac_lab/isaac_ws/rl_code/soarm100sim/third_party/orbbec_ws/install_287/orbbec_camera/share/orbbec_camera//examples/multi_camera_synced_verification_tool/multicamera_sync/output/20250218102900/TotalModeFrames/SNCP1E5420006D_Index0/ir#left_SNCP1E5420006D_Index0_g1739874543427_f6_s1739874543474_e5000_d16_.jpg\n'}
[151.668701] (orbbec_camera) StdoutLine: {'line': b'-- Installing: /home/sophie/isaac_lab/isaac_ws/rl_code/soarm100sim/third_party/orbbec_ws/install_287/orbbec_camera/share/orbbec_camera//examples/multi_camera_synced_verification_tool/multicamera_sync/output/20250218102900/TotalModeFrames/SNCP1E5420006D_Index0/color_SNCP1E5420006D_Index0_g1739874543527_f9_s1739874543603_e50_d16_.jpg\n'}
[151.668820] (orbbec_camera) StdoutLine: {'line': b'-- Installing: /home/sophie/isaac_lab/isaac_ws/rl_code/soarm100sim/third_party/orbbec_ws/install_287/orbbec_camera/share/orbbec_camera//examples/multi_camera_synced_verification_tool/multicamera_sync/output/20250218102900/TotalModeFrames/SNCP1E5420006D_Index0/color_SNCP1E5420006D_Index0_g1739874543494_f8_s1739874543548_e50_d16_.jpg\n'}
[151.668935] (orbbec_camera) StdoutLine: {'line': b'-- Installing: /home/sophie/isaac_lab/isaac_ws/rl_code/soarm100sim/third_party/orbbec_ws/install_287/orbbec_camera/share/orbbec_camera//examples/multi_camera_synced_verification_tool/multicamera_sync/output/20250218102900/TotalModeFrames/SNCP1E5420006D_Index0/color_SNCP1E5420006D_Index0_g1739874543327_f3_s1739874543441_e50_d16_.jpg\n'}
[151.669054] (orbbec_camera) StdoutLine: {'line': b'-- Installing: /home/sophie/isaac_lab/isaac_ws/rl_code/soarm100sim/third_party/orbbec_ws/install_287/orbbec_camera/share/orbbec_camera//examples/multi_camera_synced_verification_tool/multicamera_sync/output/20250218102900/TotalModeFrames/SNCP1E5420006D_Index0/ir#left_SNCP1E5420006D_Index0_g1739874543227_f0_s1739874543250_e5000_d16_.jpg\n'}
[151.669119] (orbbec_camera) StdoutLine: {'line': b'-- Installing: /home/sophie/isaac_lab/isaac_ws/rl_code/soarm100sim/third_party/orbbec_ws/install_287/orbbec_camera/share/orbbec_camera//examples/multi_camera_synced_verification_tool/multicamera_sync/output/20250218102900/TotalModeFrames/SNCP1E5420006D_Index0/ir#left_SNCP1E5420006D_Index0_g1739874543260_f1_s1739874543310_e5000_d16_.jpg\n'}
[151.669185] (orbbec_camera) StdoutLine: {'line': b'-- Installing: /home/sophie/isaac_lab/isaac_ws/rl_code/soarm100sim/third_party/orbbec_ws/install_287/orbbec_camera/share/orbbec_camera//examples/multi_camera_synced_verification_tool/multicamera_sync/output/20250218102900/TotalModeFrames/SNCP1E5420006D_Index0/ir#left_SNCP1E5420006D_Index0_g1739874543294_f2_s1739874543329_e5000_d16_.jpg\n'}
[151.669252] (orbbec_camera) StdoutLine: {'line': b'-- Installing: /home/sophie/isaac_lab/isaac_ws/rl_code/soarm100sim/third_party/orbbec_ws/install_287/orbbec_camera/share/orbbec_camera//examples/multi_camera_synced_verification_tool/multicamera_sync/output/20250218102900/TotalModeFrames/SNCP1E5420006D_Index0/color_SNCP1E5420006D_Index0_g1739874543461_f7_s1739874543520_e50_d16_.jpg\n'}
[151.669375] (orbbec_camera) StdoutLine: {'line': b'-- Installing: /home/sophie/isaac_lab/isaac_ws/rl_code/soarm100sim/third_party/orbbec_ws/install_287/orbbec_camera/share/orbbec_camera//examples/multi_camera_synced_verification_tool/multicamera_sync/output/20250218102900/TotalModeFrames/SNCP1E5420006D_Index0/ir#left_SNCP1E5420006D_Index0_g1739874543527_f9_s1739874543627_e5000_d16_.jpg\n'}
[151.669441] (orbbec_camera) StdoutLine: {'line': b'-- Installing: /home/sophie/isaac_lab/isaac_ws/rl_code/soarm100sim/third_party/orbbec_ws/install_287/orbbec_camera/share/orbbec_camera//examples/multi_camera_synced_verification_tool/multicamera_sync/output/20250218102900/TotalModeFrames/SNCP1E5420006D_Index0/ir#left_SNCP1E5420006D_Index0_g1739874543327_f3_s1739874543393_e5000_d16_.jpg\n'}
[151.669506] (orbbec_camera) StdoutLine: {'line': b'-- Installing: /home/sophie/isaac_lab/isaac_ws/rl_code/soarm100sim/third_party/orbbec_ws/install_287/orbbec_camera/share/orbbec_camera//examples/multi_camera_synced_verification_tool/multicamera_sync/output/20250218102900/TotalModeFrames/SNCP1E5420006D_Index0/color_SNCP1E5420006D_Index0_g1739874543360_f4_s1739874543442_e50_d16_.jpg\n'}
[151.669628] (orbbec_camera) StdoutLine: {'line': b'-- Installing: /home/sophie/isaac_lab/isaac_ws/rl_code/soarm100sim/third_party/orbbec_ws/install_287/orbbec_camera/share/orbbec_camera//examples/multi_camera_synced_verification_tool/multicamera_sync/output/20250218102900/TotalModeFrames/SNCP1E5420006D_Index0/ir#left_SNCP1E5420006D_Index0_g1739874543361_f4_s1739874543405_e5000_d16_.jpg\n'}
[151.669691] (orbbec_camera) StdoutLine: {'line': b'-- Installing: /home/sophie/isaac_lab/isaac_ws/rl_code/soarm100sim/third_party/orbbec_ws/install_287/orbbec_camera/share/orbbec_camera//examples/multi_camera_synced_verification_tool/multicamera_sync/output/20250218102900/TotalModeFrames/SNCP1E5420006D_Index0/color_SNCP1E5420006D_Index0_g1739874543227_f0_s1739874543327_e50_d16_.jpg\n'}
[151.669806] (orbbec_camera) StdoutLine: {'line': b'-- Installing: /home/sophie/isaac_lab/isaac_ws/rl_code/soarm100sim/third_party/orbbec_ws/install_287/orbbec_camera/share/orbbec_camera//examples/multi_camera_synced_verification_tool/multicamera_sync/output/20250218102900/TotalModeFrames/SNCP1E5420006D_Index0/color_SNCP1E5420006D_Index0_g1739874543561_f10_s1739874543648_e50_d16_.jpg\n'}
[151.669923] (orbbec_camera) StdoutLine: {'line': b'-- Installing: /home/sophie/isaac_lab/isaac_ws/rl_code/soarm100sim/third_party/orbbec_ws/install_287/orbbec_camera/share/orbbec_camera//examples/multi_camera_synced_verification_tool/multicamera_sync/output/20250218102900/TotalModeFrames/SNCP1E5420006D_Index0/color_SNCP1E5420006D_Index0_g1739874543260_f1_s1739874543351_e50_d16_.jpg\n'}
[151.670040] (orbbec_camera) StdoutLine: {'line': b'-- Installing: /home/sophie/isaac_lab/isaac_ws/rl_code/soarm100sim/third_party/orbbec_ws/install_287/orbbec_camera/share/orbbec_camera//examples/multi_camera_synced_verification_tool/multicamera_sync/output/20250218102900/TotalModeFrames/SNCP1E5420006D_Index0/ir#left_SNCP1E5420006D_Index0_g1739874543461_f7_s1739874543493_e5000_d16_.jpg\n'}
[151.670107] (orbbec_camera) StdoutLine: {'line': b'-- Installing: /home/sophie/isaac_lab/isaac_ws/rl_code/soarm100sim/third_party/orbbec_ws/install_287/orbbec_camera/share/orbbec_camera//examples/multi_camera_synced_verification_tool/multicamera_sync/output/20250218102900/StreamProfileInfo.txt\n'}
[151.670163] (orbbec_camera) StdoutLine: {'line': b'-- Installing: /home/sophie/isaac_lab/isaac_ws/rl_code/soarm100sim/third_party/orbbec_ws/install_287/orbbec_camera/share/orbbec_camera//examples/multi_camera_synced_verification_tool/gemini_330_series_synced_verify.launch.py\n'}
[151.670217] (orbbec_camera) StdoutLine: {'line': b'-- Installing: /home/sophie/isaac_lab/isaac_ws/rl_code/soarm100sim/third_party/orbbec_ws/install_287/orbbec_camera/share/orbbec_camera//examples/multi_camera_synced_verification_tool/multi_camera_synced_verify.launch.py\n'}
[151.670275] (orbbec_camera) StdoutLine: {'line': b'-- Installing: /home/sophie/isaac_lab/isaac_ws/rl_code/soarm100sim/third_party/orbbec_ws/install_287/orbbec_camera/share/orbbec_camera//examples/benchmark\n'}
[151.670302] (orbbec_camera) StdoutLine: {'line': b'-- Installing: /home/sophie/isaac_lab/isaac_ws/rl_code/soarm100sim/third_party/orbbec_ws/install_287/orbbec_camera/share/orbbec_camera//examples/benchmark/gemini_330_series_benchmark.launch.py\n'}
[151.670371] (orbbec_camera) StdoutLine: {'line': b'-- Installing: /home/sophie/isaac_lab/isaac_ws/rl_code/soarm100sim/third_party/orbbec_ws/install_287/orbbec_camera/share/orbbec_camera//examples/benchmark/ob_benchmark_0.launch.py\n'}
[151.670399] (orbbec_camera) StdoutLine: {'line': b'-- Installing: /home/sophie/isaac_lab/isaac_ws/rl_code/soarm100sim/third_party/orbbec_ws/install_287/orbbec_camera/share/orbbec_camera//examples/benchmark/ob_benchmark_1.launch.py\n'}
[151.670454] (orbbec_camera) StdoutLine: {'line': b'-- Installing: /home/sophie/isaac_lab/isaac_ws/rl_code/soarm100sim/third_party/orbbec_ws/install_287/orbbec_camera/share/orbbec_camera//examples/lower_cpu_usage\n'}
[151.670484] (orbbec_camera) StdoutLine: {'line': b'-- Installing: /home/sophie/isaac_lab/isaac_ws/rl_code/soarm100sim/third_party/orbbec_ws/install_287/orbbec_camera/share/orbbec_camera//examples/lower_cpu_usage/gemini_330_series_lower_cpu_usage.launch.py\n'}
[151.670565] (orbbec_camera) StdoutLine: {'line': b'-- Installing: /home/sophie/isaac_lab/isaac_ws/rl_code/soarm100sim/third_party/orbbec_ws/install_287/orbbec_camera/share/orbbec_camera//examples/lower_cpu_usage/multi_camera_lower_cpu_usage.launch.py\n'}
[151.670593] (orbbec_camera) StdoutLine: {'line': b'-- Installing: /home/sophie/isaac_lab/isaac_ws/rl_code/soarm100sim/third_party/orbbec_ws/install_287/orbbec_camera/share/orbbec_camera//examples/net_camera\n'}
[151.670642] (orbbec_camera) StdoutLine: {'line': b'-- Installing: /home/sophie/isaac_lab/isaac_ws/rl_code/soarm100sim/third_party/orbbec_ws/install_287/orbbec_camera/share/orbbec_camera//examples/net_camera/multi_net_camera.launch.py\n'}
[151.670669] (orbbec_camera) StdoutLine: {'line': b'-- Installing: /home/sophie/isaac_lab/isaac_ws/rl_code/soarm100sim/third_party/orbbec_ws/install_287/orbbec_camera/share/orbbec_camera//examples/multi_camera_time_sync\n'}
[151.670742] (orbbec_camera) StdoutLine: {'line': b'-- Installing: /home/sophie/isaac_lab/isaac_ws/rl_code/soarm100sim/third_party/orbbec_ws/install_287/orbbec_camera/share/orbbec_camera//examples/multi_camera_time_sync/image_sync_example_node.cpp\n'}
[151.670770] (orbbec_camera) StdoutLine: {'line': b'-- Installing: /home/sophie/isaac_lab/isaac_ws/rl_code/soarm100sim/third_party/orbbec_ws/install_287/orbbec_camera/share/orbbec_camera//examples/gmsl_camera\n'}
[151.670796] (orbbec_camera) StdoutLine: {'line': b'-- Installing: /home/sophie/isaac_lab/isaac_ws/rl_code/soarm100sim/third_party/orbbec_ws/install_287/orbbec_camera/share/orbbec_camera//examples/gmsl_camera/multi_gmsl_camera.launch.py\n'}
[151.670851] (orbbec_camera) StdoutLine: {'line': b'-- Installing: /home/sophie/isaac_lab/isaac_ws/rl_code/soarm100sim/third_party/orbbec_ws/install_287/orbbec_camera/share/orbbec_camera//examples/gmsl_camera/gemini_330_gmsl.launch.py\n'}
[151.670880] (orbbec_camera) StdoutLine: {'line': b'-- Installing: /home/sophie/isaac_lab/isaac_ws/rl_code/soarm100sim/third_party/orbbec_ws/install_287/orbbec_camera/share/orbbec_camera//examples/gmsl_camera/multi_gmsl_camera_synced.launch.py\n'}
[151.670983] (orbbec_camera) StdoutLine: {'line': b'-- Installing: /home/sophie/isaac_lab/isaac_ws/rl_code/soarm100sim/third_party/orbbec_ws/install_287/orbbec_camera/share/orbbec_camera//examples/Gemini_435Le_example_node\n'}
[151.671009] (orbbec_camera) StdoutLine: {'line': b'-- Installing: /home/sophie/isaac_lab/isaac_ws/rl_code/soarm100sim/third_party/orbbec_ws/install_287/orbbec_camera/share/orbbec_camera//examples/Gemini_435Le_example_node/README.MD\n'}
[151.671035] (orbbec_camera) StdoutLine: {'line': b'-- Installing: /home/sophie/isaac_lab/isaac_ws/rl_code/soarm100sim/third_party/orbbec_ws/install_287/orbbec_camera/share/orbbec_camera//examples/Gemini_435Le_example_node/camera_example_node.cpp\n'}
[151.671103] (orbbec_camera) StdoutLine: {'line': b'-- Installing: /home/sophie/isaac_lab/isaac_ws/rl_code/soarm100sim/third_party/orbbec_ws/install_287/orbbec_camera/include/include\n'}
[151.671153] (orbbec_camera) StdoutLine: {'line': b'-- Installing: /home/sophie/isaac_lab/isaac_ws/rl_code/soarm100sim/third_party/orbbec_ws/install_287/orbbec_camera/include/include/libobsensor\n'}
[151.671179] (orbbec_camera) StdoutLine: {'line': b'-- Installing: /home/sophie/isaac_lab/isaac_ws/rl_code/soarm100sim/third_party/orbbec_ws/install_287/orbbec_camera/include/include/libobsensor/ObSensor.h\n'}
[151.671244] (orbbec_camera) StdoutLine: {'line': b'-- Installing: /home/sophie/isaac_lab/isaac_ws/rl_code/soarm100sim/third_party/orbbec_ws/install_287/orbbec_camera/include/include/libobsensor/h\n'}
[151.671271] (orbbec_camera) StdoutLine: {'line': b'-- Installing: /home/sophie/isaac_lab/isaac_ws/rl_code/soarm100sim/third_party/orbbec_ws/install_287/orbbec_camera/include/include/libobsensor/h/Advanced.h\n'}
[151.671321] (orbbec_camera) StdoutLine: {'line': b'-- Installing: /home/sophie/isaac_lab/isaac_ws/rl_code/soarm100sim/third_party/orbbec_ws/install_287/orbbec_camera/include/include/libobsensor/h/Frame.h\n'}
[151.671348] (orbbec_camera) StdoutLine: {'line': b'-- Installing: /home/sophie/isaac_lab/isaac_ws/rl_code/soarm100sim/third_party/orbbec_ws/install_287/orbbec_camera/include/include/libobsensor/h/Device.h\n'}
[151.671402] (orbbec_camera) StdoutLine: {'line': b'-- Installing: /home/sophie/isaac_lab/isaac_ws/rl_code/soarm100sim/third_party/orbbec_ws/install_287/orbbec_camera/include/include/libobsensor/h/Pipeline.h\n'}
[151.671430] (orbbec_camera) StdoutLine: {'line': b'-- Installing: /home/sophie/isaac_lab/isaac_ws/rl_code/soarm100sim/third_party/orbbec_ws/install_287/orbbec_camera/include/include/libobsensor/h/Export.h\n'}
[151.671500] (orbbec_camera) StdoutLine: {'line': b'-- Installing: /home/sophie/isaac_lab/isaac_ws/rl_code/soarm100sim/third_party/orbbec_ws/install_287/orbbec_camera/include/include/libobsensor/h/MultipleDevices.h\n'}
[151.671550] (orbbec_camera) StdoutLine: {'line': b'-- Installing: /home/sophie/isaac_lab/isaac_ws/rl_code/soarm100sim/third_party/orbbec_ws/install_287/orbbec_camera/include/include/libobsensor/h/TypeHelper.h\n'}
[151.671578] (orbbec_camera) StdoutLine: {'line': b'-- Installing: /home/sophie/isaac_lab/isaac_ws/rl_code/soarm100sim/third_party/orbbec_ws/install_287/orbbec_camera/include/include/libobsensor/h/Context.h\n'}
[151.671605] (orbbec_camera) StdoutLine: {'line': b'-- Installing: /home/sophie/isaac_lab/isaac_ws/rl_code/soarm100sim/third_party/orbbec_ws/install_287/orbbec_camera/include/include/libobsensor/h/Sensor.h\n'}
[151.671675] (orbbec_camera) StdoutLine: {'line': b'-- Installing: /home/sophie/isaac_lab/isaac_ws/rl_code/soarm100sim/third_party/orbbec_ws/install_287/orbbec_camera/include/include/libobsensor/h/Version.h\n'}
[151.671700] (orbbec_camera) StdoutLine: {'line': b'-- Installing: /home/sophie/isaac_lab/isaac_ws/rl_code/soarm100sim/third_party/orbbec_ws/install_287/orbbec_camera/include/include/libobsensor/h/Filter.h\n'}
[151.671726] (orbbec_camera) StdoutLine: {'line': b'-- Installing: /home/sophie/isaac_lab/isaac_ws/rl_code/soarm100sim/third_party/orbbec_ws/install_287/orbbec_camera/include/include/libobsensor/h/StreamProfile.h\n'}
[151.671780] (orbbec_camera) StdoutLine: {'line': b'-- Installing: /home/sophie/isaac_lab/isaac_ws/rl_code/soarm100sim/third_party/orbbec_ws/install_287/orbbec_camera/include/include/libobsensor/h/RecordPlayback.h\n'}
[151.671805] (orbbec_camera) StdoutLine: {'line': b'-- Installing: /home/sophie/isaac_lab/isaac_ws/rl_code/soarm100sim/third_party/orbbec_ws/install_287/orbbec_camera/include/include/libobsensor/h/ObTypes.h\n'}
[151.671855] (orbbec_camera) StdoutLine: {'line': b'-- Installing: /home/sophie/isaac_lab/isaac_ws/rl_code/soarm100sim/third_party/orbbec_ws/install_287/orbbec_camera/include/include/libobsensor/h/Error.h\n'}
[151.671908] (orbbec_camera) StdoutLine: {'line': b'-- Installing: /home/sophie/isaac_lab/isaac_ws/rl_code/soarm100sim/third_party/orbbec_ws/install_287/orbbec_camera/include/include/libobsensor/h/Property.h\n'}
[151.671976] (orbbec_camera) StdoutLine: {'line': b'-- Installing: /home/sophie/isaac_lab/isaac_ws/rl_code/soarm100sim/third_party/orbbec_ws/install_287/orbbec_camera/include/include/libobsensor/h/Utils.h\n'}
[151.672004] (orbbec_camera) StdoutLine: {'line': b'-- Installing: /home/sophie/isaac_lab/isaac_ws/rl_code/soarm100sim/third_party/orbbec_ws/install_287/orbbec_camera/include/include/libobsensor/hpp\n'}
[151.672055] (orbbec_camera) StdoutLine: {'line': b'-- Installing: /home/sophie/isaac_lab/isaac_ws/rl_code/soarm100sim/third_party/orbbec_ws/install_287/orbbec_camera/include/include/libobsensor/hpp/Sensor.hpp\n'}
[151.672230] (orbbec_camera) StdoutLine: {'line': b'-- Installing: /home/sophie/isaac_lab/isaac_ws/rl_code/soarm100sim/third_party/orbbec_ws/install_287/orbbec_camera/include/include/libobsensor/hpp/Frame.hpp\n'}
[151.672291] (orbbec_camera) StdoutLine: {'line': b'-- Installing: /home/sophie/isaac_lab/isaac_ws/rl_code/soarm100sim/third_party/orbbec_ws/install_287/orbbec_camera/include/include/libobsensor/hpp/Utils.hpp\n'}
[151.672342] (orbbec_camera) StdoutLine: {'line': b'-- Installing: /home/sophie/isaac_lab/isaac_ws/rl_code/soarm100sim/third_party/orbbec_ws/install_287/orbbec_camera/include/include/libobsensor/hpp/Device.hpp\n'}
[151.672406] (orbbec_camera) StdoutLine: {'line': b'-- Installing: /home/sophie/isaac_lab/isaac_ws/rl_code/soarm100sim/third_party/orbbec_ws/install_287/orbbec_camera/include/include/libobsensor/hpp/Filter.hpp\n'}
[151.672480] (orbbec_camera) StdoutLine: {'line': b'-- Installing: /home/sophie/isaac_lab/isaac_ws/rl_code/soarm100sim/third_party/orbbec_ws/install_287/orbbec_camera/include/include/libobsensor/hpp/StreamProfile.hpp\n'}
[151.672529] (orbbec_camera) StdoutLine: {'line': b'-- Installing: /home/sophie/isaac_lab/isaac_ws/rl_code/soarm100sim/third_party/orbbec_ws/install_287/orbbec_camera/include/include/libobsensor/hpp/Version.hpp\n'}
[151.672585] (orbbec_camera) StdoutLine: {'line': b'-- Installing: /home/sophie/isaac_lab/isaac_ws/rl_code/soarm100sim/third_party/orbbec_ws/install_287/orbbec_camera/include/include/libobsensor/hpp/RecordPlayback.hpp\n'}
[151.672637] (orbbec_camera) StdoutLine: {'line': b'-- Installing: /home/sophie/isaac_lab/isaac_ws/rl_code/soarm100sim/third_party/orbbec_ws/install_287/orbbec_camera/include/include/libobsensor/hpp/Context.hpp\n'}
[151.672704] (orbbec_camera) StdoutLine: {'line': b'-- Installing: /home/sophie/isaac_lab/isaac_ws/rl_code/soarm100sim/third_party/orbbec_ws/install_287/orbbec_camera/include/include/libobsensor/hpp/Pipeline.hpp\n'}
[151.672729] (orbbec_camera) StdoutLine: {'line': b'-- Installing: /home/sophie/isaac_lab/isaac_ws/rl_code/soarm100sim/third_party/orbbec_ws/install_287/orbbec_camera/include/include/libobsensor/hpp/TypeHelper.hpp\n'}
[151.672795] (orbbec_camera) StdoutLine: {'line': b'-- Installing: /home/sophie/isaac_lab/isaac_ws/rl_code/soarm100sim/third_party/orbbec_ws/install_287/orbbec_camera/include/include/libobsensor/hpp/Error.hpp\n'}
[151.672822] (orbbec_camera) StdoutLine: {'line': b'-- Installing: /home/sophie/isaac_lab/isaac_ws/rl_code/soarm100sim/third_party/orbbec_ws/install_287/orbbec_camera/include/include/libobsensor/hpp/Types.hpp\n'}
[151.672874] (orbbec_camera) StdoutLine: {'line': b'-- Installing: /home/sophie/isaac_lab/isaac_ws/rl_code/soarm100sim/third_party/orbbec_ws/install_287/orbbec_camera/include/include/libobsensor/ObSensor.hpp\n'}
[151.672924] (orbbec_camera) StdoutLine: {'line': b'-- Up-to-date: /home/sophie/isaac_lab/isaac_ws/rl_code/soarm100sim/third_party/orbbec_ws/install_287/orbbec_camera/lib/\n'}
[151.672995] (orbbec_camera) StdoutLine: {'line': b'-- Installing: /home/sophie/isaac_lab/isaac_ws/rl_code/soarm100sim/third_party/orbbec_ws/install_287/orbbec_camera/lib//libOrbbecSDK.so\n'}
[151.673021] (orbbec_camera) StdoutLine: {'line': b'-- Installing: /home/sophie/isaac_lab/isaac_ws/rl_code/soarm100sim/third_party/orbbec_ws/install_287/orbbec_camera/lib//libOrbbecSDK.so.2\n'}
[151.673044] (orbbec_camera) StdoutLine: {'line': b'-- Installing: /home/sophie/isaac_lab/isaac_ws/rl_code/soarm100sim/third_party/orbbec_ws/install_287/orbbec_camera/lib//libOrbbecSDK.so.2.8.7\n'}
[151.679808] (orbbec_camera) StdoutLine: {'line': b'-- Installing: /home/sophie/isaac_lab/isaac_ws/rl_code/soarm100sim/third_party/orbbec_ws/install_287/orbbec_camera/lib//extensions\n'}
[151.679868] (orbbec_camera) StdoutLine: {'line': b'-- Installing: /home/sophie/isaac_lab/isaac_ws/rl_code/soarm100sim/third_party/orbbec_ws/install_287/orbbec_camera/lib//extensions/frameprocessor\n'}
[151.679894] (orbbec_camera) StdoutLine: {'line': b'-- Installing: /home/sophie/isaac_lab/isaac_ws/rl_code/soarm100sim/third_party/orbbec_ws/install_287/orbbec_camera/lib//extensions/frameprocessor/libob_frame_processor.so\n'}
[151.679949] (orbbec_camera) StdoutLine: {'line': b'-- Installing: /home/sophie/isaac_lab/isaac_ws/rl_code/soarm100sim/third_party/orbbec_ws/install_287/orbbec_camera/lib//extensions/depthengine\n'}
[151.680001] (orbbec_camera) StdoutLine: {'line': b'-- Installing: /home/sophie/isaac_lab/isaac_ws/rl_code/soarm100sim/third_party/orbbec_ws/install_287/orbbec_camera/lib//extensions/depthengine/libdepthengine.so.2.0\n'}
[151.680307] (orbbec_camera) StdoutLine: {'line': b'-- Installing: /home/sophie/isaac_lab/isaac_ws/rl_code/soarm100sim/third_party/orbbec_ws/install_287/orbbec_camera/lib//extensions/depthengine/libdepthengine.so\n'}
[151.680339] (orbbec_camera) StdoutLine: {'line': b'-- Installing: /home/sophie/isaac_lab/isaac_ws/rl_code/soarm100sim/third_party/orbbec_ws/install_287/orbbec_camera/lib//extensions/filters\n'}
[151.680394] (orbbec_camera) StdoutLine: {'line': b'-- Installing: /home/sophie/isaac_lab/isaac_ws/rl_code/soarm100sim/third_party/orbbec_ws/install_287/orbbec_camera/lib//extensions/filters/libFilterProcessor.so\n'}
[151.680615] (orbbec_camera) StdoutLine: {'line': b'-- Installing: /home/sophie/isaac_lab/isaac_ws/rl_code/soarm100sim/third_party/orbbec_ws/install_287/orbbec_camera/lib//extensions/filters/libob_priv_filter.so\n'}
[151.680744] (orbbec_camera) StdoutLine: {'line': b'-- Installing: /home/sophie/isaac_lab/isaac_ws/rl_code/soarm100sim/third_party/orbbec_ws/install_287/orbbec_camera/lib//extensions/firmwareupdater\n'}
[151.680795] (orbbec_camera) StdoutLine: {'line': b'-- Installing: /home/sophie/isaac_lab/isaac_ws/rl_code/soarm100sim/third_party/orbbec_ws/install_287/orbbec_camera/lib//extensions/firmwareupdater/libfirmwareupdater.so\n'}
[151.681170] (orbbec_camera) StdoutLine: {'line': b'-- Installing: /home/sophie/isaac_lab/isaac_ws/rl_code/soarm100sim/third_party/orbbec_ws/install_287/orbbec_camera/lib/extensions/libdepthengine.so\n'}
[151.681199] (orbbec_camera) StdoutLine: {'line': b'-- Installing: /home/sophie/isaac_lab/isaac_ws/rl_code/soarm100sim/third_party/orbbec_ws/install_287/orbbec_camera/lib/extensions/libdepthengine.so.2.0\n'}
[151.681433] (orbbec_camera) StdoutLine: {'line': b'-- Installing: /home/sophie/isaac_lab/isaac_ws/rl_code/soarm100sim/third_party/orbbec_ws/install_287/orbbec_camera/lib/extensions/libFilterProcessor.so\n'}
[151.681706] (orbbec_camera) StdoutLine: {'line': b'-- Installing: /home/sophie/isaac_lab/isaac_ws/rl_code/soarm100sim/third_party/orbbec_ws/install_287/orbbec_camera/lib/extensions/libob_priv_filter.so\n'}
[151.681841] (orbbec_camera) StdoutLine: {'line': b'-- Installing: /home/sophie/isaac_lab/isaac_ws/rl_code/soarm100sim/third_party/orbbec_ws/install_287/orbbec_camera/lib/extensions/libfirmwareupdater.so\n'}
[151.682114] (orbbec_camera) StdoutLine: {'line': b'-- Installing: /home/sophie/isaac_lab/isaac_ws/rl_code/soarm100sim/third_party/orbbec_ws/install_287/orbbec_camera/lib/extensions/libob_frame_processor.so\n'}
[151.682342] (orbbec_camera) StdoutLine: {'line': b'-- Installing: /home/sophie/isaac_lab/isaac_ws/rl_code/soarm100sim/third_party/orbbec_ws/install_287/orbbec_camera/lib/orbbec_camera/list_devices_node\n'}
[151.682592] (orbbec_camera) StdoutLine: {'line': b'-- Set runtime path of "/home/sophie/isaac_lab/isaac_ws/rl_code/soarm100sim/third_party/orbbec_ws/install_287/orbbec_camera/lib/orbbec_camera/list_devices_node" to ":/home/sophie/isaac_lab/isaac_ws/rl_code/soarm100sim/third_party/orbbec_sdk_2_8_7_root/opt/OrbbecSDK_v2.8.7/lib"\n'}
[151.682628] (orbbec_camera) StdoutLine: {'line': b'-- Installing: /home/sophie/isaac_lab/isaac_ws/rl_code/soarm100sim/third_party/orbbec_ws/install_287/orbbec_camera/lib/orbbec_camera/list_depth_work_mode_node\n'}
[151.682687] (orbbec_camera) StdoutLine: {'line': b'-- Set runtime path of "/home/sophie/isaac_lab/isaac_ws/rl_code/soarm100sim/third_party/orbbec_ws/install_287/orbbec_camera/lib/orbbec_camera/list_depth_work_mode_node" to ":/home/sophie/isaac_lab/isaac_ws/rl_code/soarm100sim/third_party/orbbec_sdk_2_8_7_root/opt/OrbbecSDK_v2.8.7/lib"\n'}
[151.682750] (orbbec_camera) StdoutLine: {'line': b'-- Installing: /home/sophie/isaac_lab/isaac_ws/rl_code/soarm100sim/third_party/orbbec_ws/install_287/orbbec_camera/lib/orbbec_camera/list_camera_profile_mode_node\n'}
[151.682884] (orbbec_camera) StdoutLine: {'line': b'-- Set runtime path of "/home/sophie/isaac_lab/isaac_ws/rl_code/soarm100sim/third_party/orbbec_ws/install_287/orbbec_camera/lib/orbbec_camera/list_camera_profile_mode_node" to ":/home/sophie/isaac_lab/isaac_ws/rl_code/soarm100sim/third_party/orbbec_sdk_2_8_7_root/opt/OrbbecSDK_v2.8.7/lib"\n'}
[151.682944] (orbbec_camera) StdoutLine: {'line': b'-- Installing: /home/sophie/isaac_lab/isaac_ws/rl_code/soarm100sim/third_party/orbbec_ws/install_287/orbbec_camera/lib/orbbec_camera/firmware_update_tool\n'}
[151.683079] (orbbec_camera) StdoutLine: {'line': b'-- Set runtime path of "/home/sophie/isaac_lab/isaac_ws/rl_code/soarm100sim/third_party/orbbec_ws/install_287/orbbec_camera/lib/orbbec_camera/firmware_update_tool" to ":/home/sophie/isaac_lab/isaac_ws/rl_code/soarm100sim/third_party/orbbec_sdk_2_8_7_root/opt/OrbbecSDK_v2.8.7/lib"\n'}
[151.683132] (orbbec_camera) StdoutLine: {'line': b'-- Installing: /home/sophie/isaac_lab/isaac_ws/rl_code/soarm100sim/third_party/orbbec_ws/install_287/orbbec_camera/lib/orbbec_camera/topic_statistics_node\n'}
[151.683716] (orbbec_camera) StdoutLine: {'line': b'-- Set runtime path of "/home/sophie/isaac_lab/isaac_ws/rl_code/soarm100sim/third_party/orbbec_ws/install_287/orbbec_camera/lib/orbbec_camera/topic_statistics_node" to ":/home/sophie/isaac_lab/isaac_ws/rl_code/soarm100sim/third_party/orbbec_sdk_2_8_7_root/opt/OrbbecSDK_v2.8.7/lib"\n'}
[151.683775] (orbbec_camera) StdoutLine: {'line': b'-- Installing: /home/sophie/isaac_lab/isaac_ws/rl_code/soarm100sim/third_party/orbbec_ws/install_287/orbbec_camera/lib/orbbec_camera/service_benchmark_node\n'}
[151.684234] (orbbec_camera) StdoutLine: {'line': b'-- Set runtime path of "/home/sophie/isaac_lab/isaac_ws/rl_code/soarm100sim/third_party/orbbec_ws/install_287/orbbec_camera/lib/orbbec_camera/service_benchmark_node" to ":/home/sophie/isaac_lab/isaac_ws/rl_code/soarm100sim/third_party/orbbec_sdk_2_8_7_root/opt/OrbbecSDK_v2.8.7/lib"\n'}
[151.684288] (orbbec_camera) StdoutLine: {'line': b'-- Installing: /home/sophie/isaac_lab/isaac_ws/rl_code/soarm100sim/third_party/orbbec_ws/install_287/orbbec_camera/lib/orbbec_camera/ob_benchmark_node\n'}
[151.684425] (orbbec_camera) StdoutLine: {'line': b'-- Set runtime path of "/home/sophie/isaac_lab/isaac_ws/rl_code/soarm100sim/third_party/orbbec_ws/install_287/orbbec_camera/lib/orbbec_camera/ob_benchmark_node" to ":/home/sophie/isaac_lab/isaac_ws/rl_code/soarm100sim/third_party/orbbec_sdk_2_8_7_root/opt/OrbbecSDK_v2.8.7/lib"\n'}
[151.684480] (orbbec_camera) StdoutLine: {'line': b'-- Installing: /home/sophie/isaac_lab/isaac_ws/rl_code/soarm100sim/third_party/orbbec_ws/install_287/orbbec_camera/lib/orbbec_camera/435le_example_node\n'}
[151.685095] (orbbec_camera) StdoutLine: {'line': b'-- Set runtime path of "/home/sophie/isaac_lab/isaac_ws/rl_code/soarm100sim/third_party/orbbec_ws/install_287/orbbec_camera/lib/orbbec_camera/435le_example_node" to ":/home/sophie/isaac_lab/isaac_ws/rl_code/soarm100sim/third_party/orbbec_sdk_2_8_7_root/opt/OrbbecSDK_v2.8.7/lib"\n'}
[151.685150] (orbbec_camera) StdoutLine: {'line': b'-- Installing: /home/sophie/isaac_lab/isaac_ws/rl_code/soarm100sim/third_party/orbbec_ws/install_287/orbbec_camera/lib/orbbec_camera/ip_config_tool\n'}
[151.685214] (orbbec_camera) StdoutLine: {'line': b'-- Set runtime path of "/home/sophie/isaac_lab/isaac_ws/rl_code/soarm100sim/third_party/orbbec_ws/install_287/orbbec_camera/lib/orbbec_camera/ip_config_tool" to ":/home/sophie/isaac_lab/isaac_ws/rl_code/soarm100sim/third_party/orbbec_sdk_2_8_7_root/opt/OrbbecSDK_v2.8.7/lib"\n'}
[151.685264] (orbbec_camera) StdoutLine: {'line': b'-- Installing: /home/sophie/isaac_lab/isaac_ws/rl_code/soarm100sim/third_party/orbbec_ws/install_287/orbbec_camera/lib/orbbec_camera/set_device_ip\n'}
[151.685451] (orbbec_camera) StdoutLine: {'line': b'-- Set runtime path of "/home/sophie/isaac_lab/isaac_ws/rl_code/soarm100sim/third_party/orbbec_ws/install_287/orbbec_camera/lib/orbbec_camera/set_device_ip" to ":/home/sophie/isaac_lab/isaac_ws/rl_code/soarm100sim/third_party/orbbec_sdk_2_8_7_root/opt/OrbbecSDK_v2.8.7/lib"\n'}
[151.685501] (orbbec_camera) StdoutLine: {'line': b'-- Installing: /home/sophie/isaac_lab/isaac_ws/rl_code/soarm100sim/third_party/orbbec_ws/install_287/orbbec_camera/lib/orbbec_camera/image_sync_example_node\n'}
[151.686108] (orbbec_camera) StdoutLine: {'line': b'-- Set runtime path of "/home/sophie/isaac_lab/isaac_ws/rl_code/soarm100sim/third_party/orbbec_ws/install_287/orbbec_camera/lib/orbbec_camera/image_sync_example_node" to ":/home/sophie/isaac_lab/isaac_ws/rl_code/soarm100sim/third_party/orbbec_sdk_2_8_7_root/opt/OrbbecSDK_v2.8.7/lib"\n'}
[151.686164] (orbbec_camera) StdoutLine: {'line': b'-- Installing: /home/sophie/isaac_lab/isaac_ws/rl_code/soarm100sim/third_party/orbbec_ws/install_287/orbbec_camera/share/orbbec_camera/environment/library_path.sh\n'}
[151.686218] (orbbec_camera) StdoutLine: {'line': b'-- Installing: /home/sophie/isaac_lab/isaac_ws/rl_code/soarm100sim/third_party/orbbec_ws/install_287/orbbec_camera/share/orbbec_camera/environment/library_path.dsv\n'}
[151.686272] (orbbec_camera) StdoutLine: {'line': b'-- Installing: /home/sophie/isaac_lab/isaac_ws/rl_code/soarm100sim/third_party/orbbec_ws/install_287/orbbec_camera/share/ament_index/resource_index/package_run_dependencies/orbbec_camera\n'}
[151.686337] (orbbec_camera) StdoutLine: {'line': b'-- Installing: /home/sophie/isaac_lab/isaac_ws/rl_code/soarm100sim/third_party/orbbec_ws/install_287/orbbec_camera/share/ament_index/resource_index/parent_prefix_path/orbbec_camera\n'}
[151.686408] (orbbec_camera) StdoutLine: {'line': b'-- Installing: /home/sophie/isaac_lab/isaac_ws/rl_code/soarm100sim/third_party/orbbec_ws/install_287/orbbec_camera/share/orbbec_camera/environment/ament_prefix_path.sh\n'}
[151.686471] (orbbec_camera) StdoutLine: {'line': b'-- Installing: /home/sophie/isaac_lab/isaac_ws/rl_code/soarm100sim/third_party/orbbec_ws/install_287/orbbec_camera/share/orbbec_camera/environment/ament_prefix_path.dsv\n'}
[151.686528] (orbbec_camera) StdoutLine: {'line': b'-- Installing: /home/sophie/isaac_lab/isaac_ws/rl_code/soarm100sim/third_party/orbbec_ws/install_287/orbbec_camera/share/orbbec_camera/environment/path.sh\n'}
[151.686593] (orbbec_camera) StdoutLine: {'line': b'-- Installing: /home/sophie/isaac_lab/isaac_ws/rl_code/soarm100sim/third_party/orbbec_ws/install_287/orbbec_camera/share/orbbec_camera/environment/path.dsv\n'}
[151.686660] (orbbec_camera) StdoutLine: {'line': b'-- Installing: /home/sophie/isaac_lab/isaac_ws/rl_code/soarm100sim/third_party/orbbec_ws/install_287/orbbec_camera/share/orbbec_camera/local_setup.bash\n'}
[151.686722] (orbbec_camera) StdoutLine: {'line': b'-- Installing: /home/sophie/isaac_lab/isaac_ws/rl_code/soarm100sim/third_party/orbbec_ws/install_287/orbbec_camera/share/orbbec_camera/local_setup.sh\n'}
[151.686785] (orbbec_camera) StdoutLine: {'line': b'-- Installing: /home/sophie/isaac_lab/isaac_ws/rl_code/soarm100sim/third_party/orbbec_ws/install_287/orbbec_camera/share/orbbec_camera/local_setup.zsh\n'}
[151.686849] (orbbec_camera) StdoutLine: {'line': b'-- Installing: /home/sophie/isaac_lab/isaac_ws/rl_code/soarm100sim/third_party/orbbec_ws/install_287/orbbec_camera/share/orbbec_camera/local_setup.dsv\n'}
[151.686916] (orbbec_camera) StdoutLine: {'line': b'-- Installing: /home/sophie/isaac_lab/isaac_ws/rl_code/soarm100sim/third_party/orbbec_ws/install_287/orbbec_camera/share/orbbec_camera/package.dsv\n'}
[151.686998] (orbbec_camera) StdoutLine: {'line': b'-- Installing: /home/sophie/isaac_lab/isaac_ws/rl_code/soarm100sim/third_party/orbbec_ws/install_287/orbbec_camera/share/ament_index/resource_index/packages/orbbec_camera\n'}
[151.687072] (orbbec_camera) StdoutLine: {'line': b'-- Installing: /home/sophie/isaac_lab/isaac_ws/rl_code/soarm100sim/third_party/orbbec_ws/install_287/orbbec_camera/share/ament_index/resource_index/rclcpp_components/orbbec_camera\n'}
[151.687155] (orbbec_camera) StdoutLine: {'line': b'-- Installing: /home/sophie/isaac_lab/isaac_ws/rl_code/soarm100sim/third_party/orbbec_ws/install_287/orbbec_camera/share/orbbec_camera/cmake/ament_cmake_export_include_directories-extras.cmake\n'}
[151.687224] (orbbec_camera) StdoutLine: {'line': b'-- Installing: /home/sophie/isaac_lab/isaac_ws/rl_code/soarm100sim/third_party/orbbec_ws/install_287/orbbec_camera/share/orbbec_camera/cmake/ament_cmake_export_libraries-extras.cmake\n'}
[151.687289] (orbbec_camera) StdoutLine: {'line': b'-- Installing: /home/sophie/isaac_lab/isaac_ws/rl_code/soarm100sim/third_party/orbbec_ws/install_287/orbbec_camera/share/orbbec_camera/cmake/ament_cmake_export_dependencies-extras.cmake\n'}
[151.687356] (orbbec_camera) StdoutLine: {'line': b'-- Installing: /home/sophie/isaac_lab/isaac_ws/rl_code/soarm100sim/third_party/orbbec_ws/install_287/orbbec_camera/share/orbbec_camera/cmake/orbbec_cameraConfig.cmake\n'}
[151.687407] (orbbec_camera) StdoutLine: {'line': b'-- Installing: /home/sophie/isaac_lab/isaac_ws/rl_code/soarm100sim/third_party/orbbec_ws/install_287/orbbec_camera/share/orbbec_camera/cmake/orbbec_cameraConfig-version.cmake\n'}
[151.687460] (orbbec_camera) StdoutLine: {'line': b'-- Installing: /home/sophie/isaac_lab/isaac_ws/rl_code/soarm100sim/third_party/orbbec_ws/install_287/orbbec_camera/share/orbbec_camera/package.xml\n'}
[151.736443] (-) TimerEvent: {}
[151.836638] (-) TimerEvent: {}
[151.936838] (-) TimerEvent: {}
[152.037059] (-) TimerEvent: {}
[152.137305] (-) TimerEvent: {}
[152.237602] (-) TimerEvent: {}
[152.337816] (-) TimerEvent: {}
[152.438042] (-) TimerEvent: {}
[152.538272] (-) TimerEvent: {}
[152.638496] (-) TimerEvent: {}
[152.738717] (-) TimerEvent: {}
[152.838909] (-) TimerEvent: {}
[152.939125] (-) TimerEvent: {}
[153.039337] (-) TimerEvent: {}
[153.139594] (-) TimerEvent: {}
[153.239834] (-) TimerEvent: {}
[153.340062] (-) TimerEvent: {}
[153.440311] (-) TimerEvent: {}
[153.540542] (-) TimerEvent: {}
[153.640768] (-) TimerEvent: {}
[153.740988] (-) TimerEvent: {}
[153.841214] (-) TimerEvent: {}
[153.941433] (-) TimerEvent: {}
[154.041630] (-) TimerEvent: {}
[154.141851] (-) TimerEvent: {}
[154.242092] (-) TimerEvent: {}
[154.342405] (-) TimerEvent: {}
[154.442658] (-) TimerEvent: {}
[154.542908] (-) TimerEvent: {}
[154.643189] (-) TimerEvent: {}
[154.743473] (-) TimerEvent: {}
[154.843700] (-) TimerEvent: {}
[154.943916] (-) TimerEvent: {}
[155.044146] (-) TimerEvent: {}
[155.144365] (-) TimerEvent: {}
[155.244618] (-) TimerEvent: {}
[155.344829] (-) TimerEvent: {}
[155.445067] (-) TimerEvent: {}
[155.545336] (-) TimerEvent: {}
[155.645528] (-) TimerEvent: {}
[155.745754] (-) TimerEvent: {}
[155.845958] (-) TimerEvent: {}
[155.946199] (-) TimerEvent: {}
[156.046441] (-) TimerEvent: {}
[156.146673] (-) TimerEvent: {}
[156.246949] (-) TimerEvent: {}
[156.347188] (-) TimerEvent: {}
[156.447431] (-) TimerEvent: {}
[156.547598] (-) TimerEvent: {}
[156.647775] (-) TimerEvent: {}
[156.748009] (-) TimerEvent: {}
[156.848238] (-) TimerEvent: {}
[156.948465] (-) TimerEvent: {}
[157.048712] (-) TimerEvent: {}
[157.148924] (-) TimerEvent: {}
[157.249128] (-) TimerEvent: {}
[157.349335] (-) TimerEvent: {}
[157.449608] (-) TimerEvent: {}
[157.549815] (-) TimerEvent: {}
[157.650045] (-) TimerEvent: {}
[157.750277] (-) TimerEvent: {}
[157.850508] (-) TimerEvent: {}
[157.950762] (-) TimerEvent: {}
[158.051004] (-) TimerEvent: {}
[158.151220] (-) TimerEvent: {}
[158.251432] (-) TimerEvent: {}
[158.351674] (-) TimerEvent: {}
[158.451893] (-) TimerEvent: {}
[158.552103] (-) TimerEvent: {}
[158.652301] (-) TimerEvent: {}
[158.752598] (-) TimerEvent: {}
[158.852798] (-) TimerEvent: {}
[158.952994] (-) TimerEvent: {}
[159.053211] (-) TimerEvent: {}
[159.153499] (-) TimerEvent: {}
[159.253730] (-) TimerEvent: {}
[159.353937] (-) TimerEvent: {}
[159.454139] (-) TimerEvent: {}
[159.554364] (-) TimerEvent: {}
[159.654661] (-) TimerEvent: {}
[159.754881] (-) TimerEvent: {}
[159.855176] (-) TimerEvent: {}
[159.955466] (-) TimerEvent: {}
[160.055662] (-) TimerEvent: {}
[160.155874] (-) TimerEvent: {}
[160.256113] (-) TimerEvent: {}
[160.356325] (-) TimerEvent: {}
[160.456509] (-) TimerEvent: {}
[160.556747] (-) TimerEvent: {}
[160.656970] (-) TimerEvent: {}
[160.757306] (-) TimerEvent: {}
[160.857536] (-) TimerEvent: {}
[160.957761] (-) TimerEvent: {}
[161.057999] (-) TimerEvent: {}
[161.158213] (-) TimerEvent: {}
[161.258425] (-) TimerEvent: {}
[161.358634] (-) TimerEvent: {}
[161.458863] (-) TimerEvent: {}
[161.559108] (-) TimerEvent: {}
[161.659329] (-) TimerEvent: {}
[161.759606] (-) TimerEvent: {}
[161.859846] (-) TimerEvent: {}
[161.960053] (-) TimerEvent: {}
[162.060308] (-) TimerEvent: {}
[162.160586] (-) TimerEvent: {}
[162.260811] (-) TimerEvent: {}
[162.361059] (-) TimerEvent: {}
[162.461315] (-) TimerEvent: {}
[162.561631] (-) TimerEvent: {}
[162.661924] (-) TimerEvent: {}
[162.762136] (-) TimerEvent: {}
[162.862367] (-) TimerEvent: {}
[162.962642] (-) TimerEvent: {}
[163.062890] (-) TimerEvent: {}
[163.163132] (-) TimerEvent: {}
[163.263361] (-) TimerEvent: {}
[163.363610] (-) TimerEvent: {}
[163.463821] (-) TimerEvent: {}
[163.564064] (-) TimerEvent: {}
[163.664288] (-) TimerEvent: {}
[163.764532] (-) TimerEvent: {}
[163.864801] (-) TimerEvent: {}
[163.965050] (-) TimerEvent: {}
[164.065293] (-) TimerEvent: {}
[164.165529] (-) TimerEvent: {}
[164.265866] (-) TimerEvent: {}
[164.366133] (-) TimerEvent: {}
[164.466365] (-) TimerEvent: {}
[164.566625] (-) TimerEvent: {}
[164.666816] (-) TimerEvent: {}
[164.767029] (-) TimerEvent: {}
[164.867281] (-) TimerEvent: {}
[164.967614] (-) TimerEvent: {}
[165.067823] (-) TimerEvent: {}
[165.168045] (-) TimerEvent: {}
[165.268252] (-) TimerEvent: {}
[165.368463] (-) TimerEvent: {}
[165.468666] (-) TimerEvent: {}
[165.568855] (-) TimerEvent: {}
[165.669058] (-) TimerEvent: {}
[165.769265] (-) TimerEvent: {}
[165.869477] (-) TimerEvent: {}
[165.969713] (-) TimerEvent: {}
[166.069906] (-) TimerEvent: {}
[166.170149] (-) TimerEvent: {}
[166.270427] (-) TimerEvent: {}
[166.370690] (-) TimerEvent: {}
[166.470895] (-) TimerEvent: {}
[166.571124] (-) TimerEvent: {}
[166.671379] (-) TimerEvent: {}
[166.771643] (-) TimerEvent: {}
[166.871851] (-) TimerEvent: {}
[166.972072] (-) TimerEvent: {}
[167.072287] (-) TimerEvent: {}
[167.172495] (-) TimerEvent: {}
[167.272706] (-) TimerEvent: {}
[167.372908] (-) TimerEvent: {}
[167.473122] (-) TimerEvent: {}
[167.573323] (-) TimerEvent: {}
[167.673580] (-) TimerEvent: {}
[167.773798] (-) TimerEvent: {}
[167.874005] (-) TimerEvent: {}
[167.974220] (-) TimerEvent: {}
[168.074465] (-) TimerEvent: {}
[168.174627] (-) TimerEvent: {}
[168.274854] (-) TimerEvent: {}
[168.375084] (-) TimerEvent: {}
[168.475306] (-) TimerEvent: {}
[168.575528] (-) TimerEvent: {}
[168.675765] (-) TimerEvent: {}
[168.776021] (-) TimerEvent: {}
[168.876262] (-) TimerEvent: {}
[168.976499] (-) TimerEvent: {}
[169.076815] (-) TimerEvent: {}
[169.177118] (-) TimerEvent: {}
[169.277418] (-) TimerEvent: {}
[169.377702] (-) TimerEvent: {}
[169.477998] (-) TimerEvent: {}
[169.578277] (-) TimerEvent: {}
[169.678544] (-) TimerEvent: {}
[169.778797] (-) TimerEvent: {}
[169.878997] (-) TimerEvent: {}
[169.979259] (-) TimerEvent: {}
[170.079485] (-) TimerEvent: {}
[170.179694] (-) TimerEvent: {}
[170.279878] (-) TimerEvent: {}
[170.380089] (-) TimerEvent: {}
[170.480309] (-) TimerEvent: {}
[170.580532] (-) TimerEvent: {}
[170.680794] (-) TimerEvent: {}
[170.781026] (-) TimerEvent: {}
[170.881256] (-) TimerEvent: {}
[170.981479] (-) TimerEvent: {}
[171.081688] (-) TimerEvent: {}
[171.181881] (-) TimerEvent: {}
[171.282115] (-) TimerEvent: {}
[171.382344] (-) TimerEvent: {}
[171.482545] (-) TimerEvent: {}
[171.582856] (-) TimerEvent: {}
[171.683116] (-) TimerEvent: {}
[171.783357] (-) TimerEvent: {}
[171.883658] (-) TimerEvent: {}
[171.983870] (-) TimerEvent: {}
[172.084189] (-) TimerEvent: {}
[172.184402] (-) TimerEvent: {}
[172.284654] (-) TimerEvent: {}
[172.384872] (-) TimerEvent: {}
[172.485104] (-) TimerEvent: {}
[172.585339] (-) TimerEvent: {}
[172.685574] (-) TimerEvent: {}
[172.785783] (-) TimerEvent: {}
[172.886042] (-) TimerEvent: {}
[172.986240] (-) TimerEvent: {}
[173.086432] (-) TimerEvent: {}
[173.186650] (-) TimerEvent: {}
[173.286860] (-) TimerEvent: {}
[173.387103] (-) TimerEvent: {}
[173.487317] (-) TimerEvent: {}
[173.587529] (-) TimerEvent: {}
[173.687796] (-) TimerEvent: {}
[173.788027] (-) TimerEvent: {}
[173.888279] (-) TimerEvent: {}
[173.988542] (-) TimerEvent: {}
[174.088957] (-) TimerEvent: {}
[174.189166] (-) TimerEvent: {}
[174.289374] (-) TimerEvent: {}
[174.389664] (-) TimerEvent: {}
[174.489894] (-) TimerEvent: {}
[174.590118] (-) TimerEvent: {}
[174.690341] (-) TimerEvent: {}
[174.790533] (-) TimerEvent: {}
[174.890804] (-) TimerEvent: {}
[174.991033] (-) TimerEvent: {}
[175.091250] (-) TimerEvent: {}
[175.191460] (-) TimerEvent: {}
[175.291733] (-) TimerEvent: {}
[175.392044] (-) TimerEvent: {}
[175.492287] (-) TimerEvent: {}
[175.592515] (-) TimerEvent: {}
[175.692748] (-) TimerEvent: {}
[175.792951] (-) TimerEvent: {}
[175.893148] (-) TimerEvent: {}
[175.993368] (-) TimerEvent: {}
[176.093672] (-) TimerEvent: {}
[176.193867] (-) TimerEvent: {}
[176.294113] (-) TimerEvent: {}
[176.394384] (-) TimerEvent: {}
[176.494658] (-) TimerEvent: {}
[176.594905] (-) TimerEvent: {}
[176.695151] (-) TimerEvent: {}
[176.795405] (-) TimerEvent: {}
[176.895646] (-) TimerEvent: {}
[176.995905] (-) TimerEvent: {}
[177.096117] (-) TimerEvent: {}
[177.196320] (-) TimerEvent: {}
[177.296590] (-) TimerEvent: {}
[177.396881] (-) TimerEvent: {}
[177.497131] (-) TimerEvent: {}
[177.597398] (-) TimerEvent: {}
[177.697659] (-) TimerEvent: {}
[177.797843] (-) TimerEvent: {}
[177.898055] (-) TimerEvent: {}
[177.998265] (-) TimerEvent: {}
[178.098455] (-) TimerEvent: {}
[178.198656] (-) TimerEvent: {}
[178.298832] (-) TimerEvent: {}
[178.399115] (-) TimerEvent: {}
[178.499438] (-) TimerEvent: {}
[178.599664] (-) TimerEvent: {}
[178.699904] (-) TimerEvent: {}
[178.800141] (-) TimerEvent: {}
[178.900380] (-) TimerEvent: {}
[179.000632] (-) TimerEvent: {}
[179.100883] (-) TimerEvent: {}
[179.201089] (-) TimerEvent: {}
[179.301318] (-) TimerEvent: {}
[179.401623] (-) TimerEvent: {}
[179.501856] (-) TimerEvent: {}
[179.602085] (-) TimerEvent: {}
[179.702292] (-) TimerEvent: {}
[179.802504] (-) TimerEvent: {}
[179.902760] (-) TimerEvent: {}
[180.002991] (-) TimerEvent: {}
[180.103225] (-) TimerEvent: {}
[180.203467] (-) TimerEvent: {}
[180.303709] (-) TimerEvent: {}
[180.403940] (-) TimerEvent: {}
[180.504175] (-) TimerEvent: {}
[180.604400] (-) TimerEvent: {}
[180.704632] (-) TimerEvent: {}
[180.804862] (-) TimerEvent: {}
[180.905097] (-) TimerEvent: {}
[181.005336] (-) TimerEvent: {}
[181.105663] (-) TimerEvent: {}
[181.205861] (-) TimerEvent: {}
[181.306077] (-) TimerEvent: {}
[181.406308] (-) TimerEvent: {}
[181.506545] (-) TimerEvent: {}
[181.606800] (-) TimerEvent: {}
[181.660140] (orbbec_camera) CommandEnded: {'returncode': 0}
[181.678601] (orbbec_camera) JobEnded: {'identifier': 'orbbec_camera', 'rc': 0}
[181.679044] (-) EventReactorShutdown: {}
