1785234060.816817522 step=0 stage=loop_begin
1785234060.820442438 step=0 stage=before_camera_render
1785234060.901296854 step=0 stage=after_camera_render
1785234060.928651094 step=0 stage=after_set_ctrl
1785234060.931944847 step=0 stage=after_step_log
1785234060.933739662 step=0 stage=before_mj_step
1785234060.935871124 step=0 stage=after_mj_step
1785234060.937848568 step=1 stage=loop_begin
1785234060.956099987 step=1 stage=after_set_ctrl
1785234060.959028244 step=1 stage=after_step_log
1785234060.960783958 step=1 stage=before_mj_step
1785234060.962938070 step=1 stage=after_mj_step
1785234060.965028763 step=2 stage=loop_begin
1785234060.969120502 step=2 stage=after_set_ctrl
1785234060.971040010 step=2 stage=after_step_log
1785234060.972740173 step=2 stage=before_mj_step
1785234060.974848747 step=2 stage=after_mj_step
1785234060.976905107 step=3 stage=loop_begin
1785234060.979280233 step=3 stage=after_set_ctrl
1785234060.979419470 step=3 stage=after_step_log
1785234060.979431868 step=3 stage=before_mj_step
1785234060.979536057 step=3 stage=after_mj_step
1785234060.979642153 step=4 stage=loop_begin
1785234060.981183052 step=4 stage=after_set_ctrl
1785234060.981309891 step=4 stage=after_step_log
1785234060.981321335 step=4 stage=before_mj_step
1785234060.981448174 step=4 stage=after_mj_step
1785234060.981556177 step=5 stage=loop_begin
1785234060.981647015 step=5 stage=before_camera_render
1785234061.036657572 step=5 stage=after_camera_render
1785234061.038238525 step=5 stage=after_set_ctrl
1785234061.038347483 step=5 stage=after_step_log
1785234061.038352728 step=5 stage=before_mj_step
1785234061.038459301 step=5 stage=after_mj_step
1785234061.038545370 step=6 stage=loop_begin
1785234061.039469242 step=6 stage=after_set_ctrl
1785234061.039561272 step=6 stage=after_step_log
1785234061.039566040 step=6 stage=before_mj_step
1785234061.039632797 step=6 stage=after_mj_step
1785234061.039704800 step=7 stage=loop_begin
1785234061.040511370 step=7 stage=after_set_ctrl
1785234061.040600300 step=7 stage=after_step_log
1785234061.040605545 step=7 stage=before_mj_step
1785234061.040670633 step=7 stage=after_mj_step
1785234061.040737867 step=8 stage=loop_begin
1785234061.041927338 step=8 stage=after_set_ctrl
1785234061.042026758 step=8 stage=after_step_log
1785234061.042032719 step=8 stage=before_mj_step
1785234061.042104483 step=8 stage=after_mj_step
1785234061.042175770 step=9 stage=loop_begin
1785234061.043195963 step=9 stage=after_set_ctrl
1785234061.043283224 step=9 stage=after_step_log
1785234061.043287992 step=9 stage=before_mj_step
1785234061.043350697 step=9 stage=after_mj_step
1785234061.043421030 step=10 stage=loop_begin
1785234061.043473005 step=10 stage=before_camera_render
1785234061.097855330 step=10 stage=after_camera_render
1785234061.099522114 step=10 stage=after_set_ctrl
1785234061.099629164 step=10 stage=after_step_log
1785234061.099634409 step=10 stage=before_mj_step
1785234061.099732876 step=10 stage=after_mj_step
1785234061.099821091 step=11 stage=loop_begin
1785234061.102072001 step=11 stage=after_set_ctrl
1785234061.102171183 step=11 stage=after_step_log
1785234061.102175474 step=11 stage=before_mj_step
1785234061.102251053 step=11 stage=after_mj_step
1785234061.102324486 step=12 stage=loop_begin
1785234061.103245974 step=12 stage=after_set_ctrl
1785234061.103327751 step=12 stage=after_step_log
1785234061.103332043 step=12 stage=before_mj_step
1785234061.103391409 step=12 stage=after_mj_step
1785234061.103461027 step=13 stage=loop_begin
1785234061.104363441 step=13 stage=after_set_ctrl
1785234061.104456425 step=13 stage=after_step_log
1785234061.104462385 step=13 stage=before_mj_step
1785234061.104529142 step=13 stage=after_mj_step
1785234061.104593515 step=14 stage=loop_begin
1785234061.105483532 step=14 stage=after_set_ctrl
1785234061.105567455 step=14 stage=after_step_log
1785234061.105571985 step=14 stage=before_mj_step
1785234061.105638027 step=14 stage=after_mj_step
1785234061.105700493 step=15 stage=loop_begin
1785234061.105747223 step=15 stage=before_camera_render
1785234061.157194138 step=15 stage=after_camera_render
1785234061.158521175 step=15 stage=after_set_ctrl
1785234061.158625364 step=15 stage=after_step_log
1785234061.158630371 step=15 stage=before_mj_step
1785234061.158729315 step=15 stage=after_mj_step
1785234061.158816814 step=16 stage=loop_begin
1785234061.160264492 step=16 stage=after_set_ctrl
1785234061.160354853 step=16 stage=after_step_log
1785234061.160359621 step=16 stage=before_mj_step
1785234061.160440922 step=16 stage=after_mj_step
1785234061.160511732 step=17 stage=loop_begin
1785234061.161493301 step=17 stage=after_set_ctrl
1785234061.161581516 step=17 stage=after_step_log
1785234061.161587000 step=17 stage=before_mj_step
1785234061.161652803 step=17 stage=after_mj_step
1785234061.161718607 step=18 stage=loop_begin
1785234061.162649870 step=18 stage=after_set_ctrl
1785234061.162739038 step=18 stage=after_step_log
1785234061.162742853 step=18 stage=before_mj_step
1785234061.162802458 step=18 stage=after_mj_step
1785234061.162867308 step=19 stage=loop_begin
1785234061.164060116 step=19 stage=after_set_ctrl
1785234061.164148569 step=19 stage=after_step_log
1785234061.164153099 step=19 stage=before_mj_step
1785234061.164222717 step=19 stage=after_mj_step
1785234061.164290190 step=20 stage=loop_begin
1785234061.164339781 step=20 stage=before_camera_render
1785234061.216546774 step=20 stage=after_camera_render
1785234061.218049288 step=20 stage=after_set_ctrl
1785234061.218155622 step=20 stage=after_step_log
1785234061.218160152 step=20 stage=before_mj_step
1785234061.218264103 step=20 stage=after_mj_step
1785234061.218348980 step=21 stage=loop_begin
1785234061.219460249 step=21 stage=after_set_ctrl
1785234061.219557047 step=21 stage=after_step_log
1785234061.219561815 step=21 stage=before_mj_step
1785234061.219636917 step=21 stage=after_mj_step
1785234061.219709873 step=22 stage=loop_begin
1785234061.220669985 step=22 stage=after_set_ctrl
1785234061.220758438 step=22 stage=after_step_log
1785234061.220762730 step=22 stage=before_mj_step
1785234061.220833778 step=22 stage=after_mj_step
1785234061.220900297 step=23 stage=loop_begin
1785234061.221874714 step=23 stage=after_set_ctrl
1785234061.221958160 step=23 stage=after_step_log
1785234061.221962690 step=23 stage=before_mj_step
1785234061.222026348 step=23 stage=after_mj_step
1785234061.222090483 step=24 stage=loop_begin
1785234061.222957373 step=24 stage=after_set_ctrl
1785234061.223043680 step=24 stage=after_step_log
1785234061.223047733 step=24 stage=before_mj_step
1785234061.223109007 step=24 stage=after_mj_step
1785234061.223174095 step=25 stage=loop_begin
1785234061.223218203 step=25 stage=before_camera_render
1785234061.276013851 step=25 stage=after_camera_render
1785234061.277480602 step=25 stage=after_set_ctrl
1785234061.277650356 step=25 stage=after_step_log
1785234061.277654409 step=25 stage=before_mj_step
1785234061.277760506 step=25 stage=after_mj_step
1785234061.277855396 step=26 stage=loop_begin
1785234061.279468536 step=26 stage=after_set_ctrl
1785234061.279623508 step=26 stage=after_step_log
1785234061.279633045 step=26 stage=before_mj_step
1785234061.279750347 step=26 stage=after_mj_step
1785234061.279862165 step=27 stage=loop_begin
1785234061.281876326 step=27 stage=after_set_ctrl
1785234061.282036781 step=27 stage=after_step_log
1785234061.282047033 step=27 stage=before_mj_step
1785234061.282176733 step=27 stage=after_mj_step
1785234061.282289505 step=28 stage=loop_begin
1785234061.284120798 step=28 stage=after_set_ctrl
1785234061.284257174 step=28 stage=after_step_log
1785234061.284267187 step=28 stage=before_mj_step
1785234061.284373283 step=28 stage=after_mj_step
1785234061.284482241 step=29 stage=loop_begin
1785234061.286281109 step=29 stage=after_set_ctrl
1785234061.286424160 step=29 stage=after_step_log
1785234061.286436558 step=29 stage=before_mj_step
1785234061.286535978 step=29 stage=after_mj_step
1785234061.286635876 step=30 stage=loop_begin
1785234061.286725998 step=30 stage=before_camera_render
1785234061.347630501 step=30 stage=after_camera_render
1785234061.349016428 step=30 stage=after_set_ctrl
1785234061.349126101 step=30 stage=after_step_log
1785234061.349136353 step=30 stage=before_mj_step
1785234061.349239826 step=30 stage=after_mj_step
1785234061.349334717 step=31 stage=loop_begin
1785234061.350337505 step=31 stage=after_set_ctrl
1785234061.350444555 step=31 stage=after_step_log
1785234061.350450516 step=31 stage=before_mj_step
1785234061.350521803 step=31 stage=after_mj_step
1785234061.350597143 step=32 stage=loop_begin
1785234061.351641893 step=32 stage=after_set_ctrl
1785234061.351730585 step=32 stage=after_step_log
1785234061.351735592 step=32 stage=before_mj_step
1785234061.351806641 step=32 stage=after_mj_step
1785234061.351875067 step=33 stage=loop_begin
1785234061.352730513 step=33 stage=after_set_ctrl
1785234061.352818727 step=33 stage=after_step_log
1785234061.352823496 step=33 stage=before_mj_step
1785234061.352893353 step=33 stage=after_mj_step
1785234061.352963209 step=34 stage=loop_begin
1785234061.353882074 step=34 stage=after_set_ctrl
1785234061.353974104 step=34 stage=after_step_log
1785234061.353978634 step=34 stage=before_mj_step
1785234061.354048014 step=34 stage=after_mj_step
1785234061.354116201 step=35 stage=loop_begin
1785234061.354166031 step=35 stage=before_camera_render
1785234061.413402081 step=35 stage=after_camera_render
1785234061.414846182 step=35 stage=after_set_ctrl
1785234061.414957762 step=35 stage=after_step_log
1785234061.414962530 step=35 stage=before_mj_step
1785234061.415060520 step=35 stage=after_mj_step
1785234061.415149927 step=36 stage=loop_begin
1785234061.416532278 step=36 stage=after_set_ctrl
1785234061.416630983 step=36 stage=after_step_log
1785234061.416635036 step=36 stage=before_mj_step
1785234061.416709661 step=36 stage=after_mj_step
1785234061.416785002 step=37 stage=loop_begin
1785234061.417710304 step=37 stage=after_set_ctrl
1785234061.417797327 step=37 stage=after_step_log
1785234061.417801142 step=37 stage=before_mj_step
1785234061.417865038 step=37 stage=after_mj_step
1785234061.417932987 step=38 stage=loop_begin
1785234061.419112444 step=38 stage=after_set_ctrl
1785234061.419205666 step=38 stage=after_step_log
1785234061.419209719 step=38 stage=before_mj_step
1785234061.419280529 step=38 stage=after_mj_step
1785234061.419348717 step=39 stage=loop_begin
1785234061.420334339 step=39 stage=after_set_ctrl
1785234061.420424938 step=39 stage=after_step_log
1785234061.420430183 step=39 stage=before_mj_step
1785234061.420493603 step=39 stage=after_mj_step
1785234061.420557737 step=40 stage=loop_begin
1785234061.420608044 step=40 stage=before_camera_render
1785234061.474104404 step=40 stage=after_camera_render
1785234061.475659370 step=40 stage=after_set_ctrl
1785234061.475765944 step=40 stage=after_step_log
1785234061.475770950 step=40 stage=before_mj_step
1785234061.475872278 step=40 stage=after_mj_step
1785234061.475963593 step=41 stage=loop_begin
1785234061.477196455 step=41 stage=after_set_ctrl
1785234061.477290154 step=41 stage=after_step_log
1785234061.477294445 step=41 stage=before_mj_step
1785234061.477364302 step=41 stage=after_mj_step
1785234061.477444887 step=42 stage=loop_begin
1785234061.478447676 step=42 stage=after_set_ctrl
1785234061.478533268 step=42 stage=after_step_log
1785234061.478537560 step=42 stage=before_mj_step
1785234061.478599787 step=42 stage=after_mj_step
1785234061.478663921 step=43 stage=loop_begin
1785234061.479645014 step=43 stage=after_set_ctrl
1785234061.479725838 step=43 stage=after_step_log
1785234061.479729891 step=43 stage=before_mj_step
1785234061.479792118 step=43 stage=after_mj_step
1785234061.479853630 step=44 stage=loop_begin
1785234061.480844498 step=44 stage=after_set_ctrl
1785234061.480931520 step=44 stage=after_step_log
1785234061.480936289 step=44 stage=before_mj_step
1785234061.481011391 step=44 stage=after_mj_step
1785234061.481077671 step=45 stage=loop_begin
1785234061.481128693 step=45 stage=before_camera_render
1785234061.536002874 step=45 stage=after_camera_render
1785234061.537476063 step=45 stage=after_set_ctrl
1785234061.537583113 step=45 stage=after_step_log
1785234061.537587166 step=45 stage=before_mj_step
1785234061.537689447 step=45 stage=after_mj_step
1785234061.537785530 step=46 stage=loop_begin
1785234061.539133549 step=46 stage=after_set_ctrl
1785234061.539231300 step=46 stage=after_step_log
1785234061.539235353 step=46 stage=before_mj_step
1785234061.539312840 step=46 stage=after_mj_step
1785234061.539385080 step=47 stage=loop_begin
1785234061.540285349 step=47 stage=after_set_ctrl
1785234061.540375948 step=47 stage=after_step_log
1785234061.540380716 step=47 stage=before_mj_step
1785234061.540449142 step=47 stage=after_mj_step
1785234061.540513754 step=48 stage=loop_begin
1785234061.541535854 step=48 stage=after_set_ctrl
1785234061.541623116 step=48 stage=after_step_log
1785234061.541627407 step=48 stage=before_mj_step
1785234061.541689157 step=48 stage=after_mj_step
1785234061.541754007 step=49 stage=loop_begin
1785234061.542770863 step=49 stage=after_set_ctrl
1785234061.542857409 step=49 stage=after_step_log
1785234061.542861938 step=49 stage=before_mj_step
1785234061.542930603 step=49 stage=after_mj_step
1785234061.542994738 step=50 stage=loop_begin
1785234061.543044090 step=50 stage=before_camera_render
1785234061.598221779 step=50 stage=after_camera_render
1785234061.599636793 step=50 stage=after_set_ctrl
1785234061.599782228 step=50 stage=after_step_log
1785234061.599786043 step=50 stage=before_mj_step
1785234061.599901199 step=50 stage=after_mj_step
1785234061.599992275 step=51 stage=loop_begin
1785234061.601203918 step=51 stage=after_set_ctrl
1785234061.601290226 step=51 stage=after_step_log
1785234061.601294279 step=51 stage=before_mj_step
1785234061.601366043 step=51 stage=after_mj_step
1785234061.601441383 step=52 stage=loop_begin
1785234061.602396488 step=52 stage=after_set_ctrl
1785234061.602494717 step=52 stage=after_step_log
1785234061.602502584 step=52 stage=before_mj_step
1785234061.602588654 step=52 stage=after_mj_step
1785234061.602661371 step=53 stage=loop_begin
1785234061.603940964 step=53 stage=after_set_ctrl
1785234061.604028702 step=53 stage=after_step_log
1785234061.604033947 step=53 stage=before_mj_step
1785234061.604105949 step=53 stage=after_mj_step
1785234061.604173422 step=54 stage=loop_begin
1785234061.605101585 step=54 stage=after_set_ctrl
1785234061.605191469 step=54 stage=after_step_log
1785234061.605195999 step=54 stage=before_mj_step
1785234061.605260849 step=54 stage=after_mj_step
1785234061.605325460 step=55 stage=loop_begin
1785234061.605383158 step=55 stage=before_camera_render
1785234061.659165859 step=55 stage=after_camera_render
1785234061.660482407 step=55 stage=after_set_ctrl
1785234061.660593748 step=55 stage=after_step_log
1785234061.660598755 step=55 stage=before_mj_step
1785234061.660703897 step=55 stage=after_mj_step
1785234061.660789251 step=56 stage=loop_begin
1785234061.662041903 step=56 stage=after_set_ctrl
1785234061.662150383 step=56 stage=after_step_log
1785234061.662155628 step=56 stage=before_mj_step
1785234061.662230492 step=56 stage=after_mj_step
1785234061.662307024 step=57 stage=loop_begin
1785234061.663904428 step=57 stage=after_set_ctrl
1785234061.663996458 step=57 stage=after_step_log
1785234061.664001226 step=57 stage=before_mj_step
1785234061.664074183 step=57 stage=after_mj_step
1785234061.664142370 step=58 stage=loop_begin
1785234061.665064335 step=58 stage=after_set_ctrl
1785234061.665152073 step=58 stage=after_step_log
1785234061.665156841 step=58 stage=before_mj_step
1785234061.665226460 step=58 stage=after_mj_step
1785234061.665293932 step=59 stage=loop_begin
1785234061.666181564 step=59 stage=after_set_ctrl
1785234061.666270733 step=59 stage=after_step_log
1785234061.666275263 step=59 stage=before_mj_step
1785234061.666342497 step=59 stage=after_mj_step
1785234061.666405678 step=60 stage=loop_begin
1785234061.666465759 step=60 stage=before_camera_render
1785234061.719291925 step=60 stage=after_camera_render
1785234061.721079111 step=60 stage=after_set_ctrl
1785234061.721183538 step=60 stage=after_step_log
1785234061.721187592 step=60 stage=before_mj_step
1785234061.721292734 step=60 stage=after_mj_step
1785234061.721371651 step=61 stage=loop_begin
1785234061.722502947 step=61 stage=after_set_ctrl
1785234061.722596169 step=61 stage=after_step_log
1785234061.722600698 step=61 stage=before_mj_step
1785234061.722671032 step=61 stage=after_mj_step
1785234061.722735643 step=62 stage=loop_begin
1785234061.723629475 step=62 stage=after_set_ctrl
1785234061.723718643 step=62 stage=after_step_log
1785234061.723723412 step=62 stage=before_mj_step
1785234061.723797560 step=62 stage=after_mj_step
1785234061.723864079 step=63 stage=loop_begin
1785234061.724908829 step=63 stage=after_set_ctrl
1785234061.724993944 step=63 stage=after_step_log
1785234061.724998951 step=63 stage=before_mj_step
1785234061.725066900 step=63 stage=after_mj_step
1785234061.725131750 step=64 stage=loop_begin
1785234061.726038933 step=64 stage=after_set_ctrl
1785234061.726121187 step=64 stage=after_step_log
1785234061.726126194 step=64 stage=before_mj_step
1785234061.726190567 step=64 stage=after_mj_step
1785234061.726253510 step=65 stage=loop_begin
1785234061.726309299 step=65 stage=before_camera_render
1785234061.782382250 step=65 stage=after_camera_render
1785234061.783892632 step=65 stage=after_set_ctrl
1785234061.783998251 step=65 stage=after_step_log
1785234061.784003019 step=65 stage=before_mj_step
1785234061.784104347 step=65 stage=after_mj_step
1785234061.784191370 step=66 stage=loop_begin
1785234061.785321236 step=66 stage=after_set_ctrl
1785234061.785419703 step=66 stage=after_step_log
1785234061.785425186 step=66 stage=before_mj_step
1785234061.785496950 step=66 stage=after_mj_step
1785234061.785569191 step=67 stage=loop_begin
1785234061.786458969 step=67 stage=after_set_ctrl
1785234061.786548376 step=67 stage=after_step_log
1785234061.786555767 step=67 stage=before_mj_step
1785234061.786625624 step=67 stage=after_mj_step
1785234061.786689520 step=68 stage=loop_begin
1785234061.787516356 step=68 stage=after_set_ctrl
1785234061.787603855 step=68 stage=after_step_log
1785234061.787607908 step=68 stage=before_mj_step
1785234061.787679672 step=68 stage=after_mj_step
1785234061.787744999 step=69 stage=loop_begin
1785234061.788686991 step=69 stage=after_set_ctrl
1785234061.788772583 step=69 stage=after_step_log
1785234061.788776636 step=69 stage=before_mj_step
1785234061.788847923 step=69 stage=after_mj_step
1785234061.788912296 step=70 stage=loop_begin
1785234061.788969517 step=70 stage=before_camera_render
1785234061.841578484 step=70 stage=after_camera_render
1785234061.843225718 step=70 stage=after_set_ctrl
1785234061.843340874 step=70 stage=after_step_log
1785234061.843345404 step=70 stage=before_mj_step
1785234061.843456745 step=70 stage=after_mj_step
1785234061.843550682 step=71 stage=loop_begin
1785234061.845067263 step=71 stage=after_set_ctrl
1785234061.845154524 step=71 stage=after_step_log
1785234061.845158815 step=71 stage=before_mj_step
1785234061.845227003 step=71 stage=after_mj_step
1785234061.845291853 step=72 stage=loop_begin
1785234061.846406698 step=72 stage=after_set_ctrl
1785234061.846492052 step=72 stage=after_step_log
1785234061.846497059 step=72 stage=before_mj_step
1785234061.846557140 step=72 stage=after_mj_step
1785234061.846620560 step=73 stage=loop_begin
1785234061.847642422 step=73 stage=after_set_ctrl
1785234061.847738028 step=73 stage=after_step_log
1785234061.847743511 step=73 stage=before_mj_step
1785234061.847809553 step=73 stage=after_mj_step
1785234061.847874165 step=74 stage=loop_begin
1785234061.848713636 step=74 stage=after_set_ctrl
1785234061.848798037 step=74 stage=after_step_log
1785234061.848802328 step=74 stage=before_mj_step
1785234061.848869324 step=74 stage=after_mj_step
1785234061.848932266 step=75 stage=loop_begin
1785234061.848988056 step=75 stage=before_camera_render
1785234061.902356625 step=75 stage=after_camera_render
1785234061.903924942 step=75 stage=after_set_ctrl
1785234061.904058933 step=75 stage=after_step_log
1785234061.904062510 step=75 stage=before_mj_step
1785234061.904164553 step=75 stage=after_mj_step
1785234061.904250622 step=76 stage=loop_begin
1785234061.905144930 step=76 stage=after_set_ctrl
1785234061.905236959 step=76 stage=after_step_log
1785234061.905244827 step=76 stage=before_mj_step
1785234061.905314922 step=76 stage=after_mj_step
1785234061.905385017 step=77 stage=loop_begin
1785234061.906431437 step=77 stage=after_set_ctrl
1785234061.906520605 step=77 stage=after_step_log
1785234061.906524658 step=77 stage=before_mj_step
1785234061.906594515 step=77 stage=after_mj_step
1785234061.906660557 step=78 stage=loop_begin
1785234061.907485485 step=78 stage=after_set_ctrl
1785234061.907571316 step=78 stage=after_step_log
1785234061.907575130 step=78 stage=before_mj_step
1785234061.907636166 step=78 stage=after_mj_step
1785234061.907700777 step=79 stage=loop_begin
1785234061.908629179 step=79 stage=after_set_ctrl
1785234061.908717871 step=79 stage=after_step_log
1785234061.908722401 step=79 stage=before_mj_step
1785234061.908792257 step=79 stage=after_mj_step
1785234061.908858299 step=80 stage=loop_begin
1785234061.908917189 step=80 stage=before_camera_render
1785234061.961767673 step=80 stage=after_camera_render
1785234061.963261604 step=80 stage=after_set_ctrl
1785234061.963368893 step=80 stage=after_step_log
1785234061.963373661 step=80 stage=before_mj_step
1785234061.963485718 step=80 stage=after_mj_step
1785234061.963572264 step=81 stage=loop_begin
1785234061.964641333 step=81 stage=after_set_ctrl
1785234061.964735985 step=81 stage=after_step_log
1785234061.964740276 step=81 stage=before_mj_step
1785234061.964813709 step=81 stage=after_mj_step
1785234061.964887381 step=82 stage=loop_begin
1785234061.966182947 step=82 stage=after_set_ctrl
1785234061.966272831 step=82 stage=after_step_log
1785234061.966276884 step=82 stage=before_mj_step
1785234061.966344357 step=82 stage=after_mj_step
1785234061.966409445 step=83 stage=loop_begin
1785234061.967281103 step=83 stage=after_set_ctrl
1785234061.967370987 step=83 stage=after_step_log
1785234061.967375517 step=83 stage=before_mj_step
1785234061.967456102 step=83 stage=after_mj_step
1785234061.967523336 step=84 stage=loop_begin
1785234061.968363285 step=84 stage=after_set_ctrl
1785234061.968457460 step=84 stage=after_step_log
1785234061.968464851 step=84 stage=before_mj_step
1785234061.968533039 step=84 stage=after_mj_step
1785234061.968598366 step=85 stage=loop_begin
1785234061.968655109 step=85 stage=before_camera_render
1785234062.021790981 step=85 stage=after_camera_render
1785234062.023545504 step=85 stage=after_set_ctrl
1785234062.023651361 step=85 stage=after_step_log
1785234062.023655415 step=85 stage=before_mj_step
1785234062.023758650 step=85 stage=after_mj_step
1785234062.023841381 step=86 stage=loop_begin
1785234062.024904251 step=86 stage=after_set_ctrl
1785234062.024994612 step=86 stage=after_step_log
1785234062.024999142 step=86 stage=before_mj_step
1785234062.025071859 step=86 stage=after_mj_step
1785234062.025140524 step=87 stage=loop_begin
1785234062.026120424 step=87 stage=after_set_ctrl
1785234062.026214361 step=87 stage=after_step_log
1785234062.026218891 step=87 stage=before_mj_step
1785234062.026292562 step=87 stage=after_mj_step
1785234062.026357651 step=88 stage=loop_begin
1785234062.027231932 step=88 stage=after_set_ctrl
1785234062.027322054 step=88 stage=after_step_log
1785234062.027326345 step=88 stage=before_mj_step
1785234062.027400494 step=88 stage=after_mj_step
1785234062.027472019 step=89 stage=loop_begin
1785234062.028289795 step=89 stage=after_set_ctrl
1785234062.028385878 step=89 stage=after_step_log
1785234062.028391600 step=89 stage=before_mj_step
1785234062.028473139 step=89 stage=after_mj_step
1785234062.028542519 step=90 stage=loop_begin
1785234062.028602839 step=90 stage=before_camera_render
1785234062.082435608 step=90 stage=after_camera_render
1785234062.084050894 step=90 stage=after_set_ctrl
1785234062.084168673 step=90 stage=after_step_log
1785234062.084173679 step=90 stage=before_mj_step
1785234062.084275007 step=90 stage=after_mj_step
1785234062.084368467 step=91 stage=loop_begin
1785234062.085316896 step=91 stage=after_set_ctrl
1785234062.085407257 step=91 stage=after_step_log
1785234062.085411549 step=91 stage=before_mj_step
1785234062.085487843 step=91 stage=after_mj_step
1785234062.085564852 step=92 stage=loop_begin
1785234062.086468935 step=92 stage=after_set_ctrl
1785234062.086561441 step=92 stage=after_step_log
1785234062.086565733 step=92 stage=before_mj_step
1785234062.086634636 step=92 stage=after_mj_step
1785234062.086699963 step=93 stage=loop_begin
1785234062.087589979 step=93 stage=after_set_ctrl
1785234062.087680578 step=93 stage=after_step_log
1785234062.087684870 step=93 stage=before_mj_step
1785234062.087757826 step=93 stage=after_mj_step
1785234062.087826014 step=94 stage=loop_begin
1785234062.088954687 step=94 stage=after_set_ctrl
1785234062.089041233 step=94 stage=after_step_log
1785234062.089045763 step=94 stage=before_mj_step
1785234062.089106798 step=94 stage=after_mj_step
1785234062.089170933 step=95 stage=loop_begin
1785234062.089228392 step=95 stage=before_camera_render
1785234062.145703077 step=95 stage=after_camera_render
1785234062.147069693 step=95 stage=after_set_ctrl
1785234062.147187233 step=95 stage=after_step_log
1785234062.147191286 step=95 stage=before_mj_step
1785234062.147305965 step=95 stage=after_mj_step
1785234062.147407055 step=96 stage=loop_begin
1785234062.148653984 step=96 stage=after_set_ctrl
1785234062.148762465 step=96 stage=after_step_log
1785234062.148767233 step=96 stage=before_mj_step
1785234062.148851633 step=96 stage=after_mj_step
1785234062.148931980 step=97 stage=loop_begin
1785234062.149883747 step=97 stage=after_set_ctrl
1785234062.149978161 step=97 stage=after_step_log
1785234062.149982929 step=97 stage=before_mj_step
1785234062.150059462 step=97 stage=after_mj_step
1785234062.150128603 step=98 stage=loop_begin
1785234062.151098967 step=98 stage=after_set_ctrl
1785234062.151196003 step=98 stage=after_step_log
1785234062.151200533 step=98 stage=before_mj_step
1785234062.151274204 step=98 stage=after_mj_step
1785234062.151341915 step=99 stage=loop_begin
1785234062.152236223 step=99 stage=after_set_ctrl
1785234062.152326345 step=99 stage=after_step_log
1785234062.152330399 step=99 stage=before_mj_step
1785234062.152401209 step=99 stage=after_mj_step
1785234062.152476311 step=100 stage=loop_begin
1785234062.152539253 step=100 stage=before_camera_render
1785234062.212371111 step=100 stage=after_camera_render
1785234062.214104891 step=100 stage=after_set_ctrl
1785234062.214255095 step=100 stage=after_step_log
1785234062.214258671 step=100 stage=before_mj_step
1785234062.214367390 step=100 stage=after_mj_step
1785234062.214463234 step=101 stage=loop_begin
1785234062.215634108 step=101 stage=after_set_ctrl
1785234062.215729475 step=101 stage=after_step_log
1785234062.215733528 step=101 stage=before_mj_step
1785234062.215809107 step=101 stage=after_mj_step
1785234062.215880156 step=102 stage=loop_begin
1785234062.216917753 step=102 stage=after_set_ctrl
1785234062.217006922 step=102 stage=after_step_log
1785234062.217011452 step=102 stage=before_mj_step
1785234062.217073679 step=102 stage=after_mj_step
1785234062.217137814 step=103 stage=loop_begin
1785234062.218193293 step=103 stage=after_set_ctrl
1785234062.218296289 step=103 stage=after_step_log
1785234062.218302011 step=103 stage=before_mj_step
1785234062.218383551 step=103 stage=after_mj_step
1785234062.218463659 step=104 stage=loop_begin
1785234062.219480276 step=104 stage=after_set_ctrl
1785234062.219574690 step=104 stage=after_step_log
1785234062.219579697 step=104 stage=before_mj_step
1785234062.219653368 step=104 stage=after_mj_step
1785234062.219722271 step=105 stage=loop_begin
1785234062.219779015 step=105 stage=before_camera_render
1785234062.273661613 step=105 stage=after_camera_render
1785234062.274961472 step=105 stage=after_set_ctrl
1785234062.275076389 step=105 stage=after_step_log
1785234062.275081158 step=105 stage=before_mj_step
1785234062.275183678 step=105 stage=after_mj_step
1785234062.275278568 step=106 stage=loop_begin
1785234062.276213408 step=106 stage=after_set_ctrl
1785234062.276299238 step=106 stage=after_step_log
1785234062.276304245 step=106 stage=before_mj_step
1785234062.276372910 step=106 stage=after_mj_step
1785234062.276445150 step=107 stage=loop_begin
1785234062.277427912 step=107 stage=after_set_ctrl
1785234062.277513504 step=107 stage=after_step_log
1785234062.277517796 step=107 stage=before_mj_step
1785234062.277583122 step=107 stage=after_mj_step
1785234062.277648211 step=108 stage=loop_begin
1785234062.278851509 step=108 stage=after_set_ctrl
1785234062.278944016 step=108 stage=after_step_log
1785234062.278948307 step=108 stage=before_mj_step
1785234062.279020071 step=108 stage=after_mj_step
1785234062.279091597 step=109 stage=loop_begin
1785234062.280219316 step=109 stage=after_set_ctrl
1785234062.280305862 step=109 stage=after_step_log
1785234062.280310631 step=109 stage=before_mj_step
1785234062.280373335 step=109 stage=after_mj_step
1785234062.280444384 step=110 stage=loop_begin
1785234062.280500174 step=110 stage=before_camera_render
1785234062.334757566 step=110 stage=after_camera_render
1785234062.336096048 step=110 stage=after_set_ctrl
1785234062.336203098 step=110 stage=after_step_log
1785234062.336207628 step=110 stage=before_mj_step
1785234062.336310625 step=110 stage=after_mj_step
1785234062.336404085 step=111 stage=loop_begin
1785234062.337448120 step=111 stage=after_set_ctrl
1785234062.337541580 step=111 stage=after_step_log
1785234062.337545633 step=111 stage=before_mj_step
1785234062.337611914 step=111 stage=after_mj_step
1785234062.337677002 step=112 stage=loop_begin
1785234062.338837862 step=112 stage=after_set_ctrl
1785234062.338926315 step=112 stage=after_step_log
1785234062.338930607 step=112 stage=before_mj_step
1785234062.339001179 step=112 stage=after_mj_step
1785234062.339067698 step=113 stage=loop_begin
1785234062.340113401 step=113 stage=after_set_ctrl
1785234062.340202808 step=113 stage=after_step_log
1785234062.340207338 step=113 stage=before_mj_step
1785234062.340274572 step=113 stage=after_mj_step
1785234062.340342999 step=114 stage=loop_begin
1785234062.341327190 step=114 stage=after_set_ctrl
1785234062.341411591 step=114 stage=after_step_log
1785234062.341423273 step=114 stage=before_mj_step
1785234062.341485977 step=114 stage=after_mj_step
1785234062.341552019 step=115 stage=loop_begin
1785234062.341604948 step=115 stage=before_camera_render
1785234062.395140409 step=115 stage=after_camera_render
1785234062.396400690 step=115 stage=after_set_ctrl
1785234062.396518230 step=115 stage=after_step_log
1785234062.396523714 step=115 stage=before_mj_step
1785234062.396629572 step=115 stage=after_mj_step
1785234062.396710634 step=116 stage=loop_begin
1785234062.397714615 step=116 stage=after_set_ctrl
1785234062.397815228 step=116 stage=after_step_log
1785234062.397820234 step=116 stage=before_mj_step
1785234062.397896767 step=116 stage=after_mj_step
1785234062.397967815 step=117 stage=loop_begin
1785234062.399023294 step=117 stage=after_set_ctrl
1785234062.399116755 step=117 stage=after_step_log
1785234062.399121046 step=117 stage=before_mj_step
1785234062.399193287 step=117 stage=after_mj_step
1785234062.399259806 step=118 stage=loop_begin
1785234062.400193691 step=118 stage=after_set_ctrl
1785234062.400280476 step=118 stage=after_step_log
1785234062.400285482 step=118 stage=before_mj_step
1785234062.400349140 step=118 stage=after_mj_step
1785234062.400419474 step=119 stage=loop_begin
1785234062.401269674 step=119 stage=after_set_ctrl
1785234062.401355505 step=119 stage=after_step_log
1785234062.401360035 step=119 stage=before_mj_step
1785234062.401426077 step=119 stage=after_mj_step
1785234062.401493311 step=120 stage=loop_begin
1785234062.401546717 step=120 stage=before_camera_render
1785234062.454763412 step=120 stage=after_camera_render
1785234062.456691027 step=120 stage=after_set_ctrl
1785234062.456796646 step=120 stage=after_step_log
1785234062.456801176 step=120 stage=before_mj_step
1785234062.456903696 step=120 stage=after_mj_step
1785234062.456980705 step=121 stage=loop_begin
1785234062.458143473 step=121 stage=after_set_ctrl
1785234062.458239555 step=121 stage=after_step_log
1785234062.458244085 step=121 stage=before_mj_step
1785234062.458318710 step=121 stage=after_mj_step
1785234062.458390236 step=122 stage=loop_begin
1785234062.459436655 step=122 stage=after_set_ctrl
1785234062.459527493 step=122 stage=after_step_log
1785234062.459531784 step=122 stage=before_mj_step
1785234062.459596395 step=122 stage=after_mj_step
1785234062.459660053 step=123 stage=loop_begin
1785234062.460497379 step=123 stage=after_set_ctrl
1785234062.460590601 step=123 stage=after_step_log
1785234062.460594893 step=123 stage=before_mj_step
1785234062.460668325 step=123 stage=after_mj_step
1785234062.460735083 step=124 stage=loop_begin
1785234062.461636305 step=124 stage=after_set_ctrl
1785234062.461737394 step=124 stage=after_step_log
1785234062.461742163 step=124 stage=before_mj_step
1785234062.461818457 step=124 stage=after_mj_step
1785234062.461889029 step=125 stage=loop_begin
1785234062.461942196 step=125 stage=before_camera_render
1785234062.517683983 step=125 stage=after_camera_render
1785234062.519291639 step=125 stage=after_set_ctrl
1785234062.519442797 step=125 stage=after_step_log
1785234062.519447088 step=125 stage=before_mj_step
1785234062.519549608 step=125 stage=after_mj_step
1785234062.519660711 step=126 stage=loop_begin
1785234062.521080971 step=126 stage=after_set_ctrl
1785234062.521172285 step=126 stage=after_step_log
1785234062.521176577 step=126 stage=before_mj_step
1785234062.521248817 step=126 stage=after_mj_step
1785234062.521317482 step=127 stage=loop_begin
1785234062.522178650 step=127 stage=after_set_ctrl
1785234062.522260427 step=127 stage=after_step_log
1785234062.522265196 step=127 stage=before_mj_step
1785234062.522329807 step=127 stage=after_mj_step
1785234062.522392511 step=128 stage=loop_begin
1785234062.523315668 step=128 stage=after_set_ctrl
1785234062.523402214 step=128 stage=after_step_log
1785234062.523406267 step=128 stage=before_mj_step
1785234062.523474932 step=128 stage=after_mj_step
1785234062.523540258 step=129 stage=loop_begin
1785234062.524398088 step=129 stage=after_set_ctrl
1785234062.524488211 step=129 stage=after_step_log
1785234062.524495125 step=129 stage=before_mj_step
1785234062.524566412 step=129 stage=after_mj_step
1785234062.524630308 step=130 stage=loop_begin
1785234062.524683714 step=130 stage=before_camera_render
1785234062.585788250 step=130 stage=after_camera_render
1785234062.587758064 step=130 stage=after_set_ctrl
1785234062.587885618 step=130 stage=after_step_log
1785234062.587891102 step=130 stage=before_mj_step
1785234062.588007212 step=130 stage=after_mj_step
1785234062.588105202 step=131 stage=loop_begin
1785234062.589446068 step=131 stage=after_set_ctrl
1785234062.589563608 step=131 stage=after_step_log
1785234062.589569569 step=131 stage=before_mj_step
1785234062.589668751 step=131 stage=after_mj_step
1785234062.589758635 step=132 stage=loop_begin
1785234062.591210604 step=132 stage=after_set_ctrl
1785234062.591356993 step=132 stage=after_step_log
1785234062.591363907 step=132 stage=before_mj_step
1785234062.591482162 step=132 stage=after_mj_step
1785234062.591593742 step=133 stage=loop_begin
1785234062.593031406 step=133 stage=after_set_ctrl
1785234062.593125820 step=133 stage=after_step_log
1785234062.593130350 step=133 stage=before_mj_step
1785234062.593200922 step=133 stage=after_mj_step
1785234062.593269110 step=134 stage=loop_begin
1785234062.594147444 step=134 stage=after_set_ctrl
1785234062.594243765 step=134 stage=after_step_log
1785234062.594248772 step=134 stage=before_mj_step
1785234062.594325304 step=134 stage=after_mj_step
1785234062.594392776 step=135 stage=loop_begin
1785234062.594455242 step=135 stage=before_camera_render
1785234062.648319006 step=135 stage=after_camera_render
1785234062.649921894 step=135 stage=after_set_ctrl
1785234062.650048733 step=135 stage=after_step_log
1785234062.650054455 step=135 stage=before_mj_step
1785234062.650177240 step=135 stage=after_mj_step
1785234062.650274754 step=136 stage=loop_begin
1785234062.651495695 step=136 stage=after_set_ctrl
1785234062.651598454 step=136 stage=after_step_log
1785234062.651603460 step=136 stage=before_mj_step
1785234062.651689529 step=136 stage=after_mj_step
1785234062.651766062 step=137 stage=loop_begin
1785234062.653307199 step=137 stage=after_set_ctrl
1785234062.653405190 step=137 stage=after_step_log
1785234062.653409719 step=137 stage=before_mj_step
1785234062.653501511 step=137 stage=after_mj_step
1785234062.653576851 step=138 stage=loop_begin
1785234062.654628277 step=138 stage=after_set_ctrl
1785234062.654718876 step=138 stage=after_step_log
1785234062.654723406 step=138 stage=before_mj_step
1785234062.654795408 step=138 stage=after_mj_step
1785234062.654860020 step=139 stage=loop_begin
1785234062.655941963 step=139 stage=after_set_ctrl
1785234062.656030655 step=139 stage=after_step_log
1785234062.656035185 step=139 stage=before_mj_step
1785234062.656108379 step=139 stage=after_mj_step
1785234062.656169415 step=140 stage=loop_begin
1785234062.656222820 step=140 stage=before_camera_render
1785234062.710769653 step=140 stage=after_camera_render
1785234062.712289572 step=140 stage=after_set_ctrl
1785234062.712411404 step=140 stage=after_step_log
1785234062.712422848 step=140 stage=before_mj_step
1785234062.712544203 step=140 stage=after_mj_step
1785234062.712655067 step=141 stage=loop_begin
1785234062.713610411 step=141 stage=after_set_ctrl
1785234062.713697433 step=141 stage=after_step_log
1785234062.713701963 step=141 stage=before_mj_step
1785234062.713776112 step=141 stage=after_mj_step
1785234062.713842869 step=142 stage=loop_begin
1785234062.715051174 step=142 stage=after_set_ctrl
1785234062.715148449 step=142 stage=after_step_log
1785234062.715153933 step=142 stage=before_mj_step
1785234062.715234995 step=142 stage=after_mj_step
1785234062.715306282 step=143 stage=loop_begin
1785234062.716282606 step=143 stage=after_set_ctrl
1785234062.716371298 step=143 stage=after_step_log
1785234062.716375589 step=143 stage=before_mj_step
1785234062.716453075 step=143 stage=after_mj_step
1785234062.716524363 step=144 stage=loop_begin
1785234062.717473269 step=144 stage=after_set_ctrl
1785234062.717563152 step=144 stage=after_step_log
1785234062.717568159 step=144 stage=before_mj_step
1785234062.717640877 step=144 stage=after_mj_step
1785234062.717706680 step=145 stage=loop_begin
1785234062.717762709 step=145 stage=before_camera_render
1785234062.770634890 step=145 stage=after_camera_render
1785234062.772333145 step=145 stage=after_set_ctrl
1785234062.772448778 step=145 stage=after_step_log
1785234062.772454262 step=145 stage=before_mj_step
1785234062.772567034 step=145 stage=after_mj_step
1785234062.772653103 step=146 stage=loop_begin
1785234062.773922205 step=146 stage=after_set_ctrl
1785234062.774014950 step=146 stage=after_step_log
1785234062.774019480 step=146 stage=before_mj_step
1785234062.774096966 step=146 stage=after_mj_step
1785234062.774165392 step=147 stage=loop_begin
1785234062.775061131 step=147 stage=after_set_ctrl
1785234062.775152683 step=147 stage=after_step_log
1785234062.775157452 step=147 stage=before_mj_step
1785234062.775242329 step=147 stage=after_mj_step
1785234062.775310516 step=148 stage=loop_begin
1785234062.776141644 step=148 stage=after_set_ctrl
1785234062.776231766 step=148 stage=after_step_log
1785234062.776236296 step=148 stage=before_mj_step
1785234062.776316404 step=148 stage=after_mj_step
1785234062.776381254 step=149 stage=loop_begin
1785234062.777316809 step=149 stage=after_set_ctrl
1785234062.777402401 step=149 stage=after_step_log
1785234062.777406693 step=149 stage=before_mj_step
1785234062.777485132 step=149 stage=after_mj_step
1785234062.777549744 step=150 stage=loop_begin
1785234062.777602673 step=150 stage=before_camera_render
1785234062.832468271 step=150 stage=after_camera_render
1785234062.833920717 step=150 stage=after_set_ctrl
1785234062.834065199 step=150 stage=after_step_log
1785234062.834069252 step=150 stage=before_mj_step
1785234062.834185362 step=150 stage=after_mj_step
1785234062.834265232 step=151 stage=loop_begin
1785234062.836054564 step=151 stage=after_set_ctrl
1785234062.836217403 step=151 stage=after_step_log
1785234062.836227417 step=151 stage=before_mj_step
1785234062.836351395 step=151 stage=after_mj_step
1785234062.836469650 step=152 stage=loop_begin
1785234062.838429213 step=152 stage=after_set_ctrl
1785234062.838577509 step=152 stage=after_step_log
1785234062.838586330 step=152 stage=before_mj_step
1785234062.838701248 step=152 stage=after_mj_step
1785234062.838805199 step=153 stage=loop_begin
1785234062.840466022 step=153 stage=after_set_ctrl
1785234062.840594769 step=153 stage=after_step_log
1785234062.840604305 step=153 stage=before_mj_step
1785234062.840704918 step=153 stage=after_mj_step
1785234062.840803146 step=154 stage=loop_begin
1785234062.842402220 step=154 stage=after_set_ctrl
1785234062.842538834 step=154 stage=after_step_log
1785234062.842550755 step=154 stage=before_mj_step
1785234062.842651129 step=154 stage=after_mj_step
1785234062.842746973 step=155 stage=loop_begin
1785234062.842859507 step=155 stage=before_camera_render
1785234062.898804188 step=155 stage=after_camera_render
1785234062.900182486 step=155 stage=after_set_ctrl
1785234062.900288820 step=155 stage=after_step_log
1785234062.900293350 step=155 stage=before_mj_step
1785234062.900403023 step=155 stage=after_mj_step
1785234062.900495052 step=156 stage=loop_begin
1785234062.902006865 step=156 stage=after_set_ctrl
1785234062.902102470 step=156 stage=after_step_log
1785234062.902107239 step=156 stage=before_mj_step
1785234062.902189493 step=156 stage=after_mj_step
1785234062.902262926 step=157 stage=loop_begin
1785234062.904857874 step=157 stage=after_set_ctrl
1785234062.905006886 step=157 stage=after_step_log
1785234062.905015945 step=157 stage=before_mj_step
1785234062.905136108 step=157 stage=after_mj_step
1785234062.905242205 step=158 stage=loop_begin
1785234062.907104731 step=158 stage=after_set_ctrl
1785234062.907240629 step=158 stage=after_step_log
1785234062.907250881 step=158 stage=before_mj_step
1785234062.907362461 step=158 stage=after_mj_step
1785234062.907471180 step=159 stage=loop_begin
1785234062.909132004 step=159 stage=after_set_ctrl
1785234062.909263849 step=159 stage=after_step_log
1785234062.909273148 step=159 stage=before_mj_step
1785234062.909378290 step=159 stage=after_mj_step
1785234062.909482956 step=160 stage=loop_begin
1785234062.909591198 step=160 stage=before_camera_render
1785234062.964156389 step=160 stage=after_camera_render
1785234062.965617895 step=160 stage=after_set_ctrl
1785234062.965723753 step=160 stage=after_step_log
1785234062.965728521 step=160 stage=before_mj_step
1785234062.965837002 step=160 stage=after_mj_step
1785234062.965929747 step=161 stage=loop_begin
1785234062.967034340 step=161 stage=after_set_ctrl
1785234062.967129707 step=161 stage=after_step_log
1785234062.967134476 step=161 stage=before_mj_step
1785234062.967221737 step=161 stage=after_mj_step
1785234062.967302084 step=162 stage=loop_begin
1785234062.968390465 step=162 stage=after_set_ctrl
1785234062.968488932 step=162 stage=after_step_log
1785234062.968494654 step=162 stage=before_mj_step
1785234062.968579054 step=162 stage=after_mj_step
1785234062.968651056 step=163 stage=loop_begin
1785234062.969630003 step=163 stage=after_set_ctrl
1785234062.969722986 step=163 stage=after_step_log
1785234062.969727755 step=163 stage=before_mj_step
1785234062.969801664 step=163 stage=after_mj_step
1785234062.969872713 step=164 stage=loop_begin
1785234062.970756531 step=164 stage=after_set_ctrl
1785234062.970842361 step=164 stage=after_step_log
1785234062.970846653 step=164 stage=before_mj_step
1785234062.970916510 step=164 stage=after_mj_step
1785234062.970984459 step=165 stage=loop_begin
1785234062.971047163 step=165 stage=before_camera_render
1785234063.025035858 step=165 stage=after_camera_render
1785234063.026422739 step=165 stage=after_set_ctrl
1785234063.026539564 step=165 stage=after_step_log
1785234063.026544094 step=165 stage=before_mj_step
1785234063.026671648 step=165 stage=after_mj_step
1785234063.026768923 step=166 stage=loop_begin
1785234063.027794123 step=166 stage=after_set_ctrl
1785234063.027878761 step=166 stage=after_step_log
1785234063.027883291 step=166 stage=before_mj_step
1785234063.027954578 step=166 stage=after_mj_step
1785234063.028019428 step=167 stage=loop_begin
1785234063.029202461 step=167 stage=after_set_ctrl
1785234063.029307842 step=167 stage=after_step_log
1785234063.029311895 step=167 stage=before_mj_step
1785234063.029422283 step=167 stage=after_mj_step
1785234063.029502869 step=168 stage=loop_begin
1785234063.030507803 step=168 stage=after_set_ctrl
1785234063.030594826 step=168 stage=after_step_log
1785234063.030599833 step=168 stage=before_mj_step
1785234063.030672312 step=168 stage=after_mj_step
1785234063.030738115 step=169 stage=loop_begin
1785234063.031903028 step=169 stage=after_set_ctrl
1785234063.031991959 step=169 stage=after_step_log
1785234063.031997204 step=169 stage=before_mj_step
1785234063.032073021 step=169 stage=after_mj_step
1785234063.032137156 step=170 stage=loop_begin
1785234063.032196522 step=170 stage=before_camera_render
1785234063.085686445 step=170 stage=after_camera_render
1785234063.087513447 step=170 stage=after_set_ctrl
1785234063.087616682 step=170 stage=after_step_log
1785234063.087621450 step=170 stage=before_mj_step
1785234063.087726116 step=170 stage=after_mj_step
1785234063.087802887 step=171 stage=loop_begin
1785234063.089189053 step=171 stage=after_set_ctrl
1785234063.089288473 step=171 stage=after_step_log
1785234063.089293242 step=171 stage=before_mj_step
1785234063.089376211 step=171 stage=after_mj_step
1785234063.089454174 step=172 stage=loop_begin
1785234063.090399265 step=172 stage=after_set_ctrl
1785234063.090490103 step=172 stage=after_step_log
1785234063.090497971 step=172 stage=before_mj_step
1785234063.090564966 step=172 stage=after_mj_step
1785234063.090631247 step=173 stage=loop_begin
1785234063.091515064 step=173 stage=after_set_ctrl
1785234063.091603756 step=173 stage=after_step_log
1785234063.091607809 step=173 stage=before_mj_step
1785234063.091678381 step=173 stage=after_mj_step
1785234063.091742992 step=174 stage=loop_begin
1785234063.092639685 step=174 stage=after_set_ctrl
1785234063.092724085 step=174 stage=after_step_log
1785234063.092728376 step=174 stage=before_mj_step
1785234063.092792988 step=174 stage=after_mj_step
1785234063.092855692 step=175 stage=loop_begin
1785234063.092915297 step=175 stage=before_camera_render
1785234063.145493984 step=175 stage=after_camera_render
1785234063.147401810 step=175 stage=after_set_ctrl
1785234063.147556305 step=175 stage=after_step_log
1785234063.147560358 step=175 stage=before_mj_step
1785234063.147670031 step=175 stage=after_mj_step
1785234063.147749662 step=176 stage=loop_begin
1785234063.148737907 step=176 stage=after_set_ctrl
1785234063.148830652 step=176 stage=after_step_log
1785234063.148835182 step=176 stage=before_mj_step
1785234063.148913145 step=176 stage=after_mj_step
1785234063.148983955 step=177 stage=loop_begin
1785234063.149945498 step=177 stage=after_set_ctrl
1785234063.150035620 step=177 stage=after_step_log
1785234063.150040388 step=177 stage=before_mj_step
1785234063.150106907 step=177 stage=after_mj_step
1785234063.150172234 step=178 stage=loop_begin
1785234063.151021004 step=178 stage=after_set_ctrl
1785234063.151109219 step=178 stage=after_step_log
1785234063.151114941 step=178 stage=before_mj_step
1785234063.151189804 step=178 stage=after_mj_step
1785234063.151257515 step=179 stage=loop_begin
1785234063.152121782 step=179 stage=after_set_ctrl
1785234063.152207613 step=179 stage=after_step_log
1785234063.152211905 step=179 stage=before_mj_step
1785234063.152284861 step=179 stage=after_mj_step
1785234063.152348995 step=180 stage=loop_begin
1785234063.152408600 step=180 stage=before_camera_render
1785234063.205437660 step=180 stage=after_camera_render
1785234063.207242727 step=180 stage=after_set_ctrl
1785234063.207353830 step=180 stage=after_step_log
1785234063.207358122 step=180 stage=before_mj_step
1785234063.207475185 step=180 stage=after_mj_step
1785234063.207563162 step=181 stage=loop_begin
1785234063.208650827 step=181 stage=after_set_ctrl
1785234063.208747149 step=181 stage=after_step_log
1785234063.208751678 step=181 stage=before_mj_step
1785234063.208834887 step=181 stage=after_mj_step
1785234063.208908319 step=182 stage=loop_begin
1785234063.210069180 step=182 stage=after_set_ctrl
1785234063.210162878 step=182 stage=after_step_log
1785234063.210167408 step=182 stage=before_mj_step
1785234063.210239887 step=182 stage=after_mj_step
1785234063.210305214 step=183 stage=loop_begin
1785234063.211209774 step=183 stage=after_set_ctrl
1785234063.211300135 step=183 stage=after_step_log
1785234063.211303949 step=183 stage=before_mj_step
1785234063.211374283 step=183 stage=after_mj_step
1785234063.211445332 step=184 stage=loop_begin
1785234063.212262630 step=184 stage=after_set_ctrl
1785234063.212349892 step=184 stage=after_step_log
1785234063.212353945 step=184 stage=before_mj_step
1785234063.212425232 step=184 stage=after_mj_step
1785234063.212491751 step=185 stage=loop_begin
1785234063.212547779 step=185 stage=before_camera_render
1785234063.265230656 step=185 stage=after_camera_render
1785234063.266472816 step=185 stage=after_set_ctrl
1785234063.266579151 step=185 stage=after_step_log
1785234063.266584158 step=185 stage=before_mj_step
1785234063.266692162 step=185 stage=after_mj_step
1785234063.266780615 step=186 stage=loop_begin
1785234063.268092871 step=186 stage=after_set_ctrl
1785234063.268186808 step=186 stage=after_step_log
1785234063.268191338 step=186 stage=before_mj_step
1785234063.268261433 step=186 stage=after_mj_step
1785234063.268326759 step=187 stage=loop_begin
1785234063.269371986 step=187 stage=after_set_ctrl
1785234063.269472837 step=187 stage=after_step_log
1785234063.269479275 step=187 stage=before_mj_step
1785234063.269554377 step=187 stage=after_mj_step
1785234063.269622087 step=188 stage=loop_begin
1785234063.271027088 step=188 stage=after_set_ctrl
1785234063.271114826 step=188 stage=after_step_log
1785234063.271119833 step=188 stage=before_mj_step
1785234063.271185637 step=188 stage=after_mj_step
1785234063.271246910 step=189 stage=loop_begin
1785234063.272199392 step=189 stage=after_set_ctrl
1785234063.272286415 step=189 stage=after_step_log
1785234063.272291660 step=189 stage=before_mj_step
1785234063.272364140 step=189 stage=after_mj_step
1785234063.272432089 step=190 stage=loop_begin
1785234063.272494793 step=190 stage=before_camera_render
1785234063.325575829 step=190 stage=after_camera_render
1785234063.327369452 step=190 stage=after_set_ctrl
1785234063.327489614 step=190 stage=after_step_log
1785234063.327495098 step=190 stage=before_mj_step
1785234063.327600241 step=190 stage=after_mj_step
1785234063.327692509 step=191 stage=loop_begin
1785234063.329111814 step=191 stage=after_set_ctrl
1785234063.329202890 step=191 stage=after_step_log
1785234063.329207659 step=191 stage=before_mj_step
1785234063.329282522 step=191 stage=after_mj_step
1785234063.329349995 step=192 stage=loop_begin
1785234063.330246210 step=192 stage=after_set_ctrl
1785234063.330333471 step=192 stage=after_step_log
1785234063.330338001 step=192 stage=before_mj_step
1785234063.330402374 step=192 stage=after_mj_step
1785234063.330476284 step=193 stage=loop_begin
1785234063.331403494 step=193 stage=after_set_ctrl
1785234063.331491947 step=193 stage=after_step_log
1785234063.331498861 step=193 stage=before_mj_step
1785234063.331559658 step=193 stage=after_mj_step
1785234063.331620693 step=194 stage=loop_begin
1785234063.332436085 step=194 stage=after_set_ctrl
1785234063.332526445 step=194 stage=after_step_log
1785234063.332530975 step=194 stage=before_mj_step
1785234063.332600832 step=194 stage=after_mj_step
1785234063.332663536 step=195 stage=loop_begin
1785234063.332721949 step=195 stage=before_camera_render
1785234063.386965990 step=195 stage=after_camera_render
1785234063.388434887 step=195 stage=after_set_ctrl
1785234063.388546467 step=195 stage=after_step_log
1785234063.388550997 step=195 stage=before_mj_step
1785234063.388655663 step=195 stage=after_mj_step
1785234063.388746977 step=196 stage=loop_begin
1785234063.390257120 step=196 stage=after_set_ctrl
1785234063.390353680 step=196 stage=after_step_log
1785234063.390357971 step=196 stage=before_mj_step
1785234063.390444040 step=196 stage=after_mj_step
1785234063.390520334 step=197 stage=loop_begin
1785234063.391440153 step=197 stage=after_set_ctrl
1785234063.391530037 step=197 stage=after_step_log
1785234063.391534567 step=197 stage=before_mj_step
1785234063.391596079 step=197 stage=after_mj_step
1785234063.391659260 step=198 stage=loop_begin
1785234063.392687082 step=198 stage=after_set_ctrl
1785234063.392783403 step=198 stage=after_step_log
1785234063.392788649 step=198 stage=before_mj_step
1785234063.392855644 step=198 stage=after_mj_step
1785234063.392923117 step=199 stage=loop_begin
1785234063.393815994 step=199 stage=after_set_ctrl
1785234063.393904686 step=199 stage=after_step_log
1785234063.393908501 step=199 stage=before_mj_step
1785234063.393970966 step=199 stage=after_mj_step
1785234063.394034863 step=200 stage=loop_begin
1785234063.394089222 step=200 stage=before_camera_render
1785234063.449372053 step=200 stage=after_camera_render
1785234063.451098204 step=200 stage=after_set_ctrl
1785234063.451234341 step=200 stage=after_step_log
1785234063.451237917 step=200 stage=before_mj_step
1785234063.451343298 step=200 stage=after_mj_step
1785234063.451433659 step=201 stage=loop_begin
1785234063.452699184 step=201 stage=after_set_ctrl
1785234063.452798605 step=201 stage=after_step_log
1785234063.452803612 step=201 stage=before_mj_step
1785234063.452883720 step=201 stage=after_mj_step
1785234063.452957153 step=202 stage=loop_begin
1785234063.454111338 step=202 stage=after_set_ctrl
1785234063.454205036 step=202 stage=after_step_log
1785234063.454209805 step=202 stage=before_mj_step
1785234063.454285383 step=202 stage=after_mj_step
1785234063.454353571 step=203 stage=loop_begin
1785234063.455314636 step=203 stage=after_set_ctrl
1785234063.455400229 step=203 stage=after_step_log
1785234063.455404520 step=203 stage=before_mj_step
1785234063.455477476 step=203 stage=after_mj_step
1785234063.455543995 step=204 stage=loop_begin
1785234063.456406593 step=204 stage=after_set_ctrl
1785234063.456499100 step=204 stage=after_step_log
1785234063.456506014 step=204 stage=before_mj_step
1785234063.456571341 step=204 stage=after_mj_step
1785234063.456636906 step=205 stage=loop_begin
1785234063.456693649 step=205 stage=before_camera_render
1785234063.511058331 step=205 stage=after_camera_render
1785234063.512324095 step=205 stage=after_set_ctrl
1785234063.512438536 step=205 stage=after_step_log
1785234063.512444258 step=205 stage=before_mj_step
1785234063.512550592 step=205 stage=after_mj_step
1785234063.512635708 step=206 stage=loop_begin
1785234063.514239073 step=206 stage=after_set_ctrl
1785234063.514347076 step=206 stage=after_step_log
1785234063.514351368 step=206 stage=before_mj_step
1785234063.514445066 step=206 stage=after_mj_step
1785234063.514534950 step=207 stage=loop_begin
1785234063.515499830 step=207 stage=after_set_ctrl
1785234063.515584469 step=207 stage=after_step_log
1785234063.515589714 step=207 stage=before_mj_step
1785234063.515656471 step=207 stage=after_mj_step
1785234063.515722036 step=208 stage=loop_begin
1785234063.516622305 step=208 stage=after_set_ctrl
1785234063.516705275 step=208 stage=after_step_log
1785234063.516709566 step=208 stage=before_mj_step
1785234063.516770363 step=208 stage=after_mj_step
1785234063.516834974 step=209 stage=loop_begin
1785234063.517859697 step=209 stage=after_set_ctrl
1785234063.517948866 step=209 stage=after_step_log
1785234063.517953396 step=209 stage=before_mj_step
1785234063.518024683 step=209 stage=after_mj_step
1785234063.518092871 step=210 stage=loop_begin
1785234063.518152952 step=210 stage=before_camera_render
1785234063.571794510 step=210 stage=after_camera_render
1785234063.573087931 step=210 stage=after_set_ctrl
1785234063.573196173 step=210 stage=after_step_log
1785234063.573200703 step=210 stage=before_mj_step
1785234063.573306322 step=210 stage=after_mj_step
1785234063.573392868 step=211 stage=loop_begin
1785234063.574421406 step=211 stage=after_set_ctrl
1785234063.574516058 step=211 stage=after_step_log
1785234063.574521065 step=211 stage=before_mj_step
1785234063.574594021 step=211 stage=after_mj_step
1785234063.574662924 step=212 stage=loop_begin
1785234063.575491190 step=212 stage=after_set_ctrl
1785234063.575583935 step=212 stage=after_step_log
1785234063.575588703 step=212 stage=before_mj_step
1785234063.575653076 step=212 stage=after_mj_step
1785234063.575718641 step=213 stage=loop_begin
1785234063.576649189 step=213 stage=after_set_ctrl
1785234063.576740265 step=213 stage=after_step_log
1785234063.576744080 step=213 stage=before_mj_step
1785234063.576805353 step=213 stage=after_mj_step
1785234063.576869965 step=214 stage=loop_begin
1785234063.577911615 step=214 stage=after_set_ctrl
1785234063.578001738 step=214 stage=after_step_log
1785234063.578006744 step=214 stage=before_mj_step
1785234063.578076839 step=214 stage=after_mj_step
1785234063.578142405 step=215 stage=loop_begin
1785234063.578203678 step=215 stage=before_camera_render
1785234063.631993055 step=215 stage=after_camera_render
1785234063.633539915 step=215 stage=after_set_ctrl
1785234063.633651972 step=215 stage=after_step_log
1785234063.633656502 step=215 stage=before_mj_step
1785234063.633762121 step=215 stage=after_mj_step
1785234063.633843899 step=216 stage=loop_begin
1785234063.634763718 step=216 stage=after_set_ctrl
1785234063.634857178 step=216 stage=after_step_log
1785234063.634861708 step=216 stage=before_mj_step
1785234063.634936571 step=216 stage=after_mj_step
1785234063.635001898 step=217 stage=loop_begin
1785234063.636322260 step=217 stage=after_set_ctrl
1785234063.636448622 step=217 stage=after_step_log
1785234063.636454821 step=217 stage=before_mj_step
1785234063.636534929 step=217 stage=after_mj_step
1785234063.636605024 step=218 stage=loop_begin
1785234063.637497425 step=218 stage=after_set_ctrl
1785234063.637584209 step=218 stage=after_step_log
1785234063.637588501 step=218 stage=before_mj_step
1785234063.637655258 step=218 stage=after_mj_step
1785234063.637722254 step=219 stage=loop_begin
1785234063.638671160 step=219 stage=after_set_ctrl
1785234063.638760567 step=219 stage=after_step_log
1785234063.638765335 step=219 stage=before_mj_step
1785234063.638831615 step=219 stage=after_mj_step
1785234063.638896704 step=220 stage=loop_begin
1785234063.638955832 step=220 stage=before_camera_render
1785234063.691893339 step=220 stage=after_camera_render
1785234063.693168402 step=220 stage=after_set_ctrl
1785234063.693271399 step=220 stage=after_step_log
1785234063.693275928 step=220 stage=before_mj_step
1785234063.693380356 step=220 stage=after_mj_step
1785234063.693466663 step=221 stage=loop_begin
1785234063.694538832 step=221 stage=after_set_ctrl
1785234063.694640636 step=221 stage=after_step_log
1785234063.694645643 step=221 stage=before_mj_step
1785234063.694739819 step=221 stage=after_mj_step
1785234063.694820404 step=222 stage=loop_begin
1785234063.696207047 step=222 stage=after_set_ctrl
1785234063.696300268 step=222 stage=after_step_log
1785234063.696304321 step=222 stage=before_mj_step
1785234063.696382999 step=222 stage=after_mj_step
1785234063.696457624 step=223 stage=loop_begin
1785234063.697357416 step=223 stage=after_set_ctrl
1785234063.697451830 step=223 stage=after_step_log
1785234063.697459221 step=223 stage=before_mj_step
1785234063.697529793 step=223 stage=after_mj_step
1785234063.697596788 step=224 stage=loop_begin
1785234063.698467016 step=224 stage=after_set_ctrl
1785234063.698558569 step=224 stage=after_step_log
1785234063.698563337 step=224 stage=before_mj_step
1785234063.698639393 step=224 stage=after_mj_step
1785234063.698704720 step=225 stage=loop_begin
1785234063.698764324 step=225 stage=before_camera_render
1785234063.751656532 step=225 stage=after_camera_render
1785234063.753376007 step=225 stage=after_set_ctrl
1785234063.753522635 step=225 stage=after_step_log
1785234063.753526688 step=225 stage=before_mj_step
1785234063.753632784 step=225 stage=after_mj_step
1785234063.753710270 step=226 stage=loop_begin
1785234063.754930258 step=226 stage=after_set_ctrl
1785234063.755023003 step=226 stage=after_step_log
1785234063.755027294 step=226 stage=before_mj_step
1785234063.755107641 step=226 stage=after_mj_step
1785234063.755174875 step=227 stage=loop_begin
1785234063.756154060 step=227 stage=after_set_ctrl
1785234063.756242514 step=227 stage=after_step_log
1785234063.756246567 step=227 stage=before_mj_step
1785234063.756319046 step=227 stage=after_mj_step
1785234063.756382704 step=228 stage=loop_begin
1785234063.757358313 step=228 stage=after_set_ctrl
1785234063.757450342 step=228 stage=after_step_log
1785234063.757455587 step=228 stage=before_mj_step
1785234063.757524014 step=228 stage=after_mj_step
1785234063.757588148 step=229 stage=loop_begin
1785234063.758493662 step=229 stage=after_set_ctrl
1785234063.758582354 step=229 stage=after_step_log
1785234063.758586645 step=229 stage=before_mj_step
1785234063.758663893 step=229 stage=after_mj_step
1785234063.758728027 step=230 stage=loop_begin
1785234063.758785725 step=230 stage=before_camera_render
1785234063.811851501 step=230 stage=after_camera_render
1785234063.813441753 step=230 stage=after_set_ctrl
1785234063.813557863 step=230 stage=after_step_log
1785234063.813562155 step=230 stage=before_mj_step
1785234063.813679457 step=230 stage=after_mj_step
1785234063.813777924 step=231 stage=loop_begin
1785234063.815024137 step=231 stage=after_set_ctrl
1785234063.815121412 step=231 stage=after_step_log
1785234063.815126181 step=231 stage=before_mj_step
1785234063.815206766 step=231 stage=after_mj_step
1785234063.815282345 step=232 stage=loop_begin
1785234063.816357374 step=232 stage=after_set_ctrl
1785234063.816453457 step=232 stage=after_step_log
1785234063.816459179 step=232 stage=before_mj_step
1785234063.816528082 step=232 stage=after_mj_step
1785234063.816597700 step=233 stage=loop_begin
1785234063.817503929 step=233 stage=after_set_ctrl
1785234063.817592859 step=233 stage=after_step_log
1785234063.817597151 step=233 stage=before_mj_step
1785234063.817665815 step=233 stage=after_mj_step
1785234063.817735195 step=234 stage=loop_begin
1785234063.818664551 step=234 stage=after_set_ctrl
1785234063.818752527 step=234 stage=after_step_log
1785234063.818757057 step=234 stage=before_mj_step
1785234063.818818808 step=234 stage=after_mj_step
1785234063.818883657 step=235 stage=loop_begin
1785234063.818940401 step=235 stage=before_camera_render
1785234063.875522375 step=235 stage=after_camera_render
1785234063.877336264 step=235 stage=after_set_ctrl
1785234063.877450943 step=235 stage=after_step_log
1785234063.877457857 step=235 stage=before_mj_step
1785234063.877560139 step=235 stage=after_mj_step
1785234063.877642870 step=236 stage=loop_begin
1785234063.878918409 step=236 stage=after_set_ctrl
1785234063.879020452 step=236 stage=after_step_log
1785234063.879025459 step=236 stage=before_mj_step
1785234063.879125595 step=236 stage=after_mj_step
1785234063.879211426 step=237 stage=loop_begin
1785234063.880189657 step=237 stage=after_set_ctrl
1785234063.880275011 step=237 stage=after_step_log
1785234063.880279064 step=237 stage=before_mj_step
1785234063.880345821 step=237 stage=after_mj_step
1785234063.880411863 step=238 stage=loop_begin
1785234063.881285667 step=238 stage=after_set_ctrl
1785234063.881372452 step=238 stage=after_step_log
1785234063.881376743 step=238 stage=before_mj_step
1785234063.881448269 step=238 stage=after_mj_step
1785234063.881515741 step=239 stage=loop_begin
1785234063.882412195 step=239 stage=after_set_ctrl
1785234063.882507563 step=239 stage=after_step_log
1785234063.882511854 step=239 stage=before_mj_step
1785234063.882583618 step=239 stage=after_mj_step
1785234063.882647276 step=240 stage=loop_begin
1785234063.882705688 step=240 stage=before_camera_render
1785234063.937569380 step=240 stage=after_camera_render
1785234063.939400673 step=240 stage=after_set_ctrl
1785234063.939517260 step=240 stage=after_step_log
1785234063.939522505 step=240 stage=before_mj_step
1785234063.939628124 step=240 stage=after_mj_step
1785234063.939712524 step=241 stage=loop_begin
1785234063.940974236 step=241 stage=after_set_ctrl
1785234063.941066027 step=241 stage=after_step_log
1785234063.941070318 step=241 stage=before_mj_step
1785234063.941143990 step=241 stage=after_mj_step
1785234063.941213369 step=242 stage=loop_begin
1785234063.942211151 step=242 stage=after_set_ctrl
1785234063.942315817 step=242 stage=after_step_log
1785234063.942320108 step=242 stage=before_mj_step
1785234063.942409992 step=242 stage=after_mj_step
1785234063.942492723 step=243 stage=loop_begin
1785234063.943420410 step=243 stage=after_set_ctrl
1785234063.943512917 step=243 stage=after_step_log
1785234063.943517923 step=243 stage=before_mj_step
1785234063.943595171 step=243 stage=after_mj_step
1785234063.943662405 step=244 stage=loop_begin
1785234063.944616079 step=244 stage=after_set_ctrl
1785234063.944702864 step=244 stage=after_step_log
1785234063.944707394 step=244 stage=before_mj_step
1785234063.944775581 step=244 stage=after_mj_step
1785234063.944844007 step=245 stage=loop_begin
1785234063.944909334 step=245 stage=before_camera_render
1785234063.999037266 step=245 stage=after_camera_render
1785234064.000593901 step=245 stage=after_set_ctrl
1785234064.000698566 step=245 stage=after_step_log
1785234064.000703573 step=245 stage=before_mj_step
1785234064.000811577 step=245 stage=after_mj_step
1785234064.000895739 step=246 stage=loop_begin
1785234064.001884460 step=246 stage=after_set_ctrl
1785234064.001978874 step=246 stage=after_step_log
1785234064.001983881 step=246 stage=before_mj_step
1785234064.002059698 step=246 stage=after_mj_step
1785234064.002131939 step=247 stage=loop_begin
1785234064.003036737 step=247 stage=after_set_ctrl
1785234064.003123522 step=247 stage=after_step_log
1785234064.003128052 step=247 stage=before_mj_step
1785234064.003197908 step=247 stage=after_mj_step
1785234064.003262758 step=248 stage=loop_begin
1785234064.004290581 step=248 stage=after_set_ctrl
1785234064.004390478 step=248 stage=after_step_log
1785234064.004395008 step=248 stage=before_mj_step
1785234064.004466057 step=248 stage=after_mj_step
1785234064.004536152 step=249 stage=loop_begin
1785234064.005410671 step=249 stage=after_set_ctrl
1785234064.005504370 step=249 stage=after_step_log
1785234064.005508423 step=249 stage=before_mj_step
1785234064.005569935 step=249 stage=after_mj_step
1785234064.005633593 step=250 stage=loop_begin
1785234064.005691051 step=250 stage=before_camera_render
1785234064.061653852 step=250 stage=after_camera_render
1785234064.063477516 step=250 stage=after_set_ctrl
1785234064.063614130 step=250 stage=after_step_log
1785234064.063617945 step=250 stage=before_mj_step
1785234064.063736677 step=250 stage=after_mj_step
1785234064.063823223 step=251 stage=loop_begin
1785234064.065001726 step=251 stage=after_set_ctrl
1785234064.065096140 step=251 stage=after_step_log
1785234064.065100431 step=251 stage=before_mj_step
1785234064.065178394 step=251 stage=after_mj_step
1785234064.065255165 step=252 stage=loop_begin
1785234064.066175222 step=252 stage=after_set_ctrl
1785234064.066276550 step=252 stage=after_step_log
1785234064.066283941 step=252 stage=before_mj_step
1785234064.066359758 step=252 stage=after_mj_step
1785234064.066433430 step=253 stage=loop_begin
1785234064.067324638 step=253 stage=after_set_ctrl
1785234064.067410469 step=253 stage=after_step_log
1785234064.067420244 step=253 stage=before_mj_step
1785234064.067494154 step=253 stage=after_mj_step
1785234064.067564011 step=254 stage=loop_begin
1785234064.068515301 step=254 stage=after_set_ctrl
1785234064.068598986 step=254 stage=after_step_log
1785234064.068603277 step=254 stage=before_mj_step
1785234064.068666935 step=254 stage=after_mj_step
1785234064.068732738 step=255 stage=loop_begin
1785234064.068789721 step=255 stage=before_camera_render
1785234064.121613264 step=255 stage=after_camera_render
1785234064.123587132 step=255 stage=after_set_ctrl
1785234064.123692989 step=255 stage=after_step_log
1785234064.123697042 step=255 stage=before_mj_step
1785234064.123801708 step=255 stage=after_mj_step
1785234064.123883963 step=256 stage=loop_begin
1785234064.124913931 step=256 stage=after_set_ctrl
1785234064.125007153 step=256 stage=after_step_log
1785234064.125011921 step=256 stage=before_mj_step
1785234064.125091314 step=256 stage=after_mj_step
1785234064.125159979 step=257 stage=loop_begin
1785234064.126076698 step=257 stage=after_set_ctrl
1785234064.126164436 step=257 stage=after_step_log
1785234064.126174688 step=257 stage=before_mj_step
1785234064.126245975 step=257 stage=after_mj_step
1785234064.126310110 step=258 stage=loop_begin
1785234064.127441406 step=258 stage=after_set_ctrl
1785234064.127525091 step=258 stage=after_step_log
1785234064.127529144 step=258 stage=before_mj_step
1785234064.127595663 step=258 stage=after_mj_step
1785234064.127660036 step=259 stage=loop_begin
1785234064.128659248 step=259 stage=after_set_ctrl
1785234064.128745794 step=259 stage=after_step_log
1785234064.128749847 step=259 stage=before_mj_step
1785234064.128812075 step=259 stage=after_mj_step
1785234064.128871679 step=260 stage=loop_begin
1785234064.128921270 step=260 stage=before_camera_render
1785234064.181941509 step=260 stage=after_camera_render
1785234064.183408499 step=260 stage=after_set_ctrl
1785234064.183523655 step=260 stage=after_step_log
1785234064.183528185 step=260 stage=before_mj_step
1785234064.183634996 step=260 stage=after_mj_step
1785234064.183724642 step=261 stage=loop_begin
1785234064.184919834 step=261 stage=after_set_ctrl
1785234064.185012341 step=261 stage=after_step_log
1785234064.185016632 step=261 stage=before_mj_step
1785234064.185090303 step=261 stage=after_mj_step
1785234064.185160160 step=262 stage=loop_begin
1785234064.186216354 step=262 stage=after_set_ctrl
1785234064.186307907 step=262 stage=after_step_log
1785234064.186311960 step=262 stage=before_mj_step
1785234064.186382771 step=262 stage=after_mj_step
1785234064.186455488 step=263 stage=loop_begin
1785234064.187485695 step=263 stage=after_set_ctrl
1785234064.187576771 step=263 stage=after_step_log
1785234064.187581539 step=263 stage=before_mj_step
1785234064.187652349 step=263 stage=after_mj_step
1785234064.187719584 step=264 stage=loop_begin
1785234064.188610554 step=264 stage=after_set_ctrl
1785234064.188694954 step=264 stage=after_step_log
1785234064.188699484 step=264 stage=before_mj_step
1785234064.188764334 step=264 stage=after_mj_step
1785234064.188828707 step=265 stage=loop_begin
1785234064.188881159 step=265 stage=before_camera_render
1785234064.242211819 step=265 stage=after_camera_render
1785234064.243471146 step=265 stage=after_set_ctrl
1785234064.243578196 step=265 stage=after_step_log
1785234064.243582487 step=265 stage=before_mj_step
1785234064.243692636 step=265 stage=after_mj_step
1785234064.243777037 step=266 stage=loop_begin
1785234064.245221853 step=266 stage=after_set_ctrl
1785234064.245314121 step=266 stage=after_step_log
1785234064.245318651 step=266 stage=before_mj_step
1785234064.245395184 step=266 stage=after_mj_step
1785234064.245469809 step=267 stage=loop_begin
1785234064.246516228 step=267 stage=after_set_ctrl
1785234064.246603489 step=267 stage=after_step_log
1785234064.246607542 step=267 stage=before_mj_step
1785234064.246672869 step=267 stage=after_mj_step
1785234064.246737480 step=268 stage=loop_begin
1785234064.247672558 step=268 stage=after_set_ctrl
1785234064.247759342 step=268 stage=after_step_log
1785234064.247763634 step=268 stage=before_mj_step
1785234064.247833490 step=268 stage=after_mj_step
1785234064.247897625 step=269 stage=loop_begin
1785234064.249110699 step=269 stage=after_set_ctrl
1785234064.249196768 step=269 stage=after_step_log
1785234064.249201059 step=269 stage=before_mj_step
1785234064.249271154 step=269 stage=after_mj_step
1785234064.249334097 step=270 stage=loop_begin
1785234064.249387980 step=270 stage=before_camera_render
1785234064.303365469 step=270 stage=after_camera_render
1785234064.304784536 step=270 stage=after_set_ctrl
1785234064.304893255 step=270 stage=after_step_log
1785234064.304897785 step=270 stage=before_mj_step
1785234064.305002451 step=270 stage=after_mj_step
1785234064.305088043 step=271 stage=loop_begin
1785234064.306341648 step=271 stage=after_set_ctrl
1785234064.306439877 step=271 stage=after_step_log
1785234064.306445599 step=271 stage=before_mj_step
1785234064.306520462 step=271 stage=after_mj_step
1785234064.306588411 step=272 stage=loop_begin
1785234064.307542801 step=272 stage=after_set_ctrl
1785234064.307633638 step=272 stage=after_step_log
1785234064.307643890 step=272 stage=before_mj_step
1785234064.307726383 step=272 stage=after_mj_step
1785234064.307794571 step=273 stage=loop_begin
1785234064.308775425 step=273 stage=after_set_ctrl
1785234064.308867693 step=273 stage=after_step_log
1785234064.308871746 step=273 stage=before_mj_step
1785234064.308948755 step=273 stage=after_mj_step
1785234064.309015036 step=274 stage=loop_begin
1785234064.310086966 step=274 stage=after_set_ctrl
1785234064.310171604 step=274 stage=after_step_log
1785234064.310175657 step=274 stage=before_mj_step
1785234064.310243368 step=274 stage=after_mj_step
1785234064.310306072 step=275 stage=loop_begin
1785234064.310357332 step=275 stage=before_camera_render
1785234064.363864660 step=275 stage=after_camera_render
1785234064.365579844 step=275 stage=after_set_ctrl
1785234064.365714073 step=275 stage=after_step_log
1785234064.365717649 step=275 stage=before_mj_step
1785234064.365824223 step=275 stage=after_mj_step
1785234064.365906954 step=276 stage=loop_begin
1785234064.367350340 step=276 stage=after_set_ctrl
1785234064.367448330 step=276 stage=after_step_log
1785234064.367453337 step=276 stage=before_mj_step
1785234064.367532253 step=276 stage=after_mj_step
1785234064.367604017 step=277 stage=loop_begin
1785234064.368613005 step=277 stage=after_set_ctrl
1785234064.368704557 step=277 stage=after_step_log
1785234064.368708849 step=277 stage=before_mj_step
1785234064.368777037 step=277 stage=after_mj_step
1785234064.368842840 step=278 stage=loop_begin
1785234064.370082140 step=278 stage=after_set_ctrl
1785234064.370173216 step=278 stage=after_step_log
1785234064.370177984 step=278 stage=before_mj_step
1785234064.370256186 step=278 stage=after_mj_step
1785234064.370322704 step=279 stage=loop_begin
1785234064.371332169 step=279 stage=after_set_ctrl
1785234064.371425390 step=279 stage=after_step_log
1785234064.371430635 step=279 stage=before_mj_step
1785234064.371507406 step=279 stage=after_mj_step
1785234064.371574163 step=280 stage=loop_begin
1785234064.371630430 step=280 stage=before_camera_render
1785234064.424293041 step=280 stage=after_camera_render
1785234064.426675558 step=280 stage=after_set_ctrl
1785234064.426783562 step=280 stage=after_step_log
1785234064.426787853 step=280 stage=before_mj_step
1785234064.426892519 step=280 stage=after_mj_step
1785234064.426976204 step=281 stage=loop_begin
1785234064.428167343 step=281 stage=after_set_ctrl
1785234064.428258896 step=281 stage=after_step_log
1785234064.428263426 step=281 stage=before_mj_step
1785234064.428342342 step=281 stage=after_mj_step
1785234064.428418159 step=282 stage=loop_begin
1785234064.429422855 step=282 stage=after_set_ctrl
1785234064.429506063 step=282 stage=after_step_log
1785234064.429510355 step=282 stage=before_mj_step
1785234064.429572105 step=282 stage=after_mj_step
1785234064.429637194 step=283 stage=loop_begin
1785234064.430541039 step=283 stage=after_set_ctrl
1785234064.430628300 step=283 stage=after_step_log
1785234064.430633307 step=283 stage=before_mj_step
1785234064.430705070 step=283 stage=after_mj_step
1785234064.430769682 step=284 stage=loop_begin
1785234064.431804419 step=284 stage=after_set_ctrl
1785234064.431890249 step=284 stage=after_step_log
1785234064.431895018 step=284 stage=before_mj_step
1785234064.431962252 step=284 stage=after_mj_step
1785234064.432029009 step=285 stage=loop_begin
1785234064.432081699 step=285 stage=before_camera_render
1785234064.484846830 step=285 stage=after_camera_render
1785234064.486184597 step=285 stage=after_set_ctrl
1785234064.486290216 step=285 stage=after_step_log
1785234064.486294746 step=285 stage=before_mj_step
1785234064.486402750 step=285 stage=after_mj_step
1785234064.486489296 step=286 stage=loop_begin
1785234064.487437487 step=286 stage=after_set_ctrl
1785234064.487529516 step=286 stage=after_step_log
1785234064.487533569 step=286 stage=before_mj_step
1785234064.487608910 step=286 stage=after_mj_step
1785234064.487676859 step=287 stage=loop_begin
1785234064.488633633 step=287 stage=after_set_ctrl
1785234064.488718510 step=287 stage=after_step_log
1785234064.488728285 step=287 stage=before_mj_step
1785234064.488795996 step=287 stage=after_mj_step
1785234064.488859653 step=288 stage=loop_begin
1785234064.490031719 step=288 stage=after_set_ctrl
1785234064.490120173 step=288 stage=after_step_log
1785234064.490124226 step=288 stage=before_mj_step
1785234064.490185022 step=288 stage=after_mj_step
1785234064.490248919 step=289 stage=loop_begin
1785234064.491056919 step=289 stage=after_set_ctrl
1785234064.491144657 step=289 stage=after_step_log
1785234064.491149426 step=289 stage=before_mj_step
1785234064.491219759 step=289 stage=after_mj_step
1785234064.491283655 step=290 stage=loop_begin
1785234064.491337776 step=290 stage=before_camera_render
1785234064.543845892 step=290 stage=after_camera_render
1785234064.545507431 step=290 stage=after_set_ctrl
1785234064.545616865 step=290 stage=after_step_log
1785234064.545621157 step=290 stage=before_mj_step
1785234064.545724392 step=290 stage=after_mj_step
1785234064.545829296 step=291 stage=loop_begin
1785234064.547079325 step=291 stage=after_set_ctrl
1785234064.547173262 step=291 stage=after_step_log
1785234064.547178030 step=291 stage=before_mj_step
1785234064.547263384 step=291 stage=after_mj_step
1785234064.547342062 step=292 stage=loop_begin
1785234064.548280239 step=292 stage=after_set_ctrl
1785234064.548370600 step=292 stage=after_step_log
1785234064.548375130 step=292 stage=before_mj_step
1785234064.548452139 step=292 stage=after_mj_step
1785234064.548519850 step=293 stage=loop_begin
1785234064.549348593 step=293 stage=after_set_ctrl
1785234064.549442053 step=293 stage=after_step_log
1785234064.549448729 step=293 stage=before_mj_step
1785234064.549528122 step=293 stage=after_mj_step
1785234064.549595356 step=294 stage=loop_begin
1785234064.550407171 step=294 stage=after_set_ctrl
1785234064.550499678 step=294 stage=after_step_log
1785234064.550504208 step=294 stage=before_mj_step
1785234064.550578356 step=294 stage=after_mj_step
1785234064.550644398 step=295 stage=loop_begin
1785234064.550698042 step=295 stage=before_camera_render
1785234064.603064775 step=295 stage=after_camera_render
1785234064.604375362 step=295 stage=after_set_ctrl
1785234064.604488850 step=295 stage=after_step_log
1785234064.604494333 step=295 stage=before_mj_step
1785234064.604602337 step=295 stage=after_mj_step
1785234064.604684114 step=296 stage=loop_begin
1785234064.605876684 step=296 stage=after_set_ctrl
1785234064.605974674 step=296 stage=after_step_log
1785234064.605979204 step=296 stage=before_mj_step
1785234064.606058598 step=296 stage=after_mj_step
1785234064.606129885 step=297 stage=loop_begin
1785234064.607136011 step=297 stage=after_set_ctrl
1785234064.607223511 step=297 stage=after_step_log
1785234064.607228279 step=297 stage=before_mj_step
1785234064.607302666 step=297 stage=after_mj_step
1785234064.607367992 step=298 stage=loop_begin
1785234064.608322144 step=298 stage=after_set_ctrl
1785234064.608405828 step=298 stage=after_step_log
1785234064.608410120 step=298 stage=before_mj_step
1785234064.608482361 step=298 stage=after_mj_step
1785234064.608546734 step=299 stage=loop_begin
1785234064.609494448 step=299 stage=after_set_ctrl
1785234064.609580994 step=299 stage=after_step_log
1785234064.609585524 step=299 stage=before_mj_step
1785234064.609654427 step=299 stage=after_mj_step
1785234064.609717607 step=300 stage=loop_begin
1785234064.609770775 step=300 stage=before_camera_render
1785234064.664524555 step=300 stage=after_camera_render
1785234064.665928125 step=300 stage=after_set_ctrl
1785234064.666063547 step=300 stage=after_step_log
1785234064.666067362 step=300 stage=before_mj_step
1785234064.666173697 step=300 stage=after_mj_step
1785234064.666256189 step=301 stage=loop_begin
1785234064.667298555 step=301 stage=after_set_ctrl
1785234064.667389870 step=301 stage=after_step_log
1785234064.667394638 step=301 stage=before_mj_step
1785234064.667470455 step=301 stage=after_mj_step
1785234064.667541981 step=302 stage=loop_begin
1785234064.668491602 step=302 stage=after_set_ctrl
1785234064.668580532 step=302 stage=after_step_log
1785234064.668588400 step=302 stage=before_mj_step
1785234064.668651104 step=302 stage=after_mj_step
1785234064.668715954 step=303 stage=loop_begin
1785234064.669694901 step=303 stage=after_set_ctrl
1785234064.669783592 step=303 stage=after_step_log
1785234064.669787884 step=303 stage=before_mj_step
1785234064.669850111 step=303 stage=after_mj_step
1785234064.669916630 step=304 stage=loop_begin
1785234064.670972109 step=304 stage=after_set_ctrl
1785234064.671058893 step=304 stage=after_step_log
1785234064.671063185 step=304 stage=before_mj_step
1785234064.671121120 step=304 stage=after_mj_step
1785234064.671183825 step=305 stage=loop_begin
1785234064.671240330 step=305 stage=before_camera_render
1785234064.723739386 step=305 stage=after_camera_render
1785234064.725909233 step=305 stage=after_set_ctrl
1785234064.726017237 step=305 stage=after_step_log
1785234064.726022005 step=305 stage=before_mj_step
1785234064.726126671 step=305 stage=after_mj_step
1785234064.726202726 step=306 stage=loop_begin
1785234064.727361441 step=306 stage=after_set_ctrl
1785234064.727461576 step=306 stage=after_step_log
1785234064.727467060 step=306 stage=before_mj_step
1785234064.727584600 step=306 stage=after_mj_step
1785234064.727656364 step=307 stage=loop_begin
1785234064.728620529 step=307 stage=after_set_ctrl
1785234064.728712082 step=307 stage=after_step_log
1785234064.728716373 step=307 stage=before_mj_step
1785234064.728787899 step=307 stage=after_mj_step
1785234064.728854895 step=308 stage=loop_begin
1785234064.729794741 step=308 stage=after_set_ctrl
1785234064.729880095 step=308 stage=after_step_log
1785234064.729884386 step=308 stage=before_mj_step
1785234064.729949474 step=308 stage=after_mj_step
1785234064.730012894 step=309 stage=loop_begin
1785234064.731044054 step=309 stage=after_set_ctrl
1785234064.731137037 step=309 stage=after_step_log
1785234064.731142044 step=309 stage=before_mj_step
1785234064.731216431 step=309 stage=after_mj_step
1785234064.731281042 step=310 stage=loop_begin
1785234064.731338263 step=310 stage=before_camera_render
1785234064.783918858 step=310 stage=after_camera_render
1785234064.785681486 step=310 stage=after_set_ctrl
1785234064.785784245 step=310 stage=after_step_log
1785234064.785789251 step=310 stage=before_mj_step
1785234064.785894394 step=310 stage=after_mj_step
1785234064.785972595 step=311 stage=loop_begin
1785234064.787255049 step=311 stage=after_set_ctrl
1785234064.787348270 step=311 stage=after_step_log
1785234064.787352800 step=311 stage=before_mj_step
1785234064.787434578 step=311 stage=after_mj_step
1785234064.787502289 step=312 stage=loop_begin
1785234064.788362026 step=312 stage=after_set_ctrl
1785234064.788449526 step=312 stage=after_step_log
1785234064.788456440 step=312 stage=before_mj_step
1785234064.788522243 step=312 stage=after_mj_step
1785234064.788585901 step=313 stage=loop_begin
1785234064.789472103 step=313 stage=after_set_ctrl
1785234064.789561033 step=313 stage=after_step_log
1785234064.789564848 step=313 stage=before_mj_step
1785234064.789629221 step=313 stage=after_mj_step
1785234064.789692640 step=314 stage=loop_begin
1785234064.790615320 step=314 stage=after_set_ctrl
1785234064.790701866 step=314 stage=after_step_log
1785234064.790705919 step=314 stage=before_mj_step
1785234064.790765524 step=314 stage=after_mj_step
1785234064.790827274 step=315 stage=loop_begin
1785234064.790880919 step=315 stage=before_camera_render
1785234064.843481064 step=315 stage=after_camera_render
1785234064.844927549 step=315 stage=after_set_ctrl
1785234064.845031500 step=315 stage=after_step_log
1785234064.845036745 step=315 stage=before_mj_step
1785234064.845138788 step=315 stage=after_mj_step
1785234064.845222950 step=316 stage=loop_begin
1785234064.846401215 step=316 stage=after_set_ctrl
1785234064.846507311 step=316 stage=after_step_log
1785234064.846512318 step=316 stage=before_mj_step
1785234064.846605778 step=316 stage=after_mj_step
1785234064.846690416 step=317 stage=loop_begin
1785234064.848010540 step=317 stage=after_set_ctrl
1785234064.848100901 step=317 stage=after_step_log
1785234064.848110437 step=317 stage=before_mj_step
1785234064.848183393 step=317 stage=after_mj_step
1785234064.848252058 step=318 stage=loop_begin
1785234064.849273205 step=318 stage=after_set_ctrl
1785234064.849363565 step=318 stage=after_step_log
1785234064.849367619 step=318 stage=before_mj_step
1785234064.849440098 step=318 stage=after_mj_step
1785234064.849509239 step=319 stage=loop_begin
1785234064.850650072 step=319 stage=after_set_ctrl
1785234064.850739479 step=319 stage=after_step_log
1785234064.850743532 step=319 stage=before_mj_step
1785234064.850820065 step=319 stage=after_mj_step
1785234064.850886345 step=320 stage=loop_begin
1785234064.850946665 step=320 stage=before_camera_render
1785234064.903650045 step=320 stage=after_camera_render
1785234064.905177832 step=320 stage=after_set_ctrl
1785234064.905285597 step=320 stage=after_step_log
1785234064.905290127 step=320 stage=before_mj_step
1785234064.905393600 step=320 stage=after_mj_step
1785234064.905487061 step=321 stage=loop_begin
1785234064.906583309 step=321 stage=after_set_ctrl
1785234064.906673193 step=321 stage=after_step_log
1785234064.906677485 step=321 stage=before_mj_step
1785234064.906746626 step=321 stage=after_mj_step
1785234064.906812906 step=322 stage=loop_begin
1785234064.907927513 step=322 stage=after_set_ctrl
1785234064.908014059 step=322 stage=after_step_log
1785234064.908018589 step=322 stage=before_mj_step
1785234064.908082008 step=322 stage=after_mj_step
1785234064.908144951 step=323 stage=loop_begin
1785234064.909205198 step=323 stage=after_set_ctrl
1785234064.909294605 step=323 stage=after_step_log
1785234064.909299135 step=323 stage=before_mj_step
1785234064.909370661 step=323 stage=after_mj_step
1785234064.909440994 step=324 stage=loop_begin
1785234064.910425901 step=324 stage=after_set_ctrl
1785234064.910511255 step=324 stage=after_step_log
1785234064.910516262 step=324 stage=before_mj_step
1785234064.910582542 step=324 stage=after_mj_step
1785234064.910648108 step=325 stage=loop_begin
1785234064.910709620 step=325 stage=before_camera_render
1785234064.964673996 step=325 stage=after_camera_render
1785234064.966551304 step=325 stage=after_set_ctrl
1785234064.966687918 step=325 stage=after_step_log
1785234064.966692209 step=325 stage=before_mj_step
1785234064.966799259 step=325 stage=after_mj_step
1785234064.966877937 step=326 stage=loop_begin
1785234064.968134880 step=326 stage=after_set_ctrl
1785234064.968227386 step=326 stage=after_step_log
1785234064.968232632 step=326 stage=before_mj_step
1785234064.968312502 step=326 stage=after_mj_step
1785234064.968384504 step=327 stage=loop_begin
1785234064.969439507 step=327 stage=after_set_ctrl
1785234064.969526768 step=327 stage=after_step_log
1785234064.969531536 step=327 stage=before_mj_step
1785234064.969593287 step=327 stage=after_mj_step
1785234064.969656467 step=328 stage=loop_begin
1785234064.970538855 step=328 stage=after_set_ctrl
1785234064.970627546 step=328 stage=after_step_log
1785234064.970632792 step=328 stage=before_mj_step
1785234064.970705271 step=328 stage=after_mj_step
1785234064.970770121 step=329 stage=loop_begin
1785234064.971880913 step=329 stage=after_set_ctrl
1785234064.971969128 step=329 stage=after_step_log
1785234064.971973896 step=329 stage=before_mj_step
1785234064.972044468 step=329 stage=after_mj_step
1785234064.972110033 step=330 stage=loop_begin
1785234064.972168446 step=330 stage=before_camera_render
1785234065.024379969 step=330 stage=after_camera_render
1785234065.025830984 step=330 stage=after_set_ctrl
1785234065.025947809 step=330 stage=after_step_log
1785234065.025953531 step=330 stage=before_mj_step
1785234065.026060581 step=330 stage=after_mj_step
1785234065.026150227 step=331 stage=loop_begin
1785234065.027467012 step=331 stage=after_set_ctrl
1785234065.027557611 step=331 stage=after_step_log
1785234065.027563095 step=331 stage=before_mj_step
1785234065.027635813 step=331 stage=after_mj_step
1785234065.027702332 step=332 stage=loop_begin
1785234065.028674841 step=332 stage=after_set_ctrl
1785234065.028763294 step=332 stage=after_step_log
1785234065.028774738 step=332 stage=before_mj_step
1785234065.028844118 step=332 stage=after_mj_step
1785234065.028906822 step=333 stage=loop_begin
1785234065.030175924 step=333 stage=after_set_ctrl
1785234065.030263186 step=333 stage=after_step_log
1785234065.030268431 step=333 stage=before_mj_step
1785234065.030336618 step=333 stage=after_mj_step
1785234065.030400753 step=334 stage=loop_begin
1785234065.031466246 step=334 stage=after_set_ctrl
1785234065.031548262 step=334 stage=after_step_log
1785234065.031552315 step=334 stage=before_mj_step
1785234065.031614542 step=334 stage=after_mj_step
1785234065.031675816 step=335 stage=loop_begin
1785234065.031737089 step=335 stage=before_camera_render
1785234065.084810019 step=335 stage=after_camera_render
1785234065.086472273 step=335 stage=after_set_ctrl
1785234065.086580038 step=335 stage=after_step_log
1785234065.086584568 step=335 stage=before_mj_step
1785234065.086690187 step=335 stage=after_mj_step
1785234065.086774111 step=336 stage=loop_begin
1785234065.088108063 step=336 stage=after_set_ctrl
1785234065.088197947 step=336 stage=after_step_log
1785234065.088202000 step=336 stage=before_mj_step
1785234065.088275671 step=336 stage=after_mj_step
1785234065.088342190 step=337 stage=loop_begin
1785234065.089362383 step=337 stage=after_set_ctrl
1785234065.089459181 step=337 stage=after_step_log
1785234065.089464903 step=337 stage=before_mj_step
1785234065.089532137 step=337 stage=after_mj_step
1785234065.089597225 step=338 stage=loop_begin
1785234065.090476990 step=338 stage=after_set_ctrl
1785234065.090569258 step=338 stage=after_step_log
1785234065.090574265 step=338 stage=before_mj_step
1785234065.090645790 step=338 stage=after_mj_step
1785234065.090711117 step=339 stage=loop_begin
1785234065.091628790 step=339 stage=after_set_ctrl
1785234065.091718197 step=339 stage=after_step_log
1785234065.091722727 step=339 stage=before_mj_step
1785234065.091796160 step=339 stage=after_mj_step
1785234065.091862202 step=340 stage=loop_begin
1785234065.091921091 step=340 stage=before_camera_render
1785234065.144930840 step=340 stage=after_camera_render
1785234065.146570683 step=340 stage=after_set_ctrl
1785234065.146677971 step=340 stage=after_step_log
1785234065.146682262 step=340 stage=before_mj_step
1785234065.146787643 step=340 stage=after_mj_step
1785234065.146876097 step=341 stage=loop_begin
1785234065.148284197 step=341 stage=after_set_ctrl
1785234065.148381948 step=341 stage=after_step_log
1785234065.148386240 step=341 stage=before_mj_step
1785234065.148475170 step=341 stage=after_mj_step
1785234065.148551702 step=342 stage=loop_begin
1785234065.149566174 step=342 stage=after_set_ctrl
1785234065.149656057 step=342 stage=after_step_log
1785234065.149660349 step=342 stage=before_mj_step
1785234065.149728537 step=342 stage=after_mj_step
1785234065.149794817 step=343 stage=loop_begin
1785234065.150746822 step=343 stage=after_set_ctrl
1785234065.150836706 step=343 stage=after_step_log
1785234065.150841951 step=343 stage=before_mj_step
1785234065.150916100 step=343 stage=after_mj_step
1785234065.150982618 step=344 stage=loop_begin
1785234065.151943684 step=344 stage=after_set_ctrl
1785234065.152032137 step=344 stage=after_step_log
1785234065.152036905 step=344 stage=before_mj_step
1785234065.152109861 step=344 stage=after_mj_step
1785234065.152176857 step=345 stage=loop_begin
1785234065.152235508 step=345 stage=before_camera_render
1785234065.205514431 step=345 stage=after_camera_render
1785234065.206968069 step=345 stage=after_set_ctrl
1785234065.207078218 step=345 stage=after_step_log
1785234065.207082510 step=345 stage=before_mj_step
1785234065.207185745 step=345 stage=after_mj_step
1785234065.207267523 step=346 stage=loop_begin
1785234065.208429098 step=346 stage=after_set_ctrl
1785234065.208520889 step=346 stage=after_step_log
1785234065.208525419 step=346 stage=before_mj_step
1785234065.208595514 step=346 stage=after_mj_step
1785234065.208662271 step=347 stage=loop_begin
1785234065.209626198 step=347 stage=after_set_ctrl
1785234065.209716082 step=347 stage=after_step_log
1785234065.209726572 step=347 stage=before_mj_step
1785234065.209791422 step=347 stage=after_mj_step
1785234065.209854364 step=348 stage=loop_begin
1785234065.210758209 step=348 stage=after_set_ctrl
1785234065.210846901 step=348 stage=after_step_log
1785234065.210851669 step=348 stage=before_mj_step
1785234065.210922718 step=348 stage=after_mj_step
1785234065.210987091 step=349 stage=loop_begin
1785234065.211871147 step=349 stage=after_set_ctrl
1785234065.211960077 step=349 stage=after_step_log
1785234065.211964846 step=349 stage=before_mj_step
1785234065.212035656 step=349 stage=after_mj_step
1785234065.212099075 step=350 stage=loop_begin
1785234065.212157011 step=350 stage=before_camera_render
1785234065.267645597 step=350 stage=after_camera_render
1785234065.269161940 step=350 stage=after_set_ctrl
1785234065.269296646 step=350 stage=after_step_log
1785234065.269300699 step=350 stage=before_mj_step
1785234065.269406796 step=350 stage=after_mj_step
1785234065.269493580 step=351 stage=loop_begin
1785234065.270556688 step=351 stage=after_set_ctrl
1785234065.270660877 step=351 stage=after_step_log
1785234065.270665407 step=351 stage=before_mj_step
1785234065.270764589 step=351 stage=after_mj_step
1785234065.270848036 step=352 stage=loop_begin
1785234065.272130251 step=352 stage=after_set_ctrl
1785234065.272222042 step=352 stage=after_step_log
1785234065.272226810 step=352 stage=before_mj_step
1785234065.272298574 step=352 stage=after_mj_step
1785234065.272365332 step=353 stage=loop_begin
1785234065.273302555 step=353 stage=after_set_ctrl
1785234065.273390770 step=353 stage=after_step_log
1785234065.273395538 step=353 stage=before_mj_step
1785234065.273470402 step=353 stage=after_mj_step
1785234065.273536682 step=354 stage=loop_begin
1785234065.274457693 step=354 stage=after_set_ctrl
1785234065.274544954 step=354 stage=after_step_log
1785234065.274549961 step=354 stage=before_mj_step
1785234065.274618864 step=354 stage=after_mj_step
1785234065.274681568 step=355 stage=loop_begin
1785234065.274738550 step=355 stage=before_camera_render
1785234065.328201294 step=355 stage=after_camera_render
1785234065.329585552 step=355 stage=after_set_ctrl
1785234065.329697371 step=355 stage=after_step_log
1785234065.329702139 step=355 stage=before_mj_step
1785234065.329806805 step=355 stage=after_mj_step
1785234065.329885960 step=356 stage=loop_begin
1785234065.331165075 step=356 stage=after_set_ctrl
1785234065.331273794 step=356 stage=after_step_log
1785234065.331277847 step=356 stage=before_mj_step
1785234065.331381559 step=356 stage=after_mj_step
1785234065.331479073 step=357 stage=loop_begin
1785234065.332457304 step=357 stage=after_set_ctrl
1785234065.332545757 step=357 stage=after_step_log
1785234065.332550049 step=357 stage=before_mj_step
1785234065.332611322 step=357 stage=after_mj_step
1785234065.332675934 step=358 stage=loop_begin
1785234065.333609819 step=358 stage=after_set_ctrl
1785234065.333696604 step=358 stage=after_step_log
1785234065.333700895 step=358 stage=before_mj_step
1785234065.333763123 step=358 stage=after_mj_step
1785234065.333825350 step=359 stage=loop_begin
1785234065.334662437 step=359 stage=after_set_ctrl
1785234065.334751844 step=359 stage=after_step_log
1785234065.334756374 step=359 stage=before_mj_step
1785234065.334874392 step=359 stage=after_mj_step
1785234065.334941149 step=360 stage=loop_begin
1785234065.335001945 step=360 stage=before_camera_render
1785234065.387268066 step=360 stage=after_camera_render
1785234065.389092445 step=360 stage=after_set_ctrl
1785234065.389197826 step=360 stage=after_step_log
1785234065.389202118 step=360 stage=before_mj_step
1785234065.389309406 step=360 stage=after_mj_step
1785234065.389390707 step=361 stage=loop_begin
1785234065.390375614 step=361 stage=after_set_ctrl
1785234065.390474796 step=361 stage=after_step_log
1785234065.390480757 step=361 stage=before_mj_step
1785234065.390553951 step=361 stage=after_mj_step
1785234065.390622377 step=362 stage=loop_begin
1785234065.391489506 step=362 stage=after_set_ctrl
1785234065.391577959 step=362 stage=after_step_log
1785234065.391582012 step=362 stage=before_mj_step
1785234065.391651154 step=362 stage=after_mj_step
1785234065.391715527 step=363 stage=loop_begin
1785234065.392673731 step=363 stage=after_set_ctrl
1785234065.392766237 step=363 stage=after_step_log
1785234065.392770052 step=363 stage=before_mj_step
1785234065.392836094 step=363 stage=after_mj_step
1785234065.392897367 step=364 stage=loop_begin
1785234065.393881321 step=364 stage=after_set_ctrl
1785234065.393972158 step=364 stage=after_step_log
1785234065.393977404 step=364 stage=before_mj_step
1785234065.394049883 step=364 stage=after_mj_step
1785234065.394115210 step=365 stage=loop_begin
1785234065.394173384 step=365 stage=before_camera_render
1785234065.446729183 step=365 stage=after_camera_render
1785234065.448108196 step=365 stage=after_set_ctrl
1785234065.448217392 step=365 stage=after_step_log
1785234065.448221684 step=365 stage=before_mj_step
1785234065.448325872 step=365 stage=after_mj_step
1785234065.448412657 step=366 stage=loop_begin
1785234065.449389935 step=366 stage=after_set_ctrl
1785234065.449485302 step=366 stage=after_step_log
1785234065.449492693 step=366 stage=before_mj_step
1785234065.449570894 step=366 stage=after_mj_step
1785234065.449642420 step=367 stage=loop_begin
1785234065.450734615 step=367 stage=after_set_ctrl
1785234065.450825930 step=367 stage=after_step_log
1785234065.450831175 step=367 stage=before_mj_step
1785234065.450903654 step=367 stage=after_mj_step
1785234065.450968027 step=368 stage=loop_begin
1785234065.452130556 step=368 stage=after_set_ctrl
1785234065.452218294 step=368 stage=after_step_log
1785234065.452223301 step=368 stage=before_mj_step
1785234065.452292681 step=368 stage=after_mj_step
1785234065.452356815 step=369 stage=loop_begin
1785234065.453310728 step=369 stage=after_set_ctrl
1785234065.453394175 step=369 stage=after_step_log
1785234065.453398228 step=369 stage=before_mj_step
1785234065.453472853 step=369 stage=after_mj_step
1785234065.453537703 step=370 stage=loop_begin
1785234065.453593969 step=370 stage=before_camera_render
1785234065.506301880 step=370 stage=after_camera_render
1785234065.507643938 step=370 stage=after_set_ctrl
1785234065.507750988 step=370 stage=after_step_log
1785234065.507755280 step=370 stage=before_mj_step
1785234065.507865667 step=370 stage=after_mj_step
1785234065.507954359 step=371 stage=loop_begin
1785234065.508951187 step=371 stage=after_set_ctrl
1785234065.509046793 step=371 stage=after_step_log
1785234065.509051561 step=371 stage=before_mj_step
1785234065.509126663 step=371 stage=after_mj_step
1785234065.509195566 step=372 stage=loop_begin
1785234065.510322094 step=372 stage=after_set_ctrl
1785234065.510425091 step=372 stage=after_step_log
1785234065.510430098 step=372 stage=before_mj_step
1785234065.510523796 step=372 stage=after_mj_step
1785234065.510589838 step=373 stage=loop_begin
1785234065.511677980 step=373 stage=after_set_ctrl
1785234065.511764050 step=373 stage=after_step_log
1785234065.511768103 step=373 stage=before_mj_step
1785234065.511834860 step=373 stage=after_mj_step
1785234065.511897087 step=374 stage=loop_begin
1785234065.513068914 step=374 stage=after_set_ctrl
1785234065.513156176 step=374 stage=after_step_log
1785234065.513160706 step=374 stage=before_mj_step
1785234065.513232231 step=374 stage=after_mj_step
1785234065.513295650 step=375 stage=loop_begin
1785234065.513353586 step=375 stage=before_camera_render
1785234065.566294432 step=375 stage=after_camera_render
1785234065.567818642 step=375 stage=after_set_ctrl
1785234065.567951441 step=375 stage=after_step_log
1785234065.567955494 step=375 stage=before_mj_step
1785234065.568060637 step=375 stage=after_mj_step
1785234065.568137169 step=376 stage=loop_begin
1785234065.569400072 step=376 stage=after_set_ctrl
1785234065.569498777 step=376 stage=after_step_log
1785234065.569504023 step=376 stage=before_mj_step
1785234065.569580317 step=376 stage=after_mj_step
1785234065.569649935 step=377 stage=loop_begin
1785234065.570846319 step=377 stage=after_set_ctrl
1785234065.570933104 step=377 stage=after_step_log
1785234065.570937872 step=377 stage=before_mj_step
1785234065.571011305 step=377 stage=after_mj_step
1785234065.571075916 step=378 stage=loop_begin
1785234065.572076559 step=378 stage=after_set_ctrl
1785234065.572164297 step=378 stage=after_step_log
1785234065.572169065 step=378 stage=before_mj_step
1785234065.572238445 step=378 stage=after_mj_step
1785234065.572303057 step=379 stage=loop_begin
1785234065.573269606 step=379 stage=after_set_ctrl
1785234065.573351622 step=379 stage=after_step_log
1785234065.573356390 step=379 stage=before_mj_step
1785234065.573427916 step=379 stage=after_mj_step
1785234065.573492050 step=380 stage=loop_begin
1785234065.573548794 step=380 stage=before_camera_render
1785234065.626190662 step=380 stage=after_camera_render
1785234065.627680540 step=380 stage=after_set_ctrl
1785234065.627789259 step=380 stage=after_step_log
1785234065.627794266 step=380 stage=before_mj_step
1785234065.627899647 step=380 stage=after_mj_step
1785234065.627980709 step=381 stage=loop_begin
1785234065.629304409 step=381 stage=after_set_ctrl
1785234065.629398584 step=381 stage=after_step_log
1785234065.629403353 step=381 stage=before_mj_step
1785234065.629484892 step=381 stage=after_mj_step
1785234065.629553556 step=382 stage=loop_begin
1785234065.630428791 step=382 stage=after_set_ctrl
1785234065.630520344 step=382 stage=after_step_log
1785234065.630525351 step=382 stage=before_mj_step
1785234065.630601168 step=382 stage=after_mj_step
1785234065.630667925 step=383 stage=loop_begin
1785234065.631491661 step=383 stage=after_set_ctrl
1785234065.631581545 step=383 stage=after_step_log
1785234065.631586313 step=383 stage=before_mj_step
1785234065.631659746 step=383 stage=after_mj_step
1785234065.631723881 step=384 stage=loop_begin
1785234065.632597446 step=384 stage=after_set_ctrl
1785234065.632683992 step=384 stage=after_step_log
1785234065.632688046 step=384 stage=before_mj_step
1785234065.632751942 step=384 stage=after_mj_step
1785234065.632814169 step=385 stage=loop_begin
1785234065.632869959 step=385 stage=before_camera_render
1785234065.685278416 step=385 stage=after_camera_render
1785234065.687322855 step=385 stage=after_set_ctrl
1785234065.687435150 step=385 stage=after_step_log
1785234065.687440157 step=385 stage=before_mj_step
1785234065.687548399 step=385 stage=after_mj_step
1785234065.687629938 step=386 stage=loop_begin
1785234065.688487768 step=386 stage=after_set_ctrl
1785234065.688578129 step=386 stage=after_step_log
1785234065.688582182 step=386 stage=before_mj_step
1785234065.688655853 step=386 stage=after_mj_step
1785234065.688723564 step=387 stage=loop_begin
1785234065.689699888 step=387 stage=after_set_ctrl
1785234065.689791441 step=387 stage=after_step_log
1785234065.689796448 step=387 stage=before_mj_step
1785234065.689865112 step=387 stage=after_mj_step
1785234065.689929962 step=388 stage=loop_begin
1785234065.691054106 step=388 stage=after_set_ctrl
1785234065.691145420 step=388 stage=after_step_log
1785234065.691149712 step=388 stage=before_mj_step
1785234065.691218138 step=388 stage=after_mj_step
1785234065.691281557 step=389 stage=loop_begin
1785234065.692177296 step=389 stage=after_set_ctrl
1785234065.692266703 step=389 stage=after_step_log
1785234065.692270994 step=389 stage=before_mj_step
1785234065.692345858 step=389 stage=after_mj_step
1785234065.692409515 step=390 stage=loop_begin
1785234065.692474127 step=390 stage=before_camera_render
1785234065.745507240 step=390 stage=after_camera_render
1785234065.747105360 step=390 stage=after_set_ctrl
1785234065.747217894 step=390 stage=after_step_log
1785234065.747222185 step=390 stage=before_mj_step
1785234065.747341394 step=390 stage=after_mj_step
1785234065.747440815 step=391 stage=loop_begin
1785234065.748352289 step=391 stage=after_set_ctrl
1785234065.748450041 step=391 stage=after_step_log
1785234065.748456955 step=391 stage=before_mj_step
1785234065.748533010 step=391 stage=after_mj_step
1785234065.748605251 step=392 stage=loop_begin
1785234065.749616146 step=392 stage=after_set_ctrl
1785234065.749713182 step=392 stage=after_step_log
1785234065.749717236 step=392 stage=before_mj_step
1785234065.749785423 step=392 stage=after_mj_step
1785234065.749846935 step=393 stage=loop_begin
1785234065.751147985 step=393 stage=after_set_ctrl
1785234065.751236916 step=393 stage=after_step_log
1785234065.751241446 step=393 stage=before_mj_step
1785234065.751313925 step=393 stage=after_mj_step
1785234065.751378059 step=394 stage=loop_begin
1785234065.752364874 step=394 stage=after_set_ctrl
1785234065.752456665 step=394 stage=after_step_log
1785234065.752461910 step=394 stage=before_mj_step
1785234065.752532005 step=394 stage=after_mj_step
1785234065.752596378 step=395 stage=loop_begin
1785234065.752654791 step=395 stage=before_camera_render
1785234065.805740833 step=395 stage=after_camera_render
1785234065.807046652 step=395 stage=after_set_ctrl
1785234065.807156324 step=395 stage=after_step_log
1785234065.807163477 step=395 stage=before_mj_step
1785234065.807271719 step=395 stage=after_mj_step
1785234065.807351828 step=396 stage=loop_begin
1785234065.808397770 step=396 stage=after_set_ctrl
1785234065.808499575 step=396 stage=after_step_log
1785234065.808505058 step=396 stage=before_mj_step
1785234065.808584452 step=396 stage=after_mj_step
1785234065.808652401 step=397 stage=loop_begin
1785234065.809637308 step=397 stage=after_set_ctrl
1785234065.809727907 step=397 stage=after_step_log
1785234065.809732676 step=397 stage=before_mj_step
1785234065.809808969 step=397 stage=after_mj_step
1785234065.809876442 step=398 stage=loop_begin
1785234065.811024427 step=398 stage=after_set_ctrl
1785234065.811111689 step=398 stage=after_step_log
1785234065.811116457 step=398 stage=before_mj_step
1785234065.811189651 step=398 stage=after_mj_step
1785234065.811254263 step=399 stage=loop_begin
1785234065.812193394 step=399 stage=after_set_ctrl
1785234065.812278032 step=399 stage=after_step_log
1785234065.812282085 step=399 stage=before_mj_step
1785234065.812349081 step=399 stage=after_mj_step
1785234065.812411308 step=400 stage=loop_begin
1785234065.812483311 step=400 stage=before_camera_render
1785234065.868600130 step=400 stage=after_camera_render
1785234065.869966269 step=400 stage=after_set_ctrl
1785234065.870101213 step=400 stage=after_step_log
1785234065.870104790 step=400 stage=before_mj_step
1785234065.870213032 step=400 stage=after_mj_step
1785234065.870294094 step=401 stage=loop_begin
1785234065.871282339 step=401 stage=after_set_ctrl
1785234065.871377468 step=401 stage=after_step_log
1785234065.871382236 step=401 stage=before_mj_step
1785234065.871462345 step=401 stage=after_mj_step
1785234065.871534824 step=402 stage=loop_begin
1785234065.872486353 step=402 stage=after_set_ctrl
1785234065.872577906 step=402 stage=after_step_log
1785234065.872581720 step=402 stage=before_mj_step
1785234065.872651100 step=402 stage=after_mj_step
1785234065.872718334 step=403 stage=loop_begin
1785234065.873936653 step=403 stage=after_set_ctrl
1785234065.874022245 step=403 stage=after_step_log
1785234065.874029636 step=403 stage=before_mj_step
1785234065.874096870 step=403 stage=after_mj_step
1785234065.874162912 step=404 stage=loop_begin
1785234065.875046492 step=404 stage=after_set_ctrl
1785234065.875130415 step=404 stage=after_step_log
1785234065.875134706 step=404 stage=before_mj_step
1785234065.875195980 step=404 stage=after_mj_step
1785234065.875260592 step=405 stage=loop_begin
1785234065.875316143 step=405 stage=before_camera_render
1785234065.928304434 step=405 stage=after_camera_render
1785234065.930131912 step=405 stage=after_set_ctrl
1785234065.930240631 step=405 stage=after_step_log
1785234065.930245161 step=405 stage=before_mj_step
1785234065.930361509 step=405 stage=after_mj_step
1785234065.930458546 step=406 stage=loop_begin
1785234065.931463718 step=406 stage=after_set_ctrl
1785234065.931555986 step=406 stage=after_step_log
1785234065.931560278 step=406 stage=before_mj_step
1785234065.931638956 step=406 stage=after_mj_step
1785234065.931710243 step=407 stage=loop_begin
1785234065.932633877 step=407 stage=after_set_ctrl
1785234065.932723761 step=407 stage=after_step_log
1785234065.932728052 step=407 stage=before_mj_step
1785234065.932807446 step=407 stage=after_mj_step
1785234065.932875633 step=408 stage=loop_begin
1785234065.933836937 step=408 stage=after_set_ctrl
1785234065.933922768 step=408 stage=after_step_log
1785234065.933927059 step=408 stage=before_mj_step
1785234065.933995247 step=408 stage=after_mj_step
1785234065.934060097 step=409 stage=loop_begin
1785234065.934864521 step=409 stage=after_set_ctrl
1785234065.934947491 step=409 stage=after_step_log
1785234065.934952021 step=409 stage=before_mj_step
1785234065.935013771 step=409 stage=after_mj_step
1785234065.935078144 step=410 stage=loop_begin
1785234065.935132504 step=410 stage=before_camera_render
1785234065.988216877 step=410 stage=after_camera_render
1785234065.989446163 step=410 stage=after_set_ctrl
1785234065.989553928 step=410 stage=after_step_log
1785234065.989558458 step=410 stage=before_mj_step
1785234065.989666224 step=410 stage=after_mj_step
1785234065.989749193 step=411 stage=loop_begin
1785234065.991369247 step=411 stage=after_set_ctrl
1785234065.991470575 step=411 stage=after_step_log
1785234065.991476059 step=411 stage=before_mj_step
1785234065.991551399 step=411 stage=after_mj_step
1785234065.991621733 step=412 stage=loop_begin
1785234065.992656469 step=412 stage=after_set_ctrl
1785234065.992740631 step=412 stage=after_step_log
1785234065.992745399 step=412 stage=before_mj_step
1785234065.992811918 step=412 stage=after_mj_step
1785234065.992877483 step=413 stage=loop_begin
1785234065.993920565 step=413 stage=after_set_ctrl
1785234065.994007111 step=413 stage=after_step_log
1785234065.994011641 step=413 stage=before_mj_step
1785234065.994073629 step=413 stage=after_mj_step
1785234065.994140387 step=414 stage=loop_begin
1785234065.995141745 step=414 stage=after_set_ctrl
1785234065.995229483 step=414 stage=after_step_log
1785234065.995234013 step=414 stage=before_mj_step
1785234065.995305777 step=414 stage=after_mj_step
1785234065.995371580 step=415 stage=loop_begin
1785234065.995433807 step=415 stage=before_camera_render
1785234066.048410416 step=415 stage=after_camera_render
1785234066.049720764 step=415 stage=after_set_ctrl
1785234066.049835443 step=415 stage=after_step_log
1785234066.049840689 step=415 stage=before_mj_step
1785234066.049948692 step=415 stage=after_mj_step
1785234066.050037146 step=416 stage=loop_begin
1785234066.051187038 step=416 stage=after_set_ctrl
1785234066.051326752 step=416 stage=after_step_log
1785234066.051332951 step=416 stage=before_mj_step
1785234066.051407576 step=416 stage=after_mj_step
1785234066.051483870 step=417 stage=loop_begin
1785234066.052470684 step=417 stage=after_set_ctrl
1785234066.052562237 step=417 stage=after_step_log
1785234066.052566767 step=417 stage=before_mj_step
1785234066.052635670 step=417 stage=after_mj_step
1785234066.052703142 step=418 stage=loop_begin
1785234066.053679705 step=418 stage=after_set_ctrl
1785234066.053770065 step=418 stage=after_step_log
1785234066.053774357 step=418 stage=before_mj_step
1785234066.053839922 step=418 stage=after_mj_step
1785234066.053907871 step=419 stage=loop_begin
1785234066.055029154 step=419 stage=after_set_ctrl
1785234066.055116653 step=419 stage=after_step_log
1785234066.055121422 step=419 stage=before_mj_step
1785234066.055191994 step=419 stage=after_mj_step
1785234066.055260420 step=420 stage=loop_begin
1785234066.055317879 step=420 stage=before_camera_render
1785234066.108977318 step=420 stage=after_camera_render
1785234066.110248089 step=420 stage=after_set_ctrl
1785234066.110363483 step=420 stage=after_step_log
1785234066.110368013 step=420 stage=before_mj_step
1785234066.110483646 step=420 stage=after_mj_step
1785234066.110577345 step=421 stage=loop_begin
1785234066.111627102 step=421 stage=after_set_ctrl
1785234066.111717701 step=421 stage=after_step_log
1785234066.111722469 step=421 stage=before_mj_step
1785234066.111789942 step=421 stage=after_mj_step
1785234066.111858130 step=422 stage=loop_begin
1785234066.112913847 step=422 stage=after_set_ctrl
1785234066.113000154 step=422 stage=after_step_log
1785234066.113004208 step=422 stage=before_mj_step
1785234066.113080025 step=422 stage=after_mj_step
1785234066.113145351 step=423 stage=loop_begin
1785234066.114217520 step=423 stage=after_set_ctrl
1785234066.114300728 step=423 stage=after_step_log
1785234066.114305973 step=423 stage=before_mj_step
1785234066.114372015 step=423 stage=after_mj_step
1785234066.114446640 step=424 stage=loop_begin
1785234066.115353823 step=424 stage=after_set_ctrl
1785234066.115443230 step=424 stage=after_step_log
1785234066.115449429 step=424 stage=before_mj_step
1785234066.115515709 step=424 stage=after_mj_step
1785234066.115579844 step=425 stage=loop_begin
1785234066.115643501 step=425 stage=before_camera_render
1785234066.168575764 step=425 stage=after_camera_render
1785234066.170192480 step=425 stage=after_set_ctrl
1785234066.170328856 step=425 stage=after_step_log
1785234066.170332432 step=425 stage=before_mj_step
1785234066.170448065 step=425 stage=after_mj_step
1785234066.170536280 step=426 stage=loop_begin
1785234066.171534061 step=426 stage=after_set_ctrl
1785234066.171624660 step=426 stage=after_step_log
1785234066.171628714 step=426 stage=before_mj_step
1785234066.171700478 step=426 stage=after_mj_step
1785234066.171771288 step=427 stage=loop_begin
1785234066.172826767 step=427 stage=after_set_ctrl
1785234066.172916651 step=427 stage=after_step_log
1785234066.172920942 step=427 stage=before_mj_step
1785234066.172991276 step=427 stage=after_mj_step
1785234066.173060656 step=428 stage=loop_begin
1785234066.174055338 step=428 stage=after_set_ctrl
1785234066.174144983 step=428 stage=after_step_log
1785234066.174149513 step=428 stage=before_mj_step
1785234066.174222946 step=428 stage=after_mj_step
1785234066.174292326 step=429 stage=loop_begin
1785234066.175121307 step=429 stage=after_set_ctrl
1785234066.175205708 step=429 stage=after_step_log
1785234066.175209999 step=429 stage=before_mj_step
1785234066.175278902 step=429 stage=after_mj_step
1785234066.175345898 step=430 stage=loop_begin
1785234066.175407410 step=430 stage=before_camera_render
1785234066.229264975 step=430 stage=after_camera_render
1785234066.230557442 step=430 stage=after_set_ctrl
1785234066.230682135 step=430 stage=after_step_log
1785234066.230686665 step=430 stage=before_mj_step
1785234066.230810165 step=430 stage=after_mj_step
1785234066.230905533 step=431 stage=loop_begin
1785234066.232361078 step=431 stage=after_set_ctrl
1785234066.232465267 step=431 stage=after_step_log
1785234066.232470512 step=431 stage=before_mj_step
1785234066.232550144 step=431 stage=after_mj_step
1785234066.232620478 step=432 stage=loop_begin
1785234066.233626604 step=432 stage=after_set_ctrl
1785234066.233714104 step=432 stage=after_step_log
1785234066.233718872 step=432 stage=before_mj_step
1785234066.233792067 step=432 stage=after_mj_step
1785234066.233856678 step=433 stage=loop_begin
1785234066.234911919 step=433 stage=after_set_ctrl
1785234066.234996319 step=433 stage=after_step_log
1785234066.235000134 step=433 stage=before_mj_step
1785234066.235067844 step=433 stage=after_mj_step
1785234066.235131979 step=434 stage=loop_begin
1785234066.236098051 step=434 stage=after_set_ctrl
1785234066.236188650 step=434 stage=after_step_log
1785234066.236192703 step=434 stage=before_mj_step
1785234066.236255646 step=434 stage=after_mj_step
1785234066.236326694 step=435 stage=loop_begin
1785234066.236378670 step=435 stage=before_camera_render
1785234066.289229631 step=435 stage=after_camera_render
1785234066.290699244 step=435 stage=after_set_ctrl
1785234066.290806770 step=435 stage=after_step_log
1785234066.290811062 step=435 stage=before_mj_step
1785234066.290920734 step=435 stage=after_mj_step
1785234066.290996790 step=436 stage=loop_begin
1785234066.292050838 step=436 stage=after_set_ctrl
1785234066.292143106 step=436 stage=after_step_log
1785234066.292147398 step=436 stage=before_mj_step
1785234066.292225838 step=436 stage=after_mj_step
1785234066.292293310 step=437 stage=loop_begin
1785234066.293245554 step=437 stage=after_set_ctrl
1785234066.293331861 step=437 stage=after_step_log
1785234066.293336391 step=437 stage=before_mj_step
1785234066.293425083 step=437 stage=after_mj_step
1785234066.293492794 step=438 stage=loop_begin
1785234066.294372559 step=438 stage=after_set_ctrl
1785234066.294464350 step=438 stage=after_step_log
1785234066.294471264 step=438 stage=before_mj_step
1785234066.294543028 step=438 stage=after_mj_step
1785234066.294607639 step=439 stage=loop_begin
1785234066.295612574 step=439 stage=after_set_ctrl
1785234066.295695543 step=439 stage=after_step_log
1785234066.295699358 step=439 stage=before_mj_step
1785234066.295761585 step=439 stage=after_mj_step
1785234066.295825005 step=440 stage=loop_begin
1785234066.295877457 step=440 stage=before_camera_render
1785234066.348820925 step=440 stage=after_camera_render
1785234066.350344896 step=440 stage=after_set_ctrl
1785234066.350464106 step=440 stage=after_step_log
1785234066.350469112 step=440 stage=before_mj_step
1785234066.350574732 step=440 stage=after_mj_step
1785234066.350661039 step=441 stage=loop_begin
1785234066.351704359 step=441 stage=after_set_ctrl
1785234066.351794481 step=441 stage=after_step_log
1785234066.351799011 step=441 stage=before_mj_step
1785234066.351874352 step=441 stage=after_mj_step
1785234066.351943731 step=442 stage=loop_begin
1785234066.352989197 step=442 stage=after_set_ctrl
1785234066.353082180 step=442 stage=after_step_log
1785234066.353086710 step=442 stage=before_mj_step
1785234066.353164434 step=442 stage=after_mj_step
1785234066.353230238 step=443 stage=loop_begin
1785234066.354130507 step=443 stage=after_set_ctrl
1785234066.354219675 step=443 stage=after_step_log
1785234066.354224205 step=443 stage=before_mj_step
1785234066.354306459 step=443 stage=after_mj_step
1785234066.354375362 step=444 stage=loop_begin
1785234066.355288029 step=444 stage=after_set_ctrl
1785234066.355376482 step=444 stage=after_step_log
1785234066.355381012 step=444 stage=before_mj_step
1785234066.355461597 step=444 stage=after_mj_step
1785234066.355528116 step=445 stage=loop_begin
1785234066.355581760 step=445 stage=before_camera_render
1785234066.408408880 step=445 stage=after_camera_render
1785234066.409933567 step=445 stage=after_set_ctrl
1785234066.410038471 step=445 stage=after_step_log
1785234066.410042763 step=445 stage=before_mj_step
1785234066.410144567 step=445 stage=after_mj_step
1785234066.410225391 step=446 stage=loop_begin
1785234066.411358356 step=446 stage=after_set_ctrl
1785234066.411458731 step=446 stage=after_step_log
1785234066.411464214 step=446 stage=before_mj_step
1785234066.411539555 step=446 stage=after_mj_step
1785234066.411607742 step=447 stage=loop_begin
1785234066.412609100 step=447 stage=after_set_ctrl
1785234066.412707090 step=447 stage=after_step_log
1785234066.412711143 step=447 stage=before_mj_step
1785234066.412775755 step=447 stage=after_mj_step
1785234066.412840128 step=448 stage=loop_begin
1785234066.413801670 step=448 stage=after_set_ctrl
1785234066.413890600 step=448 stage=after_step_log
1785234066.413894653 step=448 stage=before_mj_step
1785234066.413954735 step=448 stage=after_mj_step
1785234066.414018154 step=449 stage=loop_begin
1785234066.415035725 step=449 stage=after_set_ctrl
1785234066.415126562 step=449 stage=after_step_log
1785234066.415131569 step=449 stage=before_mj_step
1785234066.415202618 step=449 stage=after_mj_step
1785234066.415268660 step=450 stage=loop_begin
1785234066.415322542 step=450 stage=before_camera_render
1785234066.469671965 step=450 stage=after_camera_render
1785234066.471258640 step=450 stage=after_set_ctrl
1785234066.471395016 step=450 stage=after_step_log
1785234066.471398830 step=450 stage=before_mj_step
1785234066.471513748 step=450 stage=after_mj_step
1785234066.471597910 step=451 stage=loop_begin
1785234066.472634315 step=451 stage=after_set_ctrl
1785234066.472727776 step=451 stage=after_step_log
1785234066.472732782 step=451 stage=before_mj_step
1785234066.472811937 step=451 stage=after_mj_step
1785234066.472881079 step=452 stage=loop_begin
1785234066.473991156 step=452 stage=after_set_ctrl
1785234066.474076986 step=452 stage=after_step_log
1785234066.474080801 step=452 stage=before_mj_step
1785234066.474156380 step=452 stage=after_mj_step
1785234066.474220276 step=453 stage=loop_begin
1785234066.475166559 step=453 stage=after_set_ctrl
1785234066.475254297 step=453 stage=after_step_log
1785234066.475258589 step=453 stage=before_mj_step
1785234066.475337505 step=453 stage=after_mj_step
1785234066.475404024 step=454 stage=loop_begin
1785234066.476393700 step=454 stage=after_set_ctrl
1785234066.476484537 step=454 stage=after_step_log
1785234066.476490021 step=454 stage=before_mj_step
1785234066.476564169 step=454 stage=after_mj_step
1785234066.476631641 step=455 stage=loop_begin
1785234066.476691961 step=455 stage=before_camera_render
1785234066.529696226 step=455 stage=after_camera_render
1785234066.531031370 step=455 stage=after_set_ctrl
1785234066.531141996 step=455 stage=after_step_log
1785234066.531146526 step=455 stage=before_mj_step
1785234066.531255960 step=455 stage=after_mj_step
1785234066.531338215 step=456 stage=loop_begin
1785234066.532262325 step=456 stage=after_set_ctrl
1785234066.532359838 step=456 stage=after_step_log
1785234066.532364130 step=456 stage=before_mj_step
1785234066.532454252 step=456 stage=after_mj_step
1785234066.532525063 step=457 stage=loop_begin
1785234066.533425808 step=457 stage=after_set_ctrl
1785234066.533512115 step=457 stage=after_step_log
1785234066.533516884 step=457 stage=before_mj_step
1785234066.533585072 step=457 stage=after_mj_step
1785234066.533650875 step=458 stage=loop_begin
1785234066.534693956 step=458 stage=after_set_ctrl
1785234066.534781456 step=458 stage=after_step_log
1785234066.534785748 step=458 stage=before_mj_step
1785234066.534851313 step=458 stage=after_mj_step
1785234066.534912825 step=459 stage=loop_begin
1785234066.535779953 step=459 stage=after_set_ctrl
1785234066.535870552 step=459 stage=after_step_log
1785234066.535874844 step=459 stage=before_mj_step
1785234066.535948515 step=459 stage=after_mj_step
1785234066.536013365 step=460 stage=loop_begin
1785234066.536070824 step=460 stage=before_camera_render
1785234066.588492632 step=460 stage=after_camera_render
1785234066.590120077 step=460 stage=after_set_ctrl
1785234066.590221643 step=460 stage=after_step_log
1785234066.590225697 step=460 stage=before_mj_step
1785234066.590334415 step=460 stage=after_mj_step
1785234066.590419292 step=461 stage=loop_begin
1785234066.591435671 step=461 stage=after_set_ctrl
1785234066.591529369 step=461 stage=after_step_log
1785234066.591534138 step=461 stage=before_mj_step
1785234066.591611624 step=461 stage=after_mj_step
1785234066.591679335 step=462 stage=loop_begin
1785234066.592991114 step=462 stage=after_set_ctrl
1785234066.593077421 step=462 stage=after_step_log
1785234066.593081236 step=462 stage=before_mj_step
1785234066.593151331 step=462 stage=after_mj_step
1785234066.593213797 step=463 stage=loop_begin
1785234066.594147682 step=463 stage=after_set_ctrl
1785234066.594232082 step=463 stage=after_step_log
1785234066.594236374 step=463 stage=before_mj_step
1785234066.594303846 step=463 stage=after_mj_step
1785234066.594367981 step=464 stage=loop_begin
1785234066.595285654 step=464 stage=after_set_ctrl
1785234066.595370770 step=464 stage=after_step_log
1785234066.595374584 step=464 stage=before_mj_step
1785234066.595443487 step=464 stage=after_mj_step
1785234066.595505238 step=465 stage=loop_begin
1785234066.595562220 step=465 stage=before_camera_render
1785234066.648297310 step=465 stage=after_camera_render
1785234066.649617672 step=465 stage=after_set_ctrl
1785234066.649724483 step=465 stage=after_step_log
1785234066.649728775 step=465 stage=before_mj_step
1785234066.649839401 step=465 stage=after_mj_step
1785234066.649924040 step=466 stage=loop_begin
1785234066.651196241 step=466 stage=after_set_ctrl
1785234066.651289940 step=466 stage=after_step_log
1785234066.651294470 step=466 stage=before_mj_step
1785234066.651373625 step=466 stage=after_mj_step
1785234066.651446581 step=467 stage=loop_begin
1785234066.652442932 step=467 stage=after_set_ctrl
1785234066.652529240 step=467 stage=after_step_log
1785234066.652533293 step=467 stage=before_mj_step
1785234066.652609110 step=467 stage=after_mj_step
1785234066.652671576 step=468 stage=loop_begin
1785234066.653845310 step=468 stage=after_set_ctrl
1785234066.653934002 step=468 stage=after_step_log
1785234066.653941154 step=468 stage=before_mj_step
1785234066.654014349 step=468 stage=after_mj_step
1785234066.654080868 step=469 stage=loop_begin
1785234066.655047417 step=469 stage=after_set_ctrl
1785234066.655134678 step=469 stage=after_step_log
1785234066.655138969 step=469 stage=before_mj_step
1785234066.655210018 step=469 stage=after_mj_step
1785234066.655272484 step=470 stage=loop_begin
1785234066.655332088 step=470 stage=before_camera_render
1785234066.707943201 step=470 stage=after_camera_render
1785234066.709419250 step=470 stage=after_set_ctrl
1785234066.709527493 step=470 stage=after_step_log
1785234066.709532261 step=470 stage=before_mj_step
1785234066.709638357 step=470 stage=after_mj_step
1785234066.709721804 step=471 stage=loop_begin
1785234066.711044073 step=471 stage=after_set_ctrl
1785234066.711136818 step=471 stage=after_step_log
1785234066.711140871 step=471 stage=before_mj_step
1785234066.711217403 step=471 stage=after_mj_step
1785234066.711284637 step=472 stage=loop_begin
1785234066.712171078 step=472 stage=after_set_ctrl
1785234066.712259293 step=472 stage=after_step_log
1785234066.712263584 step=472 stage=before_mj_step
1785234066.712332249 step=472 stage=after_mj_step
1785234066.712394476 step=473 stage=loop_begin
1785234066.713312626 step=473 stage=after_set_ctrl
1785234066.713401079 step=473 stage=after_step_log
1785234066.713405609 step=473 stage=before_mj_step
1785234066.713484764 step=473 stage=after_mj_step
1785234066.713550091 step=474 stage=loop_begin
1785234066.714490891 step=474 stage=after_set_ctrl
1785234066.714578152 step=474 stage=after_step_log
1785234066.714583397 step=474 stage=before_mj_step
1785234066.714656115 step=474 stage=after_mj_step
1785234066.714721441 step=475 stage=loop_begin
1785234066.714780569 step=475 stage=before_camera_render
1785234066.768577099 step=475 stage=after_camera_render
1785234066.770107031 step=475 stage=after_set_ctrl
1785234066.770261049 step=475 stage=after_step_log
1785234066.770266294 step=475 stage=before_mj_step
1785234066.770383358 step=475 stage=after_mj_step
1785234066.770473242 step=476 stage=loop_begin
1785234066.771438360 step=476 stage=after_set_ctrl
1785234066.771532059 step=476 stage=after_step_log
1785234066.771538734 step=476 stage=before_mj_step
1785234066.771617889 step=476 stage=after_mj_step
1785234066.771687269 step=477 stage=loop_begin
1785234066.772604704 step=477 stage=after_set_ctrl
1785234066.772693157 step=477 stage=after_step_log
1785234066.772697926 step=477 stage=before_mj_step
1785234066.772770166 step=477 stage=after_mj_step
1785234066.772834063 step=478 stage=loop_begin
1785234066.773936987 step=478 stage=after_set_ctrl
1785234066.774022818 step=478 stage=after_step_log
1785234066.774027109 step=478 stage=before_mj_step
1785234066.774092913 step=478 stage=after_mj_step
1785234066.774158001 step=479 stage=loop_begin
1785234066.775066137 step=479 stage=after_set_ctrl
1785234066.775192022 step=479 stage=after_step_log
1785234066.775197506 step=479 stage=before_mj_step
1785234066.775265455 step=479 stage=after_mj_step
1785234066.775358200 step=480 stage=loop_begin
1785234066.775425434 step=480 stage=before_camera_render
1785234066.828440666 step=480 stage=after_camera_render
1785234066.830697060 step=480 stage=after_set_ctrl
1785234066.830812693 step=480 stage=after_step_log
1785234066.830817223 step=480 stage=before_mj_step
1785234066.830935955 step=480 stage=after_mj_step
1785234066.831017017 step=481 stage=loop_begin
1785234066.832199335 step=481 stage=after_set_ctrl
1785234066.832295179 step=481 stage=after_step_log
1785234066.832299709 step=481 stage=before_mj_step
1785234066.832382679 step=481 stage=after_mj_step
1785234066.832459450 step=482 stage=loop_begin
1785234066.833530188 step=482 stage=after_set_ctrl
1785234066.833614826 step=482 stage=after_step_log
1785234066.833619356 step=482 stage=before_mj_step
1785234066.833684921 step=482 stage=after_mj_step
1785234066.833756685 step=483 stage=loop_begin
1785234066.834731102 step=483 stage=after_set_ctrl
1785234066.834818840 step=483 stage=after_step_log
1785234066.834822655 step=483 stage=before_mj_step
1785234066.834883213 step=483 stage=after_mj_step
1785234066.834944725 step=484 stage=loop_begin
1785234066.835899115 step=484 stage=after_set_ctrl
1785234066.835988045 step=484 stage=after_step_log
1785234066.835992813 step=484 stage=before_mj_step
1785234066.836063862 step=484 stage=after_mj_step
1785234066.836127281 step=485 stage=loop_begin
1785234066.836183548 step=485 stage=before_camera_render
1785234066.890972853 step=485 stage=after_camera_render
1785234066.892443180 step=485 stage=after_set_ctrl
1785234066.892552137 step=485 stage=after_step_log
1785234066.892557144 step=485 stage=before_mj_step
1785234066.892659903 step=485 stage=after_mj_step
1785234066.892743111 step=486 stage=loop_begin
1785234066.893928766 step=486 stage=after_set_ctrl
1785234066.894017696 step=486 stage=after_step_log
1785234066.894022226 step=486 stage=before_mj_step
1785234066.894094229 step=486 stage=after_mj_step
1785234066.894163132 step=487 stage=loop_begin
1785234066.895145416 step=487 stage=after_set_ctrl
1785234066.895236969 step=487 stage=after_step_log
1785234066.895241499 step=487 stage=before_mj_step
1785234066.895309210 step=487 stage=after_mj_step
1785234066.895377636 step=488 stage=loop_begin
1785234066.896259785 step=488 stage=after_set_ctrl
1785234066.896350145 step=488 stage=after_step_log
1785234066.896354914 step=488 stage=before_mj_step
1785234066.896430254 step=488 stage=after_mj_step
1785234066.896498680 step=489 stage=loop_begin
1785234066.897426844 step=489 stage=after_set_ctrl
1785234066.897514582 step=489 stage=after_step_log
1785234066.897519112 step=489 stage=before_mj_step
1785234066.897585630 step=489 stage=after_mj_step
1785234066.897654295 step=490 stage=loop_begin
1785234066.897713423 step=490 stage=before_camera_render
1785234066.950287819 step=490 stage=after_camera_render
1785234066.952280045 step=490 stage=after_set_ctrl
1785234066.952383757 step=490 stage=after_step_log
1785234066.952388287 step=490 stage=before_mj_step
1785234066.952498674 step=490 stage=after_mj_step
1785234066.952575684 step=491 stage=loop_begin
1785234066.953870058 step=491 stage=after_set_ctrl
1785234066.953969717 step=491 stage=after_step_log
1785234066.953974009 step=491 stage=before_mj_step
1785234066.954061270 step=491 stage=after_mj_step
1785234066.954131126 step=492 stage=loop_begin
1785234066.955182552 step=492 stage=after_set_ctrl
1785234066.955267906 step=492 stage=after_step_log
1785234066.955272198 step=492 stage=before_mj_step
1785234066.955334187 step=492 stage=after_mj_step
1785234066.955395937 step=493 stage=loop_begin
1785234066.956337690 step=493 stage=after_set_ctrl
1785234066.956428766 step=493 stage=after_step_log
1785234066.956434011 step=493 stage=before_mj_step
1785234066.956496954 step=493 stage=after_mj_step
1785234066.956557989 step=494 stage=loop_begin
1785234066.957469940 step=494 stage=after_set_ctrl
1785234066.957555771 step=494 stage=after_step_log
1785234066.957560539 step=494 stage=before_mj_step
1785234066.957630873 step=494 stage=after_mj_step
1785234066.957695007 step=495 stage=loop_begin
1785234066.957751274 step=495 stage=before_camera_render
1785234067.010501623 step=495 stage=after_camera_render
1785234067.011826038 step=495 stage=after_set_ctrl
1785234067.011944532 step=495 stage=after_step_log
1785234067.011950016 step=495 stage=before_mj_step
1785234067.012064695 step=495 stage=after_mj_step
1785234067.012156725 step=496 stage=loop_begin
1785234067.013214111 step=496 stage=after_set_ctrl
1785234067.013310194 step=496 stage=after_step_log
1785234067.013316393 step=496 stage=before_mj_step
1785234067.013392925 step=496 stage=after_mj_step
1785234067.013468742 step=497 stage=loop_begin
1785234067.014408112 step=497 stage=after_set_ctrl
1785234067.014500618 step=497 stage=after_step_log
1785234067.014505148 step=497 stage=before_mj_step
1785234067.014569998 step=497 stage=after_mj_step
1785234067.014643669 step=498 stage=loop_begin
1785234067.015653133 step=498 stage=after_set_ctrl
1785234067.015739441 step=498 stage=after_step_log
1785234067.015743732 step=498 stage=before_mj_step
1785234067.015804052 step=498 stage=after_mj_step
1785234067.015869617 step=499 stage=loop_begin
1785234067.016803265 step=499 stage=after_set_ctrl
1785234067.016892195 step=499 stage=after_step_log
1785234067.016896725 step=499 stage=before_mj_step
1785234067.016959190 step=499 stage=after_mj_step
1785234067.017022371 step=500 stage=loop_begin
1785234067.017075777 step=500 stage=before_camera_render
1785234067.071881294 step=500 stage=after_camera_render
1785234067.073453665 step=500 stage=after_set_ctrl
1785234067.073589325 step=500 stage=after_step_log
1785234067.073593140 step=500 stage=before_mj_step
1785234067.073698282 step=500 stage=after_mj_step
1785234067.073777437 step=501 stage=loop_begin
1785234067.074961424 step=501 stage=after_set_ctrl
1785234067.075059175 step=501 stage=after_step_log
1785234067.075064182 step=501 stage=before_mj_step
1785234067.075137615 step=501 stage=after_mj_step
1785234067.075204611 step=502 stage=loop_begin
1785234067.076222658 step=502 stage=after_set_ctrl
1785234067.076314449 step=502 stage=after_step_log
1785234067.076321602 step=502 stage=before_mj_step
1785234067.076395750 step=502 stage=after_mj_step
1785234067.076467991 step=503 stage=loop_begin
1785234067.077576160 step=503 stage=after_set_ctrl
1785234067.077666283 step=503 stage=after_step_log
1785234067.077670574 step=503 stage=before_mj_step
1785234067.077741385 step=503 stage=after_mj_step
1785234067.077806950 step=504 stage=loop_begin
1785234067.078932524 step=504 stage=after_set_ctrl
1785234067.079017162 step=504 stage=after_step_log
1785234067.079021454 step=504 stage=before_mj_step
1785234067.079087019 step=504 stage=after_mj_step
1785234067.079149723 step=505 stage=loop_begin
1785234067.079204559 step=505 stage=before_camera_render
1785234067.133147478 step=505 stage=after_camera_render
1785234067.134678602 step=505 stage=after_set_ctrl
1785234067.134784698 step=505 stage=after_step_log
1785234067.134789705 step=505 stage=before_mj_step
1785234067.134892464 step=505 stage=after_mj_step
1785234067.134973764 step=506 stage=loop_begin
1785234067.136275530 step=506 stage=after_set_ctrl
1785234067.136372566 step=506 stage=after_step_log
1785234067.136377096 step=506 stage=before_mj_step
1785234067.136471510 step=506 stage=after_mj_step
1785234067.136543751 step=507 stage=loop_begin
1785234067.137714386 step=507 stage=after_set_ctrl
1785234067.137830734 step=507 stage=after_step_log
1785234067.137835264 step=507 stage=before_mj_step
1785234067.137903214 step=507 stage=after_mj_step
1785234067.137968779 step=508 stage=loop_begin
1785234067.139149666 step=508 stage=after_set_ctrl
1785234067.139236212 step=508 stage=after_step_log
1785234067.139240742 step=508 stage=before_mj_step
1785234067.139308453 step=508 stage=after_mj_step
1785234067.139374256 step=509 stage=loop_begin
1785234067.140379429 step=509 stage=after_set_ctrl
1785234067.140469790 step=509 stage=after_step_log
1785234067.140475035 step=509 stage=before_mj_step
1785234067.140536308 step=509 stage=after_mj_step
1785234067.140599489 step=510 stage=loop_begin
1785234067.140653849 step=510 stage=before_camera_render
1785234067.193696737 step=510 stage=after_camera_render
1785234067.194940329 step=510 stage=after_set_ctrl
1785234067.195088625 step=510 stage=after_step_log
1785234067.195105076 step=510 stage=before_mj_step
1785234067.195256472 step=510 stage=after_mj_step
1785234067.195387125 step=511 stage=loop_begin
1785234067.197327137 step=511 stage=after_set_ctrl
1785234067.197475910 step=511 stage=after_step_log
1785234067.197487354 step=511 stage=before_mj_step
1785234067.197601795 step=511 stage=after_mj_step
1785234067.197703838 step=512 stage=loop_begin
1785234067.199576139 step=512 stage=after_set_ctrl
1785234067.199712276 step=512 stage=after_step_log
1785234067.199722290 step=512 stage=before_mj_step
1785234067.199828625 step=512 stage=after_mj_step
1785234067.199937820 step=513 stage=loop_begin
1785234067.201695442 step=513 stage=after_set_ctrl
1785234067.201834202 step=513 stage=after_step_log
1785234067.201843739 step=513 stage=before_mj_step
1785234067.201945782 step=513 stage=after_mj_step
1785234067.202039003 step=514 stage=loop_begin
1785234067.203701496 step=514 stage=after_set_ctrl
1785234067.203843355 step=514 stage=after_step_log
1785234067.203852654 step=514 stage=before_mj_step
1785234067.203952074 step=514 stage=after_mj_step
1785234067.204059124 step=515 stage=loop_begin
1785234067.204163551 step=515 stage=before_camera_render
1785234067.257003546 step=515 stage=after_camera_render
1785234067.258569956 step=515 stage=after_set_ctrl
1785234067.258683205 step=515 stage=after_step_log
1785234067.258687973 step=515 stage=before_mj_step
1785234067.258793116 step=515 stage=after_mj_step
1785234067.258884907 step=516 stage=loop_begin
1785234067.260469437 step=516 stage=after_set_ctrl
1785234067.260561228 step=516 stage=after_step_log
1785234067.260565519 step=516 stage=before_mj_step
1785234067.260635614 step=516 stage=after_mj_step
1785234067.260706902 step=517 stage=loop_begin
1785234067.261627197 step=517 stage=after_set_ctrl
1785234067.261721134 step=517 stage=after_step_log
1785234067.261725426 step=517 stage=before_mj_step
1785234067.261796713 step=517 stage=after_mj_step
1785234067.261866331 step=518 stage=loop_begin
1785234067.263135910 step=518 stage=after_set_ctrl
1785234067.263224602 step=518 stage=after_step_log
1785234067.263229370 step=518 stage=before_mj_step
1785234067.263301134 step=518 stage=after_mj_step
1785234067.263369322 step=519 stage=loop_begin
1785234067.264346600 step=519 stage=after_set_ctrl
1785234067.264436007 step=519 stage=after_step_log
1785234067.264441252 step=519 stage=before_mj_step
1785234067.264503002 step=519 stage=after_mj_step
1785234067.264564991 step=520 stage=loop_begin
1785234067.264621973 step=520 stage=before_camera_render
1785234067.317337513 step=520 stage=after_camera_render
1785234067.319037199 step=520 stage=after_set_ctrl
1785234067.319140196 step=520 stage=after_step_log
1785234067.319144011 step=520 stage=before_mj_step
1785234067.319246054 step=520 stage=after_mj_step
1785234067.319321871 step=521 stage=loop_begin
1785234067.320303202 step=521 stage=after_set_ctrl
1785234067.320397139 step=521 stage=after_step_log
1785234067.320401192 step=521 stage=before_mj_step
1785234067.320482254 step=521 stage=after_mj_step
1785234067.320550203 step=522 stage=loop_begin
1785234067.321574450 step=522 stage=after_set_ctrl
1785234067.321661949 step=522 stage=after_step_log
1785234067.321666479 step=522 stage=before_mj_step
1785234067.321737051 step=522 stage=after_mj_step
1785234067.321802139 step=523 stage=loop_begin
1785234067.322620630 step=523 stage=after_set_ctrl
1785234067.322706461 step=523 stage=after_step_log
1785234067.322710752 step=523 stage=before_mj_step
1785234067.322777271 step=523 stage=after_mj_step
1785234067.322840929 step=524 stage=loop_begin
1785234067.323972940 step=524 stage=after_set_ctrl
1785234067.324055195 step=524 stage=after_step_log
1785234067.324059486 step=524 stage=before_mj_step
1785234067.324120522 step=524 stage=after_mj_step
1785234067.324182034 step=525 stage=loop_begin
1785234067.324235439 step=525 stage=before_camera_render
1785234067.377210855 step=525 stage=after_camera_render
1785234067.379257202 step=525 stage=after_set_ctrl
1785234067.379392624 step=525 stage=after_step_log
1785234067.379396200 step=525 stage=before_mj_step
1785234067.379506826 step=525 stage=after_mj_step
1785234067.379590750 step=526 stage=loop_begin
1785234067.380691528 step=526 stage=after_set_ctrl
1785234067.380785942 step=526 stage=after_step_log
1785234067.380789995 step=526 stage=before_mj_step
1785234067.380870104 step=526 stage=after_mj_step
1785234067.380943298 step=527 stage=loop_begin
1785234067.382254362 step=527 stage=after_set_ctrl
1785234067.382344246 step=527 stage=after_step_log
1785234067.382348061 step=527 stage=before_mj_step
1785234067.382411718 step=527 stage=after_mj_step
1785234067.382490873 step=528 stage=loop_begin
1785234067.383374929 step=528 stage=after_set_ctrl
1785234067.383467436 step=528 stage=after_step_log
1785234067.383474112 step=528 stage=before_mj_step
1785234067.383540154 step=528 stage=after_mj_step
1785234067.383604288 step=529 stage=loop_begin
1785234067.384628296 step=529 stage=after_set_ctrl
1785234067.384715796 step=529 stage=after_step_log
1785234067.384719610 step=529 stage=before_mj_step
1785234067.384779453 step=529 stage=after_mj_step
1785234067.384843349 step=530 stage=loop_begin
1785234067.384896517 step=530 stage=before_camera_render
1785234067.438118935 step=530 stage=after_camera_render
1785234067.439396620 step=530 stage=after_set_ctrl
1785234067.439511299 step=530 stage=after_step_log
1785234067.439516783 step=530 stage=before_mj_step
1785234067.439620495 step=530 stage=after_mj_step
1785234067.439702511 step=531 stage=loop_begin
1785234067.441318512 step=531 stage=after_set_ctrl
1785234067.441420555 step=531 stage=after_step_log
1785234067.441425562 step=531 stage=before_mj_step
1785234067.441504240 step=531 stage=after_mj_step
1785234067.441572905 step=532 stage=loop_begin
1785234067.442466974 step=532 stage=after_set_ctrl
1785234067.442553282 step=532 stage=after_step_log
1785234067.442558050 step=532 stage=before_mj_step
1785234067.442621231 step=532 stage=after_mj_step
1785234067.442687511 step=533 stage=loop_begin
1785234067.443645239 step=533 stage=after_set_ctrl
1785234067.443734169 step=533 stage=after_step_log
1785234067.443738699 step=533 stage=before_mj_step
1785234067.443799973 step=533 stage=after_mj_step
1785234067.443866730 step=534 stage=loop_begin
1785234067.444822788 step=534 stage=after_set_ctrl
1785234067.444912910 step=534 stage=after_step_log
1785234067.444917917 step=534 stage=before_mj_step
1785234067.444985867 step=534 stage=after_mj_step
1785234067.445060015 step=535 stage=loop_begin
1785234067.445116997 step=535 stage=before_camera_render
1785234067.498761654 step=535 stage=after_camera_render
1785234067.500478745 step=535 stage=after_set_ctrl
1785234067.500589132 step=535 stage=after_step_log
1785234067.500593662 step=535 stage=before_mj_step
1785234067.500696659 step=535 stage=after_mj_step
1785234067.500782013 step=536 stage=loop_begin
1785234067.502268791 step=536 stage=after_set_ctrl
1785234067.502368212 step=536 stage=after_step_log
1785234067.502372503 step=536 stage=before_mj_step
1785234067.502456903 step=536 stage=after_mj_step
1785234067.502532005 step=537 stage=loop_begin
1785234067.503605366 step=537 stage=after_set_ctrl
1785234067.503690481 step=537 stage=after_step_log
1785234067.503694773 step=537 stage=before_mj_step
1785234067.503758669 step=537 stage=after_mj_step
1785234067.503823042 step=538 stage=loop_begin
1785234067.504732609 step=538 stage=after_set_ctrl
1785234067.504824400 step=538 stage=after_step_log
1785234067.504828453 step=538 stage=before_mj_step
1785234067.504887819 step=538 stage=after_mj_step
1785234067.504949093 step=539 stage=loop_begin
1785234067.506000280 step=539 stage=after_set_ctrl
1785234067.506088972 step=539 stage=after_step_log
1785234067.506093740 step=539 stage=before_mj_step
1785234067.506163120 step=539 stage=after_mj_step
1785234067.506226063 step=540 stage=loop_begin
1785234067.506282806 step=540 stage=before_camera_render
1785234067.558974504 step=540 stage=after_camera_render
1785234067.560631037 step=540 stage=after_set_ctrl
1785234067.560739040 step=540 stage=after_step_log
1785234067.560743332 step=540 stage=before_mj_step
1785234067.560843229 step=540 stage=after_mj_step
1785234067.560924053 step=541 stage=loop_begin
1785234067.562235832 step=541 stage=after_set_ctrl
1785234067.562335014 step=541 stage=after_step_log
1785234067.562339306 step=541 stage=before_mj_step
1785234067.562432051 step=541 stage=after_mj_step
1785234067.562515736 step=542 stage=loop_begin
1785234067.563547850 step=542 stage=after_set_ctrl
1785234067.563644886 step=542 stage=after_step_log
1785234067.563649654 step=542 stage=before_mj_step
1785234067.563714981 step=542 stage=after_mj_step
1785234067.563791037 step=543 stage=loop_begin
1785234067.564824820 step=543 stage=after_set_ctrl
1785234067.564919472 step=543 stage=after_step_log
1785234067.564924240 step=543 stage=before_mj_step
1785234067.564996958 step=543 stage=after_mj_step
1785234067.565068245 step=544 stage=loop_begin
1785234067.566023111 step=544 stage=after_set_ctrl
1785234067.566113472 step=544 stage=after_step_log
1785234067.566118240 step=544 stage=before_mj_step
1785234067.566188812 step=544 stage=after_mj_step
1785234067.566254854 step=545 stage=loop_begin
1785234067.566311121 step=545 stage=before_camera_render
1785234067.618846178 step=545 stage=after_camera_render
1785234067.620540380 step=545 stage=after_set_ctrl
1785234067.620644093 step=545 stage=after_step_log
1785234067.620648861 step=545 stage=before_mj_step
1785234067.620753765 step=545 stage=after_mj_step
1785234067.620834112 step=546 stage=loop_begin
1785234067.621990204 step=546 stage=after_set_ctrl
1785234067.622088909 step=546 stage=after_step_log
1785234067.622093201 step=546 stage=before_mj_step
1785234067.622167349 step=546 stage=after_mj_step
1785234067.622235060 step=547 stage=loop_begin
1785234067.623358250 step=547 stage=after_set_ctrl
1785234067.623450994 step=547 stage=after_step_log
1785234067.623456478 step=547 stage=before_mj_step
1785234067.623518229 step=547 stage=after_mj_step
1785234067.623580456 step=548 stage=loop_begin
1785234067.624490023 step=548 stage=after_set_ctrl
1785234067.624579191 step=548 stage=after_step_log
1785234067.624583483 step=548 stage=before_mj_step
1785234067.624654293 step=548 stage=after_mj_step
1785234067.624718666 step=549 stage=loop_begin
1785234067.625624180 step=549 stage=after_set_ctrl
1785234067.625711441 step=549 stage=after_step_log
1785234067.625715971 step=549 stage=before_mj_step
1785234067.625782728 step=549 stage=after_mj_step
1785234067.625845194 step=550 stage=loop_begin
1785234067.625900745 step=550 stage=before_camera_render
1785234067.681122780 step=550 stage=after_camera_render
1785234067.682713509 step=550 stage=after_set_ctrl
1785234067.682852745 step=550 stage=after_step_log
1785234067.682856560 step=550 stage=before_mj_step
1785234067.682958841 step=550 stage=after_mj_step
1785234067.683040857 step=551 stage=loop_begin
1785234067.684336662 step=551 stage=after_set_ctrl
1785234067.684437037 step=551 stage=after_step_log
1785234067.684441805 step=551 stage=before_mj_step
1785234067.684514284 step=551 stage=after_mj_step
1785234067.684586763 step=552 stage=loop_begin
1785234067.685538530 step=552 stage=after_set_ctrl
1785234067.685627699 step=552 stage=after_step_log
1785234067.685632467 step=552 stage=before_mj_step
1785234067.685704231 step=552 stage=after_mj_step
1785234067.685769320 step=553 stage=loop_begin
1785234067.687077522 step=553 stage=after_set_ctrl
1785234067.687166452 step=553 stage=after_step_log
1785234067.687171221 step=553 stage=before_mj_step
1785234067.687239885 step=553 stage=after_mj_step
1785234067.687302589 step=554 stage=loop_begin
1785234067.688395262 step=554 stage=after_set_ctrl
1785234067.688484430 step=554 stage=after_step_log
1785234067.688489676 step=554 stage=before_mj_step
1785234067.688553810 step=554 stage=after_mj_step
1785234067.688615322 step=555 stage=loop_begin
1785234067.688667059 step=555 stage=before_camera_render
1785234067.743045568 step=555 stage=after_camera_render
1785234067.744665146 step=555 stage=after_set_ctrl
1785234067.744783163 step=555 stage=after_step_log
1785234067.744787931 step=555 stage=before_mj_step
1785234067.744893551 step=555 stage=after_mj_step
1785234067.744995117 step=556 stage=loop_begin
1785234067.746324301 step=556 stage=after_set_ctrl
1785234067.746407986 step=556 stage=after_step_log
1785234067.746412277 step=556 stage=before_mj_step
1785234067.746481180 step=556 stage=after_mj_step
1785234067.746543884 step=557 stage=loop_begin
1785234067.747543097 step=557 stage=after_set_ctrl
1785234067.747630119 step=557 stage=after_step_log
1785234067.747634172 step=557 stage=before_mj_step
1785234067.747696877 step=557 stage=after_mj_step
1785234067.747763395 step=558 stage=loop_begin
1785234067.748678684 step=558 stage=after_set_ctrl
1785234067.748765230 step=558 stage=after_step_log
1785234067.748769522 step=558 stage=before_mj_step
1785234067.748839140 step=558 stage=after_mj_step
1785234067.748902321 step=559 stage=loop_begin
1785234067.750012398 step=559 stage=after_set_ctrl
1785234067.750096560 step=559 stage=after_step_log
1785234067.750100851 step=559 stage=before_mj_step
1785234067.750163555 step=559 stage=after_mj_step
1785234067.750226498 step=560 stage=loop_begin
1785234067.750277996 step=560 stage=before_camera_render
1785234067.803916216 step=560 stage=after_camera_render
1785234067.805345058 step=560 stage=after_set_ctrl
1785234067.805460691 step=560 stage=after_step_log
1785234067.805466175 step=560 stage=before_mj_step
1785234067.805569649 step=560 stage=after_mj_step
1785234067.805650234 step=561 stage=loop_begin
1785234067.806663513 step=561 stage=after_set_ctrl
1785234067.806757450 step=561 stage=after_step_log
1785234067.806761742 step=561 stage=before_mj_step
1785234067.806837082 step=561 stage=after_mj_step
1785234067.806904554 step=562 stage=loop_begin
1785234067.808054209 step=562 stage=after_set_ctrl
1785234067.808144093 step=562 stage=after_step_log
1785234067.808148623 step=562 stage=before_mj_step
1785234067.808220863 step=562 stage=after_mj_step
1785234067.808286190 step=563 stage=loop_begin
1785234067.809244871 step=563 stage=after_set_ctrl
1785234067.809332848 step=563 stage=after_step_log
1785234067.809337139 step=563 stage=before_mj_step
1785234067.809401274 step=563 stage=after_mj_step
1785234067.809468985 step=564 stage=loop_begin
1785234067.810389757 step=564 stage=after_set_ctrl
1785234067.810480356 step=564 stage=after_step_log
1785234067.810486317 step=564 stage=before_mj_step
1785234067.810549736 step=564 stage=after_mj_step
1785234067.810613155 step=565 stage=loop_begin
1785234067.810663223 step=565 stage=before_camera_render
1785234067.863327026 step=565 stage=after_camera_render
1785234067.864992619 step=565 stage=after_set_ctrl
1785234067.865161180 step=565 stage=after_step_log
1785234067.865171432 step=565 stage=before_mj_step
1785234067.865323782 step=565 stage=after_mj_step
1785234067.865457058 step=566 stage=loop_begin
1785234067.867215633 step=566 stage=after_set_ctrl
1785234067.867340803 step=566 stage=after_step_log
1785234067.867350101 step=566 stage=before_mj_step
1785234067.867456436 step=566 stage=after_mj_step
1785234067.867551088 step=567 stage=loop_begin
1785234067.869077444 step=567 stage=after_set_ctrl
1785234067.869212151 step=567 stage=after_step_log
1785234067.869221449 step=567 stage=before_mj_step
1785234067.869321823 step=567 stage=after_mj_step
1785234067.869420767 step=568 stage=loop_begin
1785234067.871299505 step=568 stage=after_set_ctrl
1785234067.871438503 step=568 stage=after_step_log
1785234067.871449947 step=568 stage=before_mj_step
1785234067.871556520 step=568 stage=after_mj_step
1785234067.871647596 step=569 stage=loop_begin
1785234067.873280048 step=569 stage=after_set_ctrl
1785234067.873420477 step=569 stage=after_step_log
1785234067.873432636 step=569 stage=before_mj_step
1785234067.873534918 step=569 stage=after_mj_step
1785234067.873628378 step=570 stage=loop_begin
1785234067.873724937 step=570 stage=before_camera_render
1785234067.944580317 step=570 stage=after_camera_render
1785234067.946342707 step=570 stage=after_set_ctrl
1785234067.946462393 step=570 stage=after_step_log
1785234067.946467638 step=570 stage=before_mj_step
1785234067.946574688 step=570 stage=after_mj_step
1785234067.946664095 step=571 stage=loop_begin
1785234067.948312521 step=571 stage=after_set_ctrl
1785234067.948435545 step=571 stage=after_step_log
1785234067.948440790 step=571 stage=before_mj_step
1785234067.948540211 step=571 stage=after_mj_step
1785234067.948620081 step=572 stage=loop_begin
1785234067.949669361 step=572 stage=after_set_ctrl
1785234067.949776649 step=572 stage=after_step_log
1785234067.949781179 step=572 stage=before_mj_step
1785234067.949856997 step=572 stage=after_mj_step
1785234067.949940205 step=573 stage=loop_begin
1785234067.951280832 step=573 stage=after_set_ctrl
1785234067.951376438 step=573 stage=after_step_log
1785234067.951381207 step=573 stage=before_mj_step
1785234067.951464176 step=573 stage=after_mj_step
1785234067.951536894 step=574 stage=loop_begin
1785234067.952588558 step=574 stage=after_set_ctrl
1785234067.952675104 step=574 stage=after_step_log
1785234067.952679634 step=574 stage=before_mj_step
1785234067.952747345 step=574 stage=after_mj_step
1785234067.952810049 step=575 stage=loop_begin
1785234067.952861786 step=575 stage=before_camera_render
1785234068.007731676 step=575 stage=after_camera_render
1785234068.009317398 step=575 stage=after_set_ctrl
1785234068.009460688 step=575 stage=after_step_log
1785234068.009464979 step=575 stage=before_mj_step
1785234068.009570599 step=575 stage=after_mj_step
1785234068.009653568 step=576 stage=loop_begin
1785234068.011120558 step=576 stage=after_set_ctrl
1785234068.011219501 step=576 stage=after_step_log
1785234068.011224031 step=576 stage=before_mj_step
1785234068.011307001 step=576 stage=after_mj_step
1785234068.011377811 step=577 stage=loop_begin
1785234068.012303352 step=577 stage=after_set_ctrl
1785234068.012392044 step=577 stage=after_step_log
1785234068.012395859 step=577 stage=before_mj_step
1785234068.012472153 step=577 stage=after_mj_step
1785234068.012539864 step=578 stage=loop_begin
1785234068.013401270 step=578 stage=after_set_ctrl
1785234068.013493538 step=578 stage=after_step_log
1785234068.013499975 step=578 stage=before_mj_step
1785234068.013569117 step=578 stage=after_mj_step
1785234068.013633966 step=579 stage=loop_begin
1785234068.014451742 step=579 stage=after_set_ctrl
1785234068.014539719 step=579 stage=after_step_log
1785234068.014543533 step=579 stage=before_mj_step
1785234068.014606237 step=579 stage=after_mj_step
1785234068.014669895 step=580 stage=loop_begin
1785234068.014719486 step=580 stage=before_camera_render
1785234068.067892790 step=580 stage=after_camera_render
1785234068.069225550 step=580 stage=after_set_ctrl
1785234068.069334269 step=580 stage=after_step_log
1785234068.069339037 step=580 stage=before_mj_step
1785234068.069452524 step=580 stage=after_mj_step
1785234068.069534063 step=581 stage=loop_begin
1785234068.070629358 step=581 stage=after_set_ctrl
1785234068.070725679 step=581 stage=after_step_log
1785234068.070730448 step=581 stage=before_mj_step
1785234068.070809126 step=581 stage=after_mj_step
1785234068.070878506 step=582 stage=loop_begin
1785234068.071770906 step=582 stage=after_set_ctrl
1785234068.071861267 step=582 stage=after_step_log
1785234068.071867943 step=582 stage=before_mj_step
1785234068.071940899 step=582 stage=after_mj_step
1785234068.072006226 step=583 stage=loop_begin
1785234068.072897911 step=583 stage=after_set_ctrl
1785234068.072982311 step=583 stage=after_step_log
1785234068.072986126 step=583 stage=before_mj_step
1785234068.073052406 step=583 stage=after_mj_step
1785234068.073117971 step=584 stage=loop_begin
1785234068.074070692 step=584 stage=after_set_ctrl
1785234068.074161291 step=584 stage=after_step_log
1785234068.074165344 step=584 stage=before_mj_step
1785234068.074226379 step=584 stage=after_mj_step
1785234068.074287653 step=585 stage=loop_begin
1785234068.074337482 step=585 stage=before_camera_render
1785234068.129353762 step=585 stage=after_camera_render
1785234068.130616426 step=585 stage=after_set_ctrl
1785234068.130732775 step=585 stage=after_step_log
1785234068.130737782 step=585 stage=before_mj_step
1785234068.130865812 step=585 stage=after_mj_step
1785234068.130955219 step=586 stage=loop_begin
1785234068.132326841 step=586 stage=after_set_ctrl
1785234068.132436752 step=586 stage=after_step_log
1785234068.132442474 step=586 stage=before_mj_step
1785234068.132522583 step=586 stage=after_mj_step
1785234068.132596970 step=587 stage=loop_begin
1785234068.133696079 step=587 stage=after_set_ctrl
1785234068.133786678 step=587 stage=after_step_log
1785234068.133791685 step=587 stage=before_mj_step
1785234068.133857250 step=587 stage=after_mj_step
1785234068.133921623 step=588 stage=loop_begin
1785234068.135196686 step=588 stage=after_set_ctrl
1785234068.135291100 step=588 stage=after_step_log
1785234068.135295630 step=588 stage=before_mj_step
1785234068.135370731 step=588 stage=after_mj_step
1785234068.135444880 step=589 stage=loop_begin
1785234068.136279106 step=589 stage=after_set_ctrl
1785234068.136368990 step=589 stage=after_step_log
1785234068.136373997 step=589 stage=before_mj_step
1785234068.136456013 step=589 stage=after_mj_step
1785234068.136525393 step=590 stage=loop_begin
1785234068.136581421 step=590 stage=before_camera_render
1785234068.189884424 step=590 stage=after_camera_render
1785234068.191440105 step=590 stage=after_set_ctrl
1785234068.191550732 step=590 stage=after_step_log
1785234068.191554785 step=590 stage=before_mj_step
1785234068.191660881 step=590 stage=after_mj_step
1785234068.191741467 step=591 stage=loop_begin
1785234068.192904234 step=591 stage=after_set_ctrl
1785234068.193000555 step=591 stage=after_step_log
1785234068.193004847 step=591 stage=before_mj_step
1785234068.193092823 step=591 stage=after_mj_step
1785234068.193163157 step=592 stage=loop_begin
1785234068.194440365 step=592 stage=after_set_ctrl
1785234068.194529057 step=592 stage=after_step_log
1785234068.194533110 step=592 stage=before_mj_step
1785234068.194605112 step=592 stage=after_mj_step
1785234068.194669008 step=593 stage=loop_begin
1785234068.195677280 step=593 stage=after_set_ctrl
1785234068.195767641 step=593 stage=after_step_log
1785234068.195771933 step=593 stage=before_mj_step
1785234068.195840836 step=593 stage=after_mj_step
1785234068.195905209 step=594 stage=loop_begin
1785234068.196790218 step=594 stage=after_set_ctrl
1785234068.196877480 step=594 stage=after_step_log
1785234068.196882248 step=594 stage=before_mj_step
1785234068.196943521 step=594 stage=after_mj_step
1785234068.197004080 step=595 stage=loop_begin
1785234068.197054386 step=595 stage=before_camera_render
1785234068.249606848 step=595 stage=after_camera_render
1785234068.251130104 step=595 stage=after_set_ctrl
1785234068.251240492 step=595 stage=after_step_log
1785234068.251245260 step=595 stage=before_mj_step
1785234068.251351833 step=595 stage=after_mj_step
1785234068.251439095 step=596 stage=loop_begin
1785234068.252363443 step=596 stage=after_set_ctrl
1785234068.252460718 step=596 stage=after_step_log
1785234068.252467394 step=596 stage=before_mj_step
1785234068.252543688 step=596 stage=after_mj_step
1785234068.252612829 step=597 stage=loop_begin
1785234068.254028320 step=597 stage=after_set_ctrl
1785234068.254141331 step=597 stage=after_step_log
1785234068.254146099 step=597 stage=before_mj_step
1785234068.254232168 step=597 stage=after_mj_step
1785234068.254305363 step=598 stage=loop_begin
1785234068.255264044 step=598 stage=after_set_ctrl
1785234068.255361080 step=598 stage=after_step_log
1785234068.255365610 step=598 stage=before_mj_step
1785234068.255447388 step=598 stage=after_mj_step
1785234068.255517721 step=599 stage=loop_begin
1785234068.256623268 step=599 stage=after_set_ctrl
1785234068.256724119 step=599 stage=after_step_log
1785234068.256729126 step=599 stage=before_mj_step
1785234068.256799698 step=599 stage=after_mj_step
1785234068.256863832 step=600 stage=loop_begin
1785234068.256918430 step=600 stage=before_camera_render
1785234068.317701340 step=600 stage=after_camera_render
1785234068.319218636 step=600 stage=after_set_ctrl
1785234068.319362879 step=600 stage=after_step_log
1785234068.319366217 step=600 stage=before_mj_step
1785234068.319476128 step=600 stage=after_mj_step
1785234068.319558382 step=601 stage=loop_begin
1785234068.320629597 step=601 stage=after_set_ctrl
1785234068.320721865 step=601 stage=after_step_log
1785234068.320726871 step=601 stage=before_mj_step
1785234068.320802212 step=601 stage=after_mj_step
1785234068.320871830 step=602 stage=loop_begin
1785234068.321925163 step=602 stage=after_set_ctrl
1785234068.322013378 step=602 stage=after_step_log
1785234068.322017431 step=602 stage=before_mj_step
1785234068.322085619 step=602 stage=after_mj_step
1785234068.322149515 step=603 stage=loop_begin
1785234068.323116541 step=603 stage=after_set_ctrl
1785234068.323208809 step=603 stage=after_step_log
1785234068.323214054 step=603 stage=before_mj_step
1785234068.323287487 step=603 stage=after_mj_step
1785234068.323354483 step=604 stage=loop_begin
1785234068.324319124 step=604 stage=after_set_ctrl
1785234068.324411631 step=604 stage=after_step_log
1785234068.324421406 step=604 stage=before_mj_step
1785234068.324493647 step=604 stage=after_mj_step
1785234068.324558496 step=605 stage=loop_begin
1785234068.324616909 step=605 stage=before_camera_render
1785234068.380753517 step=605 stage=after_camera_render
1785234068.382430792 step=605 stage=after_set_ctrl
1785234068.382544756 step=605 stage=after_step_log
1785234068.382549286 step=605 stage=before_mj_step
1785234068.382652760 step=605 stage=after_mj_step
1785234068.382742643 step=606 stage=loop_begin
1785234068.383682489 step=606 stage=after_set_ctrl
1785234068.383779764 step=606 stage=after_step_log
1785234068.383784294 step=606 stage=before_mj_step
1785234068.383857727 step=606 stage=after_mj_step
1785234068.383927584 step=607 stage=loop_begin
1785234068.384980917 step=607 stage=after_set_ctrl
1785234068.385077238 step=607 stage=after_step_log
1785234068.385081053 step=607 stage=before_mj_step
1785234068.385155916 step=607 stage=after_mj_step
1785234068.385221481 step=608 stage=loop_begin
1785234068.386334658 step=608 stage=after_set_ctrl
1785234068.386434555 step=608 stage=after_step_log
1785234068.386439562 step=608 stage=before_mj_step
1785234068.386520386 step=608 stage=after_mj_step
1785234068.386587620 step=609 stage=loop_begin
1785234068.387619019 step=609 stage=after_set_ctrl
1785234068.387708187 step=609 stage=after_step_log
1785234068.387712955 step=609 stage=before_mj_step
1785234068.387789488 step=609 stage=after_mj_step
1785234068.387856245 step=610 stage=loop_begin
1785234068.387915850 step=610 stage=before_camera_render
1785234068.440817595 step=610 stage=after_camera_render
1785234068.442125559 step=610 stage=after_set_ctrl
1785234068.442237854 step=610 stage=after_step_log
1785234068.442242384 step=610 stage=before_mj_step
1785234068.442352533 step=610 stage=after_mj_step
1785234068.442450523 step=611 stage=loop_begin
1785234068.443446636 step=611 stage=after_set_ctrl
1785234068.443544626 step=611 stage=after_step_log
1785234068.443548918 step=611 stage=before_mj_step
1785234068.443620443 step=611 stage=after_mj_step
1785234068.443686485 step=612 stage=loop_begin
1785234068.444694757 step=612 stage=after_set_ctrl
1785234068.444786072 step=612 stage=after_step_log
1785234068.444790840 step=612 stage=before_mj_step
1785234068.444859028 step=612 stage=after_mj_step
1785234068.444924831 step=613 stage=loop_begin
1785234068.446072102 step=613 stage=after_set_ctrl
1785234068.446164131 step=613 stage=after_step_log
1785234068.446168661 step=613 stage=before_mj_step
1785234068.446242094 step=613 stage=after_mj_step
1785234068.446306705 step=614 stage=loop_begin
1785234068.447240353 step=614 stage=after_set_ctrl
1785234068.447328091 step=614 stage=after_step_log
1785234068.447332859 step=614 stage=before_mj_step
1785234068.447402239 step=614 stage=after_mj_step
1785234068.447469711 step=615 stage=loop_begin
1785234068.447531223 step=615 stage=before_camera_render
1785234068.500522852 step=615 stage=after_camera_render
1785234068.502462626 step=615 stage=after_set_ctrl
1785234068.502572298 step=615 stage=after_step_log
1785234068.502577066 step=615 stage=before_mj_step
1785234068.502682209 step=615 stage=after_mj_step
1785234068.502764940 step=616 stage=loop_begin
1785234068.503922939 step=616 stage=after_set_ctrl
1785234068.504021168 step=616 stage=after_step_log
1785234068.504025698 step=616 stage=before_mj_step
1785234068.504095793 step=616 stage=after_mj_step
1785234068.504163980 step=617 stage=loop_begin
1785234068.505374908 step=617 stage=after_set_ctrl
1785234068.505476952 step=617 stage=after_step_log
1785234068.505481958 step=617 stage=before_mj_step
1785234068.505554676 step=617 stage=after_mj_step
1785234068.505620480 step=618 stage=loop_begin
1785234068.506638765 step=618 stage=after_set_ctrl
1785234068.506730556 step=618 stage=after_step_log
1785234068.506735086 step=618 stage=before_mj_step
1785234068.506808043 step=618 stage=after_mj_step
1785234068.506875038 step=619 stage=loop_begin
1785234068.508069515 step=619 stage=after_set_ctrl
1785234068.508162737 step=619 stage=after_step_log
1785234068.508167267 step=619 stage=before_mj_step
1785234068.508240938 step=619 stage=after_mj_step
1785234068.508301735 step=620 stage=loop_begin
1785234068.508362293 step=620 stage=before_camera_render
1785234069.997265100 step=620 stage=after_camera_render
1785234069.998766661 step=620 stage=after_set_ctrl
1785234069.998885632 step=620 stage=after_step_log
1785234069.998890638 step=620 stage=before_mj_step
1785234069.999002457 step=620 stage=after_mj_step
1785234069.999085903 step=621 stage=loop_begin
1785234070.000514269 step=621 stage=after_set_ctrl
1785234070.000613928 step=621 stage=after_step_log
1785234070.000618696 step=621 stage=before_mj_step
1785234070.000703573 step=621 stage=after_mj_step
1785234070.000775576 step=622 stage=loop_begin
1785234070.001757622 step=622 stage=after_set_ctrl
1785234070.001859426 step=622 stage=after_step_log
1785234070.001864910 step=622 stage=before_mj_step
1785234070.001945257 step=622 stage=after_mj_step
1785234070.002012014 step=623 stage=loop_begin
1785234070.002893686 step=623 stage=after_set_ctrl
1785234070.002985477 step=623 stage=after_step_log
1785234070.002989531 step=623 stage=before_mj_step
1785234070.003064156 step=623 stage=after_mj_step
1785234070.003128767 step=624 stage=loop_begin
1785234070.004036665 step=624 stage=after_set_ctrl
1785234070.004128456 step=624 stage=after_step_log
1785234070.004132509 step=624 stage=before_mj_step
1785234070.004208326 step=624 stage=after_mj_step
1785234070.004275084 step=625 stage=loop_begin
1785234070.004333496 step=625 stage=before_camera_render
1785234070.056461334 step=625 stage=after_camera_render
1785234070.058093071 step=625 stage=after_set_ctrl
1785234070.058232546 step=625 stage=after_step_log
1785234070.058236361 step=625 stage=before_mj_step
1785234070.058342457 step=625 stage=after_mj_step
1785234070.058421135 step=626 stage=loop_begin
1785234070.059779882 step=626 stage=after_set_ctrl
1785234070.059888840 step=626 stage=after_step_log
1785234070.059894562 step=626 stage=before_mj_step
1785234070.059991837 step=626 stage=after_mj_step
1785234070.060071468 step=627 stage=loop_begin
1785234070.061048985 step=627 stage=after_set_ctrl
1785234070.061139345 step=627 stage=after_step_log
1785234070.061143875 step=627 stage=before_mj_step
1785234070.061217308 step=627 stage=after_mj_step
1785234070.061281681 step=628 stage=loop_begin
1785234070.062361240 step=628 stage=after_set_ctrl
1785234070.062452078 step=628 stage=after_step_log
1785234070.062456846 step=628 stage=before_mj_step
1785234070.062527895 step=628 stage=after_mj_step
1785234070.062591791 step=629 stage=loop_begin
1785234070.063508511 step=629 stage=after_set_ctrl
1785234070.063598871 step=629 stage=after_step_log
1785234070.063603163 step=629 stage=before_mj_step
1785234070.063673019 step=629 stage=after_mj_step
1785234070.063737392 step=630 stage=loop_begin
1785234070.063795090 step=630 stage=before_camera_render
1785234070.117643118 step=630 stage=after_camera_render
1785234070.118996382 step=630 stage=after_set_ctrl
1785234070.119106770 step=630 stage=after_step_log
1785234070.119111538 step=630 stage=before_mj_step
1785234070.119235516 step=630 stage=after_mj_step
1785234070.119322777 step=631 stage=loop_begin
1785234070.120585203 step=631 stage=after_set_ctrl
1785234070.120686293 step=631 stage=after_step_log
1785234070.120690584 step=631 stage=before_mj_step
1785234070.120774746 step=631 stage=after_mj_step
1785234070.120853186 step=632 stage=loop_begin
1785234070.121713638 step=632 stage=after_set_ctrl
1785234070.121803761 step=632 stage=after_step_log
1785234070.121808290 step=632 stage=before_mj_step
1785234070.121885300 step=632 stage=after_mj_step
1785234070.121953964 step=633 stage=loop_begin
1785234070.122878313 step=633 stage=after_set_ctrl
1785234070.122969151 step=633 stage=after_step_log
1785234070.122972965 step=633 stage=before_mj_step
1785234070.123036385 step=633 stage=after_mj_step
1785234070.123102903 step=634 stage=loop_begin
1785234070.124022484 step=634 stage=after_set_ctrl
1785234070.124116182 step=634 stage=after_step_log
1785234070.124121189 step=634 stage=before_mj_step
1785234070.124198914 step=634 stage=after_mj_step
1785234070.124264479 step=635 stage=loop_begin
1785234070.124326468 step=635 stage=before_camera_render
1785234070.178286314 step=635 stage=after_camera_render
1785234070.179826021 step=635 stage=after_set_ctrl
1785234070.179944038 step=635 stage=after_step_log
1785234070.179948092 step=635 stage=before_mj_step
1785234070.180055857 step=635 stage=after_mj_step
1785234070.180146217 step=636 stage=loop_begin
1785234070.181104898 step=636 stage=after_set_ctrl
1785234070.181199551 step=636 stage=after_step_log
1785234070.181204557 step=636 stage=before_mj_step
1785234070.181282997 step=636 stage=after_mj_step
1785234070.181355953 step=637 stage=loop_begin
1785234070.182264328 step=637 stage=after_set_ctrl
1785234070.182360888 step=637 stage=after_step_log
1785234070.182365417 step=637 stage=before_mj_step
1785234070.182438850 step=637 stage=after_mj_step
1785234070.182507753 step=638 stage=loop_begin
1785234070.183510065 step=638 stage=after_set_ctrl
1785234070.183604717 step=638 stage=after_step_log
1785234070.183609486 step=638 stage=before_mj_step
1785234070.183681965 step=638 stage=after_mj_step
1785234070.183745861 step=639 stage=loop_begin
1785234070.184658527 step=639 stage=after_set_ctrl
1785234070.184752464 step=639 stage=after_step_log
1785234070.184757233 step=639 stage=before_mj_step
1785234070.184835672 step=639 stage=after_mj_step
1785234070.184903145 step=640 stage=loop_begin
1785234070.184964895 step=640 stage=before_camera_render
1785234070.237637281 step=640 stage=after_camera_render
1785234070.239083767 step=640 stage=after_set_ctrl
1785234070.239204168 step=640 stage=after_step_log
1785234070.239208460 step=640 stage=before_mj_step
1785234070.239321232 step=640 stage=after_mj_step
1785234070.239409208 step=641 stage=loop_begin
1785234070.240721226 step=641 stage=after_set_ctrl
1785234070.240814447 step=641 stage=after_step_log
1785234070.240824223 step=641 stage=before_mj_step
1785234070.240899086 step=641 stage=after_mj_step
1785234070.240963936 step=642 stage=loop_begin
1785234070.241843939 step=642 stage=after_set_ctrl
1785234070.241935253 step=642 stage=after_step_log
1785234070.241939545 step=642 stage=before_mj_step
1785234070.242011547 step=642 stage=after_mj_step
1785234070.242076397 step=643 stage=loop_begin
1785234070.243010521 step=643 stage=after_set_ctrl
1785234070.243100166 step=643 stage=after_step_log
1785234070.243105173 step=643 stage=before_mj_step
1785234070.243175983 step=643 stage=after_mj_step
1785234070.243239880 step=644 stage=loop_begin
1785234070.244247913 step=644 stage=after_set_ctrl
1785234070.244337320 step=644 stage=after_step_log
1785234070.244342327 step=644 stage=before_mj_step
1785234070.244411230 step=644 stage=after_mj_step
1785234070.244474649 step=645 stage=loop_begin
1785234070.244531870 step=645 stage=before_camera_render
1785234070.298075676 step=645 stage=after_camera_render
1785234070.299432039 step=645 stage=after_set_ctrl
1785234070.299543858 step=645 stage=after_step_log
1785234070.299548388 step=645 stage=before_mj_step
1785234070.299659014 step=645 stage=after_mj_step
1785234070.299745560 step=646 stage=loop_begin
1785234070.300793886 step=646 stage=after_set_ctrl
1785234070.300900936 step=646 stage=after_step_log
1785234070.300906181 step=646 stage=before_mj_step
1785234070.300991297 step=646 stage=after_mj_step
1785234070.301064730 step=647 stage=loop_begin
1785234070.302026272 step=647 stage=after_set_ctrl
1785234070.302119255 step=647 stage=after_step_log
1785234070.302123547 step=647 stage=before_mj_step
1785234070.302193642 step=647 stage=after_mj_step
1785234070.302260160 step=648 stage=loop_begin
1785234070.303629875 step=648 stage=after_set_ctrl
1785234070.303724527 step=648 stage=after_step_log
1785234070.303729057 step=648 stage=before_mj_step
1785234070.303802729 step=648 stage=after_mj_step
1785234070.303876877 step=649 stage=loop_begin
1785234070.304784536 step=649 stage=after_set_ctrl
1785234070.304877520 step=649 stage=after_step_log
1785234070.304884434 step=649 stage=before_mj_step
1785234070.304950476 step=649 stage=after_mj_step
1785234070.305013657 step=650 stage=loop_begin
1785234070.305070639 step=650 stage=before_camera_render
1785234070.360424280 step=650 stage=after_camera_render
1785234070.362096310 step=650 stage=after_set_ctrl
1785234070.362245321 step=650 stage=after_step_log
1785234070.362248898 step=650 stage=before_mj_step
1785234070.362364054 step=650 stage=after_mj_step
1785234070.362468004 step=651 stage=loop_begin
1785234070.363807201 step=651 stage=after_set_ctrl
1785234070.363923311 step=651 stage=after_step_log
1785234070.363928080 step=651 stage=before_mj_step
1785234070.364021778 step=651 stage=after_mj_step
1785234070.364104986 step=652 stage=loop_begin
1785234070.365099669 step=652 stage=after_set_ctrl
1785234070.365194798 step=652 stage=after_step_log
1785234070.365199566 step=652 stage=before_mj_step
1785234070.365278959 step=652 stage=after_mj_step
1785234070.365350246 step=653 stage=loop_begin
1785234070.366512060 step=653 stage=after_set_ctrl
1785234070.366608620 step=653 stage=after_step_log
1785234070.366612911 step=653 stage=before_mj_step
1785234070.366691828 step=653 stage=after_mj_step
1785234070.366760254 step=654 stage=loop_begin
1785234070.367809772 step=654 stage=after_set_ctrl
1785234070.367906570 step=654 stage=after_step_log
1785234070.367912292 step=654 stage=before_mj_step
1785234070.367985010 step=654 stage=after_mj_step
1785234070.368050098 step=655 stage=loop_begin
1785234070.368108273 step=655 stage=before_camera_render
1785234070.420208454 step=655 stage=after_camera_render
1785234070.422055483 step=655 stage=after_set_ctrl
1785234070.422178030 step=655 stage=after_step_log
1785234070.422182798 step=655 stage=before_mj_step
1785234070.422306061 step=655 stage=after_mj_step
1785234070.422404051 step=656 stage=loop_begin
1785234070.423653364 step=656 stage=after_set_ctrl
1785234070.423752546 step=656 stage=after_step_log
1785234070.423757315 step=656 stage=before_mj_step
1785234070.423840284 step=656 stage=after_mj_step
1785234070.423912287 step=657 stage=loop_begin
1785234070.424900055 step=657 stage=after_set_ctrl
1785234070.424996138 step=657 stage=after_step_log
1785234070.425000906 step=657 stage=before_mj_step
1785234070.425077915 step=657 stage=after_mj_step
1785234070.425144911 step=658 stage=loop_begin
1785234070.426108599 step=658 stage=after_set_ctrl
1785234070.426196814 step=658 stage=after_step_log
1785234070.426201344 step=658 stage=before_mj_step
1785234070.426270008 step=658 stage=after_mj_step
1785234070.426334381 step=659 stage=loop_begin
1785234070.427423239 step=659 stage=after_set_ctrl
1785234070.427512884 step=659 stage=after_step_log
1785234070.427517176 step=659 stage=before_mj_step
1785234070.427587748 step=659 stage=after_mj_step
1785234070.427667379 step=660 stage=loop_begin
1785234070.427725315 step=660 stage=before_camera_render
1785234070.480402946 step=660 stage=after_camera_render
1785234070.482121944 step=660 stage=after_set_ctrl
1785234070.482236624 step=660 stage=after_step_log
1785234070.482240915 step=660 stage=before_mj_step
1785234070.482347488 step=660 stage=after_mj_step
1785234070.482430935 step=661 stage=loop_begin
1785234070.483607531 step=661 stage=after_set_ctrl
1785234070.483704805 step=661 stage=after_step_log
1785234070.483709335 step=661 stage=before_mj_step
1785234070.483786821 step=661 stage=after_mj_step
1785234070.483859062 step=662 stage=loop_begin
1785234070.484809160 step=662 stage=after_set_ctrl
1785234070.484908104 step=662 stage=after_step_log
1785234070.484914780 step=662 stage=before_mj_step
1785234070.484991550 step=662 stage=after_mj_step
1785234070.485054731 step=663 stage=loop_begin
1785234070.486017704 step=663 stage=after_set_ctrl
1785234070.486112356 step=663 stage=after_step_log
1785234070.486117363 step=663 stage=before_mj_step
1785234070.486193657 step=663 stage=after_mj_step
1785234070.486257315 step=664 stage=loop_begin
1785234070.487260818 step=664 stage=after_set_ctrl
1785234070.487353802 step=664 stage=after_step_log
1785234070.487358809 step=664 stage=before_mj_step
1785234070.487434149 step=664 stage=after_mj_step
1785234070.487499237 step=665 stage=loop_begin
1785234070.487558603 step=665 stage=before_camera_render
1785234070.540908575 step=665 stage=after_camera_render
1785234070.542548418 step=665 stage=after_set_ctrl
1785234070.542676449 step=665 stage=after_step_log
1785234070.542680979 step=665 stage=before_mj_step
1785234070.542806625 step=665 stage=after_mj_step
1785234070.542927504 step=666 stage=loop_begin
1785234070.543947458 step=666 stage=after_set_ctrl
1785234070.544038296 step=666 stage=after_step_log
1785234070.544043064 step=666 stage=before_mj_step
1785234070.544116020 step=666 stage=after_mj_step
1785234070.544185638 step=667 stage=loop_begin
1785234070.545343399 step=667 stage=after_set_ctrl
1785234070.545434952 step=667 stage=after_step_log
1785234070.545439243 step=667 stage=before_mj_step
1785234070.545508146 step=667 stage=after_mj_step
1785234070.545574188 step=668 stage=loop_begin
1785234070.546502113 step=668 stage=after_set_ctrl
1785234070.546592236 step=668 stage=after_step_log
1785234070.546596527 step=668 stage=before_mj_step
1785234070.546662569 step=668 stage=after_mj_step
1785234070.546728849 step=669 stage=loop_begin
1785234070.547695160 step=669 stage=after_set_ctrl
1785234070.547789812 step=669 stage=after_step_log
1785234070.547794342 step=669 stage=before_mj_step
1785234070.547874451 step=669 stage=after_mj_step
1785234070.547945023 step=670 stage=loop_begin
1785234070.548010588 step=670 stage=before_camera_render
1785234070.601085663 step=670 stage=after_camera_render
1785234070.602412701 step=670 stage=after_set_ctrl
1785234070.602523565 step=670 stage=after_step_log
1785234070.602528334 step=670 stage=before_mj_step
1785234070.602638245 step=670 stage=after_mj_step
1785234070.602722883 step=671 stage=loop_begin
1785234070.603873014 step=671 stage=after_set_ctrl
1785234070.603970289 step=671 stage=after_step_log
1785234070.603974819 step=671 stage=before_mj_step
1785234070.604053259 step=671 stage=after_mj_step
1785234070.604123354 step=672 stage=loop_begin
1785234070.605100393 step=672 stage=after_set_ctrl
1785234070.605194807 step=672 stage=after_step_log
1785234070.605199337 step=672 stage=before_mj_step
1785234070.605271578 step=672 stage=after_mj_step
1785234070.605337143 step=673 stage=loop_begin
1785234070.606444120 step=673 stage=after_set_ctrl
1785234070.606533527 step=673 stage=after_step_log
1785234070.606538296 step=673 stage=before_mj_step
1785234070.606603861 step=673 stage=after_mj_step
1785234070.606667995 step=674 stage=loop_begin
1785234070.607528210 step=674 stage=after_set_ctrl
1785234070.607624292 step=674 stage=after_step_log
1785234070.607628584 step=674 stage=before_mj_step
1785234070.607690573 step=674 stage=after_mj_step
1785234070.607753992 step=675 stage=loop_begin
1785234070.607812405 step=675 stage=before_camera_render
1785234070.662713528 step=675 stage=after_camera_render
1785234070.664832354 step=675 stage=after_set_ctrl
1785234070.664981604 step=675 stage=after_step_log
1785234070.664985180 step=675 stage=before_mj_step
1785234070.665094852 step=675 stage=after_mj_step
1785234070.665178776 step=676 stage=loop_begin
1785234070.666626453 step=676 stage=after_set_ctrl
1785234070.666735172 step=676 stage=after_step_log
1785234070.666739464 step=676 stage=before_mj_step
1785234070.666832447 step=676 stage=after_mj_step
1785234070.666911125 step=677 stage=loop_begin
1785234070.667953968 step=677 stage=after_set_ctrl
1785234070.668045998 step=677 stage=after_step_log
1785234070.668050766 step=677 stage=before_mj_step
1785234070.668118238 step=677 stage=after_mj_step
1785234070.668183327 step=678 stage=loop_begin
1785234070.669413328 step=678 stage=after_set_ctrl
1785234070.669506550 step=678 stage=after_step_log
1785234070.669511080 step=678 stage=before_mj_step
1785234070.669586182 step=678 stage=after_mj_step
1785234070.669652462 step=679 stage=loop_begin
1785234070.670592070 step=679 stage=after_set_ctrl
1785234070.670686483 step=679 stage=after_step_log
1785234070.670691252 step=679 stage=before_mj_step
1785234070.670764208 step=679 stage=after_mj_step
1785234070.670833588 step=680 stage=loop_begin
1785234070.670895338 step=680 stage=before_camera_render
1785234070.725864410 step=680 stage=after_camera_render
1785234070.727523804 step=680 stage=after_set_ctrl
1785234070.727635622 step=680 stage=after_step_log
1785234070.727640152 step=680 stage=before_mj_step
1785234070.727745295 step=680 stage=after_mj_step
1785234070.727835417 step=681 stage=loop_begin
1785234070.728863001 step=681 stage=after_set_ctrl
1785234070.728965521 step=681 stage=after_step_log
1785234070.728970766 step=681 stage=before_mj_step
1785234070.729065895 step=681 stage=after_mj_step
1785234070.729145527 step=682 stage=loop_begin
1785234070.730279207 step=682 stage=after_set_ctrl
1785234070.730373621 step=682 stage=after_step_log
1785234070.730377913 step=682 stage=before_mj_step
1785234070.730443478 step=682 stage=after_mj_step
1785234070.730510473 step=683 stage=loop_begin
1785234070.731609821 step=683 stage=after_set_ctrl
1785234070.731702328 step=683 stage=after_step_log
1785234070.731707096 step=683 stage=before_mj_step
1785234070.731782436 step=683 stage=after_mj_step
1785234070.731854439 step=684 stage=loop_begin
1785234070.732786179 step=684 stage=after_set_ctrl
1785234070.732879400 step=684 stage=after_step_log
1785234070.732886553 step=684 stage=before_mj_step
1785234070.732962132 step=684 stage=after_mj_step
1785234070.733026505 step=685 stage=loop_begin
1785234070.733085394 step=685 stage=before_camera_render
1785234070.785979986 step=685 stage=after_camera_render
1785234070.787433386 step=685 stage=after_set_ctrl
1785234070.787549257 step=685 stage=after_step_log
1785234070.787553787 step=685 stage=before_mj_step
1785234070.787663937 step=685 stage=after_mj_step
1785234070.787753820 step=686 stage=loop_begin
1785234070.788866043 step=686 stage=after_set_ctrl
1785234070.788963795 step=686 stage=after_step_log
1785234070.788967848 step=686 stage=before_mj_step
1785234070.789046049 step=686 stage=after_mj_step
1785234070.789116383 step=687 stage=loop_begin
1785234070.790075064 step=687 stage=after_set_ctrl
1785234070.790170193 step=687 stage=after_step_log
1785234070.790174723 step=687 stage=before_mj_step
1785234070.790250301 step=687 stage=after_mj_step
1785234070.790316820 step=688 stage=loop_begin
1785234070.791468859 step=688 stage=after_set_ctrl
1785234070.791560650 step=688 stage=after_step_log
1785234070.791565895 step=688 stage=before_mj_step
1785234070.791635036 step=688 stage=after_mj_step
1785234070.791699171 step=689 stage=loop_begin
1785234070.792636871 step=689 stage=after_set_ctrl
1785234070.792724371 step=689 stage=after_step_log
1785234070.792728901 step=689 stage=before_mj_step
1785234070.792795420 step=689 stage=after_mj_step
1785234070.792868137 step=690 stage=loop_begin
1785234070.792928457 step=690 stage=before_camera_render
1785234070.847090960 step=690 stage=after_camera_render
1785234070.848638535 step=690 stage=after_set_ctrl
1785234070.848755121 step=690 stage=after_step_log
1785234070.848759890 step=690 stage=before_mj_step
1785234070.848877430 step=690 stage=after_mj_step
1785234070.848973036 step=691 stage=loop_begin
1785234070.850060940 step=691 stage=after_set_ctrl
1785234070.850160599 step=691 stage=after_step_log
1785234070.850165367 step=691 stage=before_mj_step
1785234070.850247383 step=691 stage=after_mj_step
1785234070.850327015 step=692 stage=loop_begin
1785234070.851563931 step=692 stage=after_set_ctrl
1785234070.851662159 step=692 stage=after_step_log
1785234070.851666212 step=692 stage=before_mj_step
1785234070.851743937 step=692 stage=after_mj_step
1785234070.851813078 step=693 stage=loop_begin
1785234070.852690697 step=693 stage=after_set_ctrl
1785234070.852790833 step=693 stage=after_step_log
1785234070.852795362 step=693 stage=before_mj_step
1785234070.852885962 step=693 stage=after_mj_step
1785234070.852960825 step=694 stage=loop_begin
1785234070.853870392 step=694 stage=after_set_ctrl
1785234070.853983641 step=694 stage=after_step_log
1785234070.853988886 step=694 stage=before_mj_step
1785234070.854071140 step=694 stage=after_mj_step
1785234070.854138613 step=695 stage=loop_begin
1785234070.854200602 step=695 stage=before_camera_render
1785234070.906858921 step=695 stage=after_camera_render
1785234070.908642292 step=695 stage=after_set_ctrl
1785234070.908755779 step=695 stage=after_step_log
1785234070.908760309 step=695 stage=before_mj_step
1785234070.908874035 step=695 stage=after_mj_step
1785234070.908961058 step=696 stage=loop_begin
1785234070.909915209 step=696 stage=after_set_ctrl
1785234070.910015821 step=696 stage=after_step_log
1785234070.910020590 step=696 stage=before_mj_step
1785234070.910102844 step=696 stage=after_mj_step
1785234070.910175085 step=697 stage=loop_begin
1785234070.911098719 step=697 stage=after_set_ctrl
1785234070.911192179 step=697 stage=after_step_log
1785234070.911196709 step=697 stage=before_mj_step
1785234070.911269426 step=697 stage=after_mj_step
1785234070.911334515 step=698 stage=loop_begin
1785234070.912345171 step=698 stage=after_set_ctrl
1785234070.912439108 step=698 stage=after_step_log
1785234070.912443161 step=698 stage=before_mj_step
1785234070.912524462 step=698 stage=after_mj_step
1785234070.912589550 step=699 stage=loop_begin
1785234070.913651228 step=699 stage=after_set_ctrl
1785234070.913745880 step=699 stage=after_step_log
1785234070.913750172 step=699 stage=before_mj_step
1785234070.913837671 step=699 stage=after_mj_step
1785234070.913904667 step=700 stage=loop_begin
1785234070.913966179 step=700 stage=before_camera_render
1785234070.969736338 step=700 stage=after_camera_render
1785234070.971208096 step=700 stage=after_set_ctrl
1785234070.971350193 step=700 stage=after_step_log
1785234070.971354008 step=700 stage=before_mj_step
1785234070.971465588 step=700 stage=after_mj_step
1785234070.971543789 step=701 stage=loop_begin
1785234070.972626686 step=701 stage=after_set_ctrl
1785234070.972725391 step=701 stage=after_step_log
1785234070.972730160 step=701 stage=before_mj_step
1785234070.972810984 step=701 stage=after_mj_step
1785234070.972883940 step=702 stage=loop_begin
1785234070.973882675 step=702 stage=after_set_ctrl
1785234070.973986149 step=702 stage=after_step_log
1785234070.973990679 step=702 stage=before_mj_step
1785234070.974088430 step=702 stage=after_mj_step
1785234070.974165201 step=703 stage=loop_begin
1785234070.975383520 step=703 stage=after_set_ctrl
1785234070.975474119 step=703 stage=after_step_log
1785234070.975478411 step=703 stage=before_mj_step
1785234070.975552797 step=703 stage=after_mj_step
1785234070.975618839 step=704 stage=loop_begin
1785234070.976540565 step=704 stage=after_set_ctrl
1785234070.976628780 step=704 stage=after_step_log
1785234070.976632833 step=704 stage=before_mj_step
1785234070.976703882 step=704 stage=after_mj_step
1785234070.976768732 step=705 stage=loop_begin
1785234070.976828098 step=705 stage=before_camera_render
1785234071.029476166 step=705 stage=after_camera_render
1785234071.030845881 step=705 stage=after_set_ctrl
1785234071.030961752 step=705 stage=after_step_log
1785234071.030966520 step=705 stage=before_mj_step
1785234071.031078339 step=705 stage=after_mj_step
1785234071.031159878 step=706 stage=loop_begin
1785234071.032462835 step=706 stage=after_set_ctrl
1785234071.032561064 step=706 stage=after_step_log
1785234071.032565832 step=706 stage=before_mj_step
1785234071.032646418 step=706 stage=after_mj_step
1785234071.032714844 step=707 stage=loop_begin
1785234071.033583164 step=707 stage=after_set_ctrl
1785234071.033678293 step=707 stage=after_step_log
1785234071.033683062 step=707 stage=before_mj_step
1785234071.033762932 step=707 stage=after_mj_step
1785234071.033835411 step=708 stage=loop_begin
1785234071.034676790 step=708 stage=after_set_ctrl
1785234071.034768581 step=708 stage=after_step_log
1785234071.034773588 step=708 stage=before_mj_step
1785234071.034850121 step=708 stage=after_mj_step
1785234071.034919024 step=709 stage=loop_begin
1785234071.035873890 step=709 stage=after_set_ctrl
1785234071.035962343 step=709 stage=after_step_log
1785234071.035966635 step=709 stage=before_mj_step
1785234071.036034584 step=709 stage=after_mj_step
1785234071.036097050 step=710 stage=loop_begin
1785234071.036148071 step=710 stage=before_camera_render
1785234071.089418411 step=710 stage=after_camera_render
1785234071.090903759 step=710 stage=after_set_ctrl
1785234071.091021776 step=710 stage=after_step_log
1785234071.091026068 step=710 stage=before_mj_step
1785234071.091129780 step=710 stage=after_mj_step
1785234071.091220617 step=711 stage=loop_begin
1785234071.092648745 step=711 stage=after_set_ctrl
1785234071.092739105 step=711 stage=after_step_log
1785234071.092743635 step=711 stage=before_mj_step
1785234071.092811346 step=711 stage=after_mj_step
1785234071.092880964 step=712 stage=loop_begin
1785234071.093905687 step=712 stage=after_set_ctrl
1785234071.093993664 step=712 stage=after_step_log
1785234071.093998432 step=712 stage=before_mj_step
1785234071.094064713 step=712 stage=after_mj_step
1785234071.094128370 step=713 stage=loop_begin
1785234071.095062256 step=713 stage=after_set_ctrl
1785234071.095152378 step=713 stage=after_step_log
1785234071.095156908 step=713 stage=before_mj_step
1785234071.095231056 step=713 stage=after_mj_step
1785234071.095295429 step=714 stage=loop_begin
1785234071.096467257 step=714 stage=after_set_ctrl
1785234071.096556425 step=714 stage=after_step_log
1785234071.096561193 step=714 stage=before_mj_step
1785234071.096632481 step=714 stage=after_mj_step
1785234071.096695185 step=715 stage=loop_begin
1785234071.096748352 step=715 stage=before_camera_render
1785234071.153450251 step=715 stage=after_camera_render
1785234071.154649019 step=715 stage=after_set_ctrl
1785234071.154766798 step=715 stage=after_step_log
1785234071.154771566 step=715 stage=before_mj_step
1785234071.154894829 step=715 stage=after_mj_step
1785234071.154995918 step=716 stage=loop_begin
1785234071.156506062 step=716 stage=after_set_ctrl
1785234071.156619072 step=716 stage=after_step_log
1785234071.156623602 step=716 stage=before_mj_step
1785234071.156710148 step=716 stage=after_mj_step
1785234071.156789780 step=717 stage=loop_begin
1785234071.157872438 step=717 stage=after_set_ctrl
1785234071.157976389 step=717 stage=after_step_log
1785234071.157981157 step=717 stage=before_mj_step
1785234071.158065557 step=717 stage=after_mj_step
1785234071.158143520 step=718 stage=loop_begin
1785234071.159497738 step=718 stage=after_set_ctrl
1785234071.159602165 step=718 stage=after_step_log
1785234071.159608841 step=718 stage=before_mj_step
1785234071.159693718 step=718 stage=after_mj_step
1785234071.159769535 step=719 stage=loop_begin
1785234071.160735607 step=719 stage=after_set_ctrl
1785234071.160837889 step=719 stage=after_step_log
1785234071.160843611 step=719 stage=before_mj_step
1785234071.160915613 step=719 stage=after_mj_step
1785234071.160984039 step=720 stage=loop_begin
1785234071.161043644 step=720 stage=before_camera_render
1785234071.216761112 step=720 stage=after_camera_render
1785234071.218412876 step=720 stage=after_set_ctrl
1785234071.218524694 step=720 stage=after_step_log
1785234071.218529463 step=720 stage=before_mj_step
1785234071.218635559 step=720 stage=after_mj_step
1785234071.218720913 step=721 stage=loop_begin
1785234071.219906092 step=721 stage=after_set_ctrl
1785234071.220003605 step=721 stage=after_step_log
1785234071.220008135 step=721 stage=before_mj_step
1785234071.220081568 step=721 stage=after_mj_step
1785234071.220150471 step=722 stage=loop_begin
1785234071.221303701 step=722 stage=after_set_ctrl
1785234071.221396923 step=722 stage=after_step_log
1785234071.221400738 step=722 stage=before_mj_step
1785234071.221462488 step=722 stage=after_mj_step
1785234071.221525669 step=723 stage=loop_begin
1785234071.222513676 step=723 stage=after_set_ctrl
1785234071.222610950 step=723 stage=after_step_log
1785234071.222615719 step=723 stage=before_mj_step
1785234071.222691059 step=723 stage=after_mj_step
1785234071.222761631 step=724 stage=loop_begin
1785234071.223636150 step=724 stage=after_set_ctrl
1785234071.223725319 step=724 stage=after_step_log
1785234071.223730087 step=724 stage=before_mj_step
1785234071.223801374 step=724 stage=after_mj_step
1785234071.223873138 step=725 stage=loop_begin
1785234071.223932743 step=725 stage=before_camera_render
1785234071.276605844 step=725 stage=after_camera_render
1785234071.277864218 step=725 stage=after_set_ctrl
1785234071.278005600 step=725 stage=after_step_log
1785234071.278009653 step=725 stage=before_mj_step
1785234071.278117418 step=725 stage=after_mj_step
1785234071.278193474 step=726 stage=loop_begin
1785234071.279182196 step=726 stage=after_set_ctrl
1785234071.279277086 step=726 stage=after_step_log
1785234071.279281378 step=726 stage=before_mj_step
1785234071.279354811 step=726 stage=after_mj_step
1785234071.279418945 step=727 stage=loop_begin
1785234071.280688286 step=727 stage=after_set_ctrl
1785234071.280783653 step=727 stage=after_step_log
1785234071.280788660 step=727 stage=before_mj_step
1785234071.280874014 step=727 stage=after_mj_step
1785234071.280941963 step=728 stage=loop_begin
1785234071.281874657 step=728 stage=after_set_ctrl
1785234071.281966448 step=728 stage=after_step_log
1785234071.281970978 step=728 stage=before_mj_step
1785234071.282046318 step=728 stage=after_mj_step
1785234071.282111406 step=729 stage=loop_begin
1785234071.283068657 step=729 stage=after_set_ctrl
1785234071.283162594 step=729 stage=after_step_log
1785234071.283167601 step=729 stage=before_mj_step
1785234071.283245087 step=729 stage=after_mj_step
1785234071.283310890 step=730 stage=loop_begin
1785234071.283368111 step=730 stage=before_camera_render
1785234071.335901976 step=730 stage=after_camera_render
1785234071.337635994 step=730 stage=after_set_ctrl
1785234071.337755442 step=730 stage=after_step_log
1785234071.337759495 step=730 stage=before_mj_step
1785234071.337873459 step=730 stage=after_mj_step
1785234071.337971926 step=731 stage=loop_begin
1785234071.339037895 step=731 stage=after_set_ctrl
1785234071.339131832 step=731 stage=after_step_log
1785234071.339136362 step=731 stage=before_mj_step
1785234071.339215040 step=731 stage=after_mj_step
1785234071.339287281 step=732 stage=loop_begin
1785234071.340552092 step=732 stage=after_set_ctrl
1785234071.340639114 step=732 stage=after_step_log
1785234071.340643406 step=732 stage=before_mj_step
1785234071.340707302 step=732 stage=after_mj_step
1785234071.340769529 step=733 stage=loop_begin
1785234071.341737747 step=733 stage=after_set_ctrl
1785234071.341833830 step=733 stage=after_step_log
1785234071.341839075 step=733 stage=before_mj_step
1785234071.341904402 step=733 stage=after_mj_step
1785234071.341968060 step=734 stage=loop_begin
1785234071.342904091 step=734 stage=after_set_ctrl
1785234071.342992306 step=734 stage=after_step_log
1785234071.342996836 step=734 stage=before_mj_step
1785234071.343057632 step=734 stage=after_mj_step
1785234071.343119383 step=735 stage=loop_begin
1785234071.343172789 step=735 stage=before_camera_render
1785234071.396613359 step=735 stage=after_camera_render
1785234071.398190022 step=735 stage=after_set_ctrl
1785234071.398320913 step=735 stage=after_step_log
1785234071.398325205 step=735 stage=before_mj_step
1785234071.398471117 step=735 stage=after_mj_step
1785234071.398569584 step=736 stage=loop_begin
1785234071.399678707 step=736 stage=after_set_ctrl
1785234071.399785042 step=736 stage=after_step_log
1785234071.399789810 step=736 stage=before_mj_step
1785234071.399882555 step=736 stage=after_mj_step
1785234071.399959564 step=737 stage=loop_begin
1785234071.400924921 step=737 stage=after_set_ctrl
1785234071.401018620 step=737 stage=after_step_log
1785234071.401023149 step=737 stage=before_mj_step
1785234071.401103735 step=737 stage=after_mj_step
1785234071.401169062 step=738 stage=loop_begin
1785234071.402265310 step=738 stage=after_set_ctrl
1785234071.402361870 step=738 stage=after_step_log
1785234071.402366161 step=738 stage=before_mj_step
1785234071.402442217 step=738 stage=after_mj_step
1785234071.402507305 step=739 stage=loop_begin
1785234071.403503180 step=739 stage=after_set_ctrl
1785234071.403592587 step=739 stage=after_step_log
1785234071.403597355 step=739 stage=before_mj_step
1785234071.403667450 step=739 stage=after_mj_step
1785234071.403731823 step=740 stage=loop_begin
1785234071.403786182 step=740 stage=before_camera_render
1785234071.456093550 step=740 stage=after_camera_render
1785234071.457801104 step=740 stage=after_set_ctrl
1785234071.457914591 step=740 stage=after_step_log
1785234071.457920074 step=740 stage=before_mj_step
1785234071.458027363 step=740 stage=after_mj_step
1785234071.458105803 step=741 stage=loop_begin
1785234071.459207058 step=741 stage=after_set_ctrl
1785234071.459302902 step=741 stage=after_step_log
1785234071.459307671 step=741 stage=before_mj_step
1785234071.459387064 step=741 stage=after_mj_step
1785234071.459455013 step=742 stage=loop_begin
1785234071.460437059 step=742 stage=after_set_ctrl
1785234071.460526705 step=742 stage=after_step_log
1785234071.460530996 step=742 stage=before_mj_step
1785234071.460602522 step=742 stage=after_mj_step
1785234071.460668087 step=743 stage=loop_begin
1785234071.461522341 step=743 stage=after_set_ctrl
1785234071.461614132 step=743 stage=after_step_log
1785234071.461619139 step=743 stage=before_mj_step
1785234071.461691380 step=743 stage=after_mj_step
1785234071.461756945 step=744 stage=loop_begin
1785234071.462774277 step=744 stage=after_set_ctrl
1785234071.462871075 step=744 stage=after_step_log
1785234071.462876081 step=744 stage=before_mj_step
1785234071.462943792 step=744 stage=after_mj_step
1785234071.463006258 step=745 stage=loop_begin
1785234071.463061571 step=745 stage=before_camera_render
1785234071.516620874 step=745 stage=after_camera_render
1785234071.518457413 step=745 stage=after_set_ctrl
1785234071.518569231 step=745 stage=after_step_log
1785234071.518574476 step=745 stage=before_mj_step
1785234071.518679619 step=745 stage=after_mj_step
1785234071.518769741 step=746 stage=loop_begin
1785234071.519740105 step=746 stage=after_set_ctrl
1785234071.519840240 step=746 stage=after_step_log
1785234071.519845486 step=746 stage=before_mj_step
1785234071.519922256 step=746 stage=after_mj_step
1785234071.519995213 step=747 stage=loop_begin
1785234071.520918131 step=747 stage=after_set_ctrl
1785234071.521012068 step=747 stage=after_step_log
1785234071.521017551 step=747 stage=before_mj_step
1785234071.521085024 step=747 stage=after_mj_step
1785234071.521152258 step=748 stage=loop_begin
1785234071.522353649 step=748 stage=after_set_ctrl
1785234071.522441387 step=748 stage=after_step_log
1785234071.522446156 step=748 stage=before_mj_step
1785234071.522511244 step=748 stage=after_mj_step
1785234071.522574186 step=749 stage=loop_begin
1785234071.523502827 step=749 stage=after_set_ctrl
1785234071.523591280 step=749 stage=after_step_log
1785234071.523595572 step=749 stage=before_mj_step
1785234071.523659945 step=749 stage=after_mj_step
1785234071.523723841 step=750 stage=loop_begin
1785234071.523774862 step=750 stage=before_camera_render
1785234071.578581095 step=750 stage=after_camera_render
1785234071.580479860 step=750 stage=after_set_ctrl
1785234071.580636978 step=750 stage=after_step_log
1785234071.580641270 step=750 stage=before_mj_step
1785234071.580767393 step=750 stage=after_mj_step
1785234071.580866337 step=751 stage=loop_begin
1785234071.581933022 step=751 stage=after_set_ctrl
1785234071.582031727 step=751 stage=after_step_log
1785234071.582036734 step=751 stage=before_mj_step
1785234071.582114935 step=751 stage=after_mj_step
1785234071.582188845 step=752 stage=loop_begin
1785234071.583476067 step=752 stage=after_set_ctrl
1785234071.583568811 step=752 stage=after_step_log
1785234071.583573580 step=752 stage=before_mj_step
1785234071.583647013 step=752 stage=after_mj_step
1785234071.583714724 step=753 stage=loop_begin
1785234071.584585667 step=753 stage=after_set_ctrl
1785234071.584683418 step=753 stage=after_step_log
1785234071.584688187 step=753 stage=before_mj_step
1785234071.584766388 step=753 stage=after_mj_step
1785234071.584839106 step=754 stage=loop_begin
1785234071.585753918 step=754 stage=after_set_ctrl
1785234071.585847378 step=754 stage=after_step_log
1785234071.585854053 step=754 stage=before_mj_step
1785234071.585928917 step=754 stage=after_mj_step
1785234071.585994959 step=755 stage=loop_begin
1785234071.586054325 step=755 stage=before_camera_render
1785234071.638623953 step=755 stage=after_camera_render
1785234071.640038729 step=755 stage=after_set_ctrl
1785234071.640156269 step=755 stage=after_step_log
1785234071.640160799 step=755 stage=before_mj_step
1785234071.640269041 step=755 stage=after_mj_step
1785234071.640356779 step=756 stage=loop_begin
1785234071.641505003 step=756 stage=after_set_ctrl
1785234071.641596317 step=756 stage=after_step_log
1785234071.641601324 step=756 stage=before_mj_step
1785234071.641672850 step=756 stage=after_mj_step
1785234071.641738176 step=757 stage=loop_begin
1785234071.642780781 step=757 stage=after_set_ctrl
1785234071.642877579 step=757 stage=after_step_log
1785234071.642883062 step=757 stage=before_mj_step
1785234071.642951965 step=757 stage=after_mj_step
1785234071.643017054 step=758 stage=loop_begin
1785234071.644021749 step=758 stage=after_set_ctrl
1785234071.644106388 step=758 stage=after_step_log
1785234071.644111156 step=758 stage=before_mj_step
1785234071.644175768 step=758 stage=after_mj_step
1785234071.644239426 step=759 stage=loop_begin
1785234071.645362377 step=759 stage=after_set_ctrl
1785234071.645449400 step=759 stage=after_step_log
1785234071.645454168 step=759 stage=before_mj_step
1785234071.645517826 step=759 stage=after_mj_step
1785234071.645578384 step=760 stage=loop_begin
1785234071.645637751 step=760 stage=before_camera_render
1785234071.699151754 step=760 stage=after_camera_render
1785234071.700680733 step=760 stage=after_set_ctrl
1785234071.700802803 step=760 stage=after_step_log
1785234071.700807571 step=760 stage=before_mj_step
1785234071.700920582 step=760 stage=after_mj_step
1785234071.701009750 step=761 stage=loop_begin
1785234071.702111959 step=761 stage=after_set_ctrl
1785234071.702211142 step=761 stage=after_step_log
1785234071.702215672 step=761 stage=before_mj_step
1785234071.702298164 step=761 stage=after_mj_step
1785234071.702368021 step=762 stage=loop_begin
1785234071.704701424 step=762 stage=after_set_ctrl
1785234071.704873800 step=762 stage=after_step_log
1785234071.704887152 step=762 stage=before_mj_step
1785234071.705011606 step=762 stage=after_mj_step
1785234071.705125809 step=763 stage=loop_begin
1785234071.707182407 step=763 stage=after_set_ctrl
1785234071.707345963 step=763 stage=after_step_log
1785234071.707357168 step=763 stage=before_mj_step
1785234071.707478285 step=763 stage=after_mj_step
1785234071.707589388 step=764 stage=loop_begin
1785234071.709292889 step=764 stage=after_set_ctrl
1785234071.709427595 step=764 stage=after_step_log
1785234071.709437132 step=764 stage=before_mj_step
1785234071.709539175 step=764 stage=after_mj_step
1785234071.709634304 step=765 stage=loop_begin
1785234071.709737778 step=765 stage=before_camera_render
1785234071.764314651 step=765 stage=after_camera_render
1785234071.765817642 step=765 stage=after_set_ctrl
1785234071.765940666 step=765 stage=after_step_log
1785234071.765945911 step=765 stage=before_mj_step
1785234071.766045094 step=765 stage=after_mj_step
1785234071.766140699 step=766 stage=loop_begin
1785234071.767112732 step=766 stage=after_set_ctrl
1785234071.767209053 step=766 stage=after_step_log
1785234071.767213821 step=766 stage=before_mj_step
1785234071.767286777 step=766 stage=after_mj_step
1785234071.767359257 step=767 stage=loop_begin
1785234071.768600941 step=767 stage=after_set_ctrl
1785234071.768697500 step=767 stage=after_step_log
1785234071.768702269 step=767 stage=before_mj_step
1785234071.768780708 step=767 stage=after_mj_step
1785234071.768884659 step=768 stage=loop_begin
1785234071.770385742 step=768 stage=after_set_ctrl
1785234071.770482063 step=768 stage=after_step_log
1785234071.770487070 step=768 stage=before_mj_step
1785234071.770556211 step=768 stage=after_mj_step
1785234071.770621777 step=769 stage=loop_begin
1785234071.771489620 step=769 stage=after_set_ctrl
1785234071.771581888 step=769 stage=after_step_log
1785234071.771587133 step=769 stage=before_mj_step
1785234071.771658897 step=769 stage=after_mj_step
1785234071.771721125 step=770 stage=loop_begin
1785234071.771778822 step=770 stage=before_camera_render
1785234071.824742317 step=770 stage=after_camera_render
1785234071.826482773 step=770 stage=after_set_ctrl
1785234071.826596260 step=770 stage=after_step_log
1785234071.826601028 step=770 stage=before_mj_step
1785234071.826708317 step=770 stage=after_mj_step
1785234071.826793909 step=771 stage=loop_begin
1785234071.827833652 step=771 stage=after_set_ctrl
1785234071.827930927 step=771 stage=after_step_log
1785234071.827935457 step=771 stage=before_mj_step
1785234071.828011274 step=771 stage=after_mj_step
1785234071.828080654 step=772 stage=loop_begin
1785234071.829131365 step=772 stage=after_set_ctrl
1785234071.829229832 step=772 stage=after_step_log
1785234071.829234600 step=772 stage=before_mj_step
1785234071.829308987 step=772 stage=after_mj_step
1785234071.829380035 step=773 stage=loop_begin
1785234071.830482960 step=773 stage=after_set_ctrl
1785234071.830578804 step=773 stage=after_step_log
1785234071.830583334 step=773 stage=before_mj_step
1785234071.830664635 step=773 stage=after_mj_step
1785234071.830733299 step=774 stage=loop_begin
1785234071.831879377 step=774 stage=after_set_ctrl
1785234071.831975460 step=774 stage=after_step_log
1785234071.831979990 step=774 stage=before_mj_step
1785234071.832059145 step=774 stage=after_mj_step
1785234071.832124949 step=775 stage=loop_begin
1785234071.832185507 step=775 stage=before_camera_render
1785234071.887903929 step=775 stage=after_camera_render
1785234071.889525414 step=775 stage=after_set_ctrl
1785234071.889676094 step=775 stage=after_step_log
1785234071.889679909 step=775 stage=before_mj_step
1785234071.889793634 step=775 stage=after_mj_step
1785234071.889887333 step=776 stage=loop_begin
1785234071.890935898 step=776 stage=after_set_ctrl
1785234071.891036749 step=776 stage=after_step_log
1785234071.891041756 step=776 stage=before_mj_step
1785234071.891119242 step=776 stage=after_mj_step
1785234071.891194820 step=777 stage=loop_begin
1785234071.892592907 step=777 stage=after_set_ctrl
1785234071.892693758 step=777 stage=after_step_log
1785234071.892698288 step=777 stage=before_mj_step
1785234071.892774105 step=777 stage=after_mj_step
1785234071.892851114 step=778 stage=loop_begin
1785234071.893814564 step=778 stage=after_set_ctrl
1785234071.893918753 step=778 stage=after_step_log
1785234071.893923521 step=778 stage=before_mj_step
1785234071.894004107 step=778 stage=after_mj_step
1785234071.894073248 step=779 stage=loop_begin
1785234071.895049572 step=779 stage=after_set_ctrl
1785234071.895147085 step=779 stage=after_step_log
1785234071.895151854 step=779 stage=before_mj_step
1785234071.895231247 step=779 stage=after_mj_step
1785234071.895300627 step=780 stage=loop_begin
1785234071.895361900 step=780 stage=before_camera_render
1785234071.955204725 step=780 stage=after_camera_render
1785234071.956765652 step=780 stage=after_set_ctrl
1785234071.956904411 step=780 stage=after_step_log
1785234071.956911087 step=780 stage=before_mj_step
1785234071.957034349 step=780 stage=after_mj_step
1785234071.957135201 step=781 stage=loop_begin
1785234071.958673716 step=781 stage=after_set_ctrl
1785234071.958776951 step=781 stage=after_step_log
1785234071.958784103 step=781 stage=before_mj_step
1785234071.958861589 step=781 stage=after_mj_step
1785234071.958935738 step=782 stage=loop_begin
1785234071.959889889 step=782 stage=after_set_ctrl
1785234071.959987640 step=782 stage=after_step_log
1785234071.959992647 step=782 stage=before_mj_step
1785234071.960064650 step=782 stage=after_mj_step
1785234071.960133076 step=783 stage=loop_begin
1785234071.961336136 step=783 stage=after_set_ctrl
1785234071.961432934 step=783 stage=after_step_log
1785234071.961437941 step=783 stage=before_mj_step
1785234071.961504936 step=783 stage=after_mj_step
1785234071.961569309 step=784 stage=loop_begin
1785234071.962580919 step=784 stage=after_set_ctrl
1785234071.962669134 step=784 stage=after_step_log
1785234071.962672949 step=784 stage=before_mj_step
1785234071.962733746 step=784 stage=after_mj_step
1785234071.962797165 step=785 stage=loop_begin
1785234071.962856770 step=785 stage=before_camera_render
1785234072.016927958 step=785 stage=after_camera_render
1785234072.018366098 step=785 stage=after_set_ctrl
1785234072.018478155 step=785 stage=after_step_log
1785234072.018483162 step=785 stage=before_mj_step
1785234072.018587828 step=785 stage=after_mj_step
1785234072.018674135 step=786 stage=loop_begin
1785234072.019807816 step=786 stage=after_set_ctrl
1785234072.019906759 step=786 stage=after_step_log
1785234072.019912004 step=786 stage=before_mj_step
1785234072.019982100 step=786 stage=after_mj_step
1785234072.020049572 step=787 stage=loop_begin
1785234072.021594048 step=787 stage=after_set_ctrl
1785234072.021695137 step=787 stage=after_step_log
1785234072.021700144 step=787 stage=before_mj_step
1785234072.021779537 step=787 stage=after_mj_step
1785234072.021853685 step=788 stage=loop_begin
1785234072.022861719 step=788 stage=after_set_ctrl
1785234072.022955418 step=788 stage=after_step_log
1785234072.022959948 step=788 stage=before_mj_step
1785234072.023027658 step=788 stage=after_mj_step
1785234072.023092031 step=789 stage=loop_begin
1785234072.024051428 step=789 stage=after_set_ctrl
1785234072.024147511 step=789 stage=after_step_log
1785234072.024152279 step=789 stage=before_mj_step
1785234072.024227619 step=789 stage=after_mj_step
1785234072.024292707 step=790 stage=loop_begin
1785234072.024351597 step=790 stage=before_camera_render
1785234072.077243805 step=790 stage=after_camera_render
1785234072.078796864 step=790 stage=after_set_ctrl
1785234072.078918695 step=790 stage=after_step_log
1785234072.078923225 step=790 stage=before_mj_step
1785234072.079026699 step=790 stage=after_mj_step
1785234072.079119921 step=791 stage=loop_begin
1785234072.080191851 step=791 stage=after_set_ctrl
1785234072.080290318 step=791 stage=after_step_log
1785234072.080294609 step=791 stage=before_mj_step
1785234072.080368042 step=791 stage=after_mj_step
1785234072.080442667 step=792 stage=loop_begin
1785234072.081606865 step=792 stage=after_set_ctrl
1785234072.081703186 step=792 stage=after_step_log
1785234072.081707716 step=792 stage=before_mj_step
1785234072.081779718 step=792 stage=after_mj_step
1785234072.081851482 step=793 stage=loop_begin
1785234072.082718372 step=793 stage=after_set_ctrl
1785234072.082810640 step=793 stage=after_step_log
1785234072.082814932 step=793 stage=before_mj_step
1785234072.082895279 step=793 stage=after_mj_step
1785234072.082966566 step=794 stage=loop_begin
1785234072.083889961 step=794 stage=after_set_ctrl
1785234072.083985329 step=794 stage=after_step_log
1785234072.083990097 step=794 stage=before_mj_step
1785234072.084065437 step=794 stage=after_mj_step
1785234072.084131956 step=795 stage=loop_begin
1785234072.084189415 step=795 stage=before_camera_render
1785234072.136876822 step=795 stage=after_camera_render
1785234072.138575554 step=795 stage=after_set_ctrl
1785234072.138693571 step=795 stage=after_step_log
1785234072.138698339 step=795 stage=before_mj_step
1785234072.138800859 step=795 stage=after_mj_step
1785234072.138902903 step=796 stage=loop_begin
1785234072.139869690 step=796 stage=after_set_ctrl
1785234072.139974356 step=796 stage=after_step_log
1785234072.139978647 step=796 stage=before_mj_step
1785234072.140072107 step=796 stage=after_mj_step
1785234072.140151262 step=797 stage=loop_begin
1785234072.141355038 step=797 stage=after_set_ctrl
1785234072.141453028 step=797 stage=after_step_log
1785234072.141458035 step=797 stage=before_mj_step
1785234072.141521692 step=797 stage=after_mj_step
1785234072.141584158 step=798 stage=loop_begin
1785234072.142605305 step=798 stage=after_set_ctrl
1785234072.142695189 step=798 stage=after_step_log
1785234072.142705679 step=798 stage=before_mj_step
1785234072.142766237 step=798 stage=after_mj_step
1785234072.142832756 step=799 stage=loop_begin
1785234072.143687725 step=799 stage=after_set_ctrl
1785234072.143775702 step=799 stage=after_step_log
1785234072.143779993 step=799 stage=before_mj_step
1785234072.143857956 step=799 stage=after_mj_step
1785234072.143924236 step=800 stage=loop_begin
1785234072.143982887 step=800 stage=before_camera_render
1785234072.198872089 step=800 stage=after_camera_render
1785234072.200660229 step=800 stage=after_set_ctrl
1785234072.200884819 step=800 stage=after_step_log
1785234072.200893879 step=800 stage=before_mj_step
1785234072.201049805 step=800 stage=after_mj_step
1785234072.201169252 step=801 stage=loop_begin
1785234072.202903271 step=801 stage=after_set_ctrl
1785234072.203036785 step=801 stage=after_step_log
1785234072.203046083 step=801 stage=before_mj_step
1785234072.203151941 step=801 stage=after_mj_step
1785234072.203244448 step=802 stage=loop_begin
1785234072.204945087 step=802 stage=after_set_ctrl
1785234072.205078125 step=802 stage=after_step_log
1785234072.205087662 step=802 stage=before_mj_step
1785234072.205190897 step=802 stage=after_mj_step
1785234072.205281496 step=803 stage=loop_begin
1785234072.206805944 step=803 stage=after_set_ctrl
1785234072.206943274 step=803 stage=after_step_log
1785234072.206954479 step=803 stage=before_mj_step
1785234072.207054615 step=803 stage=after_mj_step
1785234072.207142115 step=804 stage=loop_begin
1785234072.208655357 step=804 stage=after_set_ctrl
1785234072.208789825 step=804 stage=after_step_log
1785234072.208799124 step=804 stage=before_mj_step
1785234072.208903790 step=804 stage=after_mj_step
1785234072.208997726 step=805 stage=loop_begin
1785234072.209097385 step=805 stage=before_camera_render
1785234072.272730589 step=805 stage=after_camera_render
1785234072.274326563 step=805 stage=after_set_ctrl
1785234072.274444342 step=805 stage=after_step_log
1785234072.274448872 step=805 stage=before_mj_step
1785234072.274559498 step=805 stage=after_mj_step
1785234072.274660349 step=806 stage=loop_begin
1785234072.275902271 step=806 stage=after_set_ctrl
1785234072.275996447 step=806 stage=after_step_log
1785234072.276000977 step=806 stage=before_mj_step
1785234072.276070118 step=806 stage=after_mj_step
1785234072.276144028 step=807 stage=loop_begin
1785234072.277112246 step=807 stage=after_set_ctrl
1785234072.277210951 step=807 stage=after_step_log
1785234072.277215242 step=807 stage=before_mj_step
1785234072.277284145 step=807 stage=after_mj_step
1785234072.277345896 step=808 stage=loop_begin
1785234072.278717279 step=808 stage=after_set_ctrl
1785234072.278812408 step=808 stage=after_step_log
1785234072.278816700 step=808 stage=before_mj_step
1785234072.278898478 step=808 stage=after_mj_step
1785234072.278965473 step=809 stage=loop_begin
1785234072.279880762 step=809 stage=after_set_ctrl
1785234072.279969931 step=809 stage=after_step_log
1785234072.279974699 step=809 stage=before_mj_step
1785234072.280040503 step=809 stage=after_mj_step
1785234072.280102491 step=810 stage=loop_begin
1785234072.280163050 step=810 stage=before_camera_render
1785234072.333018303 step=810 stage=after_camera_render
1785234072.334372520 step=810 stage=after_set_ctrl
1785234072.334486723 step=810 stage=after_step_log
1785234072.334491491 step=810 stage=before_mj_step
1785234072.334597826 step=810 stage=after_mj_step
1785234072.334677458 step=811 stage=loop_begin
1785234072.335775852 step=811 stage=after_set_ctrl
1785234072.335889101 step=811 stage=after_step_log
1785234072.335894823 step=811 stage=before_mj_step
1785234072.335999250 step=811 stage=after_mj_step
1785234072.336077929 step=812 stage=loop_begin
1785234072.337193727 step=812 stage=after_set_ctrl
1785234072.337285519 step=812 stage=after_step_log
1785234072.337290287 step=812 stage=before_mj_step
1785234072.337363720 step=812 stage=after_mj_step
1785234072.337429047 step=813 stage=loop_begin
1785234072.338541031 step=813 stage=after_set_ctrl
1785234072.338629484 step=813 stage=after_step_log
1785234072.338639498 step=813 stage=before_mj_step
1785234072.338710070 step=813 stage=after_mj_step
1785234072.338775158 step=814 stage=loop_begin
1785234072.339603186 step=814 stage=after_set_ctrl
1785234072.339689255 step=814 stage=after_step_log
1785234072.339693308 step=814 stage=before_mj_step
1785234072.339756966 step=814 stage=after_mj_step
1785234072.339816809 step=815 stage=loop_begin
1785234072.339879274 step=815 stage=before_camera_render
1785234072.393407345 step=815 stage=after_camera_render
1785234072.394995213 step=815 stage=after_set_ctrl
1785234072.395107031 step=815 stage=after_step_log
1785234072.395112038 step=815 stage=before_mj_step
1785234072.395217896 step=815 stage=after_mj_step
1785234072.395299911 step=816 stage=loop_begin
1785234072.396855831 step=816 stage=after_set_ctrl
1785234072.396961451 step=816 stage=after_step_log
1785234072.396966457 step=816 stage=before_mj_step
1785234072.397048950 step=816 stage=after_mj_step
1785234072.397122622 step=817 stage=loop_begin
1785234072.398122787 step=817 stage=after_set_ctrl
1785234072.398214340 step=817 stage=after_step_log
1785234072.398219109 step=817 stage=before_mj_step
1785234072.398284435 step=817 stage=after_mj_step
1785234072.398349047 step=818 stage=loop_begin
1785234072.399429560 step=818 stage=after_set_ctrl
1785234072.399522781 step=818 stage=after_step_log
1785234072.399526834 step=818 stage=before_mj_step
1785234072.399592161 step=818 stage=after_mj_step
1785234072.399653196 step=819 stage=loop_begin
1785234072.400531054 step=819 stage=after_set_ctrl
1785234072.400624990 step=819 stage=after_step_log
1785234072.400629997 step=819 stage=before_mj_step
1785234072.400701523 step=819 stage=after_mj_step
1785234072.400764704 step=820 stage=loop_begin
1785234072.400827408 step=820 stage=before_camera_render
1785234072.460799694 step=820 stage=after_camera_render
1785234072.462132931 step=820 stage=after_set_ctrl
1785234072.462244272 step=820 stage=after_step_log
1785234072.462249279 step=820 stage=before_mj_step
1785234072.462358236 step=820 stage=after_mj_step
1785234072.462442398 step=821 stage=loop_begin
1785234072.463780880 step=821 stage=after_set_ctrl
1785234072.463887930 step=821 stage=after_step_log
1785234072.463893414 step=821 stage=before_mj_step
1785234072.463973999 step=821 stage=after_mj_step
1785234072.464047194 step=822 stage=loop_begin
1785234072.464971304 step=822 stage=after_set_ctrl
1785234072.465063572 step=822 stage=after_step_log
1785234072.465068579 step=822 stage=before_mj_step
1785234072.465138674 step=822 stage=after_mj_step
1785234072.465204716 step=823 stage=loop_begin
1785234072.466135263 step=823 stage=after_set_ctrl
1785234072.466224432 step=823 stage=after_step_log
1785234072.466229200 step=823 stage=before_mj_step
1785234072.466292143 step=823 stage=after_mj_step
1785234072.466354847 step=824 stage=loop_begin
1785234072.467339993 step=824 stage=after_set_ctrl
1785234072.467431068 step=824 stage=after_step_log
1785234072.467435837 step=824 stage=before_mj_step
1785234072.467508316 step=824 stage=after_mj_step
1785234072.467572451 step=825 stage=loop_begin
1785234072.467629910 step=825 stage=before_camera_render
1785234072.521204948 step=825 stage=after_camera_render
1785234072.523058653 step=825 stage=after_set_ctrl
1785234072.523200989 step=825 stage=after_step_log
1785234072.523204803 step=825 stage=before_mj_step
1785234072.523309469 step=825 stage=after_mj_step
1785234072.523389578 step=826 stage=loop_begin
1785234072.524778843 step=826 stage=after_set_ctrl
1785234072.524880171 step=826 stage=after_step_log
1785234072.524885654 step=826 stage=before_mj_step
1785234072.524964333 step=826 stage=after_mj_step
1785234072.525034904 step=827 stage=loop_begin
1785234072.526167631 step=827 stage=after_set_ctrl
1785234072.526315689 step=827 stage=after_step_log
1785234072.526324749 step=827 stage=before_mj_step
1785234072.526435137 step=827 stage=after_mj_step
1785234072.526536942 step=828 stage=loop_begin
1785234072.528494120 step=828 stage=after_set_ctrl
1785234072.528733730 step=828 stage=after_step_log
1785234072.528761387 step=828 stage=before_mj_step
1785234072.528952599 step=828 stage=after_mj_step
1785234072.529136419 step=829 stage=loop_begin
1785234072.531563759 step=829 stage=after_set_ctrl
1785234072.531789064 step=829 stage=after_step_log
1785234072.531799078 step=829 stage=before_mj_step
1785234072.532006025 step=829 stage=after_mj_step
1785234072.532179594 step=830 stage=loop_begin
1785234072.532322645 step=830 stage=before_camera_render
1785234072.590045929 step=830 stage=after_camera_render
1785234072.591659546 step=830 stage=after_set_ctrl
1785234072.591771841 step=830 stage=after_step_log
1785234072.591776848 step=830 stage=before_mj_step
1785234072.591898918 step=830 stage=after_mj_step
1785234072.591988564 step=831 stage=loop_begin
1785234072.593111753 step=831 stage=after_set_ctrl
1785234072.593210459 step=831 stage=after_step_log
1785234072.593215227 step=831 stage=before_mj_step
1785234072.593290567 step=831 stage=after_mj_step
1785234072.593363285 step=832 stage=loop_begin
1785234072.594616175 step=832 stage=after_set_ctrl
1785234072.594775200 step=832 stage=after_step_log
1785234072.594784498 step=832 stage=before_mj_step
1785234072.594912529 step=832 stage=after_mj_step
1785234072.595031738 step=833 stage=loop_begin
1785234072.596720219 step=833 stage=after_set_ctrl
1785234072.596870422 step=833 stage=after_step_log
1785234072.596882582 step=833 stage=before_mj_step
1785234072.596992254 step=833 stage=after_mj_step
1785234072.597098827 step=834 stage=loop_begin
1785234072.598841190 step=834 stage=after_set_ctrl
1785234072.598981142 step=834 stage=after_step_log
1785234072.598990679 step=834 stage=before_mj_step
1785234072.599103451 step=834 stage=after_mj_step
1785234072.599204063 step=835 stage=loop_begin
1785234072.599314213 step=835 stage=before_camera_render
1785234072.657299519 step=835 stage=after_camera_render
1785234072.658879519 step=835 stage=after_set_ctrl
1785234072.658993244 step=835 stage=after_step_log
1785234072.658997774 step=835 stage=before_mj_step
1785234072.659109354 step=835 stage=after_mj_step
1785234072.659191608 step=836 stage=loop_begin
1785234072.660526991 step=836 stage=after_set_ctrl
1785234072.660627365 step=836 stage=after_step_log
1785234072.660632133 step=836 stage=before_mj_step
1785234072.660711050 step=836 stage=after_mj_step
1785234072.660779238 step=837 stage=loop_begin
1785234072.661822796 step=837 stage=after_set_ctrl
1785234072.661913395 step=837 stage=after_step_log
1785234072.661917686 step=837 stage=before_mj_step
1785234072.661990166 step=837 stage=after_mj_step
1785234072.662055492 step=838 stage=loop_begin
1785234072.663053513 step=838 stage=after_set_ctrl
1785234072.663150072 step=838 stage=after_step_log
1785234072.663154364 step=838 stage=before_mj_step
1785234072.663227320 step=838 stage=after_mj_step
1785234072.663292646 step=839 stage=loop_begin
1785234072.664169788 step=839 stage=after_set_ctrl
1785234072.664267302 step=839 stage=after_step_log
1785234072.664271593 step=839 stage=before_mj_step
1785234072.664350748 step=839 stage=after_mj_step
1785234072.664417028 step=840 stage=loop_begin
1785234072.664476871 step=840 stage=before_camera_render
1785234072.717085600 step=840 stage=after_camera_render
1785234072.718707800 step=840 stage=after_set_ctrl
1785234072.718827724 step=840 stage=after_step_log
1785234072.718833208 step=840 stage=before_mj_step
1785234072.718937635 step=840 stage=after_mj_step
1785234072.719018936 step=841 stage=loop_begin
1785234072.720296383 step=841 stage=after_set_ctrl
1785234072.720394611 step=841 stage=after_step_log
1785234072.720399618 step=841 stage=before_mj_step
1785234072.720472336 step=841 stage=after_mj_step
1785234072.720537663 step=842 stage=loop_begin
1785234072.721653700 step=842 stage=after_set_ctrl
1785234072.721748590 step=842 stage=after_step_log
1785234072.721753120 step=842 stage=before_mj_step
1785234072.721832514 step=842 stage=after_mj_step
1785234072.721899748 step=843 stage=loop_begin
1785234072.722814798 step=843 stage=after_set_ctrl
1785234072.722913265 step=843 stage=after_step_log
1785234072.722923756 step=843 stage=before_mj_step
1785234072.722990513 step=843 stage=after_mj_step
1785234072.723054409 step=844 stage=loop_begin
1785234072.724045038 step=844 stage=after_set_ctrl
1785234072.724141598 step=844 stage=after_step_log
1785234072.724146366 step=844 stage=before_mj_step
1785234072.724224806 step=844 stage=after_mj_step
1785234072.724290133 step=845 stage=loop_begin
1785234072.724349976 step=845 stage=before_camera_render
1785234072.777475834 step=845 stage=after_camera_render
1785234072.778958559 step=845 stage=after_set_ctrl
1785234072.779073000 step=845 stage=after_step_log
1785234072.779077291 step=845 stage=before_mj_step
1785234072.779185057 step=845 stage=after_mj_step
1785234072.779276848 step=846 stage=loop_begin
1785234072.780649185 step=846 stage=after_set_ctrl
1785234072.780748844 step=846 stage=after_step_log
1785234072.780752897 step=846 stage=before_mj_step
1785234072.780833960 step=846 stage=after_mj_step
1785234072.780911446 step=847 stage=loop_begin
1785234072.782015800 step=847 stage=after_set_ctrl
1785234072.782114983 step=847 stage=after_step_log
1785234072.782119989 step=847 stage=before_mj_step
1785234072.782194376 step=847 stage=after_mj_step
1785234072.782263756 step=848 stage=loop_begin
1785234072.783324003 step=848 stage=after_set_ctrl
1785234072.783417702 step=848 stage=after_step_log
1785234072.783422232 step=848 stage=before_mj_step
1785234072.783493519 step=848 stage=after_mj_step
1785234072.783560038 step=849 stage=loop_begin
1785234072.784593821 step=849 stage=after_set_ctrl
1785234072.784685612 step=849 stage=after_step_log
1785234072.784690142 step=849 stage=before_mj_step
1785234072.784759521 step=849 stage=after_mj_step
1785234072.784832954 step=850 stage=loop_begin
1785234072.784893990 step=850 stage=before_camera_render
1785234072.839998484 step=850 stage=after_camera_render
1785234072.841720104 step=850 stage=after_set_ctrl
1785234072.841891766 step=850 stage=after_step_log
1785234072.841896296 step=850 stage=before_mj_step
1785234072.842005253 step=850 stage=after_mj_step
1785234072.842099190 step=851 stage=loop_begin
1785234072.843297243 step=851 stage=after_set_ctrl
1785234072.843385696 step=851 stage=after_step_log
1785234072.843390465 step=851 stage=before_mj_step
1785234072.843460560 step=851 stage=after_mj_step
1785234072.843528271 step=852 stage=loop_begin
1785234072.844612598 step=852 stage=after_set_ctrl
1785234072.844702005 step=852 stage=after_step_log
1785234072.844706535 step=852 stage=before_mj_step
1785234072.844777107 step=852 stage=after_mj_step
1785234072.844849110 step=853 stage=loop_begin
1785234072.845812798 step=853 stage=after_set_ctrl
1785234072.845906734 step=853 stage=after_step_log
1785234072.845910788 step=853 stage=before_mj_step
1785234072.845972538 step=853 stage=after_mj_step
1785234072.846035719 step=854 stage=loop_begin
1785234072.847064257 step=854 stage=after_set_ctrl
1785234072.847157478 step=854 stage=after_step_log
1785234072.847162485 step=854 stage=before_mj_step
1785234072.847235441 step=854 stage=after_mj_step
1785234072.847300768 step=855 stage=loop_begin
1785234072.847366571 step=855 stage=before_camera_render
1785234072.900782585 step=855 stage=after_camera_render
1785234072.902323246 step=855 stage=after_set_ctrl
1785234072.902437925 step=855 stage=after_step_log
1785234072.902442694 step=855 stage=before_mj_step
1785234072.902545929 step=855 stage=after_mj_step
1785234072.902625084 step=856 stage=loop_begin
1785234072.903622150 step=856 stage=after_set_ctrl
1785234072.903718233 step=856 stage=after_step_log
1785234072.903725624 step=856 stage=before_mj_step
1785234072.903801441 step=856 stage=after_mj_step
1785234072.903874397 step=857 stage=loop_begin
1785234072.904935360 step=857 stage=after_set_ctrl
1785234072.905028105 step=857 stage=after_step_log
1785234072.905032635 step=857 stage=before_mj_step
1785234072.905095100 step=857 stage=after_mj_step
1785234072.905158281 step=858 stage=loop_begin
1785234072.906060219 step=858 stage=after_set_ctrl
1785234072.906152964 step=858 stage=after_step_log
1785234072.906162739 step=858 stage=before_mj_step
1785234072.906234741 step=858 stage=after_mj_step
1785234072.906302452 step=859 stage=loop_begin
1785234072.907312870 step=859 stage=after_set_ctrl
1785234072.907405853 step=859 stage=after_step_log
1785234072.907411337 step=859 stage=before_mj_step
1785234072.907483816 step=859 stage=after_mj_step
1785234072.907549381 step=860 stage=loop_begin
1785234072.907605410 step=860 stage=before_camera_render
1785234072.962081909 step=860 stage=after_camera_render
1785234072.963405132 step=860 stage=after_set_ctrl
1785234072.963517189 step=860 stage=after_step_log
1785234072.963522196 step=860 stage=before_mj_step
1785234072.963635206 step=860 stage=after_mj_step
1785234072.963718414 step=861 stage=loop_begin
1785234072.964893341 step=861 stage=after_set_ctrl
1785234072.964996815 step=861 stage=after_step_log
1785234072.965001583 step=861 stage=before_mj_step
1785234072.965095520 step=861 stage=after_mj_step
1785234072.965181112 step=862 stage=loop_begin
1785234072.966085911 step=862 stage=after_set_ctrl
1785234072.966177940 step=862 stage=after_step_log
1785234072.966182709 step=862 stage=before_mj_step
1785234072.966259956 step=862 stage=after_mj_step
1785234072.966330528 step=863 stage=loop_begin
1785234072.967231989 step=863 stage=after_set_ctrl
1785234072.967324257 step=863 stage=after_step_log
1785234072.967330217 step=863 stage=before_mj_step
1785234072.967401028 step=863 stage=after_mj_step
1785234072.967467546 step=864 stage=loop_begin
1785234072.968475580 step=864 stage=after_set_ctrl
1785234072.968566418 step=864 stage=after_step_log
1785234072.968570948 step=864 stage=before_mj_step
1785234072.968638659 step=864 stage=after_mj_step
1785234072.968701601 step=865 stage=loop_begin
1785234072.968752384 step=865 stage=before_camera_render
1785234073.024063587 step=865 stage=after_camera_render
1785234073.025645494 step=865 stage=after_set_ctrl
1785234073.025752783 step=865 stage=after_step_log
1785234073.025757790 step=865 stage=before_mj_step
1785234073.025869846 step=865 stage=after_mj_step
1785234073.025951147 step=866 stage=loop_begin
1785234073.027025223 step=866 stage=after_set_ctrl
1785234073.027128458 step=866 stage=after_step_log
1785234073.027132988 step=866 stage=before_mj_step
1785234073.027208567 step=866 stage=after_mj_step
1785234073.027277470 step=867 stage=loop_begin
1785234073.028327703 step=867 stage=after_set_ctrl
1785234073.028414011 step=867 stage=after_step_log
1785234073.028418303 step=867 stage=before_mj_step
1785234073.028484583 step=867 stage=after_mj_step
1785234073.028548956 step=868 stage=loop_begin
1785234073.029527903 step=868 stage=after_set_ctrl
1785234073.029616594 step=868 stage=after_step_log
1785234073.029620886 step=868 stage=before_mj_step
1785234073.029681921 step=868 stage=after_mj_step
1785234073.029744148 step=869 stage=loop_begin
1785234073.030715227 step=869 stage=after_set_ctrl
1785234073.030807972 step=869 stage=after_step_log
1785234073.030813217 step=869 stage=before_mj_step
1785234073.030891657 step=869 stage=after_mj_step
1785234073.030959845 step=870 stage=loop_begin
1785234073.031016350 step=870 stage=before_camera_render
1785234073.083379745 step=870 stage=after_camera_render
1785234073.085451126 step=870 stage=after_set_ctrl
1785234073.085557461 step=870 stage=after_step_log
1785234073.085562706 step=870 stage=before_mj_step
1785234073.085665703 step=870 stage=after_mj_step
1785234073.085744619 step=871 stage=loop_begin
1785234073.086850643 step=871 stage=after_set_ctrl
1785234073.086947918 step=871 stage=after_step_log
1785234073.086952448 step=871 stage=before_mj_step
1785234073.087038755 step=871 stage=after_mj_step
1785234073.087104797 step=872 stage=loop_begin
1785234073.088531017 step=872 stage=after_set_ctrl
1785234073.088618994 step=872 stage=after_step_log
1785234073.088623047 step=872 stage=before_mj_step
1785234073.088685989 step=872 stage=after_mj_step
1785234073.088748455 step=873 stage=loop_begin
1785234073.089678288 step=873 stage=after_set_ctrl
1785234073.089769363 step=873 stage=after_step_log
1785234073.089779377 step=873 stage=before_mj_step
1785234073.089852810 step=873 stage=after_mj_step
1785234073.089917660 step=874 stage=loop_begin
1785234073.090865850 step=874 stage=after_set_ctrl
1785234073.090955019 step=874 stage=after_step_log
1785234073.090959549 step=874 stage=before_mj_step
1785234073.091024637 step=874 stage=after_mj_step
1785234073.091086388 step=875 stage=loop_begin
1785234073.091137886 step=875 stage=before_camera_render
1785234073.144645214 step=875 stage=after_camera_render
1785234073.146131277 step=875 stage=after_set_ctrl
1785234073.146270275 step=875 stage=after_step_log
1785234073.146274328 step=875 stage=before_mj_step
1785234073.146383047 step=875 stage=after_mj_step
1785234073.146461010 step=876 stage=loop_begin
1785234073.147651434 step=876 stage=after_set_ctrl
1785234073.147755146 step=876 stage=after_step_log
1785234073.147759438 step=876 stage=before_mj_step
1785234073.147845745 step=876 stage=after_mj_step
1785234073.147916079 step=877 stage=loop_begin
1785234073.148857355 step=877 stage=after_set_ctrl
1785234073.148952723 step=877 stage=after_step_log
1785234073.148957253 step=877 stage=before_mj_step
1785234073.149031639 step=877 stage=after_mj_step
1785234073.149096251 step=878 stage=loop_begin
1785234073.150072098 step=878 stage=after_set_ctrl
1785234073.150161505 step=878 stage=after_step_log
1785234073.150165558 step=878 stage=before_mj_step
1785234073.150231600 step=878 stage=after_mj_step
1785234073.150296688 step=879 stage=loop_begin
1785234073.151186466 step=879 stage=after_set_ctrl
1785234073.151279688 step=879 stage=after_step_log
1785234073.151283741 step=879 stage=before_mj_step
1785234073.151347637 step=879 stage=after_mj_step
1785234073.151409149 step=880 stage=loop_begin
1785234073.151459217 step=880 stage=before_camera_render
1785234073.203992128 step=880 stage=after_camera_render
1785234073.205498695 step=880 stage=after_set_ctrl
1785234073.205606461 step=880 stage=after_step_log
1785234073.205610991 step=880 stage=before_mj_step
1785234073.205715179 step=880 stage=after_mj_step
1785234073.205792665 step=881 stage=loop_begin
1785234073.206956387 step=881 stage=after_set_ctrl
1785234073.207059383 step=881 stage=after_step_log
1785234073.207063913 step=881 stage=before_mj_step
1785234073.207153320 step=881 stage=after_mj_step
1785234073.207229376 step=882 stage=loop_begin
1785234073.208184242 step=882 stage=after_set_ctrl
1785234073.208277702 step=882 stage=after_step_log
1785234073.208281994 step=882 stage=before_mj_step
1785234073.208356380 step=882 stage=after_mj_step
1785234073.208421946 step=883 stage=loop_begin
1785234073.209409475 step=883 stage=after_set_ctrl
1785234073.209498405 step=883 stage=after_step_log
1785234073.209502697 step=883 stage=before_mj_step
1785234073.209572792 step=883 stage=after_mj_step
1785234073.209638596 step=884 stage=loop_begin
1785234073.210629225 step=884 stage=after_set_ctrl
1785234073.210714817 step=884 stage=after_step_log
1785234073.210719824 step=884 stage=before_mj_step
1785234073.210786819 step=884 stage=after_mj_step
1785234073.210857630 step=885 stage=loop_begin
1785234073.210913181 step=885 stage=before_camera_render
1785234073.263576984 step=885 stage=after_camera_render
1785234073.264982224 step=885 stage=after_set_ctrl
1785234073.265093088 step=885 stage=after_step_log
1785234073.265097618 step=885 stage=before_mj_step
1785234073.265207767 step=885 stage=after_mj_step
1785234073.265288115 step=886 stage=loop_begin
1785234073.266652822 step=886 stage=after_set_ctrl
1785234073.266752005 step=886 stage=after_step_log
1785234073.266756535 step=886 stage=before_mj_step
1785234073.266841888 step=886 stage=after_mj_step
1785234073.266911507 step=887 stage=loop_begin
1785234073.267872572 step=887 stage=after_set_ctrl
1785234073.267963171 step=887 stage=after_step_log
1785234073.267967939 step=887 stage=before_mj_step
1785234073.268038988 step=887 stage=after_mj_step
1785234073.268103361 step=888 stage=loop_begin
1785234073.269028902 step=888 stage=after_set_ctrl
1785234073.269119263 step=888 stage=after_step_log
1785234073.269129753 step=888 stage=before_mj_step
1785234073.269194603 step=888 stage=after_mj_step
1785234073.269255877 step=889 stage=loop_begin
1785234073.270473003 step=889 stage=after_set_ctrl
1785234073.270566940 step=889 stage=after_step_log
1785234073.270571470 step=889 stage=before_mj_step
1785234073.270645618 step=889 stage=after_mj_step
1785234073.270709515 step=890 stage=loop_begin
1785234073.270765543 step=890 stage=before_camera_render
1785234073.323253155 step=890 stage=after_camera_render
1785234073.324699879 step=890 stage=after_set_ctrl
1785234073.324815035 step=890 stage=after_step_log
1785234073.324824572 step=890 stage=before_mj_step
1785234073.324934721 step=890 stage=after_mj_step
1785234073.325022221 step=891 stage=loop_begin
1785234073.326104641 step=891 stage=after_set_ctrl
1785234073.326198578 step=891 stage=after_step_log
1785234073.326203346 step=891 stage=before_mj_step
1785234073.326275587 step=891 stage=after_mj_step
1785234073.326340675 step=892 stage=loop_begin
1785234073.327328920 step=892 stage=after_set_ctrl
1785234073.327414751 step=892 stage=after_step_log
1785234073.327419281 step=892 stage=before_mj_step
1785234073.327486038 step=892 stage=after_mj_step
1785234073.327549458 step=893 stage=loop_begin
1785234073.328631878 step=893 stage=after_set_ctrl
1785234073.328716516 step=893 stage=after_step_log
1785234073.328720808 step=893 stage=before_mj_step
1785234073.328784466 step=893 stage=after_mj_step
1785234073.328856945 step=894 stage=loop_begin
1785234073.329720497 step=894 stage=after_set_ctrl
1785234073.329811096 step=894 stage=after_step_log
1785234073.329816341 step=894 stage=before_mj_step
1785234073.329886675 step=894 stage=after_mj_step
1785234073.329952240 step=895 stage=loop_begin
1785234073.330003262 step=895 stage=before_camera_render
1785234073.381920338 step=895 stage=after_camera_render
1785234073.384576082 step=895 stage=after_set_ctrl
1785234073.384684801 step=895 stage=after_step_log
1785234073.384689331 step=895 stage=before_mj_step
1785234073.384803057 step=895 stage=after_mj_step
1785234073.384888887 step=896 stage=loop_begin
1785234073.386055470 step=896 stage=after_set_ctrl
1785234073.386151791 step=896 stage=after_step_log
1785234073.386156082 step=896 stage=before_mj_step
1785234073.386233568 step=896 stage=after_mj_step
1785234073.386301994 step=897 stage=loop_begin
1785234073.387496233 step=897 stage=after_set_ctrl
1785234073.387585640 step=897 stage=after_step_log
1785234073.387590170 step=897 stage=before_mj_step
1785234073.387659788 step=897 stage=after_mj_step
1785234073.387722731 step=898 stage=loop_begin
1785234073.388589144 step=898 stage=after_set_ctrl
1785234073.388681412 step=898 stage=after_step_log
1785234073.388685942 step=898 stage=before_mj_step
1785234073.388761759 step=898 stage=after_mj_step
1785234073.388832808 step=899 stage=loop_begin
1785234073.389847040 step=899 stage=after_set_ctrl
1785234073.389939308 step=899 stage=after_step_log
1785234073.389945269 step=899 stage=before_mj_step
1785234073.390020132 step=899 stage=after_mj_step
1785234073.390084028 step=900 stage=loop_begin
1785234073.390139103 step=900 stage=before_camera_render
1785234073.447353840 step=900 stage=after_camera_render
1785234073.448947906 step=900 stage=after_set_ctrl
1785234073.449088335 step=900 stage=after_step_log
1785234073.449092150 step=900 stage=before_mj_step
1785234073.449203014 step=900 stage=after_mj_step
1785234073.449281216 step=901 stage=loop_begin
1785234073.450467110 step=901 stage=after_set_ctrl
1785234073.450565815 step=901 stage=after_step_log
1785234073.450571299 step=901 stage=before_mj_step
1785234073.450646877 step=901 stage=after_mj_step
1785234073.450718164 step=902 stage=loop_begin
1785234073.451653719 step=902 stage=after_set_ctrl
1785234073.451746702 step=902 stage=after_step_log
1785234073.451752186 step=902 stage=before_mj_step
1785234073.451829433 step=902 stage=after_mj_step
1785234073.451898098 step=903 stage=loop_begin
1785234073.452865839 step=903 stage=after_set_ctrl
1785234073.452958107 step=903 stage=after_step_log
1785234073.452962637 step=903 stage=before_mj_step
1785234073.453036070 step=903 stage=after_mj_step
1785234073.453104973 step=904 stage=loop_begin
1785234073.454029322 step=904 stage=after_set_ctrl
1785234073.454118252 step=904 stage=after_step_log
1785234073.454122066 step=904 stage=before_mj_step
1785234073.454185963 step=904 stage=after_mj_step
1785234073.454246998 step=905 stage=loop_begin
1785234073.454307556 step=905 stage=before_camera_render
1785234073.507209063 step=905 stage=after_camera_render
1785234073.508544683 step=905 stage=after_set_ctrl
1785234073.508655071 step=905 stage=after_step_log
1785234073.508660078 step=905 stage=before_mj_step
1785234073.508769512 step=905 stage=after_mj_step
1785234073.508857965 step=906 stage=loop_begin
1785234073.510274410 step=906 stage=after_set_ctrl
1785234073.510383129 step=906 stage=after_step_log
1785234073.510388374 step=906 stage=before_mj_step
1785234073.510472775 step=906 stage=after_mj_step
1785234073.510545969 step=907 stage=loop_begin
1785234073.511561394 step=907 stage=after_set_ctrl
1785234073.511661053 step=907 stage=after_step_log
1785234073.511666059 step=907 stage=before_mj_step
1785234073.511737347 step=907 stage=after_mj_step
1785234073.511804581 step=908 stage=loop_begin
1785234073.512707472 step=908 stage=after_set_ctrl
1785234073.512805939 step=908 stage=after_step_log
1785234073.512810946 step=908 stage=before_mj_step
1785234073.512897968 step=908 stage=after_mj_step
1785234073.512970209 step=909 stage=loop_begin
1785234073.513966799 step=909 stage=after_set_ctrl
1785234073.514068365 step=909 stage=after_step_log
1785234073.514073849 step=909 stage=before_mj_step
1785234073.514152050 step=909 stage=after_mj_step
1785234073.514222383 step=910 stage=loop_begin
1785234073.514283419 step=910 stage=before_camera_render
1785234073.566831112 step=910 stage=after_camera_render
1785234073.568285942 step=910 stage=after_set_ctrl
1785234073.568401337 step=910 stage=after_step_log
1785234073.568405867 step=910 stage=before_mj_step
1785234073.568511486 step=910 stage=after_mj_step
1785234073.568597555 step=911 stage=loop_begin
1785234073.569680452 step=911 stage=after_set_ctrl
1785234073.569777966 step=911 stage=after_step_log
1785234073.569782734 step=911 stage=before_mj_step
1785234073.569866657 step=911 stage=after_mj_step
1785234073.569937468 step=912 stage=loop_begin
1785234073.570892096 step=912 stage=after_set_ctrl
1785234073.570980310 step=912 stage=after_step_log
1785234073.570985079 step=912 stage=before_mj_step
1785234073.571050406 step=912 stage=after_mj_step
1785234073.571113825 step=913 stage=loop_begin
1785234073.572022200 step=913 stage=after_set_ctrl
1785234073.572113991 step=913 stage=after_step_log
1785234073.572118521 step=913 stage=before_mj_step
1785234073.572177410 step=913 stage=after_mj_step
1785234073.572239161 step=914 stage=loop_begin
1785234073.573119402 step=914 stage=after_set_ctrl
1785234073.573210955 step=914 stage=after_step_log
1785234073.573215246 step=914 stage=before_mj_step
1785234073.573287487 step=914 stage=after_mj_step
1785234073.573351622 step=915 stage=loop_begin
1785234073.573408365 step=915 stage=before_camera_render
1785234073.625767469 step=915 stage=after_camera_render
1785234073.627204180 step=915 stage=after_set_ctrl
1785234073.627314329 step=915 stage=after_step_log
1785234073.627319098 step=915 stage=before_mj_step
1785234073.627426863 step=915 stage=after_mj_step
1785234073.627505302 step=916 stage=loop_begin
1785234073.628639460 step=916 stage=after_set_ctrl
1785234073.628739357 step=916 stage=after_step_log
1785234073.628743887 step=916 stage=before_mj_step
1785234073.628815413 step=916 stage=after_mj_step
1785234073.628884792 step=917 stage=loop_begin
1785234073.629823685 step=917 stage=after_set_ctrl
1785234073.629915476 step=917 stage=after_step_log
1785234073.629920006 step=917 stage=before_mj_step
1785234073.629991531 step=917 stage=after_mj_step
1785234073.630058289 step=918 stage=loop_begin
1785234073.630940914 step=918 stage=after_set_ctrl
1785234073.631033421 step=918 stage=after_step_log
1785234073.631038189 step=918 stage=before_mj_step
1785234073.631116390 step=918 stage=after_mj_step
1785234073.631183624 step=919 stage=loop_begin
1785234073.632261038 step=919 stage=after_set_ctrl
1785234073.632354259 step=919 stage=after_step_log
1785234073.632359505 step=919 stage=before_mj_step
1785234073.632430553 step=919 stage=after_mj_step
1785234073.632496119 step=920 stage=loop_begin
1785234073.632555008 step=920 stage=before_camera_render
1785234073.684825420 step=920 stage=after_camera_render
1785234073.686630487 step=920 stage=after_set_ctrl
1785234073.686742783 step=920 stage=after_step_log
1785234073.686747313 step=920 stage=before_mj_step
1785234073.686856031 step=920 stage=after_mj_step
1785234073.686936855 step=921 stage=loop_begin
1785234073.687950850 step=921 stage=after_set_ctrl
1785234073.688049316 step=921 stage=after_step_log
1785234073.688054085 step=921 stage=before_mj_step
1785234073.688124895 step=921 stage=after_mj_step
1785234073.688194036 step=922 stage=loop_begin
1785234073.689803123 step=922 stage=after_set_ctrl
1785234073.689907551 step=922 stage=after_step_log
1785234073.689912796 step=922 stage=before_mj_step
1785234073.689985752 step=922 stage=after_mj_step
1785234073.690055132 step=923 stage=loop_begin
1785234073.691021919 step=923 stage=after_set_ctrl
1785234073.691110134 step=923 stage=after_step_log
1785234073.691114187 step=923 stage=before_mj_step
1785234073.691178799 step=923 stage=after_mj_step
1785234073.691242218 step=924 stage=loop_begin
1785234073.692485094 step=924 stage=after_set_ctrl
1785234073.692580700 step=924 stage=after_step_log
1785234073.692584991 step=924 stage=before_mj_step
1785234073.692657471 step=924 stage=after_mj_step
1785234073.692723751 step=925 stage=loop_begin
1785234073.692782879 step=925 stage=before_camera_render
1785234073.749695301 step=925 stage=after_camera_render
1785234073.751324177 step=925 stage=after_set_ctrl
1785234073.751464605 step=925 stage=after_step_log
1785234073.751468658 step=925 stage=before_mj_step
1785234073.751573801 step=925 stage=after_mj_step
1785234073.751655340 step=926 stage=loop_begin
1785234073.752752542 step=926 stage=after_set_ctrl
1785234073.752851725 step=926 stage=after_step_log
1785234073.752856970 step=926 stage=before_mj_step
1785234073.752931833 step=926 stage=after_mj_step
1785234073.752998590 step=927 stage=loop_begin
1785234073.754026175 step=927 stage=after_set_ctrl
1785234073.754116297 step=927 stage=after_step_log
1785234073.754120588 step=927 stage=before_mj_step
1785234073.754185438 step=927 stage=after_mj_step
1785234073.754248381 step=928 stage=loop_begin
1785234073.755618095 step=928 stage=after_set_ctrl
1785234073.755709171 step=928 stage=after_step_log
1785234073.755713940 step=928 stage=before_mj_step
1785234073.755785227 step=928 stage=after_mj_step
1785234073.755856752 step=929 stage=loop_begin
1785234073.756720304 step=929 stage=after_set_ctrl
1785234073.756807566 step=929 stage=after_step_log
1785234073.756811857 step=929 stage=before_mj_step
1785234073.756885052 step=929 stage=after_mj_step
1785234073.756952047 step=930 stage=loop_begin
1785234073.757010698 step=930 stage=before_camera_render
1785234073.809409618 step=930 stage=after_camera_render
1785234073.810836077 step=930 stage=after_set_ctrl
1785234073.810952663 step=930 stage=after_step_log
1785234073.810957909 step=930 stage=before_mj_step
1785234073.811068058 step=930 stage=after_mj_step
1785234073.811162710 step=931 stage=loop_begin
1785234073.812480211 step=931 stage=after_set_ctrl
1785234073.812580109 step=931 stage=after_step_log
1785234073.812584639 step=931 stage=before_mj_step
1785234073.812663555 step=931 stage=after_mj_step
1785234073.812734365 step=932 stage=loop_begin
1785234073.813764572 step=932 stage=after_set_ctrl
1785234073.813862801 step=932 stage=after_step_log
1785234073.813868046 step=932 stage=before_mj_step
1785234073.813938856 step=932 stage=after_mj_step
1785234073.814002514 step=933 stage=loop_begin
1785234073.815042973 step=933 stage=after_set_ctrl
1785234073.815132856 step=933 stage=after_step_log
1785234073.815137625 step=933 stage=before_mj_step
1785234073.815206766 step=933 stage=after_mj_step
1785234073.815270662 step=934 stage=loop_begin
1785234073.816308022 step=934 stage=after_set_ctrl
1785234073.816398144 step=934 stage=after_step_log
1785234073.816402435 step=934 stage=before_mj_step
1785234073.816466093 step=934 stage=after_mj_step
1785234073.816527128 step=935 stage=loop_begin
1785234073.816581011 step=935 stage=before_camera_render
1785234073.869317532 step=935 stage=after_camera_render
1785234073.870582819 step=935 stage=after_set_ctrl
1785234073.870692253 step=935 stage=after_step_log
1785234073.870697260 step=935 stage=before_mj_step
1785234073.870805025 step=935 stage=after_mj_step
1785234073.870887280 step=936 stage=loop_begin
1785234073.872100353 step=936 stage=after_set_ctrl
1785234073.872215748 step=936 stage=after_step_log
1785234073.872220516 step=936 stage=before_mj_step
1785234073.872318745 step=936 stage=after_mj_step
1785234073.872406244 step=937 stage=loop_begin
1785234073.873491287 step=937 stage=after_set_ctrl
1785234073.873578787 step=937 stage=after_step_log
1785234073.873583078 step=937 stage=before_mj_step
1785234073.873646021 step=937 stage=after_mj_step
1785234073.873707771 step=938 stage=loop_begin
1785234073.874588013 step=938 stage=after_set_ctrl
1785234073.874680519 step=938 stage=after_step_log
1785234073.874685287 step=938 stage=before_mj_step
1785234073.874757051 step=938 stage=after_mj_step
1785234073.874831200 step=939 stage=loop_begin
1785234073.875733852 step=939 stage=after_set_ctrl
1785234073.875825167 step=939 stage=after_step_log
1785234073.875832081 step=939 stage=before_mj_step
1785234073.875903130 step=939 stage=after_mj_step
1785234073.875965834 step=940 stage=loop_begin
1785234073.876023054 step=940 stage=before_camera_render
1785234073.928485632 step=940 stage=after_camera_render
1785234073.929963827 step=940 stage=after_set_ctrl
1785234073.930073023 step=940 stage=after_step_log
1785234073.930077791 step=940 stage=before_mj_step
1785234073.930182934 step=940 stage=after_mj_step
1785234073.930267572 step=941 stage=loop_begin
1785234073.931465387 step=941 stage=after_set_ctrl
1785234073.931565523 step=941 stage=after_step_log
1785234073.931570530 step=941 stage=before_mj_step
1785234073.931657553 step=941 stage=after_mj_step
1785234073.931731939 step=942 stage=loop_begin
1785234073.932660818 step=942 stage=after_set_ctrl
1785234073.932749271 step=942 stage=after_step_log
1785234073.932753801 step=942 stage=before_mj_step
1785234073.932827950 step=942 stage=after_mj_step
1785234073.932893515 step=943 stage=loop_begin
1785234073.933703661 step=943 stage=after_set_ctrl
1785234073.933794022 step=943 stage=after_step_log
1785234073.933799028 step=943 stage=before_mj_step
1785234073.933879614 step=943 stage=after_mj_step
1785234073.933949947 step=944 stage=loop_begin
1785234073.935008049 step=944 stage=after_set_ctrl
1785234073.935102463 step=944 stage=after_step_log
1785234073.935107946 step=944 stage=before_mj_step
1785234073.935180426 step=944 stage=after_mj_step
1785234073.935245037 step=945 stage=loop_begin
1785234073.935302496 step=945 stage=before_camera_render
1785234073.988236904 step=945 stage=after_camera_render
1785234073.989929914 step=945 stage=after_set_ctrl
1785234073.990046024 step=945 stage=after_step_log
1785234073.990050793 step=945 stage=before_mj_step
1785234073.990161180 step=945 stage=after_mj_step
1785234073.990265846 step=946 stage=loop_begin
1785234073.991637230 step=946 stage=after_set_ctrl
1785234073.991724730 step=946 stage=after_step_log
1785234073.991729736 step=946 stage=before_mj_step
1785234073.991797686 step=946 stage=after_mj_step
1785234073.991868734 step=947 stage=loop_begin
1785234073.992834091 step=947 stage=after_set_ctrl
1785234073.992925644 step=947 stage=after_step_log
1785234073.992929935 step=947 stage=before_mj_step
1785234073.992989779 step=947 stage=after_mj_step
1785234073.993050098 step=948 stage=loop_begin
1785234073.994026661 step=948 stage=after_set_ctrl
1785234073.994116783 step=948 stage=after_step_log
1785234073.994122028 step=948 stage=before_mj_step
1785234073.994199991 step=948 stage=after_mj_step
1785234073.994263887 step=949 stage=loop_begin
1785234073.995278597 step=949 stage=after_set_ctrl
1785234073.995369196 step=949 stage=after_step_log
1785234073.995373964 step=949 stage=before_mj_step
1785234073.995444298 step=949 stage=after_mj_step
1785234073.995508909 step=950 stage=loop_begin
1785234073.995569468 step=950 stage=before_camera_render
1785234074.050832272 step=950 stage=after_camera_render
1785234074.052435398 step=950 stage=after_set_ctrl
1785234074.052579880 step=950 stage=after_step_log
1785234074.052583694 step=950 stage=before_mj_step
1785234074.052690029 step=950 stage=after_mj_step
1785234074.052772760 step=951 stage=loop_begin
1785234074.053838730 step=951 stage=after_set_ctrl
1785234074.053934813 step=951 stage=after_step_log
1785234074.053938627 step=951 stage=before_mj_step
1785234074.054013252 step=951 stage=after_mj_step
1785234074.054085016 step=952 stage=loop_begin
1785234074.055479050 step=952 stage=after_set_ctrl
1785234074.055571795 step=952 stage=after_step_log
1785234074.055576086 step=952 stage=before_mj_step
1785234074.055643797 step=952 stage=after_mj_step
1785234074.055707932 step=953 stage=loop_begin
1785234074.056628942 step=953 stage=after_set_ctrl
1785234074.056722164 step=953 stage=after_step_log
1785234074.056726217 step=953 stage=before_mj_step
1785234074.056797743 step=953 stage=after_mj_step
1785234074.056868076 step=954 stage=loop_begin
1785234074.057783127 step=954 stage=after_set_ctrl
1785234074.057879210 step=954 stage=after_step_log
1785234074.057886362 step=954 stage=before_mj_step
1785234074.057955503 step=954 stage=after_mj_step
1785234074.058018446 step=955 stage=loop_begin
1785234074.058076859 step=955 stage=before_camera_render
1785234074.110478163 step=955 stage=after_camera_render
1785234074.111861944 step=955 stage=after_set_ctrl
1785234074.111974716 step=955 stage=after_step_log
1785234074.111979723 step=955 stage=before_mj_step
1785234074.112091541 step=955 stage=after_mj_step
1785234074.112172127 step=956 stage=loop_begin
1785234074.113198996 step=956 stage=after_set_ctrl
1785234074.113297939 step=956 stage=after_step_log
1785234074.113302946 step=956 stage=before_mj_step
1785234074.113381863 step=956 stage=after_mj_step
1785234074.113451958 step=957 stage=loop_begin
1785234074.114675999 step=957 stage=after_set_ctrl
1785234074.114772081 step=957 stage=after_step_log
1785234074.114776850 step=957 stage=before_mj_step
1785234074.114854336 step=957 stage=after_mj_step
1785234074.114921808 step=958 stage=loop_begin
1785234074.115833521 step=958 stage=after_set_ctrl
1785234074.115925789 step=958 stage=after_step_log
1785234074.115930319 step=958 stage=before_mj_step
1785234074.116003036 step=958 stage=after_mj_step
1785234074.116069555 step=959 stage=loop_begin
1785234074.117058754 step=959 stage=after_set_ctrl
1785234074.117153168 step=959 stage=after_step_log
1785234074.117158175 step=959 stage=before_mj_step
1785234074.117231607 step=959 stage=after_mj_step
1785234074.117297411 step=960 stage=loop_begin
1785234074.117358923 step=960 stage=before_camera_render
1785234074.169877529 step=960 stage=after_camera_render
1785234074.171421766 step=960 stage=after_set_ctrl
1785234074.171538591 step=960 stage=after_step_log
1785234074.171544313 step=960 stage=before_mj_step
1785234074.171654701 step=960 stage=after_mj_step
1785234074.171737671 step=961 stage=loop_begin
1785234074.172862530 step=961 stage=after_set_ctrl
1785234074.172960043 step=961 stage=after_step_log
1785234074.172964811 step=961 stage=before_mj_step
1785234074.173044920 step=961 stage=after_mj_step
1785234074.173116922 step=962 stage=loop_begin
1785234074.174080372 step=962 stage=after_set_ctrl
1785234074.174175024 step=962 stage=after_step_log
1785234074.174179316 step=962 stage=before_mj_step
1785234074.174255848 step=962 stage=after_mj_step
1785234074.174319983 step=963 stage=loop_begin
1785234074.175376654 step=963 stage=after_set_ctrl
1785234074.175469875 step=963 stage=after_step_log
1785234074.175474405 step=963 stage=before_mj_step
1785234074.175554991 step=963 stage=after_mj_step
1785234074.175619841 step=964 stage=loop_begin
1785234074.176552773 step=964 stage=after_set_ctrl
1785234074.176644087 step=964 stage=after_step_log
1785234074.176648617 step=964 stage=before_mj_step
1785234074.176719666 step=964 stage=after_mj_step
1785234074.176782846 step=965 stage=loop_begin
1785234074.176849127 step=965 stage=before_camera_render
1785234074.229698896 step=965 stage=after_camera_render
1785234074.231500387 step=965 stage=after_set_ctrl
1785234074.231609344 step=965 stage=after_step_log
1785234074.231614351 step=965 stage=before_mj_step
1785234074.231721401 step=965 stage=after_mj_step
1785234074.231806278 step=966 stage=loop_begin
1785234074.232905626 step=966 stage=after_set_ctrl
1785234074.233009100 step=966 stage=after_step_log
1785234074.233014107 step=966 stage=before_mj_step
1785234074.233089209 step=966 stage=after_mj_step
1785234074.233158827 step=967 stage=loop_begin
1785234074.234070063 step=967 stage=after_set_ctrl
1785234074.234163046 step=967 stage=after_step_log
1785234074.234167576 step=967 stage=before_mj_step
1785234074.234241962 step=967 stage=after_mj_step
1785234074.234308004 step=968 stage=loop_begin
1785234074.235623121 step=968 stage=after_set_ctrl
1785234074.235713005 step=968 stage=after_step_log
1785234074.235717297 step=968 stage=before_mj_step
1785234074.235788584 step=968 stage=after_mj_step
1785234074.235859394 step=969 stage=loop_begin
1785234074.237741709 step=969 stage=after_set_ctrl
1785234074.237838268 step=969 stage=after_step_log
1785234074.237844229 step=969 stage=before_mj_step
1785234074.237911701 step=969 stage=after_mj_step
1785234074.237978697 step=970 stage=loop_begin
1785234074.238036394 step=970 stage=before_camera_render
1785234074.289100885 step=970 stage=after_camera_render
1785234074.290716648 step=970 stage=after_set_ctrl
1785234074.290844202 step=970 stage=after_step_log
1785234074.290850163 step=970 stage=before_mj_step
1785234074.290957212 step=970 stage=after_mj_step
1785234074.291055202 step=971 stage=loop_begin
1785234074.292304993 step=971 stage=after_set_ctrl
1785234074.292392731 step=971 stage=after_step_log
1785234074.292397738 step=971 stage=before_mj_step
1785234074.292471886 step=971 stage=after_mj_step
1785234074.292539597 step=972 stage=loop_begin
1785234074.293753862 step=972 stage=after_set_ctrl
1785234074.293850183 step=972 stage=after_step_log
1785234074.293855190 step=972 stage=before_mj_step
1785234074.293927670 step=972 stage=after_mj_step
1785234074.293993473 step=973 stage=loop_begin
1785234074.294997931 step=973 stage=after_set_ctrl
1785234074.295086622 step=973 stage=after_step_log
1785234074.295091152 step=973 stage=before_mj_step
1785234074.295161009 step=973 stage=after_mj_step
1785234074.295224905 step=974 stage=loop_begin
1785234074.296366453 step=974 stage=after_set_ctrl
1785234074.296452761 step=974 stage=after_step_log
1785234074.296457291 step=974 stage=before_mj_step
1785234074.296519995 step=974 stage=after_mj_step
1785234074.296584129 step=975 stage=loop_begin
1785234074.296639442 step=975 stage=before_camera_render
1785234074.349166155 step=975 stage=after_camera_render
1785234074.350854397 step=975 stage=after_set_ctrl
1785234074.350997448 step=975 stage=after_step_log
1785234074.351001024 step=975 stage=before_mj_step
1785234074.351104975 step=975 stage=after_mj_step
1785234074.351188183 step=976 stage=loop_begin
1785234074.352233171 step=976 stage=after_set_ctrl
1785234074.352328777 step=976 stage=after_step_log
1785234074.352333784 step=976 stage=before_mj_step
1785234074.352409601 step=976 stage=after_mj_step
1785234074.352477789 step=977 stage=loop_begin
1785234074.353447676 step=977 stage=after_set_ctrl
1785234074.353542089 step=977 stage=after_step_log
1785234074.353546381 step=977 stage=before_mj_step
1785234074.353609562 step=977 stage=after_mj_step
1785234074.353675604 step=978 stage=loop_begin
1785234074.354721546 step=978 stage=after_set_ctrl
1785234074.354813337 step=978 stage=after_step_log
1785234074.354823112 step=978 stage=before_mj_step
1785234074.354901791 step=978 stage=after_mj_step
1785234074.354967833 step=979 stage=loop_begin
1785234074.355838776 step=979 stage=after_set_ctrl
1785234074.355932236 step=979 stage=after_step_log
1785234074.355936766 step=979 stage=before_mj_step
1785234074.356010914 step=979 stage=after_mj_step
1785234074.356076241 step=980 stage=loop_begin
1785234074.356137037 step=980 stage=before_camera_render
1785234074.408546925 step=980 stage=after_camera_render
1785234074.409902334 step=980 stage=after_set_ctrl
1785234074.410027742 step=980 stage=after_step_log
1785234074.410032272 step=980 stage=before_mj_step
1785234074.410140276 step=980 stage=after_mj_step
1785234074.410232067 step=981 stage=loop_begin
1785234074.411540270 step=981 stage=after_set_ctrl
1785234074.411631584 step=981 stage=after_step_log
1785234074.411636591 step=981 stage=before_mj_step
1785234074.411704540 step=981 stage=after_mj_step
1785234074.411767960 step=982 stage=loop_begin
1785234074.412896395 step=982 stage=after_set_ctrl
1785234074.412986040 step=982 stage=after_step_log
1785234074.412990570 step=982 stage=before_mj_step
1785234074.413051367 step=982 stage=after_mj_step
1785234074.413112402 step=983 stage=loop_begin
1785234074.414106607 step=983 stage=after_set_ctrl
1785234074.414199352 step=983 stage=after_step_log
1785234074.414204121 step=983 stage=before_mj_step
1785234074.414276361 step=983 stage=after_mj_step
1785234074.414341450 step=984 stage=loop_begin
1785234074.415476084 step=984 stage=after_set_ctrl
1785234074.415565491 step=984 stage=after_step_log
1785234074.415570736 step=984 stage=before_mj_step
1785234074.415640116 step=984 stage=after_mj_step
1785234074.415702105 step=985 stage=loop_begin
1785234074.415758848 step=985 stage=before_camera_render
1785234074.468582630 step=985 stage=after_camera_render
1785234074.470093489 step=985 stage=after_set_ctrl
1785234074.470205069 step=985 stage=after_step_log
1785234074.470210075 step=985 stage=before_mj_step
1785234074.470318079 step=985 stage=after_mj_step
1785234074.470401287 step=986 stage=loop_begin
1785234074.471401930 step=986 stage=after_set_ctrl
1785234074.471500635 step=986 stage=after_step_log
1785234074.471505404 step=986 stage=before_mj_step
1785234074.471577644 step=986 stage=after_mj_step
1785234074.471644163 step=987 stage=loop_begin
1785234074.472553253 step=987 stage=after_set_ctrl
1785234074.472646475 step=987 stage=after_step_log
1785234074.472651482 step=987 stage=before_mj_step
1785234074.472723246 step=987 stage=after_mj_step
1785234074.472787857 step=988 stage=loop_begin
1785234074.473630667 step=988 stage=after_set_ctrl
1785234074.473722219 step=988 stage=after_step_log
1785234074.473726988 step=988 stage=before_mj_step
1785234074.473795891 step=988 stage=after_mj_step
1785234074.473894835 step=989 stage=loop_begin
1785234074.474858284 step=989 stage=after_set_ctrl
1785234074.474946976 step=989 stage=after_step_log
1785234074.474951744 step=989 stage=before_mj_step
1785234074.475019932 step=989 stage=after_mj_step
1785234074.475083828 step=990 stage=loop_begin
1785234074.475140810 step=990 stage=before_camera_render
1785234074.528283834 step=990 stage=after_camera_render
1785234074.529720306 step=990 stage=after_set_ctrl
1785234074.529837608 step=990 stage=after_step_log
1785234074.529842854 step=990 stage=before_mj_step
1785234074.529945612 step=990 stage=after_mj_step
1785234074.530027866 step=991 stage=loop_begin
1785234074.531069040 step=991 stage=after_set_ctrl
1785234074.531168461 step=991 stage=after_step_log
1785234074.531173229 step=991 stage=before_mj_step
1785234074.531252384 step=991 stage=after_mj_step
1785234074.531322718 step=992 stage=loop_begin
1785234074.532437325 step=992 stage=after_set_ctrl
1785234074.532531738 step=992 stage=after_step_log
1785234074.532536268 step=992 stage=before_mj_step
1785234074.532605410 step=992 stage=after_mj_step
1785234074.532671690 step=993 stage=loop_begin
1785234074.533767700 step=993 stage=after_set_ctrl
1785234074.533871174 step=993 stage=after_step_log
1785234074.533876419 step=993 stage=before_mj_step
1785234074.533958912 step=993 stage=after_mj_step
1785234074.534025669 step=994 stage=loop_begin
1785234074.534878492 step=994 stage=after_set_ctrl
1785234074.534970045 step=994 stage=after_step_log
1785234074.534975052 step=994 stage=before_mj_step
1785234074.535042286 step=994 stage=after_mj_step
1785234074.535106897 step=995 stage=loop_begin
1785234074.535163403 step=995 stage=before_camera_render
1785234074.588632345 step=995 stage=after_camera_render
1785234074.590594530 step=995 stage=after_set_ctrl
1785234074.590715885 step=995 stage=after_step_log
1785234074.590720177 step=995 stage=before_mj_step
1785234074.590837717 step=995 stage=after_mj_step
1785234074.590934515 step=996 stage=loop_begin
1785234074.592046261 step=996 stage=after_set_ctrl
1785234074.592134237 step=996 stage=after_step_log
1785234074.592138529 step=996 stage=before_mj_step
1785234074.592204809 step=996 stage=after_mj_step
1785234074.592270136 step=997 stage=loop_begin
1785234074.593350649 step=997 stage=after_set_ctrl
1785234074.593443394 step=997 stage=after_step_log
1785234074.593447685 step=997 stage=before_mj_step
1785234074.593511343 step=997 stage=after_mj_step
1785234074.593574762 step=998 stage=loop_begin
1785234074.594578028 step=998 stage=after_set_ctrl
1785234074.594666958 step=998 stage=after_step_log
1785234074.594671965 step=998 stage=before_mj_step
1785234074.594741821 step=998 stage=after_mj_step
1785234074.594804764 step=999 stage=loop_begin
1785234074.595732689 step=999 stage=after_set_ctrl
1785234074.595826626 step=999 stage=after_step_log
1785234074.595831871 step=999 stage=before_mj_step
1785234074.595901966 step=999 stage=after_mj_step
1785234074.595967054 step=1000 stage=loop_begin
1785234074.596025705 step=1000 stage=before_camera_render
1785234074.652590513 step=1000 stage=after_camera_render
1785234074.654341936 step=1000 stage=after_set_ctrl
1785234074.654561043 step=1000 stage=after_step_log
1785234074.654568672 step=1000 stage=before_mj_step
1785234074.654728413 step=1000 stage=after_mj_step
1785234074.654858351 step=1001 stage=loop_begin
1785234074.656705618 step=1001 stage=after_set_ctrl
1785234074.656852722 step=1001 stage=after_step_log
1785234074.656864882 step=1001 stage=before_mj_step
1785234074.656984806 step=1001 stage=after_mj_step
1785234074.657087803 step=1002 stage=loop_begin
1785234074.658941031 step=1002 stage=after_set_ctrl
1785234074.659076691 step=1002 stage=after_step_log
1785234074.659085751 step=1002 stage=before_mj_step
1785234074.659197807 step=1002 stage=after_mj_step
1785234074.659301043 step=1003 stage=loop_begin
1785234074.660863638 step=1003 stage=after_set_ctrl
1785234074.660965919 step=1003 stage=after_step_log
1785234074.660971165 step=1003 stage=before_mj_step
1785234074.661070585 step=1003 stage=after_mj_step
1785234074.661141872 step=1004 stage=loop_begin
1785234074.662035704 step=1004 stage=after_set_ctrl
1785234074.662132025 step=1004 stage=after_step_log
1785234074.662137032 step=1004 stage=before_mj_step
1785234074.662211418 step=1004 stage=after_mj_step
1785234074.662281513 step=1005 stage=loop_begin
1785234074.662337780 step=1005 stage=before_camera_render
1785234074.716225863 step=1005 stage=after_camera_render
1785234074.717643738 step=1005 stage=after_set_ctrl
1785234074.717758417 step=1005 stage=after_step_log
1785234074.717762709 step=1005 stage=before_mj_step
1785234074.717875481 step=1005 stage=after_mj_step
1785234074.717972517 step=1006 stage=loop_begin
1785234074.718926430 step=1006 stage=after_set_ctrl
1785234074.719021320 step=1006 stage=after_step_log
1785234074.719025850 step=1006 stage=before_mj_step
1785234074.719100237 step=1006 stage=after_mj_step
1785234074.719172239 step=1007 stage=loop_begin
1785234074.720491171 step=1007 stage=after_set_ctrl
1785234074.720591545 step=1007 stage=after_step_log
1785234074.720596075 step=1007 stage=before_mj_step
1785234074.720674515 step=1007 stage=after_mj_step
1785234074.720744133 step=1008 stage=loop_begin
1785234074.721649170 step=1008 stage=after_set_ctrl
1785234074.721739531 step=1008 stage=after_step_log
1785234074.721744061 step=1008 stage=before_mj_step
1785234074.721816540 step=1008 stage=after_mj_step
1785234074.721890211 step=1009 stage=loop_begin
1785234074.722696304 step=1009 stage=after_set_ctrl
1785234074.722784996 step=1009 stage=after_step_log
1785234074.722789526 step=1009 stage=before_mj_step
1785234074.722865343 step=1009 stage=after_mj_step
1785234074.722933054 step=1010 stage=loop_begin
1785234074.722988605 step=1010 stage=before_camera_render
1785234074.775985479 step=1010 stage=after_camera_render
1785234074.777587891 step=1010 stage=after_set_ctrl
1785234074.777704239 step=1010 stage=after_step_log
1785234074.777708530 step=1010 stage=before_mj_step
1785234074.777816296 step=1010 stage=after_mj_step
1785234074.777919054 step=1011 stage=loop_begin
1785234074.779078484 step=1011 stage=after_set_ctrl
1785234074.779170752 step=1011 stage=after_step_log
1785234074.779175520 step=1011 stage=before_mj_step
1785234074.779250860 step=1011 stage=after_mj_step
1785234074.779324055 step=1012 stage=loop_begin
1785234074.780577421 step=1012 stage=after_set_ctrl
1785234074.780670404 step=1012 stage=after_step_log
1785234074.780674458 step=1012 stage=before_mj_step
1785234074.780745029 step=1012 stage=after_mj_step
1785234074.780816317 step=1013 stage=loop_begin
1785234074.781831264 step=1013 stage=after_set_ctrl
1785234074.781926394 step=1013 stage=after_step_log
1785234074.781931162 step=1013 stage=before_mj_step
1785234074.782008171 step=1013 stage=after_mj_step
1785234074.782078266 step=1014 stage=loop_begin
1785234074.783032656 step=1014 stage=after_set_ctrl
1785234074.783122063 step=1014 stage=after_step_log
1785234074.783126593 step=1014 stage=before_mj_step
1785234074.783201933 step=1014 stage=after_mj_step
1785234074.783270836 step=1015 stage=loop_begin
1785234074.783328772 step=1015 stage=before_camera_render
1785234074.836371422 step=1015 stage=after_camera_render
1785234074.837804317 step=1015 stage=after_set_ctrl
1785234074.837932825 step=1015 stage=after_step_log
1785234074.837937355 step=1015 stage=before_mj_step
1785234074.838049173 step=1015 stage=after_mj_step
1785234074.838165760 step=1016 stage=loop_begin
1785234074.839570522 step=1016 stage=after_set_ctrl
1785234074.839666128 step=1016 stage=after_step_log
1785234074.839670420 step=1016 stage=before_mj_step
1785234074.839754820 step=1016 stage=after_mj_step
1785234074.839834452 step=1017 stage=loop_begin
1785234074.840765238 step=1017 stage=after_set_ctrl
1785234074.840853691 step=1017 stage=after_step_log
1785234074.840860367 step=1017 stage=before_mj_step
1785234074.840925932 step=1017 stage=after_mj_step
1785234074.840988398 step=1018 stage=loop_begin
1785234074.841905594 step=1018 stage=after_set_ctrl
1785234074.841994524 step=1018 stage=after_step_log
1785234074.841999054 step=1018 stage=before_mj_step
1785234074.842071533 step=1018 stage=after_mj_step
1785234074.842136860 step=1019 stage=loop_begin
1785234074.842968941 step=1019 stage=after_set_ctrl
1785234074.843065262 step=1019 stage=after_step_log
1785234074.843070030 step=1019 stage=before_mj_step
1785234074.843143702 step=1019 stage=after_mj_step
1785234074.843206882 step=1020 stage=loop_begin
1785234074.843262911 step=1020 stage=before_camera_render
1785234074.895666361 step=1020 stage=after_camera_render
1785234074.897277355 step=1020 stage=after_set_ctrl
1785234074.897396803 step=1020 stage=after_step_log
1785234074.897401571 step=1020 stage=before_mj_step
1785234074.897517920 step=1020 stage=after_mj_step
1785234074.897606611 step=1021 stage=loop_begin
1785234074.898879766 step=1021 stage=after_set_ctrl
1785234074.898975849 step=1021 stage=after_step_log
1785234074.898979902 step=1021 stage=before_mj_step
1785234074.899056196 step=1021 stage=after_mj_step
1785234074.899126053 step=1022 stage=loop_begin
1785234074.900126934 step=1022 stage=after_set_ctrl
1785234074.900225878 step=1022 stage=after_step_log
1785234074.900230646 step=1022 stage=before_mj_step
1785234074.900303125 step=1022 stage=after_mj_step
1785234074.900370836 step=1023 stage=loop_begin
1785234074.901688099 step=1023 stage=after_set_ctrl
1785234074.901791811 step=1023 stage=after_step_log
1785234074.901796103 step=1023 stage=before_mj_step
1785234074.901867867 step=1023 stage=after_mj_step
1785234074.901932240 step=1024 stage=loop_begin
1785234074.903021336 step=1024 stage=after_set_ctrl
1785234074.903113365 step=1024 stage=after_step_log
1785234074.903118134 step=1024 stage=before_mj_step
1785234074.903196096 step=1024 stage=after_mj_step
1785234074.903259754 step=1025 stage=loop_begin
1785234074.903314352 step=1025 stage=before_camera_render
1785234074.955501318 step=1025 stage=after_camera_render
1785234074.956967592 step=1025 stage=after_set_ctrl
1785234074.957114935 step=1025 stage=after_step_log
1785234074.957118750 step=1025 stage=before_mj_step
1785234074.957241774 step=1025 stage=after_mj_step
1785234074.957325935 step=1026 stage=loop_begin
1785234074.958630085 step=1026 stage=after_set_ctrl
1785234074.958737135 step=1026 stage=after_step_log
1785234074.958747864 step=1026 stage=before_mj_step
1785234074.958851099 step=1026 stage=after_mj_step
1785234074.958934307 step=1027 stage=loop_begin
1785234074.960057020 step=1027 stage=after_set_ctrl
1785234074.960142136 step=1027 stage=after_step_log
1785234074.960146427 step=1027 stage=before_mj_step
1785234074.960209608 step=1027 stage=after_mj_step
1785234074.960272551 step=1028 stage=loop_begin
1785234074.961405516 step=1028 stage=after_set_ctrl
1785234074.961493731 step=1028 stage=after_step_log
1785234074.961498260 step=1028 stage=before_mj_step
1785234074.961563587 step=1028 stage=after_mj_step
1785234074.961625576 step=1029 stage=loop_begin
1785234074.962556839 step=1029 stage=after_set_ctrl
1785234074.962646961 step=1029 stage=after_step_log
1785234074.962651491 step=1029 stage=before_mj_step
1785234074.962721825 step=1029 stage=after_mj_step
1785234074.962785721 step=1030 stage=loop_begin
1785234074.962846994 step=1030 stage=before_camera_render
1785234075.014834881 step=1030 stage=after_camera_render
1785234075.016501665 step=1030 stage=after_set_ctrl
1785234075.016612768 step=1030 stage=after_step_log
1785234075.016617298 step=1030 stage=before_mj_step
1785234075.016720057 step=1030 stage=after_mj_step
1785234075.016806126 step=1031 stage=loop_begin
1785234075.018043041 step=1031 stage=after_set_ctrl
1785234075.018138409 step=1031 stage=after_step_log
1785234075.018143177 step=1031 stage=before_mj_step
1785234075.018218994 step=1031 stage=after_mj_step
1785234075.018286705 step=1032 stage=loop_begin
1785234075.019462347 step=1032 stage=after_set_ctrl
1785234075.019557476 step=1032 stage=after_step_log
1785234075.019561291 step=1032 stage=before_mj_step
1785234075.019642591 step=1032 stage=after_mj_step
1785234075.019709587 step=1033 stage=loop_begin
1785234075.020661354 step=1033 stage=after_set_ctrl
1785234075.020752430 step=1033 stage=after_step_log
1785234075.020758390 step=1033 stage=before_mj_step
1785234075.020840168 step=1033 stage=after_mj_step
1785234075.020907879 step=1034 stage=loop_begin
1785234075.021829605 step=1034 stage=after_set_ctrl
1785234075.021917343 step=1034 stage=after_step_log
1785234075.021922350 step=1034 stage=before_mj_step
1785234075.021993876 step=1034 stage=after_mj_step
1785234075.022057772 step=1035 stage=loop_begin
1785234075.022110224 step=1035 stage=before_camera_render
1785234075.074553013 step=1035 stage=after_camera_render
1785234075.075962782 step=1035 stage=after_set_ctrl
1785234075.076081753 step=1035 stage=after_step_log
1785234075.076086521 step=1035 stage=before_mj_step
1785234075.076193810 step=1035 stage=after_mj_step
1785234075.076286554 step=1036 stage=loop_begin
1785234075.077566624 step=1036 stage=after_set_ctrl
1785234075.077656984 step=1036 stage=after_step_log
1785234075.077661514 step=1036 stage=before_mj_step
1785234075.077729464 step=1036 stage=after_mj_step
1785234075.077797890 step=1037 stage=loop_begin
1785234075.078767776 step=1037 stage=after_set_ctrl
1785234075.078861475 step=1037 stage=after_step_log
1785234075.078867197 step=1037 stage=before_mj_step
1785234075.078939438 step=1037 stage=after_mj_step
1785234075.079004049 step=1038 stage=loop_begin
1785234075.079918623 step=1038 stage=after_set_ctrl
1785234075.080008030 step=1038 stage=after_step_log
1785234075.080012798 step=1038 stage=before_mj_step
1785234075.080085039 step=1038 stage=after_mj_step
1785234075.080149174 step=1039 stage=loop_begin
1785234075.081089258 step=1039 stage=after_set_ctrl
1785234075.081175327 step=1039 stage=after_step_log
1785234075.081179619 step=1039 stage=before_mj_step
1785234075.081243992 step=1039 stage=after_mj_step
1785234075.081306696 step=1040 stage=loop_begin
1785234075.081360340 step=1040 stage=before_camera_render
1785234075.133789778 step=1040 stage=after_camera_render
1785234075.135555506 step=1040 stage=after_set_ctrl
1785234075.135664940 step=1040 stage=after_step_log
1785234075.135669470 step=1040 stage=before_mj_step
1785234075.135773659 step=1040 stage=after_mj_step
1785234075.135864496 step=1041 stage=loop_begin
1785234075.136983871 step=1041 stage=after_set_ctrl
1785234075.137078285 step=1041 stage=after_step_log
1785234075.137082815 step=1041 stage=before_mj_step
1785234075.137157440 step=1041 stage=after_mj_step
1785234075.137225866 step=1042 stage=loop_begin
1785234075.138229609 step=1042 stage=after_set_ctrl
1785234075.138322592 step=1042 stage=after_step_log
1785234075.138327122 step=1042 stage=before_mj_step
1785234075.138399124 step=1042 stage=after_mj_step
1785234075.138463974 step=1043 stage=loop_begin
1785234075.139439583 step=1043 stage=after_set_ctrl
1785234075.139531612 step=1043 stage=after_step_log
1785234075.139536142 step=1043 stage=before_mj_step
1785234075.139611959 step=1043 stage=after_mj_step
1785234075.139678240 step=1044 stage=loop_begin
1785234075.140582085 step=1044 stage=after_set_ctrl
1785234075.140670538 step=1044 stage=after_step_log
1785234075.140674353 step=1044 stage=before_mj_step
1785234075.140743494 step=1044 stage=after_mj_step
1785234075.140805721 step=1045 stage=loop_begin
1785234075.140865564 step=1045 stage=before_camera_render
1785234075.193806171 step=1045 stage=after_camera_render
1785234075.195718050 step=1045 stage=after_set_ctrl
1785234075.195869446 step=1045 stage=after_step_log
1785234075.195875168 step=1045 stage=before_mj_step
1785234075.196031809 step=1045 stage=after_mj_step
1785234075.196151733 step=1046 stage=loop_begin
1785234075.197963238 step=1046 stage=after_set_ctrl
1785234075.198097944 step=1046 stage=after_step_log
1785234075.198103189 step=1046 stage=before_mj_step
1785234075.198214054 step=1046 stage=after_mj_step
1785234075.198312044 step=1047 stage=loop_begin
1785234075.199715137 step=1047 stage=after_set_ctrl
1785234075.199815989 step=1047 stage=after_step_log
1785234075.199826717 step=1047 stage=before_mj_step
1785234075.199899673 step=1047 stage=after_mj_step
1785234075.199966192 step=1048 stage=loop_begin
1785234075.201040030 step=1048 stage=after_set_ctrl
1785234075.201128960 step=1048 stage=after_step_log
1785234075.201133251 step=1048 stage=before_mj_step
1785234075.201201916 step=1048 stage=after_mj_step
1785234075.201265812 step=1049 stage=loop_begin
1785234075.202445030 step=1049 stage=after_set_ctrl
1785234075.202535629 step=1049 stage=after_step_log
1785234075.202540636 step=1049 stage=before_mj_step
1785234075.202611923 step=1049 stage=after_mj_step
1785234075.202674389 step=1050 stage=loop_begin
1785234075.202729464 step=1050 stage=before_camera_render
1785234075.259145498 step=1050 stage=after_camera_render
1785234075.260767221 step=1050 stage=after_set_ctrl
1785234075.260922194 step=1050 stage=after_step_log
1785234075.260925770 step=1050 stage=before_mj_step
1785234075.261032343 step=1050 stage=after_mj_step
1785234075.261139631 step=1051 stage=loop_begin
1785234075.262533665 step=1051 stage=after_set_ctrl
1785234075.262628555 step=1051 stage=after_step_log
1785234075.262632847 step=1051 stage=before_mj_step
1785234075.262712002 step=1051 stage=after_mj_step
1785234075.262785435 step=1052 stage=loop_begin
1785234075.263702869 step=1052 stage=after_set_ctrl
1785234075.263786554 step=1052 stage=after_step_log
1785234075.263790846 step=1052 stage=before_mj_step
1785234075.263862610 step=1052 stage=after_mj_step
1785234075.263925791 step=1053 stage=loop_begin
1785234075.264824152 step=1053 stage=after_set_ctrl
1785234075.264914513 step=1053 stage=after_step_log
1785234075.264919043 step=1053 stage=before_mj_step
1785234075.265003443 step=1053 stage=after_mj_step
1785234075.265071392 step=1054 stage=loop_begin
1785234075.265924454 step=1054 stage=after_set_ctrl
1785234075.266014099 step=1054 stage=after_step_log
1785234075.266018867 step=1054 stage=before_mj_step
1785234075.266088486 step=1054 stage=after_mj_step
1785234075.266151190 step=1055 stage=loop_begin
1785234075.266211271 step=1055 stage=before_camera_render
1785234075.318351507 step=1055 stage=after_camera_render
1785234075.320171118 step=1055 stage=after_set_ctrl
1785234075.320275545 step=1055 stage=after_step_log
1785234075.320280313 step=1055 stage=before_mj_step
1785234075.320386648 step=1055 stage=after_mj_step
1785234075.320464611 step=1056 stage=loop_begin
1785234075.321656227 step=1056 stage=after_set_ctrl
1785234075.321750879 step=1056 stage=after_step_log
1785234075.321755409 step=1056 stage=before_mj_step
1785234075.321834087 step=1056 stage=after_mj_step
1785234075.321902990 step=1057 stage=loop_begin
1785234075.322803259 step=1057 stage=after_set_ctrl
1785234075.322898149 step=1057 stage=after_step_log
1785234075.322905064 step=1057 stage=before_mj_step
1785234075.322970390 step=1057 stage=after_mj_step
1785234075.323034048 step=1058 stage=loop_begin
1785234075.323865175 step=1058 stage=after_set_ctrl
1785234075.323956013 step=1058 stage=after_step_log
1785234075.323960304 step=1058 stage=before_mj_step
1785234075.324032307 step=1058 stage=after_mj_step
1785234075.324097395 step=1059 stage=loop_begin
1785234075.325099707 step=1059 stage=after_set_ctrl
1785234075.325191975 step=1059 stage=after_step_log
1785234075.325196743 step=1059 stage=before_mj_step
1785234075.325267553 step=1059 stage=after_mj_step
1785234075.325331450 step=1060 stage=loop_begin
1785234075.325387716 step=1060 stage=before_camera_render
1785234075.382405996 step=1060 stage=after_camera_render
1785234075.384066343 step=1060 stage=after_set_ctrl
1785234075.384178162 step=1060 stage=after_step_log
1785234075.384182453 step=1060 stage=before_mj_step
1785234075.384285450 step=1060 stage=after_mj_step
1785234075.384370089 step=1061 stage=loop_begin
1785234075.385345697 step=1061 stage=after_set_ctrl
1785234075.385439396 step=1061 stage=after_step_log
1785234075.385444403 step=1061 stage=before_mj_step
1785234075.385518789 step=1061 stage=after_mj_step
1785234075.385592937 step=1062 stage=loop_begin
1785234075.386578798 step=1062 stage=after_set_ctrl
1785234075.386679411 step=1062 stage=after_step_log
1785234075.386683702 step=1062 stage=before_mj_step
1785234075.386754513 step=1062 stage=after_mj_step
1785234075.386816263 step=1063 stage=loop_begin
1785234075.387742996 step=1063 stage=after_set_ctrl
1785234075.387841940 step=1063 stage=after_step_log
1785234075.387848854 step=1063 stage=before_mj_step
1785234075.387921333 step=1063 stage=after_mj_step
1785234075.387985468 step=1064 stage=loop_begin
1785234075.388861656 step=1064 stage=after_set_ctrl
1785234075.388952732 step=1064 stage=after_step_log
1785234075.388957739 step=1064 stage=before_mj_step
1785234075.389028549 step=1064 stage=after_mj_step
1785234075.389092922 step=1065 stage=loop_begin
1785234075.389150143 step=1065 stage=before_camera_render
1785234075.442261219 step=1065 stage=after_camera_render
1785234075.443968534 step=1065 stage=after_set_ctrl
1785234075.444084406 step=1065 stage=after_step_log
1785234075.444088936 step=1065 stage=before_mj_step
1785234075.444191933 step=1065 stage=after_mj_step
1785234075.444287300 step=1066 stage=loop_begin
1785234075.445460081 step=1066 stage=after_set_ctrl
1785234075.445551634 step=1066 stage=after_step_log
1785234075.445556164 step=1066 stage=before_mj_step
1785234075.445622683 step=1066 stage=after_mj_step
1785234075.445687771 step=1067 stage=loop_begin
1785234075.446659327 step=1067 stage=after_set_ctrl
1785234075.446748495 step=1067 stage=after_step_log
1785234075.446758032 step=1067 stage=before_mj_step
1785234075.446824551 step=1067 stage=after_mj_step
1785234075.446887255 step=1068 stage=loop_begin
1785234075.447705507 step=1068 stage=after_set_ctrl
1785234075.447793245 step=1068 stage=after_step_log
1785234075.447798014 step=1068 stage=before_mj_step
1785234075.447873592 step=1068 stage=after_mj_step
1785234075.447941303 step=1069 stage=loop_begin
1785234075.448929548 step=1069 stage=after_set_ctrl
1785234075.449018717 step=1069 stage=after_step_log
1785234075.449023247 step=1069 stage=before_mj_step
1785234075.449090958 step=1069 stage=after_mj_step
1785234075.449153423 step=1070 stage=loop_begin
1785234075.449209690 step=1070 stage=before_camera_render
1785234075.502193928 step=1070 stage=after_camera_render
1785234075.503669977 step=1070 stage=after_set_ctrl
1785234075.503782511 step=1070 stage=after_step_log
1785234075.503787041 step=1070 stage=before_mj_step
1785234075.503901005 step=1070 stage=after_mj_step
1785234075.503987312 step=1071 stage=loop_begin
1785234075.505117655 step=1071 stage=after_set_ctrl
1785234075.505213737 step=1071 stage=after_step_log
1785234075.505219221 step=1071 stage=before_mj_step
1785234075.505297661 step=1071 stage=after_mj_step
1785234075.505366325 step=1072 stage=loop_begin
1785234075.506336451 step=1072 stage=after_set_ctrl
1785234075.506428719 step=1072 stage=after_step_log
1785234075.506433487 step=1072 stage=before_mj_step
1785234075.506503105 step=1072 stage=after_mj_step
1785234075.506566763 step=1073 stage=loop_begin
1785234075.507527113 step=1073 stage=after_set_ctrl
1785234075.507618904 step=1073 stage=after_step_log
1785234075.507623196 step=1073 stage=before_mj_step
1785234075.507699966 step=1073 stage=after_mj_step
1785234075.507765293 step=1074 stage=loop_begin
1785234075.508781910 step=1074 stage=after_set_ctrl
1785234075.508880854 step=1074 stage=after_step_log
1785234075.508886576 step=1074 stage=before_mj_step
1785234075.508962870 step=1074 stage=after_mj_step
1785234075.509026527 step=1075 stage=loop_begin
1785234075.509086132 step=1075 stage=before_camera_render
1785234075.570580482 step=1075 stage=after_camera_render
1785234075.572606802 step=1075 stage=after_set_ctrl
1785234075.572762251 step=1075 stage=after_step_log
1785234075.572766066 step=1075 stage=before_mj_step
1785234075.572877884 step=1075 stage=after_mj_step
1785234075.572960138 step=1076 stage=loop_begin
1785234075.573998690 step=1076 stage=after_set_ctrl
1785234075.574095249 step=1076 stage=after_step_log
1785234075.574100733 step=1076 stage=before_mj_step
1785234075.574179173 step=1076 stage=after_mj_step
1785234075.574246407 step=1077 stage=loop_begin
1785234075.575558901 step=1077 stage=after_set_ctrl
1785234075.575648308 step=1077 stage=after_step_log
1785234075.575652599 step=1077 stage=before_mj_step
1785234075.575724125 step=1077 stage=after_mj_step
1785234075.575785160 step=1078 stage=loop_begin
1785234075.576646566 step=1078 stage=after_set_ctrl
1785234075.576738596 step=1078 stage=after_step_log
1785234075.576742411 step=1078 stage=before_mj_step
1785234075.576811790 step=1078 stage=after_mj_step
1785234075.576890707 step=1079 stage=loop_begin
1785234075.577801704 step=1079 stage=after_set_ctrl
1785234075.577900171 step=1079 stage=after_step_log
1785234075.577907085 step=1079 stage=before_mj_step
1785234075.577979326 step=1079 stage=after_mj_step
1785234075.578042984 step=1080 stage=loop_begin
1785234075.578101397 step=1080 stage=before_camera_render
1785234075.631283283 step=1080 stage=after_camera_render
1785234075.632522821 step=1080 stage=after_set_ctrl
1785234075.632631540 step=1080 stage=after_step_log
1785234075.632636070 step=1080 stage=before_mj_step
1785234075.632745743 step=1080 stage=after_mj_step
1785234075.632829905 step=1081 stage=loop_begin
1785234075.633770466 step=1081 stage=after_set_ctrl
1785234075.633870363 step=1081 stage=after_step_log
1785234075.633877754 step=1081 stage=before_mj_step
1785234075.633956194 step=1081 stage=after_mj_step
1785234075.634022713 step=1082 stage=loop_begin
1785234075.634968042 step=1082 stage=after_set_ctrl
1785234075.635058641 step=1082 stage=after_step_log
1785234075.635062695 step=1082 stage=before_mj_step
1785234075.635131836 step=1082 stage=after_mj_step
1785234075.635193586 step=1083 stage=loop_begin
1785234075.636259556 step=1083 stage=after_set_ctrl
1785234075.636352301 step=1083 stage=after_step_log
1785234075.636356831 step=1083 stage=before_mj_step
1785234075.636426210 step=1083 stage=after_mj_step
1785234075.636488914 step=1084 stage=loop_begin
1785234075.637478352 step=1084 stage=after_set_ctrl
1785234075.637569189 step=1084 stage=after_step_log
1785234075.637574434 step=1084 stage=before_mj_step
1785234075.637649059 step=1084 stage=after_mj_step
1785234075.637714148 step=1085 stage=loop_begin
1785234075.637774706 step=1085 stage=before_camera_render
1785234075.690432072 step=1085 stage=after_camera_render
1785234075.692580462 step=1085 stage=after_set_ctrl
1785234075.692698479 step=1085 stage=after_step_log
1785234075.692703485 step=1085 stage=before_mj_step
1785234075.692814112 step=1085 stage=after_mj_step
1785234075.692910194 step=1086 stage=loop_begin
1785234075.694022179 step=1086 stage=after_set_ctrl
1785234075.694120169 step=1086 stage=after_step_log
1785234075.694124460 step=1086 stage=before_mj_step
1785234075.694200754 step=1086 stage=after_mj_step
1785234075.694272041 step=1087 stage=loop_begin
1785234075.695459843 step=1087 stage=after_set_ctrl
1785234075.695556879 step=1087 stage=after_step_log
1785234075.695561647 step=1087 stage=before_mj_step
1785234075.695644140 step=1087 stage=after_mj_step
1785234075.695716143 step=1088 stage=loop_begin
1785234075.696554661 step=1088 stage=after_set_ctrl
1785234075.696650743 step=1088 stage=after_step_log
1785234075.696655273 step=1088 stage=before_mj_step
1785234075.696732759 step=1088 stage=after_mj_step
1785234075.696799278 step=1089 stage=loop_begin
1785234075.697736502 step=1089 stage=after_set_ctrl
1785234075.697835207 step=1089 stage=after_step_log
1785234075.697840691 step=1089 stage=before_mj_step
1785234075.697911501 step=1089 stage=after_mj_step
1785234075.697977781 step=1090 stage=loop_begin
1785234075.698036671 step=1090 stage=before_camera_render
1785234075.751307011 step=1090 stage=after_camera_render
1785234075.752769947 step=1090 stage=after_set_ctrl
1785234075.752888918 step=1090 stage=after_step_log
1785234075.752894640 step=1090 stage=before_mj_step
1785234075.752999783 step=1090 stage=after_mj_step
1785234075.753081560 step=1091 stage=loop_begin
1785234075.754203558 step=1091 stage=after_set_ctrl
1785234075.754301786 step=1091 stage=after_step_log
1785234075.754306555 step=1091 stage=before_mj_step
1785234075.754385471 step=1091 stage=after_mj_step
1785234075.754455090 step=1092 stage=loop_begin
1785234075.755441666 step=1092 stage=after_set_ctrl
1785234075.755533934 step=1092 stage=after_step_log
1785234075.755538464 step=1092 stage=before_mj_step
1785234075.755612850 step=1092 stage=after_mj_step
1785234075.755678177 step=1093 stage=loop_begin
1785234075.756583452 step=1093 stage=after_set_ctrl
1785234075.756671429 step=1093 stage=after_step_log
1785234075.756676674 step=1093 stage=before_mj_step
1785234075.756744862 step=1093 stage=after_mj_step
1785234075.756809950 step=1094 stage=loop_begin
1785234075.757700920 step=1094 stage=after_set_ctrl
1785234075.757793903 step=1094 stage=after_step_log
1785234075.757798433 step=1094 stage=before_mj_step
1785234075.757869005 step=1094 stage=after_mj_step
1785234075.757932186 step=1095 stage=loop_begin
1785234075.757988691 step=1095 stage=before_camera_render
1785234075.810879946 step=1095 stage=after_camera_render
1785234075.812226534 step=1095 stage=after_set_ctrl
1785234075.812338114 step=1095 stage=after_step_log
1785234075.812342882 step=1095 stage=before_mj_step
1785234075.812451601 step=1095 stage=after_mj_step
1785234075.812538862 step=1096 stage=loop_begin
1785234075.813607216 step=1096 stage=after_set_ctrl
1785234075.813704729 step=1096 stage=after_step_log
1785234075.813709497 step=1096 stage=before_mj_step
1785234075.813788176 step=1096 stage=after_mj_step
1785234075.813875914 step=1097 stage=loop_begin
1785234075.814933538 step=1097 stage=after_set_ctrl
1785234075.815028906 step=1097 stage=after_step_log
1785234075.815034151 step=1097 stage=before_mj_step
1785234075.815105677 step=1097 stage=after_mj_step
1785234075.815176249 step=1098 stage=loop_begin
1785234075.816506147 step=1098 stage=after_set_ctrl
1785234075.816592932 step=1098 stage=after_step_log
1785234075.816597462 step=1098 stage=before_mj_step
1785234075.816662312 step=1098 stage=after_mj_step
1785234075.816727638 step=1099 stage=loop_begin
1785234075.817651749 step=1099 stage=after_set_ctrl
1785234075.817740440 step=1099 stage=after_step_log
1785234075.817744732 step=1099 stage=before_mj_step
1785234075.817805052 step=1099 stage=after_mj_step
1785234075.817874908 step=1100 stage=loop_begin
1785234075.817933798 step=1100 stage=before_camera_render
1785234075.872279882 step=1100 stage=after_camera_render
1785234075.873816490 step=1100 stage=after_set_ctrl
1785234075.873969555 step=1100 stage=after_step_log
1785234075.873973608 step=1100 stage=before_mj_step
1785234075.874076605 step=1100 stage=after_mj_step
1785234075.874162912 step=1101 stage=loop_begin
1785234075.875443697 step=1101 stage=after_set_ctrl
1785234075.875529766 step=1101 stage=after_step_log
1785234075.875534058 step=1101 stage=before_mj_step
1785234075.875598431 step=1101 stage=after_mj_step
1785234075.875662088 step=1102 stage=loop_begin
1785234075.876554489 step=1102 stage=after_set_ctrl
1785234075.876643181 step=1102 stage=after_step_log
1785234075.876647472 step=1102 stage=before_mj_step
1785234075.876718760 step=1102 stage=after_mj_step
1785234075.876782179 step=1103 stage=loop_begin
1785234075.877640009 step=1103 stage=after_set_ctrl
1785234075.877727032 step=1103 stage=after_step_log
1785234075.877731800 step=1103 stage=before_mj_step
1785234075.877800465 step=1103 stage=after_mj_step
1785234075.877872705 step=1104 stage=loop_begin
1785234075.878704548 step=1104 stage=after_set_ctrl
1785234075.878787994 step=1104 stage=after_step_log
1785234075.878792763 step=1104 stage=before_mj_step
1785234075.878862858 step=1104 stage=after_mj_step
1785234075.878929138 step=1105 stage=loop_begin
1785234075.878985643 step=1105 stage=before_camera_render
1785234075.932727337 step=1105 stage=after_camera_render
1785234075.934073925 step=1105 stage=after_set_ctrl
1785234075.934181929 step=1105 stage=after_step_log
1785234075.934186935 step=1105 stage=before_mj_step
1785234075.934292316 step=1105 stage=after_mj_step
1785234075.934371471 step=1106 stage=loop_begin
1785234075.935600281 step=1106 stage=after_set_ctrl
1785234075.935698748 step=1106 stage=after_step_log
1785234075.935703516 step=1106 stage=before_mj_step
1785234075.935784817 step=1106 stage=after_mj_step
1785234075.935858965 step=1107 stage=loop_begin
1785234075.936934710 step=1107 stage=after_set_ctrl
1785234075.937031746 step=1107 stage=after_step_log
1785234075.937036037 step=1107 stage=before_mj_step
1785234075.937114477 step=1107 stage=after_mj_step
1785234075.937179804 step=1108 stage=loop_begin
1785234075.938083887 step=1108 stage=after_set_ctrl
1785234075.938179493 step=1108 stage=after_step_log
1785234075.938184023 step=1108 stage=before_mj_step
1785234075.938260794 step=1108 stage=after_mj_step
1785234075.938324928 step=1109 stage=loop_begin
1785234075.939435244 step=1109 stage=after_set_ctrl
1785234075.939522266 step=1109 stage=after_step_log
1785234075.939526081 step=1109 stage=before_mj_step
1785234075.939599276 step=1109 stage=after_mj_step
1785234075.939663887 step=1110 stage=loop_begin
1785234075.939723969 step=1110 stage=before_camera_render
1785234075.993157625 step=1110 stage=after_camera_render
1785234075.994646549 step=1110 stage=after_set_ctrl
1785234075.994758129 step=1110 stage=after_step_log
1785234075.994762659 step=1110 stage=before_mj_step
1785234075.994878531 step=1110 stage=after_mj_step
1785234075.994958878 step=1111 stage=loop_begin
1785234075.996109247 step=1111 stage=after_set_ctrl
1785234075.996203423 step=1111 stage=after_step_log
1785234075.996213675 step=1111 stage=before_mj_step
1785234075.996289015 step=1111 stage=after_mj_step
1785234075.996358871 step=1112 stage=loop_begin
1785234075.997664452 step=1112 stage=after_set_ctrl
1785234075.997764349 step=1112 stage=after_step_log
1785234075.997768879 step=1112 stage=before_mj_step
1785234075.997874737 step=1112 stage=after_mj_step
1785234075.997950792 step=1113 stage=loop_begin
1785234075.998993635 step=1113 stage=after_set_ctrl
1785234075.999088049 step=1113 stage=after_step_log
1785234075.999093294 step=1113 stage=before_mj_step
1785234075.999169111 step=1113 stage=after_mj_step
1785234075.999235153 step=1114 stage=loop_begin
1785234076.000339508 step=1114 stage=after_set_ctrl
1785234076.000430822 step=1114 stage=after_step_log
1785234076.000435829 step=1114 stage=before_mj_step
1785234076.000508308 step=1114 stage=after_mj_step
1785234076.000571966 step=1115 stage=loop_begin
1785234076.000631094 step=1115 stage=before_camera_render
1785234076.053401232 step=1115 stage=after_camera_render
1785234076.055176497 step=1115 stage=after_set_ctrl
1785234076.055281639 step=1115 stage=after_step_log
1785234076.055286169 step=1115 stage=before_mj_step
1785234076.055390120 step=1115 stage=after_mj_step
1785234076.055468082 step=1116 stage=loop_begin
1785234076.056684732 step=1116 stage=after_set_ctrl
1785234076.056783199 step=1116 stage=after_step_log
1785234076.056788206 step=1116 stage=before_mj_step
1785234076.056875467 step=1116 stage=after_mj_step
1785234076.056945324 step=1117 stage=loop_begin
1785234076.057939053 step=1117 stage=after_set_ctrl
1785234076.058029413 step=1117 stage=after_step_log
1785234076.058033705 step=1117 stage=before_mj_step
1785234076.058111429 step=1117 stage=after_mj_step
1785234076.058177233 step=1118 stage=loop_begin
1785234076.059634447 step=1118 stage=after_set_ctrl
1785234076.059732676 step=1118 stage=after_step_log
1785234076.059737444 step=1118 stage=before_mj_step
1785234076.059828043 step=1118 stage=after_mj_step
1785234076.059896469 step=1119 stage=loop_begin
1785234076.060836554 step=1119 stage=after_set_ctrl
1785234076.060926199 step=1119 stage=after_step_log
1785234076.060930490 step=1119 stage=before_mj_step
1785234076.060999870 step=1119 stage=after_mj_step
1785234076.061062336 step=1120 stage=loop_begin
1785234076.061117649 step=1120 stage=before_camera_render
1785234076.114321947 step=1120 stage=after_camera_render
1785234076.115865231 step=1120 stage=after_set_ctrl
1785234076.115975142 step=1120 stage=after_step_log
1785234076.115979671 step=1120 stage=before_mj_step
1785234076.116088152 step=1120 stage=after_mj_step
1785234076.116170645 step=1121 stage=loop_begin
1785234076.117146969 step=1121 stage=after_set_ctrl
1785234076.117241621 step=1121 stage=after_step_log
1785234076.117246151 step=1121 stage=before_mj_step
1785234076.117323160 step=1121 stage=after_mj_step
1785234076.117392302 step=1122 stage=loop_begin
1785234076.118473768 step=1122 stage=after_set_ctrl
1785234076.118566036 step=1122 stage=after_step_log
1785234076.118570566 step=1122 stage=before_mj_step
1785234076.118644238 step=1122 stage=after_mj_step
1785234076.118711472 step=1123 stage=loop_begin
1785234076.119684696 step=1123 stage=after_set_ctrl
1785234076.119771481 step=1123 stage=after_step_log
1785234076.119775772 step=1123 stage=before_mj_step
1785234076.119848013 step=1123 stage=after_mj_step
1785234076.119912624 step=1124 stage=loop_begin
1785234076.120865345 step=1124 stage=after_set_ctrl
1785234076.120954037 step=1124 stage=after_step_log
1785234076.120958567 step=1124 stage=before_mj_step
1785234076.121023655 step=1124 stage=after_mj_step
1785234076.121087790 step=1125 stage=loop_begin
1785234076.121143818 step=1125 stage=before_camera_render
1785234076.173576355 step=1125 stage=after_camera_render
1785234076.175089836 step=1125 stage=after_set_ctrl
1785234076.175232410 step=1125 stage=after_step_log
1785234076.175236464 step=1125 stage=before_mj_step
1785234076.175344229 step=1125 stage=after_mj_step
1785234076.175421953 step=1126 stage=loop_begin
1785234076.176632166 step=1126 stage=after_set_ctrl
1785234076.176747084 step=1126 stage=after_step_log
1785234076.176751137 step=1126 stage=before_mj_step
1785234076.176855564 step=1126 stage=after_mj_step
1785234076.176942587 step=1127 stage=loop_begin
1785234076.178087950 step=1127 stage=after_set_ctrl
1785234076.178179026 step=1127 stage=after_step_log
1785234076.178183794 step=1127 stage=before_mj_step
1785234076.178258419 step=1127 stage=after_mj_step
1785234076.178323507 step=1128 stage=loop_begin
1785234076.179382086 step=1128 stage=after_set_ctrl
1785234076.179470301 step=1128 stage=after_step_log
1785234076.179475307 step=1128 stage=before_mj_step
1785234076.179547071 step=1128 stage=after_mj_step
1785234076.179609776 step=1129 stage=loop_begin
1785234076.180635691 step=1129 stage=after_set_ctrl
1785234076.180740833 step=1129 stage=after_step_log
1785234076.180746317 step=1129 stage=before_mj_step
1785234076.180831194 step=1129 stage=after_mj_step
1785234076.180903673 step=1130 stage=loop_begin
1785234076.180969477 step=1130 stage=before_camera_render
1785234076.236371040 step=1130 stage=after_camera_render
1785234076.238169432 step=1130 stage=after_set_ctrl
1785234076.238282204 step=1130 stage=after_step_log
1785234076.238286495 step=1130 stage=before_mj_step
1785234076.238392591 step=1130 stage=after_mj_step
1785234076.238479376 step=1131 stage=loop_begin
1785234076.239700556 step=1131 stage=after_set_ctrl
1785234076.239801168 step=1131 stage=after_step_log
1785234076.239805698 step=1131 stage=before_mj_step
1785234076.239893436 step=1131 stage=after_mj_step
1785234076.239969015 step=1132 stage=loop_begin
1785234076.240786314 step=1132 stage=after_set_ctrl
1785234076.240877151 step=1132 stage=after_step_log
1785234076.240884066 step=1132 stage=before_mj_step
1785234076.240948915 step=1132 stage=after_mj_step
1785234076.241010904 step=1133 stage=loop_begin
1785234076.241888523 step=1133 stage=after_set_ctrl
1785234076.241978407 step=1133 stage=after_step_log
1785234076.241982460 step=1133 stage=before_mj_step
1785234076.242051601 step=1133 stage=after_mj_step
1785234076.242113113 step=1134 stage=loop_begin
1785234076.243001938 step=1134 stage=after_set_ctrl
1785234076.243091822 step=1134 stage=after_step_log
1785234076.243096113 step=1134 stage=before_mj_step
1785234076.243171692 step=1134 stage=after_mj_step
1785234076.243236542 step=1135 stage=loop_begin
1785234076.243295670 step=1135 stage=before_camera_render
1785234076.296576738 step=1135 stage=after_camera_render
1785234076.297938347 step=1135 stage=after_set_ctrl
1785234076.298070431 step=1135 stage=after_step_log
1785234076.298075438 step=1135 stage=before_mj_step
1785234076.298199654 step=1135 stage=after_mj_step
1785234076.298314810 step=1136 stage=loop_begin
1785234076.299273014 step=1136 stage=after_set_ctrl
1785234076.299373388 step=1136 stage=after_step_log
1785234076.299377918 step=1136 stage=before_mj_step
1785234076.299468517 step=1136 stage=after_mj_step
1785234076.299541950 step=1137 stage=loop_begin
1785234076.300442934 step=1137 stage=after_set_ctrl
1785234076.300534010 step=1137 stage=after_step_log
1785234076.300538540 step=1137 stage=before_mj_step
1785234076.300611734 step=1137 stage=after_mj_step
1785234076.300676823 step=1138 stage=loop_begin
1785234076.301700354 step=1138 stage=after_set_ctrl
1785234076.301789999 step=1138 stage=after_step_log
1785234076.301795483 step=1138 stage=before_mj_step
1785234076.301871300 step=1138 stage=after_mj_step
1785234076.301935196 step=1139 stage=loop_begin
1785234076.302834749 step=1139 stage=after_set_ctrl
1785234076.302920103 step=1139 stage=after_step_log
1785234076.302924633 step=1139 stage=before_mj_step
1785234076.302989244 step=1139 stage=after_mj_step
1785234076.303052425 step=1140 stage=loop_begin
1785234076.303108692 step=1140 stage=before_camera_render
1785234076.355436325 step=1140 stage=after_camera_render
1785234076.357494831 step=1140 stage=after_set_ctrl
1785234076.357605934 step=1140 stage=after_step_log
1785234076.357610464 step=1140 stage=before_mj_step
1785234076.357727766 step=1140 stage=after_mj_step
1785234076.357805967 step=1141 stage=loop_begin
1785234076.358932018 step=1141 stage=after_set_ctrl
1785234076.359032154 step=1141 stage=after_step_log
1785234076.359037161 step=1141 stage=before_mj_step
1785234076.359116554 step=1141 stage=after_mj_step
1785234076.359186649 step=1142 stage=loop_begin
1785234076.360495090 step=1142 stage=after_set_ctrl
1785234076.360595226 step=1142 stage=after_step_log
1785234076.360599995 step=1142 stage=before_mj_step
1785234076.360674143 step=1142 stage=after_mj_step
1785234076.360738277 step=1143 stage=loop_begin
1785234076.361731052 step=1143 stage=after_set_ctrl
1785234076.361823559 step=1143 stage=after_step_log
1785234076.361828566 step=1143 stage=before_mj_step
1785234076.361894131 step=1143 stage=after_mj_step
1785234076.361956596 step=1144 stage=loop_begin
1785234076.362979412 step=1144 stage=after_set_ctrl
1785234076.363071203 step=1144 stage=after_step_log
1785234076.363075733 step=1144 stage=before_mj_step
1785234076.363141060 step=1144 stage=after_mj_step
1785234076.363200665 step=1145 stage=loop_begin
1785234076.363256693 step=1145 stage=before_camera_render
1785234076.415414572 step=1145 stage=after_camera_render
1785234076.416872740 step=1145 stage=after_set_ctrl
1785234076.416984081 step=1145 stage=after_step_log
1785234076.416988850 step=1145 stage=before_mj_step
1785234076.417096615 step=1145 stage=after_mj_step
1785234076.417187214 step=1146 stage=loop_begin
1785234076.418130159 step=1146 stage=after_set_ctrl
1785234076.418223858 step=1146 stage=after_step_log
1785234076.418228388 step=1146 stage=before_mj_step
1785234076.418303490 step=1146 stage=after_mj_step
1785234076.418374538 step=1147 stage=loop_begin
1785234076.419295073 step=1147 stage=after_set_ctrl
1785234076.419392824 step=1147 stage=after_step_log
1785234076.419397354 step=1147 stage=before_mj_step
1785234076.419479370 step=1147 stage=after_mj_step
1785234076.419547558 step=1148 stage=loop_begin
1785234076.420469522 step=1148 stage=after_set_ctrl
1785234076.420562506 step=1148 stage=after_step_log
1785234076.420566797 step=1148 stage=before_mj_step
1785234076.420648336 step=1148 stage=after_mj_step
1785234076.420714855 step=1149 stage=loop_begin
1785234076.421779156 step=1149 stage=after_set_ctrl
1785234076.421873808 step=1149 stage=after_step_log
1785234076.421879292 step=1149 stage=before_mj_step
1785234076.421953678 step=1149 stage=after_mj_step
1785234076.422019958 step=1150 stage=loop_begin
1785234076.422080755 step=1150 stage=before_camera_render
1785234076.476999998 step=1150 stage=after_camera_render
1785234076.478638411 step=1150 stage=after_set_ctrl
1785234076.478794575 step=1150 stage=after_step_log
1785234076.478799105 step=1150 stage=before_mj_step
1785234076.478916407 step=1150 stage=after_mj_step
1785234076.478999853 step=1151 stage=loop_begin
1785234076.480367422 step=1151 stage=after_set_ctrl
1785234076.480499268 step=1151 stage=after_step_log
1785234076.480507135 step=1151 stage=before_mj_step
1785234076.480621099 step=1151 stage=after_mj_step
1785234076.480724335 step=1152 stage=loop_begin
1785234076.481939793 step=1152 stage=after_set_ctrl
1785234076.482034922 step=1152 stage=after_step_log
1785234076.482038975 step=1152 stage=before_mj_step
1785234076.482133389 step=1152 stage=after_mj_step
1785234076.482213974 step=1153 stage=loop_begin
1785234076.483496666 step=1153 stage=after_set_ctrl
1785234076.483646393 step=1153 stage=after_step_log
1785234076.483654261 step=1153 stage=before_mj_step
1785234076.483777761 step=1153 stage=after_mj_step
1785234076.483900309 step=1154 stage=loop_begin
1785234076.485686779 step=1154 stage=after_set_ctrl
1785234076.485792398 step=1154 stage=after_step_log
1785234076.485797167 step=1154 stage=before_mj_step
1785234076.485887051 step=1154 stage=after_mj_step
1785234076.485960960 step=1155 stage=loop_begin
1785234076.486021519 step=1155 stage=before_camera_render
1785234076.542319059 step=1155 stage=after_camera_render
1785234076.543838024 step=1155 stage=after_set_ctrl
1785234076.543954372 step=1155 stage=after_step_log
1785234076.543959141 step=1155 stage=before_mj_step
1785234076.544074059 step=1155 stage=after_mj_step
1785234076.544167757 step=1156 stage=loop_begin
1785234076.545398474 step=1156 stage=after_set_ctrl
1785234076.545485973 step=1156 stage=after_step_log
1785234076.545490503 step=1156 stage=before_mj_step
1785234076.545558929 step=1156 stage=after_mj_step
1785234076.545623779 step=1157 stage=loop_begin
1785234076.546575308 step=1157 stage=after_set_ctrl
1785234076.546666145 step=1157 stage=after_step_log
1785234076.546672344 step=1157 stage=before_mj_step
1785234076.546745300 step=1157 stage=after_mj_step
1785234076.546809435 step=1158 stage=loop_begin
1785234076.547691107 step=1158 stage=after_set_ctrl
1785234076.547777653 step=1158 stage=after_step_log
1785234076.547782660 step=1158 stage=before_mj_step
1785234076.547858715 step=1158 stage=after_mj_step
1785234076.547927856 step=1159 stage=loop_begin
1785234076.548885107 step=1159 stage=after_set_ctrl
1785234076.548968077 step=1159 stage=after_step_log
1785234076.548972368 step=1159 stage=before_mj_step
1785234076.549035072 step=1159 stage=after_mj_step
1785234076.549097061 step=1160 stage=loop_begin
1785234076.549147606 step=1160 stage=before_camera_render
1785234076.601479053 step=1160 stage=after_camera_render
1785234076.602918386 step=1160 stage=after_set_ctrl
1785234076.603031874 step=1160 stage=after_step_log
1785234076.603037119 step=1160 stage=before_mj_step
1785234076.603144884 step=1160 stage=after_mj_step
1785234076.603229761 step=1161 stage=loop_begin
1785234076.604503393 step=1161 stage=after_set_ctrl
1785234076.604599237 step=1161 stage=after_step_log
1785234076.604604483 step=1161 stage=before_mj_step
1785234076.604674101 step=1161 stage=after_mj_step
1785234076.604740143 step=1162 stage=loop_begin
1785234076.605932713 step=1162 stage=after_set_ctrl
1785234076.606022596 step=1162 stage=after_step_log
1785234076.606027842 step=1162 stage=before_mj_step
1785234076.606090546 step=1162 stage=after_mj_step
1785234076.606153488 step=1163 stage=loop_begin
1785234076.607090473 step=1163 stage=after_set_ctrl
1785234076.607182026 step=1163 stage=after_step_log
1785234076.607187271 step=1163 stage=before_mj_step
1785234076.607258320 step=1163 stage=after_mj_step
1785234076.607322931 step=1164 stage=loop_begin
1785234076.608403683 step=1164 stage=after_set_ctrl
1785234076.608488083 step=1164 stage=after_step_log
1785234076.608493328 step=1164 stage=before_mj_step
1785234076.608556271 step=1164 stage=after_mj_step
1785234076.608625889 step=1165 stage=loop_begin
1785234076.608683348 step=1165 stage=before_camera_render
1785234076.662805080 step=1165 stage=after_camera_render
1785234076.664238930 step=1165 stage=after_set_ctrl
1785234076.664356470 step=1165 stage=after_step_log
1785234076.664361238 step=1165 stage=before_mj_step
1785234076.664471626 step=1165 stage=after_mj_step
1785234076.664570093 step=1166 stage=loop_begin
1785234076.665938377 step=1166 stage=after_set_ctrl
1785234076.666031599 step=1166 stage=after_step_log
1785234076.666039228 step=1166 stage=before_mj_step
1785234076.666105509 step=1166 stage=after_mj_step
1785234076.666173935 step=1167 stage=loop_begin
1785234076.667355061 step=1167 stage=after_set_ctrl
1785234076.667443037 step=1167 stage=after_step_log
1785234076.667447805 step=1167 stage=before_mj_step
1785234076.667516947 step=1167 stage=after_mj_step
1785234076.667581081 step=1168 stage=loop_begin
1785234076.668706417 step=1168 stage=after_set_ctrl
1785234076.668789148 step=1168 stage=after_step_log
1785234076.668794394 step=1168 stage=before_mj_step
1785234076.668861866 step=1168 stage=after_mj_step
1785234076.668925524 step=1169 stage=loop_begin
1785234076.669850111 step=1169 stage=after_set_ctrl
1785234076.669939041 step=1169 stage=after_step_log
1785234076.669944525 step=1169 stage=before_mj_step
1785234076.670008183 step=1169 stage=after_mj_step
1785234076.670069456 step=1170 stage=loop_begin
1785234076.670120239 step=1170 stage=before_camera_render
1785234076.723185301 step=1170 stage=after_camera_render
1785234076.724596024 step=1170 stage=after_set_ctrl
1785234076.724718809 step=1170 stage=after_step_log
1785234076.724730253 step=1170 stage=before_mj_step
1785234076.724852324 step=1170 stage=after_mj_step
1785234076.724953175 step=1171 stage=loop_begin
1785234076.725929976 step=1171 stage=after_set_ctrl
1785234076.726019859 step=1171 stage=after_step_log
1785234076.726025581 step=1171 stage=before_mj_step
1785234076.726096630 step=1171 stage=after_mj_step
1785234076.726164818 step=1172 stage=loop_begin
1785234076.727250576 step=1172 stage=after_set_ctrl
1785234076.727340221 step=1172 stage=after_step_log
1785234076.727344751 step=1172 stage=before_mj_step
1785234076.727414370 step=1172 stage=after_mj_step
1785234076.727479458 step=1173 stage=loop_begin
1785234076.728456497 step=1173 stage=after_set_ctrl
1785234076.728538990 step=1173 stage=after_step_log
1785234076.728543282 step=1173 stage=before_mj_step
1785234076.728606462 step=1173 stage=after_mj_step
1785234076.728669405 step=1174 stage=loop_begin
1785234076.729749918 step=1174 stage=after_set_ctrl
1785234076.729845285 step=1174 stage=after_step_log
1785234076.729850531 step=1174 stage=before_mj_step
1785234076.729923248 step=1174 stage=after_mj_step
1785234076.729989052 step=1175 stage=loop_begin
1785234076.730043650 step=1175 stage=before_camera_render
1785234076.782541513 step=1175 stage=after_camera_render
1785234076.784150362 step=1175 stage=after_set_ctrl
1785234076.784291029 step=1175 stage=after_step_log
1785234076.784294605 step=1175 stage=before_mj_step
1785234076.784401417 step=1175 stage=after_mj_step
1785234076.784478664 step=1176 stage=loop_begin
1785234076.785635471 step=1176 stage=after_set_ctrl
1785234076.785730124 step=1176 stage=after_step_log
1785234076.785734415 step=1176 stage=before_mj_step
1785234076.785812855 step=1176 stage=after_mj_step
1785234076.785885811 step=1177 stage=loop_begin
1785234076.786837339 step=1177 stage=after_set_ctrl
1785234076.786931038 step=1177 stage=after_step_log
1785234076.786935329 step=1177 stage=before_mj_step
1785234076.787010908 step=1177 stage=after_mj_step
1785234076.787077188 step=1178 stage=loop_begin
1785234076.788067341 step=1178 stage=after_set_ctrl
1785234076.788159132 step=1178 stage=after_step_log
1785234076.788163424 step=1178 stage=before_mj_step
1785234076.788235426 step=1178 stage=after_mj_step
1785234076.788299322 step=1179 stage=loop_begin
1785234076.789200783 step=1179 stage=after_set_ctrl
1785234076.789293528 step=1179 stage=after_step_log
1785234076.789297819 step=1179 stage=before_mj_step
1785234076.789368629 step=1179 stage=after_mj_step
1785234076.789432049 step=1180 stage=loop_begin
1785234076.789484978 step=1180 stage=before_camera_render
1785234076.842447519 step=1180 stage=after_camera_render
1785234076.843625784 step=1180 stage=after_set_ctrl
1785234076.843733549 step=1180 stage=after_step_log
1785234076.843738079 step=1180 stage=before_mj_step
1785234076.843858957 step=1180 stage=after_mj_step
1785234076.843939781 step=1181 stage=loop_begin
1785234076.845164061 step=1181 stage=after_set_ctrl
1785234076.845263243 step=1181 stage=after_step_log
1785234076.845268250 step=1181 stage=before_mj_step
1785234076.845345974 step=1181 stage=after_mj_step
1785234076.845418453 step=1182 stage=loop_begin
1785234076.846519709 step=1182 stage=after_set_ctrl
1785234076.846608162 step=1182 stage=after_step_log
1785234076.846612692 step=1182 stage=before_mj_step
1785234076.846678495 step=1182 stage=after_mj_step
1785234076.846742153 step=1183 stage=loop_begin
1785234076.847746134 step=1183 stage=after_set_ctrl
1785234076.847841263 step=1183 stage=after_step_log
1785234076.847846746 step=1183 stage=before_mj_step
1785234076.847910166 step=1183 stage=after_mj_step
1785234076.847975254 step=1184 stage=loop_begin
1785234076.848946095 step=1184 stage=after_set_ctrl
1785234076.849038124 step=1184 stage=after_step_log
1785234076.849043131 step=1184 stage=before_mj_step
1785234076.849113226 step=1184 stage=after_mj_step
1785234076.849180222 step=1185 stage=loop_begin
1785234076.849234581 step=1185 stage=before_camera_render
1785234076.901982307 step=1185 stage=after_camera_render
1785234076.904013872 step=1185 stage=after_set_ctrl
1785234076.904125690 step=1185 stage=after_step_log
1785234076.904129982 step=1185 stage=before_mj_step
1785234076.904236555 step=1185 stage=after_mj_step
1785234076.904322147 step=1186 stage=loop_begin
1785234076.905288458 step=1186 stage=after_set_ctrl
1785234076.905385256 step=1186 stage=after_step_log
1785234076.905389786 step=1186 stage=before_mj_step
1785234076.905468225 step=1186 stage=after_mj_step
1785234076.905538082 step=1187 stage=loop_begin
1785234076.906550884 step=1187 stage=after_set_ctrl
1785234076.906639338 step=1187 stage=after_step_log
1785234076.906643867 step=1187 stage=before_mj_step
1785234076.906711340 step=1187 stage=after_mj_step
1785234076.906776667 step=1188 stage=loop_begin
1785234076.907838583 step=1188 stage=after_set_ctrl
1785234076.907931566 step=1188 stage=after_step_log
1785234076.907935858 step=1188 stage=before_mj_step
1785234076.908002853 step=1188 stage=after_mj_step
1785234076.908066034 step=1189 stage=loop_begin
1785234076.908936739 step=1189 stage=after_set_ctrl
1785234076.909029484 step=1189 stage=after_step_log
1785234076.909034729 step=1189 stage=before_mj_step
1785234076.909105778 step=1189 stage=after_mj_step
1785234076.909171343 step=1190 stage=loop_begin
1785234076.909225702 step=1190 stage=before_camera_render
1785234076.961611748 step=1190 stage=after_camera_render
1785234076.963508129 step=1190 stage=after_set_ctrl
1785234076.963631868 step=1190 stage=after_step_log
1785234076.963636398 step=1190 stage=before_mj_step
1785234076.963760376 step=1190 stage=after_mj_step
1785234076.963889837 step=1191 stage=loop_begin
1785234076.964914322 step=1191 stage=after_set_ctrl
1785234076.965004444 step=1191 stage=after_step_log
1785234076.965008974 step=1191 stage=before_mj_step
1785234076.965074062 step=1191 stage=after_mj_step
1785234076.965139866 step=1192 stage=loop_begin
1785234076.966178417 step=1192 stage=after_set_ctrl
1785234076.966266155 step=1192 stage=after_step_log
1785234076.966270447 step=1192 stage=before_mj_step
1785234076.966342211 step=1192 stage=after_mj_step
1785234076.966404915 step=1193 stage=loop_begin
1785234076.967374086 step=1193 stage=after_set_ctrl
1785234076.967459917 step=1193 stage=after_step_log
1785234076.967464209 step=1193 stage=before_mj_step
1785234076.967534304 step=1193 stage=after_mj_step
1785234076.967597008 step=1194 stage=loop_begin
1785234076.968495846 step=1194 stage=after_set_ctrl
1785234076.968579531 step=1194 stage=after_step_log
1785234076.968583822 step=1194 stage=before_mj_step
1785234076.968649626 step=1194 stage=after_mj_step
1785234076.968712091 step=1195 stage=loop_begin
1785234076.968765020 step=1195 stage=before_camera_render
1785234077.021187782 step=1195 stage=after_camera_render
1785234077.022847414 step=1195 stage=after_set_ctrl
1785234077.022961140 step=1195 stage=after_step_log
1785234077.022965908 step=1195 stage=before_mj_step
1785234077.023075581 step=1195 stage=after_mj_step
1785234077.023167133 step=1196 stage=loop_begin
1785234077.024608850 step=1196 stage=after_set_ctrl
1785234077.024703741 step=1196 stage=after_step_log
1785234077.024708033 step=1196 stage=before_mj_step
1785234077.024786949 step=1196 stage=after_mj_step
1785234077.024864197 step=1197 stage=loop_begin
1785234077.025776863 step=1197 stage=after_set_ctrl
1785234077.025870800 step=1197 stage=after_step_log
1785234077.025877714 step=1197 stage=before_mj_step
1785234077.025948763 step=1197 stage=after_mj_step
1785234077.026014805 step=1198 stage=loop_begin
1785234077.026942015 step=1198 stage=after_set_ctrl
1785234077.027030230 step=1198 stage=after_step_log
1785234077.027034998 step=1198 stage=before_mj_step
1785234077.027104855 step=1198 stage=after_mj_step
1785234077.027168751 step=1199 stage=loop_begin
1785234077.028205395 step=1199 stage=after_set_ctrl
1785234077.028291702 step=1199 stage=after_step_log
1785234077.028295994 step=1199 stage=before_mj_step
1785234077.028358936 step=1199 stage=after_mj_step
1785234077.028420925 step=1200 stage=loop_begin
1785234077.028472900 step=1200 stage=before_camera_render
1785234077.084110737 step=1200 stage=after_camera_render
1785234077.085733652 step=1200 stage=after_set_ctrl
1785234077.085878134 step=1200 stage=after_step_log
1785234077.085881948 step=1200 stage=before_mj_step
1785234077.085986853 step=1200 stage=after_mj_step
1785234077.086072683 step=1201 stage=loop_begin
1785234077.087497473 step=1201 stage=after_set_ctrl
1785234077.087593555 step=1201 stage=after_step_log
1785234077.087597609 step=1201 stage=before_mj_step
1785234077.087673426 step=1201 stage=after_mj_step
1785234077.087743521 step=1202 stage=loop_begin
1785234077.088842869 step=1202 stage=after_set_ctrl
1785234077.088941097 step=1202 stage=after_step_log
1785234077.088945866 step=1202 stage=before_mj_step
1785234077.089029074 step=1202 stage=after_mj_step
1785234077.089096546 step=1203 stage=loop_begin
1785234077.090219975 step=1203 stage=after_set_ctrl
1785234077.090312243 step=1203 stage=after_step_log
1785234077.090316534 step=1203 stage=before_mj_step
1785234077.090396643 step=1203 stage=after_mj_step
1785234077.090461969 step=1204 stage=loop_begin
1785234077.091596603 step=1204 stage=after_set_ctrl
1785234077.091690063 step=1204 stage=after_step_log
1785234077.091694355 step=1204 stage=before_mj_step
1785234077.091768742 step=1204 stage=after_mj_step
1785234077.091837168 step=1205 stage=loop_begin
1785234077.091899872 step=1205 stage=before_camera_render
1785234077.145592690 step=1205 stage=after_camera_render
1785234077.147475004 step=1205 stage=after_set_ctrl
1785234077.147583485 step=1205 stage=after_step_log
1785234077.147587776 step=1205 stage=before_mj_step
1785234077.147694349 step=1205 stage=after_mj_step
1785234077.147778988 step=1206 stage=loop_begin
1785234077.148746729 step=1206 stage=after_set_ctrl
1785234077.148852587 step=1206 stage=after_step_log
1785234077.148857832 step=1206 stage=before_mj_step
1785234077.148936749 step=1206 stage=after_mj_step
1785234077.149014473 step=1207 stage=loop_begin
1785234077.150023222 step=1207 stage=after_set_ctrl
1785234077.150113583 step=1207 stage=after_step_log
1785234077.150118113 step=1207 stage=before_mj_step
1785234077.150189638 step=1207 stage=after_mj_step
1785234077.150254011 step=1208 stage=loop_begin
1785234077.151387215 step=1208 stage=after_set_ctrl
1785234077.151471853 step=1208 stage=after_step_log
1785234077.151476622 step=1208 stage=before_mj_step
1785234077.151542425 step=1208 stage=after_mj_step
1785234077.151607037 step=1209 stage=loop_begin
1785234077.152521610 step=1209 stage=after_set_ctrl
1785234077.152610064 step=1209 stage=after_step_log
1785234077.152614355 step=1209 stage=before_mj_step
1785234077.152676821 step=1209 stage=after_mj_step
1785234077.152738094 step=1210 stage=loop_begin
1785234077.152791977 step=1210 stage=before_camera_render
1785234077.204990149 step=1210 stage=after_camera_render
1785234077.206537962 step=1210 stage=after_set_ctrl
1785234077.206655979 step=1210 stage=after_step_log
1785234077.206660509 step=1210 stage=before_mj_step
1785234077.206763506 step=1210 stage=after_mj_step
1785234077.206861734 step=1211 stage=loop_begin
1785234077.208063126 step=1211 stage=after_set_ctrl
1785234077.208148956 step=1211 stage=after_step_log
1785234077.208153486 step=1211 stage=before_mj_step
1785234077.208217621 step=1211 stage=after_mj_step
1785234077.208283424 step=1212 stage=loop_begin
1785234077.209218740 step=1212 stage=after_set_ctrl
1785234077.209307432 step=1212 stage=after_step_log
1785234077.209311724 step=1212 stage=before_mj_step
1785234077.209376097 step=1212 stage=after_mj_step
1785234077.209440231 step=1213 stage=loop_begin
1785234077.210430145 step=1213 stage=after_set_ctrl
1785234077.210519791 step=1213 stage=after_step_log
1785234077.210525036 step=1213 stage=before_mj_step
1785234077.210595608 step=1213 stage=after_mj_step
1785234077.210660458 step=1214 stage=loop_begin
1785234077.211666584 step=1214 stage=after_set_ctrl
1785234077.211751461 step=1214 stage=after_step_log
1785234077.211755514 step=1214 stage=before_mj_step
1785234077.211825848 step=1214 stage=after_mj_step
1785234077.211890459 step=1215 stage=loop_begin
1785234077.211955309 step=1215 stage=before_camera_render
1785234077.265615702 step=1215 stage=after_camera_render
1785234077.266969681 step=1215 stage=after_set_ctrl
1785234077.267078876 step=1215 stage=after_step_log
1785234077.267083406 step=1215 stage=before_mj_step
1785234077.267192602 step=1215 stage=after_mj_step
1785234077.267272472 step=1216 stage=loop_begin
1785234077.268392801 step=1216 stage=after_set_ctrl
1785234077.268492222 step=1216 stage=after_step_log
1785234077.268497467 step=1216 stage=before_mj_step
1785234077.268576622 step=1216 stage=after_mj_step
1785234077.268642187 step=1217 stage=loop_begin
1785234077.269637585 step=1217 stage=after_set_ctrl
1785234077.269731045 step=1217 stage=after_step_log
1785234077.269735575 step=1217 stage=before_mj_step
1785234077.269811153 step=1217 stage=after_mj_step
1785234077.269881248 step=1218 stage=loop_begin
1785234077.270758629 step=1218 stage=after_set_ctrl
1785234077.270849705 step=1218 stage=after_step_log
1785234077.270856619 step=1218 stage=before_mj_step
1785234077.270927906 step=1218 stage=after_mj_step
1785234077.270993471 step=1219 stage=loop_begin
1785234077.272083998 step=1219 stage=after_set_ctrl
1785234077.272175550 step=1219 stage=after_step_log
1785234077.272180080 step=1219 stage=before_mj_step
1785234077.272246838 step=1219 stage=after_mj_step
1785234077.272309780 step=1220 stage=loop_begin
1785234077.272370577 step=1220 stage=before_camera_render
1785234077.324719191 step=1220 stage=after_camera_render
1785234077.326363087 step=1220 stage=after_set_ctrl
1785234077.326479673 step=1220 stage=after_step_log
1785234077.326484442 step=1220 stage=before_mj_step
1785234077.326588154 step=1220 stage=after_mj_step
1785234077.326681137 step=1221 stage=loop_begin
1785234077.327710629 step=1221 stage=after_set_ctrl
1785234077.327799797 step=1221 stage=after_step_log
1785234077.327804089 step=1221 stage=before_mj_step
1785234077.327874422 step=1221 stage=after_mj_step
1785234077.327940941 step=1222 stage=loop_begin
1785234077.328914165 step=1222 stage=after_set_ctrl
1785234077.329004526 step=1222 stage=after_step_log
1785234077.329009056 step=1222 stage=before_mj_step
1785234077.329081059 step=1222 stage=after_mj_step
1785234077.329146624 step=1223 stage=loop_begin
1785234077.330368042 step=1223 stage=after_set_ctrl
1785234077.330457926 step=1223 stage=after_step_log
1785234077.330462694 step=1223 stage=before_mj_step
1785234077.330532789 step=1223 stage=after_mj_step
1785234077.330602407 step=1224 stage=loop_begin
1785234077.331643105 step=1224 stage=after_set_ctrl
1785234077.331728220 step=1224 stage=after_step_log
1785234077.331732750 step=1224 stage=before_mj_step
1785234077.331795692 step=1224 stage=after_mj_step
1785234077.331862450 step=1225 stage=loop_begin
1785234077.331923485 step=1225 stage=before_camera_render
1785234077.383949280 step=1225 stage=after_camera_render
1785234077.385809660 step=1225 stage=after_set_ctrl
1785234077.385965347 step=1225 stage=after_step_log
1785234077.385969639 step=1225 stage=before_mj_step
1785234077.386085749 step=1225 stage=after_mj_step
1785234077.386169434 step=1226 stage=loop_begin
1785234077.387150288 step=1226 stage=after_set_ctrl
1785234077.387244225 step=1226 stage=after_step_log
1785234077.387248755 step=1226 stage=before_mj_step
1785234077.387325764 step=1226 stage=after_mj_step
1785234077.387392044 step=1227 stage=loop_begin
1785234077.388568878 step=1227 stage=after_set_ctrl
1785234077.388659000 step=1227 stage=after_step_log
1785234077.388663769 step=1227 stage=before_mj_step
1785234077.388739109 step=1227 stage=after_mj_step
1785234077.388802767 step=1228 stage=loop_begin
1785234077.389799356 step=1228 stage=after_set_ctrl
1785234077.389891863 step=1228 stage=after_step_log
1785234077.389896870 step=1228 stage=before_mj_step
1785234077.389966249 step=1228 stage=after_mj_step
1785234077.390029430 step=1229 stage=loop_begin
1785234077.390970469 step=1229 stage=after_set_ctrl
1785234077.391057491 step=1229 stage=after_step_log
1785234077.391061544 step=1229 stage=before_mj_step
1785234077.391128302 step=1229 stage=after_mj_step
1785234077.391189814 step=1230 stage=loop_begin
1785234077.391245604 step=1230 stage=before_camera_render
1785234077.443577290 step=1230 stage=after_camera_render
1785234077.444853783 step=1230 stage=after_set_ctrl
1785234077.444968462 step=1230 stage=after_step_log
1785234077.444972992 step=1230 stage=before_mj_step
1785234077.445086479 step=1230 stage=after_mj_step
1785234077.445188522 step=1231 stage=loop_begin
1785234077.446457148 step=1231 stage=after_set_ctrl
1785234077.446546078 step=1231 stage=after_step_log
1785234077.446550608 step=1231 stage=before_mj_step
1785234077.446620703 step=1231 stage=after_mj_step
1785234077.446687937 step=1232 stage=loop_begin
1785234077.447618961 step=1232 stage=after_set_ctrl
1785234077.447704554 step=1232 stage=after_step_log
1785234077.447708368 step=1232 stage=before_mj_step
1785234077.447773457 step=1232 stage=after_mj_step
1785234077.447841883 step=1233 stage=loop_begin
1785234077.448806286 step=1233 stage=after_set_ctrl
1785234077.448898792 step=1233 stage=after_step_log
1785234077.448904991 step=1233 stage=before_mj_step
1785234077.448965788 step=1233 stage=after_mj_step
1785234077.449027538 step=1234 stage=loop_begin
1785234077.450019598 step=1234 stage=after_set_ctrl
1785234077.450110197 step=1234 stage=after_step_log
1785234077.450114727 step=1234 stage=before_mj_step
1785234077.450186729 step=1234 stage=after_mj_step
1785234077.450250864 step=1235 stage=loop_begin
1785234077.450310469 step=1235 stage=before_camera_render
1785234077.502759933 step=1235 stage=after_camera_render
1785234077.504579544 step=1235 stage=after_set_ctrl
1785234077.504698038 step=1235 stage=after_step_log
1785234077.504707575 step=1235 stage=before_mj_step
1785234077.504826546 step=1235 stage=after_mj_step
1785234077.504934072 step=1236 stage=loop_begin
1785234077.506069183 step=1236 stage=after_set_ctrl
1785234077.506154776 step=1236 stage=after_step_log
1785234077.506158829 step=1236 stage=before_mj_step
1785234077.506223917 step=1236 stage=after_mj_step
1785234077.506294727 step=1237 stage=loop_begin
1785234077.507217169 step=1237 stage=after_set_ctrl
1785234077.507303953 step=1237 stage=after_step_log
1785234077.507308006 step=1237 stage=before_mj_step
1785234077.507374763 step=1237 stage=after_mj_step
1785234077.507438898 step=1238 stage=loop_begin
1785234077.508340120 step=1238 stage=after_set_ctrl
1785234077.508429527 step=1238 stage=after_step_log
1785234077.508434534 step=1238 stage=before_mj_step
1785234077.508496284 step=1238 stage=after_mj_step
1785234077.508560658 step=1239 stage=loop_begin
1785234077.509499311 step=1239 stage=after_set_ctrl
1785234077.509585857 step=1239 stage=after_step_log
1785234077.509591579 step=1239 stage=before_mj_step
1785234077.509659052 step=1239 stage=after_mj_step
1785234077.509724855 step=1240 stage=loop_begin
1785234077.509781837 step=1240 stage=before_camera_render
1785234077.561952353 step=1240 stage=after_camera_render
1785234077.563511848 step=1240 stage=after_set_ctrl
1785234077.563630819 step=1240 stage=after_step_log
1785234077.563634872 step=1240 stage=before_mj_step
1785234077.563752413 step=1240 stage=after_mj_step
1785234077.563856840 step=1241 stage=loop_begin
1785234077.564865589 step=1241 stage=after_set_ctrl
1785234077.564956427 step=1241 stage=after_step_log
1785234077.564960957 step=1241 stage=before_mj_step
1785234077.565026522 step=1241 stage=after_mj_step
1785234077.565090895 step=1242 stage=loop_begin
1785234077.566056013 step=1242 stage=after_set_ctrl
1785234077.566145897 step=1242 stage=after_step_log
1785234077.566150427 step=1242 stage=before_mj_step
1785234077.566222429 step=1242 stage=after_mj_step
1785234077.566288233 step=1243 stage=loop_begin
1785234077.567153215 step=1243 stage=after_set_ctrl
1785234077.567239523 step=1243 stage=after_step_log
1785234077.567244291 step=1243 stage=before_mj_step
1785234077.567316294 step=1243 stage=after_mj_step
1785234077.567381859 step=1244 stage=loop_begin
1785234077.568351507 step=1244 stage=after_set_ctrl
1785234077.568436146 step=1244 stage=after_step_log
1785234077.568446398 step=1244 stage=before_mj_step
1785234077.568508625 step=1244 stage=after_mj_step
1785234077.568569899 step=1245 stage=loop_begin
1785234077.568625450 step=1245 stage=before_camera_render
1785234077.620868206 step=1245 stage=after_camera_render
1785234077.622616768 step=1245 stage=after_set_ctrl
1785234077.622725964 step=1245 stage=after_step_log
1785234077.622730255 step=1245 stage=before_mj_step
1785234077.622842550 step=1245 stage=after_mj_step
1785234077.622925997 step=1246 stage=loop_begin
1785234077.623897552 step=1246 stage=after_set_ctrl
1785234077.623990059 step=1246 stage=after_step_log
1785234077.623994827 step=1246 stage=before_mj_step
1785234077.624071121 step=1246 stage=after_mj_step
1785234077.624140263 step=1247 stage=loop_begin
1785234077.625484705 step=1247 stage=after_set_ctrl
1785234077.625576973 step=1247 stage=after_step_log
1785234077.625581026 step=1247 stage=before_mj_step
1785234077.625651360 step=1247 stage=after_mj_step
1785234077.625715017 step=1248 stage=loop_begin
1785234077.626692057 step=1248 stage=after_set_ctrl
1785234077.626786470 step=1248 stage=after_step_log
1785234077.626791477 step=1248 stage=before_mj_step
1785234077.626875639 step=1248 stage=after_mj_step
1785234077.626944780 step=1249 stage=loop_begin
1785234077.627824783 step=1249 stage=after_set_ctrl
1785234077.627916098 step=1249 stage=after_step_log
1785234077.627920389 step=1249 stage=before_mj_step
1785234077.627989531 step=1249 stage=after_mj_step
1785234077.628053427 step=1250 stage=loop_begin
1785234077.628116846 step=1250 stage=before_camera_render
1785234077.682404041 step=1250 stage=after_camera_render
1785234077.683842421 step=1250 stage=after_set_ctrl
1785234077.683984756 step=1250 stage=after_step_log
1785234077.683988571 step=1250 stage=before_mj_step
1785234077.684095144 step=1250 stage=after_mj_step
1785234077.684182167 step=1251 stage=loop_begin
1785234077.685509682 step=1251 stage=after_set_ctrl
1785234077.685601711 step=1251 stage=after_step_log
1785234077.685606003 step=1251 stage=before_mj_step
1785234077.685677528 step=1251 stage=after_mj_step
1785234077.685745239 step=1252 stage=loop_begin
1785234077.686655283 step=1252 stage=after_set_ctrl
1785234077.686746120 step=1252 stage=after_step_log
1785234077.686750650 step=1252 stage=before_mj_step
1785234077.686826468 step=1252 stage=after_mj_step
1785234077.686892986 step=1253 stage=loop_begin
1785234077.687731028 step=1253 stage=after_set_ctrl
1785234077.687823534 step=1253 stage=after_step_log
1785234077.687830448 step=1253 stage=before_mj_step
1785234077.687908649 step=1253 stage=after_mj_step
1785234077.687974930 step=1254 stage=loop_begin
1785234077.688868523 step=1254 stage=after_set_ctrl
1785234077.688957214 step=1254 stage=after_step_log
1785234077.688961506 step=1254 stage=before_mj_step
1785234077.689030409 step=1254 stage=after_mj_step
1785234077.689092159 step=1255 stage=loop_begin
1785234077.689153433 step=1255 stage=before_camera_render
1785234077.742049932 step=1255 stage=after_camera_render
1785234077.743367910 step=1255 stage=after_set_ctrl
1785234077.743482828 step=1255 stage=after_step_log
1785234077.743487597 step=1255 stage=before_mj_step
1785234077.743593693 step=1255 stage=after_mj_step
1785234077.743686199 step=1256 stage=loop_begin
1785234077.744971752 step=1256 stage=after_set_ctrl
1785234077.745062590 step=1256 stage=after_step_log
1785234077.745067358 step=1256 stage=before_mj_step
1785234077.745137215 step=1256 stage=after_mj_step
1785234077.745200396 step=1257 stage=loop_begin
1785234077.746106625 step=1257 stage=after_set_ctrl
1785234077.746194363 step=1257 stage=after_step_log
1785234077.746198177 step=1257 stage=before_mj_step
1785234077.746260881 step=1257 stage=after_mj_step
1785234077.746323109 step=1258 stage=loop_begin
1785234077.747455835 step=1258 stage=after_set_ctrl
1785234077.747543573 step=1258 stage=after_step_log
1785234077.747548103 step=1258 stage=before_mj_step
1785234077.747611046 step=1258 stage=after_mj_step
1785234077.747676849 step=1259 stage=loop_begin
1785234077.748624325 step=1259 stage=after_set_ctrl
1785234077.748712540 step=1259 stage=after_step_log
1785234077.748717308 step=1259 stage=before_mj_step
1785234077.748789310 step=1259 stage=after_mj_step
1785234077.748858452 step=1260 stage=loop_begin
1785234077.748919964 step=1260 stage=before_camera_render
1785234077.801975727 step=1260 stage=after_camera_render
1785234077.803375721 step=1260 stage=after_set_ctrl
1785234077.803487539 step=1260 stage=after_step_log
1785234077.803491831 step=1260 stage=before_mj_step
1785234077.803599358 step=1260 stage=after_mj_step
1785234077.803684711 step=1261 stage=loop_begin
1785234077.804849148 step=1261 stage=after_set_ctrl
1785234077.804947615 step=1261 stage=after_step_log
1785234077.804952383 step=1261 stage=before_mj_step
1785234077.805037737 step=1261 stage=after_mj_step
1785234077.805109978 step=1262 stage=loop_begin
1785234077.806084156 step=1262 stage=after_set_ctrl
1785234077.806176424 step=1262 stage=after_step_log
1785234077.806180954 step=1262 stage=before_mj_step
1785234077.806255579 step=1262 stage=after_mj_step
1785234077.806323767 step=1263 stage=loop_begin
1785234077.807467699 step=1263 stage=after_set_ctrl
1785234077.807564497 step=1263 stage=after_step_log
1785234077.807569265 step=1263 stage=before_mj_step
1785234077.807648182 step=1263 stage=after_mj_step
1785234077.807714701 step=1264 stage=loop_begin
1785234077.808722734 step=1264 stage=after_set_ctrl
1785234077.808812380 step=1264 stage=after_step_log
1785234077.808816671 step=1264 stage=before_mj_step
1785234077.808899403 step=1264 stage=after_mj_step
1785234077.808963299 step=1265 stage=loop_begin
1785234077.809021711 step=1265 stage=before_camera_render
1785234077.861719847 step=1265 stage=after_camera_render
1785234077.863118887 step=1265 stage=after_set_ctrl
1785234077.863225460 step=1265 stage=after_step_log
1785234077.863230228 step=1265 stage=before_mj_step
1785234077.863339424 step=1265 stage=after_mj_step
1785234077.863418341 step=1266 stage=loop_begin
1785234077.864713669 step=1266 stage=after_set_ctrl
1785234077.864814997 step=1266 stage=after_step_log
1785234077.864837408 step=1266 stage=before_mj_step
1785234077.864925861 step=1266 stage=after_mj_step
1785234077.864997864 step=1267 stage=loop_begin
1785234077.866038799 step=1267 stage=after_set_ctrl
1785234077.866134644 step=1267 stage=after_step_log
1785234077.866139650 step=1267 stage=before_mj_step
1785234077.866216660 step=1267 stage=after_mj_step
1785234077.866284609 step=1268 stage=loop_begin
1785234077.867673635 step=1268 stage=after_set_ctrl
1785234077.867765665 step=1268 stage=after_step_log
1785234077.867771149 step=1268 stage=before_mj_step
1785234077.867852688 step=1268 stage=after_mj_step
1785234077.867922544 step=1269 stage=loop_begin
1785234077.868894815 step=1269 stage=after_set_ctrl
1785234077.868982792 step=1269 stage=after_step_log
1785234077.868987083 step=1269 stage=before_mj_step
1785234077.869056463 step=1269 stage=after_mj_step
1785234077.869119406 step=1270 stage=loop_begin
1785234077.869176388 step=1270 stage=before_camera_render
1785234077.921823740 step=1270 stage=after_camera_render
1785234077.923403263 step=1270 stage=after_set_ctrl
1785234077.923515081 step=1270 stage=after_step_log
1785234077.923519135 step=1270 stage=before_mj_step
1785234077.923623562 step=1270 stage=after_mj_step
1785234077.923711061 step=1271 stage=loop_begin
1785234077.924725056 step=1271 stage=after_set_ctrl
1785234077.924823999 step=1271 stage=after_step_log
1785234077.924829483 step=1271 stage=before_mj_step
1785234077.924901962 step=1271 stage=after_mj_step
1785234077.924970150 step=1272 stage=loop_begin
1785234077.926027775 step=1272 stage=after_set_ctrl
1785234077.926121712 step=1272 stage=after_step_log
1785234077.926125765 step=1272 stage=before_mj_step
1785234077.926197529 step=1272 stage=after_mj_step
1785234077.926263332 step=1273 stage=loop_begin
1785234077.927576780 step=1273 stage=after_set_ctrl
1785234077.927670002 step=1273 stage=after_step_log
1785234077.927674770 step=1273 stage=before_mj_step
1785234077.927752256 step=1273 stage=after_mj_step
1785234077.927832842 step=1274 stage=loop_begin
1785234077.928803682 step=1274 stage=after_set_ctrl
1785234077.928895712 step=1274 stage=after_step_log
1785234077.928902626 step=1274 stage=before_mj_step
1785234077.928975821 step=1274 stage=after_mj_step
1785234077.929043055 step=1275 stage=loop_begin
1785234077.929102659 step=1275 stage=before_camera_render
1785234077.982441187 step=1275 stage=after_camera_render
1785234077.984090090 step=1275 stage=after_set_ctrl
1785234077.984232664 step=1275 stage=after_step_log
1785234077.984236717 step=1275 stage=before_mj_step
1785234077.984345198 step=1275 stage=after_mj_step
1785234077.984429121 step=1276 stage=loop_begin
1785234077.985760450 step=1276 stage=after_set_ctrl
1785234077.985861778 step=1276 stage=after_step_log
1785234077.985867023 step=1276 stage=before_mj_step
1785234077.985943794 step=1276 stage=after_mj_step
1785234077.986013651 step=1277 stage=loop_begin
1785234077.987030268 step=1277 stage=after_set_ctrl
1785234077.987123966 step=1277 stage=after_step_log
1785234077.987128258 step=1277 stage=before_mj_step
1785234077.987209320 step=1277 stage=after_mj_step
1785234077.987277746 step=1278 stage=loop_begin
1785234077.988451958 step=1278 stage=after_set_ctrl
1785234077.988543749 step=1278 stage=after_step_log
1785234077.988548040 step=1278 stage=before_mj_step
1785234077.988620281 step=1278 stage=after_mj_step
1785234077.988685608 step=1279 stage=loop_begin
1785234077.989681959 step=1279 stage=after_set_ctrl
1785234077.989770889 step=1279 stage=after_step_log
1785234077.989775658 step=1279 stage=before_mj_step
1785234077.989850521 step=1279 stage=after_mj_step
1785234077.989914894 step=1280 stage=loop_begin
1785234077.989974022 step=1280 stage=before_camera_render
1785234078.042363405 step=1280 stage=after_camera_render
1785234078.043665648 step=1280 stage=after_set_ctrl
1785234078.043779135 step=1280 stage=after_step_log
1785234078.043783665 step=1280 stage=before_mj_step
1785234078.043906212 step=1280 stage=after_mj_step
1785234078.044003725 step=1281 stage=loop_begin
1785234078.045036316 step=1281 stage=after_set_ctrl
1785234078.045125723 step=1281 stage=after_step_log
1785234078.045130014 step=1281 stage=before_mj_step
1785234078.045201302 step=1281 stage=after_mj_step
1785234078.045268774 step=1282 stage=loop_begin
1785234078.046492815 step=1282 stage=after_set_ctrl
1785234078.046584606 step=1282 stage=after_step_log
1785234078.046589136 step=1282 stage=before_mj_step
1785234078.046662331 step=1282 stage=after_mj_step
1785234078.046726704 step=1283 stage=loop_begin
1785234078.047681332 step=1283 stage=after_set_ctrl
1785234078.047768116 step=1283 stage=after_step_log
1785234078.047771931 step=1283 stage=before_mj_step
1785234078.047845840 step=1283 stage=after_mj_step
1785234078.047911644 step=1284 stage=loop_begin
1785234078.048939228 step=1284 stage=after_set_ctrl
1785234078.049027443 step=1284 stage=after_step_log
1785234078.049031496 step=1284 stage=before_mj_step
1785234078.049095631 step=1284 stage=after_mj_step
1785234078.049157381 step=1285 stage=loop_begin
1785234078.049212694 step=1285 stage=before_camera_render
1785234078.101766348 step=1285 stage=after_camera_render
1785234078.103082657 step=1285 stage=after_set_ctrl
1785234078.103193998 step=1285 stage=after_step_log
1785234078.103199244 step=1285 stage=before_mj_step
1785234078.103307962 step=1285 stage=after_mj_step
1785234078.103390455 step=1286 stage=loop_begin
1785234078.104405642 step=1286 stage=after_set_ctrl
1785234078.104498148 step=1286 stage=after_step_log
1785234078.104502678 step=1286 stage=before_mj_step
1785234078.104575634 step=1286 stage=after_mj_step
1785234078.104644299 step=1287 stage=loop_begin
1785234078.105526924 step=1287 stage=after_set_ctrl
1785234078.105616808 step=1287 stage=after_step_log
1785234078.105621576 step=1287 stage=before_mj_step
1785234078.105699301 step=1287 stage=after_mj_step
1785234078.105764389 step=1288 stage=loop_begin
1785234078.106780529 step=1288 stage=after_set_ctrl
1785234078.106874704 step=1288 stage=after_step_log
1785234078.106885195 step=1288 stage=before_mj_step
1785234078.106960297 step=1288 stage=after_mj_step
1785234078.107026577 step=1289 stage=loop_begin
1785234078.108029842 step=1289 stage=after_set_ctrl
1785234078.108117342 step=1289 stage=after_step_log
1785234078.108121634 step=1289 stage=before_mj_step
1785234078.108188152 step=1289 stage=after_mj_step
1785234078.108250380 step=1290 stage=loop_begin
1785234078.108305454 step=1290 stage=before_camera_render
1785234078.160833359 step=1290 stage=after_camera_render
1785234078.162573576 step=1290 stage=after_set_ctrl
1785234078.162690401 step=1290 stage=after_step_log
1785234078.162694216 step=1290 stage=before_mj_step
1785234078.162809372 step=1290 stage=after_mj_step
1785234078.162914276 step=1291 stage=loop_begin
1785234078.164057970 step=1291 stage=after_set_ctrl
1785234078.164160252 step=1291 stage=after_step_log
1785234078.164165258 step=1291 stage=before_mj_step
1785234078.164242744 step=1291 stage=after_mj_step
1785234078.164313793 step=1292 stage=loop_begin
1785234078.165596724 step=1292 stage=after_set_ctrl
1785234078.165687799 step=1292 stage=after_step_log
1785234078.165691853 step=1292 stage=before_mj_step
1785234078.165756226 step=1292 stage=after_mj_step
1785234078.165826559 step=1293 stage=loop_begin
1785234078.166775465 step=1293 stage=after_set_ctrl
1785234078.166867495 step=1293 stage=after_step_log
1785234078.166873932 step=1293 stage=before_mj_step
1785234078.166936398 step=1293 stage=after_mj_step
1785234078.166997910 step=1294 stage=loop_begin
1785234078.167948723 step=1294 stage=after_set_ctrl
1785234078.168040276 step=1294 stage=after_step_log
1785234078.168044806 step=1294 stage=before_mj_step
1785234078.168116331 step=1294 stage=after_mj_step
1785234078.168180227 step=1295 stage=loop_begin
1785234078.168238163 step=1295 stage=before_camera_render
1785234078.220488787 step=1295 stage=after_camera_render
1785234078.222589970 step=1295 stage=after_set_ctrl
1785234078.222704887 step=1295 stage=after_step_log
1785234078.222709417 step=1295 stage=before_mj_step
1785234078.222824812 step=1295 stage=after_mj_step
1785234078.222916365 step=1296 stage=loop_begin
1785234078.224238396 step=1296 stage=after_set_ctrl
1785234078.224324465 step=1296 stage=after_step_log
1785234078.224328756 step=1296 stage=before_mj_step
1785234078.224396229 step=1296 stage=after_mj_step
1785234078.224462271 step=1297 stage=loop_begin
1785234078.225366831 step=1297 stage=after_set_ctrl
1785234078.225457907 step=1297 stage=after_step_log
1785234078.225462198 step=1297 stage=before_mj_step
1785234078.225523472 step=1297 stage=after_mj_step
1785234078.225585938 step=1298 stage=loop_begin
1785234078.226508141 step=1298 stage=after_set_ctrl
1785234078.226597786 step=1298 stage=after_step_log
1785234078.226602316 step=1298 stage=before_mj_step
1785234078.226675034 step=1298 stage=after_mj_step
1785234078.226739645 step=1299 stage=loop_begin
1785234078.227700472 step=1299 stage=after_set_ctrl
1785234078.227788210 step=1299 stage=after_step_log
1785234078.227792978 step=1299 stage=before_mj_step
1785234078.227870464 step=1299 stage=after_mj_step
1785234078.227936268 step=1300 stage=loop_begin
1785234078.227993965 step=1300 stage=before_camera_render
1785234078.286427975 step=1300 stage=after_camera_render
1785234078.288146734 step=1300 stage=after_set_ctrl
1785234078.288306475 step=1300 stage=after_step_log
1785234078.288310766 step=1300 stage=before_mj_step
1785234078.288434505 step=1300 stage=after_mj_step
1785234078.288534641 step=1301 stage=loop_begin
1785234078.289824247 step=1301 stage=after_set_ctrl
1785234078.289932013 step=1301 stage=after_step_log
1785234078.289936543 step=1301 stage=before_mj_step
1785234078.290020466 step=1301 stage=after_mj_step
1785234078.290096045 step=1302 stage=loop_begin
1785234078.291086674 step=1302 stage=after_set_ctrl
1785234078.291180611 step=1302 stage=after_step_log
1785234078.291184664 step=1302 stage=before_mj_step
1785234078.291254282 step=1302 stage=after_mj_step
1785234078.291320801 step=1303 stage=loop_begin
1785234078.292483807 step=1303 stage=after_set_ctrl
1785234078.292583704 step=1303 stage=after_step_log
1785234078.292588472 step=1303 stage=before_mj_step
1785234078.292670250 step=1303 stage=after_mj_step
1785234078.292737961 step=1304 stage=loop_begin
1785234078.293749571 step=1304 stage=after_set_ctrl
1785234078.293851376 step=1304 stage=after_step_log
1785234078.293857813 step=1304 stage=before_mj_step
1785234078.293938160 step=1304 stage=after_mj_step
1785234078.294006348 step=1305 stage=loop_begin
1785234078.294024467 step=1305 stage=before_camera_render
1785234078.347126961 step=1305 stage=after_camera_render
1785234078.347561359 step=1305 stage=after_set_ctrl
1785234078.347660303 step=1305 stage=after_step_log
1785234078.347664356 step=1305 stage=before_mj_step
1785234078.347774029 step=1305 stage=after_mj_step
1785234078.347870827 step=1306 stage=loop_begin
1785234078.348188639 step=1306 stage=after_set_ctrl
1785234078.348262072 step=1306 stage=after_step_log
1785234078.348265409 step=1306 stage=before_mj_step
1785234078.348328590 step=1306 stage=after_mj_step
1785234078.348379612 step=1307 stage=loop_begin
1785234078.348640919 step=1307 stage=after_set_ctrl
1785234078.348711491 step=1307 stage=after_step_log
1785234078.348715067 step=1307 stage=before_mj_step
1785234078.348768711 step=1307 stage=after_mj_step
1785234078.348814249 step=1308 stage=loop_begin
1785234078.349074602 step=1308 stage=after_set_ctrl
1785234078.349142790 step=1308 stage=after_step_log
1785234078.349146128 step=1308 stage=before_mj_step
1785234078.349197865 step=1308 stage=after_mj_step
1785234078.349242449 step=1309 stage=loop_begin
1785234078.349491119 step=1309 stage=after_set_ctrl
1785234078.349559784 step=1309 stage=after_step_log
1785234078.349563837 step=1309 stage=before_mj_step
1785234078.349622965 step=1309 stage=after_mj_step
1785234078.349669933 step=1310 stage=loop_begin
1785234078.349682570 step=1310 stage=before_camera_render
1785234078.402706623 step=1310 stage=after_camera_render
1785234078.403104067 step=1310 stage=after_set_ctrl
1785234078.403203726 step=1310 stage=after_step_log
1785234078.403208017 step=1310 stage=before_mj_step
1785234078.403327465 step=1310 stage=after_mj_step
1785234078.403400183 step=1311 stage=loop_begin
1785234078.403691053 step=1311 stage=after_set_ctrl
1785234078.403767824 step=1311 stage=after_step_log
1785234078.403771400 step=1311 stage=before_mj_step
1785234078.403850317 step=1311 stage=after_mj_step
1785234078.403909683 step=1312 stage=loop_begin
1785234078.404183388 step=1312 stage=after_set_ctrl
1785234078.404255152 step=1312 stage=after_step_log
1785234078.404258490 step=1312 stage=before_mj_step
1785234078.404321194 step=1312 stage=after_mj_step
1785234078.404371023 step=1313 stage=loop_begin
1785234078.404637337 step=1313 stage=after_set_ctrl
1785234078.404711008 step=1313 stage=after_step_log
1785234078.404714346 step=1313 stage=before_mj_step
1785234078.404768467 step=1313 stage=after_mj_step
1785234078.404816866 step=1314 stage=loop_begin
1785234078.405080557 step=1314 stage=after_set_ctrl
1785234078.405149937 step=1314 stage=after_step_log
1785234078.405153036 step=1314 stage=before_mj_step
1785234078.405205965 step=1314 stage=after_mj_step
1785234078.405253172 step=1315 stage=loop_begin
1785234078.405265570 step=1315 stage=before_camera_render
1785234078.458705425 step=1315 stage=after_camera_render
1785234078.459498167 step=1315 stage=after_set_ctrl
1785234078.459599733 step=1315 stage=after_step_log
1785234078.459604025 step=1315 stage=before_mj_step
1785234078.459719896 step=1315 stage=after_mj_step
1785234078.459794998 step=1316 stage=loop_begin
1785234078.460098743 step=1316 stage=after_set_ctrl
1785234078.460173368 step=1316 stage=after_step_log
1785234078.460176468 step=1316 stage=before_mj_step
1785234078.460242271 step=1316 stage=after_mj_step
1785234078.460292339 step=1317 stage=loop_begin
1785234078.460547924 step=1317 stage=after_set_ctrl
1785234078.460614681 step=1317 stage=after_step_log
1785234078.460617781 step=1317 stage=before_mj_step
1785234078.460671186 step=1317 stage=after_mj_step
1785234078.460726500 step=1318 stage=loop_begin
1785234078.460987568 step=1318 stage=after_set_ctrl
1785234078.461055517 step=1318 stage=after_step_log
1785234078.461058617 step=1318 stage=before_mj_step
1785234078.461113691 step=1318 stage=after_mj_step
1785234078.461158991 step=1319 stage=loop_begin
1785234078.461407900 step=1319 stage=after_set_ctrl
1785234078.461478710 step=1319 stage=after_step_log
1785234078.461482286 step=1319 stage=before_mj_step
1785234078.461542368 step=1319 stage=after_mj_step
1785234078.461593628 step=1320 stage=loop_begin
1785234078.461605549 step=1320 stage=before_camera_render
1785234078.513516903 step=1320 stage=after_camera_render
1785234078.514353037 step=1320 stage=after_set_ctrl
1785234078.514774323 step=1320 stage=after_step_log
1785234078.514785290 step=1320 stage=before_mj_step
1785234078.514923573 step=1320 stage=after_mj_step
1785234078.515037298 step=1321 stage=loop_begin
1785234078.515348434 step=1321 stage=after_set_ctrl
1785234078.515425205 step=1321 stage=after_step_log
1785234078.515429020 step=1321 stage=before_mj_step
1785234078.515494347 step=1321 stage=after_mj_step
1785234078.515546083 step=1322 stage=loop_begin
1785234078.515805006 step=1322 stage=after_set_ctrl
1785234078.515881300 step=1322 stage=after_step_log
1785234078.515887022 step=1322 stage=before_mj_step
1785234078.515944719 step=1322 stage=after_mj_step
1785234078.515992165 step=1323 stage=loop_begin
1785234078.516249895 step=1323 stage=after_set_ctrl
1785234078.516316414 step=1323 stage=after_step_log
1785234078.516319513 step=1323 stage=before_mj_step
1785234078.516373396 step=1323 stage=after_mj_step
1785234078.516417027 step=1324 stage=loop_begin
1785234078.516669273 step=1324 stage=after_set_ctrl
1785234078.516734362 step=1324 stage=after_step_log
1785234078.516737700 step=1324 stage=before_mj_step
1785234078.516788960 step=1324 stage=after_mj_step
1785234078.516837597 step=1325 stage=loop_begin
1785234078.516851664 step=1325 stage=before_camera_render
1785234078.571017504 step=1325 stage=after_camera_render
1785234078.571496964 step=1325 stage=after_set_ctrl
1785234078.571632624 step=1325 stage=after_step_log
1785234078.571635962 step=1325 stage=before_mj_step
1785234078.571741343 step=1325 stage=after_mj_step
1785234078.571802855 step=1326 stage=loop_begin
1785234078.572105646 step=1326 stage=after_set_ctrl
1785234078.572185516 step=1326 stage=after_step_log
1785234078.572189808 step=1326 stage=before_mj_step
1785234078.572257042 step=1326 stage=after_mj_step
1785234078.572308540 step=1327 stage=loop_begin
1785234078.572561741 step=1327 stage=after_set_ctrl
1785234078.572634697 step=1327 stage=after_step_log
1785234078.572638035 step=1327 stage=before_mj_step
1785234078.572699785 step=1327 stage=after_mj_step
1785234078.572745800 step=1328 stage=loop_begin
1785234078.573005676 step=1328 stage=after_set_ctrl
1785234078.573077679 step=1328 stage=after_step_log
1785234078.573081255 step=1328 stage=before_mj_step
1785234078.573151588 step=1328 stage=after_mj_step
1785234078.573206186 step=1329 stage=loop_begin
1785234078.573478222 step=1329 stage=after_set_ctrl
1785234078.573548555 step=1329 stage=after_step_log
1785234078.573551893 step=1329 stage=before_mj_step
1785234078.573605537 step=1329 stage=after_mj_step
1785234078.573650360 step=1330 stage=loop_begin
1785234078.573662758 step=1330 stage=before_camera_render
1785234078.626200676 step=1330 stage=after_camera_render
1785234078.626581430 step=1330 stage=after_set_ctrl
1785234078.626676321 step=1330 stage=after_step_log
1785234078.626680136 step=1330 stage=before_mj_step
1785234078.626802444 step=1330 stage=after_mj_step
1785234078.626882553 step=1331 stage=loop_begin
1785234078.627169609 step=1331 stage=after_set_ctrl
1785234078.627243757 step=1331 stage=after_step_log
1785234078.627247095 step=1331 stage=before_mj_step
1785234078.627313137 step=1331 stage=after_mj_step
1785234078.627362728 step=1332 stage=loop_begin
1785234078.627615690 step=1332 stage=after_set_ctrl
1785234078.627684832 step=1332 stage=after_step_log
1785234078.627687931 step=1332 stage=before_mj_step
1785234078.627754688 step=1332 stage=after_mj_step
1785234078.627799988 step=1333 stage=loop_begin
1785234078.628052711 step=1333 stage=after_set_ctrl
1785234078.628122330 step=1333 stage=after_step_log
1785234078.628125429 step=1333 stage=before_mj_step
1785234078.628185511 step=1333 stage=after_mj_step
1785234078.628233671 step=1334 stage=loop_begin
1785234078.628488779 step=1334 stage=after_set_ctrl
1785234078.628555059 step=1334 stage=after_step_log
1785234078.628558874 step=1334 stage=before_mj_step
1785234078.628612518 step=1334 stage=after_mj_step
1785234078.628656149 step=1335 stage=loop_begin
1785234078.628669500 step=1335 stage=before_camera_render
1785234078.681249380 step=1335 stage=after_camera_render
1785234078.681960344 step=1335 stage=after_set_ctrl
1785234078.682062149 step=1335 stage=after_step_log
1785234078.682066441 step=1335 stage=before_mj_step
1785234078.682189226 step=1335 stage=after_mj_step
1785234078.682277203 step=1336 stage=loop_begin
1785234078.682561398 step=1336 stage=after_set_ctrl
1785234078.682633638 step=1336 stage=after_step_log
1785234078.682637215 step=1336 stage=before_mj_step
1785234078.682695627 step=1336 stage=after_mj_step
1785234078.682744741 step=1337 stage=loop_begin
1785234078.683006763 step=1337 stage=after_set_ctrl
1785234078.683078289 step=1337 stage=after_step_log
1785234078.683081388 step=1337 stage=before_mj_step
1785234078.683135748 step=1337 stage=after_mj_step
1785234078.683182478 step=1338 stage=loop_begin
1785234078.683431149 step=1338 stage=after_set_ctrl
1785234078.683499813 step=1338 stage=after_step_log
1785234078.683503389 step=1338 stage=before_mj_step
1785234078.683553219 step=1338 stage=after_mj_step
1785234078.683597326 step=1339 stage=loop_begin
1785234078.683845043 step=1339 stage=after_set_ctrl
1785234078.683912516 step=1339 stage=after_step_log
1785234078.683916092 step=1339 stage=before_mj_step
1785234078.683969975 step=1339 stage=after_mj_step
1785234078.684016943 step=1340 stage=loop_begin
1785234078.684030056 step=1340 stage=before_camera_render
1785234078.736546040 step=1340 stage=after_camera_render
1785234078.736979246 step=1340 stage=after_set_ctrl
1785234078.737076998 step=1340 stage=after_step_log
1785234078.737080812 step=1340 stage=before_mj_step
1785234078.737187386 step=1340 stage=after_mj_step
1785234078.737265348 step=1341 stage=loop_begin
1785234078.737566948 step=1341 stage=after_set_ctrl
1785234078.737640381 step=1341 stage=after_step_log
1785234078.737643719 step=1341 stage=before_mj_step
1785234078.737709045 step=1341 stage=after_mj_step
1785234078.737759829 step=1342 stage=loop_begin
1785234078.738027811 step=1342 stage=after_set_ctrl
1785234078.738099575 step=1342 stage=after_step_log
1785234078.738102436 step=1342 stage=before_mj_step
1785234078.738160849 step=1342 stage=after_mj_step
1785234078.738206863 step=1343 stage=loop_begin
1785234078.738457680 step=1343 stage=after_set_ctrl
1785234078.738525391 step=1343 stage=after_step_log
1785234078.738529205 step=1343 stage=before_mj_step
1785234078.738587141 step=1343 stage=after_mj_step
1785234078.738633156 step=1344 stage=loop_begin
1785234078.738901138 step=1344 stage=after_set_ctrl
1785234078.738971949 step=1344 stage=after_step_log
1785234078.738975286 step=1344 stage=before_mj_step
1785234078.739030361 step=1344 stage=after_mj_step
1785234078.739075184 step=1345 stage=loop_begin
1785234078.739086866 step=1345 stage=before_camera_render
1785234078.791860580 step=1345 stage=after_camera_render
1785234078.793370008 step=1345 stage=after_set_ctrl
1785234078.793480396 step=1345 stage=after_step_log
1785234078.793484688 step=1345 stage=before_mj_step
1785234078.793595076 step=1345 stage=after_mj_step
1785234078.793679953 step=1346 stage=loop_begin
1785234078.794615507 step=1346 stage=after_set_ctrl
1785234078.794708490 step=1346 stage=after_step_log
1785234078.794713020 step=1346 stage=before_mj_step
1785234078.794790030 step=1346 stage=after_mj_step
1785234078.794861317 step=1347 stage=loop_begin
1785234078.795742512 step=1347 stage=after_set_ctrl
1785234078.795846462 step=1347 stage=after_step_log
1785234078.795853138 step=1347 stage=before_mj_step
1785234078.795928478 step=1347 stage=after_mj_step
1785234078.795992136 step=1348 stage=loop_begin
1785234078.796914577 step=1348 stage=after_set_ctrl
1785234078.797002077 step=1348 stage=after_step_log
1785234078.797006607 step=1348 stage=before_mj_step
1785234078.797076225 step=1348 stage=after_mj_step
1785234078.797137737 step=1349 stage=loop_begin
1785234078.798280001 step=1349 stage=after_set_ctrl
1785234078.798372030 step=1349 stage=after_step_log
1785234078.798376799 step=1349 stage=before_mj_step
1785234078.798452377 step=1349 stage=after_mj_step
1785234078.798516989 step=1350 stage=loop_begin
1785234078.798533201 step=1350 stage=before_camera_render
1785234078.853896141 step=1350 stage=after_camera_render
1785234078.855835676 step=1350 stage=after_set_ctrl
1785234078.855969429 step=1350 stage=after_step_log
1785234078.855973482 step=1350 stage=before_mj_step
1785234078.856086969 step=1350 stage=after_mj_step
1785234078.856162786 step=1351 stage=loop_begin
1785234078.857233047 step=1351 stage=after_set_ctrl
1785234078.857327700 step=1351 stage=after_step_log
1785234078.857332230 step=1351 stage=before_mj_step
1785234078.857411146 step=1351 stage=after_mj_step
1785234078.857476950 step=1352 stage=loop_begin
1785234078.858540297 step=1352 stage=after_set_ctrl
1785234078.858628750 step=1352 stage=after_step_log
1785234078.858633280 step=1352 stage=before_mj_step
1785234078.858705997 step=1352 stage=after_mj_step
1785234078.858770132 step=1353 stage=loop_begin
1785234078.859719753 step=1353 stage=after_set_ctrl
1785234078.859808207 step=1353 stage=after_step_log
1785234078.859812975 step=1353 stage=before_mj_step
1785234078.859884739 step=1353 stage=after_mj_step
1785234078.859948397 step=1354 stage=loop_begin
1785234078.860900879 step=1354 stage=after_set_ctrl
1785234078.860994816 step=1354 stage=after_step_log
1785234078.860998869 step=1354 stage=before_mj_step
1785234078.861071110 step=1354 stage=after_mj_step
1785234078.861135244 step=1355 stage=loop_begin
1785234078.861152411 step=1355 stage=before_camera_render
1785234078.914150476 step=1355 stage=after_camera_render
1785234078.915520906 step=1355 stage=after_set_ctrl
1785234078.915630102 step=1355 stage=after_step_log
1785234078.915634394 step=1355 stage=before_mj_step
1785234078.915737867 step=1355 stage=after_mj_step
1785234078.915825367 step=1356 stage=loop_begin
1785234078.916882038 step=1356 stage=after_set_ctrl
1785234078.916979551 step=1356 stage=after_step_log
1785234078.916984081 step=1356 stage=before_mj_step
1785234078.917063951 step=1356 stage=after_mj_step
1785234078.917134762 step=1357 stage=loop_begin
1785234078.918146372 step=1357 stage=after_set_ctrl
1785234078.918237448 step=1357 stage=after_step_log
1785234078.918241501 step=1357 stage=before_mj_step
1785234078.918315172 step=1357 stage=after_mj_step
1785234078.918383837 step=1358 stage=loop_begin
1785234078.919396639 step=1358 stage=after_set_ctrl
1785234078.919487000 step=1358 stage=after_step_log
1785234078.919490814 step=1358 stage=before_mj_step
1785234078.919568300 step=1358 stage=after_mj_step
1785234078.919634581 step=1359 stage=loop_begin
1785234078.920602083 step=1359 stage=after_set_ctrl
1785234078.920689106 step=1359 stage=after_step_log
1785234078.920694351 step=1359 stage=before_mj_step
1785234078.920767546 step=1359 stage=after_mj_step
1785234078.920840263 step=1360 stage=loop_begin
1785234078.920859337 step=1360 stage=before_camera_render
1785234078.974323750 step=1360 stage=after_camera_render
1785234078.975915432 step=1360 stage=after_set_ctrl
1785234078.976030827 step=1360 stage=after_step_log
1785234078.976035357 step=1360 stage=before_mj_step
1785234078.976134062 step=1360 stage=after_mj_step
1785234078.976226568 step=1361 stage=loop_begin
1785234078.977248907 step=1361 stage=after_set_ctrl
1785234078.977335215 step=1361 stage=after_step_log
1785234078.977339506 step=1361 stage=before_mj_step
1785234078.977404594 step=1361 stage=after_mj_step
1785234078.977466822 step=1362 stage=loop_begin
1785234078.978670359 step=1362 stage=after_set_ctrl
1785234078.978757620 step=1362 stage=after_step_log
1785234078.978761911 step=1362 stage=before_mj_step
1785234078.978839874 step=1362 stage=after_mj_step
1785234078.978906631 step=1363 stage=loop_begin
1785234078.979831457 step=1363 stage=after_set_ctrl
1785234078.979915380 step=1363 stage=after_step_log
1785234078.979919672 step=1363 stage=before_mj_step
1785234078.979988337 step=1363 stage=after_mj_step
1785234078.980052471 step=1364 stage=loop_begin
1785234078.981007099 step=1364 stage=after_set_ctrl
1785234078.981095076 step=1364 stage=after_step_log
1785234078.981098890 step=1364 stage=before_mj_step
1785234078.981164694 step=1364 stage=after_mj_step
1785234078.981228828 step=1365 stage=loop_begin
1785234078.981245518 step=1365 stage=before_camera_render
1785234079.034702778 step=1365 stage=after_camera_render
1785234079.035978794 step=1365 stage=after_set_ctrl
1785234079.036087990 step=1365 stage=after_step_log
1785234079.036092520 step=1365 stage=before_mj_step
1785234079.036205292 step=1365 stage=after_mj_step
1785234079.036287069 step=1366 stage=loop_begin
1785234079.037521839 step=1366 stage=after_set_ctrl
1785234079.037619352 step=1366 stage=after_step_log
1785234079.037624121 step=1366 stage=before_mj_step
1785234079.037701368 step=1366 stage=after_mj_step
1785234079.037769556 step=1367 stage=loop_begin
1785234079.038666248 step=1367 stage=after_set_ctrl
1785234079.038757086 step=1367 stage=after_step_log
1785234079.038762331 step=1367 stage=before_mj_step
1785234079.038843393 step=1367 stage=after_mj_step
1785234079.038911581 step=1368 stage=loop_begin
1785234079.039804220 step=1368 stage=after_set_ctrl
1785234079.039894104 step=1368 stage=after_step_log
1785234079.039900780 step=1368 stage=before_mj_step
1785234079.039968252 step=1368 stage=after_mj_step
1785234079.040031672 step=1369 stage=loop_begin
1785234079.040940285 step=1369 stage=after_set_ctrl
1785234079.041033268 step=1369 stage=after_step_log
1785234079.041037798 step=1369 stage=before_mj_step
1785234079.041109085 step=1369 stage=after_mj_step
1785234079.041172743 step=1370 stage=loop_begin
1785234079.041189432 step=1370 stage=before_camera_render
1785234079.094778061 step=1370 stage=after_camera_render
1785234079.096205711 step=1370 stage=after_set_ctrl
1785234079.096317530 step=1370 stage=after_step_log
1785234079.096323013 step=1370 stage=before_mj_step
1785234079.096457481 step=1370 stage=after_mj_step
1785234079.096559763 step=1371 stage=loop_begin
1785234079.097824812 step=1371 stage=after_set_ctrl
1785234079.097931147 step=1371 stage=after_step_log
1785234079.097936392 step=1371 stage=before_mj_step
1785234079.098030329 step=1371 stage=after_mj_step
1785234079.098108053 step=1372 stage=loop_begin
1785234079.099165916 step=1372 stage=after_set_ctrl
1785234079.099259615 step=1372 stage=after_step_log
1785234079.099264145 step=1372 stage=before_mj_step
1785234079.099341631 step=1372 stage=after_mj_step
1785234079.099407911 step=1373 stage=loop_begin
1785234079.100510120 step=1373 stage=after_set_ctrl
1785234079.100597620 step=1373 stage=after_step_log
1785234079.100602150 step=1373 stage=before_mj_step
1785234079.100675344 step=1373 stage=after_mj_step
1785234079.100740433 step=1374 stage=loop_begin
1785234079.101636648 step=1374 stage=after_set_ctrl
1785234079.101724148 step=1374 stage=after_step_log
1785234079.101728439 step=1374 stage=before_mj_step
1785234079.101794481 step=1374 stage=after_mj_step
1785234079.101861477 step=1375 stage=loop_begin
1785234079.101880312 step=1375 stage=before_camera_render
1785234079.155997992 step=1375 stage=after_camera_render
1785234079.157764912 step=1375 stage=after_set_ctrl
1785234079.157919168 step=1375 stage=after_step_log
1785234079.157923222 step=1375 stage=before_mj_step
1785234079.158045530 step=1375 stage=after_mj_step
1785234079.158128500 step=1376 stage=loop_begin
1785234079.159234047 step=1376 stage=after_set_ctrl
1785234079.159326792 step=1376 stage=after_step_log
1785234079.159331322 step=1376 stage=before_mj_step
1785234079.159406185 step=1376 stage=after_mj_step
1785234079.159480333 step=1377 stage=loop_begin
1785234079.160340786 step=1377 stage=after_set_ctrl
1785234079.160521507 step=1377 stage=after_step_log
1785234079.160526514 step=1377 stage=before_mj_step
1785234079.160614252 step=1377 stage=after_mj_step
1785234079.160687447 step=1378 stage=loop_begin
1785234079.161849022 step=1378 stage=after_set_ctrl
1785234079.161968231 step=1378 stage=after_step_log
1785234079.161973715 step=1378 stage=before_mj_step
1785234079.162072659 step=1378 stage=after_mj_step
1785234079.162140369 step=1379 stage=loop_begin
1785234079.163308144 step=1379 stage=after_set_ctrl
1785234079.163400173 step=1379 stage=after_step_log
1785234079.163404226 step=1379 stage=before_mj_step
1785234079.163478374 step=1379 stage=after_mj_step
1785234079.163544178 step=1380 stage=loop_begin
1785234079.163562298 step=1380 stage=before_camera_render
1785234079.218100786 step=1380 stage=after_camera_render
1785234079.219682932 step=1380 stage=after_set_ctrl
1785234079.219794989 step=1380 stage=after_step_log
1785234079.219799042 step=1380 stage=before_mj_step
1785234079.219909668 step=1380 stage=after_mj_step
1785234079.220000744 step=1381 stage=loop_begin
1785234079.221299410 step=1381 stage=after_set_ctrl
1785234079.221391678 step=1381 stage=after_step_log
1785234079.221395969 step=1381 stage=before_mj_step
1785234079.221471071 step=1381 stage=after_mj_step
1785234079.221539497 step=1382 stage=loop_begin
1785234079.222652435 step=1382 stage=after_set_ctrl
1785234079.222759008 step=1382 stage=after_step_log
1785234079.222764015 step=1382 stage=before_mj_step
1785234079.222861290 step=1382 stage=after_mj_step
1785234079.222941399 step=1383 stage=loop_begin
1785234079.223877430 step=1383 stage=after_set_ctrl
1785234079.223962069 step=1383 stage=after_step_log
1785234079.223966360 step=1383 stage=before_mj_step
1785234079.224032402 step=1383 stage=after_mj_step
1785234079.224101067 step=1384 stage=loop_begin
1785234079.224969387 step=1384 stage=after_set_ctrl
1785234079.225054979 step=1384 stage=after_step_log
1785234079.225059271 step=1384 stage=before_mj_step
1785234079.225128889 step=1384 stage=after_mj_step
1785234079.225193024 step=1385 stage=loop_begin
1785234079.225209236 step=1385 stage=before_camera_render
1785234079.279661894 step=1385 stage=after_camera_render
