1785232403.041977882 step=0 stage=loop_begin
1785232403.048501730 step=0 stage=before_camera_render
1785232403.133994818 step=0 stage=after_camera_render
1785232403.148885489 step=0 stage=after_set_ctrl
1785232403.152214527 step=0 stage=after_step_log
1785232403.154016972 step=0 stage=before_mj_step
1785232403.156150103 step=0 stage=after_mj_step
1785232403.158132076 step=1 stage=loop_begin
1785232403.178362846 step=1 stage=after_set_ctrl
1785232403.181282282 step=1 stage=after_step_log
1785232403.183004141 step=1 stage=before_mj_step
1785232403.188062668 step=1 stage=after_mj_step
1785232403.190148354 step=2 stage=loop_begin
1785232403.193798542 step=2 stage=after_set_ctrl
1785232403.196240902 step=2 stage=after_step_log
1785232403.198055744 step=2 stage=before_mj_step
1785232403.200208187 step=2 stage=after_mj_step
1785232403.202171087 step=3 stage=loop_begin
1785232403.203346014 step=3 stage=after_set_ctrl
1785232403.203439713 step=3 stage=after_step_log
1785232403.203444719 step=3 stage=before_mj_step
1785232403.203508854 step=3 stage=after_mj_step
1785232403.203582287 step=4 stage=loop_begin
1785232403.204818487 step=4 stage=after_set_ctrl
1785232403.204910040 step=4 stage=after_step_log
1785232403.204915524 step=4 stage=before_mj_step
1785232403.204988003 step=4 stage=after_mj_step
1785232403.205059290 step=5 stage=loop_begin
1785232403.205111980 step=5 stage=before_camera_render
1785232403.257551908 step=5 stage=after_camera_render
1785232403.258858204 step=5 stage=after_set_ctrl
1785232403.258963823 step=5 stage=after_step_log
1785232403.258968830 step=5 stage=before_mj_step
1785232403.259068966 step=5 stage=after_mj_step
1785232403.259159088 step=6 stage=loop_begin
1785232403.260358334 step=6 stage=after_set_ctrl
1785232403.260452509 step=6 stage=after_step_log
1785232403.260457277 step=6 stage=before_mj_step
1785232403.260528326 step=6 stage=after_mj_step
1785232403.260597467 step=7 stage=loop_begin
1785232403.261537075 step=7 stage=after_set_ctrl
1785232403.261622429 step=7 stage=after_step_log
1785232403.261627436 step=7 stage=before_mj_step
1785232403.261696100 step=7 stage=after_mj_step
1785232403.261763811 step=8 stage=loop_begin
1785232403.262665749 step=8 stage=after_set_ctrl
1785232403.262748957 step=8 stage=after_step_log
1785232403.262753010 step=8 stage=before_mj_step
1785232403.262811661 step=8 stage=after_mj_step
1785232403.262875319 step=9 stage=loop_begin
1785232403.263715744 step=9 stage=after_set_ctrl
1785232403.263803720 step=9 stage=after_step_log
1785232403.263810158 step=9 stage=before_mj_step
1785232403.263877630 step=9 stage=after_mj_step
1785232403.263942957 step=10 stage=loop_begin
1785232403.263992071 step=10 stage=before_camera_render
1785232403.321854353 step=10 stage=after_camera_render
1785232403.323436260 step=10 stage=after_set_ctrl
1785232403.323571205 step=10 stage=after_step_log
1785232403.323578596 step=10 stage=before_mj_step
1785232403.323709726 step=10 stage=after_mj_step
1785232403.323816299 step=11 stage=loop_begin
1785232403.325150728 step=11 stage=after_set_ctrl
1785232403.325254679 step=11 stage=after_step_log
1785232403.325260639 step=11 stage=before_mj_step
1785232403.325337887 step=11 stage=after_mj_step
1785232403.325419188 step=12 stage=loop_begin
1785232403.326556921 step=12 stage=after_set_ctrl
1785232403.326666594 step=12 stage=after_step_log
1785232403.326672792 step=12 stage=before_mj_step
1785232403.326744795 step=12 stage=after_mj_step
1785232403.326819181 step=13 stage=loop_begin
1785232403.327929974 step=13 stage=after_set_ctrl
1785232403.328035355 step=13 stage=after_step_log
1785232403.328041077 step=13 stage=before_mj_step
1785232403.328119278 step=13 stage=after_mj_step
1785232403.328194857 step=14 stage=loop_begin
1785232403.329283953 step=14 stage=after_set_ctrl
1785232403.329383850 step=14 stage=after_step_log
1785232403.329389572 step=14 stage=before_mj_step
1785232403.329463482 step=14 stage=after_mj_step
1785232403.329537630 step=15 stage=loop_begin
1785232403.329590321 step=15 stage=before_camera_render
1785232403.386487722 step=15 stage=after_camera_render
1785232403.388154030 step=15 stage=after_set_ctrl
1785232403.388313293 step=15 stage=after_step_log
1785232403.388322592 step=15 stage=before_mj_step
1785232403.388464928 step=15 stage=after_mj_step
1785232403.388588190 step=16 stage=loop_begin
1785232403.390190840 step=16 stage=after_set_ctrl
1785232403.390317917 step=16 stage=after_step_log
1785232403.390327215 step=16 stage=before_mj_step
1785232403.390427351 step=16 stage=after_mj_step
1785232403.390523434 step=17 stage=loop_begin
1785232403.392501593 step=17 stage=after_set_ctrl
1785232403.392635107 step=17 stage=after_step_log
1785232403.392654657 step=17 stage=before_mj_step
1785232403.392769098 step=17 stage=after_mj_step
1785232403.392874241 step=18 stage=loop_begin
1785232403.394390345 step=18 stage=after_set_ctrl
1785232403.394512653 step=18 stage=after_step_log
1785232403.394522190 step=18 stage=before_mj_step
1785232403.394617796 step=18 stage=after_mj_step
1785232403.394717693 step=19 stage=loop_begin
1785232403.396314859 step=19 stage=after_set_ctrl
1785232403.396434784 step=19 stage=after_step_log
1785232403.396444082 step=19 stage=before_mj_step
1785232403.396537304 step=19 stage=after_mj_step
1785232403.396631241 step=20 stage=loop_begin
1785232403.396723032 step=20 stage=before_camera_render
1785232403.453293562 step=20 stage=after_camera_render
1785232403.454682827 step=20 stage=after_set_ctrl
1785232403.454806566 step=20 stage=after_step_log
1785232403.454810858 step=20 stage=before_mj_step
1785232403.454926014 step=20 stage=after_mj_step
1785232403.455040455 step=21 stage=loop_begin
1785232403.456522226 step=21 stage=after_set_ctrl
1785232403.456620693 step=21 stage=after_step_log
1785232403.456624985 step=21 stage=before_mj_step
1785232403.456715584 step=21 stage=after_mj_step
1785232403.456796646 step=22 stage=loop_begin
1785232403.457657814 step=22 stage=after_set_ctrl
1785232403.457743168 step=22 stage=after_step_log
1785232403.457747221 step=22 stage=before_mj_step
1785232403.457811356 step=22 stage=after_mj_step
1785232403.457878590 step=23 stage=loop_begin
1785232403.458707809 step=23 stage=after_set_ctrl
1785232403.458792925 step=23 stage=after_step_log
1785232403.458797216 step=23 stage=before_mj_step
1785232403.458864927 step=23 stage=after_mj_step
1785232403.458931684 step=24 stage=loop_begin
1785232403.459848404 step=24 stage=after_set_ctrl
1785232403.459933519 step=24 stage=after_step_log
1785232403.459937572 step=24 stage=before_mj_step
1785232403.460005522 step=24 stage=after_mj_step
1785232403.460073471 step=25 stage=loop_begin
1785232403.460121632 step=25 stage=before_camera_render
1785232403.513218641 step=25 stage=after_camera_render
1785232403.514767170 step=25 stage=after_set_ctrl
1785232403.514938116 step=25 stage=after_step_log
1785232403.514942169 step=25 stage=before_mj_step
1785232403.515043020 step=25 stage=after_mj_step
1785232403.515127182 step=26 stage=loop_begin
1785232403.516104937 step=26 stage=after_set_ctrl
1785232403.516193390 step=26 stage=after_step_log
1785232403.516197920 step=26 stage=before_mj_step
1785232403.516265392 step=26 stage=after_mj_step
1785232403.516330957 step=27 stage=loop_begin
1785232403.517234802 step=27 stage=after_set_ctrl
1785232403.517318487 step=27 stage=after_step_log
1785232403.517322779 step=27 stage=before_mj_step
1785232403.517386675 step=27 stage=after_mj_step
1785232403.517450333 step=28 stage=loop_begin
1785232403.518352747 step=28 stage=after_set_ctrl
1785232403.518434286 step=28 stage=after_step_log
1785232403.518438339 step=28 stage=before_mj_step
1785232403.518496752 step=28 stage=after_mj_step
1785232403.518559217 step=29 stage=loop_begin
1785232403.519426823 step=29 stage=after_set_ctrl
1785232403.519511461 step=29 stage=after_step_log
1785232403.519516468 step=29 stage=before_mj_step
1785232403.519582033 step=29 stage=after_mj_step
1785232403.519652367 step=30 stage=loop_begin
1785232403.519704819 step=30 stage=before_camera_render
1785232403.572980881 step=30 stage=after_camera_render
1785232403.574541569 step=30 stage=after_set_ctrl
1785232403.574657679 step=30 stage=after_step_log
1785232403.574667454 step=30 stage=before_mj_step
1785232403.574765682 step=30 stage=after_mj_step
1785232403.574857473 step=31 stage=loop_begin
1785232403.575849295 step=31 stage=after_set_ctrl
1785232403.575950623 step=31 stage=after_step_log
1785232403.575955153 step=31 stage=before_mj_step
1785232403.576028109 step=31 stage=after_mj_step
1785232403.576097727 step=32 stage=loop_begin
1785232403.577026129 step=32 stage=after_set_ctrl
1785232403.577114344 step=32 stage=after_step_log
1785232403.577118874 step=32 stage=before_mj_step
1785232403.577196360 step=32 stage=after_mj_step
1785232403.577265501 step=33 stage=loop_begin
1785232403.578449488 step=33 stage=after_set_ctrl
1785232403.578538895 step=33 stage=after_step_log
1785232403.578543663 step=33 stage=before_mj_step
1785232403.578616619 step=33 stage=after_mj_step
1785232403.578691006 step=34 stage=loop_begin
1785232403.579617977 step=34 stage=after_set_ctrl
1785232403.579708338 step=34 stage=after_step_log
1785232403.579715252 step=34 stage=before_mj_step
1785232403.579785109 step=34 stage=after_mj_step
1785232403.579853296 step=35 stage=loop_begin
1785232403.579901695 step=35 stage=before_camera_render
1785232403.632640362 step=35 stage=after_camera_render
1785232403.634404421 step=35 stage=after_set_ctrl
1785232403.634515762 step=35 stage=after_step_log
1785232403.634520054 step=35 stage=before_mj_step
1785232403.634619713 step=35 stage=after_mj_step
1785232403.634710073 step=36 stage=loop_begin
1785232403.635710716 step=36 stage=after_set_ctrl
1785232403.635799408 step=36 stage=after_step_log
1785232403.635803223 step=36 stage=before_mj_step
1785232403.635872841 step=36 stage=after_mj_step
1785232403.635943174 step=37 stage=loop_begin
1785232403.636883259 step=37 stage=after_set_ctrl
1785232403.636969805 step=37 stage=after_step_log
1785232403.636974812 step=37 stage=before_mj_step
1785232403.637045622 step=37 stage=after_mj_step
1785232403.637111187 step=38 stage=loop_begin
1785232403.638127565 step=38 stage=after_set_ctrl
1785232403.638215542 step=38 stage=after_step_log
1785232403.638220310 step=38 stage=before_mj_step
1785232403.638284445 step=38 stage=after_mj_step
1785232403.638349771 step=39 stage=loop_begin
1785232403.639292717 step=39 stage=after_set_ctrl
1785232403.639374256 step=39 stage=after_step_log
1785232403.639378071 step=39 stage=before_mj_step
1785232403.639436960 step=39 stage=after_mj_step
1785232403.639499426 step=40 stage=loop_begin
1785232403.639545441 step=40 stage=before_camera_render
1785232403.693772554 step=40 stage=after_camera_render
1785232403.695460320 step=40 stage=after_set_ctrl
1785232403.695573092 step=40 stage=after_step_log
1785232403.695577383 step=40 stage=before_mj_step
1785232403.695684910 step=40 stage=after_mj_step
1785232403.695780516 step=41 stage=loop_begin
1785232403.696912050 step=41 stage=after_set_ctrl
1785232403.696995020 step=41 stage=after_step_log
1785232403.696999073 step=41 stage=before_mj_step
1785232403.697060108 step=41 stage=after_mj_step
1785232403.697124004 step=42 stage=loop_begin
1785232403.698146343 step=42 stage=after_set_ctrl
1785232403.698233366 step=42 stage=after_step_log
1785232403.698238134 step=42 stage=before_mj_step
1785232403.698296309 step=42 stage=after_mj_step
1785232403.698359728 step=43 stage=loop_begin
1785232403.699239492 step=43 stage=after_set_ctrl
1785232403.699326038 step=43 stage=after_step_log
1785232403.699330807 step=43 stage=before_mj_step
1785232403.699396849 step=43 stage=after_mj_step
1785232403.699461460 step=44 stage=loop_begin
1785232403.700294495 step=44 stage=after_set_ctrl
1785232403.700376034 step=44 stage=after_step_log
1785232403.700380087 step=44 stage=before_mj_step
1785232403.700440407 step=44 stage=after_mj_step
1785232403.700502634 step=45 stage=loop_begin
1785232403.700549364 step=45 stage=before_camera_render
1785232403.756383657 step=45 stage=after_camera_render
1785232403.757573128 step=45 stage=after_set_ctrl
1785232403.757688522 step=45 stage=after_step_log
1785232403.757694006 step=45 stage=before_mj_step
1785232403.757803917 step=45 stage=after_mj_step
1785232403.757898569 step=46 stage=loop_begin
1785232403.758876324 step=46 stage=after_set_ctrl
1785232403.758968115 step=46 stage=after_step_log
1785232403.758972406 step=46 stage=before_mj_step
1785232403.759045362 step=46 stage=after_mj_step
1785232403.759113073 step=47 stage=loop_begin
1785232403.760167837 step=47 stage=after_set_ctrl
1785232403.760266542 step=47 stage=after_step_log
1785232403.760270834 step=47 stage=before_mj_step
1785232403.760356665 step=47 stage=after_mj_step
1785232403.760430813 step=48 stage=loop_begin
1785232403.761302471 step=48 stage=after_set_ctrl
1785232403.761385202 step=48 stage=after_step_log
1785232403.761389256 step=48 stage=before_mj_step
1785232403.761451960 step=48 stage=after_mj_step
1785232403.761515617 step=49 stage=loop_begin
1785232403.762396336 step=49 stage=after_set_ctrl
1785232403.762482166 step=49 stage=after_step_log
1785232403.762486219 step=49 stage=before_mj_step
1785232403.762548447 step=49 stage=after_mj_step
1785232403.762613535 step=50 stage=loop_begin
1785232403.762666225 step=50 stage=before_camera_render
1785232403.817588806 step=50 stage=after_camera_render
1785232403.819169044 step=50 stage=after_set_ctrl
1785232403.819307566 step=50 stage=after_step_log
1785232403.819311380 step=50 stage=before_mj_step
1785232403.819410324 step=50 stage=after_mj_step
1785232403.819491148 step=51 stage=loop_begin
1785232403.820574284 step=51 stage=after_set_ctrl
1785232403.820669889 step=51 stage=after_step_log
1785232403.820675135 step=51 stage=before_mj_step
1785232403.820745468 step=51 stage=after_mj_step
1785232403.820812464 step=52 stage=loop_begin
1785232403.821678400 step=52 stage=after_set_ctrl
1785232403.821767569 step=52 stage=after_step_log
1785232403.821772099 step=52 stage=before_mj_step
1785232403.821834564 step=52 stage=after_mj_step
1785232403.821900368 step=53 stage=loop_begin
1785232403.822909355 step=53 stage=after_set_ctrl
1785232403.823000669 step=53 stage=after_step_log
1785232403.823004961 step=53 stage=before_mj_step
1785232403.823079109 step=53 stage=after_mj_step
1785232403.823152065 step=54 stage=loop_begin
1785232403.824222565 step=54 stage=after_set_ctrl
1785232403.824308395 step=54 stage=after_step_log
1785232403.824312925 step=54 stage=before_mj_step
1785232403.824379683 step=54 stage=after_mj_step
1785232403.824445248 step=55 stage=loop_begin
1785232403.824494600 step=55 stage=before_camera_render
1785232403.876828194 step=55 stage=after_camera_render
1785232403.878555298 step=55 stage=after_set_ctrl
1785232403.878669024 step=55 stage=after_step_log
1785232403.878674507 step=55 stage=before_mj_step
1785232403.878772259 step=55 stage=after_mj_step
1785232403.878857374 step=56 stage=loop_begin
1785232403.879911423 step=56 stage=after_set_ctrl
1785232403.880001307 step=56 stage=after_step_log
1785232403.880006075 step=56 stage=before_mj_step
1785232403.880078554 step=56 stage=after_mj_step
1785232403.880149603 step=57 stage=loop_begin
1785232403.881316423 step=57 stage=after_set_ctrl
1785232403.881404161 step=57 stage=after_step_log
1785232403.881408930 step=57 stage=before_mj_step
1785232403.881477833 step=57 stage=after_mj_step
1785232403.881546259 step=58 stage=loop_begin
1785232403.882473230 step=58 stage=after_set_ctrl
1785232403.882556915 step=58 stage=after_step_log
1785232403.882560968 step=58 stage=before_mj_step
1785232403.882623196 step=58 stage=after_mj_step
1785232403.882691622 step=59 stage=loop_begin
1785232403.883517027 step=59 stage=after_set_ctrl
1785232403.883603573 step=59 stage=after_step_log
1785232403.883607864 step=59 stage=before_mj_step
1785232403.883684158 step=59 stage=after_mj_step
1785232403.883753061 step=60 stage=loop_begin
1785232403.883802652 step=60 stage=before_camera_render
1785232403.936505795 step=60 stage=after_camera_render
1785232403.938048840 step=60 stage=after_set_ctrl
1785232403.938158274 step=60 stage=after_step_log
1785232403.938163280 step=60 stage=before_mj_step
1785232403.938261747 step=60 stage=after_mj_step
1785232403.938348293 step=61 stage=loop_begin
1785232403.939716339 step=61 stage=after_set_ctrl
1785232403.939820528 step=61 stage=after_step_log
1785232403.939825058 step=61 stage=before_mj_step
1785232403.939905882 step=61 stage=after_mj_step
1785232403.939983606 step=62 stage=loop_begin
1785232403.941232681 step=62 stage=after_set_ctrl
1785232403.941326618 step=62 stage=after_step_log
1785232403.941330910 step=62 stage=before_mj_step
1785232403.941404104 step=62 stage=after_mj_step
1785232403.941475630 step=63 stage=loop_begin
1785232403.942405462 step=63 stage=after_set_ctrl
1785232403.942493200 step=63 stage=after_step_log
1785232403.942497253 step=63 stage=before_mj_step
1785232403.942560673 step=63 stage=after_mj_step
1785232403.942628145 step=64 stage=loop_begin
1785232403.943533659 step=64 stage=after_set_ctrl
1785232403.943620920 step=64 stage=after_step_log
1785232403.943624973 step=64 stage=before_mj_step
1785232403.943693399 step=64 stage=after_mj_step
1785232403.943761587 step=65 stage=loop_begin
1785232403.943809032 step=65 stage=before_camera_render
1785232403.998207569 step=65 stage=after_camera_render
1785232403.999677658 step=65 stage=after_set_ctrl
1785232403.999792099 step=65 stage=after_step_log
1785232403.999796152 step=65 stage=before_mj_step
1785232403.999898911 step=65 stage=after_mj_step
1785232403.999996185 step=66 stage=loop_begin
1785232404.001076698 step=66 stage=after_set_ctrl
1785232404.001166105 step=66 stage=after_step_log
1785232404.001170397 step=66 stage=before_mj_step
1785232404.001237869 step=66 stage=after_mj_step
1785232404.001304865 step=67 stage=loop_begin
1785232404.002481937 step=67 stage=after_set_ctrl
1785232404.002572775 step=67 stage=after_step_log
1785232404.002577066 step=67 stage=before_mj_step
1785232404.002649784 step=67 stage=after_mj_step
1785232404.002715588 step=68 stage=loop_begin
1785232404.003572941 step=68 stage=after_set_ctrl
1785232404.003659487 step=68 stage=after_step_log
1785232404.003665924 step=68 stage=before_mj_step
1785232404.003729343 step=68 stage=after_mj_step
1785232404.003794909 step=69 stage=loop_begin
1785232404.004672050 step=69 stage=after_set_ctrl
1785232404.004752874 step=69 stage=after_step_log
1785232404.004756927 step=69 stage=before_mj_step
1785232404.004814625 step=69 stage=after_mj_step
1785232404.004876614 step=70 stage=loop_begin
1785232404.004921913 step=70 stage=before_camera_render
1785232404.058587790 step=70 stage=after_camera_render
1785232404.060122728 step=70 stage=after_set_ctrl
1785232404.060228825 step=70 stage=after_step_log
1785232404.060233355 step=70 stage=before_mj_step
1785232404.060331345 step=70 stage=after_mj_step
1785232404.060415506 step=71 stage=loop_begin
1785232404.061439276 step=71 stage=after_set_ctrl
1785232404.061529875 step=71 stage=after_step_log
1785232404.061534166 step=71 stage=before_mj_step
1785232404.061607599 step=71 stage=after_mj_step
1785232404.061681271 step=72 stage=loop_begin
1785232404.062581778 step=72 stage=after_set_ctrl
1785232404.062674522 step=72 stage=after_step_log
1785232404.062680244 step=72 stage=before_mj_step
1785232404.062742710 step=72 stage=after_mj_step
1785232404.062807798 step=73 stage=loop_begin
1785232404.063626051 step=73 stage=after_set_ctrl
1785232404.063717604 step=73 stage=after_step_log
1785232404.063724518 step=73 stage=before_mj_step
1785232404.063796520 step=73 stage=after_mj_step
1785232404.063864946 step=74 stage=loop_begin
1785232404.064836979 step=74 stage=after_set_ctrl
1785232404.064926386 step=74 stage=after_step_log
1785232404.064931154 step=74 stage=before_mj_step
1785232404.065001726 step=74 stage=after_mj_step
1785232404.065067291 step=75 stage=loop_begin
1785232404.065117359 step=75 stage=before_camera_render
1785232404.117175341 step=75 stage=after_camera_render
1785232404.118632555 step=75 stage=after_set_ctrl
1785232404.118772984 step=75 stage=after_step_log
1785232404.118776798 step=75 stage=before_mj_step
1785232404.118877888 step=75 stage=after_mj_step
1785232404.118956327 step=76 stage=loop_begin
1785232404.120086432 step=76 stage=after_set_ctrl
1785232404.120180845 step=76 stage=after_step_log
1785232404.120189190 step=76 stage=before_mj_step
1785232404.120261431 step=76 stage=after_mj_step
1785232404.120331049 step=77 stage=loop_begin
1785232404.121200800 step=77 stage=after_set_ctrl
1785232404.121294022 step=77 stage=after_step_log
1785232404.121298790 step=77 stage=before_mj_step
1785232404.121371746 step=77 stage=after_mj_step
1785232404.121439695 step=78 stage=loop_begin
1785232404.122359514 step=78 stage=after_set_ctrl
1785232404.122449398 step=78 stage=after_step_log
1785232404.122453928 step=78 stage=before_mj_step
1785232404.122524738 step=78 stage=after_mj_step
1785232404.122594118 step=79 stage=loop_begin
1785232404.123554468 step=79 stage=after_set_ctrl
1785232404.123643398 step=79 stage=after_step_log
1785232404.123648405 step=79 stage=before_mj_step
1785232404.123708248 step=79 stage=after_mj_step
1785232404.123775959 step=80 stage=loop_begin
1785232404.123828411 step=80 stage=before_camera_render
1785232404.177010536 step=80 stage=after_camera_render
1785232404.178743124 step=80 stage=after_set_ctrl
1785232404.178866863 step=80 stage=after_step_log
1785232404.178872108 step=80 stage=before_mj_step
1785232404.178981304 step=80 stage=after_mj_step
1785232404.179094315 step=81 stage=loop_begin
1785232404.180558681 step=81 stage=after_set_ctrl
1785232404.180661917 step=81 stage=after_step_log
1785232404.180667400 step=81 stage=before_mj_step
1785232404.180745125 step=81 stage=after_mj_step
1785232404.180818796 step=82 stage=loop_begin
1785232404.182341576 step=82 stage=after_set_ctrl
1785232404.182435751 step=82 stage=after_step_log
1785232404.182440519 step=82 stage=before_mj_step
1785232404.182509661 step=82 stage=after_mj_step
1785232404.182581186 step=83 stage=loop_begin
1785232404.183511734 step=83 stage=after_set_ctrl
1785232404.183595419 step=83 stage=after_step_log
1785232404.183599949 step=83 stage=before_mj_step
1785232404.183666229 step=83 stage=after_mj_step
1785232404.183731318 step=84 stage=loop_begin
1785232404.184686899 step=84 stage=after_set_ctrl
1785232404.184773445 step=84 stage=after_step_log
1785232404.184777737 step=84 stage=before_mj_step
1785232404.184837341 step=84 stage=after_mj_step
1785232404.184898615 step=85 stage=loop_begin
1785232404.184944868 step=85 stage=before_camera_render
1785232404.240662336 step=85 stage=after_camera_render
1785232404.242443562 step=85 stage=after_set_ctrl
1785232404.242549181 step=85 stage=after_step_log
1785232404.242553711 step=85 stage=before_mj_step
1785232404.242660761 step=85 stage=after_mj_step
1785232404.242750168 step=86 stage=loop_begin
1785232404.243923903 step=86 stage=after_set_ctrl
1785232404.244014502 step=86 stage=after_step_log
1785232404.244018793 step=86 stage=before_mj_step
1785232404.244088173 step=86 stage=after_mj_step
1785232404.244159460 step=87 stage=loop_begin
1785232404.245514154 step=87 stage=after_set_ctrl
1785232404.245606422 step=87 stage=after_step_log
1785232404.245611429 step=87 stage=before_mj_step
1785232404.245692253 step=87 stage=after_mj_step
1785232404.245763540 step=88 stage=loop_begin
1785232404.246741295 step=88 stage=after_set_ctrl
1785232404.246829271 step=88 stage=after_step_log
1785232404.246833563 step=88 stage=before_mj_step
1785232404.246897459 step=88 stage=after_mj_step
1785232404.246965170 step=89 stage=loop_begin
1785232404.247997522 step=89 stage=after_set_ctrl
1785232404.248085976 step=89 stage=after_step_log
1785232404.248089790 step=89 stage=before_mj_step
1785232404.248150587 step=89 stage=after_mj_step
1785232404.248215199 step=90 stage=loop_begin
1785232404.248262644 step=90 stage=before_camera_render
1785232404.305834055 step=90 stage=after_camera_render
1785232404.307444811 step=90 stage=after_set_ctrl
1785232404.307552099 step=90 stage=after_step_log
1785232404.307558060 step=90 stage=before_mj_step
1785232404.307668447 step=90 stage=after_mj_step
1785232404.307761908 step=91 stage=loop_begin
1785232404.308774710 step=91 stage=after_set_ctrl
1785232404.308866501 step=91 stage=after_step_log
1785232404.308871746 step=91 stage=before_mj_step
1785232404.308942795 step=91 stage=after_mj_step
1785232404.309024572 step=92 stage=loop_begin
1785232404.310597897 step=92 stage=after_set_ctrl
1785232404.310699463 step=92 stage=after_step_log
1785232404.310704947 step=92 stage=before_mj_step
1785232404.310773611 step=92 stage=after_mj_step
1785232404.310844898 step=93 stage=loop_begin
1785232404.311853170 step=93 stage=after_set_ctrl
1785232404.311938286 step=93 stage=after_step_log
1785232404.311942101 step=93 stage=before_mj_step
1785232404.312002420 step=93 stage=after_mj_step
1785232404.312069416 step=94 stage=loop_begin
1785232404.313173771 step=94 stage=after_set_ctrl
1785232404.313260555 step=94 stage=after_step_log
1785232404.313264608 step=94 stage=before_mj_step
1785232404.313325167 step=94 stage=after_mj_step
1785232404.313389063 step=95 stage=loop_begin
1785232404.313434839 step=95 stage=before_camera_render
1785232404.366473436 step=95 stage=after_camera_render
1785232404.367958307 step=95 stage=after_set_ctrl
1785232404.368065119 step=95 stage=after_step_log
1785232404.368069410 step=95 stage=before_mj_step
1785232404.368172646 step=95 stage=after_mj_step
1785232404.368254662 step=96 stage=loop_begin
1785232404.369834900 step=96 stage=after_set_ctrl
1785232404.369936466 step=96 stage=after_step_log
1785232404.369941235 step=96 stage=before_mj_step
1785232404.370015860 step=96 stage=after_mj_step
1785232404.370085955 step=97 stage=loop_begin
1785232404.371223927 step=97 stage=after_set_ctrl
1785232404.371309757 step=97 stage=after_step_log
1785232404.371313572 step=97 stage=before_mj_step
1785232404.371378183 step=97 stage=after_mj_step
1785232404.371446609 step=98 stage=loop_begin
1785232404.372464895 step=98 stage=after_set_ctrl
1785232404.372553825 step=98 stage=after_step_log
1785232404.372557878 step=98 stage=before_mj_step
1785232404.372621775 step=98 stage=after_mj_step
1785232404.372694016 step=99 stage=loop_begin
1785232404.373645544 step=99 stage=after_set_ctrl
1785232404.373735905 step=99 stage=after_step_log
1785232404.373740196 step=99 stage=before_mj_step
1785232404.373803854 step=99 stage=after_mj_step
1785232404.373870611 step=100 stage=loop_begin
1785232404.373920441 step=100 stage=before_camera_render
1785232404.428468943 step=100 stage=after_camera_render
1785232404.430498838 step=100 stage=after_set_ctrl
1785232404.430630207 step=100 stage=after_step_log
1785232404.430633783 step=100 stage=before_mj_step
1785232404.430746555 step=100 stage=after_mj_step
1785232404.430831194 step=101 stage=loop_begin
1785232404.431925535 step=101 stage=after_set_ctrl
1785232404.432016373 step=101 stage=after_step_log
1785232404.432020903 step=101 stage=before_mj_step
1785232404.432092667 step=101 stage=after_mj_step
1785232404.432163477 step=102 stage=loop_begin
1785232404.433468342 step=102 stage=after_set_ctrl
1785232404.433571100 step=102 stage=after_step_log
1785232404.433576107 step=102 stage=before_mj_step
1785232404.433644295 step=102 stage=after_mj_step
1785232404.433713675 step=103 stage=loop_begin
1785232404.434547901 step=103 stage=after_set_ctrl
1785232404.434634924 step=103 stage=after_step_log
1785232404.434646606 step=103 stage=before_mj_step
1785232404.434718370 step=103 stage=after_mj_step
1785232404.434786558 step=104 stage=loop_begin
1785232404.435678005 step=104 stage=after_set_ctrl
1785232404.435762644 step=104 stage=after_step_log
1785232404.435766935 step=104 stage=before_mj_step
1785232404.435831070 step=104 stage=after_mj_step
1785232404.435896397 step=105 stage=loop_begin
1785232404.435945034 step=105 stage=before_camera_render
1785232404.488348246 step=105 stage=after_camera_render
1785232404.489807844 step=105 stage=after_set_ctrl
1785232404.489920855 step=105 stage=after_step_log
1785232404.489925146 step=105 stage=before_mj_step
1785232404.490026474 step=105 stage=after_mj_step
1785232404.490106106 step=106 stage=loop_begin
1785232404.491223335 step=106 stage=after_set_ctrl
1785232404.491317272 step=106 stage=after_step_log
1785232404.491321325 step=106 stage=before_mj_step
1785232404.491395950 step=106 stage=after_mj_step
1785232404.491464138 step=107 stage=loop_begin
1785232404.492366076 step=107 stage=after_set_ctrl
1785232404.492450237 step=107 stage=after_step_log
1785232404.492454767 step=107 stage=before_mj_step
1785232404.492518425 step=107 stage=after_mj_step
1785232404.492583513 step=108 stage=loop_begin
1785232404.493473291 step=108 stage=after_set_ctrl
1785232404.493558884 step=108 stage=after_step_log
1785232404.493562937 step=108 stage=before_mj_step
1785232404.493622303 step=108 stage=after_mj_step
1785232404.493692875 step=109 stage=loop_begin
1785232404.494585514 step=109 stage=after_set_ctrl
1785232404.494678974 step=109 stage=after_step_log
1785232404.494685888 step=109 stage=before_mj_step
1785232404.494749784 step=109 stage=after_mj_step
1785232404.494812965 step=110 stage=loop_begin
1785232404.494861126 step=110 stage=before_camera_render
1785232404.546863556 step=110 stage=after_camera_render
1785232404.548570871 step=110 stage=after_set_ctrl
1785232404.548686266 step=110 stage=after_step_log
1785232404.548692226 step=110 stage=before_mj_step
1785232404.548804045 step=110 stage=after_mj_step
1785232404.548891068 step=111 stage=loop_begin
1785232404.550103664 step=111 stage=after_set_ctrl
1785232404.550196886 step=111 stage=after_step_log
1785232404.550201654 step=111 stage=before_mj_step
1785232404.550282001 step=111 stage=after_mj_step
1785232404.550349474 step=112 stage=loop_begin
1785232404.551344872 step=112 stage=after_set_ctrl
1785232404.551427364 step=112 stage=after_step_log
1785232404.551431656 step=112 stage=before_mj_step
1785232404.551491499 step=112 stage=after_mj_step
1785232404.551553965 step=113 stage=loop_begin
1785232404.552667856 step=113 stage=after_set_ctrl
1785232404.552759409 step=113 stage=after_step_log
1785232404.552763462 step=113 stage=before_mj_step
1785232404.552824259 step=113 stage=after_mj_step
1785232404.552888155 step=114 stage=loop_begin
1785232404.553659916 step=114 stage=after_set_ctrl
1785232404.553745270 step=114 stage=after_step_log
1785232404.553749561 step=114 stage=before_mj_step
1785232404.553817272 step=114 stage=after_mj_step
1785232404.553881407 step=115 stage=loop_begin
1785232404.553930521 step=115 stage=before_camera_render
1785232404.606284857 step=115 stage=after_camera_render
1785232404.607965708 step=115 stage=after_set_ctrl
1785232404.608072281 step=115 stage=after_step_log
1785232404.608076572 step=115 stage=before_mj_step
1785232404.608175039 step=115 stage=after_mj_step
1785232404.608267307 step=116 stage=loop_begin
1785232404.609464169 step=116 stage=after_set_ctrl
1785232404.609553337 step=116 stage=after_step_log
1785232404.609557152 step=116 stage=before_mj_step
1785232404.609623671 step=116 stage=after_mj_step
1785232404.609702587 step=117 stage=loop_begin
1785232404.610693932 step=117 stage=after_set_ctrl
1785232404.610785484 step=117 stage=after_step_log
1785232404.610790491 step=117 stage=before_mj_step
1785232404.610862017 step=117 stage=after_mj_step
1785232404.610931396 step=118 stage=loop_begin
1785232404.611844778 step=118 stage=after_set_ctrl
1785232404.611932516 step=118 stage=after_step_log
1785232404.611936808 step=118 stage=before_mj_step
1785232404.612004280 step=118 stage=after_mj_step
1785232404.612075806 step=119 stage=loop_begin
1785232404.613123655 step=119 stage=after_set_ctrl
1785232404.613205671 step=119 stage=after_step_log
1785232404.613209486 step=119 stage=before_mj_step
1785232404.613269806 step=119 stage=after_mj_step
1785232404.613334894 step=120 stage=loop_begin
1785232404.613381147 step=120 stage=before_camera_render
1785232404.665561199 step=120 stage=after_camera_render
1785232404.666812658 step=120 stage=after_set_ctrl
1785232404.666920185 step=120 stage=after_step_log
1785232404.666924953 step=120 stage=before_mj_step
1785232404.667021513 step=120 stage=after_mj_step
1785232404.667107344 step=121 stage=loop_begin
1785232404.668188334 step=121 stage=after_set_ctrl
1785232404.668282986 step=121 stage=after_step_log
1785232404.668287516 step=121 stage=before_mj_step
1785232404.668355465 step=121 stage=after_mj_step
1785232404.668422937 step=122 stage=loop_begin
1785232404.669502258 step=122 stage=after_set_ctrl
1785232404.669590473 step=122 stage=after_step_log
1785232404.669594526 step=122 stage=before_mj_step
1785232404.669660568 step=122 stage=after_mj_step
1785232404.669729233 step=123 stage=loop_begin
1785232404.670668364 step=123 stage=after_set_ctrl
1785232404.670756340 step=123 stage=after_step_log
1785232404.670760393 step=123 stage=before_mj_step
1785232404.670818567 step=123 stage=after_mj_step
1785232404.670883417 step=124 stage=loop_begin
1785232404.671864986 step=124 stage=after_set_ctrl
1785232404.671953440 step=124 stage=after_step_log
1785232404.671957731 step=124 stage=before_mj_step
1785232404.672025919 step=124 stage=after_mj_step
1785232404.672092199 step=125 stage=loop_begin
1785232404.672156096 step=125 stage=before_camera_render
1785232404.724556446 step=125 stage=after_camera_render
1785232404.726071119 step=125 stage=after_set_ctrl
1785232404.726208687 step=125 stage=after_step_log
1785232404.726212978 step=125 stage=before_mj_step
1785232404.726313114 step=125 stage=after_mj_step
1785232404.726391315 step=126 stage=loop_begin
1785232404.727339506 step=126 stage=after_set_ctrl
1785232404.727439404 step=126 stage=after_step_log
1785232404.727444172 step=126 stage=before_mj_step
1785232404.727520704 step=126 stage=after_mj_step
1785232404.727591276 step=127 stage=loop_begin
1785232404.728546858 step=127 stage=after_set_ctrl
1785232404.728644133 step=127 stage=after_step_log
1785232404.728649378 step=127 stage=before_mj_step
1785232404.728716373 step=127 stage=after_mj_step
1785232404.728783131 step=128 stage=loop_begin
1785232404.729773998 step=128 stage=after_set_ctrl
1785232404.729862928 step=128 stage=after_step_log
1785232404.729867220 step=128 stage=before_mj_step
1785232404.729933500 step=128 stage=after_mj_step
1785232404.730002880 step=129 stage=loop_begin
1785232404.730919361 step=129 stage=after_set_ctrl
1785232404.731008530 step=129 stage=after_step_log
1785232404.731013298 step=129 stage=before_mj_step
1785232404.731077433 step=129 stage=after_mj_step
1785232404.731141567 step=130 stage=loop_begin
1785232404.731199503 step=130 stage=before_camera_render
1785232404.783238411 step=130 stage=after_camera_render
1785232404.784911394 step=130 stage=after_set_ctrl
1785232404.785019159 step=130 stage=after_step_log
1785232404.785023689 step=130 stage=before_mj_step
1785232404.785122156 step=130 stage=after_mj_step
1785232404.785207033 step=131 stage=loop_begin
1785232404.786231995 step=131 stage=after_set_ctrl
1785232404.786323309 step=131 stage=after_step_log
1785232404.786327839 step=131 stage=before_mj_step
1785232404.786397219 step=131 stage=after_mj_step
1785232404.786467075 step=132 stage=loop_begin
1785232404.787456751 step=132 stage=after_set_ctrl
1785232404.787548780 step=132 stage=after_step_log
1785232404.787553072 step=132 stage=before_mj_step
1785232404.787617207 step=132 stage=after_mj_step
1785232404.787698984 step=133 stage=loop_begin
1785232404.788616657 step=133 stage=after_set_ctrl
1785232404.788713455 step=133 stage=after_step_log
1785232404.788720846 step=133 stage=before_mj_step
1785232404.788790941 step=133 stage=after_mj_step
1785232404.788860559 step=134 stage=loop_begin
1785232404.789834261 step=134 stage=after_set_ctrl
1785232404.789925575 step=134 stage=after_step_log
1785232404.789929867 step=134 stage=before_mj_step
1785232404.790002346 step=134 stage=after_mj_step
1785232404.790068626 step=135 stage=loop_begin
1785232404.790127754 step=135 stage=before_camera_render
1785232404.842000246 step=135 stage=after_camera_render
1785232404.844394207 step=135 stage=after_set_ctrl
1785232404.844496965 step=135 stage=after_step_log
1785232404.844501019 step=135 stage=before_mj_step
1785232404.844604969 step=135 stage=after_mj_step
1785232404.844691753 step=136 stage=loop_begin
1785232404.845627546 step=136 stage=after_set_ctrl
1785232404.845717192 step=136 stage=after_step_log
1785232404.845723867 step=136 stage=before_mj_step
1785232404.845797062 step=136 stage=after_mj_step
1785232404.845862389 step=137 stage=loop_begin
1785232404.846837044 step=137 stage=after_set_ctrl
1785232404.846923590 step=137 stage=after_step_log
1785232404.846927404 step=137 stage=before_mj_step
1785232404.846995831 step=137 stage=after_mj_step
1785232404.847061157 step=138 stage=loop_begin
1785232404.848298788 step=138 stage=after_set_ctrl
1785232404.848386526 step=138 stage=after_step_log
1785232404.848390818 step=138 stage=before_mj_step
1785232404.848463297 step=138 stage=after_mj_step
1785232404.848529100 step=139 stage=loop_begin
1785232404.849319935 step=139 stage=after_set_ctrl
1785232404.849403143 step=139 stage=after_step_log
1785232404.849406958 step=139 stage=before_mj_step
1785232404.849470377 step=139 stage=after_mj_step
1785232404.849534512 step=140 stage=loop_begin
1785232404.849593639 step=140 stage=before_camera_render
1785232404.901671648 step=140 stage=after_camera_render
1785232404.903090477 step=140 stage=after_set_ctrl
1785232404.903199196 step=140 stage=after_step_log
1785232404.903203487 step=140 stage=before_mj_step
1785232404.903306723 step=140 stage=after_mj_step
1785232404.903393269 step=141 stage=loop_begin
1785232404.904549837 step=141 stage=after_set_ctrl
1785232404.904648304 step=141 stage=after_step_log
1785232404.904654026 step=141 stage=before_mj_step
1785232404.904735088 step=141 stage=after_mj_step
1785232404.904807091 step=142 stage=loop_begin
1785232404.905698299 step=142 stage=after_set_ctrl
1785232404.905785084 step=142 stage=after_step_log
1785232404.905789137 step=142 stage=before_mj_step
1785232404.905853510 step=142 stage=after_mj_step
1785232404.905918121 step=143 stage=loop_begin
1785232404.906875849 step=143 stage=after_set_ctrl
1785232404.906962633 step=143 stage=after_step_log
1785232404.906966448 step=143 stage=before_mj_step
1785232404.907025814 step=143 stage=after_mj_step
1785232404.907089233 step=144 stage=loop_begin
1785232404.908290863 step=144 stage=after_set_ctrl
1785232404.908378601 step=144 stage=after_step_log
1785232404.908383369 step=144 stage=before_mj_step
1785232404.908447504 step=144 stage=after_mj_step
1785232404.908510923 step=145 stage=loop_begin
1785232404.908567190 step=145 stage=before_camera_render
1785232404.961149454 step=145 stage=after_camera_render
1785232404.962590933 step=145 stage=after_set_ctrl
1785232404.962703466 step=145 stage=after_step_log
1785232404.962708712 step=145 stage=before_mj_step
1785232404.962826729 step=145 stage=after_mj_step
1785232404.962919474 step=146 stage=loop_begin
1785232404.963930368 step=146 stage=after_set_ctrl
1785232404.964023113 step=146 stage=after_step_log
1785232404.964027166 step=146 stage=before_mj_step
1785232404.964100599 step=146 stage=after_mj_step
1785232404.964169025 step=147 stage=loop_begin
1785232404.965257645 step=147 stage=after_set_ctrl
1785232404.965347528 step=147 stage=after_step_log
1785232404.965351820 step=147 stage=before_mj_step
1785232404.965430260 step=147 stage=after_mj_step
1785232404.965497255 step=148 stage=loop_begin
1785232404.966398954 step=148 stage=after_set_ctrl
1785232404.966488123 step=148 stage=after_step_log
1785232404.966492653 step=148 stage=before_mj_step
1785232404.966566324 step=148 stage=after_mj_step
1785232404.966635466 step=149 stage=loop_begin
1785232404.967626333 step=149 stage=after_set_ctrl
1785232404.967720270 step=149 stage=after_step_log
1785232404.967726707 step=149 stage=before_mj_step
1785232404.967791319 step=149 stage=after_mj_step
1785232404.967856646 step=150 stage=loop_begin
1785232404.967912912 step=150 stage=before_camera_render
1785232405.021854877 step=150 stage=after_camera_render
1785232405.023651838 step=150 stage=after_set_ctrl
1785232405.023791552 step=150 stage=after_step_log
1785232405.023795366 step=150 stage=before_mj_step
1785232405.023897409 step=150 stage=after_mj_step
1785232405.023980379 step=151 stage=loop_begin
1785232405.025213480 step=151 stage=after_set_ctrl
1785232405.025306463 step=151 stage=after_step_log
1785232405.025310993 step=151 stage=before_mj_step
1785232405.025380373 step=151 stage=after_mj_step
1785232405.025448799 step=152 stage=loop_begin
1785232405.026432276 step=152 stage=after_set_ctrl
1785232405.026527405 step=152 stage=after_step_log
1785232405.026531696 step=152 stage=before_mj_step
1785232405.026592493 step=152 stage=after_mj_step
1785232405.026661158 step=153 stage=loop_begin
1785232405.027709007 step=153 stage=after_set_ctrl
1785232405.027800798 step=153 stage=after_step_log
1785232405.027805090 step=153 stage=before_mj_step
1785232405.027875185 step=153 stage=after_mj_step
1785232405.027941465 step=154 stage=loop_begin
1785232405.028879881 step=154 stage=after_set_ctrl
1785232405.028973103 step=154 stage=after_step_log
1785232405.028977633 step=154 stage=before_mj_step
1785232405.029047251 step=154 stage=after_mj_step
1785232405.029112101 step=155 stage=loop_begin
1785232405.029169559 step=155 stage=before_camera_render
1785232405.087629557 step=155 stage=after_camera_render
1785232405.089392900 step=155 stage=after_set_ctrl
1785232405.089504957 step=155 stage=after_step_log
1785232405.089509964 step=155 stage=before_mj_step
1785232405.089612722 step=155 stage=after_mj_step
1785232405.089706898 step=156 stage=loop_begin
1785232405.090670586 step=156 stage=after_set_ctrl
1785232405.090766191 step=156 stage=after_step_log
1785232405.090773344 step=156 stage=before_mj_step
1785232405.090844393 step=156 stage=after_mj_step
1785232405.090914011 step=157 stage=loop_begin
1785232405.091880083 step=157 stage=after_set_ctrl
1785232405.091974735 step=157 stage=after_step_log
1785232405.091979027 step=157 stage=before_mj_step
1785232405.092040300 step=157 stage=after_mj_step
1785232405.092103243 step=158 stage=loop_begin
1785232405.093111992 step=158 stage=after_set_ctrl
1785232405.093204021 step=158 stage=after_step_log
1785232405.093208551 step=158 stage=before_mj_step
1785232405.093280077 step=158 stage=after_mj_step
1785232405.093343735 step=159 stage=loop_begin
1785232405.094246149 step=159 stage=after_set_ctrl
1785232405.094335318 step=159 stage=after_step_log
1785232405.094339848 step=159 stage=before_mj_step
1785232405.094408274 step=159 stage=after_mj_step
1785232405.094473124 step=160 stage=loop_begin
1785232405.094530582 step=160 stage=before_camera_render
1785232405.146673679 step=160 stage=after_camera_render
1785232405.148260593 step=160 stage=after_set_ctrl
1785232405.148371696 step=160 stage=after_step_log
1785232405.148376226 step=160 stage=before_mj_step
1785232405.148483515 step=160 stage=after_mj_step
1785232405.148564339 step=161 stage=loop_begin
1785232405.149562359 step=161 stage=after_set_ctrl
1785232405.149664164 step=161 stage=after_step_log
1785232405.149670362 step=161 stage=before_mj_step
1785232405.149749041 step=161 stage=after_mj_step
1785232405.149815798 step=162 stage=loop_begin
1785232405.150861025 step=162 stage=after_set_ctrl
1785232405.150951624 step=162 stage=after_step_log
1785232405.150955915 step=162 stage=before_mj_step
1785232405.151026487 step=162 stage=after_mj_step
1785232405.151092768 step=163 stage=loop_begin
1785232405.152182579 step=163 stage=after_set_ctrl
1785232405.152276993 step=163 stage=after_step_log
1785232405.152282000 step=163 stage=before_mj_step
1785232405.152354479 step=163 stage=after_mj_step
1785232405.152419329 step=164 stage=loop_begin
1785232405.153351784 step=164 stage=after_set_ctrl
1785232405.153439522 step=164 stage=after_step_log
1785232405.153443813 step=164 stage=before_mj_step
1785232405.153513432 step=164 stage=after_mj_step
1785232405.153575897 step=165 stage=loop_begin
1785232405.153634548 step=165 stage=before_camera_render
1785232405.206628799 step=165 stage=after_camera_render
1785232405.208079815 step=165 stage=after_set_ctrl
1785232405.208193779 step=165 stage=after_step_log
1785232405.208199263 step=165 stage=before_mj_step
1785232405.208322763 step=165 stage=after_mj_step
1785232405.208407640 step=166 stage=loop_begin
1785232405.209504366 step=166 stage=after_set_ctrl
1785232405.209598780 step=166 stage=after_step_log
1785232405.209603310 step=166 stage=before_mj_step
1785232405.209696770 step=166 stage=after_mj_step
1785232405.209765911 step=167 stage=loop_begin
1785232405.210697174 step=167 stage=after_set_ctrl
1785232405.210791349 step=167 stage=after_step_log
1785232405.210795164 step=167 stage=before_mj_step
1785232405.210868597 step=167 stage=after_mj_step
1785232405.210934162 step=168 stage=loop_begin
1785232405.211773157 step=168 stage=after_set_ctrl
1785232405.211861610 step=168 stage=after_step_log
1785232405.211866379 step=168 stage=before_mj_step
1785232405.211946487 step=168 stage=after_mj_step
1785232405.212011814 step=169 stage=loop_begin
1785232405.212912083 step=169 stage=after_set_ctrl
1785232405.213000298 step=169 stage=after_step_log
1785232405.213004589 step=169 stage=before_mj_step
1785232405.213084459 step=169 stage=after_mj_step
1785232405.213149548 step=170 stage=loop_begin
1785232405.213218212 step=170 stage=before_camera_render
1785232405.265875340 step=170 stage=after_camera_render
1785232405.267346144 step=170 stage=after_set_ctrl
1785232405.267458677 step=170 stage=after_step_log
1785232405.267464161 step=170 stage=before_mj_step
1785232405.267579317 step=170 stage=after_mj_step
1785232405.267675400 step=171 stage=loop_begin
1785232405.268536091 step=171 stage=after_set_ctrl
1785232405.268628597 step=171 stage=after_step_log
1785232405.268633366 step=171 stage=before_mj_step
1785232405.268725157 step=171 stage=after_mj_step
1785232405.268800259 step=172 stage=loop_begin
1785232405.270366907 step=172 stage=after_set_ctrl
1785232405.270463467 step=172 stage=after_step_log
1785232405.270468950 step=172 stage=before_mj_step
1785232405.270553589 step=172 stage=after_mj_step
1785232405.270623922 step=173 stage=loop_begin
1785232405.271681547 step=173 stage=after_set_ctrl
1785232405.271769762 step=173 stage=after_step_log
1785232405.271774292 step=173 stage=before_mj_step
1785232405.271849871 step=173 stage=after_mj_step
1785232405.271917105 step=174 stage=loop_begin
1785232405.273048639 step=174 stage=after_set_ctrl
1785232405.273144484 step=174 stage=after_step_log
1785232405.273149967 step=174 stage=before_mj_step
1785232405.273231268 step=174 stage=after_mj_step
1785232405.273300886 step=175 stage=loop_begin
1785232405.273357868 step=175 stage=before_camera_render
1785232405.330531836 step=175 stage=after_camera_render
1785232405.332087040 step=175 stage=after_set_ctrl
1785232405.332237244 step=175 stage=after_step_log
1785232405.332242012 step=175 stage=before_mj_step
1785232405.332370996 step=175 stage=after_mj_step
1785232405.332471132 step=176 stage=loop_begin
1785232405.333735466 step=176 stage=after_set_ctrl
1785232405.333842516 step=176 stage=after_step_log
1785232405.333847523 step=176 stage=before_mj_step
1785232405.333943129 step=176 stage=after_mj_step
1785232405.334034204 step=177 stage=loop_begin
1785232405.334948063 step=177 stage=after_set_ctrl
1785232405.335043430 step=177 stage=after_step_log
1785232405.335048437 step=177 stage=before_mj_step
1785232405.335125446 step=177 stage=after_mj_step
1785232405.335198641 step=178 stage=loop_begin
1785232405.336154222 step=178 stage=after_set_ctrl
1785232405.336247921 step=178 stage=after_step_log
1785232405.336253881 step=178 stage=before_mj_step
1785232405.336329222 step=178 stage=after_mj_step
1785232405.336402416 step=179 stage=loop_begin
1785232405.337365150 step=179 stage=after_set_ctrl
1785232405.337458611 step=179 stage=after_step_log
1785232405.337463856 step=179 stage=before_mj_step
1785232405.337553501 step=179 stage=after_mj_step
1785232405.337624550 step=180 stage=loop_begin
1785232405.337696791 step=180 stage=before_camera_render
1785232405.390379429 step=180 stage=after_camera_render
1785232405.392090082 step=180 stage=after_set_ctrl
1785232405.392200947 step=180 stage=after_step_log
1785232405.392206430 step=180 stage=before_mj_step
1785232405.392327785 step=180 stage=after_mj_step
1785232405.392413378 step=181 stage=loop_begin
1785232405.393531084 step=181 stage=after_set_ctrl
1785232405.393624544 step=181 stage=after_step_log
1785232405.393629551 step=181 stage=before_mj_step
1785232405.393711805 step=181 stage=after_mj_step
1785232405.393778324 step=182 stage=loop_begin
1785232405.394878864 step=182 stage=after_set_ctrl
1785232405.394973516 step=182 stage=after_step_log
1785232405.394977808 step=182 stage=before_mj_step
1785232405.395056963 step=182 stage=after_mj_step
1785232405.395119429 step=183 stage=loop_begin
1785232405.396299362 step=183 stage=after_set_ctrl
1785232405.396387815 step=183 stage=after_step_log
1785232405.396392822 step=183 stage=before_mj_step
1785232405.396476746 step=183 stage=after_mj_step
1785232405.396543503 step=184 stage=loop_begin
1785232405.397441864 step=184 stage=after_set_ctrl
1785232405.397531033 step=184 stage=after_step_log
1785232405.397535563 step=184 stage=before_mj_step
1785232405.397612572 step=184 stage=after_mj_step
1785232405.397681713 step=185 stage=loop_begin
1785232405.397740602 step=185 stage=before_camera_render
1785232405.449773550 step=185 stage=after_camera_render
1785232405.451956034 step=185 stage=after_set_ctrl
1785232405.452061892 step=185 stage=after_step_log
1785232405.452066898 step=185 stage=before_mj_step
1785232405.452174664 step=185 stage=after_mj_step
1785232405.452261686 step=186 stage=loop_begin
1785232405.453280449 step=186 stage=after_set_ctrl
1785232405.453368902 step=186 stage=after_step_log
1785232405.453372955 step=186 stage=before_mj_step
1785232405.453444242 step=186 stage=after_mj_step
1785232405.453511715 step=187 stage=loop_begin
1785232405.454443216 step=187 stage=after_set_ctrl
1785232405.454531670 step=187 stage=after_step_log
1785232405.454536200 step=187 stage=before_mj_step
1785232405.454598427 step=187 stage=after_mj_step
1785232405.454666853 step=188 stage=loop_begin
1785232405.455602169 step=188 stage=after_set_ctrl
1785232405.455713034 step=188 stage=after_step_log
1785232405.455720901 step=188 stage=before_mj_step
1785232405.455796003 step=188 stage=after_mj_step
1785232405.455864429 step=189 stage=loop_begin
1785232405.456682444 step=189 stage=after_set_ctrl
1785232405.456768751 step=189 stage=after_step_log
1785232405.456773520 step=189 stage=before_mj_step
1785232405.456844091 step=189 stage=after_mj_step
1785232405.456907988 step=190 stage=loop_begin
1785232405.456963301 step=190 stage=before_camera_render
1785232405.508892775 step=190 stage=after_camera_render
1785232405.511375189 step=190 stage=after_set_ctrl
1785232405.511480808 step=190 stage=after_step_log
1785232405.511486053 step=190 stage=before_mj_step
1785232405.511592150 step=190 stage=after_mj_step
1785232405.511679411 step=191 stage=loop_begin
1785232405.512857914 step=191 stage=after_set_ctrl
1785232405.512952328 step=191 stage=after_step_log
1785232405.512956619 step=191 stage=before_mj_step
1785232405.513029337 step=191 stage=after_mj_step
1785232405.513094664 step=192 stage=loop_begin
1785232405.514219761 step=192 stage=after_set_ctrl
1785232405.514313221 step=192 stage=after_step_log
1785232405.514317274 step=192 stage=before_mj_step
1785232405.514392614 step=192 stage=after_mj_step
1785232405.514458656 step=193 stage=loop_begin
1785232405.515390158 step=193 stage=after_set_ctrl
1785232405.515477657 step=193 stage=after_step_log
1785232405.515481710 step=193 stage=before_mj_step
1785232405.515550137 step=193 stage=after_mj_step
1785232405.515614033 step=194 stage=loop_begin
1785232405.516553164 step=194 stage=after_set_ctrl
1785232405.516642094 step=194 stage=after_step_log
1785232405.516646624 step=194 stage=before_mj_step
1785232405.516707420 step=194 stage=after_mj_step
1785232405.516771317 step=195 stage=loop_begin
1785232405.516820908 step=195 stage=before_camera_render
1785232405.568611622 step=195 stage=after_camera_render
1785232405.570084810 step=195 stage=after_set_ctrl
1785232405.570191383 step=195 stage=after_step_log
1785232405.570195675 step=195 stage=before_mj_step
1785232405.570302010 step=195 stage=after_mj_step
1785232405.570388079 step=196 stage=loop_begin
1785232405.571627855 step=196 stage=after_set_ctrl
1785232405.571730614 step=196 stage=after_step_log
1785232405.571736336 step=196 stage=before_mj_step
1785232405.571810007 step=196 stage=after_mj_step
1785232405.571879625 step=197 stage=loop_begin
1785232405.573027611 step=197 stage=after_set_ctrl
1785232405.573122263 step=197 stage=after_step_log
1785232405.573126793 step=197 stage=before_mj_step
1785232405.573195219 step=197 stage=after_mj_step
1785232405.573261261 step=198 stage=loop_begin
1785232405.574324369 step=198 stage=after_set_ctrl
1785232405.574408770 step=198 stage=after_step_log
1785232405.574413300 step=198 stage=before_mj_step
1785232405.574476004 step=198 stage=after_mj_step
1785232405.574538708 step=199 stage=loop_begin
1785232405.575450897 step=199 stage=after_set_ctrl
1785232405.575541019 step=199 stage=after_step_log
1785232405.575545311 step=199 stage=before_mj_step
1785232405.575607061 step=199 stage=after_mj_step
1785232405.575676918 step=200 stage=loop_begin
1785232405.575730801 step=200 stage=before_camera_render
1785232405.630139589 step=200 stage=after_camera_render
1785232405.631683111 step=200 stage=after_set_ctrl
1785232405.631816626 step=200 stage=after_step_log
1785232405.631820202 step=200 stage=before_mj_step
1785232405.631929874 step=200 stage=after_mj_step
1785232405.632009268 step=201 stage=loop_begin
1785232405.633208752 step=201 stage=after_set_ctrl
1785232405.633304596 step=201 stage=after_step_log
1785232405.633309364 step=201 stage=before_mj_step
1785232405.633381605 step=201 stage=after_mj_step
1785232405.633450747 step=202 stage=loop_begin
1785232405.634369612 step=202 stage=after_set_ctrl
1785232405.634459972 step=202 stage=after_step_log
1785232405.634464264 step=202 stage=before_mj_step
1785232405.634534836 step=202 stage=after_mj_step
1785232405.634602070 step=203 stage=loop_begin
1785232405.635504961 step=203 stage=after_set_ctrl
1785232405.635591745 step=203 stage=after_step_log
1785232405.635596037 step=203 stage=before_mj_step
1785232405.635668516 step=203 stage=after_mj_step
1785232405.635735750 step=204 stage=loop_begin
1785232405.636720657 step=204 stage=after_set_ctrl
1785232405.636806250 step=204 stage=after_step_log
1785232405.636810303 step=204 stage=before_mj_step
1785232405.636871099 step=204 stage=after_mj_step
1785232405.636934757 step=205 stage=loop_begin
1785232405.636985779 step=205 stage=before_camera_render
1785232405.689397335 step=205 stage=after_camera_render
1785232405.691256046 step=205 stage=after_set_ctrl
1785232405.691375971 step=205 stage=after_step_log
1785232405.691380024 step=205 stage=before_mj_step
1785232405.691487551 step=205 stage=after_mj_step
1785232405.691573143 step=206 stage=loop_begin
1785232405.692651033 step=206 stage=after_set_ctrl
1785232405.692745686 step=206 stage=after_step_log
1785232405.692750454 step=206 stage=before_mj_step
1785232405.692825794 step=206 stage=after_mj_step
1785232405.692893267 step=207 stage=loop_begin
1785232405.693923235 step=207 stage=after_set_ctrl
1785232405.694015265 step=207 stage=after_step_log
1785232405.694019318 step=207 stage=before_mj_step
1785232405.694094419 step=207 stage=after_mj_step
1785232405.694161177 step=208 stage=loop_begin
1785232405.695533276 step=208 stage=after_set_ctrl
1785232405.695625782 step=208 stage=after_step_log
1785232405.695630312 step=208 stage=before_mj_step
1785232405.695705652 step=208 stage=after_mj_step
1785232405.695771456 step=209 stage=loop_begin
1785232405.696787596 step=209 stage=after_set_ctrl
1785232405.696882725 step=209 stage=after_step_log
1785232405.696887016 step=209 stage=before_mj_step
1785232405.696963310 step=209 stage=after_mj_step
1785232405.697031736 step=210 stage=loop_begin
1785232405.697084904 step=210 stage=before_camera_render
1785232405.749596834 step=210 stage=after_camera_render
1785232405.751431227 step=210 stage=after_set_ctrl
1785232405.751536369 step=210 stage=after_step_log
1785232405.751540661 step=210 stage=before_mj_step
1785232405.751652241 step=210 stage=after_mj_step
1785232405.751734018 step=211 stage=loop_begin
1785232405.752706766 step=211 stage=after_set_ctrl
1785232405.752799034 step=211 stage=after_step_log
1785232405.752803087 step=211 stage=before_mj_step
1785232405.752877235 step=211 stage=after_mj_step
1785232405.752946138 step=212 stage=loop_begin
1785232405.754129648 step=212 stage=after_set_ctrl
1785232405.754226923 step=212 stage=after_step_log
1785232405.754231215 step=212 stage=before_mj_step
1785232405.754302740 step=212 stage=after_mj_step
1785232405.754369497 step=213 stage=loop_begin
1785232405.755423784 step=213 stage=after_set_ctrl
1785232405.755517721 step=213 stage=after_step_log
1785232405.755522490 step=213 stage=before_mj_step
1785232405.755595207 step=213 stage=after_mj_step
1785232405.755670786 step=214 stage=loop_begin
1785232405.756517649 step=214 stage=after_set_ctrl
1785232405.756618977 step=214 stage=after_step_log
1785232405.756623983 step=214 stage=before_mj_step
1785232405.756707430 step=214 stage=after_mj_step
1785232405.756777048 step=215 stage=loop_begin
1785232405.756831408 step=215 stage=before_camera_render
1785232405.808705807 step=215 stage=after_camera_render
1785232405.810541153 step=215 stage=after_set_ctrl
1785232405.810657263 step=215 stage=after_step_log
1785232405.810663223 step=215 stage=before_mj_step
1785232405.810770512 step=215 stage=after_mj_step
1785232405.810853720 step=216 stage=loop_begin
1785232405.811924219 step=216 stage=after_set_ctrl
1785232405.812027216 step=216 stage=after_step_log
1785232405.812031507 step=216 stage=before_mj_step
1785232405.812124729 step=216 stage=after_mj_step
1785232405.812196255 step=217 stage=loop_begin
1785232405.813282490 step=217 stage=after_set_ctrl
1785232405.813377857 step=217 stage=after_step_log
1785232405.813382387 step=217 stage=before_mj_step
1785232405.813461781 step=217 stage=after_mj_step
1785232405.813529491 step=218 stage=loop_begin
1785232405.814525366 step=218 stage=after_set_ctrl
1785232405.814614534 step=218 stage=after_step_log
1785232405.814619064 step=218 stage=before_mj_step
1785232405.814699411 step=218 stage=after_mj_step
1785232405.814764261 step=219 stage=loop_begin
1785232405.815792322 step=219 stage=after_set_ctrl
1785232405.815877914 step=219 stage=after_step_log
1785232405.815883160 step=219 stage=before_mj_step
1785232405.815956593 step=219 stage=after_mj_step
1785232405.816023350 step=220 stage=loop_begin
1785232405.816082001 step=220 stage=before_camera_render
1785232405.870899916 step=220 stage=after_camera_render
1785232405.872442484 step=220 stage=after_set_ctrl
1785232405.872565508 step=220 stage=after_step_log
1785232405.872569799 step=220 stage=before_mj_step
1785232405.872704268 step=220 stage=after_mj_step
1785232405.872810841 step=221 stage=loop_begin
1785232405.874087572 step=221 stage=after_set_ctrl
1785232405.874188185 step=221 stage=after_step_log
1785232405.874192953 step=221 stage=before_mj_step
1785232405.874281645 step=221 stage=after_mj_step
1785232405.874357700 step=222 stage=loop_begin
1785232405.875475407 step=222 stage=after_set_ctrl
1785232405.875561714 step=222 stage=after_step_log
1785232405.875565529 step=222 stage=before_mj_step
1785232405.875633240 step=222 stage=after_mj_step
1785232405.875701189 step=223 stage=loop_begin
1785232405.876648664 step=223 stage=after_set_ctrl
1785232405.876739502 step=223 stage=after_step_log
1785232405.876744509 step=223 stage=before_mj_step
1785232405.876819372 step=223 stage=after_mj_step
1785232405.876884460 step=224 stage=loop_begin
1785232405.877876997 step=224 stage=after_set_ctrl
1785232405.877966881 step=224 stage=after_step_log
1785232405.877970934 step=224 stage=before_mj_step
1785232405.878043413 step=224 stage=after_mj_step
1785232405.878109455 step=225 stage=loop_begin
1785232405.878170967 step=225 stage=before_camera_render
1785232405.931042194 step=225 stage=after_camera_render
1785232405.932746172 step=225 stage=after_set_ctrl
1785232405.932882547 step=225 stage=after_step_log
1785232405.932886362 step=225 stage=before_mj_step
1785232405.932994843 step=225 stage=after_mj_step
1785232405.933074474 step=226 stage=loop_begin
1785232405.934106588 step=226 stage=after_set_ctrl
1785232405.934204102 step=226 stage=after_step_log
1785232405.934209108 step=226 stage=before_mj_step
1785232405.934289932 step=226 stage=after_mj_step
1785232405.934359789 step=227 stage=loop_begin
1785232405.935304403 step=227 stage=after_set_ctrl
1785232405.935400963 step=227 stage=after_step_log
1785232405.935405254 step=227 stage=before_mj_step
1785232405.935482979 step=227 stage=after_mj_step
1785232405.935550928 step=228 stage=loop_begin
1785232405.936468840 step=228 stage=after_set_ctrl
1785232405.936560869 step=228 stage=after_step_log
1785232405.936564684 step=228 stage=before_mj_step
1785232405.936634779 step=228 stage=after_mj_step
1785232405.936707258 step=229 stage=loop_begin
1785232405.937623978 step=229 stage=after_set_ctrl
1785232405.937720299 step=229 stage=after_step_log
1785232405.937727213 step=229 stage=before_mj_step
1785232405.937804461 step=229 stage=after_mj_step
1785232405.937872171 step=230 stage=loop_begin
1785232405.937933683 step=230 stage=before_camera_render
1785232405.990532637 step=230 stage=after_camera_render
1785232405.992056608 step=230 stage=after_set_ctrl
1785232405.992167711 step=230 stage=after_step_log
1785232405.992172480 step=230 stage=before_mj_step
1785232405.992281914 step=230 stage=after_mj_step
1785232405.992361784 step=231 stage=loop_begin
1785232405.993516684 step=231 stage=after_set_ctrl
1785232405.993610144 step=231 stage=after_step_log
1785232405.993614197 step=231 stage=before_mj_step
1785232405.993699074 step=231 stage=after_mj_step
1785232405.993767500 step=232 stage=loop_begin
1785232405.994603872 step=232 stage=after_set_ctrl
1785232405.994700193 step=232 stage=after_step_log
1785232405.994707108 step=232 stage=before_mj_step
1785232405.994783163 step=232 stage=after_mj_step
1785232405.994849205 step=233 stage=loop_begin
1785232405.995839834 step=233 stage=after_set_ctrl
1785232405.995936394 step=233 stage=after_step_log
1785232405.995941162 step=233 stage=before_mj_step
1785232405.996030569 step=233 stage=after_mj_step
1785232405.996109962 step=234 stage=loop_begin
1785232405.997215986 step=234 stage=after_set_ctrl
1785232405.997304916 step=234 stage=after_step_log
1785232405.997309685 step=234 stage=before_mj_step
1785232405.997376680 step=234 stage=after_mj_step
1785232405.997444868 step=235 stage=loop_begin
1785232405.997508526 step=235 stage=before_camera_render
1785232406.052608013 step=235 stage=after_camera_render
1785232406.054241419 step=235 stage=after_set_ctrl
1785232406.054353714 step=235 stage=after_step_log
1785232406.054358244 step=235 stage=before_mj_step
1785232406.054463148 step=235 stage=after_mj_step
1785232406.054548502 step=236 stage=loop_begin
1785232406.055782557 step=236 stage=after_set_ctrl
1785232406.055881023 step=236 stage=after_step_log
1785232406.055885792 step=236 stage=before_mj_step
1785232406.055972338 step=236 stage=after_mj_step
1785232406.056045294 step=237 stage=loop_begin
1785232406.056969166 step=237 stage=after_set_ctrl
1785232406.057062149 step=237 stage=after_step_log
1785232406.057066441 step=237 stage=before_mj_step
1785232406.057142735 step=237 stage=after_mj_step
1785232406.057211637 step=238 stage=loop_begin
1785232406.058279514 step=238 stage=after_set_ctrl
1785232406.058369398 step=238 stage=after_step_log
1785232406.058373213 step=238 stage=before_mj_step
1785232406.058441877 step=238 stage=after_mj_step
1785232406.058505535 step=239 stage=loop_begin
1785232406.059349298 step=239 stage=after_set_ctrl
1785232406.059440374 step=239 stage=after_step_log
1785232406.059446335 step=239 stage=before_mj_step
1785232406.059517860 step=239 stage=after_mj_step
1785232406.059580088 step=240 stage=loop_begin
1785232406.059635639 step=240 stage=before_camera_render
1785232406.113125801 step=240 stage=after_camera_render
1785232406.114782572 step=240 stage=after_set_ctrl
1785232406.114902496 step=240 stage=after_step_log
1785232406.114907503 step=240 stage=before_mj_step
1785232406.115020990 step=240 stage=after_mj_step
1785232406.115118265 step=241 stage=loop_begin
1785232406.116529942 step=241 stage=after_set_ctrl
1785232406.116624832 step=241 stage=after_step_log
1785232406.116629839 step=241 stage=before_mj_step
1785232406.116711378 step=241 stage=after_mj_step
1785232406.116781473 step=242 stage=loop_begin
1785232406.117691278 step=242 stage=after_set_ctrl
1785232406.117787361 step=242 stage=after_step_log
1785232406.117791891 step=242 stage=before_mj_step
1785232406.117863655 step=242 stage=after_mj_step
1785232406.117928267 step=243 stage=loop_begin
1785232406.118933678 step=243 stage=after_set_ctrl
1785232406.119021416 step=243 stage=after_step_log
1785232406.119025230 step=243 stage=before_mj_step
1785232406.119090796 step=243 stage=after_mj_step
1785232406.119154692 step=244 stage=loop_begin
1785232406.120332003 step=244 stage=after_set_ctrl
1785232406.120423794 step=244 stage=after_step_log
1785232406.120428324 step=244 stage=before_mj_step
1785232406.120496035 step=244 stage=after_mj_step
1785232406.120561361 step=245 stage=loop_begin
1785232406.120619774 step=245 stage=before_camera_render
1785232406.173034906 step=245 stage=after_camera_render
1785232406.174634457 step=245 stage=after_set_ctrl
1785232406.174752235 step=245 stage=after_step_log
1785232406.174756765 step=245 stage=before_mj_step
1785232406.174865484 step=245 stage=after_mj_step
1785232406.174953699 step=246 stage=loop_begin
1785232406.176496029 step=246 stage=after_set_ctrl
1785232406.176596165 step=246 stage=after_step_log
1785232406.176600933 step=246 stage=before_mj_step
1785232406.176690578 step=246 stage=after_mj_step
1785232406.176766396 step=247 stage=loop_begin
1785232406.177819729 step=247 stage=after_set_ctrl
1785232406.177908897 step=247 stage=after_step_log
1785232406.177913904 step=247 stage=before_mj_step
1785232406.177981377 step=247 stage=after_mj_step
1785232406.178047657 step=248 stage=loop_begin
1785232406.178955078 step=248 stage=after_set_ctrl
1785232406.179041386 step=248 stage=after_step_log
1785232406.179045439 step=248 stage=before_mj_step
1785232406.179108858 step=248 stage=after_mj_step
1785232406.179173470 step=249 stage=loop_begin
1785232406.180236816 step=249 stage=after_set_ctrl
1785232406.180326223 step=249 stage=after_step_log
1785232406.180330753 step=249 stage=before_mj_step
1785232406.180402994 step=249 stage=after_mj_step
1785232406.180467129 step=250 stage=loop_begin
1785232406.180525541 step=250 stage=before_camera_render
1785232406.235244274 step=250 stage=after_camera_render
1785232406.236822128 step=250 stage=after_set_ctrl
1785232406.236959934 step=250 stage=after_step_log
1785232406.236963749 step=250 stage=before_mj_step
1785232406.237066507 step=250 stage=after_mj_step
1785232406.237150431 step=251 stage=loop_begin
1785232406.238538265 step=251 stage=after_set_ctrl
1785232406.238633633 step=251 stage=after_step_log
1785232406.238645077 step=251 stage=before_mj_step
1785232406.238724709 step=251 stage=after_mj_step
1785232406.238797665 step=252 stage=loop_begin
1785232406.239718914 step=252 stage=after_set_ctrl
1785232406.239808559 step=252 stage=after_step_log
1785232406.239812851 step=252 stage=before_mj_step
1785232406.239875793 step=252 stage=after_mj_step
1785232406.239943504 step=253 stage=loop_begin
1785232406.240844488 step=253 stage=after_set_ctrl
1785232406.240936756 step=253 stage=after_step_log
1785232406.240941048 step=253 stage=before_mj_step
1785232406.241012335 step=253 stage=after_mj_step
1785232406.241078854 step=254 stage=loop_begin
1785232406.242098570 step=254 stage=after_set_ctrl
1785232406.242187738 step=254 stage=after_step_log
1785232406.242192984 step=254 stage=before_mj_step
1785232406.242260695 step=254 stage=after_mj_step
1785232406.242325783 step=255 stage=loop_begin
1785232406.242382288 step=255 stage=before_camera_render
1785232406.295186996 step=255 stage=after_camera_render
1785232406.296762943 step=255 stage=after_set_ctrl
1785232406.296876907 step=255 stage=after_step_log
1785232406.296881199 step=255 stage=before_mj_step
1785232406.296999693 step=255 stage=after_mj_step
1785232406.297096491 step=256 stage=loop_begin
1785232406.298546314 step=256 stage=after_set_ctrl
1785232406.298646450 step=256 stage=after_step_log
1785232406.298651218 step=256 stage=before_mj_step
1785232406.298729658 step=256 stage=after_mj_step
1785232406.298795223 step=257 stage=loop_begin
1785232406.299906492 step=257 stage=after_set_ctrl
1785232406.300001860 step=257 stage=after_step_log
1785232406.300012112 step=257 stage=before_mj_step
1785232406.300084591 step=257 stage=after_mj_step
1785232406.300150633 step=258 stage=loop_begin
1785232406.301228046 step=258 stage=after_set_ctrl
1785232406.301314354 step=258 stage=after_step_log
1785232406.301318645 step=258 stage=before_mj_step
1785232406.301383734 step=258 stage=after_mj_step
1785232406.301446438 step=259 stage=loop_begin
1785232406.302405119 step=259 stage=after_set_ctrl
1785232406.302495241 step=259 stage=after_step_log
1785232406.302500010 step=259 stage=before_mj_step
1785232406.302575111 step=259 stage=after_mj_step
1785232406.302644014 step=260 stage=loop_begin
1785232406.302705050 step=260 stage=before_camera_render
1785232406.355914831 step=260 stage=after_camera_render
1785232406.358268976 step=260 stage=after_set_ctrl
1785232406.358376980 step=260 stage=after_step_log
1785232406.358381510 step=260 stage=before_mj_step
1785232406.358489037 step=260 stage=after_mj_step
1785232406.358574152 step=261 stage=loop_begin
1785232406.359814644 step=261 stage=after_set_ctrl
1785232406.359908819 step=261 stage=after_step_log
1785232406.359912872 step=261 stage=before_mj_step
1785232406.359990358 step=261 stage=after_mj_step
1785232406.360061169 step=262 stage=loop_begin
1785232406.361232042 step=262 stage=after_set_ctrl
1785232406.361326933 step=262 stage=after_step_log
1785232406.361331463 step=262 stage=before_mj_step
1785232406.361405611 step=262 stage=after_mj_step
1785232406.361473322 step=263 stage=loop_begin
1785232406.362516880 step=263 stage=after_set_ctrl
1785232406.362607479 step=263 stage=after_step_log
1785232406.362611532 step=263 stage=before_mj_step
1785232406.362683058 step=263 stage=after_mj_step
1785232406.362749338 step=264 stage=loop_begin
1785232406.363804340 step=264 stage=after_set_ctrl
1785232406.363895178 step=264 stage=after_step_log
1785232406.363899946 step=264 stage=before_mj_step
1785232406.363974094 step=264 stage=after_mj_step
1785232406.364036798 step=265 stage=loop_begin
1785232406.364096165 step=265 stage=before_camera_render
1785232406.416486502 step=265 stage=after_camera_render
1785232406.418133736 step=265 stage=after_set_ctrl
1785232406.418250322 step=265 stage=after_step_log
1785232406.418254852 step=265 stage=before_mj_step
1785232406.418367147 step=265 stage=after_mj_step
1785232406.418459415 step=266 stage=loop_begin
1785232406.419672489 step=266 stage=after_set_ctrl
1785232406.419772863 step=266 stage=after_step_log
1785232406.419777632 step=266 stage=before_mj_step
1785232406.419866800 step=266 stage=after_mj_step
1785232406.419934750 step=267 stage=loop_begin
1785232406.420927286 step=267 stage=after_set_ctrl
1785232406.421021223 step=267 stage=after_step_log
1785232406.421025515 step=267 stage=before_mj_step
1785232406.421101332 step=267 stage=after_mj_step
1785232406.421164513 step=268 stage=loop_begin
1785232406.422358513 step=268 stage=after_set_ctrl
1785232406.422452688 step=268 stage=after_step_log
1785232406.422457457 step=268 stage=before_mj_step
1785232406.422534943 step=268 stage=after_mj_step
1785232406.422601700 step=269 stage=loop_begin
1785232406.423718452 step=269 stage=after_set_ctrl
1785232406.423814297 step=269 stage=after_step_log
1785232406.423818827 step=269 stage=before_mj_step
1785232406.423892736 step=269 stage=after_mj_step
1785232406.423957586 step=270 stage=loop_begin
1785232406.424015522 step=270 stage=before_camera_render
1785232406.476130486 step=270 stage=after_camera_render
1785232406.478138924 step=270 stage=after_set_ctrl
1785232406.478250742 step=270 stage=after_step_log
1785232406.478255510 step=270 stage=before_mj_step
1785232406.478363991 step=270 stage=after_mj_step
1785232406.478442192 step=271 stage=loop_begin
1785232406.479537487 step=271 stage=after_set_ctrl
1785232406.479644060 step=271 stage=after_step_log
1785232406.479649782 step=271 stage=before_mj_step
1785232406.479751110 step=271 stage=after_mj_step
1785232406.479830265 step=272 stage=loop_begin
1785232406.481262684 step=272 stage=after_set_ctrl
1785232406.481360912 step=272 stage=after_step_log
1785232406.481370926 step=272 stage=before_mj_step
1785232406.481447935 step=272 stage=after_mj_step
1785232406.481514692 step=273 stage=loop_begin
1785232406.482513666 step=273 stage=after_set_ctrl
1785232406.482603550 step=273 stage=after_step_log
1785232406.482608318 step=273 stage=before_mj_step
1785232406.482686996 step=273 stage=after_mj_step
1785232406.482752562 step=274 stage=loop_begin
1785232406.483700514 step=274 stage=after_set_ctrl
1785232406.483789682 step=274 stage=after_step_log
1785232406.483794451 step=274 stage=before_mj_step
1785232406.483866453 step=274 stage=after_mj_step
1785232406.483929157 step=275 stage=loop_begin
1785232406.483986139 step=275 stage=before_camera_render
1785232406.538755417 step=275 stage=after_camera_render
1785232406.540382147 step=275 stage=after_set_ctrl
1785232406.540524483 step=275 stage=after_step_log
1785232406.540528297 step=275 stage=before_mj_step
1785232406.540643930 step=275 stage=after_mj_step
1785232406.540733814 step=276 stage=loop_begin
1785232406.541883945 step=276 stage=after_set_ctrl
1785232406.541978836 step=276 stage=after_step_log
1785232406.541983843 step=276 stage=before_mj_step
1785232406.542063475 step=276 stage=after_mj_step
1785232406.542132854 step=277 stage=loop_begin
1785232406.543203831 step=277 stage=after_set_ctrl
1785232406.543297529 step=277 stage=after_step_log
1785232406.543302059 step=277 stage=before_mj_step
1785232406.543381691 step=277 stage=after_mj_step
1785232406.543450117 step=278 stage=loop_begin
1785232406.544373512 step=278 stage=after_set_ctrl
1785232406.544465065 step=278 stage=after_step_log
1785232406.544469595 step=278 stage=before_mj_step
1785232406.544540405 step=278 stage=after_mj_step
1785232406.544609070 step=279 stage=loop_begin
1785232406.545438528 step=279 stage=after_set_ctrl
1785232406.545533657 step=279 stage=after_step_log
1785232406.545538664 step=279 stage=before_mj_step
1785232406.545619249 step=279 stage=after_mj_step
1785232406.545690536 step=280 stage=loop_begin
1785232406.545754433 step=280 stage=before_camera_render
1785232406.601166487 step=280 stage=after_camera_render
1785232406.602851629 step=280 stage=after_set_ctrl
1785232406.602964878 step=280 stage=after_step_log
1785232406.602969885 step=280 stage=before_mj_step
1785232406.603079081 step=280 stage=after_mj_step
1785232406.603169203 step=281 stage=loop_begin
1785232406.604500294 step=281 stage=after_set_ctrl
1785232406.604610920 step=281 stage=after_step_log
1785232406.604615688 step=281 stage=before_mj_step
1785232406.604705095 step=281 stage=after_mj_step
1785232406.604784489 step=282 stage=loop_begin
1785232406.605885267 step=282 stage=after_set_ctrl
1785232406.605979681 step=282 stage=after_step_log
1785232406.605983973 step=282 stage=before_mj_step
1785232406.606058836 step=282 stage=after_mj_step
1785232406.606130838 step=283 stage=loop_begin
1785232406.607233763 step=283 stage=after_set_ctrl
1785232406.607327938 step=283 stage=after_step_log
1785232406.607332945 step=283 stage=before_mj_step
1785232406.607413292 step=283 stage=after_mj_step
1785232406.607483387 step=284 stage=loop_begin
1785232406.608496428 step=284 stage=after_set_ctrl
1785232406.608588219 step=284 stage=after_step_log
1785232406.608592987 step=284 stage=before_mj_step
1785232406.608676910 step=284 stage=after_mj_step
1785232406.608746052 step=285 stage=loop_begin
1785232406.608809710 step=285 stage=before_camera_render
1785232406.674551249 step=285 stage=after_camera_render
1785232406.676612139 step=285 stage=after_set_ctrl
1785232406.676782608 step=285 stage=after_step_log
1785232406.676794529 step=285 stage=before_mj_step
1785232406.676960945 step=285 stage=after_mj_step
1785232406.677071333 step=286 stage=loop_begin
1785232406.678751707 step=286 stage=after_set_ctrl
1785232406.678887367 step=286 stage=after_step_log
1785232406.678897142 step=286 stage=before_mj_step
1785232406.679036140 step=286 stage=after_mj_step
1785232406.679128647 step=287 stage=loop_begin
1785232406.680759668 step=287 stage=after_set_ctrl
1785232406.680889606 step=287 stage=after_step_log
1785232406.680907249 step=287 stage=before_mj_step
1785232406.681014538 step=287 stage=after_mj_step
1785232406.681107283 step=288 stage=loop_begin
1785232406.682685137 step=288 stage=after_set_ctrl
1785232406.682822466 step=288 stage=after_step_log
1785232406.682831287 step=288 stage=before_mj_step
1785232406.682945251 step=288 stage=after_mj_step
1785232406.683042049 step=289 stage=loop_begin
1785232406.684620142 step=289 stage=after_set_ctrl
1785232406.684757948 step=289 stage=after_step_log
1785232406.684769392 step=289 stage=before_mj_step
1785232406.684880495 step=289 stage=after_mj_step
1785232406.684975386 step=290 stage=loop_begin
1785232406.685076714 step=290 stage=before_camera_render
1785232406.744066715 step=290 stage=after_camera_render
1785232406.745512486 step=290 stage=after_set_ctrl
1785232406.745626450 step=290 stage=after_step_log
1785232406.745630503 step=290 stage=before_mj_step
1785232406.745746613 step=290 stage=after_mj_step
1785232406.745833635 step=291 stage=loop_begin
1785232406.746957302 step=291 stage=after_set_ctrl
1785232406.747058153 step=291 stage=after_step_log
1785232406.747062206 step=291 stage=before_mj_step
1785232406.747151375 step=291 stage=after_mj_step
1785232406.747225761 step=292 stage=loop_begin
1785232406.748401165 step=292 stage=after_set_ctrl
1785232406.748486996 step=292 stage=after_step_log
1785232406.748491287 step=292 stage=before_mj_step
1785232406.748558044 step=292 stage=after_mj_step
1785232406.748620272 step=293 stage=loop_begin
1785232406.749537945 step=293 stage=after_set_ctrl
1785232406.749625921 step=293 stage=after_step_log
1785232406.749630451 step=293 stage=before_mj_step
1785232406.749701023 step=293 stage=after_mj_step
1785232406.749765873 step=294 stage=loop_begin
1785232406.750704050 step=294 stage=after_set_ctrl
1785232406.750797033 step=294 stage=after_step_log
1785232406.750801325 step=294 stage=before_mj_step
1785232406.750867128 step=294 stage=after_mj_step
1785232406.750929117 step=295 stage=loop_begin
1785232406.750984669 step=295 stage=before_camera_render
1785232406.806014061 step=295 stage=after_camera_render
1785232406.807445765 step=295 stage=after_set_ctrl
1785232406.807557106 step=295 stage=after_step_log
1785232406.807561636 step=295 stage=before_mj_step
1785232406.807675600 step=295 stage=after_mj_step
1785232406.807763815 step=296 stage=loop_begin
1785232406.809259415 step=296 stage=after_set_ctrl
1785232406.809417009 step=296 stage=after_step_log
1785232406.809426785 step=296 stage=before_mj_step
1785232406.809563875 step=296 stage=after_mj_step
1785232406.809698820 step=297 stage=loop_begin
1785232406.811503887 step=297 stage=after_set_ctrl
1785232406.811640739 step=297 stage=after_step_log
1785232406.811651468 step=297 stage=before_mj_step
1785232406.811752081 step=297 stage=after_mj_step
1785232406.811845779 step=298 stage=loop_begin
1785232406.813416958 step=298 stage=after_set_ctrl
1785232406.813553333 step=298 stage=after_step_log
1785232406.813562632 step=298 stage=before_mj_step
1785232406.813675880 step=298 stage=after_mj_step
1785232406.813781500 step=299 stage=loop_begin
1785232406.815448284 step=299 stage=after_set_ctrl
1785232406.815580368 step=299 stage=after_step_log
1785232406.815589666 step=299 stage=before_mj_step
1785232406.815698147 step=299 stage=after_mj_step
1785232406.815796852 step=300 stage=loop_begin
1785232406.815899134 step=300 stage=before_camera_render
1785232406.875982523 step=300 stage=after_camera_render
1785232406.877660990 step=300 stage=after_set_ctrl
1785232406.877817154 step=300 stage=after_step_log
1785232406.877820969 step=300 stage=before_mj_step
1785232406.877940655 step=300 stage=after_mj_step
1785232406.878050089 step=301 stage=loop_begin
1785232406.879413366 step=301 stage=after_set_ctrl
1785232406.879506350 step=301 stage=after_step_log
1785232406.879511595 step=301 stage=before_mj_step
1785232406.879585505 step=301 stage=after_mj_step
1785232406.879661560 step=302 stage=loop_begin
1785232406.880554438 step=302 stage=after_set_ctrl
1785232406.880644083 step=302 stage=after_step_log
1785232406.880654573 step=302 stage=before_mj_step
1785232406.880720615 step=302 stage=after_mj_step
1785232406.880783558 step=303 stage=loop_begin
1785232406.881597757 step=303 stage=after_set_ctrl
1785232406.881690741 step=303 stage=after_step_log
1785232406.881696939 step=303 stage=before_mj_step
1785232406.881762505 step=303 stage=after_mj_step
1785232406.881825447 step=304 stage=loop_begin
1785232406.882685184 step=304 stage=after_set_ctrl
1785232406.882775545 step=304 stage=after_step_log
1785232406.882780075 step=304 stage=before_mj_step
1785232406.882853270 step=304 stage=after_mj_step
1785232406.882918119 step=305 stage=loop_begin
1785232406.882976532 step=305 stage=before_camera_render
1785232406.937496901 step=305 stage=after_camera_render
1785232406.939316750 step=305 stage=after_set_ctrl
1785232406.939454317 step=305 stage=after_step_log
1785232406.939459801 step=305 stage=before_mj_step
1785232406.939582109 step=305 stage=after_mj_step
1785232406.939692259 step=306 stage=loop_begin
1785232406.941305161 step=306 stage=after_set_ctrl
1785232406.941427708 step=306 stage=after_step_log
1785232406.941433191 step=306 stage=before_mj_step
1785232406.941532373 step=306 stage=after_mj_step
1785232406.941619635 step=307 stage=loop_begin
1785232406.942777395 step=307 stage=after_set_ctrl
1785232406.942886114 step=307 stage=after_step_log
1785232406.942891359 step=307 stage=before_mj_step
1785232406.942969799 step=307 stage=after_mj_step
1785232406.943048000 step=308 stage=loop_begin
1785232406.944527864 step=308 stage=after_set_ctrl
1785232406.944721937 step=308 stage=after_step_log
1785232406.944732428 step=308 stage=before_mj_step
1785232406.944882631 step=308 stage=after_mj_step
1785232406.945019245 step=309 stage=loop_begin
1785232406.946334839 step=309 stage=after_set_ctrl
1785232406.946440458 step=309 stage=after_step_log
1785232406.946445465 step=309 stage=before_mj_step
1785232406.946536303 step=309 stage=after_mj_step
1785232406.946615458 step=310 stage=loop_begin
1785232406.946700811 step=310 stage=before_camera_render
1785232407.004538298 step=310 stage=after_camera_render
1785232407.005860329 step=310 stage=after_set_ctrl
1785232407.005974054 step=310 stage=after_step_log
1785232407.005978823 step=310 stage=before_mj_step
1785232407.006091356 step=310 stage=after_mj_step
1785232407.006177902 step=311 stage=loop_begin
1785232407.007181406 step=311 stage=after_set_ctrl
1785232407.007280588 step=311 stage=after_step_log
1785232407.007284880 step=311 stage=before_mj_step
1785232407.007365704 step=311 stage=after_mj_step
1785232407.007434845 step=312 stage=loop_begin
1785232407.008438826 step=312 stage=after_set_ctrl
1785232407.008538723 step=312 stage=after_step_log
1785232407.008543253 step=312 stage=before_mj_step
1785232407.008632898 step=312 stage=after_mj_step
1785232407.008717537 step=313 stage=loop_begin
1785232407.009552240 step=313 stage=after_set_ctrl
1785232407.009647846 step=313 stage=after_step_log
1785232407.009654760 step=313 stage=before_mj_step
1785232407.009727478 step=313 stage=after_mj_step
1785232407.009796858 step=314 stage=loop_begin
1785232407.010724545 step=314 stage=after_set_ctrl
1785232407.010811329 step=314 stage=after_step_log
1785232407.010815859 step=314 stage=before_mj_step
1785232407.010884047 step=314 stage=after_mj_step
1785232407.010948420 step=315 stage=loop_begin
1785232407.011007547 step=315 stage=before_camera_render
1785232407.063452959 step=315 stage=after_camera_render
1785232407.064786196 step=315 stage=after_set_ctrl
1785232407.064898729 step=315 stage=after_step_log
1785232407.064903498 step=315 stage=before_mj_step
1785232407.065014362 step=315 stage=after_mj_step
1785232407.065101147 step=316 stage=loop_begin
1785232407.066522598 step=316 stage=after_set_ctrl
1785232407.066620588 step=316 stage=after_step_log
1785232407.066625357 step=316 stage=before_mj_step
1785232407.066708803 step=316 stage=after_mj_step
1785232407.066778898 step=317 stage=loop_begin
1785232407.067714453 step=317 stage=after_set_ctrl
1785232407.067807436 step=317 stage=after_step_log
1785232407.067817211 step=317 stage=before_mj_step
1785232407.067892313 step=317 stage=after_mj_step
1785232407.067957401 step=318 stage=loop_begin
1785232407.068932295 step=318 stage=after_set_ctrl
1785232407.069021463 step=318 stage=after_step_log
1785232407.069026232 step=318 stage=before_mj_step
1785232407.069101095 step=318 stage=after_mj_step
1785232407.069165707 step=319 stage=loop_begin
1785232407.070299149 step=319 stage=after_set_ctrl
1785232407.070387363 step=319 stage=after_step_log
1785232407.070392132 step=319 stage=before_mj_step
1785232407.070457458 step=319 stage=after_mj_step
1785232407.070518970 step=320 stage=loop_begin
1785232407.070577383 step=320 stage=before_camera_render
1785232407.123823404 step=320 stage=after_camera_render
1785232407.125422478 step=320 stage=after_set_ctrl
1785232407.125533342 step=320 stage=after_step_log
1785232407.125537872 step=320 stage=before_mj_step
1785232407.125653028 step=320 stage=after_mj_step
1785232407.125740528 step=321 stage=loop_begin
1785232407.126729488 step=321 stage=after_set_ctrl
1785232407.126821995 step=321 stage=after_step_log
1785232407.126826525 step=321 stage=before_mj_step
1785232407.126899958 step=321 stage=after_mj_step
1785232407.126968384 step=322 stage=loop_begin
1785232407.127986908 step=322 stage=after_set_ctrl
1785232407.128077984 step=322 stage=after_step_log
1785232407.128082514 step=322 stage=before_mj_step
1785232407.128150225 step=322 stage=after_mj_step
1785232407.128216505 step=323 stage=loop_begin
1785232407.129173279 step=323 stage=after_set_ctrl
1785232407.129266500 step=323 stage=after_step_log
1785232407.129270315 step=323 stage=before_mj_step
1785232407.129338264 step=323 stage=after_mj_step
1785232407.129403353 step=324 stage=loop_begin
1785232407.130316257 step=324 stage=after_set_ctrl
1785232407.130406857 step=324 stage=after_step_log
1785232407.130410910 step=324 stage=before_mj_step
1785232407.130478382 step=324 stage=after_mj_step
1785232407.130542040 step=325 stage=loop_begin
1785232407.130595684 step=325 stage=before_camera_render
1785232407.185193300 step=325 stage=after_camera_render
1785232407.186779022 step=325 stage=after_set_ctrl
1785232407.186930418 step=325 stage=after_step_log
1785232407.186933994 step=325 stage=before_mj_step
1785232407.187044621 step=325 stage=after_mj_step
1785232407.187129974 step=326 stage=loop_begin
1785232407.188190460 step=326 stage=after_set_ctrl
1785232407.188278675 step=326 stage=after_step_log
1785232407.188283443 step=326 stage=before_mj_step
1785232407.188359737 step=326 stage=after_mj_step
1785232407.188427448 step=327 stage=loop_begin
1785232407.189491510 step=327 stage=after_set_ctrl
1785232407.189581633 step=327 stage=after_step_log
1785232407.189586163 step=327 stage=before_mj_step
1785232407.189669371 step=327 stage=after_mj_step
1785232407.189737558 step=328 stage=loop_begin
1785232407.190813541 step=328 stage=after_set_ctrl
1785232407.190897942 step=328 stage=after_step_log
1785232407.190901995 step=328 stage=before_mj_step
1785232407.190970659 step=328 stage=after_mj_step
1785232407.191034317 step=329 stage=loop_begin
1785232407.192070723 step=329 stage=after_set_ctrl
1785232407.192159414 step=329 stage=after_step_log
1785232407.192163467 step=329 stage=before_mj_step
1785232407.192228317 step=329 stage=after_mj_step
1785232407.192291021 step=330 stage=loop_begin
1785232407.192343235 step=330 stage=before_camera_render
1785232407.245097399 step=330 stage=after_camera_render
1785232407.246753693 step=330 stage=after_set_ctrl
1785232407.246870041 step=330 stage=after_step_log
1785232407.246875048 step=330 stage=before_mj_step
1785232407.246991634 step=330 stage=after_mj_step
1785232407.247087717 step=331 stage=loop_begin
1785232407.248373032 step=331 stage=after_set_ctrl
1785232407.248465300 step=331 stage=after_step_log
1785232407.248470068 step=331 stage=before_mj_step
1785232407.248537302 step=331 stage=after_mj_step
1785232407.248600245 step=332 stage=loop_begin
1785232407.249632359 step=332 stage=after_set_ctrl
1785232407.249727726 step=332 stage=after_step_log
1785232407.249738216 step=332 stage=before_mj_step
1785232407.249812126 step=332 stage=after_mj_step
1785232407.249879360 step=333 stage=loop_begin
1785232407.250845671 step=333 stage=after_set_ctrl
1785232407.250934839 step=333 stage=after_step_log
1785232407.250940323 step=333 stage=before_mj_step
1785232407.251014471 step=333 stage=after_mj_step
1785232407.251078844 step=334 stage=loop_begin
1785232407.252182961 step=334 stage=after_set_ctrl
1785232407.252267599 step=334 stage=after_step_log
1785232407.252272367 step=334 stage=before_mj_step
1785232407.252341747 step=334 stage=after_mj_step
1785232407.252404451 step=335 stage=loop_begin
1785232407.252456903 step=335 stage=before_camera_render
1785232407.310625553 step=335 stage=after_camera_render
1785232407.311988831 step=335 stage=after_set_ctrl
1785232407.312098503 step=335 stage=after_step_log
1785232407.312103748 step=335 stage=before_mj_step
1785232407.312211752 step=335 stage=after_mj_step
1785232407.312295914 step=336 stage=loop_begin
1785232407.313579082 step=336 stage=after_set_ctrl
1785232407.313678741 step=336 stage=after_step_log
1785232407.313685417 step=336 stage=before_mj_step
1785232407.313768148 step=336 stage=after_mj_step
1785232407.313838005 step=337 stage=loop_begin
1785232407.314908504 step=337 stage=after_set_ctrl
1785232407.315011024 step=337 stage=after_step_log
1785232407.315015316 step=337 stage=before_mj_step
1785232407.315106153 step=337 stage=after_mj_step
1785232407.315177917 step=338 stage=loop_begin
1785232407.316144943 step=338 stage=after_set_ctrl
1785232407.316236258 step=338 stage=after_step_log
1785232407.316240788 step=338 stage=before_mj_step
1785232407.316315651 step=338 stage=after_mj_step
1785232407.316383600 step=339 stage=loop_begin
1785232407.317291021 step=339 stage=after_set_ctrl
1785232407.317384243 step=339 stage=after_step_log
1785232407.317388535 step=339 stage=before_mj_step
1785232407.317463875 step=339 stage=after_mj_step
1785232407.317529917 step=340 stage=loop_begin
1785232407.317583799 step=340 stage=before_camera_render
1785232407.370362043 step=340 stage=after_camera_render
1785232407.371848822 step=340 stage=after_set_ctrl
1785232407.371961832 step=340 stage=after_step_log
1785232407.371967077 step=340 stage=before_mj_step
1785232407.372089624 step=340 stage=after_mj_step
1785232407.372184753 step=341 stage=loop_begin
1785232407.373746872 step=341 stage=after_set_ctrl
1785232407.373842001 step=341 stage=after_step_log
1785232407.373846054 step=341 stage=before_mj_step
1785232407.373924255 step=341 stage=after_mj_step
1785232407.373994827 step=342 stage=loop_begin
1785232407.374955893 step=342 stage=after_set_ctrl
1785232407.375047684 step=342 stage=after_step_log
1785232407.375051498 step=342 stage=before_mj_step
1785232407.375128508 step=342 stage=after_mj_step
1785232407.375192881 step=343 stage=loop_begin
1785232407.376204729 step=343 stage=after_set_ctrl
1785232407.376296997 step=343 stage=after_step_log
1785232407.376301289 step=343 stage=before_mj_step
1785232407.376382351 step=343 stage=after_mj_step
1785232407.376447439 step=344 stage=loop_begin
1785232407.377498627 step=344 stage=after_set_ctrl
1785232407.377589226 step=344 stage=after_step_log
1785232407.377593517 step=344 stage=before_mj_step
1785232407.377678871 step=344 stage=after_mj_step
1785232407.377744913 step=345 stage=loop_begin
1785232407.377801180 step=345 stage=before_camera_render
1785232407.430669785 step=345 stage=after_camera_render
1785232407.432313919 step=345 stage=after_set_ctrl
1785232407.432431459 step=345 stage=after_step_log
1785232407.432435513 step=345 stage=before_mj_step
1785232407.432546616 step=345 stage=after_mj_step
1785232407.432648897 step=346 stage=loop_begin
1785232407.433653593 step=346 stage=after_set_ctrl
1785232407.433739185 step=346 stage=after_step_log
1785232407.433743954 step=346 stage=before_mj_step
1785232407.433810949 step=346 stage=after_mj_step
1785232407.433879852 step=347 stage=loop_begin
1785232407.434778452 step=347 stage=after_set_ctrl
1785232407.434865952 step=347 stage=after_step_log
1785232407.434876204 step=347 stage=before_mj_step
1785232407.434938431 step=347 stage=after_mj_step
1785232407.434999228 step=348 stage=loop_begin
1785232407.435925245 step=348 stage=after_set_ctrl
1785232407.436014891 step=348 stage=after_step_log
1785232407.436019421 step=348 stage=before_mj_step
1785232407.436092615 step=348 stage=after_mj_step
1785232407.436157465 step=349 stage=loop_begin
1785232407.437388659 step=349 stage=after_set_ctrl
1785232407.437475920 step=349 stage=after_step_log
1785232407.437480211 step=349 stage=before_mj_step
1785232407.437550783 step=349 stage=after_mj_step
1785232407.437615395 step=350 stage=loop_begin
1785232407.437678099 step=350 stage=before_camera_render
1785232407.492718220 step=350 stage=after_camera_render
1785232407.494475842 step=350 stage=after_set_ctrl
1785232407.494609833 step=350 stage=after_step_log
1785232407.494613647 step=350 stage=before_mj_step
1785232407.494727850 step=350 stage=after_mj_step
1785232407.494812250 step=351 stage=loop_begin
1785232407.496234655 step=351 stage=after_set_ctrl
1785232407.496337414 step=351 stage=after_step_log
1785232407.496341944 step=351 stage=before_mj_step
1785232407.496440411 step=351 stage=after_mj_step
1785232407.496521950 step=352 stage=loop_begin
1785232407.497496128 step=352 stage=after_set_ctrl
1785232407.497585058 step=352 stage=after_step_log
1785232407.497589827 step=352 stage=before_mj_step
1785232407.497666121 step=352 stage=after_mj_step
1785232407.497737169 step=353 stage=loop_begin
1785232407.498619080 step=353 stage=after_set_ctrl
1785232407.498709679 step=353 stage=after_step_log
1785232407.498716354 step=353 stage=before_mj_step
1785232407.498779535 step=353 stage=after_mj_step
1785232407.498844862 step=354 stage=loop_begin
1785232407.499718428 step=354 stage=after_set_ctrl
1785232407.499810219 step=354 stage=after_step_log
1785232407.499814749 step=354 stage=before_mj_step
1785232407.499878168 step=354 stage=after_mj_step
1785232407.499945641 step=355 stage=loop_begin
1785232407.499998569 step=355 stage=before_camera_render
1785232407.552858591 step=355 stage=after_camera_render
1785232407.554449081 step=355 stage=after_set_ctrl
1785232407.554560184 step=355 stage=after_step_log
1785232407.554564238 step=355 stage=before_mj_step
1785232407.554679394 step=355 stage=after_mj_step
1785232407.554767847 step=356 stage=loop_begin
1785232407.555916309 step=356 stage=after_set_ctrl
1785232407.556017160 step=356 stage=after_step_log
1785232407.556021214 step=356 stage=before_mj_step
1785232407.556101322 step=356 stage=after_mj_step
1785232407.556172371 step=357 stage=loop_begin
1785232407.557286501 step=357 stage=after_set_ctrl
1785232407.557381392 step=357 stage=after_step_log
1785232407.557385683 step=357 stage=before_mj_step
1785232407.557459354 step=357 stage=after_mj_step
1785232407.557528019 step=358 stage=loop_begin
1785232407.558479786 step=358 stage=after_set_ctrl
1785232407.558570862 step=358 stage=after_step_log
1785232407.558575392 step=358 stage=before_mj_step
1785232407.558651447 step=358 stage=after_mj_step
1785232407.558719158 step=359 stage=loop_begin
1785232407.559736490 step=359 stage=after_set_ctrl
1785232407.559826374 step=359 stage=after_step_log
1785232407.559830427 step=359 stage=before_mj_step
1785232407.559898615 step=359 stage=after_mj_step
1785232407.559963226 step=360 stage=loop_begin
1785232407.560017347 step=360 stage=before_camera_render
1785232407.613273144 step=360 stage=after_camera_render
1785232407.615039587 step=360 stage=after_set_ctrl
1785232407.615147352 step=360 stage=after_step_log
1785232407.615151882 step=360 stage=before_mj_step
1785232407.615261555 step=360 stage=after_mj_step
1785232407.615343571 step=361 stage=loop_begin
1785232407.616380930 step=361 stage=after_set_ctrl
1785232407.616475821 step=361 stage=after_step_log
1785232407.616480350 step=361 stage=before_mj_step
1785232407.616557121 step=361 stage=after_mj_step
1785232407.616626740 step=362 stage=loop_begin
1785232407.617537022 step=362 stage=after_set_ctrl
1785232407.617627859 step=362 stage=after_step_log
1785232407.617632151 step=362 stage=before_mj_step
1785232407.617712498 step=362 stage=after_mj_step
1785232407.617780924 step=363 stage=loop_begin
1785232407.618707657 step=363 stage=after_set_ctrl
1785232407.618796825 step=363 stage=after_step_log
1785232407.618800402 step=363 stage=before_mj_step
1785232407.618866682 step=363 stage=after_mj_step
1785232407.618932009 step=364 stage=loop_begin
1785232407.619874477 step=364 stage=after_set_ctrl
1785232407.619967461 step=364 stage=after_step_log
1785232407.619972706 step=364 stage=before_mj_step
1785232407.620045662 step=364 stage=after_mj_step
1785232407.620111704 step=365 stage=loop_begin
1785232407.620166063 step=365 stage=before_camera_render
1785232407.674633026 step=365 stage=after_camera_render
1785232407.675869226 step=365 stage=after_set_ctrl
1785232407.675979614 step=365 stage=after_step_log
1785232407.675984144 step=365 stage=before_mj_step
1785232407.676092863 step=365 stage=after_mj_step
1785232407.676179886 step=366 stage=loop_begin
1785232407.677687883 step=366 stage=after_set_ctrl
1785232407.677784204 step=366 stage=after_step_log
1785232407.677789211 step=366 stage=before_mj_step
1785232407.677865982 step=366 stage=after_mj_step
1785232407.677935839 step=367 stage=loop_begin
1785232407.678898335 step=367 stage=after_set_ctrl
1785232407.678985119 step=367 stage=after_step_log
1785232407.678989649 step=367 stage=before_mj_step
1785232407.679054737 step=367 stage=after_mj_step
1785232407.679118872 step=368 stage=loop_begin
1785232407.680010080 step=368 stage=after_set_ctrl
1785232407.680101871 step=368 stage=after_step_log
1785232407.680106401 step=368 stage=before_mj_step
1785232407.680170059 step=368 stage=after_mj_step
1785232407.680235863 step=369 stage=loop_begin
1785232407.681293011 step=369 stage=after_set_ctrl
1785232407.681386948 step=369 stage=after_step_log
1785232407.681391478 step=369 stage=before_mj_step
1785232407.681462288 step=369 stage=after_mj_step
1785232407.681526899 step=370 stage=loop_begin
1785232407.681580782 step=370 stage=before_camera_render
1785232407.739058495 step=370 stage=after_camera_render
1785232407.740584373 step=370 stage=after_set_ctrl
1785232407.740699530 step=370 stage=after_step_log
1785232407.740705013 step=370 stage=before_mj_step
1785232407.740812063 step=370 stage=after_mj_step
1785232407.740895271 step=371 stage=loop_begin
1785232407.742373705 step=371 stage=after_set_ctrl
1785232407.742474556 step=371 stage=after_step_log
1785232407.742479086 step=371 stage=before_mj_step
1785232407.742559910 step=371 stage=after_mj_step
1785232407.742634058 step=372 stage=loop_begin
1785232407.743511915 step=372 stage=after_set_ctrl
1785232407.743600607 step=372 stage=after_step_log
1785232407.743605614 step=372 stage=before_mj_step
1785232407.743676662 step=372 stage=after_mj_step
1785232407.743742228 step=373 stage=loop_begin
1785232407.744642258 step=373 stage=after_set_ctrl
1785232407.744737625 step=373 stage=after_step_log
1785232407.744742393 step=373 stage=before_mj_step
1785232407.744807959 step=373 stage=after_mj_step
1785232407.744874954 step=374 stage=loop_begin
1785232407.745752573 step=374 stage=after_set_ctrl
1785232407.745846272 step=374 stage=after_step_log
1785232407.745850801 step=374 stage=before_mj_step
1785232407.745920420 step=374 stage=after_mj_step
1785232407.745984793 step=375 stage=loop_begin
1785232407.746044159 step=375 stage=before_camera_render
1785232407.798336744 step=375 stage=after_camera_render
1785232407.800144434 step=375 stage=after_set_ctrl
1785232407.800285578 step=375 stage=after_step_log
1785232407.800289392 step=375 stage=before_mj_step
1785232407.800392151 step=375 stage=after_mj_step
1785232407.800485134 step=376 stage=loop_begin
1785232407.801564932 step=376 stage=after_set_ctrl
1785232407.801668644 step=376 stage=after_step_log
1785232407.801673651 step=376 stage=before_mj_step
1785232407.801753998 step=376 stage=after_mj_step
1785232407.801824808 step=377 stage=loop_begin
1785232407.802851439 step=377 stage=after_set_ctrl
1785232407.802939892 step=377 stage=after_step_log
1785232407.802943945 step=377 stage=before_mj_step
1785232407.803018093 step=377 stage=after_mj_step
1785232407.803086042 step=378 stage=loop_begin
1785232407.804145813 step=378 stage=after_set_ctrl
1785232407.804237127 step=378 stage=after_step_log
1785232407.804241180 step=378 stage=before_mj_step
1785232407.804306507 step=378 stage=after_mj_step
1785232407.804372072 step=379 stage=loop_begin
1785232407.805357456 step=379 stage=after_set_ctrl
1785232407.805449247 step=379 stage=after_step_log
1785232407.805453539 step=379 stage=before_mj_step
1785232407.805526972 step=379 stage=after_mj_step
1785232407.805595398 step=380 stage=loop_begin
1785232407.805660486 step=380 stage=before_camera_render
1785232407.858856678 step=380 stage=after_camera_render
1785232407.860433340 step=380 stage=after_set_ctrl
1785232407.860546827 step=380 stage=after_step_log
1785232407.860551357 step=380 stage=before_mj_step
1785232407.860664606 step=380 stage=after_mj_step
1785232407.860754251 step=381 stage=loop_begin
1785232407.861842871 step=381 stage=after_set_ctrl
1785232407.861935854 step=381 stage=after_step_log
1785232407.861940145 step=381 stage=before_mj_step
1785232407.862014055 step=381 stage=after_mj_step
1785232407.862085342 step=382 stage=loop_begin
1785232407.863402843 step=382 stage=after_set_ctrl
1785232407.863500834 step=382 stage=after_step_log
1785232407.863505125 step=382 stage=before_mj_step
1785232407.863581419 step=382 stage=after_mj_step
1785232407.863656282 step=383 stage=loop_begin
1785232407.864540100 step=383 stage=after_set_ctrl
1785232407.864625454 step=383 stage=after_step_log
1785232407.864629269 step=383 stage=before_mj_step
1785232407.864698648 step=383 stage=after_mj_step
1785232407.864765644 step=384 stage=loop_begin
1785232407.865649700 step=384 stage=after_set_ctrl
1785232407.865741253 step=384 stage=after_step_log
1785232407.865746021 step=384 stage=before_mj_step
1785232407.865817308 step=384 stage=after_mj_step
1785232407.865883112 step=385 stage=loop_begin
1785232407.865942478 step=385 stage=before_camera_render
1785232407.919484854 step=385 stage=after_camera_render
1785232407.921059132 step=385 stage=after_set_ctrl
1785232407.921168804 step=385 stage=after_step_log
1785232407.921173573 step=385 stage=before_mj_step
1785232407.921280622 step=385 stage=after_mj_step
1785232407.921357870 step=386 stage=loop_begin
1785232407.922691107 step=386 stage=after_set_ctrl
1785232407.922795057 step=386 stage=after_step_log
1785232407.922799587 step=386 stage=before_mj_step
1785232407.922881603 step=386 stage=after_mj_step
1785232407.922956705 step=387 stage=loop_begin
1785232407.923885107 step=387 stage=after_set_ctrl
1785232407.923980474 step=387 stage=after_step_log
1785232407.923985481 step=387 stage=before_mj_step
1785232407.924062252 step=387 stage=after_mj_step
1785232407.924129486 step=388 stage=loop_begin
1785232407.925114393 step=388 stage=after_set_ctrl
1785232407.925205946 step=388 stage=after_step_log
1785232407.925210714 step=388 stage=before_mj_step
1785232407.925277233 step=388 stage=after_mj_step
1785232407.925341606 step=389 stage=loop_begin
1785232407.926321507 step=389 stage=after_set_ctrl
1785232407.926406860 step=389 stage=after_step_log
1785232407.926410913 step=389 stage=before_mj_step
1785232407.926472425 step=389 stage=after_mj_step
1785232407.926534653 step=390 stage=loop_begin
1785232407.926593304 step=390 stage=before_camera_render
1785232407.979197025 step=390 stage=after_camera_render
1785232407.980773926 step=390 stage=after_set_ctrl
1785232407.980885983 step=390 stage=after_step_log
1785232407.980890274 step=390 stage=before_mj_step
1785232407.980996132 step=390 stage=after_mj_step
1785232407.981072426 step=391 stage=loop_begin
1785232407.982244015 step=391 stage=after_set_ctrl
1785232407.982341051 step=391 stage=after_step_log
1785232407.982346296 step=391 stage=before_mj_step
1785232407.982421160 step=391 stage=after_mj_step
1785232407.982489347 step=392 stage=loop_begin
1785232407.983545780 step=392 stage=after_set_ctrl
1785232407.983642578 step=392 stage=after_step_log
1785232407.983649254 step=392 stage=before_mj_step
1785232407.983726501 step=392 stage=after_mj_step
1785232407.983790636 step=393 stage=loop_begin
1785232407.984731197 step=393 stage=after_set_ctrl
1785232407.984822035 step=393 stage=after_step_log
1785232407.984826565 step=393 stage=before_mj_step
1785232407.984894991 step=393 stage=after_mj_step
1785232407.984959841 step=394 stage=loop_begin
1785232407.985932827 step=394 stage=after_set_ctrl
1785232407.986022472 step=394 stage=after_step_log
1785232407.986026287 step=394 stage=before_mj_step
1785232407.986088753 step=394 stage=after_mj_step
1785232407.986152172 step=395 stage=loop_begin
1785232407.986212254 step=395 stage=before_camera_render
1785232408.039351702 step=395 stage=after_camera_render
1785232408.040831089 step=395 stage=after_set_ctrl
1785232408.040943384 step=395 stage=after_step_log
1785232408.040947914 step=395 stage=before_mj_step
1785232408.041053295 step=395 stage=after_mj_step
1785232408.041140795 step=396 stage=loop_begin
1785232408.042368174 step=396 stage=after_set_ctrl
1785232408.042464972 step=396 stage=after_step_log
1785232408.042469025 step=396 stage=before_mj_step
1785232408.042551041 step=396 stage=after_mj_step
1785232408.042617798 step=397 stage=loop_begin
1785232408.043567181 step=397 stage=after_set_ctrl
1785232408.043660879 step=397 stage=after_step_log
1785232408.043666124 step=397 stage=before_mj_step
1785232408.043731689 step=397 stage=after_mj_step
1785232408.043795109 step=398 stage=loop_begin
1785232408.044884205 step=398 stage=after_set_ctrl
1785232408.044971943 step=398 stage=after_step_log
1785232408.044976234 step=398 stage=before_mj_step
1785232408.045037985 step=398 stage=after_mj_step
1785232408.045099497 step=399 stage=loop_begin
1785232408.046205282 step=399 stage=after_set_ctrl
1785232408.046294689 step=399 stage=after_step_log
1785232408.046299219 step=399 stage=before_mj_step
1785232408.046371698 step=399 stage=after_mj_step
1785232408.046433449 step=400 stage=loop_begin
1785232408.046490908 step=400 stage=before_camera_render
1785232408.103260517 step=400 stage=after_camera_render
1785232408.104649305 step=400 stage=after_set_ctrl
1785232408.104792356 step=400 stage=after_step_log
1785232408.104796171 step=400 stage=before_mj_step
1785232408.104905844 step=400 stage=after_mj_step
1785232408.104986429 step=401 stage=loop_begin
1785232408.106544018 step=401 stage=after_set_ctrl
1785232408.106656313 step=401 stage=after_step_log
1785232408.106661320 step=401 stage=before_mj_step
1785232408.106745005 step=401 stage=after_mj_step
1785232408.106816769 step=402 stage=loop_begin
1785232408.107847929 step=402 stage=after_set_ctrl
1785232408.107939243 step=402 stage=after_step_log
1785232408.107943773 step=402 stage=before_mj_step
1785232408.108011246 step=402 stage=after_mj_step
1785232408.108077288 step=403 stage=loop_begin
1785232408.109108686 step=403 stage=after_set_ctrl
1785232408.109203100 step=403 stage=after_step_log
1785232408.109208107 step=403 stage=before_mj_step
1785232408.109282017 step=403 stage=after_mj_step
1785232408.109350204 step=404 stage=loop_begin
1785232408.110363722 step=404 stage=after_set_ctrl
1785232408.110456228 step=404 stage=after_step_log
1785232408.110460520 step=404 stage=before_mj_step
1785232408.110531092 step=404 stage=after_mj_step
1785232408.110597134 step=405 stage=loop_begin
1785232408.110662222 step=405 stage=before_camera_render
1785232408.163215160 step=405 stage=after_camera_render
1785232408.164874077 step=405 stage=after_set_ctrl
1785232408.165004969 step=405 stage=after_step_log
1785232408.165009975 step=405 stage=before_mj_step
1785232408.165127516 step=405 stage=after_mj_step
1785232408.165233135 step=406 stage=loop_begin
1785232408.166565418 step=406 stage=after_set_ctrl
1785232408.166667223 step=406 stage=after_step_log
1785232408.166674376 step=406 stage=before_mj_step
1785232408.166754007 step=406 stage=after_mj_step
1785232408.166829348 step=407 stage=loop_begin
1785232408.167985439 step=407 stage=after_set_ctrl
1785232408.168091536 step=407 stage=after_step_log
1785232408.168096542 step=407 stage=before_mj_step
1785232408.168171167 step=407 stage=after_mj_step
1785232408.168236971 step=408 stage=loop_begin
1785232408.169328451 step=408 stage=after_set_ctrl
1785232408.169415474 step=408 stage=after_step_log
1785232408.169419527 step=408 stage=before_mj_step
1785232408.169480562 step=408 stage=after_mj_step
1785232408.169541836 step=409 stage=loop_begin
1785232408.170633793 step=409 stage=after_set_ctrl
1785232408.170732498 step=409 stage=after_step_log
1785232408.170737505 step=409 stage=before_mj_step
1785232408.170808792 step=409 stage=after_mj_step
1785232408.170872927 step=410 stage=loop_begin
1785232408.170930862 step=410 stage=before_camera_render
1785232408.224742413 step=410 stage=after_camera_render
1785232408.226273060 step=410 stage=after_set_ctrl
1785232408.226385117 step=410 stage=after_step_log
1785232408.226389647 step=410 stage=before_mj_step
1785232408.226496220 step=410 stage=after_mj_step
1785232408.226579189 step=411 stage=loop_begin
1785232408.227627993 step=411 stage=after_set_ctrl
1785232408.227731705 step=411 stage=after_step_log
1785232408.227736950 step=411 stage=before_mj_step
1785232408.227815390 step=411 stage=after_mj_step
1785232408.227883577 step=412 stage=loop_begin
1785232408.228912354 step=412 stage=after_set_ctrl
1785232408.229004383 step=412 stage=after_step_log
1785232408.229008675 step=412 stage=before_mj_step
1785232408.229082823 step=412 stage=after_mj_step
1785232408.229148865 step=413 stage=loop_begin
1785232408.230303049 step=413 stage=after_set_ctrl
1785232408.230394363 step=413 stage=after_step_log
1785232408.230398655 step=413 stage=before_mj_step
1785232408.230473518 step=413 stage=after_mj_step
1785232408.230540276 step=414 stage=loop_begin
1785232408.231532335 step=414 stage=after_set_ctrl
1785232408.231619835 step=414 stage=after_step_log
1785232408.231624126 step=414 stage=before_mj_step
1785232408.231698751 step=414 stage=after_mj_step
1785232408.231766701 step=415 stage=loop_begin
1785232408.231825829 step=415 stage=before_camera_render
1785232408.284514189 step=415 stage=after_camera_render
1785232408.285788774 step=415 stage=after_set_ctrl
1785232408.285915613 step=415 stage=after_step_log
1785232408.285920143 step=415 stage=before_mj_step
1785232408.286043406 step=415 stage=after_mj_step
1785232408.286136866 step=416 stage=loop_begin
1785232408.287143946 step=416 stage=after_set_ctrl
1785232408.287238836 step=416 stage=after_step_log
1785232408.287244797 step=416 stage=before_mj_step
1785232408.287316322 step=416 stage=after_mj_step
1785232408.287380934 step=417 stage=loop_begin
1785232408.288377523 step=417 stage=after_set_ctrl
1785232408.288468838 step=417 stage=after_step_log
1785232408.288473606 step=417 stage=before_mj_step
1785232408.288540602 step=417 stage=after_mj_step
1785232408.288607597 step=418 stage=loop_begin
1785232408.289585114 step=418 stage=after_set_ctrl
1785232408.289677858 step=418 stage=after_step_log
1785232408.289682865 step=418 stage=before_mj_step
1785232408.289746523 step=418 stage=after_mj_step
1785232408.289809942 step=419 stage=loop_begin
1785232408.290707350 step=419 stage=after_set_ctrl
1785232408.290798426 step=419 stage=after_step_log
1785232408.290802240 step=419 stage=before_mj_step
1785232408.290863514 step=419 stage=after_mj_step
1785232408.290925026 step=420 stage=loop_begin
1785232408.290984631 step=420 stage=before_camera_render
1785232408.345608711 step=420 stage=after_camera_render
1785232408.347274303 step=420 stage=after_set_ctrl
1785232408.347392082 step=420 stage=after_step_log
1785232408.347401142 step=420 stage=before_mj_step
1785232408.347518444 step=420 stage=after_mj_step
1785232408.347622395 step=421 stage=loop_begin
1785232408.348732471 step=421 stage=after_set_ctrl
1785232408.348818779 step=421 stage=after_step_log
1785232408.348823071 step=421 stage=before_mj_step
1785232408.348888636 step=421 stage=after_mj_step
1785232408.348952532 step=422 stage=loop_begin
1785232408.349895000 step=422 stage=after_set_ctrl
1785232408.349985600 step=422 stage=after_step_log
1785232408.349989891 step=422 stage=before_mj_step
1785232408.350056410 step=422 stage=after_mj_step
1785232408.350116968 step=423 stage=loop_begin
1785232408.351295948 step=423 stage=after_set_ctrl
1785232408.351386309 step=423 stage=after_step_log
1785232408.351391077 step=423 stage=before_mj_step
1785232408.351460934 step=423 stage=after_mj_step
1785232408.351526260 step=424 stage=loop_begin
1785232408.352552414 step=424 stage=after_set_ctrl
1785232408.352647066 step=424 stage=after_step_log
1785232408.352652550 step=424 stage=before_mj_step
1785232408.352721214 step=424 stage=after_mj_step
1785232408.352784157 step=425 stage=loop_begin
1785232408.352841616 step=425 stage=before_camera_render
1785232408.405011654 step=425 stage=after_camera_render
1785232408.406621695 step=425 stage=after_set_ctrl
1785232408.406770945 step=425 stage=after_step_log
1785232408.406774998 step=425 stage=before_mj_step
1785232408.406880617 step=425 stage=after_mj_step
1785232408.406967640 step=426 stage=loop_begin
1785232408.408168554 step=426 stage=after_set_ctrl
1785232408.408266306 step=426 stage=after_step_log
1785232408.408270359 step=426 stage=before_mj_step
1785232408.408347130 step=426 stage=after_mj_step
1785232408.408418655 step=427 stage=loop_begin
1785232408.409485340 step=427 stage=after_set_ctrl
1785232408.409576416 step=427 stage=after_step_log
1785232408.409580231 step=427 stage=before_mj_step
1785232408.409646273 step=427 stage=after_mj_step
1785232408.409710884 step=428 stage=loop_begin
1785232408.410724878 step=428 stage=after_set_ctrl
1785232408.410815477 step=428 stage=after_step_log
1785232408.410819054 step=428 stage=before_mj_step
1785232408.410882235 step=428 stage=after_mj_step
1785232408.410943270 step=429 stage=loop_begin
1785232408.411902905 step=429 stage=after_set_ctrl
1785232408.411996365 step=429 stage=after_step_log
1785232408.412000656 step=429 stage=before_mj_step
1785232408.412068605 step=429 stage=after_mj_step
1785232408.412132502 step=430 stage=loop_begin
1785232408.412190914 step=430 stage=before_camera_render
1785232408.465179682 step=430 stage=after_camera_render
1785232408.466727972 step=430 stage=after_set_ctrl
1785232408.466839314 step=430 stage=after_step_log
1785232408.466843605 step=430 stage=before_mj_step
1785232408.466949224 step=430 stage=after_mj_step
1785232408.467033625 step=431 stage=loop_begin
1785232408.468557596 step=431 stage=after_set_ctrl
1785232408.468664885 step=431 stage=after_step_log
1785232408.468670130 step=431 stage=before_mj_step
1785232408.468750238 step=431 stage=after_mj_step
1785232408.468820810 step=432 stage=loop_begin
1785232408.470213175 step=432 stage=after_set_ctrl
1785232408.470376730 step=432 stage=after_step_log
1785232408.470387697 step=432 stage=before_mj_step
1785232408.470515728 step=432 stage=after_mj_step
1785232408.470630169 step=433 stage=loop_begin
1785232408.472824335 step=433 stage=after_set_ctrl
1785232408.472947121 step=433 stage=after_step_log
1785232408.472952843 step=433 stage=before_mj_step
1785232408.473053455 step=433 stage=after_mj_step
1785232408.473146439 step=434 stage=loop_begin
1785232408.474456310 step=434 stage=after_set_ctrl
1785232408.474573135 step=434 stage=after_step_log
1785232408.474579811 step=434 stage=before_mj_step
1785232408.474671602 step=434 stage=after_mj_step
1785232408.474757433 step=435 stage=loop_begin
1785232408.474847317 step=435 stage=before_camera_render
1785232408.528878450 step=435 stage=after_camera_render
1785232408.530188322 step=435 stage=after_set_ctrl
1785232408.530298471 step=435 stage=after_step_log
1785232408.530302763 step=435 stage=before_mj_step
1785232408.530413389 step=435 stage=after_mj_step
1785232408.530500174 step=436 stage=loop_begin
1785232408.531642675 step=436 stage=after_set_ctrl
1785232408.531743765 step=436 stage=after_step_log
1785232408.531748533 step=436 stage=before_mj_step
1785232408.531826496 step=436 stage=after_mj_step
1785232408.531898260 step=437 stage=loop_begin
1785232408.533007622 step=437 stage=after_set_ctrl
1785232408.533100367 step=437 stage=after_step_log
1785232408.533104897 step=437 stage=before_mj_step
1785232408.533182144 step=437 stage=after_mj_step
1785232408.533250332 step=438 stage=loop_begin
1785232408.534416199 step=438 stage=after_set_ctrl
1785232408.534511089 step=438 stage=after_step_log
1785232408.534515142 step=438 stage=before_mj_step
1785232408.534581900 step=438 stage=after_mj_step
1785232408.534652472 step=439 stage=loop_begin
1785232408.535597801 step=439 stage=after_set_ctrl
1785232408.535697937 step=439 stage=after_step_log
1785232408.535705328 step=439 stage=before_mj_step
1785232408.535782576 step=439 stage=after_mj_step
1785232408.535851955 step=440 stage=loop_begin
1785232408.535912275 step=440 stage=before_camera_render
1785232408.588374853 step=440 stage=after_camera_render
1785232408.590479851 step=440 stage=after_set_ctrl
1785232408.590595484 step=440 stage=after_step_log
1785232408.590600491 step=440 stage=before_mj_step
1785232408.590714216 step=440 stage=after_mj_step
1785232408.590807915 step=441 stage=loop_begin
1785232408.591889381 step=441 stage=after_set_ctrl
1785232408.591987133 step=441 stage=after_step_log
1785232408.591991901 step=441 stage=before_mj_step
1785232408.592066288 step=441 stage=after_mj_step
1785232408.592136621 step=442 stage=loop_begin
1785232408.593177319 step=442 stage=after_set_ctrl
1785232408.593269348 step=442 stage=after_step_log
1785232408.593273401 step=442 stage=before_mj_step
1785232408.593343019 step=442 stage=after_mj_step
1785232408.593405485 step=443 stage=loop_begin
1785232408.594352484 step=443 stage=after_set_ctrl
1785232408.594442129 step=443 stage=after_step_log
1785232408.594446898 step=443 stage=before_mj_step
1785232408.594522953 step=443 stage=after_mj_step
1785232408.594587803 step=444 stage=loop_begin
1785232408.595416784 step=444 stage=after_set_ctrl
1785232408.595504522 step=444 stage=after_step_log
1785232408.595509052 step=444 stage=before_mj_step
1785232408.595578671 step=444 stage=after_mj_step
1785232408.595647573 step=445 stage=loop_begin
1785232408.595708609 step=445 stage=before_camera_render
1785232408.647433758 step=445 stage=after_camera_render
1785232408.649524927 step=445 stage=after_set_ctrl
1785232408.649643183 step=445 stage=after_step_log
1785232408.649648905 step=445 stage=before_mj_step
1785232408.649755716 step=445 stage=after_mj_step
1785232408.649837732 step=446 stage=loop_begin
1785232408.651071072 step=446 stage=after_set_ctrl
1785232408.651164770 step=446 stage=after_step_log
1785232408.651168823 step=446 stage=before_mj_step
1785232408.651242018 step=446 stage=after_mj_step
1785232408.651308537 step=447 stage=loop_begin
1785232408.652625561 step=447 stage=after_set_ctrl
1785232408.652724028 step=447 stage=after_step_log
1785232408.652729750 step=447 stage=before_mj_step
1785232408.652802467 step=447 stage=after_mj_step
1785232408.652868748 step=448 stage=loop_begin
1785232408.653913498 step=448 stage=after_set_ctrl
1785232408.654024124 step=448 stage=after_step_log
1785232408.654028654 step=448 stage=before_mj_step
1785232408.654094934 step=448 stage=after_mj_step
1785232408.654155254 step=449 stage=loop_begin
1785232408.655308247 step=449 stage=after_set_ctrl
1785232408.655403852 step=449 stage=after_step_log
1785232408.655408859 step=449 stage=before_mj_step
1785232408.655482054 step=449 stage=after_mj_step
1785232408.655547619 step=450 stage=loop_begin
1785232408.655606747 step=450 stage=before_camera_render
1785232408.710149527 step=450 stage=after_camera_render
1785232408.712351084 step=450 stage=after_set_ctrl
1785232408.712485313 step=450 stage=after_step_log
1785232408.712489128 step=450 stage=before_mj_step
1785232408.712594986 step=450 stage=after_mj_step
1785232408.712677002 step=451 stage=loop_begin
1785232408.713601351 step=451 stage=after_set_ctrl
1785232408.713700056 step=451 stage=after_step_log
1785232408.713706493 step=451 stage=before_mj_step
1785232408.713782549 step=451 stage=after_mj_step
1785232408.713852167 step=452 stage=loop_begin
1785232408.714709997 step=452 stage=after_set_ctrl
1785232408.714799881 step=452 stage=after_step_log
1785232408.714804173 step=452 stage=before_mj_step
1785232408.714878321 step=452 stage=after_mj_step
1785232408.714944601 step=453 stage=loop_begin
1785232408.715867758 step=453 stage=after_set_ctrl
1785232408.715961695 step=453 stage=after_step_log
1785232408.715966702 step=453 stage=before_mj_step
1785232408.716033697 step=453 stage=after_mj_step
1785232408.716098785 step=454 stage=loop_begin
1785232408.717019320 step=454 stage=after_set_ctrl
1785232408.717113972 step=454 stage=after_step_log
1785232408.717118025 step=454 stage=before_mj_step
1785232408.717191696 step=454 stage=after_mj_step
1785232408.717257738 step=455 stage=loop_begin
1785232408.717316389 step=455 stage=before_camera_render
1785232408.770398140 step=455 stage=after_camera_render
1785232408.771790743 step=455 stage=after_set_ctrl
1785232408.771903515 step=455 stage=after_step_log
1785232408.771907806 step=455 stage=before_mj_step
1785232408.772022247 step=455 stage=after_mj_step
1785232408.772117138 step=456 stage=loop_begin
1785232408.773504257 step=456 stage=after_set_ctrl
1785232408.773601770 step=456 stage=after_step_log
1785232408.773606300 step=456 stage=before_mj_step
1785232408.773689270 step=456 stage=after_mj_step
1785232408.773761511 step=457 stage=loop_begin
1785232408.774795532 step=457 stage=after_set_ctrl
1785232408.774899721 step=457 stage=after_step_log
1785232408.774903774 step=457 stage=before_mj_step
1785232408.774990320 step=457 stage=after_mj_step
1785232408.775068998 step=458 stage=loop_begin
1785232408.776098251 step=458 stage=after_set_ctrl
1785232408.776189089 step=458 stage=after_step_log
1785232408.776193380 step=458 stage=before_mj_step
1785232408.776262999 step=458 stage=after_mj_step
1785232408.776328087 step=459 stage=loop_begin
1785232408.777349234 step=459 stage=after_set_ctrl
1785232408.777443171 step=459 stage=after_step_log
1785232408.777447701 step=459 stage=before_mj_step
1785232408.777524948 step=459 stage=after_mj_step
1785232408.777590990 step=460 stage=loop_begin
1785232408.777657747 step=460 stage=before_camera_render
1785232408.832233429 step=460 stage=after_camera_render
1785232408.833904028 step=460 stage=after_set_ctrl
1785232408.834023714 step=460 stage=after_step_log
1785232408.834028244 step=460 stage=before_mj_step
1785232408.834134340 step=460 stage=after_mj_step
1785232408.834228992 step=461 stage=loop_begin
1785232408.835446835 step=461 stage=after_set_ctrl
1785232408.835541487 step=461 stage=after_step_log
1785232408.835547447 step=461 stage=before_mj_step
1785232408.835623026 step=461 stage=after_mj_step
1785232408.835697651 step=462 stage=loop_begin
1785232408.836770296 step=462 stage=after_set_ctrl
1785232408.836860180 step=462 stage=after_step_log
1785232408.836864471 step=462 stage=before_mj_step
1785232408.836929560 step=462 stage=after_mj_step
1785232408.836993933 step=463 stage=loop_begin
1785232408.837942123 step=463 stage=after_set_ctrl
1785232408.838031054 step=463 stage=after_step_log
1785232408.838035107 step=463 stage=before_mj_step
1785232408.838096380 step=463 stage=after_mj_step
1785232408.838158369 step=464 stage=loop_begin
1785232408.839254379 step=464 stage=after_set_ctrl
1785232408.839345455 step=464 stage=after_step_log
1785232408.839349747 step=464 stage=before_mj_step
1785232408.839422464 step=464 stage=after_mj_step
1785232408.839489222 step=465 stage=loop_begin
1785232408.839548826 step=465 stage=before_camera_render
1785232408.892306328 step=465 stage=after_camera_render
1785232408.893679857 step=465 stage=after_set_ctrl
1785232408.893788576 step=465 stage=after_step_log
1785232408.893793106 step=465 stage=before_mj_step
1785232408.893902063 step=465 stage=after_mj_step
1785232408.893988848 step=466 stage=loop_begin
1785232408.895315647 step=466 stage=after_set_ctrl
1785232408.895416498 step=466 stage=after_step_log
1785232408.895421028 step=466 stage=before_mj_step
1785232408.895503759 step=466 stage=after_mj_step
1785232408.895571232 step=467 stage=loop_begin
1785232408.896548748 step=467 stage=after_set_ctrl
1785232408.896643162 step=467 stage=after_step_log
1785232408.896648645 step=467 stage=before_mj_step
1785232408.896731615 step=467 stage=after_mj_step
1785232408.896799088 step=468 stage=loop_begin
1785232408.897983313 step=468 stage=after_set_ctrl
1785232408.898091555 step=468 stage=after_step_log
1785232408.898096085 step=468 stage=before_mj_step
1785232408.898175955 step=468 stage=after_mj_step
1785232408.898243427 step=469 stage=loop_begin
1785232408.899339914 step=469 stage=after_set_ctrl
1785232408.899431229 step=469 stage=after_step_log
1785232408.899435520 step=469 stage=before_mj_step
1785232408.899505854 step=469 stage=after_mj_step
1785232408.899571180 step=470 stage=loop_begin
1785232408.899629354 step=470 stage=before_camera_render
1785232408.952371359 step=470 stage=after_camera_render
1785232408.953859806 step=470 stage=after_set_ctrl
1785232408.953974247 step=470 stage=after_step_log
1785232408.953978777 step=470 stage=before_mj_step
1785232408.954087734 step=470 stage=after_mj_step
1785232408.954174995 step=471 stage=loop_begin
1785232408.955675602 step=471 stage=after_set_ctrl
1785232408.955770254 step=471 stage=after_step_log
1785232408.955775023 step=471 stage=before_mj_step
1785232408.955855846 step=471 stage=after_mj_step
1785232408.955925703 step=472 stage=loop_begin
1785232408.956909657 step=472 stage=after_set_ctrl
1785232408.957001686 step=472 stage=after_step_log
1785232408.957006693 step=472 stage=before_mj_step
1785232408.957080126 step=472 stage=after_mj_step
1785232408.957143545 step=473 stage=loop_begin
1785232408.958053589 step=473 stage=after_set_ctrl
1785232408.958140373 step=473 stage=after_step_log
1785232408.958144665 step=473 stage=before_mj_step
1785232408.958213091 step=473 stage=after_mj_step
1785232408.958277464 step=474 stage=loop_begin
1785232408.959300518 step=474 stage=after_set_ctrl
1785232408.959388971 step=474 stage=after_step_log
1785232408.959393024 step=474 stage=before_mj_step
1785232408.959459066 step=474 stage=after_mj_step
1785232408.959522724 step=475 stage=loop_begin
1785232408.959575415 step=475 stage=before_camera_render
1785232409.012832403 step=475 stage=after_camera_render
1785232409.014572382 step=475 stage=after_set_ctrl
1785232409.014714479 step=475 stage=after_step_log
1785232409.014718771 step=475 stage=before_mj_step
1785232409.014826059 step=475 stage=after_mj_step
1785232409.014904737 step=476 stage=loop_begin
1785232409.016162157 step=476 stage=after_set_ctrl
1785232409.016258955 step=476 stage=after_step_log
1785232409.016263723 step=476 stage=before_mj_step
1785232409.016345501 step=476 stage=after_mj_step
1785232409.016414642 step=477 stage=loop_begin
1785232409.017305136 step=477 stage=after_set_ctrl
1785232409.017397404 step=477 stage=after_step_log
1785232409.017402649 step=477 stage=before_mj_step
1785232409.017479181 step=477 stage=after_mj_step
1785232409.017545462 step=478 stage=loop_begin
1785232409.018623114 step=478 stage=after_set_ctrl
1785232409.018715143 step=478 stage=after_step_log
1785232409.018720865 step=478 stage=before_mj_step
1785232409.018792152 step=478 stage=after_mj_step
1785232409.018858671 step=479 stage=loop_begin
1785232409.019853592 step=479 stage=after_set_ctrl
1785232409.019943953 step=479 stage=after_step_log
1785232409.019948006 step=479 stage=before_mj_step
1785232409.020013332 step=479 stage=after_mj_step
1785232409.020074844 step=480 stage=loop_begin
1785232409.020126104 step=480 stage=before_camera_render
1785232409.072135687 step=480 stage=after_camera_render
1785232409.073536396 step=480 stage=after_set_ctrl
1785232409.073655128 step=480 stage=after_step_log
1785232409.073660612 step=480 stage=before_mj_step
1785232409.073769569 step=480 stage=after_mj_step
1785232409.073857784 step=481 stage=loop_begin
1785232409.075284004 step=481 stage=after_set_ctrl
1785232409.075377941 step=481 stage=after_step_log
1785232409.075382233 step=481 stage=before_mj_step
1785232409.075462103 step=481 stage=after_mj_step
1785232409.075531721 step=482 stage=loop_begin
1785232409.076564312 step=482 stage=after_set_ctrl
1785232409.076660156 step=482 stage=after_step_log
1785232409.076665640 step=482 stage=before_mj_step
1785232409.076736212 step=482 stage=after_mj_step
1785232409.076809645 step=483 stage=loop_begin
1785232409.077661991 step=483 stage=after_set_ctrl
1785232409.077746630 step=483 stage=after_step_log
1785232409.077750683 step=483 stage=before_mj_step
1785232409.077814579 step=483 stage=after_mj_step
1785232409.077876806 step=484 stage=loop_begin
1785232409.078731298 step=484 stage=after_set_ctrl
1785232409.078820467 step=484 stage=after_step_log
1785232409.078824282 step=484 stage=before_mj_step
1785232409.078889847 step=484 stage=after_mj_step
1785232409.078955889 step=485 stage=loop_begin
1785232409.079007626 step=485 stage=before_camera_render
1785232409.133328438 step=485 stage=after_camera_render
1785232409.134913683 step=485 stage=after_set_ctrl
1785232409.135032415 step=485 stage=after_step_log
1785232409.135037184 step=485 stage=before_mj_step
1785232409.135142088 step=485 stage=after_mj_step
1785232409.135233879 step=486 stage=loop_begin
1785232409.136613369 step=486 stage=after_set_ctrl
1785232409.136709452 step=486 stage=after_step_log
1785232409.136714935 step=486 stage=before_mj_step
1785232409.136788368 step=486 stage=after_mj_step
1785232409.136854410 step=487 stage=loop_begin
1785232409.137858868 step=487 stage=after_set_ctrl
1785232409.137945414 step=487 stage=after_step_log
1785232409.137952566 step=487 stage=before_mj_step
1785232409.138021708 step=487 stage=after_mj_step
1785232409.138085604 step=488 stage=loop_begin
1785232409.139199972 step=488 stage=after_set_ctrl
1785232409.139284134 step=488 stage=after_step_log
1785232409.139288425 step=488 stage=before_mj_step
1785232409.139352322 step=488 stage=after_mj_step
1785232409.139415741 step=489 stage=loop_begin
1785232409.140390635 step=489 stage=after_set_ctrl
1785232409.140479565 step=489 stage=after_step_log
1785232409.140483856 step=489 stage=before_mj_step
1785232409.140557051 step=489 stage=after_mj_step
1785232409.140633583 step=490 stage=loop_begin
1785232409.140694857 step=490 stage=before_camera_render
1785232409.193104029 step=490 stage=after_camera_render
1785232409.194634438 step=490 stage=after_set_ctrl
1785232409.194752216 step=490 stage=after_step_log
1785232409.194756746 step=490 stage=before_mj_step
1785232409.194861889 step=490 stage=after_mj_step
1785232409.194946527 step=491 stage=loop_begin
1785232409.196363449 step=491 stage=after_set_ctrl
1785232409.196462631 step=491 stage=after_step_log
1785232409.196466923 step=491 stage=before_mj_step
1785232409.196549892 step=491 stage=after_mj_step
1785232409.196621895 step=492 stage=loop_begin
1785232409.197619200 step=492 stage=after_set_ctrl
1785232409.197714806 step=492 stage=after_step_log
1785232409.197719336 step=492 stage=before_mj_step
1785232409.197788954 step=492 stage=after_mj_step
1785232409.197853327 step=493 stage=loop_begin
1785232409.198779821 step=493 stage=after_set_ctrl
1785232409.198871851 step=493 stage=after_step_log
1785232409.198876619 step=493 stage=before_mj_step
1785232409.198953867 step=493 stage=after_mj_step
1785232409.199020863 step=494 stage=loop_begin
1785232409.200242519 step=494 stage=after_set_ctrl
1785232409.200334072 step=494 stage=after_step_log
1785232409.200338364 step=494 stage=before_mj_step
1785232409.200414658 step=494 stage=after_mj_step
1785232409.200480223 step=495 stage=loop_begin
1785232409.200534821 step=495 stage=before_camera_render
1785232409.254307508 step=495 stage=after_camera_render
1785232409.255808830 step=495 stage=after_set_ctrl
1785232409.255949020 step=495 stage=after_step_log
1785232409.255954742 step=495 stage=before_mj_step
1785232409.256098032 step=495 stage=after_mj_step
1785232409.256214380 step=496 stage=loop_begin
1785232409.257473946 step=496 stage=after_set_ctrl
1785232409.257578611 step=496 stage=after_step_log
1785232409.257582903 step=496 stage=before_mj_step
1785232409.257674932 step=496 stage=after_mj_step
1785232409.257758141 step=497 stage=loop_begin
1785232409.258722782 step=497 stage=after_set_ctrl
1785232409.258810043 step=497 stage=after_step_log
1785232409.258814096 step=497 stage=before_mj_step
1785232409.258878946 step=497 stage=after_mj_step
1785232409.258949280 step=498 stage=loop_begin
1785232409.260243416 step=498 stage=after_set_ctrl
1785232409.260346889 step=498 stage=after_step_log
1785232409.260351658 step=498 stage=before_mj_step
1785232409.260429621 step=498 stage=after_mj_step
1785232409.260497570 step=499 stage=loop_begin
1785232409.261436462 step=499 stage=after_set_ctrl
1785232409.261526585 step=499 stage=after_step_log
1785232409.261530876 step=499 stage=before_mj_step
1785232409.261597395 step=499 stage=after_mj_step
1785232409.261667490 step=500 stage=loop_begin
1785232409.261724472 step=500 stage=before_camera_render
1785232409.316220760 step=500 stage=after_camera_render
1785232409.317808628 step=500 stage=after_set_ctrl
1785232409.317954063 step=500 stage=after_step_log
1785232409.317957878 step=500 stage=before_mj_step
1785232409.318077087 step=500 stage=after_mj_step
1785232409.318175793 step=501 stage=loop_begin
1785232409.319474697 step=501 stage=after_set_ctrl
1785232409.319565296 step=501 stage=after_step_log
1785232409.319570065 step=501 stage=before_mj_step
1785232409.319643497 step=501 stage=after_mj_step
1785232409.319710970 step=502 stage=loop_begin
1785232409.320702553 step=502 stage=after_set_ctrl
1785232409.320792675 step=502 stage=after_step_log
1785232409.320796967 step=502 stage=before_mj_step
1785232409.320868254 step=502 stage=after_mj_step
1785232409.320933819 step=503 stage=loop_begin
1785232409.321880102 step=503 stage=after_set_ctrl
1785232409.321968079 step=503 stage=after_step_log
1785232409.321972132 step=503 stage=before_mj_step
1785232409.322043657 step=503 stage=after_mj_step
1785232409.322109699 step=504 stage=loop_begin
1785232409.323328495 step=504 stage=after_set_ctrl
1785232409.323419094 step=504 stage=after_step_log
1785232409.323423386 step=504 stage=before_mj_step
1785232409.323496342 step=504 stage=after_mj_step
1785232409.323562384 step=505 stage=loop_begin
1785232409.323617220 step=505 stage=before_camera_render
1785232409.377377510 step=505 stage=after_camera_render
1785232409.378811359 step=505 stage=after_set_ctrl
1785232409.378921032 step=505 stage=after_step_log
1785232409.378925562 step=505 stage=before_mj_step
1785232409.379040956 step=505 stage=after_mj_step
1785232409.379129410 step=506 stage=loop_begin
1785232409.380547523 step=506 stage=after_set_ctrl
1785232409.380662441 step=506 stage=after_step_log
1785232409.380667925 step=506 stage=before_mj_step
1785232409.380774975 step=506 stage=after_mj_step
1785232409.380868435 step=507 stage=loop_begin
1785232409.382329702 step=507 stage=after_set_ctrl
1785232409.382421255 step=507 stage=after_step_log
1785232409.382425547 step=507 stage=before_mj_step
1785232409.382495403 step=507 stage=after_mj_step
1785232409.382564306 step=508 stage=loop_begin
1785232409.383496284 step=508 stage=after_set_ctrl
1785232409.383586407 step=508 stage=after_step_log
1785232409.383590460 step=508 stage=before_mj_step
1785232409.383662701 step=508 stage=after_mj_step
1785232409.383732796 step=509 stage=loop_begin
1785232409.384828091 step=509 stage=after_set_ctrl
1785232409.384919882 step=509 stage=after_step_log
1785232409.384924173 step=509 stage=before_mj_step
1785232409.384986401 step=509 stage=after_mj_step
1785232409.385048389 step=510 stage=loop_begin
1785232409.385099173 step=510 stage=before_camera_render
1785232409.438925982 step=510 stage=after_camera_render
1785232409.440472126 step=510 stage=after_set_ctrl
1785232409.440587997 step=510 stage=after_step_log
1785232409.440592527 step=510 stage=before_mj_step
1785232409.440705538 step=510 stage=after_mj_step
1785232409.440798283 step=511 stage=loop_begin
1785232409.442206621 step=511 stage=after_set_ctrl
1785232409.442316055 step=511 stage=after_step_log
1785232409.442320347 step=511 stage=before_mj_step
1785232409.442408800 step=511 stage=after_mj_step
1785232409.442489147 step=512 stage=loop_begin
1785232409.443487644 step=512 stage=after_set_ctrl
1785232409.443575144 step=512 stage=after_step_log
1785232409.443579435 step=512 stage=before_mj_step
1785232409.443650007 step=512 stage=after_mj_step
1785232409.443722248 step=513 stage=loop_begin
1785232409.444616556 step=513 stage=after_set_ctrl
1785232409.444712162 step=513 stage=after_step_log
1785232409.444719315 step=513 stage=before_mj_step
1785232409.444793701 step=513 stage=after_mj_step
1785232409.444859982 step=514 stage=loop_begin
1785232409.445835114 step=514 stage=after_set_ctrl
1785232409.445925951 step=514 stage=after_step_log
1785232409.445930481 step=514 stage=before_mj_step
1785232409.446003199 step=514 stage=after_mj_step
1785232409.446069479 step=515 stage=loop_begin
1785232409.446124315 step=515 stage=before_camera_render
1785232409.499025106 step=515 stage=after_camera_render
1785232409.500380516 step=515 stage=after_set_ctrl
1785232409.500493288 step=515 stage=after_step_log
1785232409.500497818 step=515 stage=before_mj_step
1785232409.500610113 step=515 stage=after_mj_step
1785232409.500708342 step=516 stage=loop_begin
1785232409.501706123 step=516 stage=after_set_ctrl
1785232409.501804590 step=516 stage=after_step_log
1785232409.501809120 step=516 stage=before_mj_step
1785232409.501893282 step=516 stage=after_mj_step
1785232409.501965761 step=517 stage=loop_begin
1785232409.503202200 step=517 stage=after_set_ctrl
1785232409.503297091 step=517 stage=after_step_log
1785232409.503301620 step=517 stage=before_mj_step
1785232409.503379345 step=517 stage=after_mj_step
1785232409.503447294 step=518 stage=loop_begin
1785232409.504611254 step=518 stage=after_set_ctrl
1785232409.504707098 step=518 stage=after_step_log
1785232409.504712105 step=518 stage=before_mj_step
1785232409.504785776 step=518 stage=after_mj_step
1785232409.504851341 step=519 stage=loop_begin
1785232409.505791664 step=519 stage=after_set_ctrl
1785232409.505878687 step=519 stage=after_step_log
1785232409.505882978 step=519 stage=before_mj_step
1785232409.505950451 step=519 stage=after_mj_step
1785232409.506015301 step=520 stage=loop_begin
1785232409.506067991 step=520 stage=before_camera_render
1785232409.559877157 step=520 stage=after_camera_render
1785232409.561176300 step=520 stage=after_set_ctrl
1785232409.561286211 step=520 stage=after_step_log
1785232409.561290979 step=520 stage=before_mj_step
1785232409.561402082 step=520 stage=after_mj_step
1785232409.561488152 step=521 stage=loop_begin
1785232409.562590122 step=521 stage=after_set_ctrl
1785232409.562692642 step=521 stage=after_step_log
1785232409.562697649 step=521 stage=before_mj_step
1785232409.562771559 step=521 stage=after_mj_step
1785232409.562838554 step=522 stage=loop_begin
1785232409.563728809 step=522 stage=after_set_ctrl
1785232409.563822269 step=522 stage=after_step_log
1785232409.563825846 step=522 stage=before_mj_step
1785232409.563894987 step=522 stage=after_mj_step
1785232409.563959122 step=523 stage=loop_begin
1785232409.564866066 step=523 stage=after_set_ctrl
1785232409.564959764 step=523 stage=after_step_log
1785232409.564964294 step=523 stage=before_mj_step
1785232409.565042496 step=523 stage=after_mj_step
1785232409.565108776 step=524 stage=loop_begin
1785232409.566131115 step=524 stage=after_set_ctrl
1785232409.566220522 step=524 stage=after_step_log
1785232409.566225052 step=524 stage=before_mj_step
1785232409.566296101 step=524 stage=after_mj_step
1785232409.566360950 step=525 stage=loop_begin
1785232409.566420555 step=525 stage=before_camera_render
1785232409.620235443 step=525 stage=after_camera_render
1785232409.621507645 step=525 stage=after_set_ctrl
1785232409.621655703 step=525 stage=after_step_log
1785232409.621660233 step=525 stage=before_mj_step
1785232409.621774673 step=525 stage=after_mj_step
1785232409.621862173 step=526 stage=loop_begin
1785232409.623099089 step=526 stage=after_set_ctrl
1785232409.623204708 step=526 stage=after_step_log
1785232409.623209238 step=526 stage=before_mj_step
1785232409.623296261 step=526 stage=after_mj_step
1785232409.623374939 step=527 stage=loop_begin
1785232409.624385834 step=527 stage=after_set_ctrl
1785232409.624481440 step=527 stage=after_step_log
1785232409.624485970 step=527 stage=before_mj_step
1785232409.624562979 step=527 stage=after_mj_step
1785232409.624642134 step=528 stage=loop_begin
1785232409.625579596 step=528 stage=after_set_ctrl
1785232409.625675201 step=528 stage=after_step_log
1785232409.625682354 step=528 stage=before_mj_step
1785232409.625758886 step=528 stage=after_mj_step
1785232409.625828981 step=529 stage=loop_begin
1785232409.626869678 step=529 stage=after_set_ctrl
1785232409.626962423 step=529 stage=after_step_log
1785232409.626966476 step=529 stage=before_mj_step
1785232409.627035379 step=529 stage=after_mj_step
1785232409.627103329 step=530 stage=loop_begin
1785232409.627159834 step=530 stage=before_camera_render
1785232409.680645466 step=530 stage=after_camera_render
1785232409.683125734 step=530 stage=after_set_ctrl
1785232409.683238983 step=530 stage=after_step_log
1785232409.683243275 step=530 stage=before_mj_step
1785232409.683352470 step=530 stage=after_mj_step
1785232409.683434963 step=531 stage=loop_begin
1785232409.684497356 step=531 stage=after_set_ctrl
1785232409.684595823 step=531 stage=after_step_log
1785232409.684600353 step=531 stage=before_mj_step
1785232409.684684038 step=531 stage=after_mj_step
1785232409.684755087 step=532 stage=loop_begin
1785232409.685761213 step=532 stage=after_set_ctrl
1785232409.685856581 step=532 stage=after_step_log
1785232409.685861111 step=532 stage=before_mj_step
1785232409.685936928 step=532 stage=after_mj_step
1785232409.686003208 step=533 stage=loop_begin
1785232409.687183619 step=533 stage=after_set_ctrl
1785232409.687272549 step=533 stage=after_step_log
1785232409.687276602 step=533 stage=before_mj_step
1785232409.687347412 step=533 stage=after_mj_step
1785232409.687412977 step=534 stage=loop_begin
1785232409.688323498 step=534 stage=after_set_ctrl
1785232409.688416719 step=534 stage=after_step_log
1785232409.688422441 step=534 stage=before_mj_step
1785232409.688487053 step=534 stage=after_mj_step
1785232409.688548565 step=535 stage=loop_begin
1785232409.688604832 step=535 stage=before_camera_render
1785232409.740611792 step=535 stage=after_camera_render
1785232409.742503881 step=535 stage=after_set_ctrl
1785232409.742614746 step=535 stage=after_step_log
1785232409.742619276 step=535 stage=before_mj_step
1785232409.742734194 step=535 stage=after_mj_step
1785232409.742813110 step=536 stage=loop_begin
1785232409.743911505 step=536 stage=after_set_ctrl
1785232409.744005442 step=536 stage=after_step_log
1785232409.744010210 step=536 stage=before_mj_step
1785232409.744088411 step=536 stage=after_mj_step
1785232409.744154930 step=537 stage=loop_begin
1785232409.745303631 step=537 stage=after_set_ctrl
1785232409.745391846 step=537 stage=after_step_log
1785232409.745395422 step=537 stage=before_mj_step
1785232409.745463133 step=537 stage=after_mj_step
1785232409.745526552 step=538 stage=loop_begin
1785232409.746453047 step=538 stage=after_set_ctrl
1785232409.746547222 step=538 stage=after_step_log
1785232409.746551991 step=538 stage=before_mj_step
1785232409.746615887 step=538 stage=after_mj_step
1785232409.746687889 step=539 stage=loop_begin
1785232409.747583389 step=539 stage=after_set_ctrl
1785232409.747676849 step=539 stage=after_step_log
1785232409.747684002 step=539 stage=before_mj_step
1785232409.747756720 step=539 stage=after_mj_step
1785232409.747821808 step=540 stage=loop_begin
1785232409.747880697 step=540 stage=before_camera_render
1785232409.800742388 step=540 stage=after_camera_render
1785232409.802254438 step=540 stage=after_set_ctrl
1785232409.802371502 step=540 stage=after_step_log
1785232409.802376747 step=540 stage=before_mj_step
1785232409.802483797 step=540 stage=after_mj_step
1785232409.802577972 step=541 stage=loop_begin
1785232409.803682566 step=541 stage=after_set_ctrl
1785232409.803781033 step=541 stage=after_step_log
1785232409.803785324 step=541 stage=before_mj_step
1785232409.803862572 step=541 stage=after_mj_step
1785232409.803933620 step=542 stage=loop_begin
1785232409.805160999 step=542 stage=after_set_ctrl
1785232409.805260181 step=542 stage=after_step_log
1785232409.805264711 step=542 stage=before_mj_step
1785232409.805340528 step=542 stage=after_mj_step
1785232409.805414677 step=543 stage=loop_begin
1785232409.806408405 step=543 stage=after_set_ctrl
1785232409.806503534 step=543 stage=after_step_log
1785232409.806508064 step=543 stage=before_mj_step
1785232409.806572199 step=543 stage=after_mj_step
1785232409.806646585 step=544 stage=loop_begin
1785232409.807595730 step=544 stage=after_set_ctrl
1785232409.807698965 step=544 stage=after_step_log
1785232409.807706118 step=544 stage=before_mj_step
1785232409.807779551 step=544 stage=after_mj_step
1785232409.807846308 step=545 stage=loop_begin
1785232409.807907820 step=545 stage=before_camera_render
1785232409.862285137 step=545 stage=after_camera_render
1785232409.863594055 step=545 stage=after_set_ctrl
1785232409.863715887 step=545 stage=after_step_log
1785232409.863722086 step=545 stage=before_mj_step
1785232409.863837242 step=545 stage=after_mj_step
1785232409.863928556 step=546 stage=loop_begin
1785232409.865261316 step=546 stage=after_set_ctrl
1785232409.865358829 step=546 stage=after_step_log
1785232409.865363359 step=546 stage=before_mj_step
1785232409.865439892 step=546 stage=after_mj_step
1785232409.865507364 step=547 stage=loop_begin
1785232409.866480589 step=547 stage=after_set_ctrl
1785232409.866578341 step=547 stage=after_step_log
1785232409.866582632 step=547 stage=before_mj_step
1785232409.866666079 step=547 stage=after_mj_step
1785232409.866743803 step=548 stage=loop_begin
1785232409.867701769 step=548 stage=after_set_ctrl
1785232409.867789984 step=548 stage=after_step_log
1785232409.867793560 step=548 stage=before_mj_step
1785232409.867858171 step=548 stage=after_mj_step
1785232409.867923975 step=549 stage=loop_begin
1785232409.869010925 step=549 stage=after_set_ctrl
1785232409.869099617 step=549 stage=after_step_log
1785232409.869104147 step=549 stage=before_mj_step
1785232409.869164944 step=549 stage=after_mj_step
1785232409.869227409 step=550 stage=loop_begin
1785232409.869281292 step=550 stage=before_camera_render
1785232409.925990820 step=550 stage=after_camera_render
1785232409.927631617 step=550 stage=after_set_ctrl
1785232409.927774668 step=550 stage=after_step_log
1785232409.927778482 step=550 stage=before_mj_step
1785232409.927882671 step=550 stage=after_mj_step
1785232409.927961349 step=551 stage=loop_begin
1785232409.929589033 step=551 stage=after_set_ctrl
1785232409.929701328 step=551 stage=after_step_log
1785232409.929706812 step=551 stage=before_mj_step
1785232409.929796934 step=551 stage=after_mj_step
1785232409.929870129 step=552 stage=loop_begin
1785232409.930908442 step=552 stage=after_set_ctrl
1785232409.930994272 step=552 stage=after_step_log
1785232409.930998564 step=552 stage=before_mj_step
1785232409.931062460 step=552 stage=after_mj_step
1785232409.931126356 step=553 stage=loop_begin
1785232409.932163477 step=553 stage=after_set_ctrl
1785232409.932254553 step=553 stage=after_step_log
1785232409.932259321 step=553 stage=before_mj_step
1785232409.932322741 step=553 stage=after_mj_step
1785232409.932387352 step=554 stage=loop_begin
1785232409.933287859 step=554 stage=after_set_ctrl
1785232409.933378935 step=554 stage=after_step_log
1785232409.933382988 step=554 stage=before_mj_step
1785232409.933454037 step=554 stage=after_mj_step
1785232409.933519840 step=555 stage=loop_begin
1785232409.933577538 step=555 stage=before_camera_render
1785232409.986951590 step=555 stage=after_camera_render
1785232409.988845587 step=555 stage=after_set_ctrl
1785232409.988963842 step=555 stage=after_step_log
1785232409.988968611 step=555 stage=before_mj_step
1785232409.989089727 step=555 stage=after_mj_step
1785232409.989179134 step=556 stage=loop_begin
1785232409.990465164 step=556 stage=after_set_ctrl
1785232409.990564346 step=556 stage=after_step_log
1785232409.990568876 step=556 stage=before_mj_step
1785232409.990655184 step=556 stage=after_mj_step
1785232409.990729332 step=557 stage=loop_begin
1785232409.991686106 step=557 stage=after_set_ctrl
1785232409.991777897 step=557 stage=after_step_log
1785232409.991782188 step=557 stage=before_mj_step
1785232409.991847754 step=557 stage=after_mj_step
1785232409.991918564 step=558 stage=loop_begin
1785232409.992845774 step=558 stage=after_set_ctrl
1785232409.992936134 step=558 stage=after_step_log
1785232409.992940187 step=558 stage=before_mj_step
1785232409.993001223 step=558 stage=after_mj_step
1785232409.993064165 step=559 stage=loop_begin
1785232409.994190693 step=559 stage=after_set_ctrl
1785232409.994281530 step=559 stage=after_step_log
1785232409.994286299 step=559 stage=before_mj_step
1785232409.994359255 step=559 stage=after_mj_step
1785232409.994423389 step=560 stage=loop_begin
1785232409.994481325 step=560 stage=before_camera_render
1785232410.046337605 step=560 stage=after_camera_render
1785232410.048187971 step=560 stage=after_set_ctrl
1785232410.048295498 step=560 stage=after_step_log
1785232410.048300266 step=560 stage=before_mj_step
1785232410.048404694 step=560 stage=after_mj_step
1785232410.048484325 step=561 stage=loop_begin
1785232410.049835920 step=561 stage=after_set_ctrl
1785232410.049946308 step=561 stage=after_step_log
1785232410.049950838 step=561 stage=before_mj_step
1785232410.050049543 step=561 stage=after_mj_step
1785232410.050132036 step=562 stage=loop_begin
1785232410.051392555 step=562 stage=after_set_ctrl
1785232410.051482916 step=562 stage=after_step_log
1785232410.051487207 step=562 stage=before_mj_step
1785232410.051555395 step=562 stage=after_mj_step
1785232410.051621437 step=563 stage=loop_begin
1785232410.052550077 step=563 stage=after_set_ctrl
1785232410.052642822 step=563 stage=after_step_log
1785232410.052648306 step=563 stage=before_mj_step
1785232410.052711010 step=563 stage=after_mj_step
1785232410.052773714 step=564 stage=loop_begin
1785232410.053584099 step=564 stage=after_set_ctrl
1785232410.053677082 step=564 stage=after_step_log
1785232410.053683996 step=564 stage=before_mj_step
1785232410.053746223 step=564 stage=after_mj_step
1785232410.053809643 step=565 stage=loop_begin
1785232410.053864002 step=565 stage=before_camera_render
1785232410.106317282 step=565 stage=after_camera_render
1785232410.107735872 step=565 stage=after_set_ctrl
1785232410.107856274 step=565 stage=after_step_log
1785232410.107860565 step=565 stage=before_mj_step
1785232410.107983112 step=565 stage=after_mj_step
1785232410.108074427 step=566 stage=loop_begin
1785232410.109328747 step=566 stage=after_set_ctrl
1785232410.109428167 step=566 stage=after_step_log
1785232410.109432459 step=566 stage=before_mj_step
1785232410.109515190 step=566 stage=after_mj_step
1785232410.109584570 step=567 stage=loop_begin
1785232410.110608339 step=567 stage=after_set_ctrl
1785232410.110707045 step=567 stage=after_step_log
1785232410.110712528 step=567 stage=before_mj_step
1785232410.110784531 step=567 stage=after_mj_step
1785232410.110851765 step=568 stage=loop_begin
1785232410.112046003 step=568 stage=after_set_ctrl
1785232410.112138271 step=568 stage=after_step_log
1785232410.112142324 step=568 stage=before_mj_step
1785232410.112212896 step=568 stage=after_mj_step
1785232410.112277985 step=569 stage=loop_begin
1785232410.113335133 step=569 stage=after_set_ctrl
1785232410.113423586 step=569 stage=after_step_log
1785232410.113427877 step=569 stage=before_mj_step
1785232410.113491774 step=569 stage=after_mj_step
1785232410.113553762 step=570 stage=loop_begin
1785232410.113609552 step=570 stage=before_camera_render
1785232410.170467615 step=570 stage=after_camera_render
1785232410.171787977 step=570 stage=after_set_ctrl
1785232410.171903849 step=570 stage=after_step_log
1785232410.171908140 step=570 stage=before_mj_step
1785232410.172022104 step=570 stage=after_mj_step
1785232410.172118902 step=571 stage=loop_begin
1785232410.173473120 step=571 stage=after_set_ctrl
1785232410.173576117 step=571 stage=after_step_log
1785232410.173580885 step=571 stage=before_mj_step
1785232410.173666239 step=571 stage=after_mj_step
1785232410.173737288 step=572 stage=loop_begin
1785232410.174645424 step=572 stage=after_set_ctrl
1785232410.174736977 step=572 stage=after_step_log
1785232410.174741030 step=572 stage=before_mj_step
1785232410.174807072 step=572 stage=after_mj_step
1785232410.174876928 step=573 stage=loop_begin
1785232410.175872803 step=573 stage=after_set_ctrl
1785232410.175965786 step=573 stage=after_step_log
1785232410.175970554 step=573 stage=before_mj_step
1785232410.176045656 step=573 stage=after_mj_step
1785232410.176111221 step=574 stage=loop_begin
1785232410.177409887 step=574 stage=after_set_ctrl
1785232410.177505732 step=574 stage=after_step_log
1785232410.177510262 step=574 stage=before_mj_step
1785232410.177584171 step=574 stage=after_mj_step
1785232410.177655458 step=575 stage=loop_begin
1785232410.177717686 step=575 stage=before_camera_render
1785232410.231137991 step=575 stage=after_camera_render
1785232410.232566833 step=575 stage=after_set_ctrl
1785232410.232721329 step=575 stage=after_step_log
1785232410.232725859 step=575 stage=before_mj_step
1785232410.232832670 step=575 stage=after_mj_step
1785232410.232920647 step=576 stage=loop_begin
1785232410.234496832 step=576 stage=after_set_ctrl
1785232410.234589338 step=576 stage=after_step_log
1785232410.234594345 step=576 stage=before_mj_step
1785232410.234674454 step=576 stage=after_mj_step
1785232410.234743834 step=577 stage=loop_begin
1785232410.235573053 step=577 stage=after_set_ctrl
1785232410.235663414 step=577 stage=after_step_log
1785232410.235670090 step=577 stage=before_mj_step
1785232410.235733747 step=577 stage=after_mj_step
1785232410.235798120 step=578 stage=loop_begin
1785232410.236754179 step=578 stage=after_set_ctrl
1785232410.236843348 step=578 stage=after_step_log
1785232410.236847639 step=578 stage=before_mj_step
1785232410.236920357 step=578 stage=after_mj_step
1785232410.236984730 step=579 stage=loop_begin
1785232410.237949848 step=579 stage=after_set_ctrl
1785232410.238041401 step=579 stage=after_step_log
1785232410.238046408 step=579 stage=before_mj_step
1785232410.238118649 step=579 stage=after_mj_step
1785232410.238189220 step=580 stage=loop_begin
1785232410.238248348 step=580 stage=before_camera_render
1785232410.291597366 step=580 stage=after_camera_render
1785232410.293196917 step=580 stage=after_set_ctrl
1785232410.293308496 step=580 stage=after_step_log
1785232410.293312788 step=580 stage=before_mj_step
1785232410.293423891 step=580 stage=after_mj_step
1785232410.293510675 step=581 stage=loop_begin
1785232410.294544697 step=581 stage=after_set_ctrl
1785232410.294641495 step=581 stage=after_step_log
1785232410.294646502 step=581 stage=before_mj_step
1785232410.294720173 step=581 stage=after_mj_step
1785232410.294789314 step=582 stage=loop_begin
1785232410.295669079 step=582 stage=after_set_ctrl
1785232410.295764923 step=582 stage=after_step_log
1785232410.295770168 step=582 stage=before_mj_step
1785232410.295850039 step=582 stage=after_mj_step
1785232410.295920134 step=583 stage=loop_begin
1785232410.296926975 step=583 stage=after_set_ctrl
1785232410.297020912 step=583 stage=after_step_log
1785232410.297025442 step=583 stage=before_mj_step
1785232410.297103643 step=583 stage=after_mj_step
1785232410.297173023 step=584 stage=loop_begin
1785232410.298171997 step=584 stage=after_set_ctrl
1785232410.298259258 step=584 stage=after_step_log
1785232410.298264027 step=584 stage=before_mj_step
1785232410.298331022 step=584 stage=after_mj_step
1785232410.298396349 step=585 stage=loop_begin
1785232410.298454285 step=585 stage=before_camera_render
1785232410.352144718 step=585 stage=after_camera_render
1785232410.353723049 step=585 stage=after_set_ctrl
1785232410.353837490 step=585 stage=after_step_log
1785232410.353841782 step=585 stage=before_mj_step
1785232410.353949070 step=585 stage=after_mj_step
1785232410.354033947 step=586 stage=loop_begin
1785232410.355321407 step=586 stage=after_set_ctrl
1785232410.355423450 step=586 stage=after_step_log
1785232410.355429173 step=586 stage=before_mj_step
1785232410.355515480 step=586 stage=after_mj_step
1785232410.355589151 step=587 stage=loop_begin
1785232410.356626987 step=587 stage=after_set_ctrl
1785232410.356722355 step=587 stage=after_step_log
1785232410.356727600 step=587 stage=before_mj_step
1785232410.356796741 step=587 stage=after_mj_step
1785232410.356861591 step=588 stage=loop_begin
1785232410.357855082 step=588 stage=after_set_ctrl
1785232410.357949018 step=588 stage=after_step_log
1785232410.357953787 step=588 stage=before_mj_step
1785232410.358022928 step=588 stage=after_mj_step
1785232410.358086109 step=589 stage=loop_begin
1785232410.359023333 step=589 stage=after_set_ctrl
1785232410.359113693 step=589 stage=after_step_log
1785232410.359117746 step=589 stage=before_mj_step
1785232410.359180212 step=589 stage=after_mj_step
1785232410.359242916 step=590 stage=loop_begin
1785232410.359298229 step=590 stage=before_camera_render
1785232410.411444426 step=590 stage=after_camera_render
1785232410.412952662 step=590 stage=after_set_ctrl
1785232410.413064957 step=590 stage=after_step_log
1785232410.413069963 step=590 stage=before_mj_step
1785232410.413175583 step=590 stage=after_mj_step
1785232410.413253069 step=591 stage=loop_begin
1785232410.414265633 step=591 stage=after_set_ctrl
1785232410.414378643 step=591 stage=after_step_log
1785232410.414383411 step=591 stage=before_mj_step
1785232410.414485693 step=591 stage=after_mj_step
1785232410.414583206 step=592 stage=loop_begin
1785232410.415539026 step=592 stage=after_set_ctrl
1785232410.415625811 step=592 stage=after_step_log
1785232410.415630341 step=592 stage=before_mj_step
1785232410.415705681 step=592 stage=after_mj_step
1785232410.415770769 step=593 stage=loop_begin
1785232410.416680098 step=593 stage=after_set_ctrl
1785232410.416765928 step=593 stage=after_step_log
1785232410.416770220 step=593 stage=before_mj_step
1785232410.416833639 step=593 stage=after_mj_step
1785232410.416897297 step=594 stage=loop_begin
1785232410.417873621 step=594 stage=after_set_ctrl
1785232410.417965889 step=594 stage=after_step_log
1785232410.417970896 step=594 stage=before_mj_step
1785232410.418044329 step=594 stage=after_mj_step
1785232410.418108225 step=595 stage=loop_begin
1785232410.418167591 step=595 stage=before_camera_render
1785232410.470845699 step=595 stage=after_camera_render
1785232410.472558022 step=595 stage=after_set_ctrl
1785232410.472684383 step=595 stage=after_step_log
1785232410.472690105 step=595 stage=before_mj_step
1785232410.472793818 step=595 stage=after_mj_step
1785232410.472882748 step=596 stage=loop_begin
1785232410.474305630 step=596 stage=after_set_ctrl
1785232410.474404097 step=596 stage=after_step_log
1785232410.474408627 step=596 stage=before_mj_step
1785232410.474490166 step=596 stage=after_mj_step
1785232410.474563360 step=597 stage=loop_begin
1785232410.475685120 step=597 stage=after_set_ctrl
1785232410.475779772 step=597 stage=after_step_log
1785232410.475785255 step=597 stage=before_mj_step
1785232410.475861311 step=597 stage=after_mj_step
1785232410.475929499 step=598 stage=loop_begin
1785232410.476909399 step=598 stage=after_set_ctrl
1785232410.476998806 step=598 stage=after_step_log
1785232410.477004290 step=598 stage=before_mj_step
1785232410.477077007 step=598 stage=after_mj_step
1785232410.477144480 step=599 stage=loop_begin
1785232410.478234291 step=599 stage=after_set_ctrl
1785232410.478319168 step=599 stage=after_step_log
1785232410.478323698 step=599 stage=before_mj_step
1785232410.478389025 step=599 stage=after_mj_step
1785232410.478451014 step=600 stage=loop_begin
1785232410.478508234 step=600 stage=before_camera_render
1785232410.534153223 step=600 stage=after_camera_render
1785232410.535672426 step=600 stage=after_set_ctrl
1785232410.535816193 step=600 stage=after_step_log
1785232410.535820484 step=600 stage=before_mj_step
1785232410.535934925 step=600 stage=after_mj_step
1785232410.536013603 step=601 stage=loop_begin
1785232410.537323713 step=601 stage=after_set_ctrl
1785232410.537431955 step=601 stage=after_step_log
1785232410.537437439 step=601 stage=before_mj_step
1785232410.537541151 step=601 stage=after_mj_step
1785232410.537630796 step=602 stage=loop_begin
1785232410.538675308 step=602 stage=after_set_ctrl
1785232410.538774014 step=602 stage=after_step_log
1785232410.538778782 step=602 stage=before_mj_step
1785232410.538857698 step=602 stage=after_mj_step
1785232410.538933754 step=603 stage=loop_begin
1785232410.539839745 step=603 stage=after_set_ctrl
1785232410.539925575 step=603 stage=after_step_log
1785232410.539930344 step=603 stage=before_mj_step
1785232410.539993763 step=603 stage=after_mj_step
1785232410.540061474 step=604 stage=loop_begin
1785232410.540964127 step=604 stage=after_set_ctrl
1785232410.541054964 step=604 stage=after_step_log
1785232410.541059017 step=604 stage=before_mj_step
1785232410.541121721 step=604 stage=after_mj_step
1785232410.541185141 step=605 stage=loop_begin
1785232410.541239738 step=605 stage=before_camera_render
1785232410.593676090 step=605 stage=after_camera_render
1785232410.595171690 step=605 stage=after_set_ctrl
1785232410.595287085 step=605 stage=after_step_log
1785232410.595292091 step=605 stage=before_mj_step
1785232410.595400333 step=605 stage=after_mj_step
1785232410.595487118 step=606 stage=loop_begin
1785232410.596541166 step=606 stage=after_set_ctrl
1785232410.596648455 step=606 stage=after_step_log
1785232410.596654654 step=606 stage=before_mj_step
1785232410.596734762 step=606 stage=after_mj_step
1785232410.596805811 step=607 stage=loop_begin
1785232410.598317146 step=607 stage=after_set_ctrl
1785232410.598414660 step=607 stage=after_step_log
1785232410.598419428 step=607 stage=before_mj_step
1785232410.598498344 step=607 stage=after_mj_step
1785232410.598568678 step=608 stage=loop_begin
1785232410.599542856 step=608 stage=after_set_ctrl
1785232410.599633694 step=608 stage=after_step_log
1785232410.599645376 step=608 stage=before_mj_step
1785232410.599717140 step=608 stage=after_mj_step
1785232410.599785805 step=609 stage=loop_begin
1785232410.600786924 step=609 stage=after_set_ctrl
1785232410.600876570 step=609 stage=after_step_log
1785232410.600881338 step=609 stage=before_mj_step
1785232410.600945950 step=609 stage=after_mj_step
1785232410.601008892 step=610 stage=loop_begin
1785232410.601064205 step=610 stage=before_camera_render
1785232410.659532309 step=610 stage=after_camera_render
1785232410.660716772 step=610 stage=after_set_ctrl
1785232410.660829544 step=610 stage=after_step_log
1785232410.660834074 step=610 stage=before_mj_step
1785232410.660940886 step=610 stage=after_mj_step
1785232410.661027908 step=611 stage=loop_begin
1785232410.662284613 step=611 stage=after_set_ctrl
1785232410.662380695 step=611 stage=after_step_log
1785232410.662385464 step=611 stage=before_mj_step
1785232410.662465811 step=611 stage=after_mj_step
1785232410.662534714 step=612 stage=loop_begin
1785232410.663413048 step=612 stage=after_set_ctrl
1785232410.663505077 step=612 stage=after_step_log
1785232410.663509607 step=612 stage=before_mj_step
1785232410.663583279 step=612 stage=after_mj_step
1785232410.663655996 step=613 stage=loop_begin
1785232410.664584160 step=613 stage=after_set_ctrl
1785232410.664674997 step=613 stage=after_step_log
1785232410.664681911 step=613 stage=before_mj_step
1785232410.664750576 step=613 stage=after_mj_step
1785232410.664819717 step=614 stage=loop_begin
1785232410.665777683 step=614 stage=after_set_ctrl
1785232410.665865660 step=614 stage=after_step_log
1785232410.665870190 step=614 stage=before_mj_step
1785232410.665931940 step=614 stage=after_mj_step
1785232410.665993929 step=615 stage=loop_begin
1785232410.666048765 step=615 stage=before_camera_render
1785232410.717933655 step=615 stage=after_camera_render
1785232410.719448090 step=615 stage=after_set_ctrl
1785232410.719558477 step=615 stage=after_step_log
1785232410.719563007 step=615 stage=before_mj_step
1785232410.719678640 step=615 stage=after_mj_step
1785232410.719759464 step=616 stage=loop_begin
1785232410.720711470 step=616 stage=after_set_ctrl
1785232410.720810652 step=616 stage=after_step_log
1785232410.720815659 step=616 stage=before_mj_step
1785232410.720896482 step=616 stage=after_mj_step
1785232410.720962524 step=617 stage=loop_begin
1785232410.721888542 step=617 stage=after_set_ctrl
1785232410.721981287 step=617 stage=after_step_log
1785232410.721985817 step=617 stage=before_mj_step
1785232410.722058773 step=617 stage=after_mj_step
1785232410.722122908 step=618 stage=loop_begin
1785232410.723158121 step=618 stage=after_set_ctrl
1785232410.723247528 step=618 stage=after_step_log
1785232410.723252296 step=618 stage=before_mj_step
1785232410.723323345 step=618 stage=after_mj_step
1785232410.723386526 step=619 stage=loop_begin
1785232410.724287510 step=619 stage=after_set_ctrl
1785232410.724376202 step=619 stage=after_step_log
1785232410.724380493 step=619 stage=before_mj_step
1785232410.724446058 step=619 stage=after_mj_step
1785232410.724506855 step=620 stage=loop_begin
1785232410.724562168 step=620 stage=before_camera_render
1785232410.776572466 step=620 stage=after_camera_render
1785232410.778458834 step=620 stage=after_set_ctrl
1785232410.778568745 step=620 stage=after_step_log
1785232410.778573036 step=620 stage=before_mj_step
1785232410.778680563 step=620 stage=after_mj_step
1785232410.778759718 step=621 stage=loop_begin
1785232410.779829502 step=621 stage=after_set_ctrl
1785232410.779927254 step=621 stage=after_step_log
1785232410.779933214 step=621 stage=before_mj_step
1785232410.780008793 step=621 stage=after_mj_step
1785232410.780078411 step=622 stage=loop_begin
1785232410.781366825 step=622 stage=after_set_ctrl
1785232410.781461954 step=622 stage=after_step_log
1785232410.781466484 step=622 stage=before_mj_step
1785232410.781534433 step=622 stage=after_mj_step
1785232410.781601906 step=623 stage=loop_begin
1785232410.782504559 step=623 stage=after_set_ctrl
1785232410.782597542 step=623 stage=after_step_log
1785232410.782604218 step=623 stage=before_mj_step
1785232410.782685757 step=623 stage=after_mj_step
1785232410.782754660 step=624 stage=loop_begin
1785232410.783692122 step=624 stage=after_set_ctrl
1785232410.783783913 step=624 stage=after_step_log
1785232410.783787727 step=624 stage=before_mj_step
1785232410.783860683 step=624 stage=after_mj_step
1785232410.783926487 step=625 stage=loop_begin
1785232410.783981085 step=625 stage=before_camera_render
1785232410.837879181 step=625 stage=after_camera_render
1785232410.839334249 step=625 stage=after_set_ctrl
1785232410.839476109 step=625 stage=after_step_log
1785232410.839480162 step=625 stage=before_mj_step
1785232410.839584827 step=625 stage=after_mj_step
1785232410.839678288 step=626 stage=loop_begin
1785232410.840903997 step=626 stage=after_set_ctrl
1785232410.841003180 step=626 stage=after_step_log
1785232410.841007710 step=626 stage=before_mj_step
1785232410.841078520 step=626 stage=after_mj_step
1785232410.841144323 step=627 stage=loop_begin
1785232410.842550993 step=627 stage=after_set_ctrl
1785232410.842650890 step=627 stage=after_step_log
1785232410.842656374 step=627 stage=before_mj_step
1785232410.842732430 step=627 stage=after_mj_step
1785232410.842798948 step=628 stage=loop_begin
1785232410.843875647 step=628 stage=after_set_ctrl
1785232410.843962193 step=628 stage=after_step_log
1785232410.843966007 step=628 stage=before_mj_step
1785232410.844033957 step=628 stage=after_mj_step
1785232410.844099283 step=629 stage=loop_begin
1785232410.844986200 step=629 stage=after_set_ctrl
1785232410.845076323 step=629 stage=after_step_log
1785232410.845080614 step=629 stage=before_mj_step
1785232410.845144272 step=629 stage=after_mj_step
1785232410.845208645 step=630 stage=loop_begin
1785232410.845259190 step=630 stage=before_camera_render
1785232410.898878574 step=630 stage=after_camera_render
1785232410.900480032 step=630 stage=after_set_ctrl
1785232410.900597334 step=630 stage=after_step_log
1785232410.900601625 step=630 stage=before_mj_step
1785232410.900712252 step=630 stage=after_mj_step
1785232410.900807858 step=631 stage=loop_begin
1785232410.901792049 step=631 stage=after_set_ctrl
1785232410.901878834 step=631 stage=after_step_log
1785232410.901882887 step=631 stage=before_mj_step
1785232410.901947975 step=631 stage=after_mj_step
1785232410.902014494 step=632 stage=loop_begin
1785232410.903166771 step=632 stage=after_set_ctrl
1785232410.903260469 step=632 stage=after_step_log
1785232410.903264761 step=632 stage=before_mj_step
1785232410.903340578 step=632 stage=after_mj_step
1785232410.903405428 step=633 stage=loop_begin
1785232410.904598951 step=633 stage=after_set_ctrl
1785232410.904689312 step=633 stage=after_step_log
1785232410.904694796 step=633 stage=before_mj_step
1785232410.904758453 step=633 stage=after_mj_step
1785232410.904823065 step=634 stage=loop_begin
1785232410.905784130 step=634 stage=after_set_ctrl
1785232410.905871868 step=634 stage=after_step_log
1785232410.905876160 step=634 stage=before_mj_step
1785232410.905949593 step=634 stage=after_mj_step
1785232410.906013489 step=635 stage=loop_begin
1785232410.906069279 step=635 stage=before_camera_render
1785232410.959853172 step=635 stage=after_camera_render
1785232410.961233377 step=635 stage=after_set_ctrl
1785232410.961350679 step=635 stage=after_step_log
1785232410.961354971 step=635 stage=before_mj_step
1785232410.961466312 step=635 stage=after_mj_step
1785232410.961551189 step=636 stage=loop_begin
1785232410.962557077 step=636 stage=after_set_ctrl
1785232410.962659121 step=636 stage=after_step_log
1785232410.962664127 step=636 stage=before_mj_step
1785232410.962743759 step=636 stage=after_mj_step
1785232410.962813616 step=637 stage=loop_begin
1785232410.963909388 step=637 stage=after_set_ctrl
1785232410.964002848 step=637 stage=after_step_log
1785232410.964007139 step=637 stage=before_mj_step
1785232410.964080095 step=637 stage=after_mj_step
1785232410.964147806 step=638 stage=loop_begin
1785232410.965370655 step=638 stage=after_set_ctrl
1785232410.965461254 step=638 stage=after_step_log
1785232410.965465546 step=638 stage=before_mj_step
1785232410.965531826 step=638 stage=after_mj_step
1785232410.965599060 step=639 stage=loop_begin
1785232410.966476440 step=639 stage=after_set_ctrl
1785232410.966568947 step=639 stage=after_step_log
1785232410.966573715 step=639 stage=before_mj_step
1785232410.966647148 step=639 stage=after_mj_step
1785232410.966717720 step=640 stage=loop_begin
1785232410.966772795 step=640 stage=before_camera_render
1785232411.023566246 step=640 stage=after_camera_render
1785232411.024932623 step=640 stage=after_set_ctrl
1785232411.025042057 step=640 stage=after_step_log
1785232411.025047064 step=640 stage=before_mj_step
1785232411.025156498 step=640 stage=after_mj_step
1785232411.025239468 step=641 stage=loop_begin
1785232411.026597023 step=641 stage=after_set_ctrl
1785232411.026703835 step=641 stage=after_step_log
1785232411.026709557 step=641 stage=before_mj_step
1785232411.026785851 step=641 stage=after_mj_step
1785232411.026855469 step=642 stage=loop_begin
1785232411.027839899 step=642 stage=after_set_ctrl
1785232411.027925491 step=642 stage=after_step_log
1785232411.027929783 step=642 stage=before_mj_step
1785232411.027993679 step=642 stage=after_mj_step
1785232411.028058529 step=643 stage=loop_begin
1785232411.029241800 step=643 stage=after_set_ctrl
1785232411.029331207 step=643 stage=after_step_log
1785232411.029335976 step=643 stage=before_mj_step
1785232411.029408693 step=643 stage=after_mj_step
1785232411.029473066 step=644 stage=loop_begin
1785232411.030476093 step=644 stage=after_set_ctrl
1785232411.030568361 step=644 stage=after_step_log
1785232411.030573130 step=644 stage=before_mj_step
1785232411.030647993 step=644 stage=after_mj_step
1785232411.030713558 step=645 stage=loop_begin
1785232411.030766964 step=645 stage=before_camera_render
1785232411.082916260 step=645 stage=after_camera_render
1785232411.084502220 step=645 stage=after_set_ctrl
1785232411.084615231 step=645 stage=after_step_log
1785232411.084620237 step=645 stage=before_mj_step
1785232411.084737062 step=645 stage=after_mj_step
1785232411.084826946 step=646 stage=loop_begin
1785232411.086009264 step=646 stage=after_set_ctrl
1785232411.086098909 step=646 stage=after_step_log
1785232411.086102962 step=646 stage=before_mj_step
1785232411.086169481 step=646 stage=after_mj_step
1785232411.086231232 step=647 stage=loop_begin
1785232411.087292433 step=647 stage=after_set_ctrl
1785232411.087381363 step=647 stage=after_step_log
1785232411.087385416 step=647 stage=before_mj_step
1785232411.087448597 step=647 stage=after_mj_step
1785232411.087511539 step=648 stage=loop_begin
1785232411.088460684 step=648 stage=after_set_ctrl
1785232411.088550329 step=648 stage=after_step_log
1785232411.088554144 step=648 stage=before_mj_step
1785232411.088618994 step=648 stage=after_mj_step
1785232411.088690519 step=649 stage=loop_begin
1785232411.088962555 step=649 stage=after_set_ctrl
1785232411.089035988 step=649 stage=after_step_log
1785232411.089040041 step=649 stage=before_mj_step
1785232411.089104176 step=649 stage=after_mj_step
1785232411.089156866 step=650 stage=loop_begin
1785232411.089170456 step=650 stage=before_camera_render
1785232411.144265413 step=650 stage=after_camera_render
1785232411.144752741 step=650 stage=after_set_ctrl
1785232411.144883633 step=650 stage=after_step_log
1785232411.144887209 step=650 stage=before_mj_step
1785232411.144996643 step=650 stage=after_mj_step
1785232411.145058393 step=651 stage=loop_begin
1785232411.145354033 step=651 stage=after_set_ctrl
1785232411.145428419 step=651 stage=after_step_log
1785232411.145431995 step=651 stage=before_mj_step
1785232411.145488739 step=651 stage=after_mj_step
1785232411.145534039 step=652 stage=loop_begin
1785232411.145795822 step=652 stage=after_set_ctrl
1785232411.145866394 step=652 stage=after_step_log
1785232411.145869732 step=652 stage=before_mj_step
1785232411.145924091 step=652 stage=after_mj_step
1785232411.145969152 step=653 stage=loop_begin
1785232411.146221638 step=653 stage=after_set_ctrl
1785232411.146286488 step=653 stage=after_step_log
1785232411.146289587 step=653 stage=before_mj_step
1785232411.146341085 step=653 stage=after_mj_step
1785232411.146382570 step=654 stage=loop_begin
1785232411.146635771 step=654 stage=after_set_ctrl
1785232411.146712303 step=654 stage=after_step_log
1785232411.146716118 step=654 stage=before_mj_step
1785232411.146774292 step=654 stage=after_mj_step
1785232411.146817446 step=655 stage=loop_begin
1785232411.146828890 step=655 stage=before_camera_render
1785232411.198920727 step=655 stage=after_camera_render
1785232411.199318409 step=655 stage=after_set_ctrl
1785232411.199417114 step=655 stage=after_step_log
1785232411.199420929 step=655 stage=before_mj_step
1785232411.199543476 step=655 stage=after_mj_step
1785232411.199626684 step=656 stage=loop_begin
1785232411.199921131 step=656 stage=after_set_ctrl
1785232411.199999094 step=656 stage=after_step_log
1785232411.200002193 step=656 stage=before_mj_step
1785232411.200059175 step=656 stage=after_mj_step
1785232411.200109243 step=657 stage=loop_begin
1785232411.200365782 step=657 stage=after_set_ctrl
1785232411.200434446 step=657 stage=after_step_log
1785232411.200437546 step=657 stage=before_mj_step
1785232411.200489283 step=657 stage=after_mj_step
1785232411.200532198 step=658 stage=loop_begin
1785232411.200784683 step=658 stage=after_set_ctrl
1785232411.200855255 step=658 stage=after_step_log
1785232411.200858593 step=658 stage=before_mj_step
1785232411.200913429 step=658 stage=after_mj_step
1785232411.200959682 step=659 stage=loop_begin
1785232411.201221704 step=659 stage=after_set_ctrl
1785232411.201290607 step=659 stage=after_step_log
1785232411.201294184 step=659 stage=before_mj_step
1785232411.201344490 step=659 stage=after_mj_step
1785232411.201387405 step=660 stage=loop_begin
1785232411.201399803 step=660 stage=before_camera_render
1785232411.256714582 step=660 stage=after_camera_render
1785232411.257143497 step=660 stage=after_set_ctrl
1785232411.257239342 step=660 stage=after_step_log
1785232411.257243156 step=660 stage=before_mj_step
1785232411.257348776 step=660 stage=after_mj_step
1785232411.257421255 step=661 stage=loop_begin
1785232411.257739782 step=661 stage=after_set_ctrl
1785232411.257823229 step=661 stage=after_step_log
1785232411.257827044 step=661 stage=before_mj_step
1785232411.257892609 step=661 stage=after_mj_step
1785232411.257949114 step=662 stage=loop_begin
1785232411.258222103 step=662 stage=after_set_ctrl
1785232411.258295059 step=662 stage=after_step_log
1785232411.258298397 step=662 stage=before_mj_step
1785232411.258359909 step=662 stage=after_mj_step
1785232411.258409739 step=663 stage=loop_begin
1785232411.258693933 step=663 stage=after_set_ctrl
1785232411.258768797 step=663 stage=after_step_log
1785232411.258773088 step=663 stage=before_mj_step
1785232411.258830309 step=663 stage=after_mj_step
1785232411.258881330 step=664 stage=loop_begin
1785232411.259139776 step=664 stage=after_set_ctrl
1785232411.259210348 step=664 stage=after_step_log
1785232411.259213686 step=664 stage=before_mj_step
1785232411.259268284 step=664 stage=after_mj_step
1785232411.259317398 step=665 stage=loop_begin
1785232411.259330034 step=665 stage=before_camera_render
1785232411.311720610 step=665 stage=after_camera_render
1785232411.312146664 step=665 stage=after_set_ctrl
1785232411.312241554 step=665 stage=after_step_log
1785232411.312246323 step=665 stage=before_mj_step
1785232411.312352180 step=665 stage=after_mj_step
1785232411.312426567 step=666 stage=loop_begin
1785232411.312721014 step=666 stage=after_set_ctrl
1785232411.312798738 step=666 stage=after_step_log
1785232411.312802076 step=666 stage=before_mj_step
1785232411.312864065 step=666 stage=after_mj_step
1785232411.312914610 step=667 stage=loop_begin
1785232411.313178778 step=667 stage=after_set_ctrl
1785232411.313251019 step=667 stage=after_step_log
1785232411.313256741 step=667 stage=before_mj_step
1785232411.313309669 step=667 stage=after_mj_step
1785232411.313356638 step=668 stage=loop_begin
1785232411.313610077 step=668 stage=after_set_ctrl
1785232411.313685417 step=668 stage=after_step_log
1785232411.313691139 step=668 stage=before_mj_step
1785232411.313749313 step=668 stage=after_mj_step
1785232411.313799381 step=669 stage=loop_begin
1785232411.314067364 step=669 stage=after_set_ctrl
1785232411.314134121 step=669 stage=after_step_log
1785232411.314137459 step=669 stage=before_mj_step
1785232411.314188004 step=669 stage=after_mj_step
1785232411.314233541 step=670 stage=loop_begin
1785232411.314246178 step=670 stage=before_camera_render
1785232411.367794037 step=670 stage=after_camera_render
1785232411.368206024 step=670 stage=after_set_ctrl
1785232411.368316889 step=670 stage=after_step_log
1785232411.368321180 step=670 stage=before_mj_step
1785232411.368450165 step=670 stage=after_mj_step
1785232411.368534565 step=671 stage=loop_begin
1785232411.368847609 step=671 stage=after_set_ctrl
1785232411.368938684 step=671 stage=after_step_log
1785232411.368943214 step=671 stage=before_mj_step
1785232411.369017363 step=671 stage=after_mj_step
1785232411.369077921 step=672 stage=loop_begin
1785232411.369359255 step=672 stage=after_set_ctrl
1785232411.369442225 step=672 stage=after_step_log
1785232411.369446516 step=672 stage=before_mj_step
1785232411.369514465 step=672 stage=after_mj_step
1785232411.369575500 step=673 stage=loop_begin
1785232411.369858980 step=673 stage=after_set_ctrl
1785232411.369940758 step=673 stage=after_step_log
1785232411.369944811 step=673 stage=before_mj_step
1785232411.370008230 step=673 stage=after_mj_step
1785232411.370066404 step=674 stage=loop_begin
1785232411.370333433 step=674 stage=after_set_ctrl
1785232411.370409727 step=674 stage=after_step_log
1785232411.370413065 step=674 stage=before_mj_step
1785232411.370475292 step=674 stage=after_mj_step
1785232411.370530367 step=675 stage=loop_begin
1785232411.370546103 step=675 stage=before_camera_render
1785232411.423555136 step=675 stage=after_camera_render
1785232411.424083948 step=675 stage=after_set_ctrl
1785232411.424237251 step=675 stage=after_step_log
1785232411.424242496 step=675 stage=before_mj_step
1785232411.424402237 step=675 stage=after_mj_step
1785232411.424489021 step=676 stage=loop_begin
1785232411.424836636 step=676 stage=after_set_ctrl
1785232411.424919844 step=676 stage=after_step_log
1785232411.424923658 step=676 stage=before_mj_step
1785232411.424992800 step=676 stage=after_mj_step
1785232411.425051928 step=677 stage=loop_begin
1785232411.425341606 step=677 stage=after_set_ctrl
1785232411.425415993 step=677 stage=after_step_log
1785232411.425419331 step=677 stage=before_mj_step
1785232411.425472975 step=677 stage=after_mj_step
1785232411.425523996 step=678 stage=loop_begin
1785232411.425805807 step=678 stage=after_set_ctrl
1785232411.425879240 step=678 stage=after_step_log
1785232411.425882816 step=678 stage=before_mj_step
1785232411.425935984 step=678 stage=after_mj_step
1785232411.425987005 step=679 stage=loop_begin
1785232411.426254272 step=679 stage=after_set_ctrl
1785232411.426321983 step=679 stage=after_step_log
1785232411.426325321 step=679 stage=before_mj_step
1785232411.426381350 step=679 stage=after_mj_step
1785232411.426428318 step=680 stage=loop_begin
1785232411.426443815 step=680 stage=before_camera_render
1785232411.479418278 step=680 stage=after_camera_render
1785232411.479836702 step=680 stage=after_set_ctrl
1785232411.479935408 step=680 stage=after_step_log
1785232411.479939699 step=680 stage=before_mj_step
1785232411.480072498 step=680 stage=after_mj_step
1785232411.480164528 step=681 stage=loop_begin
1785232411.480490923 step=681 stage=after_set_ctrl
1785232411.480579138 step=681 stage=after_step_log
1785232411.480582952 step=681 stage=before_mj_step
1785232411.480654240 step=681 stage=after_mj_step
1785232411.480715752 step=682 stage=loop_begin
1785232411.480993509 step=682 stage=after_set_ctrl
1785232411.481063604 step=682 stage=after_step_log
1785232411.481067419 step=682 stage=before_mj_step
1785232411.481131077 step=682 stage=after_mj_step
1785232411.481184959 step=683 stage=loop_begin
1785232411.481466293 step=683 stage=after_set_ctrl
1785232411.481548548 step=683 stage=after_step_log
1785232411.481552362 step=683 stage=before_mj_step
1785232411.481616020 step=683 stage=after_mj_step
1785232411.481679440 step=684 stage=loop_begin
1785232411.481956959 step=684 stage=after_set_ctrl
1785232411.482026815 step=684 stage=after_step_log
1785232411.482029915 step=684 stage=before_mj_step
1785232411.482090950 step=684 stage=after_mj_step
1785232411.482142687 step=685 stage=loop_begin
1785232411.482159138 step=685 stage=before_camera_render
1785232411.535655260 step=685 stage=after_camera_render
1785232411.536066294 step=685 stage=after_set_ctrl
1785232411.536165237 step=685 stage=after_step_log
1785232411.536169052 step=685 stage=before_mj_step
1785232411.536291599 step=685 stage=after_mj_step
1785232411.536372662 step=686 stage=loop_begin
1785232411.536694527 step=686 stage=after_set_ctrl
1785232411.536778212 step=686 stage=after_step_log
1785232411.536782026 step=686 stage=before_mj_step
1785232411.536851645 step=686 stage=after_mj_step
1785232411.536908388 step=687 stage=loop_begin
1785232411.537184715 step=687 stage=after_set_ctrl
1785232411.537256241 step=687 stage=after_step_log
1785232411.537259340 step=687 stage=before_mj_step
1785232411.537319899 step=687 stage=after_mj_step
1785232411.537370920 step=688 stage=loop_begin
1785232411.537642717 step=688 stage=after_set_ctrl
1785232411.537719965 step=688 stage=after_step_log
1785232411.537724018 step=688 stage=before_mj_step
1785232411.537788868 step=688 stage=after_mj_step
1785232411.537844181 step=689 stage=loop_begin
1785232411.539204597 step=689 stage=after_set_ctrl
1785232411.539318085 step=689 stage=after_step_log
1785232411.539323330 step=689 stage=before_mj_step
1785232411.539425373 step=689 stage=after_mj_step
1785232411.539502382 step=690 stage=loop_begin
1785232411.539527893 step=690 stage=before_camera_render
1785232411.592976570 step=690 stage=after_camera_render
1785232411.594203234 step=690 stage=after_set_ctrl
1785232411.594316483 step=690 stage=after_step_log
1785232411.594321251 step=690 stage=before_mj_step
1785232411.594459057 step=690 stage=after_mj_step
1785232411.594543934 step=691 stage=loop_begin
1785232411.595494986 step=691 stage=after_set_ctrl
1785232411.595593452 step=691 stage=after_step_log
1785232411.595597506 step=691 stage=before_mj_step
1785232411.595694542 step=691 stage=after_mj_step
1785232411.595761061 step=692 stage=loop_begin
1785232411.596685171 step=692 stage=after_set_ctrl
1785232411.596779585 step=692 stage=after_step_log
1785232411.596783876 step=692 stage=before_mj_step
1785232411.596873283 step=692 stage=after_mj_step
1785232411.596940517 step=693 stage=loop_begin
1785232411.597883463 step=693 stage=after_set_ctrl
1785232411.597979069 step=693 stage=after_step_log
1785232411.597983599 step=693 stage=before_mj_step
1785232411.598066330 step=693 stage=after_mj_step
1785232411.598132849 step=694 stage=loop_begin
1785232411.599312067 step=694 stage=after_set_ctrl
1785232411.599399567 step=694 stage=after_step_log
1785232411.599403858 step=694 stage=before_mj_step
1785232411.599484682 step=694 stage=after_mj_step
1785232411.599549532 step=695 stage=loop_begin
1785232411.599571228 step=695 stage=before_camera_render
1785232411.652440548 step=695 stage=after_camera_render
1785232411.653798342 step=695 stage=after_set_ctrl
1785232411.653908014 step=695 stage=after_step_log
1785232411.653912544 step=695 stage=before_mj_step
1785232411.654049397 step=695 stage=after_mj_step
1785232411.654129267 step=696 stage=loop_begin
1785232411.655339003 step=696 stage=after_set_ctrl
1785232411.655437708 step=696 stage=after_step_log
1785232411.655441999 step=696 stage=before_mj_step
1785232411.655549526 step=696 stage=after_mj_step
1785232411.655623198 step=697 stage=loop_begin
1785232411.656669378 step=697 stage=after_set_ctrl
1785232411.656780720 step=697 stage=after_step_log
1785232411.656785488 step=697 stage=before_mj_step
1785232411.656893253 step=697 stage=after_mj_step
1785232411.656962156 step=698 stage=loop_begin
1785232411.657878637 step=698 stage=after_set_ctrl
1785232411.657974482 step=698 stage=after_step_log
1785232411.657978773 step=698 stage=before_mj_step
1785232411.658074617 step=698 stage=after_mj_step
1785232411.658142090 step=699 stage=loop_begin
1785232411.659275532 step=699 stage=after_set_ctrl
1785232411.659368992 step=699 stage=after_step_log
1785232411.659373522 step=699 stage=before_mj_step
1785232411.659457445 step=699 stage=after_mj_step
1785232411.659522772 step=700 stage=loop_begin
1785232411.659543753 step=700 stage=before_camera_render
1785232411.714183331 step=700 stage=after_camera_render
1785232411.716069221 step=700 stage=after_set_ctrl
1785232411.716208696 step=700 stage=after_step_log
1785232411.716212511 step=700 stage=before_mj_step
1785232411.716329813 step=700 stage=after_mj_step
1785232411.716403723 step=701 stage=loop_begin
1785232411.717446089 step=701 stage=after_set_ctrl
1785232411.717543840 step=701 stage=after_step_log
1785232411.717548370 step=701 stage=before_mj_step
1785232411.717643261 step=701 stage=after_mj_step
1785232411.717714071 step=702 stage=loop_begin
1785232411.718680620 step=702 stage=after_set_ctrl
1785232411.718771696 step=702 stage=after_step_log
1785232411.718775749 step=702 stage=before_mj_step
1785232411.718853235 step=702 stage=after_mj_step
1785232411.718919277 step=703 stage=loop_begin
1785232411.719883204 step=703 stage=after_set_ctrl
1785232411.719969273 step=703 stage=after_step_log
1785232411.719973087 step=703 stage=before_mj_step
1785232411.720047712 step=703 stage=after_mj_step
1785232411.720112324 step=704 stage=loop_begin
1785232411.721320391 step=704 stage=after_set_ctrl
1785232411.721413851 step=704 stage=after_step_log
1785232411.721418381 step=704 stage=before_mj_step
1785232411.721505165 step=704 stage=after_mj_step
1785232411.721570015 step=705 stage=loop_begin
1785232411.721591473 step=705 stage=before_camera_render
1785232411.774329424 step=705 stage=after_camera_render
1785232411.777225971 step=705 stage=after_set_ctrl
1785232411.777333736 step=705 stage=after_step_log
1785232411.777337790 step=705 stage=before_mj_step
1785232411.777456045 step=705 stage=after_mj_step
1785232411.777541399 step=706 stage=loop_begin
1785232411.778724670 step=706 stage=after_set_ctrl
1785232411.778819799 step=706 stage=after_step_log
1785232411.778824091 step=706 stage=before_mj_step
1785232411.778906822 step=706 stage=after_mj_step
1785232411.778975725 step=707 stage=loop_begin
1785232411.779865265 step=707 stage=after_set_ctrl
1785232411.779953957 step=707 stage=after_step_log
1785232411.779958010 step=707 stage=before_mj_step
1785232411.780029774 step=707 stage=after_mj_step
1785232411.780093431 step=708 stage=loop_begin
1785232411.781151056 step=708 stage=after_set_ctrl
1785232411.781247377 step=708 stage=after_step_log
1785232411.781251907 step=708 stage=before_mj_step
1785232411.781330347 step=708 stage=after_mj_step
1785232411.781394005 step=709 stage=loop_begin
1785232411.782296658 step=709 stage=after_set_ctrl
1785232411.782386541 step=709 stage=after_step_log
1785232411.782390594 step=709 stage=before_mj_step
1785232411.782463789 step=709 stage=after_mj_step
1785232411.782528877 step=710 stage=loop_begin
1785232411.782550097 step=710 stage=before_camera_render
1785232411.835559607 step=710 stage=after_camera_render
1785232411.836978197 step=710 stage=after_set_ctrl
1785232411.837096214 step=710 stage=after_step_log
1785232411.837100744 step=710 stage=before_mj_step
1785232411.837211609 step=710 stage=after_mj_step
1785232411.837299347 step=711 stage=loop_begin
1785232411.838513851 step=711 stage=after_set_ctrl
1785232411.838603735 step=711 stage=after_step_log
1785232411.838608742 step=711 stage=before_mj_step
1785232411.838694811 step=711 stage=after_mj_step
1785232411.838764429 step=712 stage=loop_begin
1785232411.839876413 step=712 stage=after_set_ctrl
1785232411.839961529 step=712 stage=after_step_log
1785232411.839966297 step=712 stage=before_mj_step
1785232411.840039968 step=712 stage=after_mj_step
1785232411.840104818 step=713 stage=loop_begin
1785232411.841304541 step=713 stage=after_set_ctrl
1785232411.841392040 step=713 stage=after_step_log
1785232411.841397285 step=713 stage=before_mj_step
1785232411.841468811 step=713 stage=after_mj_step
1785232411.841532707 step=714 stage=loop_begin
1785232411.842480898 step=714 stage=after_set_ctrl
1785232411.842570066 step=714 stage=after_step_log
1785232411.842576027 step=714 stage=before_mj_step
1785232411.842658281 step=714 stage=after_mj_step
1785232411.842724562 step=715 stage=loop_begin
1785232411.842745304 step=715 stage=before_camera_render
1785232411.895787716 step=715 stage=after_camera_render
1785232411.897829533 step=715 stage=after_set_ctrl
1785232411.897939920 step=715 stage=after_step_log
1785232411.897944689 step=715 stage=before_mj_step
1785232411.898053408 step=715 stage=after_mj_step
1785232411.898144007 step=716 stage=loop_begin
1785232411.899430513 step=716 stage=after_set_ctrl
1785232411.899528742 step=716 stage=after_step_log
1785232411.899533033 step=716 stage=before_mj_step
1785232411.899614573 step=716 stage=after_mj_step
1785232411.899693251 step=717 stage=loop_begin
1785232411.900604486 step=717 stage=after_set_ctrl
1785232411.900700331 step=717 stage=after_step_log
1785232411.900707006 step=717 stage=before_mj_step
1785232411.900784492 step=717 stage=after_mj_step
1785232411.900854826 step=718 stage=loop_begin
1785232411.901791573 step=718 stage=after_set_ctrl
1785232411.901881933 step=718 stage=after_step_log
1785232411.901886225 step=718 stage=before_mj_step
1785232411.901963234 step=718 stage=after_mj_step
1785232411.902032375 step=719 stage=loop_begin
1785232411.902857065 step=719 stage=after_set_ctrl
1785232411.902946472 step=719 stage=after_step_log
1785232411.902950287 step=719 stage=before_mj_step
1785232411.903028011 step=719 stage=after_mj_step
1785232411.903094769 step=720 stage=loop_begin
1785232411.903116465 step=720 stage=before_camera_render
1785232411.955813885 step=720 stage=after_camera_render
1785232411.957474470 step=720 stage=after_set_ctrl
1785232411.957584381 step=720 stage=after_step_log
1785232411.957588911 step=720 stage=before_mj_step
1785232411.957706451 step=720 stage=after_mj_step
1785232411.957793951 step=721 stage=loop_begin
1785232411.959080219 step=721 stage=after_set_ctrl
1785232411.959172010 step=721 stage=after_step_log
1785232411.959176540 step=721 stage=before_mj_step
1785232411.959253788 step=721 stage=after_mj_step
1785232411.959323168 step=722 stage=loop_begin
1785232411.960376978 step=722 stage=after_set_ctrl
1785232411.960469246 step=722 stage=after_step_log
1785232411.960473537 step=722 stage=before_mj_step
1785232411.960550070 step=722 stage=after_mj_step
1785232411.960614204 step=723 stage=loop_begin
1785232411.961410046 step=723 stage=after_set_ctrl
1785232411.961506605 step=723 stage=after_step_log
1785232411.961511135 step=723 stage=before_mj_step
1785232411.961587667 step=723 stage=after_mj_step
1785232411.961659670 step=724 stage=loop_begin
1785232411.962528467 step=724 stage=after_set_ctrl
1785232411.962612152 step=724 stage=after_step_log
1785232411.962616682 step=724 stage=before_mj_step
1785232411.962692022 step=724 stage=after_mj_step
1785232411.962759256 step=725 stage=loop_begin
1785232411.962780952 step=725 stage=before_camera_render
1785232412.014955997 step=725 stage=after_camera_render
1785232412.016832352 step=725 stage=after_set_ctrl
1785232412.016965866 step=725 stage=after_step_log
1785232412.016969442 step=725 stage=before_mj_step
1785232412.017076969 step=725 stage=after_mj_step
1785232412.017154932 step=726 stage=loop_begin
1785232412.018419504 step=726 stage=after_set_ctrl
1785232412.018512487 step=726 stage=after_step_log
1785232412.018516541 step=726 stage=before_mj_step
1785232412.018593550 step=726 stage=after_mj_step
1785232412.018666744 step=727 stage=loop_begin
1785232412.019774675 step=727 stage=after_set_ctrl
1785232412.019866467 step=727 stage=after_step_log
1785232412.019870758 step=727 stage=before_mj_step
1785232412.019949913 step=727 stage=after_mj_step
1785232412.020016432 step=728 stage=loop_begin
1785232412.020939827 step=728 stage=after_set_ctrl
1785232412.021030664 step=728 stage=after_step_log
1785232412.021035671 step=728 stage=before_mj_step
1785232412.021113396 step=728 stage=after_mj_step
1785232412.021179914 step=729 stage=loop_begin
1785232417.895897150 step=730 stage=loop_begin
1785232417.896049500 step=730 stage=before_camera_render
1785232417.947578669 step=730 stage=after_camera_render
1785232417.949679852 step=730 stage=after_set_ctrl
1785232417.949796677 step=730 stage=after_step_log
1785232417.949801445 step=730 stage=before_mj_step
1785232417.949921608 step=730 stage=after_mj_step
1785232417.950028896 step=731 stage=loop_begin
1785232417.951489210 step=731 stage=after_set_ctrl
1785232417.951585770 step=731 stage=after_step_log
1785232417.951591015 step=731 stage=before_mj_step
1785232417.951694489 step=731 stage=after_mj_step
1785232417.951768637 step=732 stage=loop_begin
1785232417.952826977 step=732 stage=after_set_ctrl
1785232417.952916145 step=732 stage=after_step_log
1785232417.952921152 step=732 stage=before_mj_step
1785232417.953009129 step=732 stage=after_mj_step
1785232417.953080893 step=733 stage=loop_begin
1785232417.954506636 step=733 stage=after_set_ctrl
1785232417.954599142 step=733 stage=after_step_log
1785232417.954604387 step=733 stage=before_mj_step
1785232417.954698801 step=733 stage=after_mj_step
1785232417.954769850 step=734 stage=loop_begin
1785232417.955828428 step=734 stage=after_set_ctrl
1785232417.955917120 step=734 stage=after_step_log
1785232417.955922127 step=734 stage=before_mj_step
1785232417.956001997 step=734 stage=after_mj_step
1785232417.956068039 step=735 stage=loop_begin
1785232417.956129789 step=735 stage=before_camera_render
1785232418.011126518 step=735 stage=after_camera_render
1785232418.012658834 step=735 stage=after_set_ctrl
1785232418.012770414 step=735 stage=after_step_log
1785232418.012776136 step=735 stage=before_mj_step
1785232418.012891293 step=735 stage=after_mj_step
1785232418.012978315 step=736 stage=loop_begin
1785232418.014103651 step=736 stage=after_set_ctrl
1785232418.014195681 step=736 stage=after_step_log
1785232418.014201164 step=736 stage=before_mj_step
1785232418.014289141 step=736 stage=after_mj_step
1785232418.014355898 step=737 stage=loop_begin
1785232418.015361071 step=737 stage=after_set_ctrl
1785232418.015448332 step=737 stage=after_step_log
1785232418.015453577 step=737 stage=before_mj_step
1785232418.015532255 step=737 stage=after_mj_step
1785232418.015595913 step=738 stage=loop_begin
1785232418.016571045 step=738 stage=after_set_ctrl
1785232418.016668320 step=738 stage=after_step_log
1785232418.016674042 step=738 stage=before_mj_step
1785232418.016753197 step=738 stage=after_mj_step
1785232418.016819715 step=739 stage=loop_begin
1785232418.017701387 step=739 stage=after_set_ctrl
1785232418.017788172 step=739 stage=after_step_log
1785232418.017792940 step=739 stage=before_mj_step
1785232418.017875195 step=739 stage=after_mj_step
1785232418.017940521 step=740 stage=loop_begin
1785232418.017997026 step=740 stage=before_camera_render
1785232418.072038174 step=740 stage=after_camera_render
1785232418.073616982 step=740 stage=after_set_ctrl
1785232418.073729992 step=740 stage=after_step_log
1785232418.073740005 step=740 stage=before_mj_step
1785232418.073843002 step=740 stage=after_mj_step
1785232418.073920727 step=741 stage=loop_begin
1785232418.075109482 step=741 stage=after_set_ctrl
1785232418.075199842 step=741 stage=after_step_log
1785232418.075204611 step=741 stage=before_mj_step
1785232418.075284719 step=741 stage=after_mj_step
1785232418.075350761 step=742 stage=loop_begin
1785232418.076402187 step=742 stage=after_set_ctrl
1785232418.076488495 step=742 stage=after_step_log
1785232418.076492786 step=742 stage=before_mj_step
1785232418.076558352 step=742 stage=after_mj_step
1785232418.076620340 step=743 stage=loop_begin
1785232418.077616215 step=743 stage=after_set_ctrl
1785232418.077709913 step=743 stage=after_step_log
1785232418.077715397 step=743 stage=before_mj_step
1785232418.077790499 step=743 stage=after_mj_step
1785232418.077855587 step=744 stage=loop_begin
1785232418.078702688 step=744 stage=after_set_ctrl
1785232418.078789711 step=744 stage=after_step_log
1785232418.078793764 step=744 stage=before_mj_step
1785232418.078863621 step=744 stage=after_mj_step
1785232418.078928947 step=745 stage=loop_begin
1785232418.078979731 step=745 stage=before_camera_render
1785232418.134380579 step=745 stage=after_camera_render
1785232418.136007786 step=745 stage=after_set_ctrl
1785232418.136116266 step=745 stage=after_step_log
1785232418.136120796 step=745 stage=before_mj_step
1785232418.136230946 step=745 stage=after_mj_step
1785232418.136316776 step=746 stage=loop_begin
1785232418.137491941 step=746 stage=after_set_ctrl
1785232418.137587309 step=746 stage=after_step_log
1785232418.137591600 step=746 stage=before_mj_step
1785232418.137674809 step=746 stage=after_mj_step
1785232418.137749672 step=747 stage=loop_begin
1785232418.138601065 step=747 stage=after_set_ctrl
1785232418.138690710 step=747 stage=after_step_log
1785232418.138697624 step=747 stage=before_mj_step
1785232418.138765574 step=747 stage=after_mj_step
1785232418.138832092 step=748 stage=loop_begin
1785232418.139859676 step=748 stage=after_set_ctrl
1785232418.139945269 step=748 stage=after_step_log
1785232418.139949322 step=748 stage=before_mj_step
1785232418.140010595 step=748 stage=after_mj_step
1785232418.140074492 step=749 stage=loop_begin
1785232418.141237974 step=749 stage=after_set_ctrl
1785232418.141326189 step=749 stage=after_step_log
1785232418.141330719 step=749 stage=before_mj_step
1785232418.141402721 step=749 stage=after_mj_step
1785232418.141466141 step=750 stage=loop_begin
1785232418.141518116 step=750 stage=before_camera_render
1785232418.194199562 step=750 stage=after_camera_render
1785232418.195794344 step=750 stage=after_set_ctrl
1785232418.195930004 step=750 stage=after_step_log
1785232418.195934057 step=750 stage=before_mj_step
1785232418.196034193 step=750 stage=after_mj_step
1785232418.196117163 step=751 stage=loop_begin
1785232418.197435617 step=751 stage=after_set_ctrl
1785232418.197525978 step=751 stage=after_step_log
1785232418.197530270 step=751 stage=before_mj_step
1785232418.197601557 step=751 stage=after_mj_step
1785232418.197676182 step=752 stage=loop_begin
1785232418.198548079 step=752 stage=after_set_ctrl
1785232418.198633671 step=752 stage=after_step_log
1785232418.198643923 step=752 stage=before_mj_step
1785232418.198719978 step=752 stage=after_mj_step
1785232418.198784351 step=753 stage=loop_begin
1785232418.199689865 step=753 stage=after_set_ctrl
1785232418.199776411 step=753 stage=after_step_log
1785232418.199781179 step=753 stage=before_mj_step
1785232418.199851513 step=753 stage=after_mj_step
1785232418.199916124 step=754 stage=loop_begin
1785232418.201061726 step=754 stage=after_set_ctrl
1785232418.201148272 step=754 stage=after_step_log
1785232418.201153040 step=754 stage=before_mj_step
1785232418.201222420 step=754 stage=after_mj_step
1785232418.201287746 step=755 stage=loop_begin
1785232418.201338053 step=755 stage=before_camera_render
1785232418.254049540 step=755 stage=after_camera_render
1785232418.255630493 step=755 stage=after_set_ctrl
1785232418.255741358 step=755 stage=after_step_log
1785232418.255746126 step=755 stage=before_mj_step
1785232418.255843401 step=755 stage=after_mj_step
1785232418.255918741 step=756 stage=loop_begin
1785232418.257283688 step=756 stage=after_set_ctrl
1785232418.257373095 step=756 stage=after_step_log
1785232418.257377386 step=756 stage=before_mj_step
1785232418.257452726 step=756 stage=after_mj_step
1785232418.257519722 step=757 stage=loop_begin
1785232418.258616209 step=757 stage=after_set_ctrl
1785232418.258706570 step=757 stage=after_step_log
1785232418.258712053 step=757 stage=before_mj_step
1785232418.258775473 step=757 stage=after_mj_step
1785232418.258837461 step=758 stage=loop_begin
1785232418.259882927 step=758 stage=after_set_ctrl
1785232418.259970903 step=758 stage=after_step_log
1785232418.259975433 step=758 stage=before_mj_step
1785232418.260036707 step=758 stage=after_mj_step
1785232418.260100842 step=759 stage=loop_begin
1785232418.261187077 step=759 stage=after_set_ctrl
1785232418.261276245 step=759 stage=after_step_log
1785232418.261280775 step=759 stage=before_mj_step
1785232418.261350155 step=759 stage=after_mj_step
1785232418.261413813 step=760 stage=loop_begin
1785232418.261463642 step=760 stage=before_camera_render
1785232418.314095259 step=760 stage=after_camera_render
1785232418.315584660 step=760 stage=after_set_ctrl
1785232418.315692663 step=760 stage=after_step_log
1785232418.315697908 step=760 stage=before_mj_step
1785232418.315791607 step=760 stage=after_mj_step
1785232418.315865517 step=761 stage=loop_begin
1785232418.317234993 step=761 stage=after_set_ctrl
1785232418.317327023 step=761 stage=after_step_log
1785232418.317332029 step=761 stage=before_mj_step
1785232418.317403555 step=761 stage=after_mj_step
1785232418.317472219 step=762 stage=loop_begin
1785232418.318529606 step=762 stage=after_set_ctrl
1785232418.318614006 step=762 stage=after_step_log
1785232418.318618774 step=762 stage=before_mj_step
1785232418.318687677 step=762 stage=after_mj_step
1785232418.318753958 step=763 stage=loop_begin
1785232418.319675207 step=763 stage=after_set_ctrl
1785232418.319764137 step=763 stage=after_step_log
1785232418.319768667 step=763 stage=before_mj_step
1785232418.319829702 step=763 stage=after_mj_step
1785232418.319893599 step=764 stage=loop_begin
1785232418.320851564 step=764 stage=after_set_ctrl
1785232418.320941210 step=764 stage=after_step_log
1785232418.320945740 step=764 stage=before_mj_step
1785232418.321016312 step=764 stage=after_mj_step
1785232418.321080923 step=765 stage=loop_begin
1785232418.321131945 step=765 stage=before_camera_render
1785232418.373500347 step=765 stage=after_camera_render
1785232418.375808239 step=765 stage=after_set_ctrl
1785232418.375909805 step=765 stage=after_step_log
1785232418.375914335 step=765 stage=before_mj_step
1785232418.376006365 step=765 stage=after_mj_step
1785232418.376078367 step=766 stage=loop_begin
1785232418.377231121 step=766 stage=after_set_ctrl
1785232418.377319336 step=766 stage=after_step_log
1785232418.377325296 step=766 stage=before_mj_step
1785232418.377395868 step=766 stage=after_mj_step
1785232418.377461910 step=767 stage=loop_begin
1785232418.378488541 step=767 stage=after_set_ctrl
1785232418.378592253 step=767 stage=after_step_log
1785232418.378597021 step=767 stage=before_mj_step
1785232418.378675461 step=767 stage=after_mj_step
1785232418.378742218 step=768 stage=loop_begin
1785232418.379677534 step=768 stage=after_set_ctrl
1785232418.379764318 step=768 stage=after_step_log
1785232418.379768848 step=768 stage=before_mj_step
1785232418.379837751 step=768 stage=after_mj_step
1785232418.379901409 step=769 stage=loop_begin
1785232418.380773544 step=769 stage=after_set_ctrl
1785232418.380856752 step=769 stage=after_step_log
1785232418.380861521 step=769 stage=before_mj_step
1785232418.380923986 step=769 stage=after_mj_step
1785232418.380986452 step=770 stage=loop_begin
1785232418.381033897 step=770 stage=before_camera_render
1785232418.434384823 step=770 stage=after_camera_render
1785232418.435697317 step=770 stage=after_set_ctrl
1785232418.435804605 step=770 stage=after_step_log
1785232418.435809374 step=770 stage=before_mj_step
1785232418.435907602 step=770 stage=after_mj_step
1785232418.435987234 step=771 stage=loop_begin
1785232418.437388182 step=771 stage=after_set_ctrl
1785232418.437481880 step=771 stage=after_step_log
1785232418.437486649 step=771 stage=before_mj_step
1785232418.437550306 step=771 stage=after_mj_step
1785232418.437614918 step=772 stage=loop_begin
1785232418.438682556 step=772 stage=after_set_ctrl
1785232418.438776731 step=772 stage=after_step_log
1785232418.438781738 step=772 stage=before_mj_step
1785232418.438853741 step=772 stage=after_mj_step
1785232418.438920736 step=773 stage=loop_begin
1785232418.439907074 step=773 stage=after_set_ctrl
1785232418.440007687 step=773 stage=after_step_log
1785232418.440014601 step=773 stage=before_mj_step
1785232418.440094233 step=773 stage=after_mj_step
1785232418.440164328 step=774 stage=loop_begin
1785232418.441256285 step=774 stage=after_set_ctrl
1785232418.441347361 step=774 stage=after_step_log
1785232418.441352129 step=774 stage=before_mj_step
1785232418.441422224 step=774 stage=after_mj_step
1785232418.441486359 step=775 stage=loop_begin
1785232418.441537142 step=775 stage=before_camera_render
1785232418.496002674 step=775 stage=after_camera_render
1785232418.497624874 step=775 stage=after_set_ctrl
1785232418.497765064 step=775 stage=after_step_log
1785232418.497769117 step=775 stage=before_mj_step
1785232418.497865915 step=775 stage=after_mj_step
1785232418.497941256 step=776 stage=loop_begin
1785232418.499011278 step=776 stage=after_set_ctrl
1785232418.499103546 step=776 stage=after_step_log
1785232418.499108076 step=776 stage=before_mj_step
1785232418.499176025 step=776 stage=after_mj_step
1785232418.499240398 step=777 stage=loop_begin
1785232418.500550985 step=777 stage=after_set_ctrl
1785232418.500662804 step=777 stage=after_step_log
1785232418.500669718 step=777 stage=before_mj_step
1785232418.500743628 step=777 stage=after_mj_step
1785232418.500811338 step=778 stage=loop_begin
1785232418.501790762 step=778 stage=after_set_ctrl
1785232418.501881361 step=778 stage=after_step_log
1785232418.501885891 step=778 stage=before_mj_step
1785232418.501950502 step=778 stage=after_mj_step
1785232418.502014399 step=779 stage=loop_begin
1785232418.503146172 step=779 stage=after_set_ctrl
1785232418.503241301 step=779 stage=after_step_log
1785232418.503245831 step=779 stage=before_mj_step
1785232418.503316402 step=779 stage=after_mj_step
1785232418.503381252 step=780 stage=loop_begin
1785232418.503433228 step=780 stage=before_camera_render
