1785203425.469557762 step=0 stage=loop_begin
1785203425.475155354 step=0 stage=before_camera_render
1785203425.560705423 step=0 stage=after_camera_render
1785203425.582691908 step=0 stage=after_set_ctrl
1785203425.586014986 step=0 stage=after_step_log
1785203425.587827921 step=0 stage=before_mj_step
1785203425.590153933 step=0 stage=after_mj_step
1785203425.592072248 step=1 stage=loop_begin
1785203425.603916407 step=1 stage=after_set_ctrl
1785203425.606144190 step=1 stage=after_step_log
1785203425.609025240 step=1 stage=before_mj_step
1785203425.611160040 step=1 stage=after_mj_step
1785203425.613092422 step=2 stage=loop_begin
1785203425.617008924 step=2 stage=after_set_ctrl
1785203425.619016171 step=2 stage=after_step_log
1785203425.620821238 step=2 stage=before_mj_step
1785203425.622928381 step=2 stage=after_mj_step
1785203425.624916553 step=3 stage=loop_begin
1785203425.626555204 step=3 stage=after_set_ctrl
1785203425.626668692 step=3 stage=after_step_log
1785203425.626680613 step=3 stage=before_mj_step
1785203425.626783133 step=3 stage=after_mj_step
1785203425.626892805 step=4 stage=loop_begin
1785203425.628433466 step=4 stage=after_set_ctrl
1785203425.628552914 step=4 stage=after_step_log
1785203425.628564596 step=4 stage=before_mj_step
1785203425.628663063 step=4 stage=after_mj_step
1785203425.628757000 step=5 stage=loop_begin
1785203425.628772020 step=5 stage=before_camera_render
1785203425.684117556 step=5 stage=after_camera_render
1785203425.685620308 step=5 stage=after_set_ctrl
1785203425.685715199 step=5 stage=after_step_log
1785203425.685719490 step=5 stage=before_mj_step
1785203425.685817242 step=5 stage=after_mj_step
1785203425.685905933 step=6 stage=loop_begin
1785203425.687233448 step=6 stage=after_set_ctrl
1785203425.687320232 step=6 stage=after_step_log
1785203425.687324762 step=6 stage=before_mj_step
1785203425.687399149 step=6 stage=after_mj_step
1785203425.687481165 step=7 stage=loop_begin
1785203425.688413143 step=7 stage=after_set_ctrl
1785203425.688491821 step=7 stage=after_step_log
1785203425.688496828 step=7 stage=before_mj_step
1785203425.688559294 step=7 stage=after_mj_step
1785203425.688626766 step=8 stage=loop_begin
1785203425.689459801 step=8 stage=after_set_ctrl
1785203425.689540386 step=8 stage=after_step_log
1785203425.689545870 step=8 stage=before_mj_step
1785203425.689613819 step=8 stage=after_mj_step
1785203425.689679384 step=9 stage=loop_begin
1785203425.690412521 step=9 stage=after_set_ctrl
1785203425.690489531 step=9 stage=after_step_log
1785203425.690494537 step=9 stage=before_mj_step
1785203425.690557003 step=9 stage=after_mj_step
1785203425.690620661 step=10 stage=loop_begin
1785203425.690626144 step=10 stage=before_camera_render
1785203425.744072676 step=10 stage=after_camera_render
1785203425.745665550 step=10 stage=after_set_ctrl
1785203425.745759726 step=10 stage=after_step_log
1785203425.745764256 step=10 stage=before_mj_step
1785203425.745863438 step=10 stage=after_mj_step
1785203425.745949030 step=11 stage=loop_begin
1785203425.747141838 step=11 stage=after_set_ctrl
1785203425.747223139 step=11 stage=after_step_log
1785203425.747227430 step=11 stage=before_mj_step
1785203425.747299433 step=11 stage=after_mj_step
1785203425.747371674 step=12 stage=loop_begin
1785203425.748302937 step=12 stage=after_set_ctrl
1785203425.748384953 step=12 stage=after_step_log
1785203425.748389006 step=12 stage=before_mj_step
1785203425.748461723 step=12 stage=after_mj_step
1785203425.748537779 step=13 stage=loop_begin
1785203425.749310970 step=13 stage=after_set_ctrl
1785203425.749384642 step=13 stage=after_step_log
1785203425.749388456 step=13 stage=before_mj_step
1785203425.749454498 step=13 stage=after_mj_step
1785203425.749528646 step=14 stage=loop_begin
1785203425.750251055 step=14 stage=after_set_ctrl
1785203425.750324488 step=14 stage=after_step_log
1785203425.750328302 step=14 stage=before_mj_step
1785203425.750394821 step=14 stage=after_mj_step
1785203425.750459194 step=15 stage=loop_begin
1785203425.750464201 step=15 stage=before_camera_render
1785203425.803348541 step=15 stage=after_camera_render
1785203425.804810047 step=15 stage=after_set_ctrl
1785203425.804908752 step=15 stage=after_step_log
1785203425.804912567 step=15 stage=before_mj_step
1785203425.805007935 step=15 stage=after_mj_step
1785203425.805098534 step=16 stage=loop_begin
1785203425.806306124 step=16 stage=after_set_ctrl
1785203425.806383610 step=16 stage=after_step_log
1785203425.806387663 step=16 stage=before_mj_step
1785203425.806452513 step=16 stage=after_mj_step
1785203425.806528807 step=17 stage=loop_begin
1785203425.807561159 step=17 stage=after_set_ctrl
1785203425.807639360 step=17 stage=after_step_log
1785203425.807643652 step=17 stage=before_mj_step
1785203425.807714701 step=17 stage=after_mj_step
1785203425.807782412 step=18 stage=loop_begin
1785203425.809362650 step=18 stage=after_set_ctrl
1785203425.809480429 step=18 stage=after_step_log
1785203425.809489012 step=18 stage=before_mj_step
1785203425.809574127 step=18 stage=after_mj_step
1785203425.809644222 step=19 stage=loop_begin
1785203425.810684443 step=19 stage=after_set_ctrl
1785203425.810762167 step=19 stage=after_step_log
1785203425.810766697 step=19 stage=before_mj_step
1785203425.810835361 step=19 stage=after_mj_step
1785203425.810903788 step=20 stage=loop_begin
1785203425.810909271 step=20 stage=before_camera_render
1785203425.864372492 step=20 stage=after_camera_render
1785203425.866252899 step=20 stage=after_set_ctrl
1785203425.866346121 step=20 stage=after_step_log
1785203425.866349936 step=20 stage=before_mj_step
1785203425.866444111 step=20 stage=after_mj_step
1785203425.866534472 step=21 stage=loop_begin
1785203425.867375135 step=21 stage=after_set_ctrl
1785203425.867452145 step=21 stage=after_step_log
1785203425.867455482 step=21 stage=before_mj_step
1785203425.867535353 step=21 stage=after_mj_step
1785203425.867606163 step=22 stage=loop_begin
1785203425.868469477 step=22 stage=after_set_ctrl
1785203425.868550539 step=22 stage=after_step_log
1785203425.868555069 step=22 stage=before_mj_step
1785203425.868623972 step=22 stage=after_mj_step
1785203425.868690014 step=23 stage=loop_begin
1785203425.869600773 step=23 stage=after_set_ctrl
1785203425.869672775 step=23 stage=after_step_log
1785203425.869676590 step=23 stage=before_mj_step
1785203425.869740248 step=23 stage=after_mj_step
1785203425.869803429 step=24 stage=loop_begin
1785203425.870673656 step=24 stage=after_set_ctrl
1785203425.870747566 step=24 stage=after_step_log
1785203425.870751143 step=24 stage=before_mj_step
1785203425.870812893 step=24 stage=after_mj_step
1785203425.870874166 step=25 stage=loop_begin
1785203425.870878696 step=25 stage=before_camera_render
1785203425.923408747 step=25 stage=after_camera_render
1785203425.925213099 step=25 stage=after_set_ctrl
1785203425.925381422 step=25 stage=after_step_log
1785203425.925385475 step=25 stage=before_mj_step
1785203425.925504208 step=25 stage=after_mj_step
1785203425.925605059 step=26 stage=loop_begin
1785203425.926853418 step=26 stage=after_set_ctrl
1785203425.926935434 step=26 stage=after_step_log
1785203425.926939964 step=26 stage=before_mj_step
1785203425.927006960 step=26 stage=after_mj_step
1785203425.927072763 step=27 stage=loop_begin
1785203425.928033590 step=27 stage=after_set_ctrl
1785203425.928107738 step=27 stage=after_step_log
1785203425.928111553 step=27 stage=before_mj_step
1785203425.928176403 step=27 stage=after_mj_step
1785203425.928241730 step=28 stage=loop_begin
1785203425.929142952 step=28 stage=after_set_ctrl
1785203425.929214954 step=28 stage=after_step_log
1785203425.929218769 step=28 stage=before_mj_step
1785203425.929280281 step=28 stage=after_mj_step
1785203425.929341555 step=29 stage=loop_begin
1785203425.930111647 step=29 stage=after_set_ctrl
1785203425.930185318 step=29 stage=after_step_log
1785203425.930189133 step=29 stage=before_mj_step
1785203425.930258274 step=29 stage=after_mj_step
1785203425.930322886 step=30 stage=loop_begin
1785203425.930328131 step=30 stage=before_camera_render
1785203425.985424280 step=30 stage=after_camera_render
1785203425.986710310 step=30 stage=after_set_ctrl
1785203425.986803055 step=30 stage=after_step_log
1785203425.986813545 step=30 stage=before_mj_step
1785203425.986914635 step=30 stage=after_mj_step
1785203425.987001181 step=31 stage=loop_begin
1785203425.988502502 step=31 stage=after_set_ctrl
1785203425.988591909 step=31 stage=after_step_log
1785203425.988595724 step=31 stage=before_mj_step
1785203425.988673687 step=31 stage=after_mj_step
1785203425.988752365 step=32 stage=loop_begin
1785203425.989741087 step=32 stage=after_set_ctrl
1785203425.989816666 step=32 stage=after_step_log
1785203425.989820480 step=32 stage=before_mj_step
1785203425.989889383 step=32 stage=after_mj_step
1785203425.989955902 step=33 stage=loop_begin
1785203425.991019487 step=33 stage=after_set_ctrl
1785203425.991096497 step=33 stage=after_step_log
1785203425.991100788 step=33 stage=before_mj_step
1785203425.991172075 step=33 stage=after_mj_step
1785203425.991240025 step=34 stage=loop_begin
1785203425.992237568 step=34 stage=after_set_ctrl
1785203425.992312908 step=34 stage=after_step_log
1785203425.992316484 step=34 stage=before_mj_step
1785203425.992385387 step=34 stage=after_mj_step
1785203425.992451906 step=35 stage=loop_begin
1785203425.992458820 step=35 stage=before_camera_render
1785203426.047582865 step=35 stage=after_camera_render
1785203426.048875332 step=35 stage=after_set_ctrl
1785203426.048972607 step=35 stage=after_step_log
1785203426.048976660 step=35 stage=before_mj_step
1785203426.049079657 step=35 stage=after_mj_step
1785203426.049165010 step=36 stage=loop_begin
1785203426.050260782 step=36 stage=after_set_ctrl
1785203426.050342560 step=36 stage=after_step_log
1785203426.050346851 step=36 stage=before_mj_step
1785203426.050420046 step=36 stage=after_mj_step
1785203426.050496101 step=37 stage=loop_begin
1785203426.051291943 step=37 stage=after_set_ctrl
1785203426.051364899 step=37 stage=after_step_log
1785203426.051368475 step=37 stage=before_mj_step
1785203426.051435709 step=37 stage=after_mj_step
1785203426.051505804 step=38 stage=loop_begin
1785203426.052419186 step=38 stage=after_set_ctrl
1785203426.052496910 step=38 stage=after_step_log
1785203426.052503109 step=38 stage=before_mj_step
1785203426.052565575 step=38 stage=after_mj_step
1785203426.052629232 step=39 stage=loop_begin
1785203426.053542376 step=39 stage=after_set_ctrl
1785203426.053616285 step=39 stage=after_step_log
1785203426.053619862 step=39 stage=before_mj_step
1785203426.053686857 step=39 stage=after_mj_step
1785203426.053751469 step=40 stage=loop_begin
1785203426.053756714 step=40 stage=before_camera_render
1785203426.106313467 step=40 stage=after_camera_render
1785203426.107751608 step=40 stage=after_set_ctrl
1785203426.107844830 step=40 stage=after_step_log
1785203426.107848644 step=40 stage=before_mj_step
1785203426.107949257 step=40 stage=after_mj_step
1785203426.108029604 step=41 stage=loop_begin
1785203426.109333992 step=41 stage=after_set_ctrl
1785203426.109424829 step=41 stage=after_step_log
1785203426.109428883 step=41 stage=before_mj_step
1785203426.109515190 step=41 stage=after_mj_step
1785203426.109588623 step=42 stage=loop_begin
1785203426.110370159 step=42 stage=after_set_ctrl
1785203426.110444307 step=42 stage=after_step_log
1785203426.110448360 step=42 stage=before_mj_step
1785203426.110523939 step=42 stage=after_mj_step
1785203426.110591888 step=43 stage=loop_begin
1785203426.111329079 step=43 stage=after_set_ctrl
1785203426.111403465 step=43 stage=after_step_log
1785203426.111407518 step=43 stage=before_mj_step
1785203426.111482859 step=43 stage=after_mj_step
1785203426.111551046 step=44 stage=loop_begin
1785203426.112357616 step=44 stage=after_set_ctrl
1785203426.112430334 step=44 stage=after_step_log
1785203426.112434387 step=44 stage=before_mj_step
1785203426.112506866 step=44 stage=after_mj_step
1785203426.112574577 step=45 stage=loop_begin
1785203426.112579346 step=45 stage=before_camera_render
1785203426.165565014 step=45 stage=after_camera_render
1785203426.167281628 step=45 stage=after_set_ctrl
1785203426.167370319 step=45 stage=after_step_log
1785203426.167374611 step=45 stage=before_mj_step
1785203426.167472124 step=45 stage=after_mj_step
1785203426.167564392 step=46 stage=loop_begin
1785203426.168528557 step=46 stage=after_set_ctrl
1785203426.168609142 step=46 stage=after_step_log
1785203426.168613195 step=46 stage=before_mj_step
1785203426.168682337 step=46 stage=after_mj_step
1785203426.168751001 step=47 stage=loop_begin
1785203426.169633865 step=47 stage=after_set_ctrl
1785203426.169712305 step=47 stage=after_step_log
1785203426.169716597 step=47 stage=before_mj_step
1785203426.169788837 step=47 stage=after_mj_step
1785203426.169854403 step=48 stage=loop_begin
1785203426.170723677 step=48 stage=after_set_ctrl
1785203426.170798302 step=48 stage=after_step_log
1785203426.170802593 step=48 stage=before_mj_step
1785203426.170869350 step=48 stage=after_mj_step
1785203426.170931816 step=49 stage=loop_begin
1785203426.171961069 step=49 stage=after_set_ctrl
1785203426.172039270 step=49 stage=after_step_log
1785203426.172043085 step=49 stage=before_mj_step
1785203426.172114849 step=49 stage=after_mj_step
1785203426.172178268 step=50 stage=loop_begin
1785203426.172183275 step=50 stage=before_camera_render
1785203426.228458643 step=50 stage=after_camera_render
1785203426.230034590 step=50 stage=after_set_ctrl
1785203426.230153322 step=50 stage=after_step_log
1785203426.230156898 step=50 stage=before_mj_step
1785203426.230254650 step=50 stage=after_mj_step
1785203426.230342150 step=51 stage=loop_begin
1785203426.231209755 step=51 stage=after_set_ctrl
1785203426.231290340 step=51 stage=after_step_log
1785203426.231294870 step=51 stage=before_mj_step
1785203426.231364965 step=51 stage=after_mj_step
1785203426.231436491 step=52 stage=loop_begin
1785203426.232179403 step=52 stage=after_set_ctrl
1785203426.232259035 step=52 stage=after_step_log
1785203426.232263088 step=52 stage=before_mj_step
1785203426.232336521 step=52 stage=after_mj_step
1785203426.232406616 step=53 stage=loop_begin
1785203426.233222485 step=53 stage=after_set_ctrl
1785203426.233297348 step=53 stage=after_step_log
1785203426.233301401 step=53 stage=before_mj_step
1785203426.233368635 step=53 stage=after_mj_step
1785203426.233434200 step=54 stage=loop_begin
1785203426.234220743 step=54 stage=after_set_ctrl
1785203426.234297514 step=54 stage=after_step_log
1785203426.234301805 step=54 stage=before_mj_step
1785203426.234375715 step=54 stage=after_mj_step
1785203426.234439611 step=55 stage=loop_begin
1785203426.234444618 step=55 stage=before_camera_render
1785203426.287834406 step=55 stage=after_camera_render
1785203426.289417982 step=55 stage=after_set_ctrl
1785203426.289526701 step=55 stage=after_step_log
1785203426.289532900 step=55 stage=before_mj_step
1785203426.289630175 step=55 stage=after_mj_step
1785203426.289729595 step=56 stage=loop_begin
1785203426.290668964 step=56 stage=after_set_ctrl
1785203426.290744543 step=56 stage=after_step_log
1785203426.290748596 step=56 stage=before_mj_step
1785203426.290812254 step=56 stage=after_mj_step
1785203426.290878534 step=57 stage=loop_begin
1785203426.291998625 step=57 stage=after_set_ctrl
1785203426.292075872 step=57 stage=after_step_log
1785203426.292080164 step=57 stage=before_mj_step
1785203426.292157412 step=57 stage=after_mj_step
1785203426.292230368 step=58 stage=loop_begin
1785203426.293285608 step=58 stage=after_set_ctrl
1785203426.293365002 step=58 stage=after_step_log
1785203426.293369055 step=58 stage=before_mj_step
1785203426.293439627 step=58 stage=after_mj_step
1785203426.293513060 step=59 stage=loop_begin
1785203426.294461012 step=59 stage=after_set_ctrl
1785203426.294536352 step=59 stage=after_step_log
1785203426.294543028 step=59 stage=before_mj_step
1785203426.294609547 step=59 stage=after_mj_step
1785203426.294673681 step=60 stage=loop_begin
1785203426.294678926 step=60 stage=before_camera_render
1785203426.347817183 step=60 stage=after_camera_render
1785203426.349709749 step=60 stage=after_set_ctrl
1785203426.349802017 step=60 stage=after_step_log
1785203426.349805832 step=60 stage=before_mj_step
1785203426.349904537 step=60 stage=after_mj_step
1785203426.349989414 step=61 stage=loop_begin
1785203426.351218939 step=61 stage=after_set_ctrl
1785203426.351305723 step=61 stage=after_step_log
1785203426.351309776 step=61 stage=before_mj_step
1785203426.351383209 step=61 stage=after_mj_step
1785203426.351460695 step=62 stage=loop_begin
1785203426.352397680 step=62 stage=after_set_ctrl
1785203426.352478504 step=62 stage=after_step_log
1785203426.352484465 step=62 stage=before_mj_step
1785203426.352553368 step=62 stage=after_mj_step
1785203426.352624655 step=63 stage=loop_begin
1785203426.353491545 step=63 stage=after_set_ctrl
1785203426.353565216 step=63 stage=after_step_log
1785203426.353569269 step=63 stage=before_mj_step
1785203426.353632212 step=63 stage=after_mj_step
1785203426.353697062 step=64 stage=loop_begin
1785203426.354557991 step=64 stage=after_set_ctrl
1785203426.354632854 step=64 stage=after_step_log
1785203426.354637384 step=64 stage=before_mj_step
1785203426.354706764 step=64 stage=after_mj_step
1785203426.354771137 step=65 stage=loop_begin
1785203426.354776621 step=65 stage=before_camera_render
1785203426.407797813 step=65 stage=after_camera_render
1785203426.409601450 step=65 stage=after_set_ctrl
1785203426.409691095 step=65 stage=after_step_log
1785203426.409695387 step=65 stage=before_mj_step
1785203426.409794331 step=65 stage=after_mj_step
1785203426.409875870 step=66 stage=loop_begin
1785203426.410726309 step=66 stage=after_set_ctrl
1785203426.410809517 step=66 stage=after_step_log
1785203426.410813808 step=66 stage=before_mj_step
1785203426.410884142 step=66 stage=after_mj_step
1785203426.410953760 step=67 stage=loop_begin
1785203426.412078381 step=67 stage=after_set_ctrl
1785203426.412152290 step=67 stage=after_step_log
1785203426.412156343 step=67 stage=before_mj_step
1785203426.412218094 step=67 stage=after_mj_step
1785203426.412280560 step=68 stage=loop_begin
1785203426.413345337 step=68 stage=after_set_ctrl
1785203426.413418293 step=68 stage=after_step_log
1785203426.413422346 step=68 stage=before_mj_step
1785203426.413492203 step=68 stage=after_mj_step
1785203426.413558006 step=69 stage=loop_begin
1785203426.414401293 step=69 stage=after_set_ctrl
1785203426.414471865 step=69 stage=after_step_log
1785203426.414482117 step=69 stage=before_mj_step
1785203426.414545774 step=69 stage=after_mj_step
1785203426.414608955 step=70 stage=loop_begin
1785203426.414614439 step=70 stage=before_camera_render
1785203426.466904879 step=70 stage=after_camera_render
1785203426.468977928 step=70 stage=after_set_ctrl
1785203426.469067335 step=70 stage=after_step_log
1785203426.469071150 step=70 stage=before_mj_step
1785203426.469171524 step=70 stage=after_mj_step
1785203426.469244242 step=71 stage=loop_begin
1785203426.470286369 step=71 stage=after_set_ctrl
1785203426.470369816 step=71 stage=after_step_log
1785203426.470373869 step=71 stage=before_mj_step
1785203426.470454931 step=71 stage=after_mj_step
1785203426.470532417 step=72 stage=loop_begin
1785203426.471480131 step=72 stage=after_set_ctrl
1785203426.471557140 step=72 stage=after_step_log
1785203426.471560955 step=72 stage=before_mj_step
1785203426.471625328 step=72 stage=after_mj_step
1785203426.471688509 step=73 stage=loop_begin
1785203426.472540140 step=73 stage=after_set_ctrl
1785203426.472614288 step=73 stage=after_step_log
1785203426.472618580 step=73 stage=before_mj_step
1785203426.472679615 step=73 stage=after_mj_step
1785203426.472739220 step=74 stage=loop_begin
1785203426.473548651 step=74 stage=after_set_ctrl
1785203426.473621845 step=74 stage=after_step_log
1785203426.473625898 step=74 stage=before_mj_step
1785203426.473694563 step=74 stage=after_mj_step
1785203426.473756790 step=75 stage=loop_begin
1785203426.473762035 step=75 stage=before_camera_render
1785203426.527278423 step=75 stage=after_camera_render
1785203426.528768301 step=75 stage=after_set_ctrl
1785203426.528884411 step=75 stage=after_step_log
1785203426.528887987 step=75 stage=before_mj_step
1785203426.528990746 step=75 stage=after_mj_step
1785203426.529071569 step=76 stage=loop_begin
1785203426.530135155 step=76 stage=after_set_ctrl
1785203426.530216694 step=76 stage=after_step_log
1785203426.530226707 step=76 stage=before_mj_step
1785203426.530301094 step=76 stage=after_mj_step
1785203426.530367136 step=77 stage=loop_begin
1785203426.531186342 step=77 stage=after_set_ctrl
1785203426.531264782 step=77 stage=after_step_log
1785203426.531269073 step=77 stage=before_mj_step
1785203426.531349659 step=77 stage=after_mj_step
1785203426.531417131 step=78 stage=loop_begin
1785203426.532181501 step=78 stage=after_set_ctrl
1785203426.532254934 step=78 stage=after_step_log
1785203426.532258511 step=78 stage=before_mj_step
1785203426.532333612 step=78 stage=after_mj_step
1785203426.532396793 step=79 stage=loop_begin
1785203426.533123493 step=79 stage=after_set_ctrl
1785203426.533198357 step=79 stage=after_step_log
1785203426.533202410 step=79 stage=before_mj_step
1785203426.533282042 step=79 stage=after_mj_step
1785203426.533348083 step=80 stage=loop_begin
1785203426.533353806 step=80 stage=before_camera_render
1785203426.586431503 step=80 stage=after_camera_render
1785203426.588029861 step=80 stage=after_set_ctrl
1785203426.588121176 step=80 stage=after_step_log
1785203426.588125706 step=80 stage=before_mj_step
1785203426.588230848 step=80 stage=after_mj_step
1785203426.588314772 step=81 stage=loop_begin
1785203426.589279175 step=81 stage=after_set_ctrl
1785203426.589360714 step=81 stage=after_step_log
1785203426.589365482 step=81 stage=before_mj_step
1785203426.589442253 step=81 stage=after_mj_step
1785203426.589520216 step=82 stage=loop_begin
1785203426.590292931 step=82 stage=after_set_ctrl
1785203426.590368271 step=82 stage=after_step_log
1785203426.590373993 step=82 stage=before_mj_step
1785203426.590443373 step=82 stage=after_mj_step
1785203426.590509892 step=83 stage=loop_begin
1785203426.591265678 step=83 stage=after_set_ctrl
1785203426.591340303 step=83 stage=after_step_log
1785203426.591344357 step=83 stage=before_mj_step
1785203426.591423035 step=83 stage=after_mj_step
1785203426.591492653 step=84 stage=loop_begin
1785203426.592364550 step=84 stage=after_set_ctrl
1785203426.592437267 step=84 stage=after_step_log
1785203426.592441559 step=84 stage=before_mj_step
1785203426.592518568 step=84 stage=after_mj_step
1785203426.592587709 step=85 stage=loop_begin
1785203426.592593193 step=85 stage=before_camera_render
1785203426.645679712 step=85 stage=after_camera_render
1785203426.647217512 step=85 stage=after_set_ctrl
1785203426.647312164 step=85 stage=after_step_log
1785203426.647316456 step=85 stage=before_mj_step
1785203426.647431850 step=85 stage=after_mj_step
1785203426.647523403 step=86 stage=loop_begin
1785203426.648530006 step=86 stage=after_set_ctrl
1785203426.648613214 step=86 stage=after_step_log
1785203426.648617029 step=86 stage=before_mj_step
1785203426.648690224 step=86 stage=after_mj_step
1785203426.648758411 step=87 stage=loop_begin
1785203426.649526119 step=87 stage=after_set_ctrl
1785203426.649602652 step=87 stage=after_step_log
1785203426.649606943 step=87 stage=before_mj_step
1785203426.649683237 step=87 stage=after_mj_step
1785203426.649752140 step=88 stage=loop_begin
1785203426.650527716 step=88 stage=after_set_ctrl
1785203426.650601387 step=88 stage=after_step_log
1785203426.650606155 step=88 stage=before_mj_step
1785203426.650683641 step=88 stage=after_mj_step
1785203426.650748253 step=89 stage=loop_begin
1785203426.651522398 step=89 stage=after_set_ctrl
1785203426.651594162 step=89 stage=after_step_log
1785203426.651598454 step=89 stage=before_mj_step
1785203426.651667595 step=89 stage=after_mj_step
1785203426.651731014 step=90 stage=loop_begin
1785203426.651736498 step=90 stage=before_camera_render
1785203426.705101252 step=90 stage=after_camera_render
1785203426.706599474 step=90 stage=after_set_ctrl
1785203426.706696510 step=90 stage=after_step_log
1785203426.706701279 step=90 stage=before_mj_step
1785203426.706805229 step=90 stage=after_mj_step
1785203426.706904650 step=91 stage=loop_begin
1785203426.708125353 step=91 stage=after_set_ctrl
1785203426.708202124 step=91 stage=after_step_log
1785203426.708206654 step=91 stage=before_mj_step
1785203426.708282471 step=91 stage=after_mj_step
1785203426.708362103 step=92 stage=loop_begin
1785203426.709156513 step=92 stage=after_set_ctrl
1785203426.709231853 step=92 stage=after_step_log
1785203426.709235668 step=92 stage=before_mj_step
1785203426.709307432 step=92 stage=after_mj_step
1785203426.709373236 step=93 stage=loop_begin
1785203426.710173368 step=93 stage=after_set_ctrl
1785203426.710245609 step=93 stage=after_step_log
1785203426.710249424 step=93 stage=before_mj_step
1785203426.710318327 step=93 stage=after_mj_step
1785203426.710381508 step=94 stage=loop_begin
1785203426.711181641 step=94 stage=after_set_ctrl
1785203426.711252928 step=94 stage=after_step_log
1785203426.711256266 step=94 stage=before_mj_step
1785203426.711321592 step=94 stage=after_mj_step
1785203426.711380959 step=95 stage=loop_begin
1785203426.711387157 step=95 stage=before_camera_render
1785203426.764712811 step=95 stage=after_camera_render
1785203426.766307116 step=95 stage=after_set_ctrl
1785203426.766397476 step=95 stage=after_step_log
1785203426.766401291 step=95 stage=before_mj_step
1785203426.766514063 step=95 stage=after_mj_step
1785203426.766592503 step=96 stage=loop_begin
1785203426.767530680 step=96 stage=after_set_ctrl
1785203426.767609358 step=96 stage=after_step_log
1785203426.767613649 step=96 stage=before_mj_step
1785203426.767684698 step=96 stage=after_mj_step
1785203426.767748833 step=97 stage=loop_begin
1785203426.768553972 step=97 stage=after_set_ctrl
1785203426.768628836 step=97 stage=after_step_log
1785203426.768632650 step=97 stage=before_mj_step
1785203426.768697262 step=97 stage=after_mj_step
1785203426.768759966 step=98 stage=loop_begin
1785203426.769494534 step=98 stage=after_set_ctrl
1785203426.769569874 step=98 stage=after_step_log
1785203426.769573689 step=98 stage=before_mj_step
1785203426.769646883 step=98 stage=after_mj_step
1785203426.769709110 step=99 stage=loop_begin
1785203426.770526409 step=99 stage=after_set_ctrl
1785203426.770598173 step=99 stage=after_step_log
1785203426.770602226 step=99 stage=before_mj_step
1785203426.770672321 step=99 stage=after_mj_step
1785203426.770734072 step=100 stage=loop_begin
1785203426.770739317 step=100 stage=before_camera_render
1785203426.826283455 step=100 stage=after_camera_render
1785203426.827571869 step=100 stage=after_set_ctrl
1785203426.827685356 step=100 stage=after_step_log
1785203426.827688932 step=100 stage=before_mj_step
1785203426.827802181 step=100 stage=after_mj_step
1785203426.827882528 step=101 stage=loop_begin
1785203426.829360962 step=101 stage=after_set_ctrl
1785203426.829441547 step=101 stage=after_step_log
1785203426.829445839 step=101 stage=before_mj_step
1785203426.829532146 step=101 stage=after_mj_step
1785203426.829603434 step=102 stage=loop_begin
1785203426.830479622 step=102 stage=after_set_ctrl
1785203426.830556393 step=102 stage=after_step_log
1785203426.830560446 step=102 stage=before_mj_step
1785203426.830633402 step=102 stage=after_mj_step
1785203426.830699205 step=103 stage=loop_begin
1785203426.831504822 step=103 stage=after_set_ctrl
1785203426.831579208 step=103 stage=after_step_log
1785203426.831583023 step=103 stage=before_mj_step
1785203426.831660271 step=103 stage=after_mj_step
1785203426.831722260 step=104 stage=loop_begin
1785203426.832462788 step=104 stage=after_set_ctrl
1785203426.832541704 step=104 stage=after_step_log
1785203426.832547903 step=104 stage=before_mj_step
1785203426.832625389 step=104 stage=after_mj_step
1785203426.832690477 step=105 stage=loop_begin
1785203426.832696438 step=105 stage=before_camera_render
1785203426.887467623 step=105 stage=after_camera_render
1785203426.889480352 step=105 stage=after_set_ctrl
1785203426.889573812 step=105 stage=after_step_log
1785203426.889578581 step=105 stage=before_mj_step
1785203426.889689207 step=105 stage=after_mj_step
1785203426.889775038 step=106 stage=loop_begin
1785203426.890707016 step=106 stage=after_set_ctrl
1785203426.890789747 step=106 stage=after_step_log
1785203426.890794277 step=106 stage=before_mj_step
1785203426.890876770 step=106 stage=after_mj_step
1785203426.890946150 step=107 stage=loop_begin
1785203426.892273188 step=107 stage=after_set_ctrl
1785203426.892358541 step=107 stage=after_step_log
1785203426.892363071 step=107 stage=before_mj_step
1785203426.892448664 step=107 stage=after_mj_step
1785203426.892524719 step=108 stage=loop_begin
1785203426.893341303 step=108 stage=after_set_ctrl
1785203426.893415451 step=108 stage=after_step_log
1785203426.893419266 step=108 stage=before_mj_step
1785203426.893500090 step=108 stage=after_mj_step
1785203426.893568754 step=109 stage=loop_begin
1785203426.894411087 step=109 stage=after_set_ctrl
1785203426.894503355 step=109 stage=after_step_log
1785203426.894512653 step=109 stage=before_mj_step
1785203426.894588470 step=109 stage=after_mj_step
1785203426.894654512 step=110 stage=loop_begin
1785203426.894659519 step=110 stage=before_camera_render
1785203426.950048208 step=110 stage=after_camera_render
1785203426.951288462 step=110 stage=after_set_ctrl
1785203426.951387882 step=110 stage=after_step_log
1785203426.951392174 step=110 stage=before_mj_step
1785203426.951506615 step=110 stage=after_mj_step
1785203426.951600313 step=111 stage=loop_begin
1785203426.952682257 step=111 stage=after_set_ctrl
1785203426.952759504 step=111 stage=after_step_log
1785203426.952763319 step=111 stage=before_mj_step
1785203426.952836514 step=111 stage=after_mj_step
1785203426.952898741 step=112 stage=loop_begin
1785203426.954123497 step=112 stage=after_set_ctrl
1785203426.954205036 step=112 stage=after_step_log
1785203426.954209328 step=112 stage=before_mj_step
1785203426.954296112 step=112 stage=after_mj_step
1785203426.954367399 step=113 stage=loop_begin
1785203426.955193520 step=113 stage=after_set_ctrl
1785203426.955267191 step=113 stage=after_step_log
1785203426.955270767 step=113 stage=before_mj_step
1785203426.955339432 step=113 stage=after_mj_step
1785203426.955405235 step=114 stage=loop_begin
1785203426.956280231 step=114 stage=after_set_ctrl
1785203426.956356049 step=114 stage=after_step_log
1785203426.956359863 step=114 stage=before_mj_step
1785203426.956428528 step=114 stage=after_mj_step
1785203426.956498623 step=115 stage=loop_begin
1785203426.956506729 step=115 stage=before_camera_render
1785203427.009661198 step=115 stage=after_camera_render
1785203427.011209726 step=115 stage=after_set_ctrl
1785203427.011306524 step=115 stage=after_step_log
1785203427.011310339 step=115 stage=before_mj_step
1785203427.011416435 step=115 stage=after_mj_step
1785203427.011518002 step=116 stage=loop_begin
1785203427.012466669 step=116 stage=after_set_ctrl
1785203427.012550592 step=116 stage=after_step_log
1785203427.012556791 step=116 stage=before_mj_step
1785203427.012634516 step=116 stage=after_mj_step
1785203427.012711287 step=117 stage=loop_begin
1785203427.013522387 step=117 stage=after_set_ctrl
1785203427.013600349 step=117 stage=after_step_log
1785203427.013604164 step=117 stage=before_mj_step
1785203427.013684750 step=117 stage=after_mj_step
1785203427.013751745 step=118 stage=loop_begin
1785203427.014569283 step=118 stage=after_set_ctrl
1785203427.014643669 step=118 stage=after_step_log
1785203427.014647245 step=118 stage=before_mj_step
1785203427.014724255 step=118 stage=after_mj_step
1785203427.014790297 step=119 stage=loop_begin
1785203427.015604734 step=119 stage=after_set_ctrl
1785203427.015676022 step=119 stage=after_step_log
1785203427.015679598 step=119 stage=before_mj_step
1785203427.015751839 step=119 stage=after_mj_step
1785203427.015813828 step=120 stage=loop_begin
1785203427.015819073 step=120 stage=before_camera_render
1785203427.067919016 step=120 stage=after_camera_render
1785203427.070064306 step=120 stage=after_set_ctrl
1785203427.070151567 step=120 stage=after_step_log
1785203427.070155382 step=120 stage=before_mj_step
1785203427.070258141 step=120 stage=after_mj_step
1785203427.070334673 step=121 stage=loop_begin
1785203427.071300030 step=121 stage=after_set_ctrl
1785203427.071381330 step=121 stage=after_step_log
1785203427.071385384 step=121 stage=before_mj_step
1785203427.071466923 step=121 stage=after_mj_step
1785203427.071542740 step=122 stage=loop_begin
1785203427.072347879 step=122 stage=after_set_ctrl
1785203427.072417974 step=122 stage=after_step_log
1785203427.072422028 step=122 stage=before_mj_step
1785203427.072501898 step=122 stage=after_mj_step
1785203427.072567701 step=123 stage=loop_begin
1785203427.073313713 step=123 stage=after_set_ctrl
1785203427.073385715 step=123 stage=after_step_log
1785203427.073389053 step=123 stage=before_mj_step
1785203427.073470116 step=123 stage=after_mj_step
1785203427.073539495 step=124 stage=loop_begin
1785203427.074315786 step=124 stage=after_set_ctrl
1785203427.074384212 step=124 stage=after_step_log
1785203427.074387789 step=124 stage=before_mj_step
1785203427.074465036 step=124 stage=after_mj_step
1785203427.074533939 step=125 stage=loop_begin
1785203427.074542046 step=125 stage=before_camera_render
1785203427.130603075 step=125 stage=after_camera_render
1785203427.132123709 step=125 stage=after_set_ctrl
1785203427.132237911 step=125 stage=after_step_log
1785203427.132241726 step=125 stage=before_mj_step
1785203427.132348299 step=125 stage=after_mj_step
1785203427.132425070 step=126 stage=loop_begin
1785203427.133398533 step=126 stage=after_set_ctrl
1785203427.133484840 step=126 stage=after_step_log
1785203427.133489370 step=126 stage=before_mj_step
1785203427.133568764 step=126 stage=after_mj_step
1785203427.133636236 step=127 stage=loop_begin
1785203427.134498835 step=127 stage=after_set_ctrl
1785203427.134581804 step=127 stage=after_step_log
1785203427.134585619 step=127 stage=before_mj_step
1785203427.134679794 step=127 stage=after_mj_step
1785203427.134759426 step=128 stage=loop_begin
1785203427.135595560 step=128 stage=after_set_ctrl
1785203427.135669470 step=128 stage=after_step_log
1785203427.135673046 step=128 stage=before_mj_step
1785203427.135737419 step=128 stage=after_mj_step
1785203427.135801315 step=129 stage=loop_begin
1785203427.136561632 step=129 stage=after_set_ctrl
1785203427.136640787 step=129 stage=after_step_log
1785203427.136644602 step=129 stage=before_mj_step
1785203427.136715174 step=129 stage=after_mj_step
1785203427.136779785 step=130 stage=loop_begin
1785203427.136785507 step=130 stage=before_camera_render
1785203427.192707062 step=130 stage=after_camera_render
1785203427.194433451 step=130 stage=after_set_ctrl
1785203427.194539309 step=130 stage=after_step_log
1785203427.194544554 step=130 stage=before_mj_step
1785203427.194650412 step=130 stage=after_mj_step
1785203427.194743633 step=131 stage=loop_begin
1785203427.195677757 step=131 stage=after_set_ctrl
1785203427.195761204 step=131 stage=after_step_log
1785203427.195765734 step=131 stage=before_mj_step
1785203427.195846319 step=131 stage=after_mj_step
1785203427.195923090 step=132 stage=loop_begin
1785203427.196915150 step=132 stage=after_set_ctrl
1785203427.196993351 step=132 stage=after_step_log
1785203427.196997404 step=132 stage=before_mj_step
1785203427.197076797 step=132 stage=after_mj_step
1785203427.197146654 step=133 stage=loop_begin
1785203427.198183775 step=133 stage=after_set_ctrl
1785203427.198255062 step=133 stage=after_step_log
1785203427.198258638 step=133 stage=before_mj_step
1785203427.198326826 step=133 stage=after_mj_step
1785203427.198390961 step=134 stage=loop_begin
1785203427.199334383 step=134 stage=after_set_ctrl
1785203427.199407578 step=134 stage=after_step_log
1785203427.199411154 step=134 stage=before_mj_step
1785203427.199486256 step=134 stage=after_mj_step
1785203427.199549675 step=135 stage=loop_begin
1785203427.199555397 step=135 stage=before_camera_render
1785203427.252256393 step=135 stage=after_camera_render
1785203427.254057884 step=135 stage=after_set_ctrl
1785203427.254156828 step=135 stage=after_step_log
1785203427.254160404 step=135 stage=before_mj_step
1785203427.254265308 step=135 stage=after_mj_step
1785203427.254360914 step=136 stage=loop_begin
1785203427.255314350 step=136 stage=after_set_ctrl
1785203427.255395651 step=136 stage=after_step_log
1785203427.255399704 step=136 stage=before_mj_step
1785203427.255482197 step=136 stage=after_mj_step
1785203427.255555391 step=137 stage=loop_begin
1785203427.256396770 step=137 stage=after_set_ctrl
1785203427.256472349 step=137 stage=after_step_log
1785203427.256479740 step=137 stage=before_mj_step
1785203427.256558180 step=137 stage=after_mj_step
1785203427.256629467 step=138 stage=loop_begin
1785203427.257406950 step=138 stage=after_set_ctrl
1785203427.257483244 step=138 stage=after_step_log
1785203427.257489204 step=138 stage=before_mj_step
1785203427.257562399 step=138 stage=after_mj_step
1785203427.257627964 step=139 stage=loop_begin
1785203427.258462906 step=139 stage=after_set_ctrl
1785203427.258540392 step=139 stage=after_step_log
1785203427.258546114 step=139 stage=before_mj_step
1785203427.258627653 step=139 stage=after_mj_step
1785203427.258693695 step=140 stage=loop_begin
1785203427.258698702 step=140 stage=before_camera_render
1785203427.314271212 step=140 stage=after_camera_render
1785203427.315750360 step=140 stage=after_set_ctrl
1785203427.315844297 step=140 stage=after_step_log
1785203427.315848589 step=140 stage=before_mj_step
1785203427.315960169 step=140 stage=after_mj_step
1785203427.316042423 step=141 stage=loop_begin
1785203427.318221331 step=141 stage=after_set_ctrl
1785203427.318312645 step=141 stage=after_step_log
1785203427.318316221 step=141 stage=before_mj_step
1785203427.318403721 step=141 stage=after_mj_step
1785203427.318487644 step=142 stage=loop_begin
1785203427.319371700 step=142 stage=after_set_ctrl
1785203427.319446087 step=142 stage=after_step_log
1785203427.319449902 step=142 stage=before_mj_step
1785203427.319531918 step=142 stage=after_mj_step
1785203427.319604158 step=143 stage=loop_begin
1785203427.320457458 step=143 stage=after_set_ctrl
1785203427.320537806 step=143 stage=after_step_log
1785203427.320544481 step=143 stage=before_mj_step
1785203427.320629835 step=143 stage=after_mj_step
1785203427.320697784 step=144 stage=loop_begin
1785203427.321512222 step=144 stage=after_set_ctrl
1785203427.321586370 step=144 stage=after_step_log
1785203427.321590900 step=144 stage=before_mj_step
1785203427.321664333 step=144 stage=after_mj_step
1785203427.321729422 step=145 stage=loop_begin
1785203427.321734905 step=145 stage=before_camera_render
1785203427.376369953 step=145 stage=after_camera_render
1785203427.377996206 step=145 stage=after_set_ctrl
1785203427.378101349 step=145 stage=after_step_log
1785203427.378105402 step=145 stage=before_mj_step
1785203427.378231764 step=145 stage=after_mj_step
1785203427.378334284 step=146 stage=loop_begin
1785203427.379345894 step=146 stage=after_set_ctrl
1785203427.379426241 step=146 stage=after_step_log
1785203427.379430294 step=146 stage=before_mj_step
1785203427.379513264 step=146 stage=after_mj_step
1785203427.379587889 step=147 stage=loop_begin
1785203427.380390644 step=147 stage=after_set_ctrl
1785203427.380466700 step=147 stage=after_step_log
1785203427.380470514 step=147 stage=before_mj_step
1785203427.380556107 step=147 stage=after_mj_step
1785203427.380630732 step=148 stage=loop_begin
1785203427.381397486 step=148 stage=after_set_ctrl
1785203427.381477356 step=148 stage=after_step_log
1785203427.381484509 step=148 stage=before_mj_step
1785203427.381557703 step=148 stage=after_mj_step
1785203427.381627321 step=149 stage=loop_begin
1785203427.382466078 step=149 stage=after_set_ctrl
1785203427.382541895 step=149 stage=after_step_log
1785203427.382548332 step=149 stage=before_mj_step
1785203427.382615566 step=149 stage=after_mj_step
1785203427.382678270 step=150 stage=loop_begin
1785203427.382683992 step=150 stage=before_camera_render
1785203427.437432289 step=150 stage=after_camera_render
1785203427.439118147 step=150 stage=after_set_ctrl
1785203427.439240456 step=150 stage=after_step_log
1785203427.439244270 step=150 stage=before_mj_step
1785203427.439345837 step=150 stage=after_mj_step
1785203427.439427376 step=151 stage=loop_begin
1785203427.440463305 step=151 stage=after_set_ctrl
1785203427.440556049 step=151 stage=after_step_log
1785203427.440560579 step=151 stage=before_mj_step
1785203427.440630674 step=151 stage=after_mj_step
1785203427.440696001 step=152 stage=loop_begin
1785203427.441748619 step=152 stage=after_set_ctrl
1785203427.441852331 step=152 stage=after_step_log
1785203427.441856146 step=152 stage=before_mj_step
1785203427.441928148 step=152 stage=after_mj_step
1785203427.441998005 step=153 stage=loop_begin
1785203427.443249464 step=153 stage=after_set_ctrl
1785203427.443323374 step=153 stage=after_step_log
1785203427.443327188 step=153 stage=before_mj_step
1785203427.443392754 step=153 stage=after_mj_step
1785203427.443457365 step=154 stage=loop_begin
1785203427.444314718 step=154 stage=after_set_ctrl
1785203427.444387913 step=154 stage=after_step_log
1785203427.444391489 step=154 stage=before_mj_step
1785203427.444458961 step=154 stage=after_mj_step
1785203427.444528580 step=155 stage=loop_begin
1785203427.444535971 step=155 stage=before_camera_render
1785203427.496896744 step=155 stage=after_camera_render
1785203427.498479843 step=155 stage=after_set_ctrl
1785203427.498578548 step=155 stage=after_step_log
1785203427.498582363 step=155 stage=before_mj_step
1785203427.498685122 step=155 stage=after_mj_step
1785203427.498785734 step=156 stage=loop_begin
1785203427.499713421 step=156 stage=after_set_ctrl
1785203427.499794483 step=156 stage=after_step_log
1785203427.499798059 step=156 stage=before_mj_step
1785203427.499875069 step=156 stage=after_mj_step
1785203427.499951601 step=157 stage=loop_begin
1785203427.501083374 step=157 stage=after_set_ctrl
1785203427.501158714 step=157 stage=after_step_log
1785203427.501162529 step=157 stage=before_mj_step
1785203427.501242399 step=157 stage=after_mj_step
1785203427.501314402 step=158 stage=loop_begin
1785203427.502164841 step=158 stage=after_set_ctrl
1785203427.502238274 step=158 stage=after_step_log
1785203427.502241850 step=158 stage=before_mj_step
1785203427.502313614 step=158 stage=after_mj_step
1785203427.502380133 step=159 stage=loop_begin
1785203427.503275633 step=159 stage=after_set_ctrl
1785203427.503350496 step=159 stage=after_step_log
1785203427.503354073 step=159 stage=before_mj_step
1785203427.503422499 step=159 stage=after_mj_step
1785203427.503491163 step=160 stage=loop_begin
1785203427.503497839 step=160 stage=before_camera_render
1785203427.558170557 step=160 stage=after_camera_render
1785203427.560074568 step=160 stage=after_set_ctrl
1785203427.560173512 step=160 stage=after_step_log
1785203427.560177326 step=160 stage=before_mj_step
1785203427.560294151 step=160 stage=after_mj_step
1785203427.560390949 step=161 stage=loop_begin
1785203427.561378241 step=161 stage=after_set_ctrl
1785203427.561452389 step=161 stage=after_step_log
1785203427.561455727 step=161 stage=before_mj_step
1785203427.561533451 step=161 stage=after_mj_step
1785203427.561598063 step=162 stage=loop_begin
1785203427.562453508 step=162 stage=after_set_ctrl
1785203427.562530041 step=162 stage=after_step_log
1785203427.562536240 step=162 stage=before_mj_step
1785203427.562611818 step=162 stage=after_mj_step
1785203427.562676430 step=163 stage=loop_begin
1785203427.563481331 step=163 stage=after_set_ctrl
1785203427.563552141 step=163 stage=after_step_log
1785203427.563556194 step=163 stage=before_mj_step
1785203427.563623190 step=163 stage=after_mj_step
1785203427.563686132 step=164 stage=loop_begin
1785203427.564700603 step=164 stage=after_set_ctrl
1785203427.564775467 step=164 stage=after_step_log
1785203427.564779758 step=164 stage=before_mj_step
1785203427.564852953 step=164 stage=after_mj_step
1785203427.564918756 step=165 stage=loop_begin
1785203427.564924955 step=165 stage=before_camera_render
1785203427.619835854 step=165 stage=after_camera_render
1785203427.621376753 step=165 stage=after_set_ctrl
1785203427.621483803 step=165 stage=after_step_log
1785203427.621488333 step=165 stage=before_mj_step
1785203427.621589661 step=165 stage=after_mj_step
1785203427.621689320 step=166 stage=loop_begin
1785203427.622528791 step=166 stage=after_set_ctrl
1785203427.622603893 step=166 stage=after_step_log
1785203427.622608185 step=166 stage=before_mj_step
1785203427.622676134 step=166 stage=after_mj_step
1785203427.622740269 step=167 stage=loop_begin
1785203427.623533010 step=167 stage=after_set_ctrl
1785203427.623612404 step=167 stage=after_step_log
1785203427.623616219 step=167 stage=before_mj_step
1785203427.623686075 step=167 stage=after_mj_step
1785203427.623750687 step=168 stage=loop_begin
1785203427.624517441 step=168 stage=after_set_ctrl
1785203427.624614000 step=168 stage=after_step_log
1785203427.624620914 step=168 stage=before_mj_step
1785203427.624705315 step=168 stage=after_mj_step
1785203427.624788046 step=169 stage=loop_begin
1785203427.625818729 step=169 stage=after_set_ctrl
1785203427.625893116 step=169 stage=after_step_log
1785203427.625896931 step=169 stage=before_mj_step
1785203427.625967264 step=169 stage=after_mj_step
1785203427.626031399 step=170 stage=loop_begin
1785203427.626036882 step=170 stage=before_camera_render
1785203427.679912090 step=170 stage=after_camera_render
1785203427.681173086 step=170 stage=after_set_ctrl
1785203427.681263208 step=170 stage=after_step_log
1785203427.681267262 step=170 stage=before_mj_step
1785203427.681371450 step=170 stage=after_mj_step
1785203427.681451321 step=171 stage=loop_begin
1785203427.682396412 step=171 stage=after_set_ctrl
1785203427.682484388 step=171 stage=after_step_log
1785203427.682489157 step=171 stage=before_mj_step
1785203427.682564020 step=171 stage=after_mj_step
1785203427.682632208 step=172 stage=loop_begin
1785203427.683671474 step=172 stage=after_set_ctrl
1785203427.683744669 step=172 stage=after_step_log
1785203427.683748722 step=172 stage=before_mj_step
1785203427.683816195 step=172 stage=after_mj_step
1785203427.683878422 step=173 stage=loop_begin
1785203427.685109854 step=173 stage=after_set_ctrl
1785203427.685200453 step=173 stage=after_step_log
1785203427.685204268 step=173 stage=before_mj_step
1785203427.685287237 step=173 stage=after_mj_step
1785203427.685357094 step=174 stage=loop_begin
1785203427.686224461 step=174 stage=after_set_ctrl
1785203427.686296225 step=174 stage=after_step_log
1785203427.686299801 step=174 stage=before_mj_step
1785203427.686371803 step=174 stage=after_mj_step
1785203427.686433315 step=175 stage=loop_begin
1785203427.686439276 step=175 stage=before_camera_render
1785203427.740698338 step=175 stage=after_camera_render
1785203427.742541313 step=175 stage=after_set_ctrl
1785203427.742717743 step=175 stage=after_step_log
1785203427.742725134 step=175 stage=before_mj_step
1785203427.742884636 step=175 stage=after_mj_step
1785203427.743006229 step=176 stage=loop_begin
1785203427.744553566 step=176 stage=after_set_ctrl
1785203427.744659185 step=176 stage=after_step_log
1785203427.744667292 step=176 stage=before_mj_step
1785203427.744775534 step=176 stage=after_mj_step
1785203427.744868755 step=177 stage=loop_begin
1785203427.746480227 step=177 stage=after_set_ctrl
1785203427.746598482 step=177 stage=after_step_log
1785203427.746607542 step=177 stage=before_mj_step
1785203427.746724844 step=177 stage=after_mj_step
1785203427.746824026 step=178 stage=loop_begin
1785203427.748579979 step=178 stage=after_set_ctrl
1785203427.748703718 step=178 stage=after_step_log
1785203427.748713732 step=178 stage=before_mj_step
1785203427.748876095 step=178 stage=after_mj_step
1785203427.749037981 step=179 stage=loop_begin
1785203427.751257181 step=179 stage=after_set_ctrl
1785203427.751399994 step=179 stage=after_step_log
1785203427.751411438 step=179 stage=before_mj_step
1785203427.751560926 step=179 stage=after_mj_step
1785203427.751688004 step=180 stage=loop_begin
1785203427.751704693 step=180 stage=before_camera_render
1785203427.810096025 step=180 stage=after_camera_render
1785203427.811591148 step=180 stage=after_set_ctrl
1785203427.811689138 step=180 stage=after_step_log
1785203427.811692715 step=180 stage=before_mj_step
1785203427.811803818 step=180 stage=after_mj_step
1785203427.811893702 step=181 stage=loop_begin
1785203427.813142538 step=181 stage=after_set_ctrl
1785203427.813220024 step=181 stage=after_step_log
1785203427.813224077 step=181 stage=before_mj_step
1785203427.813296556 step=181 stage=after_mj_step
1785203427.813361406 step=182 stage=loop_begin
1785203427.814324379 step=182 stage=after_set_ctrl
1785203427.814405680 step=182 stage=after_step_log
1785203427.814409733 step=182 stage=before_mj_step
1785203427.814490080 step=182 stage=after_mj_step
1785203427.814555407 step=183 stage=loop_begin
1785203427.815428495 step=183 stage=after_set_ctrl
1785203427.815502882 step=183 stage=after_step_log
1785203427.815508842 step=183 stage=before_mj_step
1785203427.815578461 step=183 stage=after_mj_step
1785203427.815643787 step=184 stage=loop_begin
1785203427.816467762 step=184 stage=after_set_ctrl
1785203427.816544294 step=184 stage=after_step_log
1785203427.816549778 step=184 stage=before_mj_step
1785203427.816617250 step=184 stage=after_mj_step
1785203427.816677332 step=185 stage=loop_begin
1785203427.816682339 step=185 stage=before_camera_render
1785203427.869250536 step=185 stage=after_camera_render
1785203427.870766640 step=185 stage=after_set_ctrl
1785203427.870856762 step=185 stage=after_step_log
1785203427.870861530 step=185 stage=before_mj_step
1785203427.870968103 step=185 stage=after_mj_step
1785203427.871044636 step=186 stage=loop_begin
1785203427.872232437 step=186 stage=after_set_ctrl
1785203427.872316599 step=186 stage=after_step_log
1785203427.872321367 step=186 stage=before_mj_step
1785203427.872400999 step=186 stage=after_mj_step
1785203427.872468948 step=187 stage=loop_begin
1785203427.873355627 step=187 stage=after_set_ctrl
1785203427.873433590 step=187 stage=after_step_log
1785203427.873437881 step=187 stage=before_mj_step
1785203427.873523712 step=187 stage=after_mj_step
1785203427.873586178 step=188 stage=loop_begin
1785203427.874380112 step=188 stage=after_set_ctrl
1785203427.874455214 step=188 stage=after_step_log
1785203427.874459743 step=188 stage=before_mj_step
1785203427.874543905 step=188 stage=after_mj_step
1785203427.874610424 step=189 stage=loop_begin
1785203427.875449419 step=189 stage=after_set_ctrl
1785203427.875533104 step=189 stage=after_step_log
1785203427.875540495 step=189 stage=before_mj_step
1785203427.875616550 step=189 stage=after_mj_step
1785203427.875680923 step=190 stage=loop_begin
1785203427.875687838 step=190 stage=before_camera_render
1785203427.929806948 step=190 stage=after_camera_render
1785203427.931334972 step=190 stage=after_set_ctrl
1785203427.931434870 step=190 stage=after_step_log
1785203427.931439161 step=190 stage=before_mj_step
1785203427.931565762 step=190 stage=after_mj_step
1785203427.931658268 step=191 stage=loop_begin
1785203427.933018446 step=191 stage=after_set_ctrl
1785203427.933117390 step=191 stage=after_step_log
1785203427.933122158 step=191 stage=before_mj_step
1785203427.933230400 step=191 stage=after_mj_step
1785203427.933321953 step=192 stage=loop_begin
1785203427.934389353 step=192 stage=after_set_ctrl
1785203427.934466362 step=192 stage=after_step_log
1785203427.934470892 step=192 stage=before_mj_step
1785203427.934553862 step=192 stage=after_mj_step
1785203427.934620857 step=193 stage=loop_begin
1785203427.935465574 step=193 stage=after_set_ctrl
1785203427.935540676 step=193 stage=after_step_log
1785203427.935546160 step=193 stage=before_mj_step
1785203427.935618877 step=193 stage=after_mj_step
1785203427.935681105 step=194 stage=loop_begin
1785203427.936619043 step=194 stage=after_set_ctrl
1785203427.936695576 step=194 stage=after_step_log
1785203427.936700583 step=194 stage=before_mj_step
1785203427.936778307 step=194 stage=after_mj_step
1785203427.936843872 step=195 stage=loop_begin
1785203427.936849594 step=195 stage=before_camera_render
1785203427.989933491 step=195 stage=after_camera_render
1785203427.991147995 step=195 stage=after_set_ctrl
1785203427.991240501 step=195 stage=after_step_log
1785203427.991244793 step=195 stage=before_mj_step
1785203427.991353512 step=195 stage=after_mj_step
1785203427.991436720 step=196 stage=loop_begin
1785203427.992467642 step=196 stage=after_set_ctrl
1785203427.992559671 step=196 stage=after_step_log
1785203427.992564201 step=196 stage=before_mj_step
1785203427.992650270 step=196 stage=after_mj_step
1785203427.992723227 step=197 stage=loop_begin
1785203427.993652105 step=197 stage=after_set_ctrl
1785203427.993733406 step=197 stage=after_step_log
1785203427.993736982 step=197 stage=before_mj_step
1785203427.993810415 step=197 stage=after_mj_step
1785203427.993873596 step=198 stage=loop_begin
1785203427.995015144 step=198 stage=after_set_ctrl
1785203427.995099545 step=198 stage=after_step_log
1785203427.995103598 step=198 stage=before_mj_step
1785203427.995184660 step=198 stage=after_mj_step
1785203427.995254993 step=199 stage=loop_begin
1785203427.996317863 step=199 stage=after_set_ctrl
1785203427.996394396 step=199 stage=after_step_log
1785203427.996398926 step=199 stage=before_mj_step
1785203427.996469736 step=199 stage=after_mj_step
1785203427.996536970 step=200 stage=loop_begin
1785203427.996545076 step=200 stage=before_camera_render
1785203428.054716825 step=200 stage=after_camera_render
1785203428.056682587 step=200 stage=after_set_ctrl
1785203428.056829691 step=200 stage=after_step_log
1785203428.056833506 step=200 stage=before_mj_step
1785203428.056955338 step=200 stage=after_mj_step
1785203428.057080507 step=201 stage=loop_begin
1785203428.058560610 step=201 stage=after_set_ctrl
1785203428.058656693 step=201 stage=after_step_log
1785203428.058660746 step=201 stage=before_mj_step
1785203428.058747292 step=201 stage=after_mj_step
1785203428.058822870 step=202 stage=loop_begin
1785203428.059734821 step=202 stage=after_set_ctrl
1785203428.059811115 step=202 stage=after_step_log
1785203428.059814692 step=202 stage=before_mj_step
1785203428.059892893 step=202 stage=after_mj_step
1785203428.059962034 step=203 stage=loop_begin
1785203428.060849667 step=203 stage=after_set_ctrl
1785203428.060927153 step=203 stage=after_step_log
1785203428.060930967 step=203 stage=before_mj_step
1785203428.061011314 step=203 stage=after_mj_step
1785203428.061076164 step=204 stage=loop_begin
1785203428.062076569 step=204 stage=after_set_ctrl
1785203428.062153578 step=204 stage=after_step_log
1785203428.062157393 step=204 stage=before_mj_step
1785203428.062234879 step=204 stage=after_mj_step
1785203428.062300682 step=205 stage=loop_begin
1785203428.062306166 step=205 stage=before_camera_render
1785203428.116777897 step=205 stage=after_camera_render
1785203428.118328094 step=205 stage=after_set_ctrl
1785203428.118420362 step=205 stage=after_step_log
1785203428.118424177 step=205 stage=before_mj_step
1785203428.118537426 step=205 stage=after_mj_step
1785203428.118622541 step=206 stage=loop_begin
1785203428.119492769 step=206 stage=after_set_ctrl
1785203428.119572401 step=206 stage=after_step_log
1785203428.119576216 step=206 stage=before_mj_step
1785203428.119655609 step=206 stage=after_mj_step
1785203428.119726896 step=207 stage=loop_begin
1785203428.120677471 step=207 stage=after_set_ctrl
1785203428.120757818 step=207 stage=after_step_log
1785203428.120761633 step=207 stage=before_mj_step
1785203428.120839357 step=207 stage=after_mj_step
1785203428.120902538 step=208 stage=loop_begin
1785203428.121826649 step=208 stage=after_set_ctrl
1785203428.121905565 step=208 stage=after_step_log
1785203428.121909618 step=208 stage=before_mj_step
1785203428.121992588 step=208 stage=after_mj_step
1785203428.122060537 step=209 stage=loop_begin
1785203428.123060703 step=209 stage=after_set_ctrl
1785203428.123133898 step=209 stage=after_step_log
1785203428.123138189 step=209 stage=before_mj_step
1785203428.123215675 step=209 stage=after_mj_step
1785203428.123282433 step=210 stage=loop_begin
1785203428.123288393 step=210 stage=before_camera_render
1785203428.176216841 step=210 stage=after_camera_render
1785203428.177452087 step=210 stage=after_set_ctrl
1785203428.177550793 step=210 stage=after_step_log
1785203428.177556276 step=210 stage=before_mj_step
1785203428.177671194 step=210 stage=after_mj_step
1785203428.177748919 step=211 stage=loop_begin
1785203428.179162979 step=211 stage=after_set_ctrl
1785203428.179245234 step=211 stage=after_step_log
1785203428.179250240 step=211 stage=before_mj_step
1785203428.179329872 step=211 stage=after_mj_step
1785203428.179399252 step=212 stage=loop_begin
1785203428.180296659 step=212 stage=after_set_ctrl
1785203428.180375338 step=212 stage=after_step_log
1785203428.180379391 step=212 stage=before_mj_step
1785203428.180449963 step=212 stage=after_mj_step
1785203428.180514812 step=213 stage=loop_begin
1785203428.181379080 step=213 stage=after_set_ctrl
1785203428.181452751 step=213 stage=after_step_log
1785203428.181456804 step=213 stage=before_mj_step
1785203428.181537867 step=213 stage=after_mj_step
1785203428.181604147 step=214 stage=loop_begin
1785203428.182406902 step=214 stage=after_set_ctrl
1785203428.182484150 step=214 stage=after_step_log
1785203428.182490587 step=214 stage=before_mj_step
1785203428.182564020 step=214 stage=after_mj_step
1785203428.182627916 step=215 stage=loop_begin
1785203428.182633162 step=215 stage=before_camera_render
1785203428.234821558 step=215 stage=after_camera_render
1785203428.236621380 step=215 stage=after_set_ctrl
1785203428.236708879 step=215 stage=after_step_log
1785203428.236713171 step=215 stage=before_mj_step
1785203428.236824036 step=215 stage=after_mj_step
1785203428.236900091 step=216 stage=loop_begin
1785203428.238159895 step=216 stage=after_set_ctrl
1785203428.238238096 step=216 stage=after_step_log
1785203428.238242626 step=216 stage=before_mj_step
1785203428.238320112 step=216 stage=after_mj_step
1785203428.238386631 step=217 stage=loop_begin
1785203428.239241123 step=217 stage=after_set_ctrl
1785203428.239315510 step=217 stage=after_step_log
1785203428.239319324 step=217 stage=before_mj_step
1785203428.239390612 step=217 stage=after_mj_step
1785203428.239452124 step=218 stage=loop_begin
1785203428.240174532 step=218 stage=after_set_ctrl
1785203428.240249157 step=218 stage=after_step_log
1785203428.240253210 step=218 stage=before_mj_step
1785203428.240331173 step=218 stage=after_mj_step
1785203428.240393639 step=219 stage=loop_begin
1785203428.241209745 step=219 stage=after_set_ctrl
1785203428.241284609 step=219 stage=after_step_log
1785203428.241288900 step=219 stage=before_mj_step
1785203428.241363525 step=219 stage=after_mj_step
1785203428.241427422 step=220 stage=loop_begin
1785203428.241433144 step=220 stage=before_camera_render
1785203428.294670343 step=220 stage=after_camera_render
1785203428.296342850 step=220 stage=after_set_ctrl
1785203428.296436548 step=220 stage=after_step_log
1785203428.296440363 step=220 stage=before_mj_step
1785203428.296555996 step=220 stage=after_mj_step
1785203428.296643257 step=221 stage=loop_begin
1785203428.297568321 step=221 stage=after_set_ctrl
1785203428.297657490 step=221 stage=after_step_log
1785203428.297661543 step=221 stage=before_mj_step
1785203428.297760248 step=221 stage=after_mj_step
1785203428.297848463 step=222 stage=loop_begin
1785203428.298762321 step=222 stage=after_set_ctrl
1785203428.298837900 step=222 stage=after_step_log
1785203428.298841953 step=222 stage=before_mj_step
1785203428.298922539 step=222 stage=after_mj_step
1785203428.298988581 step=223 stage=loop_begin
1785203428.300026655 step=223 stage=after_set_ctrl
1785203428.300096989 step=223 stage=after_step_log
1785203428.300100803 step=223 stage=before_mj_step
1785203428.300172567 step=223 stage=after_mj_step
1785203428.300235987 step=224 stage=loop_begin
1785203428.301187277 step=224 stage=after_set_ctrl
1785203428.301258326 step=224 stage=after_step_log
1785203428.301261663 step=224 stage=before_mj_step
1785203428.301328897 step=224 stage=after_mj_step
1785203428.301388741 step=225 stage=loop_begin
1785203428.301394224 step=225 stage=before_camera_render
1785203428.357025623 step=225 stage=after_camera_render
1785203428.358979225 step=225 stage=after_set_ctrl
1785203428.359108925 step=225 stage=after_step_log
1785203428.359112501 step=225 stage=before_mj_step
1785203428.359224319 step=225 stage=after_mj_step
1785203428.359316111 step=226 stage=loop_begin
1785203428.360418081 step=226 stage=after_set_ctrl
1785203428.360498667 step=226 stage=after_step_log
1785203428.360502958 step=226 stage=before_mj_step
1785203428.360577345 step=226 stage=after_mj_step
1785203428.360644102 step=227 stage=loop_begin
1785203428.361597538 step=227 stage=after_set_ctrl
1785203428.361676693 step=227 stage=after_step_log
1785203428.361680746 step=227 stage=before_mj_step
1785203428.361757994 step=227 stage=after_mj_step
1785203428.361822367 step=228 stage=loop_begin
1785203428.362810135 step=228 stage=after_set_ctrl
1785203428.362882614 step=228 stage=after_step_log
1785203428.362886429 step=228 stage=before_mj_step
1785203428.362957716 step=228 stage=after_mj_step
1785203428.363023758 step=229 stage=loop_begin
1785203428.364127398 step=229 stage=after_set_ctrl
1785203428.364205122 step=229 stage=after_step_log
1785203428.364209414 step=229 stage=before_mj_step
1785203428.364287376 step=229 stage=after_mj_step
1785203428.364354134 step=230 stage=loop_begin
1785203428.364359140 step=230 stage=before_camera_render
1785203428.420032501 step=230 stage=after_camera_render
1785203428.421488285 step=230 stage=after_set_ctrl
1785203428.421587706 step=230 stage=after_step_log
1785203428.421591520 step=230 stage=before_mj_step
1785203428.421698809 step=230 stage=after_mj_step
1785203428.421793938 step=231 stage=loop_begin
1785203428.422808886 step=231 stage=after_set_ctrl
1785203428.422890186 step=231 stage=after_step_log
1785203428.422893763 step=231 stage=before_mj_step
1785203428.422973394 step=231 stage=after_mj_step
1785203428.423042536 step=232 stage=loop_begin
1785203428.424192667 step=232 stage=after_set_ctrl
1785203428.424269915 step=232 stage=after_step_log
1785203428.424273491 step=232 stage=before_mj_step
1785203428.424347878 step=232 stage=after_mj_step
1785203428.424414396 step=233 stage=loop_begin
1785203428.425235510 step=233 stage=after_set_ctrl
1785203428.425306320 step=233 stage=after_step_log
1785203428.425309896 step=233 stage=before_mj_step
1785203428.425378323 step=233 stage=after_mj_step
1785203428.425441742 step=234 stage=loop_begin
1785203428.426327467 step=234 stage=after_set_ctrl
1785203428.426400661 step=234 stage=after_step_log
1785203428.426404715 step=234 stage=before_mj_step
1785203428.426485777 step=234 stage=after_mj_step
1785203428.426549673 step=235 stage=loop_begin
1785203428.426555157 step=235 stage=before_camera_render
1785203428.479779005 step=235 stage=after_camera_render
1785203428.481376886 step=235 stage=after_set_ctrl
1785203428.481481075 step=235 stage=after_step_log
1785203428.481485844 step=235 stage=before_mj_step
1785203428.481591463 step=235 stage=after_mj_step
1785203428.481686354 step=236 stage=loop_begin
1785203428.482517242 step=236 stage=after_set_ctrl
1785203428.482597113 step=236 stage=after_step_log
1785203428.482601166 step=236 stage=before_mj_step
1785203428.482680559 step=236 stage=after_mj_step
1785203428.482750177 step=237 stage=loop_begin
1785203428.483648062 step=237 stage=after_set_ctrl
1785203428.483724356 step=237 stage=after_step_log
1785203428.483728170 step=237 stage=before_mj_step
1785203428.483805895 step=237 stage=after_mj_step
1785203428.483872414 step=238 stage=loop_begin
1785203428.484627724 step=238 stage=after_set_ctrl
1785203428.484699249 step=238 stage=after_step_log
1785203428.484703064 step=238 stage=before_mj_step
1785203428.484773636 step=238 stage=after_mj_step
1785203428.484838247 step=239 stage=loop_begin
1785203428.485679150 step=239 stage=after_set_ctrl
1785203428.485753059 step=239 stage=after_step_log
1785203428.485756874 step=239 stage=before_mj_step
1785203428.485824823 step=239 stage=after_mj_step
1785203428.485887051 step=240 stage=loop_begin
1785203428.485892057 step=240 stage=before_camera_render
1785203428.538455486 step=240 stage=after_camera_render
1785203428.540298700 step=240 stage=after_set_ctrl
1785203428.540390253 step=240 stage=after_step_log
1785203428.540395021 step=240 stage=before_mj_step
1785203428.540511131 step=240 stage=after_mj_step
1785203428.540592670 step=241 stage=loop_begin
1785203428.541527748 step=241 stage=after_set_ctrl
1785203428.541609287 step=241 stage=after_step_log
1785203428.541613340 step=241 stage=before_mj_step
1785203428.541695833 step=241 stage=after_mj_step
1785203428.541767836 step=242 stage=loop_begin
1785203428.543190241 step=242 stage=after_set_ctrl
1785203428.543292761 step=242 stage=after_step_log
1785203428.543296814 step=242 stage=before_mj_step
1785203428.543388128 step=242 stage=after_mj_step
1785203428.543477297 step=243 stage=loop_begin
1785203428.544350386 step=243 stage=after_set_ctrl
1785203428.544424772 step=243 stage=after_step_log
1785203428.544428587 step=243 stage=before_mj_step
1785203428.544511318 step=243 stage=after_mj_step
1785203428.544579744 step=244 stage=loop_begin
1785203428.545310736 step=244 stage=after_set_ctrl
1785203428.545387745 step=244 stage=after_step_log
1785203428.545393944 step=244 stage=before_mj_step
1785203428.545480728 step=244 stage=after_mj_step
1785203428.545549393 step=245 stage=loop_begin
1785203428.545556068 step=245 stage=before_camera_render
1785203428.599144936 step=245 stage=after_camera_render
1785203428.600936890 step=245 stage=after_set_ctrl
1785203428.601029634 step=245 stage=after_step_log
1785203428.601033926 step=245 stage=before_mj_step
1785203428.601144552 step=245 stage=after_mj_step
1785203428.601223707 step=246 stage=loop_begin
1785203428.602400303 step=246 stage=after_set_ctrl
1785203428.602486372 step=246 stage=after_step_log
1785203428.602491379 step=246 stage=before_mj_step
1785203428.602574348 step=246 stage=after_mj_step
1785203428.602645874 step=247 stage=loop_begin
1785203428.603525162 step=247 stage=after_set_ctrl
1785203428.603604794 step=247 stage=after_step_log
1785203428.603609085 step=247 stage=before_mj_step
1785203428.603697062 step=247 stage=after_mj_step
1785203428.603764296 step=248 stage=loop_begin
1785203428.604495525 step=248 stage=after_set_ctrl
1785203428.604572058 step=248 stage=after_step_log
1785203428.604576111 step=248 stage=before_mj_step
1785203428.604658127 step=248 stage=after_mj_step
1785203428.604724169 step=249 stage=loop_begin
1785203428.605554342 step=249 stage=after_set_ctrl
1785203428.605628252 step=249 stage=after_step_log
1785203428.605631828 step=249 stage=before_mj_step
1785203428.605711460 step=249 stage=after_mj_step
1785203428.605776787 step=250 stage=loop_begin
1785203428.605783224 step=250 stage=before_camera_render
1785203428.660676241 step=250 stage=after_camera_render
1785203428.662393808 step=250 stage=after_set_ctrl
1785203428.662520409 step=250 stage=after_step_log
1785203428.662524223 step=250 stage=before_mj_step
1785203428.662636518 step=250 stage=after_mj_step
1785203428.662723780 step=251 stage=loop_begin
1785203428.663856030 step=251 stage=after_set_ctrl
1785203428.663937092 step=251 stage=after_step_log
1785203428.663940907 step=251 stage=before_mj_step
1785203428.664022207 step=251 stage=after_mj_step
1785203428.664093018 step=252 stage=loop_begin
1785203428.664972067 step=252 stage=after_set_ctrl
1785203428.665051937 step=252 stage=after_step_log
1785203428.665056229 step=252 stage=before_mj_step
1785203428.665132761 step=252 stage=after_mj_step
1785203428.665201187 step=253 stage=loop_begin
1785203428.666262388 step=253 stage=after_set_ctrl
1785203428.666337729 step=253 stage=after_step_log
1785203428.666341543 step=253 stage=before_mj_step
1785203428.666416407 step=253 stage=after_mj_step
1785203428.666488171 step=254 stage=loop_begin
1785203428.667353392 step=254 stage=after_set_ctrl
1785203428.667422295 step=254 stage=after_step_log
1785203428.667425871 step=254 stage=before_mj_step
1785203428.667501450 step=254 stage=after_mj_step
1785203428.667566538 step=255 stage=loop_begin
1785203428.667572021 step=255 stage=before_camera_render
1785203428.720136881 step=255 stage=after_camera_render
1785203428.721618176 step=255 stage=after_set_ctrl
1785203428.721708298 step=255 stage=after_step_log
1785203428.721712351 step=255 stage=before_mj_step
1785203428.721820831 step=255 stage=after_mj_step
1785203428.721905947 step=256 stage=loop_begin
1785203428.722811222 step=256 stage=after_set_ctrl
1785203428.722897053 step=256 stage=after_step_log
1785203428.722901583 step=256 stage=before_mj_step
1785203428.722998857 step=256 stage=after_mj_step
1785203428.723079205 step=257 stage=loop_begin
1785203428.724038601 step=257 stage=after_set_ctrl
1785203428.724115372 step=257 stage=after_step_log
1785203428.724125385 step=257 stage=before_mj_step
1785203428.724201918 step=257 stage=after_mj_step
1785203428.724275112 step=258 stage=loop_begin
1785203428.725149870 step=258 stage=after_set_ctrl
1785203428.725221395 step=258 stage=after_step_log
1785203428.725225449 step=258 stage=before_mj_step
1785203428.725293398 step=258 stage=after_mj_step
1785203428.725363970 step=259 stage=loop_begin
1785203428.726187706 step=259 stage=after_set_ctrl
1785203428.726260185 step=259 stage=after_step_log
1785203428.726263762 step=259 stage=before_mj_step
1785203428.726340055 step=259 stage=after_mj_step
1785203428.726405382 step=260 stage=loop_begin
1785203428.726410389 step=260 stage=before_camera_render
1785203428.780894041 step=260 stage=after_camera_render
1785203428.782493591 step=260 stage=after_set_ctrl
1785203428.782586336 step=260 stage=after_step_log
1785203428.782590866 step=260 stage=before_mj_step
1785203428.782698870 step=260 stage=after_mj_step
1785203428.782781601 step=261 stage=loop_begin
1785203428.783911228 step=261 stage=after_set_ctrl
1785203428.783998251 step=261 stage=after_step_log
1785203428.784002304 step=261 stage=before_mj_step
1785203428.784087181 step=261 stage=after_mj_step
1785203428.784157991 step=262 stage=loop_begin
1785203428.785147667 step=262 stage=after_set_ctrl
1785203428.785227537 step=262 stage=after_step_log
1785203428.785231829 step=262 stage=before_mj_step
1785203428.785307646 step=262 stage=after_mj_step
1785203428.785373688 step=263 stage=loop_begin
1785203428.786172628 step=263 stage=after_set_ctrl
1785203428.786245346 step=263 stage=after_step_log
1785203428.786249161 step=263 stage=before_mj_step
1785203428.786319256 step=263 stage=after_mj_step
1785203428.786382675 step=264 stage=loop_begin
1785203428.787274599 step=264 stage=after_set_ctrl
1785203428.787351131 step=264 stage=after_step_log
1785203428.787355185 step=264 stage=before_mj_step
1785203428.787431479 step=264 stage=after_mj_step
1785203428.787500381 step=265 stage=loop_begin
1785203428.787507534 step=265 stage=before_camera_render
1785203428.840133667 step=265 stage=after_camera_render
1785203428.841610670 step=265 stage=after_set_ctrl
1785203428.841710329 step=265 stage=after_step_log
1785203428.841714621 step=265 stage=before_mj_step
1785203428.841829062 step=265 stage=after_mj_step
1785203428.841928482 step=266 stage=loop_begin
1785203428.843208790 step=266 stage=after_set_ctrl
1785203428.843287945 step=266 stage=after_step_log
1785203428.843291759 step=266 stage=before_mj_step
1785203428.843371868 step=266 stage=after_mj_step
1785203428.843436718 step=267 stage=loop_begin
1785203428.844205379 step=267 stage=after_set_ctrl
1785203428.844277859 step=267 stage=after_step_log
1785203428.844281435 step=267 stage=before_mj_step
1785203428.844355106 step=267 stage=after_mj_step
1785203428.844416857 step=268 stage=loop_begin
1785203428.845172644 step=268 stage=after_set_ctrl
1785203428.845241547 step=268 stage=after_step_log
1785203428.845245361 step=268 stage=before_mj_step
1785203428.845314741 step=268 stage=after_mj_step
1785203428.845375776 step=269 stage=loop_begin
1785203428.846190453 step=269 stage=after_set_ctrl
1785203428.846264124 step=269 stage=after_step_log
1785203428.846268415 step=269 stage=before_mj_step
1785203428.846343756 step=269 stage=after_mj_step
1785203428.846407652 step=270 stage=loop_begin
1785203428.846413374 step=270 stage=before_camera_render
1785203428.899144411 step=270 stage=after_camera_render
1785203428.901437283 step=270 stage=after_set_ctrl
1785203428.901538610 step=270 stage=after_step_log
1785203428.901543617 step=270 stage=before_mj_step
1785203428.901654720 step=270 stage=after_mj_step
1785203428.901737213 step=271 stage=loop_begin
1785203428.902663946 step=271 stage=after_set_ctrl
1785203428.902744532 step=271 stage=after_step_log
1785203428.902748585 step=271 stage=before_mj_step
1785203428.902832747 step=271 stage=after_mj_step
1785203428.902898788 step=272 stage=loop_begin
1785203428.904201031 step=272 stage=after_set_ctrl
1785203428.904280424 step=272 stage=after_step_log
1785203428.904290676 step=272 stage=before_mj_step
1785203428.904378653 step=272 stage=after_mj_step
1785203428.904456139 step=273 stage=loop_begin
1785203428.905265808 step=273 stage=after_set_ctrl
1785203428.905340910 step=273 stage=after_step_log
1785203428.905345201 step=273 stage=before_mj_step
1785203428.905426502 step=273 stage=after_mj_step
1785203428.905495882 step=274 stage=loop_begin
1785203428.906297445 step=274 stage=after_set_ctrl
1785203428.906366348 step=274 stage=after_step_log
1785203428.906370640 step=274 stage=before_mj_step
1785203428.906448126 step=274 stage=after_mj_step
1785203428.906517982 step=275 stage=loop_begin
1785203428.906525850 step=275 stage=before_camera_render
1785203428.959064007 step=275 stage=after_camera_render
1785203428.960707188 step=275 stage=after_set_ctrl
1785203428.960830212 step=275 stage=after_step_log
1785203428.960833549 step=275 stage=before_mj_step
1785203428.960943699 step=275 stage=after_mj_step
1785203428.961033106 step=276 stage=loop_begin
1785203428.962290525 step=276 stage=after_set_ctrl
1785203428.962369204 step=276 stage=after_step_log
1785203428.962372780 step=276 stage=before_mj_step
1785203428.962450266 step=276 stage=after_mj_step
1785203428.962523937 step=277 stage=loop_begin
1785203428.963368177 step=277 stage=after_set_ctrl
1785203428.963441610 step=277 stage=after_step_log
1785203428.963445425 step=277 stage=before_mj_step
1785203428.963529825 step=277 stage=after_mj_step
1785203428.963600397 step=278 stage=loop_begin
1785203428.964461803 step=278 stage=after_set_ctrl
1785203428.964537382 step=278 stage=after_step_log
1785203428.964544058 step=278 stage=before_mj_step
1785203428.964613199 step=278 stage=after_mj_step
1785203428.964679718 step=279 stage=loop_begin
1785203428.965495348 step=279 stage=after_set_ctrl
1785203428.965566397 step=279 stage=after_step_log
1785203428.965570927 step=279 stage=before_mj_step
1785203428.965635777 step=279 stage=after_mj_step
1785203428.965701103 step=280 stage=loop_begin
1785203428.965706825 step=280 stage=before_camera_render
1785203429.018361092 step=280 stage=after_camera_render
1785203429.020090342 step=280 stage=after_set_ctrl
1785203429.020182610 step=280 stage=after_step_log
1785203429.020187378 step=280 stage=before_mj_step
1785203429.020293236 step=280 stage=after_mj_step
1785203429.020369053 step=281 stage=loop_begin
1785203429.021318913 step=281 stage=after_set_ctrl
1785203429.021402359 step=281 stage=after_step_log
1785203429.021406412 step=281 stage=before_mj_step
1785203429.021487951 step=281 stage=after_mj_step
1785203429.021555901 step=282 stage=loop_begin
1785203429.022354603 step=282 stage=after_set_ctrl
1785203429.022426367 step=282 stage=after_step_log
1785203429.022429943 step=282 stage=before_mj_step
1785203429.022504330 step=282 stage=after_mj_step
1785203429.022568703 step=283 stage=loop_begin
1785203429.023308992 step=283 stage=after_set_ctrl
1785203429.023382902 step=283 stage=after_step_log
1785203429.023386717 step=283 stage=before_mj_step
1785203429.023457766 step=283 stage=after_mj_step
1785203429.023526907 step=284 stage=loop_begin
1785203429.024322987 step=284 stage=after_set_ctrl
1785203429.024392605 step=284 stage=after_step_log
1785203429.024396896 step=284 stage=before_mj_step
1785203429.024463654 step=284 stage=after_mj_step
1785203429.024529934 step=285 stage=loop_begin
1785203429.024537802 step=285 stage=before_camera_render
1785203429.077833652 step=285 stage=after_camera_render
1785203429.079607487 step=285 stage=after_set_ctrl
1785203429.079695463 step=285 stage=after_step_log
1785203429.079699755 step=285 stage=before_mj_step
1785203429.079803705 step=285 stage=after_mj_step
1785203429.079882860 step=286 stage=loop_begin
1785203429.081141710 step=286 stage=after_set_ctrl
1785203429.081228018 step=286 stage=after_step_log
1785203429.081231833 step=286 stage=before_mj_step
1785203429.081309795 step=286 stage=after_mj_step
1785203429.081377506 step=287 stage=loop_begin
1785203429.082188368 step=287 stage=after_set_ctrl
1785203429.082261086 step=287 stage=after_step_log
1785203429.082270622 step=287 stage=before_mj_step
1785203429.082340240 step=287 stage=after_mj_step
1785203429.082405090 step=288 stage=loop_begin
1785203429.083450794 step=288 stage=after_set_ctrl
1785203429.083536148 step=288 stage=after_step_log
1785203429.083541155 step=288 stage=before_mj_step
1785203429.083616495 step=288 stage=after_mj_step
1785203429.083682060 step=289 stage=loop_begin
1785203429.084386349 step=289 stage=after_set_ctrl
1785203429.084455967 step=289 stage=after_step_log
1785203429.084460258 step=289 stage=before_mj_step
1785203429.084535837 step=289 stage=after_mj_step
1785203429.084603310 step=290 stage=loop_begin
1785203429.084609270 step=290 stage=before_camera_render
1785203429.137454748 step=290 stage=after_camera_render
1785203429.139191866 step=290 stage=after_set_ctrl
1785203429.139287949 step=290 stage=after_step_log
1785203429.139292002 step=290 stage=before_mj_step
1785203429.139393568 step=290 stage=after_mj_step
1785203429.139481544 step=291 stage=loop_begin
1785203429.140377045 step=291 stage=after_set_ctrl
1785203429.140453815 step=291 stage=after_step_log
1785203429.140457153 step=291 stage=before_mj_step
1785203429.140538216 step=291 stage=after_mj_step
1785203429.140609980 step=292 stage=loop_begin
1785203429.141483784 step=292 stage=after_set_ctrl
1785203429.141571999 step=292 stage=after_step_log
1785203429.141576767 step=292 stage=before_mj_step
1785203429.141672134 step=292 stage=after_mj_step
1785203429.141756058 step=293 stage=loop_begin
1785203429.142675877 step=293 stage=after_set_ctrl
1785203429.142751455 step=293 stage=after_step_log
1785203429.142755032 step=293 stage=before_mj_step
1785203429.142830849 step=293 stage=after_mj_step
1785203429.142904520 step=294 stage=loop_begin
1785203429.143666744 step=294 stage=after_set_ctrl
1785203429.143742323 step=294 stage=after_step_log
1785203429.143745422 step=294 stage=before_mj_step
1785203429.143826008 step=294 stage=after_mj_step
1785203429.143894196 step=295 stage=loop_begin
1785203429.143899679 step=295 stage=before_camera_render
1785203429.196775198 step=295 stage=after_camera_render
1785203429.198404789 step=295 stage=after_set_ctrl
1785203429.198517084 step=295 stage=after_step_log
1785203429.198521614 step=295 stage=before_mj_step
1785203429.198623180 step=295 stage=after_mj_step
1785203429.198726177 step=296 stage=loop_begin
1785203429.199719191 step=296 stage=after_set_ctrl
1785203429.199792147 step=296 stage=after_step_log
1785203429.199796200 step=296 stage=before_mj_step
1785203429.199862719 step=296 stage=after_mj_step
1785203429.199926853 step=297 stage=loop_begin
1785203429.201268673 step=297 stage=after_set_ctrl
1785203429.201346874 step=297 stage=after_step_log
1785203429.201350689 step=297 stage=before_mj_step
1785203429.201423168 step=297 stage=after_mj_step
1785203429.201494932 step=298 stage=loop_begin
1785203429.202413797 step=298 stage=after_set_ctrl
1785203429.202487469 step=298 stage=after_step_log
1785203429.202493668 step=298 stage=before_mj_step
1785203429.202560186 step=298 stage=after_mj_step
1785203429.202621222 step=299 stage=loop_begin
1785203429.203427792 step=299 stage=after_set_ctrl
1785203429.203504324 step=299 stage=after_step_log
1785203429.203511000 step=299 stage=before_mj_step
1785203429.203583241 step=299 stage=after_mj_step
1785203429.203646898 step=300 stage=loop_begin
1785203429.203652620 step=300 stage=before_camera_render
1785203429.258764505 step=300 stage=after_camera_render
1785203429.260365248 step=300 stage=after_set_ctrl
1785203429.260490417 step=300 stage=after_step_log
1785203429.260495186 step=300 stage=before_mj_step
1785203429.260599613 step=300 stage=after_mj_step
1785203429.260683298 step=301 stage=loop_begin
1785203429.262144327 step=301 stage=after_set_ctrl
1785203429.262235641 step=301 stage=after_step_log
1785203429.262240887 step=301 stage=before_mj_step
1785203429.262328863 step=301 stage=after_mj_step
1785203429.262410402 step=302 stage=loop_begin
1785203429.263420820 step=302 stage=after_set_ctrl
1785203429.263508320 step=302 stage=after_step_log
1785203429.263517857 step=302 stage=before_mj_step
1785203429.263602734 step=302 stage=after_mj_step
1785203429.263679266 step=303 stage=loop_begin
1785203429.264440775 step=303 stage=after_set_ctrl
1785203429.264522791 step=303 stage=after_step_log
1785203429.264529705 step=303 stage=before_mj_step
1785203429.264606476 step=303 stage=after_mj_step
1785203429.264677525 step=304 stage=loop_begin
1785203429.265576363 step=304 stage=after_set_ctrl
1785203429.265656233 step=304 stage=after_step_log
1785203429.265660524 step=304 stage=before_mj_step
1785203429.265733957 step=304 stage=after_mj_step
1785203429.265802860 step=305 stage=loop_begin
1785203429.265808582 step=305 stage=before_camera_render
1785203429.319697142 step=305 stage=after_camera_render
1785203429.321016788 step=305 stage=after_set_ctrl
1785203429.321107149 step=305 stage=after_step_log
1785203429.321111202 step=305 stage=before_mj_step
1785203429.321216106 step=305 stage=after_mj_step
1785203429.321295261 step=306 stage=loop_begin
1785203429.322306633 step=306 stage=after_set_ctrl
1785203429.322390795 step=306 stage=after_step_log
1785203429.322394371 step=306 stage=before_mj_step
1785203429.322480202 step=306 stage=after_mj_step
1785203429.322554827 step=307 stage=loop_begin
1785203429.323395491 step=307 stage=after_set_ctrl
1785203429.323464870 step=307 stage=after_step_log
1785203429.323468685 step=307 stage=before_mj_step
1785203429.323540211 step=307 stage=after_mj_step
1785203429.323607206 step=308 stage=loop_begin
1785203429.324459076 step=308 stage=after_set_ctrl
1785203429.324534416 step=308 stage=after_step_log
1785203429.324540854 step=308 stage=before_mj_step
1785203429.324610710 step=308 stage=after_mj_step
1785203429.324674606 step=309 stage=loop_begin
1785203429.325394392 step=309 stage=after_set_ctrl
1785203429.325461388 step=309 stage=after_step_log
1785203429.325465441 step=309 stage=before_mj_step
1785203429.325534105 step=309 stage=after_mj_step
1785203429.325596809 step=310 stage=loop_begin
1785203429.325601816 step=310 stage=before_camera_render
1785203429.378236771 step=310 stage=after_camera_render
1785203429.379528046 step=310 stage=after_set_ctrl
1785203429.379618406 step=310 stage=after_step_log
1785203429.379622459 step=310 stage=before_mj_step
1785203429.379727840 step=310 stage=after_mj_step
1785203429.379806519 step=311 stage=loop_begin
1785203429.381119251 step=311 stage=after_set_ctrl
1785203429.381206512 step=311 stage=after_step_log
1785203429.381210327 step=311 stage=before_mj_step
1785203429.381290197 step=311 stage=after_mj_step
1785203429.381365061 step=312 stage=loop_begin
1785203429.382309914 step=312 stage=after_set_ctrl
1785203429.382386446 step=312 stage=after_step_log
1785203429.382390022 step=312 stage=before_mj_step
1785203429.382466078 step=312 stage=after_mj_step
1785203429.382538319 step=313 stage=loop_begin
1785203429.383681774 step=313 stage=after_set_ctrl
1785203429.383755445 step=313 stage=after_step_log
1785203429.383760214 step=313 stage=before_mj_step
1785203429.383834124 step=313 stage=after_mj_step
1785203429.383898258 step=314 stage=loop_begin
1785203429.385068655 step=314 stage=after_set_ctrl
1785203429.385139465 step=314 stage=after_step_log
1785203429.385143518 step=314 stage=before_mj_step
1785203429.385212660 step=314 stage=after_mj_step
1785203429.385277033 step=315 stage=loop_begin
1785203429.385282040 step=315 stage=before_camera_render
1785203429.439262629 step=315 stage=after_camera_render
1785203429.441363811 step=315 stage=after_set_ctrl
1785203429.441457510 step=315 stage=after_step_log
1785203429.441461802 step=315 stage=before_mj_step
1785203429.441567659 step=315 stage=after_mj_step
1785203429.441646099 step=316 stage=loop_begin
1785203429.442538977 step=316 stage=after_set_ctrl
1785203429.442631006 step=316 stage=after_step_log
1785203429.442634821 step=316 stage=before_mj_step
1785203429.442733526 step=316 stage=after_mj_step
1785203429.442815781 step=317 stage=loop_begin
1785203429.444002867 step=317 stage=after_set_ctrl
1785203429.444082975 step=317 stage=after_step_log
1785203429.444092751 step=317 stage=before_mj_step
1785203429.444174528 step=317 stage=after_mj_step
1785203429.444250345 step=318 stage=loop_begin
1785203429.445446968 step=318 stage=after_set_ctrl
1785203429.445537090 step=318 stage=after_step_log
1785203429.445542097 step=318 stage=before_mj_step
1785203429.445627928 step=318 stage=after_mj_step
1785203429.445700645 step=319 stage=loop_begin
1785203429.446712732 step=319 stage=after_set_ctrl
1785203429.446786404 step=319 stage=after_step_log
1785203429.446790218 step=319 stage=before_mj_step
1785203429.446865320 step=319 stage=after_mj_step
1785203429.446931601 step=320 stage=loop_begin
1785203429.446939707 step=320 stage=before_camera_render
1785203429.499182940 step=320 stage=after_camera_render
1785203429.501656532 step=320 stage=after_set_ctrl
1785203429.501744032 step=320 stage=after_step_log
1785203429.501748323 step=320 stage=before_mj_step
1785203429.501851082 step=320 stage=after_mj_step
1785203429.501928806 step=321 stage=loop_begin
1785203429.503023386 step=321 stage=after_set_ctrl
1785203429.503101349 step=321 stage=after_step_log
1785203429.503105879 step=321 stage=before_mj_step
1785203429.503181934 step=321 stage=after_mj_step
1785203429.503248692 step=322 stage=loop_begin
1785203429.504227638 step=322 stage=after_set_ctrl
1785203429.504305124 step=322 stage=after_step_log
1785203429.504308939 step=322 stage=before_mj_step
1785203429.504385948 step=322 stage=after_mj_step
1785203429.504452705 step=323 stage=loop_begin
1785203429.505390644 step=323 stage=after_set_ctrl
1785203429.505463123 step=323 stage=after_step_log
1785203429.505466461 step=323 stage=before_mj_step
1785203429.505542994 step=323 stage=after_mj_step
1785203429.505609512 step=324 stage=loop_begin
1785203429.506618977 step=324 stage=after_set_ctrl
1785203429.506693125 step=324 stage=after_step_log
1785203429.506696463 step=324 stage=before_mj_step
1785203429.506774187 step=324 stage=after_mj_step
1785203429.506834745 step=325 stage=loop_begin
1785203429.506840229 step=325 stage=before_camera_render
1785203429.560005188 step=325 stage=after_camera_render
1785203429.561421394 step=325 stage=after_set_ctrl
1785203429.561542749 step=325 stage=after_step_log
1785203429.561547041 step=325 stage=before_mj_step
1785203429.561651945 step=325 stage=after_mj_step
1785203429.561731339 step=326 stage=loop_begin
1785203429.562726259 step=326 stage=after_set_ctrl
1785203429.562807322 step=326 stage=after_step_log
1785203429.562810898 step=326 stage=before_mj_step
1785203429.562885046 step=326 stage=after_mj_step
1785203429.562951326 step=327 stage=loop_begin
1785203429.563781023 step=327 stage=after_set_ctrl
1785203429.563858509 step=327 stage=after_step_log
1785203429.563862562 step=327 stage=before_mj_step
1785203429.563936472 step=327 stage=after_mj_step
1785203429.564002752 step=328 stage=loop_begin
1785203429.564868689 step=328 stage=after_set_ctrl
1785203429.564940691 step=328 stage=after_step_log
1785203429.564944983 step=328 stage=before_mj_step
1785203429.565011024 step=328 stage=after_mj_step
1785203429.565075397 step=329 stage=loop_begin
1785203429.566169262 step=329 stage=after_set_ctrl
1785203429.566245556 step=329 stage=after_step_log
1785203429.566249371 step=329 stage=before_mj_step
1785203429.566322803 step=329 stage=after_mj_step
1785203429.566386938 step=330 stage=loop_begin
1785203429.566392422 step=330 stage=before_camera_render
1785203429.618983746 step=330 stage=after_camera_render
1785203429.620347023 step=330 stage=after_set_ctrl
1785203429.620437622 step=330 stage=after_step_log
1785203429.620441914 step=330 stage=before_mj_step
1785203429.620557308 step=330 stage=after_mj_step
1785203429.620640039 step=331 stage=loop_begin
1785203429.621686697 step=331 stage=after_set_ctrl
1785203429.621774673 step=331 stage=after_step_log
1785203429.621778250 step=331 stage=before_mj_step
1785203429.621857643 step=331 stage=after_mj_step
1785203429.621928453 step=332 stage=loop_begin
1785203429.623155117 step=332 stage=after_set_ctrl
1785203429.623228788 step=332 stage=after_step_log
1785203429.623238325 step=332 stage=before_mj_step
1785203429.623309135 step=332 stage=after_mj_step
1785203429.623376846 step=333 stage=loop_begin
1785203429.624271154 step=333 stage=after_set_ctrl
1785203429.624351263 step=333 stage=after_step_log
1785203429.624355078 step=333 stage=before_mj_step
1785203429.624431610 step=333 stage=after_mj_step
1785203429.624501467 step=334 stage=loop_begin
1785203429.625536442 step=334 stage=after_set_ctrl
1785203429.625612736 step=334 stage=after_step_log
1785203429.625616550 step=334 stage=before_mj_step
1785203429.625691891 step=334 stage=after_mj_step
1785203429.625756979 step=335 stage=loop_begin
1785203429.625762224 step=335 stage=before_camera_render
1785203429.679620266 step=335 stage=after_camera_render
1785203429.681036949 step=335 stage=after_set_ctrl
1785203429.681130409 step=335 stage=after_step_log
1785203429.681134224 step=335 stage=before_mj_step
1785203429.681243181 step=335 stage=after_mj_step
1785203429.681329966 step=336 stage=loop_begin
1785203429.682492256 step=336 stage=after_set_ctrl
1785203429.682593822 step=336 stage=after_step_log
1785203429.682598114 step=336 stage=before_mj_step
1785203429.682681322 step=336 stage=after_mj_step
1785203429.682754993 step=337 stage=loop_begin
1785203429.683666945 step=337 stage=after_set_ctrl
1785203429.683741093 step=337 stage=after_step_log
1785203429.683744907 step=337 stage=before_mj_step
1785203429.683819294 step=337 stage=after_mj_step
1785203429.683887720 step=338 stage=loop_begin
1785203429.684737444 step=338 stage=after_set_ctrl
1785203429.684814692 step=338 stage=after_step_log
1785203429.684818506 step=338 stage=before_mj_step
1785203429.684897900 step=338 stage=after_mj_step
1785203429.684965611 step=339 stage=loop_begin
1785203429.685950518 step=339 stage=after_set_ctrl
1785203429.686022758 step=339 stage=after_step_log
1785203429.686026812 step=339 stage=before_mj_step
1785203429.686098099 step=339 stage=after_mj_step
1785203429.686163902 step=340 stage=loop_begin
1785203429.686169386 step=340 stage=before_camera_render
1785203429.739085674 step=340 stage=after_camera_render
1785203429.740468025 step=340 stage=after_set_ctrl
1785203429.740570784 step=340 stage=after_step_log
1785203429.740575552 step=340 stage=before_mj_step
1785203429.740676880 step=340 stage=after_mj_step
1785203429.740758181 step=341 stage=loop_begin
1785203429.741732836 step=341 stage=after_set_ctrl
1785203429.741815090 step=341 stage=after_step_log
1785203429.741819143 step=341 stage=before_mj_step
1785203429.741895199 step=341 stage=after_mj_step
1785203429.741965294 step=342 stage=loop_begin
1785203429.743120432 step=342 stage=after_set_ctrl
1785203429.743204117 step=342 stage=after_step_log
1785203429.743207932 step=342 stage=before_mj_step
1785203429.743288517 step=342 stage=after_mj_step
1785203429.743363380 step=343 stage=loop_begin
1785203429.744287491 step=343 stage=after_set_ctrl
1785203429.744362593 step=343 stage=after_step_log
1785203429.744366169 step=343 stage=before_mj_step
1785203429.744437933 step=343 stage=after_mj_step
1785203429.744512081 step=344 stage=loop_begin
1785203429.745372534 step=344 stage=after_set_ctrl
1785203429.745448351 step=344 stage=after_step_log
1785203429.745452642 step=344 stage=before_mj_step
1785203429.745557308 step=344 stage=after_mj_step
1785203429.745631456 step=345 stage=loop_begin
1785203429.745637894 step=345 stage=before_camera_render
1785203429.804202557 step=345 stage=after_camera_render
1785203429.806156874 step=345 stage=after_set_ctrl
1785203429.806251287 step=345 stage=after_step_log
1785203429.806255341 step=345 stage=before_mj_step
1785203429.806370497 step=345 stage=after_mj_step
1785203429.806447268 step=346 stage=loop_begin
1785203429.807521343 step=346 stage=after_set_ctrl
1785203429.807609081 step=346 stage=after_step_log
1785203429.807612896 step=346 stage=before_mj_step
1785203429.807708263 step=346 stage=after_mj_step
1785203429.807787895 step=347 stage=loop_begin
1785203429.808706284 step=347 stage=after_set_ctrl
1785203429.808782578 step=347 stage=after_step_log
1785203429.808792830 step=347 stage=before_mj_step
1785203429.808869123 step=347 stage=after_mj_step
1785203429.808937788 step=348 stage=loop_begin
1785203429.809874058 step=348 stage=after_set_ctrl
1785203429.809946537 step=348 stage=after_step_log
1785203429.809950352 step=348 stage=before_mj_step
1785203429.810019255 step=348 stage=after_mj_step
1785203429.810083628 step=349 stage=loop_begin
1785203429.811062098 step=349 stage=after_set_ctrl
1785203429.811137199 step=349 stage=after_step_log
1785203429.811141014 step=349 stage=before_mj_step
1785203429.811213493 step=349 stage=after_mj_step
1785203429.811279297 step=350 stage=loop_begin
1785203429.811284781 step=350 stage=before_camera_render
1785203429.867122173 step=350 stage=after_camera_render
1785203429.869322538 step=350 stage=after_set_ctrl
1785203429.869449615 step=350 stage=after_step_log
1785203429.869453430 step=350 stage=before_mj_step
1785203429.869566679 step=350 stage=after_mj_step
1785203429.869654417 step=351 stage=loop_begin
1785203429.870551109 step=351 stage=after_set_ctrl
1785203429.870632410 step=351 stage=after_step_log
1785203429.870636463 step=351 stage=before_mj_step
1785203429.870717525 step=351 stage=after_mj_step
1785203429.870789289 step=352 stage=loop_begin
1785203429.871705055 step=352 stage=after_set_ctrl
1785203429.871788025 step=352 stage=after_step_log
1785203429.871792316 step=352 stage=before_mj_step
1785203429.871875525 step=352 stage=after_mj_step
1785203429.871948719 step=353 stage=loop_begin
1785203429.873046875 step=353 stage=after_set_ctrl
1785203429.873123884 step=353 stage=after_step_log
1785203429.873127699 step=353 stage=before_mj_step
1785203429.873203278 step=353 stage=after_mj_step
1785203429.873274565 step=354 stage=loop_begin
1785203429.874131203 step=354 stage=after_set_ctrl
1785203429.874204874 step=354 stage=after_step_log
1785203429.874208450 step=354 stage=before_mj_step
1785203429.874279737 step=354 stage=after_mj_step
1785203429.874345303 step=355 stage=loop_begin
1785203429.874350786 step=355 stage=before_camera_render
1785203429.928267717 step=355 stage=after_camera_render
1785203429.929566860 step=355 stage=after_set_ctrl
1785203429.929661989 step=355 stage=after_step_log
1785203429.929666281 step=355 stage=before_mj_step
1785203429.929772615 step=355 stage=after_mj_step
1785203429.929857492 step=356 stage=loop_begin
1785203429.930753231 step=356 stage=after_set_ctrl
1785203429.930842400 step=356 stage=after_step_log
1785203429.930846453 step=356 stage=before_mj_step
1785203429.930919886 step=356 stage=after_mj_step
1785203429.930988789 step=357 stage=loop_begin
1785203429.932115793 step=357 stage=after_set_ctrl
1785203429.932190895 step=357 stage=after_step_log
1785203429.932194710 step=357 stage=before_mj_step
1785203429.932263374 step=357 stage=after_mj_step
1785203429.932328224 step=358 stage=loop_begin
1785203429.933215141 step=358 stage=after_set_ctrl
1785203429.933288097 step=358 stage=after_step_log
1785203429.933291674 step=358 stage=before_mj_step
1785203429.933356524 step=358 stage=after_mj_step
1785203429.933419228 step=359 stage=loop_begin
1785203429.934210539 step=359 stage=after_set_ctrl
1785203429.934285641 step=359 stage=after_step_log
1785203429.934289694 step=359 stage=before_mj_step
1785203429.934360266 step=359 stage=after_mj_step
1785203429.934426308 step=360 stage=loop_begin
1785203429.934432507 step=360 stage=before_camera_render
1785203429.991389751 step=360 stage=after_camera_render
1785203429.993305683 step=360 stage=after_set_ctrl
1785203429.993448973 step=360 stage=after_step_log
1785203429.993458509 step=360 stage=before_mj_step
1785203429.993619919 step=360 stage=after_mj_step
1785203429.993751287 step=361 stage=loop_begin
1785203429.995559216 step=361 stage=after_set_ctrl
1785203429.995672464 step=361 stage=after_step_log
1785203429.995681047 step=361 stage=before_mj_step
1785203429.995789289 step=361 stage=after_mj_step
1785203429.995883703 step=362 stage=loop_begin
1785203429.997402430 step=362 stage=after_set_ctrl
1785203429.997514725 step=362 stage=after_step_log
1785203429.997524977 step=362 stage=before_mj_step
1785203429.997636795 step=362 stage=after_mj_step
1785203429.997728825 step=363 stage=loop_begin
1785203429.999196768 step=363 stage=after_set_ctrl
1785203429.999302387 step=363 stage=after_step_log
1785203429.999311209 step=363 stage=before_mj_step
1785203429.999417543 step=363 stage=after_mj_step
1785203429.999511242 step=364 stage=loop_begin
1785203430.001268387 step=364 stage=after_set_ctrl
1785203430.001373768 step=364 stage=after_step_log
1785203430.001381397 step=364 stage=before_mj_step
1785203430.001491785 step=364 stage=after_mj_step
1785203430.001586914 step=365 stage=loop_begin
1785203430.001599073 step=365 stage=before_camera_render
1785203430.062728405 step=365 stage=after_camera_render
1785203430.064402342 step=365 stage=after_set_ctrl
1785203430.064506054 step=365 stage=after_step_log
1785203430.064510822 step=365 stage=before_mj_step
1785203430.064620733 step=365 stage=after_mj_step
1785203430.064721823 step=366 stage=loop_begin
1785203430.065718174 step=366 stage=after_set_ctrl
1785203430.065802813 step=366 stage=after_step_log
1785203430.065806389 step=366 stage=before_mj_step
1785203430.065884829 step=366 stage=after_mj_step
1785203430.065955639 step=367 stage=loop_begin
1785203430.067232370 step=367 stage=after_set_ctrl
1785203430.067314148 step=367 stage=after_step_log
1785203430.067317963 step=367 stage=before_mj_step
1785203430.067395926 step=367 stage=after_mj_step
1785203430.067465544 step=368 stage=loop_begin
1785203430.068287134 step=368 stage=after_set_ctrl
1785203430.068361282 step=368 stage=after_step_log
1785203430.068365097 step=368 stage=before_mj_step
1785203430.068436146 step=368 stage=after_mj_step
1785203430.068507195 step=369 stage=loop_begin
1785203430.069372416 step=369 stage=after_set_ctrl
1785203430.069446564 step=369 stage=after_step_log
1785203430.069450378 step=369 stage=before_mj_step
1785203430.069531202 step=369 stage=after_mj_step
1785203430.069598436 step=370 stage=loop_begin
1785203430.069603920 step=370 stage=before_camera_render
1785203430.122510910 step=370 stage=after_camera_render
1785203430.124166965 step=370 stage=after_set_ctrl
1785203430.124267340 step=370 stage=after_step_log
1785203430.124271631 step=370 stage=before_mj_step
1785203430.124376535 step=370 stage=after_mj_step
1785203430.124467611 step=371 stage=loop_begin
1785203430.125536680 step=371 stage=after_set_ctrl
1785203430.125614882 step=371 stage=after_step_log
1785203430.125618458 step=371 stage=before_mj_step
1785203430.125690699 step=371 stage=after_mj_step
1785203430.125760078 step=372 stage=loop_begin
1785203430.126808643 step=372 stage=after_set_ctrl
1785203430.126883030 step=372 stage=after_step_log
1785203430.126887321 step=372 stage=before_mj_step
1785203430.126958609 step=372 stage=after_mj_step
1785203430.127023220 step=373 stage=loop_begin
1785203430.128091335 step=373 stage=after_set_ctrl
1785203430.128160954 step=373 stage=after_step_log
1785203430.128164530 step=373 stage=before_mj_step
1785203430.128230095 step=373 stage=after_mj_step
1785203430.128293276 step=374 stage=loop_begin
1785203430.129230738 step=374 stage=after_set_ctrl
1785203430.129304409 step=374 stage=after_step_log
1785203430.129307985 step=374 stage=before_mj_step
1785203430.129373789 step=374 stage=after_mj_step
1785203430.129433870 step=375 stage=loop_begin
1785203430.129439116 step=375 stage=before_camera_render
1785203430.182425737 step=375 stage=after_camera_render
1785203430.184055567 step=375 stage=after_set_ctrl
1785203430.184186697 step=375 stage=after_step_log
1785203430.184190273 step=375 stage=before_mj_step
1785203430.184293032 step=375 stage=after_mj_step
1785203430.184381247 step=376 stage=loop_begin
1785203430.185359716 step=376 stage=after_set_ctrl
1785203430.185438156 step=376 stage=after_step_log
1785203430.185441732 step=376 stage=before_mj_step
1785203430.185522318 step=376 stage=after_mj_step
1785203430.185594559 step=377 stage=loop_begin
1785203430.186410904 step=377 stage=after_set_ctrl
1785203430.186488628 step=377 stage=after_step_log
1785203430.186495304 step=377 stage=before_mj_step
1785203430.186571360 step=377 stage=after_mj_step
1785203430.186637878 step=378 stage=loop_begin
1785203430.187457323 step=378 stage=after_set_ctrl
1785203430.187536478 step=378 stage=after_step_log
1785203430.187542200 step=378 stage=before_mj_step
1785203430.187614441 step=378 stage=after_mj_step
1785203430.187680006 step=379 stage=loop_begin
1785203430.188511133 step=379 stage=after_set_ctrl
1785203430.188582182 step=379 stage=after_step_log
1785203430.188585997 step=379 stage=before_mj_step
1785203430.188652515 step=379 stage=after_mj_step
1785203430.188715696 step=380 stage=loop_begin
1785203430.188720942 step=380 stage=before_camera_render
1785203430.241879702 step=380 stage=after_camera_render
1785203430.243291140 step=380 stage=after_set_ctrl
1785203430.243393421 step=380 stage=after_step_log
1785203430.243397951 step=380 stage=before_mj_step
1785203430.243512154 step=380 stage=after_mj_step
1785203430.243605137 step=381 stage=loop_begin
1785203430.244448662 step=381 stage=after_set_ctrl
1785203430.244527817 step=381 stage=after_step_log
1785203430.244534254 step=381 stage=before_mj_step
1785203430.244611979 step=381 stage=after_mj_step
1785203430.244682550 step=382 stage=loop_begin
1785203430.245498180 step=382 stage=after_set_ctrl
1785203430.245572567 step=382 stage=after_step_log
1785203430.245576382 step=382 stage=before_mj_step
1785203430.245653152 step=382 stage=after_mj_step
1785203430.245722055 step=383 stage=loop_begin
1785203430.246623516 step=383 stage=after_set_ctrl
1785203430.246695995 step=383 stage=after_step_log
1785203430.246699810 step=383 stage=before_mj_step
1785203430.246773243 step=383 stage=after_mj_step
1785203430.246840239 step=384 stage=loop_begin
1785203430.247682095 step=384 stage=after_set_ctrl
1785203430.247751951 step=384 stage=after_step_log
1785203430.247755766 step=384 stage=before_mj_step
1785203430.247825146 step=384 stage=after_mj_step
1785203430.247889996 step=385 stage=loop_begin
1785203430.247895479 step=385 stage=before_camera_render
1785203430.301074028 step=385 stage=after_camera_render
1785203430.302825212 step=385 stage=after_set_ctrl
1785203430.302915573 step=385 stage=after_step_log
1785203430.302920341 step=385 stage=before_mj_step
1785203430.303027153 step=385 stage=after_mj_step
1785203430.303107262 step=386 stage=loop_begin
1785203430.304335117 step=386 stage=after_set_ctrl
1785203430.304424763 step=386 stage=after_step_log
1785203430.304428339 step=386 stage=before_mj_step
1785203430.304517031 step=386 stage=after_mj_step
1785203430.304591656 step=387 stage=loop_begin
1785203430.305479765 step=387 stage=after_set_ctrl
1785203430.305558443 step=387 stage=after_step_log
1785203430.305562258 step=387 stage=before_mj_step
1785203430.305641413 step=387 stage=after_mj_step
1785203430.305707693 step=388 stage=loop_begin
1785203430.306580067 step=388 stage=after_set_ctrl
1785203430.306657553 step=388 stage=after_step_log
1785203430.306661367 step=388 stage=before_mj_step
1785203430.306740761 step=388 stage=after_mj_step
1785203430.306807518 step=389 stage=loop_begin
1785203430.307620049 step=389 stage=after_set_ctrl
1785203430.307696104 step=389 stage=after_step_log
1785203430.307700157 step=389 stage=before_mj_step
1785203430.307777643 step=389 stage=after_mj_step
1785203430.307845116 step=390 stage=loop_begin
1785203430.307850599 step=390 stage=before_camera_render
1785203430.361202478 step=390 stage=after_camera_render
1785203430.362704039 step=390 stage=after_set_ctrl
1785203430.362799406 step=390 stage=after_step_log
1785203430.362803698 step=390 stage=before_mj_step
1785203430.362907410 step=390 stage=after_mj_step
1785203430.362994194 step=391 stage=loop_begin
1785203430.364031076 step=391 stage=after_set_ctrl
1785203430.364115238 step=391 stage=after_step_log
1785203430.364119053 step=391 stage=before_mj_step
1785203430.364196539 step=391 stage=after_mj_step
1785203430.364268303 step=392 stage=loop_begin
1785203430.365331650 step=392 stage=after_set_ctrl
1785203430.365412951 step=392 stage=after_step_log
1785203430.365417480 step=392 stage=before_mj_step
1785203430.365508556 step=392 stage=after_mj_step
1785203430.365579605 step=393 stage=loop_begin
1785203430.366393328 step=393 stage=after_set_ctrl
1785203430.366470337 step=393 stage=after_step_log
1785203430.366479158 step=393 stage=before_mj_step
1785203430.366558790 step=393 stage=after_mj_step
1785203430.366627216 step=394 stage=loop_begin
1785203430.367526293 step=394 stage=after_set_ctrl
1785203430.367598534 step=394 stage=after_step_log
1785203430.367602348 step=394 stage=before_mj_step
1785203430.367671251 step=394 stage=after_mj_step
1785203430.367736816 step=395 stage=loop_begin
1785203430.367742300 step=395 stage=before_camera_render
1785203430.420195341 step=395 stage=after_camera_render
1785203430.421464920 step=395 stage=after_set_ctrl
1785203430.421561241 step=395 stage=after_step_log
1785203430.421566248 step=395 stage=before_mj_step
1785203430.421671867 step=395 stage=after_mj_step
1785203430.421752214 step=396 stage=loop_begin
1785203430.423229933 step=396 stage=after_set_ctrl
1785203430.423325300 step=396 stage=after_step_log
1785203430.423330307 step=396 stage=before_mj_step
1785203430.423410416 step=396 stage=after_mj_step
1785203430.423486233 step=397 stage=loop_begin
1785203430.424387217 step=397 stage=after_set_ctrl
1785203430.424460888 step=397 stage=after_step_log
1785203430.424464703 step=397 stage=before_mj_step
1785203430.424541473 step=397 stage=after_mj_step
1785203430.424608946 step=398 stage=loop_begin
1785203430.425619602 step=398 stage=after_set_ctrl
1785203430.425693989 step=398 stage=after_step_log
1785203430.425698280 step=398 stage=before_mj_step
1785203430.425765038 step=398 stage=after_mj_step
1785203430.425829172 step=399 stage=loop_begin
1785203430.426693439 step=399 stage=after_set_ctrl
1785203430.426769257 step=399 stage=after_step_log
1785203430.426772833 step=399 stage=before_mj_step
1785203430.426844597 step=399 stage=after_mj_step
1785203430.426909924 step=400 stage=loop_begin
1785203430.426915646 step=400 stage=before_camera_render
1785203430.481888533 step=400 stage=after_camera_render
1785203430.483699799 step=400 stage=after_set_ctrl
1785203430.483819723 step=400 stage=after_step_log
1785203430.483823538 step=400 stage=before_mj_step
1785203430.483928680 step=400 stage=after_mj_step
1785203430.484019756 step=401 stage=loop_begin
1785203430.485939980 step=401 stage=after_set_ctrl
1785203430.486044407 step=401 stage=after_step_log
1785203430.486048698 step=401 stage=before_mj_step
1785203430.486123323 step=401 stage=after_mj_step
1785203430.486193419 step=402 stage=loop_begin
1785203430.487252712 step=402 stage=after_set_ctrl
1785203430.487328291 step=402 stage=after_step_log
1785203430.487332106 step=402 stage=before_mj_step
1785203430.487400055 step=402 stage=after_mj_step
1785203430.487464428 step=403 stage=loop_begin
1785203430.488315582 step=403 stage=after_set_ctrl
1785203430.488392115 step=403 stage=after_step_log
1785203430.488396406 step=403 stage=before_mj_step
1785203430.488467693 step=403 stage=after_mj_step
1785203430.488536119 step=404 stage=loop_begin
1785203430.489365578 step=404 stage=after_set_ctrl
1785203430.489435196 step=404 stage=after_step_log
1785203430.489439726 step=404 stage=before_mj_step
1785203430.489511967 step=404 stage=after_mj_step
1785203430.489577532 step=405 stage=loop_begin
1785203430.489582539 step=405 stage=before_camera_render
1785203430.545325518 step=405 stage=after_camera_render
1785203430.546790123 step=405 stage=after_set_ctrl
1785203430.546880960 step=405 stage=after_step_log
1785203430.546885729 step=405 stage=before_mj_step
1785203430.546988010 step=405 stage=after_mj_step
1785203430.547072172 step=406 stage=loop_begin
1785203430.548142195 step=406 stage=after_set_ctrl
1785203430.548224449 step=406 stage=after_step_log
1785203430.548228264 step=406 stage=before_mj_step
1785203430.548307657 step=406 stage=after_mj_step
1785203430.548378706 step=407 stage=loop_begin
1785203430.549271584 step=407 stage=after_set_ctrl
1785203430.549345732 step=407 stage=after_step_log
1785203430.549349308 step=407 stage=before_mj_step
1785203430.549420834 step=407 stage=after_mj_step
1785203430.549489260 step=408 stage=loop_begin
1785203430.550428391 step=408 stage=after_set_ctrl
1785203430.550505161 step=408 stage=after_step_log
1785203430.550511122 step=408 stage=before_mj_step
1785203430.550580740 step=408 stage=after_mj_step
1785203430.550644159 step=409 stage=loop_begin
1785203430.551535845 step=409 stage=after_set_ctrl
1785203430.551605701 step=409 stage=after_step_log
1785203430.551609516 step=409 stage=before_mj_step
1785203430.551673889 step=409 stage=after_mj_step
1785203430.551734447 step=410 stage=loop_begin
1785203430.551739454 step=410 stage=before_camera_render
1785203430.604445219 step=410 stage=after_camera_render
1785203430.606468201 step=410 stage=after_set_ctrl
1785203430.606576920 step=410 stage=after_step_log
1785203430.606581211 step=410 stage=before_mj_step
1785203430.606692791 step=410 stage=after_mj_step
1785203430.606792212 step=411 stage=loop_begin
1785203430.607754946 step=411 stage=after_set_ctrl
1785203430.607837915 step=411 stage=after_step_log
1785203430.607841492 step=411 stage=before_mj_step
1785203430.607917786 step=411 stage=after_mj_step
1785203430.607993364 step=412 stage=loop_begin
1785203430.609214306 step=412 stage=after_set_ctrl
1785203430.609293222 step=412 stage=after_step_log
1785203430.609297037 step=412 stage=before_mj_step
1785203430.609373331 step=412 stage=after_mj_step
1785203430.609445333 step=413 stage=loop_begin
1785203430.610338449 step=413 stage=after_set_ctrl
1785203430.610411882 step=413 stage=after_step_log
1785203430.610415220 step=413 stage=before_mj_step
1785203430.610491276 step=413 stage=after_mj_step
1785203430.610556126 step=414 stage=loop_begin
1785203430.611363173 step=414 stage=after_set_ctrl
1785203430.611435175 step=414 stage=after_step_log
1785203430.611438751 step=414 stage=before_mj_step
1785203430.611522198 step=414 stage=after_mj_step
1785203430.611591578 step=415 stage=loop_begin
1785203430.611597538 step=415 stage=before_camera_render
1785203430.663260221 step=415 stage=after_camera_render
1785203430.665655613 step=415 stage=after_set_ctrl
1785203430.665745258 step=415 stage=after_step_log
1785203430.665748835 step=415 stage=before_mj_step
1785203430.665851593 step=415 stage=after_mj_step
1785203430.665929079 step=416 stage=loop_begin
1785203430.667248964 step=416 stage=after_set_ctrl
1785203430.667327642 step=416 stage=after_step_log
1785203430.667331934 step=416 stage=before_mj_step
1785203430.667405128 step=416 stage=after_mj_step
1785203430.667470455 step=417 stage=loop_begin
1785203430.668440819 step=417 stage=after_set_ctrl
1785203430.668521643 step=417 stage=after_step_log
1785203430.668526411 step=417 stage=before_mj_step
1785203430.668604374 step=417 stage=after_mj_step
1785203430.668668270 step=418 stage=loop_begin
1785203430.669545650 step=418 stage=after_set_ctrl
1785203430.669620275 step=418 stage=after_step_log
1785203430.669624090 step=418 stage=before_mj_step
1785203430.669697523 step=418 stage=after_mj_step
1785203430.669761181 step=419 stage=loop_begin
1785203430.670576096 step=419 stage=after_set_ctrl
1785203430.670647383 step=419 stage=after_step_log
1785203430.670650959 step=419 stage=before_mj_step
1785203430.670719862 step=419 stage=after_mj_step
1785203430.670782804 step=420 stage=loop_begin
1785203430.670787096 step=420 stage=before_camera_render
1785203430.728884220 step=420 stage=after_camera_render
1785203430.730452538 step=420 stage=after_set_ctrl
1785203430.730554819 step=420 stage=after_step_log
1785203430.730560064 step=420 stage=before_mj_step
1785203430.730664492 step=420 stage=after_mj_step
1785203430.730757475 step=421 stage=loop_begin
1785203430.731745243 step=421 stage=after_set_ctrl
1785203430.731829643 step=421 stage=after_step_log
1785203430.731834173 step=421 stage=before_mj_step
1785203430.731917620 step=421 stage=after_mj_step
1785203430.731998444 step=422 stage=loop_begin
1785203430.733178377 step=422 stage=after_set_ctrl
1785203430.733261585 step=422 stage=after_step_log
1785203430.733265877 step=422 stage=before_mj_step
1785203430.733354330 step=422 stage=after_mj_step
1785203430.733435154 step=423 stage=loop_begin
1785203430.734452248 step=423 stage=after_set_ctrl
1785203430.734533548 step=423 stage=after_step_log
1785203430.734539032 step=423 stage=before_mj_step
1785203430.734611750 step=423 stage=after_mj_step
1785203430.734683275 step=424 stage=loop_begin
1785203430.735484600 step=424 stage=after_set_ctrl
1785203430.735560417 step=424 stage=after_step_log
1785203430.735567331 step=424 stage=before_mj_step
1785203430.735646963 step=424 stage=after_mj_step
1785203430.735716820 step=425 stage=loop_begin
1785203430.735723734 step=425 stage=before_camera_render
1785203430.789052010 step=425 stage=after_camera_render
1785203430.790526867 step=425 stage=after_set_ctrl
1785203430.790643454 step=425 stage=after_step_log
1785203430.790647268 step=425 stage=before_mj_step
1785203430.790751696 step=425 stage=after_mj_step
1785203430.790838003 step=426 stage=loop_begin
1785203430.792236805 step=426 stage=after_set_ctrl
1785203430.792321205 step=426 stage=after_step_log
1785203430.792325258 step=426 stage=before_mj_step
1785203430.792404413 step=426 stage=after_mj_step
1785203430.792524099 step=427 stage=loop_begin
1785203430.793560743 step=427 stage=after_set_ctrl
1785203430.793643713 step=427 stage=after_step_log
1785203430.793648720 step=427 stage=before_mj_step
1785203430.793729544 step=427 stage=after_mj_step
1785203430.793804407 step=428 stage=loop_begin
1785203430.794584751 step=428 stage=after_set_ctrl
1785203430.794661522 step=428 stage=after_step_log
1785203430.794666052 step=428 stage=before_mj_step
1785203430.794740200 step=428 stage=after_mj_step
1785203430.794807196 step=429 stage=loop_begin
1785203430.795699120 step=429 stage=after_set_ctrl
1785203430.795771837 step=429 stage=after_step_log
1785203430.795775652 step=429 stage=before_mj_step
1785203430.795843124 step=429 stage=after_mj_step
1785203430.795906544 step=430 stage=loop_begin
1785203430.795911789 step=430 stage=before_camera_render
1785203430.854711056 step=430 stage=after_camera_render
1785203430.856140137 step=430 stage=after_set_ctrl
1785203430.856235981 step=430 stage=after_step_log
1785203430.856240273 step=430 stage=before_mj_step
1785203430.856347799 step=430 stage=after_mj_step
1785203430.856433630 step=431 stage=loop_begin
1785203430.857408047 step=431 stage=after_set_ctrl
1785203430.857501507 step=431 stage=after_step_log
1785203430.857506275 step=431 stage=before_mj_step
1785203430.857587814 step=431 stage=after_mj_step
1785203430.857665300 step=432 stage=loop_begin
1785203430.858466625 step=432 stage=after_set_ctrl
1785203430.858556509 step=432 stage=after_step_log
1785203430.858561039 step=432 stage=before_mj_step
1785203430.858644247 step=432 stage=after_mj_step
1785203430.858716011 step=433 stage=loop_begin
1785203430.859647036 step=433 stage=after_set_ctrl
1785203430.859728575 step=433 stage=after_step_log
1785203430.859733105 step=433 stage=before_mj_step
1785203430.859814882 step=433 stage=after_mj_step
1785203430.859889984 step=434 stage=loop_begin
1785203430.860836267 step=434 stage=after_set_ctrl
1785203430.860916853 step=434 stage=after_step_log
1785203430.860921144 step=434 stage=before_mj_step
1785203430.860999346 step=434 stage=after_mj_step
1785203430.861068726 step=435 stage=loop_begin
1785203430.861074686 step=435 stage=before_camera_render
1785203430.919403076 step=435 stage=after_camera_render
1785203430.920586586 step=435 stage=after_set_ctrl
1785203430.920681238 step=435 stage=after_step_log
1785203430.920685530 step=435 stage=before_mj_step
1785203430.920795202 step=435 stage=after_mj_step
1785203430.920883417 step=436 stage=loop_begin
1785203430.922216415 step=436 stage=after_set_ctrl
1785203430.922305346 step=436 stage=after_step_log
1785203430.922309399 step=436 stage=before_mj_step
1785203430.922396660 step=436 stage=after_mj_step
1785203430.922482967 step=437 stage=loop_begin
1785203430.923375130 step=437 stage=after_set_ctrl
1785203430.923450708 step=437 stage=after_step_log
1785203430.923455238 step=437 stage=before_mj_step
1785203430.923544884 step=437 stage=after_mj_step
1785203430.923619747 step=438 stage=loop_begin
1785203430.924469233 step=438 stage=after_set_ctrl
1785203430.924548864 step=438 stage=after_step_log
1785203430.924552679 step=438 stage=before_mj_step
1785203430.924619198 step=438 stage=after_mj_step
1785203430.924684763 step=439 stage=loop_begin
1785203430.925536394 step=439 stage=after_set_ctrl
1785203430.925611973 step=439 stage=after_step_log
1785203430.925615788 step=439 stage=before_mj_step
1785203430.925688267 step=439 stage=after_mj_step
1785203430.925755739 step=440 stage=loop_begin
1785203430.925761461 step=440 stage=before_camera_render
1785203430.978951931 step=440 stage=after_camera_render
1785203430.980432749 step=440 stage=after_set_ctrl
1785203430.980535984 step=440 stage=after_step_log
1785203430.980540752 step=440 stage=before_mj_step
1785203430.980644464 step=440 stage=after_mj_step
1785203430.980728626 step=441 stage=loop_begin
1785203430.981664181 step=441 stage=after_set_ctrl
1785203430.981745958 step=441 stage=after_step_log
1785203430.981749535 step=441 stage=before_mj_step
1785203430.981822729 step=441 stage=after_mj_step
1785203430.981889963 step=442 stage=loop_begin
1785203430.982899904 step=442 stage=after_set_ctrl
1785203430.982977629 step=442 stage=after_step_log
1785203430.982981920 step=442 stage=before_mj_step
1785203430.983059645 step=442 stage=after_mj_step
1785203430.983124971 step=443 stage=loop_begin
1785203430.984164953 step=443 stage=after_set_ctrl
1785203430.984237671 step=443 stage=after_step_log
1785203430.984241486 step=443 stage=before_mj_step
1785203430.984312296 step=443 stage=after_mj_step
1785203430.984378099 step=444 stage=loop_begin
1785203430.985297441 step=444 stage=after_set_ctrl
1785203430.985373497 step=444 stage=after_step_log
1785203430.985377550 step=444 stage=before_mj_step
1785203430.985446215 step=444 stage=after_mj_step
1785203430.985515118 step=445 stage=loop_begin
1785203430.985522032 step=445 stage=before_camera_render
1785203431.042023897 step=445 stage=after_camera_render
1785203431.043864250 step=445 stage=after_set_ctrl
1785203431.043958426 step=445 stage=after_step_log
1785203431.043963194 step=445 stage=before_mj_step
1785203431.044069290 step=445 stage=after_mj_step
1785203431.044152260 step=446 stage=loop_begin
1785203431.045039892 step=446 stage=after_set_ctrl
1785203431.045124531 step=446 stage=after_step_log
1785203431.045129538 step=446 stage=before_mj_step
1785203431.045209646 step=446 stage=after_mj_step
1785203431.045283794 step=447 stage=loop_begin
1785203431.046327114 step=447 stage=after_set_ctrl
1785203431.046401024 step=447 stage=after_step_log
1785203431.046405077 step=447 stage=before_mj_step
1785203431.046481609 step=447 stage=after_mj_step
1785203431.046548367 step=448 stage=loop_begin
1785203431.047498465 step=448 stage=after_set_ctrl
1785203431.047574282 step=448 stage=after_step_log
1785203431.047577858 step=448 stage=before_mj_step
1785203431.047655344 step=448 stage=after_mj_step
1785203431.047716856 step=449 stage=loop_begin
1785203431.048503399 step=449 stage=after_set_ctrl
1785203431.048574209 step=449 stage=after_step_log
1785203431.048578024 step=449 stage=before_mj_step
1785203431.048649549 step=449 stage=after_mj_step
1785203431.048713207 step=450 stage=loop_begin
1785203431.048718929 step=450 stage=before_camera_render
1785203431.103697777 step=450 stage=after_camera_render
1785203431.105320692 step=450 stage=after_set_ctrl
1785203431.105434895 step=450 stage=after_step_log
1785203431.105438709 step=450 stage=before_mj_step
1785203431.105550289 step=450 stage=after_mj_step
1785203431.105628729 step=451 stage=loop_begin
1785203431.106480598 step=451 stage=after_set_ctrl
1785203431.106556177 step=451 stage=after_step_log
1785203431.106562138 step=451 stage=before_mj_step
1785203431.106635809 step=451 stage=after_mj_step
1785203431.106702328 step=452 stage=loop_begin
1785203431.107576609 step=452 stage=after_set_ctrl
1785203431.107654810 step=452 stage=after_step_log
1785203431.107659340 step=452 stage=before_mj_step
1785203431.107739925 step=452 stage=after_mj_step
1785203431.107804775 step=453 stage=loop_begin
1785203431.108656883 step=453 stage=after_set_ctrl
1785203431.108734131 step=453 stage=after_step_log
1785203431.108737946 step=453 stage=before_mj_step
1785203431.108813763 step=453 stage=after_mj_step
1785203431.108880758 step=454 stage=loop_begin
1785203431.109695196 step=454 stage=after_set_ctrl
1785203431.109772205 step=454 stage=after_step_log
1785203431.109775543 step=454 stage=before_mj_step
1785203431.109842539 step=454 stage=after_mj_step
1785203431.109906197 step=455 stage=loop_begin
1785203431.109911442 step=455 stage=before_camera_render
1785203431.162785530 step=455 stage=after_camera_render
1785203431.164170504 step=455 stage=after_set_ctrl
1785203431.164261103 step=455 stage=after_step_log
1785203431.164265633 step=455 stage=before_mj_step
1785203431.164369345 step=455 stage=after_mj_step
1785203431.164452076 step=456 stage=loop_begin
1785203431.165509462 step=456 stage=after_set_ctrl
1785203431.165591955 step=456 stage=after_step_log
1785203431.165596485 step=456 stage=before_mj_step
1785203431.165670633 step=456 stage=after_mj_step
1785203431.165739298 step=457 stage=loop_begin
1785203431.166712523 step=457 stage=after_set_ctrl
1785203431.166791439 step=457 stage=after_step_log
1785203431.166795731 step=457 stage=before_mj_step
1785203431.166869879 step=457 stage=after_mj_step
1785203431.166936636 step=458 stage=loop_begin
1785203431.167898417 step=458 stage=after_set_ctrl
1785203431.167969704 step=458 stage=after_step_log
1785203431.167973280 step=458 stage=before_mj_step
1785203431.168038845 step=458 stage=after_mj_step
1785203431.168102503 step=459 stage=loop_begin
1785203431.168852806 step=459 stage=after_set_ctrl
1785203431.168928146 step=459 stage=after_step_log
1785203431.168931723 step=459 stage=before_mj_step
1785203431.169004917 step=459 stage=after_mj_step
1785203431.169068098 step=460 stage=loop_begin
1785203431.169073343 step=460 stage=before_camera_render
1785203431.222628355 step=460 stage=after_camera_render
1785203431.224064350 step=460 stage=after_set_ctrl
1785203431.224156618 step=460 stage=after_step_log
1785203431.224160433 step=460 stage=before_mj_step
1785203431.224265575 step=460 stage=after_mj_step
1785203431.224349260 step=461 stage=loop_begin
1785203431.225181580 step=461 stage=after_set_ctrl
1785203431.225269318 step=461 stage=after_step_log
1785203431.225273609 step=461 stage=before_mj_step
1785203431.225354195 step=461 stage=after_mj_step
1785203431.225427389 step=462 stage=loop_begin
1785203431.226294756 step=462 stage=after_set_ctrl
1785203431.226367950 step=462 stage=after_step_log
1785203431.226371765 step=462 stage=before_mj_step
1785203431.226440907 step=462 stage=after_mj_step
1785203431.226511955 step=463 stage=loop_begin
1785203431.227448463 step=463 stage=after_set_ctrl
1785203431.227527380 step=463 stage=after_step_log
1785203431.227533579 step=463 stage=before_mj_step
1785203431.227606535 step=463 stage=after_mj_step
1785203431.227670431 step=464 stage=loop_begin
1785203431.228437424 step=464 stage=after_set_ctrl
1785203431.228512526 step=464 stage=after_step_log
1785203431.228518724 step=464 stage=before_mj_step
1785203431.228586197 step=464 stage=after_mj_step
1785203431.228648663 step=465 stage=loop_begin
1785203431.228653669 step=465 stage=before_camera_render
1785203431.281371832 step=465 stage=after_camera_render
1785203431.282769442 step=465 stage=after_set_ctrl
1785203431.282867193 step=465 stage=after_step_log
1785203431.282871485 step=465 stage=before_mj_step
1785203431.282980204 step=465 stage=after_mj_step
1785203431.283070803 step=466 stage=loop_begin
1785203431.284446955 step=466 stage=after_set_ctrl
1785203431.284530401 step=466 stage=after_step_log
1785203431.284534693 step=466 stage=before_mj_step
1785203431.284606457 step=466 stage=after_mj_step
1785203431.284676313 step=467 stage=loop_begin
1785203431.285867691 step=467 stage=after_set_ctrl
1785203431.285938263 step=467 stage=after_step_log
1785203431.285942316 step=467 stage=before_mj_step
1785203431.286013603 step=467 stage=after_mj_step
1785203431.286075830 step=468 stage=loop_begin
1785203431.286991835 step=468 stage=after_set_ctrl
1785203431.287066460 step=468 stage=after_step_log
1785203431.287070513 step=468 stage=before_mj_step
1785203431.287141323 step=468 stage=after_mj_step
1785203431.287204981 step=469 stage=loop_begin
1785203431.288290024 step=469 stage=after_set_ctrl
1785203431.288358688 step=469 stage=after_step_log
1785203431.288362741 step=469 stage=before_mj_step
1785203431.288427830 step=469 stage=after_mj_step
1785203431.288493156 step=470 stage=loop_begin
1785203431.288500547 step=470 stage=before_camera_render
1785203431.341455936 step=470 stage=after_camera_render
1785203431.343015432 step=470 stage=after_set_ctrl
1785203431.343109846 step=470 stage=after_step_log
1785203431.343113661 step=470 stage=before_mj_step
1785203431.343218803 step=470 stage=after_mj_step
1785203431.343302965 step=471 stage=loop_begin
1785203431.344518423 step=471 stage=after_set_ctrl
1785203431.344601393 step=471 stage=after_step_log
1785203431.344605446 step=471 stage=before_mj_step
1785203431.344681501 step=471 stage=after_mj_step
1785203431.344754934 step=472 stage=loop_begin
1785203431.345688820 step=472 stage=after_set_ctrl
1785203431.345766306 step=472 stage=after_step_log
1785203431.345769882 step=472 stage=before_mj_step
1785203431.345847368 step=472 stage=after_mj_step
1785203431.345917702 step=473 stage=loop_begin
1785203431.347258329 step=473 stage=after_set_ctrl
1785203431.347335100 step=473 stage=after_step_log
1785203431.347338915 step=473 stage=before_mj_step
1785203431.347414017 step=473 stage=after_mj_step
1785203431.347487211 step=474 stage=loop_begin
1785203431.348340511 step=474 stage=after_set_ctrl
1785203431.348411322 step=474 stage=after_step_log
1785203431.348415852 step=474 stage=before_mj_step
1785203431.348492622 step=474 stage=after_mj_step
1785203431.348562479 step=475 stage=loop_begin
1785203431.348567486 step=475 stage=before_camera_render
1785203431.401629210 step=475 stage=after_camera_render
1785203431.402905226 step=475 stage=after_set_ctrl
1785203431.403027296 step=475 stage=after_step_log
1785203431.403031349 step=475 stage=before_mj_step
1785203431.403137684 step=475 stage=after_mj_step
1785203431.403222084 step=476 stage=loop_begin
1785203431.404427767 step=476 stage=after_set_ctrl
1785203431.404515743 step=476 stage=after_step_log
1785203431.404520512 step=476 stage=before_mj_step
1785203431.404596806 step=476 stage=after_mj_step
1785203431.404664993 step=477 stage=loop_begin
1785203431.405542135 step=477 stage=after_set_ctrl
1785203431.405615807 step=477 stage=after_step_log
1785203431.405619621 step=477 stage=before_mj_step
1785203431.405688524 step=477 stage=after_mj_step
1785203431.405751228 step=478 stage=loop_begin
1785203431.406550646 step=478 stage=after_set_ctrl
1785203431.406625032 step=478 stage=after_step_log
1785203431.406628609 step=478 stage=before_mj_step
1785203431.406702995 step=478 stage=after_mj_step
1785203431.406764507 step=479 stage=loop_begin
1785203431.407477617 step=479 stage=after_set_ctrl
1785203431.407549143 step=479 stage=after_step_log
1785203431.407553911 step=479 stage=before_mj_step
1785203431.407623053 step=479 stage=after_mj_step
1785203431.407686234 step=480 stage=loop_begin
1785203431.407691717 step=480 stage=before_camera_render
1785203431.460039854 step=480 stage=after_camera_render
1785203431.461542845 step=480 stage=after_set_ctrl
1785203431.461648703 step=480 stage=after_step_log
1785203431.461652994 step=480 stage=before_mj_step
1785203431.461766243 step=480 stage=after_mj_step
1785203431.461874247 step=481 stage=loop_begin
1785203431.462922096 step=481 stage=after_set_ctrl
1785203431.462996960 step=481 stage=after_step_log
1785203431.463001013 step=481 stage=before_mj_step
1785203431.463068008 step=481 stage=after_mj_step
1785203431.463134289 step=482 stage=loop_begin
1785203431.464229107 step=482 stage=after_set_ctrl
1785203431.464304447 step=482 stage=after_step_log
1785203431.464308262 step=482 stage=before_mj_step
1785203431.464380980 step=482 stage=after_mj_step
1785203431.464453459 step=483 stage=loop_begin
1785203431.465509653 step=483 stage=after_set_ctrl
1785203431.465583563 step=483 stage=after_step_log
1785203431.465588331 step=483 stage=before_mj_step
1785203431.465656996 step=483 stage=after_mj_step
1785203431.465721607 step=484 stage=loop_begin
1785203431.466537714 step=484 stage=after_set_ctrl
1785203431.466607094 step=484 stage=after_step_log
1785203431.466610909 step=484 stage=before_mj_step
1785203431.466675520 step=484 stage=after_mj_step
1785203431.466737747 step=485 stage=loop_begin
1785203431.466742992 step=485 stage=before_camera_render
1785203431.520345688 step=485 stage=after_camera_render
1785203431.521509171 step=485 stage=after_set_ctrl
1785203431.521600485 step=485 stage=after_step_log
1785203431.521604776 step=485 stage=before_mj_step
1785203431.521711349 step=485 stage=after_mj_step
1785203431.521792412 step=486 stage=loop_begin
1785203431.523277760 step=486 stage=after_set_ctrl
1785203431.523361444 step=486 stage=after_step_log
1785203431.523365974 step=486 stage=before_mj_step
1785203431.523440361 step=486 stage=after_mj_step
1785203431.523514271 step=487 stage=loop_begin
1785203431.524394035 step=487 stage=after_set_ctrl
1785203431.524464130 step=487 stage=after_step_log
1785203431.524467468 step=487 stage=before_mj_step
1785203431.524538040 step=487 stage=after_mj_step
1785203431.524605036 step=488 stage=loop_begin
1785203431.525498629 step=488 stage=after_set_ctrl
1785203431.525574684 step=488 stage=after_step_log
1785203431.525578260 step=488 stage=before_mj_step
1785203431.525650740 step=488 stage=after_mj_step
1785203431.525713921 step=489 stage=loop_begin
1785203431.526552916 step=489 stage=after_set_ctrl
1785203431.526627541 step=489 stage=after_step_log
1785203431.526632309 step=489 stage=before_mj_step
1785203431.526704550 step=489 stage=after_mj_step
1785203431.526772261 step=490 stage=loop_begin
1785203431.526777506 step=490 stage=before_camera_render
1785203431.580763817 step=490 stage=after_camera_render
1785203431.582544088 step=490 stage=after_set_ctrl
1785203431.582639694 step=490 stage=after_step_log
1785203431.582643270 step=490 stage=before_mj_step
1785203431.582746983 step=490 stage=after_mj_step
1785203431.582830429 step=491 stage=loop_begin
1785203431.583840370 step=491 stage=after_set_ctrl
1785203431.583926201 step=491 stage=after_step_log
1785203431.583929777 step=491 stage=before_mj_step
1785203431.584012032 step=491 stage=after_mj_step
1785203431.584088802 step=492 stage=loop_begin
1785203431.586296320 step=492 stage=after_set_ctrl
1785203431.586379766 step=492 stage=after_step_log
1785203431.586383820 step=492 stage=before_mj_step
1785203431.586464405 step=492 stage=after_mj_step
1785203431.586544275 step=493 stage=loop_begin
1785203431.587510109 step=493 stage=after_set_ctrl
1785203431.587590218 step=493 stage=after_step_log
1785203431.587594271 step=493 stage=before_mj_step
1785203431.587671995 step=493 stage=after_mj_step
1785203431.587739944 step=494 stage=loop_begin
1785203431.589136600 step=494 stage=after_set_ctrl
1785203431.589213371 step=494 stage=after_step_log
1785203431.589217424 step=494 stage=before_mj_step
1785203431.589297056 step=494 stage=after_mj_step
1785203431.589366198 step=495 stage=loop_begin
1785203431.589371681 step=495 stage=before_camera_render
1785203431.640967369 step=495 stage=after_camera_render
1785203431.642455816 step=495 stage=after_set_ctrl
1785203431.642565727 step=495 stage=after_step_log
1785203431.642570019 step=495 stage=before_mj_step
1785203431.642670393 step=495 stage=after_mj_step
1785203431.642767668 step=496 stage=loop_begin
1785203431.644285440 step=496 stage=after_set_ctrl
1785203431.644359112 step=496 stage=after_step_log
1785203431.644362688 step=496 stage=before_mj_step
1785203431.644432783 step=496 stage=after_mj_step
1785203431.644502640 step=497 stage=loop_begin
1785203431.645383358 step=497 stage=after_set_ctrl
1785203431.645455360 step=497 stage=after_step_log
1785203431.645459414 step=497 stage=before_mj_step
1785203431.645536184 step=497 stage=after_mj_step
1785203431.645608902 step=498 stage=loop_begin
1785203431.646482468 step=498 stage=after_set_ctrl
1785203431.646553278 step=498 stage=after_step_log
1785203431.646557331 step=498 stage=before_mj_step
1785203431.646625996 step=498 stage=after_mj_step
1785203431.646689177 step=499 stage=loop_begin
1785203431.647472143 step=499 stage=after_set_ctrl
1785203431.647548437 step=499 stage=after_step_log
1785203431.647552490 step=499 stage=before_mj_step
1785203431.647616863 step=499 stage=after_mj_step
1785203431.647677422 step=500 stage=loop_begin
1785203431.647681952 step=500 stage=before_camera_render
1785203431.702465534 step=500 stage=after_camera_render
1785203431.704173803 step=500 stage=after_set_ctrl
1785203431.704293728 step=500 stage=after_step_log
1785203431.704297066 step=500 stage=before_mj_step
1785203431.704400539 step=500 stage=after_mj_step
1785203431.704493999 step=501 stage=loop_begin
1785203431.705432415 step=501 stage=after_set_ctrl
1785203431.705515146 step=501 stage=after_step_log
1785203431.705521107 step=501 stage=before_mj_step
1785203431.705597162 step=501 stage=after_mj_step
1785203431.705671787 step=502 stage=loop_begin
1785203431.706570387 step=502 stage=after_set_ctrl
1785203431.706647635 step=502 stage=after_step_log
1785203431.706651211 step=502 stage=before_mj_step
1785203431.706725597 step=502 stage=after_mj_step
1785203431.706792355 step=503 stage=loop_begin
1785203431.707651138 step=503 stage=after_set_ctrl
1785203431.707722902 step=503 stage=after_step_log
1785203431.707727194 step=503 stage=before_mj_step
1785203431.707796812 step=503 stage=after_mj_step
1785203431.707861900 step=504 stage=loop_begin
1785203431.708681107 step=504 stage=after_set_ctrl
1785203431.708756924 step=504 stage=after_step_log
1785203431.708760500 step=504 stage=before_mj_step
1785203431.708835602 step=504 stage=after_mj_step
1785203431.708903790 step=505 stage=loop_begin
1785203431.708909273 step=505 stage=before_camera_render
1785203431.761746168 step=505 stage=after_camera_render
1785203431.763379097 step=505 stage=after_set_ctrl
1785203431.763484001 step=505 stage=after_step_log
1785203431.763489246 step=505 stage=before_mj_step
1785203431.763589621 step=505 stage=after_mj_step
1785203431.763675451 step=506 stage=loop_begin
1785203431.764696360 step=506 stage=after_set_ctrl
1785203431.764776945 step=506 stage=after_step_log
1785203431.764780521 step=506 stage=before_mj_step
1785203431.764857292 step=506 stage=after_mj_step
1785203431.764928102 step=507 stage=loop_begin
1785203431.765918016 step=507 stage=after_set_ctrl
1785203431.765993357 step=507 stage=after_step_log
1785203431.765997171 step=507 stage=before_mj_step
1785203431.766070127 step=507 stage=after_mj_step
1785203431.766134977 step=508 stage=loop_begin
1785203431.767238617 step=508 stage=after_set_ctrl
1785203431.767322779 step=508 stage=after_step_log
1785203431.767327547 step=508 stage=before_mj_step
1785203431.767397642 step=508 stage=after_mj_step
1785203431.767465115 step=509 stage=loop_begin
1785203431.768438578 step=509 stage=after_set_ctrl
1785203431.768517017 step=509 stage=after_step_log
1785203431.768521547 step=509 stage=before_mj_step
1785203431.768585682 step=509 stage=after_mj_step
1785203431.768650055 step=510 stage=loop_begin
1785203431.768655539 step=510 stage=before_camera_render
1785203431.821578026 step=510 stage=after_camera_render
1785203431.823127270 step=510 stage=after_set_ctrl
1785203431.823227882 step=510 stage=after_step_log
1785203431.823231936 step=510 stage=before_mj_step
1785203431.823335886 step=510 stage=after_mj_step
1785203431.823426723 step=511 stage=loop_begin
1785203431.824339390 step=511 stage=after_set_ctrl
1785203431.824414968 step=511 stage=after_step_log
1785203431.824419498 step=511 stage=before_mj_step
1785203431.824492693 step=511 stage=after_mj_step
1785203431.824559689 step=512 stage=loop_begin
1785203431.825505495 step=512 stage=after_set_ctrl
1785203431.825579882 step=512 stage=after_step_log
1785203431.825583458 step=512 stage=before_mj_step
1785203431.825654984 step=512 stage=after_mj_step
1785203431.825728178 step=513 stage=loop_begin
1785203431.826502800 step=513 stage=after_set_ctrl
1785203431.826573372 step=513 stage=after_step_log
1785203431.826577187 step=513 stage=before_mj_step
1785203431.826641321 step=513 stage=after_mj_step
1785203431.826704502 step=514 stage=loop_begin
1785203431.827521563 step=514 stage=after_set_ctrl
1785203431.827594757 step=514 stage=after_step_log
1785203431.827599049 step=514 stage=before_mj_step
1785203431.827669144 step=514 stage=after_mj_step
1785203431.827733040 step=515 stage=loop_begin
1785203431.827738047 step=515 stage=before_camera_render
1785203431.880229235 step=515 stage=after_camera_render
1785203431.881521463 step=515 stage=after_set_ctrl
1785203431.881623507 step=515 stage=after_step_log
1785203431.881628513 step=515 stage=before_mj_step
1785203431.881742001 step=515 stage=after_mj_step
1785203431.881834030 step=516 stage=loop_begin
1785203431.883039951 step=516 stage=after_set_ctrl
1785203431.883125067 step=516 stage=after_step_log
1785203431.883129120 step=516 stage=before_mj_step
1785203431.883211374 step=516 stage=after_mj_step
1785203431.883278608 step=517 stage=loop_begin
1785203431.884250402 step=517 stage=after_set_ctrl
1785203431.884331226 step=517 stage=after_step_log
1785203431.884335279 step=517 stage=before_mj_step
1785203431.884406567 step=517 stage=after_mj_step
1785203431.884470701 step=518 stage=loop_begin
1785203431.886881590 step=518 stage=after_set_ctrl
1785203431.886960745 step=518 stage=after_step_log
1785203431.886964560 step=518 stage=before_mj_step
1785203431.887038708 step=518 stage=after_mj_step
1785203431.887104273 step=519 stage=loop_begin
1785203431.888156176 step=519 stage=after_set_ctrl
1785203431.888226986 step=519 stage=after_step_log
1785203431.888231277 step=519 stage=before_mj_step
1785203431.888297796 step=519 stage=after_mj_step
1785203431.888362169 step=520 stage=loop_begin
1785203431.888367891 step=520 stage=before_camera_render
1785203431.939591408 step=520 stage=after_camera_render
1785203431.941206932 step=520 stage=after_set_ctrl
1785203431.941305637 step=520 stage=after_step_log
1785203431.941309452 step=520 stage=before_mj_step
1785203431.941414356 step=520 stage=after_mj_step
1785203431.941522360 step=521 stage=loop_begin
1785203431.942485571 step=521 stage=after_set_ctrl
1785203431.942565680 step=521 stage=after_step_log
1785203431.942569971 step=521 stage=before_mj_step
1785203431.942644119 step=521 stage=after_mj_step
1785203431.942711353 step=522 stage=loop_begin
1785203431.943484068 step=522 stage=after_set_ctrl
1785203431.943559170 step=522 stage=after_step_log
1785203431.943563461 step=522 stage=before_mj_step
1785203431.943634272 step=522 stage=after_mj_step
1785203431.943697929 step=523 stage=loop_begin
1785203431.944416285 step=523 stage=after_set_ctrl
1785203431.944487095 step=523 stage=after_step_log
1785203431.944492817 step=523 stage=before_mj_step
1785203431.944557905 step=523 stage=after_mj_step
1785203431.944618940 step=524 stage=loop_begin
1785203431.945402145 step=524 stage=after_set_ctrl
1785203431.945478916 step=524 stage=after_step_log
1785203431.945484877 step=524 stage=before_mj_step
1785203431.945556164 step=524 stage=after_mj_step
1785203431.945619822 step=525 stage=loop_begin
1785203431.945624828 step=525 stage=before_camera_render
1785203431.998327017 step=525 stage=after_camera_render
1785203432.000107527 step=525 stage=after_set_ctrl
1785203432.000230312 step=525 stage=after_step_log
1785203432.000233650 step=525 stage=before_mj_step
1785203432.000341177 step=525 stage=after_mj_step
1785203432.000440121 step=526 stage=loop_begin
1785203432.001376152 step=526 stage=after_set_ctrl
1785203432.001451492 step=526 stage=after_step_log
1785203432.001455069 step=526 stage=before_mj_step
1785203432.001534224 step=526 stage=after_mj_step
1785203432.001608849 step=527 stage=loop_begin
1785203432.002649307 step=527 stage=after_set_ctrl
1785203432.002723694 step=527 stage=after_step_log
1785203432.002727270 step=527 stage=before_mj_step
1785203432.002799511 step=527 stage=after_mj_step
1785203432.002868891 step=528 stage=loop_begin
1785203432.003676176 step=528 stage=after_set_ctrl
1785203432.003749847 step=528 stage=after_step_log
1785203432.003753662 step=528 stage=before_mj_step
1785203432.003823519 step=528 stage=after_mj_step
1785203432.003887892 step=529 stage=loop_begin
1785203432.004667997 step=529 stage=after_set_ctrl
1785203432.004738092 step=529 stage=after_step_log
1785203432.004742146 step=529 stage=before_mj_step
1785203432.004807949 step=529 stage=after_mj_step
1785203432.004871130 step=530 stage=loop_begin
1785203432.004876614 step=530 stage=before_camera_render
1785203432.057786703 step=530 stage=after_camera_render
1785203432.059415102 step=530 stage=after_set_ctrl
1785203432.059523106 step=530 stage=after_step_log
1785203432.059527636 step=530 stage=before_mj_step
1785203432.059632301 step=530 stage=after_mj_step
1785203432.059729576 step=531 stage=loop_begin
1785203432.060843468 step=531 stage=after_set_ctrl
1785203432.060919285 step=531 stage=after_step_log
1785203432.060922861 step=531 stage=before_mj_step
1785203432.060990572 step=531 stage=after_mj_step
1785203432.061056137 step=532 stage=loop_begin
1785203432.062138081 step=532 stage=after_set_ctrl
1785203432.062211752 step=532 stage=after_step_log
1785203432.062215328 step=532 stage=before_mj_step
1785203432.062282085 step=532 stage=after_mj_step
1785203432.062342405 step=533 stage=loop_begin
1785203432.063189745 step=533 stage=after_set_ctrl
1785203432.063262939 step=533 stage=after_step_log
1785203432.063266754 step=533 stage=before_mj_step
1785203432.063338280 step=533 stage=after_mj_step
1785203432.063401461 step=534 stage=loop_begin
1785203432.064118385 step=534 stage=after_set_ctrl
1785203432.064187765 step=534 stage=after_step_log
1785203432.064191341 step=534 stage=before_mj_step
1785203432.064256430 step=534 stage=after_mj_step
1785203432.064316273 step=535 stage=loop_begin
1785203432.064321041 step=535 stage=before_camera_render
1785203432.116826296 step=535 stage=after_camera_render
1785203432.118251801 step=535 stage=after_set_ctrl
1785203432.118343353 step=535 stage=after_step_log
1785203432.118347406 step=535 stage=before_mj_step
1785203432.118453979 step=535 stage=after_mj_step
1785203432.118543863 step=536 stage=loop_begin
1785203432.119620085 step=536 stage=after_set_ctrl
1785203432.119700193 step=536 stage=after_step_log
1785203432.119703770 step=536 stage=before_mj_step
1785203432.119776964 step=536 stage=after_mj_step
1785203432.119839668 step=537 stage=loop_begin
1785203432.120891333 step=537 stage=after_set_ctrl
1785203432.120966911 step=537 stage=after_step_log
1785203432.120970726 step=537 stage=before_mj_step
1785203432.121042490 step=537 stage=after_mj_step
1785203432.121109486 step=538 stage=loop_begin
1785203432.122036457 step=538 stage=after_set_ctrl
1785203432.122107029 step=538 stage=after_step_log
1785203432.122110605 step=538 stage=before_mj_step
1785203432.122176170 step=538 stage=after_mj_step
1785203432.122237921 step=539 stage=loop_begin
1785203432.123179436 step=539 stage=after_set_ctrl
1785203432.123251915 step=539 stage=after_step_log
1785203432.123255253 step=539 stage=before_mj_step
1785203432.123326778 step=539 stage=after_mj_step
1785203432.123387337 step=540 stage=loop_begin
1785203432.123392820 step=540 stage=before_camera_render
1785203432.175934315 step=540 stage=after_camera_render
1785203432.177511930 step=540 stage=after_set_ctrl
1785203432.177602530 step=540 stage=after_step_log
1785203432.177606821 step=540 stage=before_mj_step
1785203432.177713156 step=540 stage=after_mj_step
1785203432.177791595 step=541 stage=loop_begin
1785203432.178716183 step=541 stage=after_set_ctrl
1785203432.178796768 step=541 stage=after_step_log
1785203432.178800583 step=541 stage=before_mj_step
1785203432.178872108 step=541 stage=after_mj_step
1785203432.178938389 step=542 stage=loop_begin
1785203432.179754496 step=542 stage=after_set_ctrl
1785203432.179829359 step=542 stage=after_step_log
1785203432.179832935 step=542 stage=before_mj_step
1785203432.179903507 step=542 stage=after_mj_step
1785203432.179973602 step=543 stage=loop_begin
1785203432.180920601 step=543 stage=after_set_ctrl
1785203432.180989981 step=543 stage=after_step_log
1785203432.180993557 step=543 stage=before_mj_step
1785203432.181060553 step=543 stage=after_mj_step
1785203432.181124449 step=544 stage=loop_begin
1785203432.182223320 step=544 stage=after_set_ctrl
1785203432.182297230 step=544 stage=after_step_log
1785203432.182300568 step=544 stage=before_mj_step
1785203432.182364702 step=544 stage=after_mj_step
1785203432.182427168 step=545 stage=loop_begin
1785203432.182432175 step=545 stage=before_camera_render
1785203432.234366894 step=545 stage=after_camera_render
1785203432.235769272 step=545 stage=after_set_ctrl
1785203432.235861778 step=545 stage=after_step_log
1785203432.235866070 step=545 stage=before_mj_step
1785203432.235971689 step=545 stage=after_mj_step
1785203432.236052275 step=546 stage=loop_begin
1785203432.237165928 step=546 stage=after_set_ctrl
1785203432.237250566 step=546 stage=after_step_log
1785203432.237254620 step=546 stage=before_mj_step
1785203432.237337351 step=546 stage=after_mj_step
1785203432.237411022 step=547 stage=loop_begin
1785203432.238292217 step=547 stage=after_set_ctrl
1785203432.238367081 step=547 stage=after_step_log
1785203432.238370657 step=547 stage=before_mj_step
1785203432.238444805 step=547 stage=after_mj_step
1785203432.238516808 step=548 stage=loop_begin
1785203432.239362240 step=548 stage=after_set_ctrl
1785203432.239437342 step=548 stage=after_step_log
1785203432.239440918 step=548 stage=before_mj_step
1785203432.239516497 step=548 stage=after_mj_step
1785203432.239583254 step=549 stage=loop_begin
1785203432.240356207 step=549 stage=after_set_ctrl
1785203432.240429163 step=549 stage=after_step_log
1785203432.240432739 step=549 stage=before_mj_step
1785203432.240513325 step=549 stage=after_mj_step
1785203432.240582466 step=550 stage=loop_begin
1785203432.240587950 step=550 stage=before_camera_render
1785203432.294975758 step=550 stage=after_camera_render
1785203432.296457767 step=550 stage=after_set_ctrl
1785203432.296587706 step=550 stage=after_step_log
1785203432.296591759 step=550 stage=before_mj_step
1785203432.296696663 step=550 stage=after_mj_step
1785203432.296782255 step=551 stage=loop_begin
1785203432.297991276 step=551 stage=after_set_ctrl
1785203432.298069000 step=551 stage=after_step_log
1785203432.298072815 step=551 stage=before_mj_step
1785203432.298141479 step=551 stage=after_mj_step
1785203432.298206568 step=552 stage=loop_begin
1785203432.299283981 step=552 stage=after_set_ctrl
1785203432.299361944 step=552 stage=after_step_log
1785203432.299365997 step=552 stage=before_mj_step
1785203432.299440861 step=552 stage=after_mj_step
1785203432.299511671 step=553 stage=loop_begin
1785203432.300323009 step=553 stage=after_set_ctrl
1785203432.300393581 step=553 stage=after_step_log
1785203432.300397158 step=553 stage=before_mj_step
1785203432.300464869 step=553 stage=after_mj_step
1785203432.300533295 step=554 stage=loop_begin
1785203432.301363230 step=554 stage=after_set_ctrl
1785203432.301436424 step=554 stage=after_step_log
1785203432.301440239 step=554 stage=before_mj_step
1785203432.301519632 step=554 stage=after_mj_step
1785203432.301586151 step=555 stage=loop_begin
1785203432.301591873 step=555 stage=before_camera_render
1785203432.354302645 step=555 stage=after_camera_render
1785203432.355667353 step=555 stage=after_set_ctrl
1785203432.355758429 step=555 stage=after_step_log
1785203432.355762482 step=555 stage=before_mj_step
1785203432.355868101 step=555 stage=after_mj_step
1785203432.355947495 step=556 stage=loop_begin
1785203432.356218338 step=556 stage=after_set_ctrl
1785203432.356286049 step=556 stage=after_step_log
1785203432.356289387 step=556 stage=before_mj_step
1785203432.356357336 step=556 stage=after_mj_step
1785203432.356409311 step=557 stage=loop_begin
1785203432.356647730 step=557 stage=after_set_ctrl
1785203432.356708050 step=557 stage=after_step_log
1785203432.356711388 step=557 stage=before_mj_step
1785203432.356770277 step=557 stage=after_mj_step
1785203432.356823444 step=558 stage=loop_begin
1785203432.357047558 step=558 stage=after_set_ctrl
1785203432.357101917 step=558 stage=after_step_log
1785203432.357104540 step=558 stage=before_mj_step
1785203432.357158422 step=558 stage=after_mj_step
1785203432.357200384 step=559 stage=loop_begin
1785203432.357419252 step=559 stage=after_set_ctrl
1785203432.357472181 step=559 stage=after_step_log
1785203432.357482672 step=559 stage=before_mj_step
1785203432.357536554 step=559 stage=after_mj_step
1785203432.357579231 step=560 stage=loop_begin
1785203432.357583284 step=560 stage=before_camera_render
1785203432.409661770 step=560 stage=after_camera_render
1785203432.410010338 step=560 stage=after_set_ctrl
1785203432.410090208 step=560 stage=after_step_log
1785203432.410093784 step=560 stage=before_mj_step
1785203432.410226107 step=560 stage=after_mj_step
1785203432.410315275 step=561 stage=loop_begin
1785203432.410610199 step=561 stage=after_set_ctrl
1785203432.410677910 step=561 stage=after_step_log
1785203432.410681009 step=561 stage=before_mj_step
1785203432.410741329 step=561 stage=after_mj_step
1785203432.410789013 step=562 stage=loop_begin
1785203432.411021709 step=562 stage=after_set_ctrl
1785203432.411078691 step=562 stage=after_step_log
1785203432.411081791 step=562 stage=before_mj_step
1785203432.411132812 step=562 stage=after_mj_step
1785203432.411173820 step=563 stage=loop_begin
1785203432.411396265 step=563 stage=after_set_ctrl
1785203432.411449671 step=563 stage=after_step_log
1785203432.411453009 step=563 stage=before_mj_step
1785203432.411505222 step=563 stage=after_mj_step
1785203432.411548615 step=564 stage=loop_begin
1785203432.411767721 step=564 stage=after_set_ctrl
1785203432.411822557 step=564 stage=after_step_log
1785203432.411825657 step=564 stage=before_mj_step
1785203432.411876440 step=564 stage=after_mj_step
1785203432.411919832 step=565 stage=loop_begin
1785203432.411923885 step=565 stage=before_camera_render
1785203432.464138031 step=565 stage=after_camera_render
1785203432.464492083 step=565 stage=after_set_ctrl
1785203432.464573860 step=565 stage=after_step_log
1785203432.464577675 step=565 stage=before_mj_step
1785203432.464704275 step=565 stage=after_mj_step
1785203432.464794159 step=566 stage=loop_begin
1785203432.465081453 step=566 stage=after_set_ctrl
1785203432.465152264 step=566 stage=after_step_log
1785203432.465155363 step=566 stage=before_mj_step
1785203432.465212584 step=566 stage=after_mj_step
1785203432.465257883 step=567 stage=loop_begin
1785203432.465499401 step=567 stage=after_set_ctrl
1785203432.465561152 step=567 stage=after_step_log
1785203432.465564489 step=567 stage=before_mj_step
1785203432.465615988 step=567 stage=after_mj_step
1785203432.465658188 step=568 stage=loop_begin
1785203432.465880394 step=568 stage=after_set_ctrl
1785203432.465933800 step=568 stage=after_step_log
1785203432.465936661 step=568 stage=before_mj_step
1785203432.465984106 step=568 stage=after_mj_step
1785203432.466024160 step=569 stage=loop_begin
1785203432.466244698 step=569 stage=after_set_ctrl
1785203432.466299534 step=569 stage=after_step_log
1785203432.466303349 step=569 stage=before_mj_step
1785203432.466356277 step=569 stage=after_mj_step
1785203432.466398239 step=570 stage=loop_begin
1785203432.466402292 step=570 stage=before_camera_render
1785203432.518744469 step=570 stage=after_camera_render
1785203432.519138098 step=570 stage=after_set_ctrl
1785203432.519218683 step=570 stage=after_step_log
1785203432.519222021 step=570 stage=before_mj_step
1785203432.519325018 step=570 stage=after_mj_step
1785203432.519392252 step=571 stage=loop_begin
1785203432.519647121 step=571 stage=after_set_ctrl
1785203432.519714355 step=571 stage=after_step_log
1785203432.519717693 step=571 stage=before_mj_step
1785203432.519773245 step=571 stage=after_mj_step
1785203432.519822121 step=572 stage=loop_begin
1785203432.520051956 step=572 stage=after_set_ctrl
1785203432.520108700 step=572 stage=after_step_log
1785203432.520111799 step=572 stage=before_mj_step
1785203432.520161390 step=572 stage=after_mj_step
1785203432.520214081 step=573 stage=loop_begin
1785203432.520444155 step=573 stage=after_set_ctrl
1785203432.520504475 step=573 stage=after_step_log
1785203432.520509481 step=573 stage=before_mj_step
1785203432.520559549 step=573 stage=after_mj_step
1785203432.520603180 step=574 stage=loop_begin
1785203432.520830870 step=574 stage=after_set_ctrl
1785203432.520885944 step=574 stage=after_step_log
1785203432.520889282 step=574 stage=before_mj_step
1785203432.520939589 step=574 stage=after_mj_step
1785203432.520984888 step=575 stage=loop_begin
1785203432.520989180 step=575 stage=before_camera_render
1785203432.574120045 step=575 stage=after_camera_render
1785203432.574964285 step=575 stage=after_set_ctrl
1785203432.575090647 step=575 stage=after_step_log
1785203432.575094223 step=575 stage=before_mj_step
1785203432.575226307 step=575 stage=after_mj_step
1785203432.575311422 step=576 stage=loop_begin
1785203432.575613737 step=576 stage=after_set_ctrl
1785203432.575677633 step=576 stage=after_step_log
1785203432.575681210 step=576 stage=before_mj_step
1785203432.575742722 step=576 stage=after_mj_step
1785203432.575793743 step=577 stage=loop_begin
1785203432.576029539 step=577 stage=after_set_ctrl
1785203432.576086283 step=577 stage=after_step_log
1785203432.576089144 step=577 stage=before_mj_step
1785203432.576139688 step=577 stage=after_mj_step
1785203432.576182127 step=578 stage=loop_begin
1785203432.576400757 step=578 stage=after_set_ctrl
1785203432.576453447 step=578 stage=after_step_log
1785203432.576457500 step=578 stage=before_mj_step
1785203432.576510668 step=578 stage=after_mj_step
1785203432.576554775 step=579 stage=loop_begin
1785203432.576775074 step=579 stage=after_set_ctrl
1785203432.576827765 step=579 stage=after_step_log
1785203432.576830626 step=579 stage=before_mj_step
1785203432.576876402 step=579 stage=after_mj_step
1785203432.576915026 step=580 stage=loop_begin
1785203432.576919079 step=580 stage=before_camera_render
1785203432.629271507 step=580 stage=after_camera_render
1785203432.629657507 step=580 stage=after_set_ctrl
1785203432.629755735 step=580 stage=after_step_log
1785203432.629759550 step=580 stage=before_mj_step
1785203432.629864693 step=580 stage=after_mj_step
1785203432.629940510 step=581 stage=loop_begin
1785203432.630226612 step=581 stage=after_set_ctrl
1785203432.630298615 step=581 stage=after_step_log
1785203432.630301952 step=581 stage=before_mj_step
1785203432.630360126 step=581 stage=after_mj_step
1785203432.630408525 step=582 stage=loop_begin
1785203432.630651236 step=582 stage=after_set_ctrl
1785203432.630711317 step=582 stage=after_step_log
1785203432.630714655 step=582 stage=before_mj_step
1785203432.630764961 step=582 stage=after_mj_step
1785203432.630810022 step=583 stage=loop_begin
1785203432.631033659 step=583 stage=after_set_ctrl
1785203432.631088972 step=583 stage=after_step_log
1785203432.631092310 step=583 stage=before_mj_step
1785203432.631138802 step=583 stage=after_mj_step
1785203432.631180048 step=584 stage=loop_begin
1785203432.631410599 step=584 stage=after_set_ctrl
1785203432.631467581 step=584 stage=after_step_log
1785203432.631470919 step=584 stage=before_mj_step
1785203432.631530762 step=584 stage=after_mj_step
1785203432.631580830 step=585 stage=loop_begin
1785203432.631585598 step=585 stage=before_camera_render
1785203432.683614254 step=585 stage=after_camera_render
1785203432.683999777 step=585 stage=after_set_ctrl
1785203432.684083700 step=585 stage=after_step_log
1785203432.684087753 step=585 stage=before_mj_step
1785203432.684191942 step=585 stage=after_mj_step
1785203432.684271097 step=586 stage=loop_begin
1785203432.684535742 step=586 stage=after_set_ctrl
1785203432.684604883 step=586 stage=after_step_log
1785203432.684608698 step=586 stage=before_mj_step
1785203432.684664011 step=586 stage=after_mj_step
1785203432.684711695 step=587 stage=loop_begin
1785203432.684952736 step=587 stage=after_set_ctrl
1785203432.685009718 step=587 stage=after_step_log
1785203432.685012817 step=587 stage=before_mj_step
1785203432.685063362 step=587 stage=after_mj_step
1785203432.685109615 step=588 stage=loop_begin
1785203432.685366631 step=588 stage=after_set_ctrl
1785203432.685425758 step=588 stage=after_step_log
1785203432.685428381 step=588 stage=before_mj_step
1785203432.685484171 step=588 stage=after_mj_step
1785203432.685531616 step=589 stage=loop_begin
1785203432.685759544 step=589 stage=after_set_ctrl
1785203432.685814857 step=589 stage=after_step_log
1785203432.685817957 step=589 stage=before_mj_step
1785203432.685863972 step=589 stage=after_mj_step
1785203432.685904026 step=590 stage=loop_begin
1785203432.685908556 step=590 stage=before_camera_render
1785203432.737731695 step=590 stage=after_camera_render
1785203432.738072634 step=590 stage=after_set_ctrl
1785203432.738152027 step=590 stage=after_step_log
1785203432.738156319 step=590 stage=before_mj_step
1785203432.738270760 step=590 stage=after_mj_step
1785203432.738348007 step=591 stage=loop_begin
1785203432.738633156 step=591 stage=after_set_ctrl
1785203432.738699913 step=591 stage=after_step_log
1785203432.738703728 step=591 stage=before_mj_step
1785203432.738757849 step=591 stage=after_mj_step
1785203432.738805056 step=592 stage=loop_begin
1785203432.739032984 step=592 stage=after_set_ctrl
1785203432.739088297 step=592 stage=after_step_log
1785203432.739091635 step=592 stage=before_mj_step
1785203432.739139795 step=592 stage=after_mj_step
1785203432.739183187 step=593 stage=loop_begin
1785203432.739403009 step=593 stage=after_set_ctrl
1785203432.739456415 step=593 stage=after_step_log
1785203432.739459515 step=593 stage=before_mj_step
1785203432.739510536 step=593 stage=after_mj_step
1785203432.739554405 step=594 stage=loop_begin
1785203432.739776611 step=594 stage=after_set_ctrl
1785203432.739828587 step=594 stage=after_step_log
1785203432.739831924 step=594 stage=before_mj_step
1785203432.739876509 step=594 stage=after_mj_step
1785203432.739914656 step=595 stage=loop_begin
1785203432.739918232 step=595 stage=before_camera_render
1785203432.791722536 step=595 stage=after_camera_render
1785203432.792083025 step=595 stage=after_set_ctrl
1785203432.792171240 step=595 stage=after_step_log
1785203432.792181253 step=595 stage=before_mj_step
1785203432.792309761 step=595 stage=after_mj_step
1785203432.792412758 step=596 stage=loop_begin
1785203432.793786764 step=596 stage=after_set_ctrl
1785203432.793877363 step=596 stage=after_step_log
1785203432.793881416 step=596 stage=before_mj_step
1785203432.793964624 step=596 stage=after_mj_step
1785203432.794036388 step=597 stage=loop_begin
1785203432.795334339 step=597 stage=after_set_ctrl
1785203432.795406342 step=597 stage=after_step_log
1785203432.795410395 step=597 stage=before_mj_step
1785203432.795482635 step=597 stage=after_mj_step
1785203432.795547724 step=598 stage=loop_begin
1785203432.796393156 step=598 stage=after_set_ctrl
1785203432.796465635 step=598 stage=after_step_log
1785203432.796469450 step=598 stage=before_mj_step
1785203432.796545744 step=598 stage=after_mj_step
1785203432.796612501 step=599 stage=loop_begin
1785203432.797408342 step=599 stage=after_set_ctrl
1785203432.797482252 step=599 stage=after_step_log
1785203432.797489882 step=599 stage=before_mj_step
1785203432.797558784 step=599 stage=after_mj_step
1785203432.797623634 step=600 stage=loop_begin
1785203432.797628641 step=600 stage=before_camera_render
1785203432.851785660 step=600 stage=after_camera_render
1785203432.853368521 step=600 stage=after_set_ctrl
1785203432.853493214 step=600 stage=after_step_log
1785203432.853497267 step=600 stage=before_mj_step
1785203432.853599787 step=600 stage=after_mj_step
1785203432.853682280 step=601 stage=loop_begin
1785203432.854530096 step=601 stage=after_set_ctrl
1785203432.854606628 step=601 stage=after_step_log
1785203432.854611158 step=601 stage=before_mj_step
1785203432.854689121 step=601 stage=after_mj_step
1785203432.854756594 step=602 stage=loop_begin
1785203432.855731010 step=602 stage=after_set_ctrl
1785203432.855807543 step=602 stage=after_step_log
1785203432.855811357 step=602 stage=before_mj_step
1785203432.855889559 step=602 stage=after_mj_step
1785203432.855956316 step=603 stage=loop_begin
1785203432.857033730 step=603 stage=after_set_ctrl
1785203432.857110500 step=603 stage=after_step_log
1785203432.857114553 step=603 stage=before_mj_step
1785203432.857187986 step=603 stage=after_mj_step
1785203432.857253790 step=604 stage=loop_begin
1785203432.858125687 step=604 stage=after_set_ctrl
1785203432.858197212 step=604 stage=after_step_log
1785203432.858200788 step=604 stage=before_mj_step
1785203432.858268499 step=604 stage=after_mj_step
1785203432.858329535 step=605 stage=loop_begin
1785203432.858335257 step=605 stage=before_camera_render
1785203432.910714149 step=605 stage=after_camera_render
1785203432.912166357 step=605 stage=after_set_ctrl
1785203432.912259340 step=605 stage=after_step_log
1785203432.912263155 step=605 stage=before_mj_step
1785203432.912369967 step=605 stage=after_mj_step
1785203432.912452459 step=606 stage=loop_begin
1785203432.913460493 step=606 stage=after_set_ctrl
1785203432.913546801 step=606 stage=after_step_log
1785203432.913551092 step=606 stage=before_mj_step
1785203432.913628578 step=606 stage=after_mj_step
1785203432.913697004 step=607 stage=loop_begin
1785203432.914477825 step=607 stage=after_set_ctrl
1785203432.914554119 step=607 stage=after_step_log
1785203432.914558411 step=607 stage=before_mj_step
1785203432.914635658 step=607 stage=after_mj_step
1785203432.914701223 step=608 stage=loop_begin
1785203432.915450335 step=608 stage=after_set_ctrl
1785203432.915533543 step=608 stage=after_step_log
1785203432.915539742 step=608 stage=before_mj_step
1785203432.915634155 step=608 stage=after_mj_step
1785203432.915714502 step=609 stage=loop_begin
1785203432.916516542 step=609 stage=after_set_ctrl
1785203432.916592360 step=609 stage=after_step_log
1785203432.916595936 step=609 stage=before_mj_step
1785203432.916678667 step=609 stage=after_mj_step
1785203432.916748524 step=610 stage=loop_begin
1785203432.916754484 step=610 stage=before_camera_render
1785203432.968685150 step=610 stage=after_camera_render
1785203432.970930099 step=610 stage=after_set_ctrl
1785203432.971021891 step=610 stage=after_step_log
1785203432.971026182 step=610 stage=before_mj_step
1785203432.971138000 step=610 stage=after_mj_step
1785203432.971214056 step=611 stage=loop_begin
1785203432.972091913 step=611 stage=after_set_ctrl
1785203432.972171545 step=611 stage=after_step_log
1785203432.972175360 step=611 stage=before_mj_step
1785203432.972258329 step=611 stage=after_mj_step
1785203432.972323418 step=612 stage=loop_begin
1785203432.973122835 step=612 stage=after_set_ctrl
1785203432.973199844 step=612 stage=after_step_log
1785203432.973203897 step=612 stage=before_mj_step
1785203432.973289251 step=612 stage=after_mj_step
1785203432.973356009 step=613 stage=loop_begin
1785203432.974225521 step=613 stage=after_set_ctrl
1785203432.974298954 step=613 stage=after_step_log
1785203432.974303007 step=613 stage=before_mj_step
1785203432.974384546 step=613 stage=after_mj_step
1785203432.974449396 step=614 stage=loop_begin
1785203432.975207567 step=614 stage=after_set_ctrl
1785203432.975282192 step=614 stage=after_step_log
1785203432.975286007 step=614 stage=before_mj_step
1785203432.975367785 step=614 stage=after_mj_step
1785203432.975430965 step=615 stage=loop_begin
1785203432.975436687 step=615 stage=before_camera_render
1785203433.027806997 step=615 stage=after_camera_render
1785203433.029318094 step=615 stage=after_set_ctrl
1785203433.029413223 step=615 stage=after_step_log
1785203433.029417753 step=615 stage=before_mj_step
1785203433.029528141 step=615 stage=after_mj_step
1785203433.029617071 step=616 stage=loop_begin
1785203433.030529737 step=616 stage=after_set_ctrl
1785203433.030612230 step=616 stage=after_step_log
1785203433.030616522 step=616 stage=before_mj_step
1785203433.030712366 step=616 stage=after_mj_step
1785203433.030783176 step=617 stage=loop_begin
1785203433.031675100 step=617 stage=after_set_ctrl
1785203433.031753540 step=617 stage=after_step_log
1785203433.031757832 step=617 stage=before_mj_step
1785203433.031857014 step=617 stage=after_mj_step
1785203433.031923771 step=618 stage=loop_begin
1785203433.032768726 step=618 stage=after_set_ctrl
1785203433.032844782 step=618 stage=after_step_log
1785203433.032849550 step=618 stage=before_mj_step
1785203433.032941818 step=618 stage=after_mj_step
1785203433.033010721 step=619 stage=loop_begin
1785203433.033895969 step=619 stage=after_set_ctrl
1785203433.033972025 step=619 stage=after_step_log
1785203433.033975601 step=619 stage=before_mj_step
1785203433.034060240 step=619 stage=after_mj_step
1785203433.034124613 step=620 stage=loop_begin
1785203433.034130573 step=620 stage=before_camera_render
1785203433.086468935 step=620 stage=after_camera_render
1785203433.087862253 step=620 stage=after_set_ctrl
1785203433.087955475 step=620 stage=after_step_log
1785203433.087959766 step=620 stage=before_mj_step
1785203433.088078022 step=620 stage=after_mj_step
1785203433.088162899 step=621 stage=loop_begin
1785203433.089411497 step=621 stage=after_set_ctrl
1785203433.089500904 step=621 stage=after_step_log
1785203433.089506388 step=621 stage=before_mj_step
1785203433.089591265 step=621 stage=after_mj_step
1785203433.089658022 step=622 stage=loop_begin
1785203433.090451956 step=622 stage=after_set_ctrl
1785203433.090532780 step=622 stage=after_step_log
1785203433.090539455 step=622 stage=before_mj_step
1785203433.090624571 step=622 stage=after_mj_step
1785203433.090689898 step=623 stage=loop_begin
1785203433.091574192 step=623 stage=after_set_ctrl
1785203433.091647148 step=623 stage=after_step_log
1785203433.091651678 step=623 stage=before_mj_step
1785203433.091735840 step=623 stage=after_mj_step
1785203433.091800213 step=624 stage=loop_begin
1785203433.092707396 step=624 stage=after_set_ctrl
1785203433.092782259 step=624 stage=after_step_log
1785203433.092785835 step=624 stage=before_mj_step
1785203433.092861652 step=624 stage=after_mj_step
1785203433.092925549 step=625 stage=loop_begin
1785203433.092931509 step=625 stage=before_camera_render
1785203433.145270586 step=625 stage=after_camera_render
1785203433.146452904 step=625 stage=after_set_ctrl
1785203433.146573544 step=625 stage=after_step_log
1785203433.146577597 step=625 stage=before_mj_step
1785203433.146702290 step=625 stage=after_mj_step
1785203433.146779060 step=626 stage=loop_begin
1785203433.147760391 step=626 stage=after_set_ctrl
1785203433.147844076 step=626 stage=after_step_log
1785203433.147847891 step=626 stage=before_mj_step
1785203433.147936583 step=626 stage=after_mj_step
1785203433.148007393 step=627 stage=loop_begin
1785203433.148890257 step=627 stage=after_set_ctrl
1785203433.148966074 step=627 stage=after_step_log
1785203433.148970127 step=627 stage=before_mj_step
1785203433.149045229 step=627 stage=after_mj_step
1785203433.149109840 step=628 stage=loop_begin
1785203433.150298595 step=628 stage=after_set_ctrl
1785203433.150375366 step=628 stage=after_step_log
1785203433.150378942 step=628 stage=before_mj_step
1785203433.150452137 step=628 stage=after_mj_step
1785203433.150522947 step=629 stage=loop_begin
1785203433.151443720 step=629 stage=after_set_ctrl
1785203433.151521444 step=629 stage=after_step_log
1785203433.151527405 step=629 stage=before_mj_step
1785203433.151613712 step=629 stage=after_mj_step
1785203433.151677132 step=630 stage=loop_begin
1785203433.151682615 step=630 stage=before_camera_render
1785203433.203766823 step=630 stage=after_camera_render
1785203433.206007242 step=630 stage=after_set_ctrl
1785203433.206099749 step=630 stage=after_step_log
1785203433.206104517 step=630 stage=before_mj_step
1785203433.206222296 step=630 stage=after_mj_step
1785203433.206298113 step=631 stage=loop_begin
1785203433.207262039 step=631 stage=after_set_ctrl
1785203433.207345724 step=631 stage=after_step_log
1785203433.207349300 step=631 stage=before_mj_step
1785203433.207436562 step=631 stage=after_mj_step
1785203433.207506418 step=632 stage=loop_begin
1785203433.208316326 step=632 stage=after_set_ctrl
1785203433.208391190 step=632 stage=after_step_log
1785203433.208395481 step=632 stage=before_mj_step
1785203433.208480358 step=632 stage=after_mj_step
1785203433.208547592 step=633 stage=loop_begin
1785203433.209378958 step=633 stage=after_set_ctrl
1785203433.209452391 step=633 stage=after_step_log
1785203433.209456444 step=633 stage=before_mj_step
1785203433.209537268 step=633 stage=after_mj_step
1785203433.209604502 step=634 stage=loop_begin
1785203433.210416317 step=634 stage=after_set_ctrl
1785203433.210491419 step=634 stage=after_step_log
1785203433.210497618 step=634 stage=before_mj_step
1785203433.210565805 step=634 stage=after_mj_step
1785203433.210628748 step=635 stage=loop_begin
1785203433.210633993 step=635 stage=before_camera_render
1785203433.262746811 step=635 stage=after_camera_render
1785203433.264301538 step=635 stage=after_set_ctrl
1785203433.264398098 step=635 stage=after_step_log
1785203433.264402628 step=635 stage=before_mj_step
1785203433.264518261 step=635 stage=after_mj_step
1785203433.264605522 step=636 stage=loop_begin
1785203443.154727459 step=637 stage=loop_begin
1785203443.156186104 step=637 stage=after_set_ctrl
1785203443.156271219 step=637 stage=after_step_log
1785203443.156275988 step=637 stage=before_mj_step
1785203443.156379461 step=637 stage=after_mj_step
1785203443.156463623 step=638 stage=loop_begin
1785203443.157452106 step=638 stage=after_set_ctrl
1785203443.157532215 step=638 stage=after_step_log
1785203443.157537222 step=638 stage=before_mj_step
1785203443.157622099 step=638 stage=after_mj_step
1785203443.157691956 step=639 stage=loop_begin
1785203443.158557415 step=639 stage=after_set_ctrl
1785203443.158637524 step=639 stage=after_step_log
1785203443.158641815 step=639 stage=before_mj_step
1785203443.158744335 step=639 stage=after_mj_step
1785203443.158813477 step=640 stage=loop_begin
1785203443.158819914 step=640 stage=before_camera_render
1785203443.209869862 step=640 stage=after_camera_render
1785203443.211272955 step=640 stage=after_set_ctrl
1785203443.211373806 step=640 stage=after_step_log
1785203443.211379528 step=640 stage=before_mj_step
1785203443.211521387 step=640 stage=after_mj_step
1785203443.211623192 step=641 stage=loop_begin
1785203443.212544441 step=641 stage=after_set_ctrl
1785203443.212627888 step=641 stage=after_step_log
1785203443.212632895 step=641 stage=before_mj_step
1785203443.212720871 step=641 stage=after_mj_step
1785203443.212789536 step=642 stage=loop_begin
1785203443.214452505 step=642 stage=after_set_ctrl
1785203443.214589357 step=642 stage=after_step_log
1785203443.214601517 step=642 stage=before_mj_step
1785203443.214735508 step=642 stage=after_mj_step
1785203443.214841604 step=643 stage=loop_begin
1785203443.216577053 step=643 stage=after_set_ctrl
1785203443.216690063 step=643 stage=after_step_log
1785203443.216699600 step=643 stage=before_mj_step
1785203443.216818333 step=643 stage=after_mj_step
1785203443.216914892 step=644 stage=loop_begin
1785203443.218301535 step=644 stage=after_set_ctrl
1785203443.218412876 step=644 stage=after_step_log
1785203443.218423128 step=644 stage=before_mj_step
1785203443.218533039 step=644 stage=after_mj_step
1785203443.218632936 step=645 stage=loop_begin
1785203443.218646049 step=645 stage=before_camera_render
1785203443.284037828 step=645 stage=after_camera_render
1785203443.285460711 step=645 stage=after_set_ctrl
1785203443.285574675 step=645 stage=after_step_log
1785203443.285580635 step=645 stage=before_mj_step
1785203443.285688162 step=645 stage=after_mj_step
1785203443.285777330 step=646 stage=loop_begin
1785203443.287042141 step=646 stage=after_set_ctrl
1785203443.287133694 step=646 stage=after_step_log
1785203443.287138462 step=646 stage=before_mj_step
1785203443.287221670 step=646 stage=after_mj_step
1785203443.287297964 step=647 stage=loop_begin
1785203443.288467169 step=647 stage=after_set_ctrl
1785203443.288562059 step=647 stage=after_step_log
1785203443.288567781 step=647 stage=before_mj_step
1785203443.288650513 step=647 stage=after_mj_step
1785203443.288723946 step=648 stage=loop_begin
1785203443.289588213 step=648 stage=after_set_ctrl
1785203443.289671183 step=648 stage=after_step_log
1785203443.289675951 step=648 stage=before_mj_step
1785203443.289758921 step=648 stage=after_mj_step
1785203443.289837360 step=649 stage=loop_begin
1785203443.290882826 step=649 stage=after_set_ctrl
1785203443.290966749 step=649 stage=after_step_log
1785203443.290971041 step=649 stage=before_mj_step
1785203443.291053057 step=649 stage=after_mj_step
1785203443.291123629 step=650 stage=loop_begin
1785203443.291129827 step=650 stage=before_camera_render
1785203443.345404625 step=650 stage=after_camera_render
1785203443.347281456 step=650 stage=after_set_ctrl
1785203443.347398758 step=650 stage=after_step_log
1785203443.347402334 step=650 stage=before_mj_step
1785203443.347517490 step=650 stage=after_mj_step
1785203443.347600460 step=651 stage=loop_begin
1785203443.348421574 step=651 stage=after_set_ctrl
1785203443.348506689 step=651 stage=after_step_log
1785203443.348512650 step=651 stage=before_mj_step
1785203443.348595381 step=651 stage=after_mj_step
1785203443.348668337 step=652 stage=loop_begin
1785203443.349454641 step=652 stage=after_set_ctrl
1785203443.349537134 step=652 stage=after_step_log
1785203443.349542856 step=652 stage=before_mj_step
1785203443.349625587 step=652 stage=after_mj_step
1785203443.349697590 step=653 stage=loop_begin
1785203443.350663900 step=653 stage=after_set_ctrl
1785203443.350744486 step=653 stage=after_step_log
1785203443.350749016 step=653 stage=before_mj_step
1785203443.350832224 step=653 stage=after_mj_step
1785203443.350901842 step=654 stage=loop_begin
1785203443.352042437 step=654 stage=after_set_ctrl
1785203443.352122068 step=654 stage=after_step_log
1785203443.352125883 step=654 stage=before_mj_step
1785203443.352199316 step=654 stage=after_mj_step
1785203443.352263689 step=655 stage=loop_begin
1785203443.352269411 step=655 stage=before_camera_render
1785203443.405377626 step=655 stage=after_camera_render
1785203443.406906366 step=655 stage=after_set_ctrl
1785203443.407008410 step=655 stage=after_step_log
1785203443.407012701 step=655 stage=before_mj_step
1785203443.407120705 step=655 stage=after_mj_step
1785203443.407228708 step=656 stage=loop_begin
1785203443.408427000 step=656 stage=after_set_ctrl
1785203443.408511639 step=656 stage=after_step_log
1785203443.408516407 step=656 stage=before_mj_step
1785203443.408592224 step=656 stage=after_mj_step
1785203443.408665419 step=657 stage=loop_begin
1785203443.409579515 step=657 stage=after_set_ctrl
1785203443.409657240 step=657 stage=after_step_log
1785203443.409661293 step=657 stage=before_mj_step
1785203443.409734726 step=657 stage=after_mj_step
1785203443.409802675 step=658 stage=loop_begin
1785203443.410669088 step=658 stage=after_set_ctrl
1785203443.410745859 step=658 stage=after_step_log
1785203443.410749674 step=658 stage=before_mj_step
1785203443.410820723 step=658 stage=after_mj_step
1785203443.410888433 step=659 stage=loop_begin
1785203443.411928892 step=659 stage=after_set_ctrl
1785203443.412005901 step=659 stage=after_step_log
1785203443.412009478 step=659 stage=before_mj_step
1785203443.412079811 step=659 stage=after_mj_step
1785203443.412144661 step=660 stage=loop_begin
1785203443.412150621 step=660 stage=before_camera_render
1785203443.465396643 step=660 stage=after_camera_render
1785203443.467029095 step=660 stage=after_set_ctrl
1785203443.467125177 step=660 stage=after_step_log
1785203443.467129946 step=660 stage=before_mj_step
1785203443.467243433 step=660 stage=after_mj_step
1785203443.467328072 step=661 stage=loop_begin
1785203443.468621254 step=661 stage=after_set_ctrl
1785203443.468715191 step=661 stage=after_step_log
1785203443.468719959 step=661 stage=before_mj_step
1785203443.468800783 step=661 stage=after_mj_step
1785203443.468874216 step=662 stage=loop_begin
1785203443.469845533 step=662 stage=after_set_ctrl
1785203443.469924927 step=662 stage=after_step_log
1785203443.469928741 step=662 stage=before_mj_step
1785203443.470001459 step=662 stage=after_mj_step
1785203443.470067501 step=663 stage=loop_begin
1785203443.471238136 step=663 stage=after_set_ctrl
1785203443.471319199 step=663 stage=after_step_log
1785203443.471323729 step=663 stage=before_mj_step
1785203443.471395493 step=663 stage=after_mj_step
1785203443.471471310 step=664 stage=loop_begin
1785203443.472464323 step=664 stage=after_set_ctrl
1785203443.472549915 step=664 stage=after_step_log
1785203443.472556591 step=664 stage=before_mj_step
1785203443.472628593 step=664 stage=after_mj_step
1785203443.472695112 step=665 stage=loop_begin
1785203443.472701788 step=665 stage=before_camera_render
1785203443.527246237 step=665 stage=after_camera_render
1785203443.528524637 step=665 stage=after_set_ctrl
1785203443.528624296 step=665 stage=after_step_log
1785203443.528628826 step=665 stage=before_mj_step
1785203443.528734207 step=665 stage=after_mj_step
1785203443.528821945 step=666 stage=loop_begin
1785203443.530008316 step=666 stage=after_set_ctrl
1785203443.530097246 step=666 stage=after_step_log
1785203443.530101061 step=666 stage=before_mj_step
1785203443.530174732 step=666 stage=after_mj_step
1785203443.530247450 step=667 stage=loop_begin
1785203443.531136036 step=667 stage=after_set_ctrl
1785203443.531210899 step=667 stage=after_step_log
1785203443.531214476 step=667 stage=before_mj_step
1785203443.531279087 step=667 stage=after_mj_step
1785203443.531344652 step=668 stage=loop_begin
1785203443.532304287 step=668 stage=after_set_ctrl
1785203443.532382250 step=668 stage=after_step_log
1785203443.532386303 step=668 stage=before_mj_step
1785203443.532456636 step=668 stage=after_mj_step
1785203443.532528162 step=669 stage=loop_begin
1785203443.533412457 step=669 stage=after_set_ctrl
1785203443.533490658 step=669 stage=after_step_log
1785203443.533496618 step=669 stage=before_mj_step
1785203443.533562183 step=669 stage=after_mj_step
1785203443.533627033 step=670 stage=loop_begin
1785203443.533633232 step=670 stage=before_camera_render
1785203443.586302996 step=670 stage=after_camera_render
1785203443.587809324 step=670 stage=after_set_ctrl
1785203443.587907076 step=670 stage=after_step_log
1785203443.587910891 step=670 stage=before_mj_step
1785203443.588011265 step=670 stage=after_mj_step
1785203443.588097334 step=671 stage=loop_begin
1785203443.589377642 step=671 stage=after_set_ctrl
1785203443.589469194 step=671 stage=after_step_log
1785203443.589478254 step=671 stage=before_mj_step
1785203443.589554071 step=671 stage=after_mj_step
1785203443.589630127 step=672 stage=loop_begin
1785203443.590366364 step=672 stage=after_set_ctrl
1785203443.590440989 step=672 stage=after_step_log
1785203443.590444803 step=672 stage=before_mj_step
1785203443.590516806 step=672 stage=after_mj_step
1785203443.590590239 step=673 stage=loop_begin
1785203443.591426849 step=673 stage=after_set_ctrl
1785203443.591506004 step=673 stage=after_step_log
1785203443.591511965 step=673 stage=before_mj_step
1785203443.591582775 step=673 stage=after_mj_step
1785203443.591650486 step=674 stage=loop_begin
1785203456.935075283 step=675 stage=loop_begin
1785203456.935098648 step=675 stage=before_camera_render
1785203456.988217115 step=675 stage=after_camera_render
1785203456.989455700 step=675 stage=after_set_ctrl
1785203456.989569902 step=675 stage=after_step_log
1785203456.989574671 step=675 stage=before_mj_step
1785203456.989676952 step=675 stage=after_mj_step
1785203456.989766836 step=676 stage=loop_begin
1785203456.990876913 step=676 stage=after_set_ctrl
1785203456.990968943 step=676 stage=after_step_log
1785203456.990973234 step=676 stage=before_mj_step
1785203456.991045237 step=676 stage=after_mj_step
1785203456.991121292 step=677 stage=loop_begin
1785203456.992247581 step=677 stage=after_set_ctrl
1785203456.992328167 step=677 stage=after_step_log
1785203456.992352486 step=677 stage=before_mj_step
1785203456.992423534 step=677 stage=after_mj_step
1785203456.992494106 step=678 stage=loop_begin
1785203456.993369579 step=678 stage=after_set_ctrl
1785203456.993443727 step=678 stage=after_step_log
1785203456.993448734 step=678 stage=before_mj_step
1785203456.993518353 step=678 stage=after_mj_step
1785203456.993584871 step=679 stage=loop_begin
1785203456.994391441 step=679 stage=after_set_ctrl
1785203456.994465351 step=679 stage=after_step_log
1785203456.994469881 step=679 stage=before_mj_step
1785203456.994541645 step=679 stage=after_mj_step
1785203456.994610548 step=680 stage=loop_begin
1785203456.994616270 step=680 stage=before_camera_render
1785203457.049764156 step=680 stage=after_camera_render
1785203457.051320314 step=680 stage=after_set_ctrl
1785203457.051422119 step=680 stage=after_step_log
1785203457.051426888 step=680 stage=before_mj_step
1785203457.051541328 step=680 stage=after_mj_step
1785203457.051635504 step=681 stage=loop_begin
1785203457.052582741 step=681 stage=after_set_ctrl
1785203457.052669287 step=681 stage=after_step_log
1785203457.052673578 step=681 stage=before_mj_step
1785203457.052747250 step=681 stage=after_mj_step
1785203457.052819014 step=682 stage=loop_begin
1785203457.053741455 step=682 stage=after_set_ctrl
1785203457.053820848 step=682 stage=after_step_log
1785203457.053825378 step=682 stage=before_mj_step
1785203457.053893805 step=682 stage=after_mj_step
1785203457.053961039 step=683 stage=loop_begin
1785203457.055070400 step=683 stage=after_set_ctrl
1785203457.055155516 step=683 stage=after_step_log
1785203457.055159807 step=683 stage=before_mj_step
1785203457.055234909 step=683 stage=after_mj_step
1785203457.055304766 step=684 stage=loop_begin
1785203457.056186438 step=684 stage=after_set_ctrl
1785203457.056262255 step=684 stage=after_step_log
1785203457.056266308 step=684 stage=before_mj_step
1785203457.056337357 step=684 stage=after_mj_step
1785203457.056404114 step=685 stage=loop_begin
1785203457.056409836 step=685 stage=before_camera_render
1785203457.109920979 step=685 stage=after_camera_render
1785203457.111290216 step=685 stage=after_set_ctrl
1785203457.111385345 step=685 stage=after_step_log
1785203457.111389875 step=685 stage=before_mj_step
1785203457.111500740 step=685 stage=after_mj_step
1785203457.111583710 step=686 stage=loop_begin
1785203457.112549067 step=686 stage=after_set_ctrl
1785203457.112634659 step=686 stage=after_step_log
1785203457.112638235 step=686 stage=before_mj_step
1785203457.112715960 step=686 stage=after_mj_step
1785203457.112785101 step=687 stage=loop_begin
1785203457.113807201 step=687 stage=after_set_ctrl
1785203457.113888741 step=687 stage=after_step_log
1785203457.113893270 step=687 stage=before_mj_step
1785203457.113972902 step=687 stage=after_mj_step
1785203457.114041328 step=688 stage=loop_begin
1785203457.115255833 step=688 stage=after_set_ctrl
1785203457.115343571 step=688 stage=after_step_log
1785203457.115347147 step=688 stage=before_mj_step
1785203457.115430355 step=688 stage=after_mj_step
1785203457.115509033 step=689 stage=loop_begin
1785203457.116392612 step=689 stage=after_set_ctrl
1785203457.116468668 step=689 stage=after_step_log
1785203457.116478443 step=689 stage=before_mj_step
1785203457.116552591 step=689 stage=after_mj_step
1785203457.116621733 step=690 stage=loop_begin
1785203457.116629362 step=690 stage=before_camera_render
1785203457.172789335 step=690 stage=after_camera_render
1785203457.174544811 step=690 stage=after_set_ctrl
1785203457.174643278 step=690 stage=after_step_log
1785203457.174647331 step=690 stage=before_mj_step
1785203457.174755812 step=690 stage=after_mj_step
1785203457.174851656 step=691 stage=loop_begin
1785203457.176124573 step=691 stage=after_set_ctrl
1785203457.176225424 step=691 stage=after_step_log
1785203457.176229715 step=691 stage=before_mj_step
1785203457.176325798 step=691 stage=after_mj_step
1785203457.176421642 step=692 stage=loop_begin
1785203457.177387953 step=692 stage=after_set_ctrl
1785203457.177472353 step=692 stage=after_step_log
1785203457.177482843 step=692 stage=before_mj_step
1785203457.177561045 step=692 stage=after_mj_step
1785203457.177639246 step=693 stage=loop_begin
1785203457.178422689 step=693 stage=after_set_ctrl
1785203457.178508282 step=693 stage=after_step_log
1785203457.178514719 step=693 stage=before_mj_step
1785203457.178593397 step=693 stage=after_mj_step
1785203457.178664923 step=694 stage=loop_begin
1785203457.179417372 step=694 stage=after_set_ctrl
1785203457.179506779 step=694 stage=after_step_log
1785203457.179514647 step=694 stage=before_mj_step
1785203457.179592609 step=694 stage=after_mj_step
1785203457.179670095 step=695 stage=loop_begin
1785203457.179677010 step=695 stage=before_camera_render
1785203457.233422041 step=695 stage=after_camera_render
1785203457.235323191 step=695 stage=after_set_ctrl
1785203457.235427618 step=695 stage=after_step_log
1785203457.235432148 step=695 stage=before_mj_step
1785203457.235552788 step=695 stage=after_mj_step
1785203457.235646486 step=696 stage=loop_begin
1785203457.236703396 step=696 stage=after_set_ctrl
1785203457.236791611 step=696 stage=after_step_log
1785203457.236798048 step=696 stage=before_mj_step
1785203457.236883163 step=696 stage=after_mj_step
1785203457.236953974 step=697 stage=loop_begin
1785203457.238007069 step=697 stage=after_set_ctrl
1785203457.238086462 step=697 stage=after_step_log
1785203457.238091230 step=697 stage=before_mj_step
1785203457.238160849 step=697 stage=after_mj_step
1785203457.238230705 step=698 stage=loop_begin
1785203457.239117622 step=698 stage=after_set_ctrl
1785203457.239194632 step=698 stage=after_step_log
1785203457.239198446 step=698 stage=before_mj_step
1785203457.239264488 step=698 stage=after_mj_step
1785203457.239329815 step=699 stage=loop_begin
1785203457.240262032 step=699 stage=after_set_ctrl
1785203457.240341902 step=699 stage=after_step_log
1785203457.240346193 step=699 stage=before_mj_step
1785203457.240417957 step=699 stage=after_mj_step
1785203457.240495682 step=700 stage=loop_begin
1785203457.240504026 step=700 stage=before_camera_render
1785203457.293117762 step=700 stage=after_camera_render
1785203457.294610023 step=700 stage=after_set_ctrl
1785203457.294733286 step=700 stage=after_step_log
1785203457.294736862 step=700 stage=before_mj_step
1785203457.294843912 step=700 stage=after_mj_step
1785203457.294928074 step=701 stage=loop_begin
1785203457.296253204 step=701 stage=after_set_ctrl
1785203457.296339035 step=701 stage=after_step_log
1785203457.296343327 step=701 stage=before_mj_step
1785203457.296422958 step=701 stage=after_mj_step
1785203457.296501160 step=702 stage=loop_begin
1785203457.297514915 step=702 stage=after_set_ctrl
1785203457.297593594 step=702 stage=after_step_log
1785203457.297597647 step=702 stage=before_mj_step
1785203457.297665358 step=702 stage=after_mj_step
1785203457.297730446 step=703 stage=loop_begin
1785203457.298622131 step=703 stage=after_set_ctrl
1785203457.298701525 step=703 stage=after_step_log
1785203457.298705339 step=703 stage=before_mj_step
1785203457.298769236 step=703 stage=after_mj_step
1785203457.298834085 step=704 stage=loop_begin
1785203457.299731255 step=704 stage=after_set_ctrl
1785203457.299809217 step=704 stage=after_step_log
1785203457.299813032 step=704 stage=before_mj_step
1785203457.299885273 step=704 stage=after_mj_step
1785203457.299951553 step=705 stage=loop_begin
1785203457.299957752 step=705 stage=before_camera_render
1785203457.351815224 step=705 stage=after_camera_render
1785203457.353259087 step=705 stage=after_set_ctrl
1785203457.353354931 step=705 stage=after_step_log
1785203457.353359222 step=705 stage=before_mj_step
1785203457.353465557 step=705 stage=after_mj_step
1785203457.353555202 step=706 stage=loop_begin
1785203457.354420662 step=706 stage=after_set_ctrl
1785203457.354511023 step=706 stage=after_step_log
1785203457.354518890 step=706 stage=before_mj_step
1785203457.354592800 step=706 stage=after_mj_step
1785203457.354662418 step=707 stage=loop_begin
1785203457.355539083 step=707 stage=after_set_ctrl
1785203457.355615377 step=707 stage=after_step_log
1785203457.355619431 step=707 stage=before_mj_step
1785203457.355685711 step=707 stage=after_mj_step
1785203457.355749130 step=708 stage=loop_begin
1785203457.356547594 step=708 stage=after_set_ctrl
1785203457.356627464 step=708 stage=after_step_log
1785203457.356631279 step=708 stage=before_mj_step
1785203457.356701612 step=708 stage=after_mj_step
1785203457.356764555 step=709 stage=loop_begin
1785203457.357544184 step=709 stage=after_set_ctrl
1785203457.357619286 step=709 stage=after_step_log
1785203457.357623100 step=709 stage=before_mj_step
1785203457.357687473 step=709 stage=after_mj_step
1785203457.357752562 step=710 stage=loop_begin
1785203457.357758284 step=710 stage=before_camera_render
1785203457.410747051 step=710 stage=after_camera_render
1785203457.412600517 step=710 stage=after_set_ctrl
1785203457.412696600 step=710 stage=after_step_log
1785203457.412700891 step=710 stage=before_mj_step
1785203457.412805080 step=710 stage=after_mj_step
1785203457.412885427 step=711 stage=loop_begin
1785203457.414351702 step=711 stage=after_set_ctrl
1785203457.414439201 step=711 stage=after_step_log
1785203457.414443016 step=711 stage=before_mj_step
1785203457.414524078 step=711 stage=after_mj_step
1785203457.414593697 step=712 stage=loop_begin
