[0.000000] (-) TimerEvent: {}
[0.000264] (orbbec_camera_msgs) JobQueued: {'identifier': 'orbbec_camera_msgs', 'dependencies': OrderedDict()}
[0.000296] (orbbec_description) JobQueued: {'identifier': 'orbbec_description', 'dependencies': OrderedDict()}
[0.000308] (orbbec_camera) JobQueued: {'identifier': 'orbbec_camera', 'dependencies': OrderedDict([('orbbec_camera_msgs', '/home/sophie/isaac_lab/isaac_ws/rl_code/soarm100sim/third_party/orbbec_v1_ws/install/orbbec_camera_msgs')])}
[0.000747] (orbbec_camera_msgs) JobStarted: {'identifier': 'orbbec_camera_msgs'}
[0.004103] (orbbec_description) JobStarted: {'identifier': 'orbbec_description'}
[0.006425] (orbbec_camera_msgs) JobProgress: {'identifier': 'orbbec_camera_msgs', 'progress': 'cmake'}
[0.006640] (orbbec_camera_msgs) Command: {'cmd': ['/usr/bin/cmake', '/home/sophie/isaac_lab/isaac_ws/rl_code/soarm100sim/third_party/orbbec_v1_ws/src/OrbbecSDK_ROS2/orbbec_camera_msgs', '-DCMAKE_BUILD_TYPE=Release', '-DINSTALL_UDEV_RULES=OFF', '-DPython3_EXECUTABLE=/usr/bin/python3', '-DCMAKE_INSTALL_PREFIX=/home/sophie/isaac_lab/isaac_ws/rl_code/soarm100sim/third_party/orbbec_v1_ws/install/orbbec_camera_msgs'], 'cwd': '/home/sophie/isaac_lab/isaac_ws/rl_code/soarm100sim/third_party/orbbec_v1_ws/build/orbbec_camera_msgs', 'env': OrderedDict([('USER', 'sophie'), ('SHLVL', '0'), ('LD_LIBRARY_PATH', '/usr/lib/x86_64-linux-gnu/gazebo-11/plugins:/opt/ros/humble/opt/rviz_ogre_vendor/lib:/opt/ros/humble/lib/x86_64-linux-gnu:/opt/ros/humble/lib'), ('HOME', '/home/sophie'), ('ROS_PYTHON_VERSION', '3'), ('ROS_DISTRO', 'humble'), ('_', '/usr/bin/colcon'), ('ROS_VERSION', '2'), ('ROS_LOCALHOST_ONLY', '0'), ('PATH', '/opt/ros/humble/bin:/usr/local/sbin:/usr/local/bin:/usr/sbin:/usr/bin:/sbin:/bin'), ('LANG', 'C.UTF-8'), ('AMENT_PREFIX_PATH', '/opt/ros/humble'), ('PWD', '/home/sophie/isaac_lab/isaac_ws/rl_code/soarm100sim/third_party/orbbec_v1_ws/build/orbbec_camera_msgs'), ('PYTHONPATH', '/opt/ros/humble/lib/python3.10/site-packages:/opt/ros/humble/local/lib/python3.10/dist-packages'), ('COLCON', '1'), ('CMAKE_PREFIX_PATH', '/opt/ros/humble')]), 'shell': False}
[0.059946] (orbbec_camera_msgs) StdoutLine: {'line': b'-- The C compiler identification is GNU 11.4.0\n'}
[0.060419] (orbbec_description) JobProgress: {'identifier': 'orbbec_description', 'progress': 'cmake'}
[0.061669] (orbbec_description) Command: {'cmd': ['/usr/bin/cmake', '/home/sophie/isaac_lab/isaac_ws/rl_code/soarm100sim/third_party/orbbec_v1_ws/src/OrbbecSDK_ROS2/orbbec_description', '-DCMAKE_BUILD_TYPE=Release', '-DINSTALL_UDEV_RULES=OFF', '-DPython3_EXECUTABLE=/usr/bin/python3', '-DCMAKE_INSTALL_PREFIX=/home/sophie/isaac_lab/isaac_ws/rl_code/soarm100sim/third_party/orbbec_v1_ws/install/orbbec_description'], 'cwd': '/home/sophie/isaac_lab/isaac_ws/rl_code/soarm100sim/third_party/orbbec_v1_ws/build/orbbec_description', 'env': OrderedDict([('USER', 'sophie'), ('SHLVL', '0'), ('LD_LIBRARY_PATH', '/usr/lib/x86_64-linux-gnu/gazebo-11/plugins:/opt/ros/humble/opt/rviz_ogre_vendor/lib:/opt/ros/humble/lib/x86_64-linux-gnu:/opt/ros/humble/lib'), ('HOME', '/home/sophie'), ('ROS_PYTHON_VERSION', '3'), ('ROS_DISTRO', 'humble'), ('_', '/usr/bin/colcon'), ('ROS_VERSION', '2'), ('ROS_LOCALHOST_ONLY', '0'), ('PATH', '/opt/ros/humble/bin:/usr/local/sbin:/usr/local/bin:/usr/sbin:/usr/bin:/sbin:/bin'), ('LANG', 'C.UTF-8'), ('AMENT_PREFIX_PATH', '/opt/ros/humble'), ('PWD', '/home/sophie/isaac_lab/isaac_ws/rl_code/soarm100sim/third_party/orbbec_v1_ws/build/orbbec_description'), ('PYTHONPATH', '/opt/ros/humble/lib/python3.10/site-packages:/opt/ros/humble/local/lib/python3.10/dist-packages'), ('COLCON', '1'), ('CMAKE_PREFIX_PATH', '/opt/ros/humble')]), 'shell': False}
[0.100025] (-) TimerEvent: {}
[0.103178] (orbbec_camera_msgs) StdoutLine: {'line': b'-- The CXX compiler identification is GNU 11.4.0\n'}
[0.108019] (orbbec_description) StdoutLine: {'line': b'-- The C compiler identification is GNU 11.4.0\n'}
[0.110258] (orbbec_camera_msgs) StdoutLine: {'line': b'-- Detecting C compiler ABI info\n'}
[0.151402] (orbbec_description) StdoutLine: {'line': b'-- The CXX compiler identification is GNU 11.4.0\n'}
[0.157960] (orbbec_description) StdoutLine: {'line': b'-- Detecting C compiler ABI info\n'}
[0.165865] (orbbec_camera_msgs) StdoutLine: {'line': b'-- Detecting C compiler ABI info - done\n'}
[0.171945] (orbbec_camera_msgs) StdoutLine: {'line': b'-- Check for working C compiler: /usr/bin/cc - skipped\n'}
[0.172158] (orbbec_camera_msgs) StdoutLine: {'line': b'-- Detecting C compile features\n'}
[0.172320] (orbbec_camera_msgs) StdoutLine: {'line': b'-- Detecting C compile features - done\n'}
[0.174363] (orbbec_camera_msgs) StdoutLine: {'line': b'-- Detecting CXX compiler ABI info\n'}
[0.200124] (-) TimerEvent: {}
[0.214193] (orbbec_description) StdoutLine: {'line': b'-- Detecting C compiler ABI info - done\n'}
[0.219392] (orbbec_description) StdoutLine: {'line': b'-- Check for working C compiler: /usr/bin/cc - skipped\n'}
[0.219529] (orbbec_description) StdoutLine: {'line': b'-- Detecting C compile features\n'}
[0.219712] (orbbec_description) StdoutLine: {'line': b'-- Detecting C compile features - done\n'}
[0.222055] (orbbec_description) StdoutLine: {'line': b'-- Detecting CXX compiler ABI info\n'}
[0.231898] (orbbec_camera_msgs) StdoutLine: {'line': b'-- Detecting CXX compiler ABI info - done\n'}
[0.237030] (orbbec_camera_msgs) StdoutLine: {'line': b'-- Check for working CXX compiler: /usr/bin/c++ - skipped\n'}
[0.237250] (orbbec_camera_msgs) StdoutLine: {'line': b'-- Detecting CXX compile features\n'}
[0.237456] (orbbec_camera_msgs) StdoutLine: {'line': b'-- Detecting CXX compile features - done\n'}
[0.239007] (orbbec_camera_msgs) StdoutLine: {'line': b'-- Found ament_cmake: 1.3.14 (/opt/ros/humble/share/ament_cmake/cmake)\n'}
[0.285556] (orbbec_description) StdoutLine: {'line': b'-- Detecting CXX compiler ABI info - done\n'}
[0.292723] (orbbec_description) StdoutLine: {'line': b'-- Check for working CXX compiler: /usr/bin/c++ - skipped\n'}
[0.292925] (orbbec_description) StdoutLine: {'line': b'-- Detecting CXX compile features\n'}
[0.293516] (orbbec_description) StdoutLine: {'line': b'-- Detecting CXX compile features - done\n'}
[0.296012] (orbbec_description) StdoutLine: {'line': b'-- Found ament_cmake: 1.3.14 (/opt/ros/humble/share/ament_cmake/cmake)\n'}
[0.300184] (-) TimerEvent: {}
[0.371737] (orbbec_camera_msgs) StdoutLine: {'line': b'-- Found Python3: /usr/bin/python3 (found version "3.10.12") found components: Interpreter \n'}
[0.400284] (-) TimerEvent: {}
[0.439886] (orbbec_description) StdoutLine: {'line': b'-- Found Python3: /usr/bin/python3 (found version "3.10.12") found components: Interpreter \n'}
[0.441822] (orbbec_camera_msgs) StdoutLine: {'line': b'-- Found rosidl_default_generators: 1.2.1 (/opt/ros/humble/share/rosidl_default_generators/cmake)\n'}
[0.443560] (orbbec_camera_msgs) StdoutLine: {'line': b'-- Using all available rosidl_typesupport_c: rosidl_typesupport_fastrtps_c;rosidl_typesupport_introspection_c\n'}
[0.447316] (orbbec_camera_msgs) StdoutLine: {'line': b'-- Found rosidl_adapter: 3.1.8 (/opt/ros/humble/share/rosidl_adapter/cmake)\n'}
[0.472880] (orbbec_camera_msgs) StdoutLine: {'line': b'-- Using all available rosidl_typesupport_cpp: rosidl_typesupport_fastrtps_cpp;rosidl_typesupport_introspection_cpp\n'}
[0.496590] (orbbec_camera_msgs) StdoutLine: {'line': b'-- Found sensor_msgs: 4.9.1 (/opt/ros/humble/share/sensor_msgs/cmake)\n'}
[0.500351] (-) TimerEvent: {}
[0.564348] (orbbec_description) StdoutLine: {'line': b'-- Configuring done\n'}
[0.565778] (orbbec_description) StdoutLine: {'line': b'-- Generating done\n'}
[0.566243] (orbbec_description) StderrLine: {'line': b'CMake Warning:\n'}
[0.566389] (orbbec_description) StderrLine: {'line': b'  Manually-specified variables were not used by the project:\n'}
[0.566458] (orbbec_description) StderrLine: {'line': b'\n'}
[0.566522] (orbbec_description) StderrLine: {'line': b'    INSTALL_UDEV_RULES\n'}
[0.566583] (orbbec_description) StderrLine: {'line': b'\n'}
[0.566642] (orbbec_description) StderrLine: {'line': b'\n'}
[0.566777] (orbbec_description) StdoutLine: {'line': b'-- Build files have been written to: /home/sophie/isaac_lab/isaac_ws/rl_code/soarm100sim/third_party/orbbec_v1_ws/build/orbbec_description\n'}
[0.569475] (orbbec_description) CommandEnded: {'returncode': 0}
[0.570178] (orbbec_description) JobProgress: {'identifier': 'orbbec_description', 'progress': 'build'}
[0.570603] (orbbec_description) Command: {'cmd': ['/usr/bin/cmake', '--build', '/home/sophie/isaac_lab/isaac_ws/rl_code/soarm100sim/third_party/orbbec_v1_ws/build/orbbec_description', '--', '-j32', '-l32'], 'cwd': '/home/sophie/isaac_lab/isaac_ws/rl_code/soarm100sim/third_party/orbbec_v1_ws/build/orbbec_description', 'env': OrderedDict([('USER', 'sophie'), ('SHLVL', '0'), ('LD_LIBRARY_PATH', '/usr/lib/x86_64-linux-gnu/gazebo-11/plugins:/opt/ros/humble/opt/rviz_ogre_vendor/lib:/opt/ros/humble/lib/x86_64-linux-gnu:/opt/ros/humble/lib'), ('HOME', '/home/sophie'), ('ROS_PYTHON_VERSION', '3'), ('ROS_DISTRO', 'humble'), ('_', '/usr/bin/colcon'), ('ROS_VERSION', '2'), ('ROS_LOCALHOST_ONLY', '0'), ('PATH', '/opt/ros/humble/bin:/usr/local/sbin:/usr/local/bin:/usr/sbin:/usr/bin:/sbin:/bin'), ('LANG', 'C.UTF-8'), ('AMENT_PREFIX_PATH', '/opt/ros/humble'), ('PWD', '/home/sophie/isaac_lab/isaac_ws/rl_code/soarm100sim/third_party/orbbec_v1_ws/build/orbbec_description'), ('PYTHONPATH', '/opt/ros/humble/lib/python3.10/site-packages:/opt/ros/humble/local/lib/python3.10/dist-packages'), ('COLCON', '1'), ('CMAKE_PREFIX_PATH', '/opt/ros/humble')]), 'shell': False}
[0.600504] (-) TimerEvent: {}
[0.700817] (-) TimerEvent: {}
[0.800972] (-) TimerEvent: {}
[0.829798] (orbbec_camera_msgs) StdoutLine: {'line': b'-- Found ament_cmake_ros: 0.10.0 (/opt/ros/humble/share/ament_cmake_ros/cmake)\n'}
[0.829972] (orbbec_description) CommandEnded: {'returncode': 0}
[0.830538] (orbbec_description) JobProgress: {'identifier': 'orbbec_description', 'progress': 'install'}
[0.838600] (orbbec_description) Command: {'cmd': ['/usr/bin/cmake', '--install', '/home/sophie/isaac_lab/isaac_ws/rl_code/soarm100sim/third_party/orbbec_v1_ws/build/orbbec_description'], 'cwd': '/home/sophie/isaac_lab/isaac_ws/rl_code/soarm100sim/third_party/orbbec_v1_ws/build/orbbec_description', 'env': OrderedDict([('USER', 'sophie'), ('SHLVL', '0'), ('LD_LIBRARY_PATH', '/usr/lib/x86_64-linux-gnu/gazebo-11/plugins:/opt/ros/humble/opt/rviz_ogre_vendor/lib:/opt/ros/humble/lib/x86_64-linux-gnu:/opt/ros/humble/lib'), ('HOME', '/home/sophie'), ('ROS_PYTHON_VERSION', '3'), ('ROS_DISTRO', 'humble'), ('_', '/usr/bin/colcon'), ('ROS_VERSION', '2'), ('ROS_LOCALHOST_ONLY', '0'), ('PATH', '/opt/ros/humble/bin:/usr/local/sbin:/usr/local/bin:/usr/sbin:/usr/bin:/sbin:/bin'), ('LANG', 'C.UTF-8'), ('AMENT_PREFIX_PATH', '/opt/ros/humble'), ('PWD', '/home/sophie/isaac_lab/isaac_ws/rl_code/soarm100sim/third_party/orbbec_v1_ws/build/orbbec_description'), ('PYTHONPATH', '/opt/ros/humble/lib/python3.10/site-packages:/opt/ros/humble/local/lib/python3.10/dist-packages'), ('COLCON', '1'), ('CMAKE_PREFIX_PATH', '/opt/ros/humble')]), 'shell': False}
[0.845034] (orbbec_description) StdoutLine: {'line': b'-- Install configuration: "Release"\n'}
[0.845137] (orbbec_description) StdoutLine: {'line': b'-- Installing: /home/sophie/isaac_lab/isaac_ws/rl_code/soarm100sim/third_party/orbbec_v1_ws/install/orbbec_description/share/orbbec_description/launch\n'}
[0.845205] (orbbec_description) StdoutLine: {'line': b'-- Installing: /home/sophie/isaac_lab/isaac_ws/rl_code/soarm100sim/third_party/orbbec_v1_ws/install/orbbec_description/share/orbbec_description/launch/launch_utils.py\n'}
[0.845405] (orbbec_description) StdoutLine: {'line': b'-- Installing: /home/sophie/isaac_lab/isaac_ws/rl_code/soarm100sim/third_party/orbbec_v1_ws/install/orbbec_description/share/orbbec_description/launch/view_model.launch.py\n'}
[0.845533] (orbbec_description) StdoutLine: {'line': b'-- Installing: /home/sophie/isaac_lab/isaac_ws/rl_code/soarm100sim/third_party/orbbec_v1_ws/install/orbbec_description/share/orbbec_description/meshes\n'}
[0.845601] (orbbec_description) StdoutLine: {'line': b'-- Installing: /home/sophie/isaac_lab/isaac_ws/rl_code/soarm100sim/third_party/orbbec_v1_ws/install/orbbec_description/share/orbbec_description/meshes/astra2\n'}
[0.845725] (orbbec_description) StdoutLine: {'line': b'-- Installing: /home/sophie/isaac_lab/isaac_ws/rl_code/soarm100sim/third_party/orbbec_v1_ws/install/orbbec_description/share/orbbec_description/meshes/astra2/camera_bottom_screw_frame.STL\n'}
[0.845805] (orbbec_description) StdoutLine: {'line': b'-- Installing: /home/sophie/isaac_lab/isaac_ws/rl_code/soarm100sim/third_party/orbbec_v1_ws/install/orbbec_description/share/orbbec_description/meshes/astra2/camera_depth_optical_frame.STL\n'}
[0.845868] (orbbec_description) StdoutLine: {'line': b'-- Installing: /home/sophie/isaac_lab/isaac_ws/rl_code/soarm100sim/third_party/orbbec_v1_ws/install/orbbec_description/share/orbbec_description/meshes/astra2/camera_color_optical_frame.STL\n'}
[0.845935] (orbbec_description) StdoutLine: {'line': b'-- Installing: /home/sophie/isaac_lab/isaac_ws/rl_code/soarm100sim/third_party/orbbec_v1_ws/install/orbbec_description/share/orbbec_description/meshes/astra2/base_link.STL\n'}
[0.848564] (orbbec_description) StdoutLine: {'line': b'-- Installing: /home/sophie/isaac_lab/isaac_ws/rl_code/soarm100sim/third_party/orbbec_v1_ws/install/orbbec_description/share/orbbec_description/meshes/astra2/camera_colorl_frame.STL\n'}
[0.849043] (orbbec_description) StdoutLine: {'line': b'-- Installing: /home/sophie/isaac_lab/isaac_ws/rl_code/soarm100sim/third_party/orbbec_v1_ws/install/orbbec_description/share/orbbec_description/meshes/astra2/camera_infra1_frame.STL\n'}
[0.849288] (orbbec_description) StdoutLine: {'line': b'-- Installing: /home/sophie/isaac_lab/isaac_ws/rl_code/soarm100sim/third_party/orbbec_v1_ws/install/orbbec_description/share/orbbec_description/meshes/astra2/camera_depth_frame.STL\n'}
[0.849500] (orbbec_description) StdoutLine: {'line': b'-- Installing: /home/sophie/isaac_lab/isaac_ws/rl_code/soarm100sim/third_party/orbbec_v1_ws/install/orbbec_description/share/orbbec_description/meshes/astra2/camera_infra1_optical_frame.STL\n'}
[0.849700] (orbbec_description) StdoutLine: {'line': b'-- Installing: /home/sophie/isaac_lab/isaac_ws/rl_code/soarm100sim/third_party/orbbec_v1_ws/install/orbbec_description/share/orbbec_description/meshes/gemini335L_336L\n'}
[0.849862] (orbbec_description) StdoutLine: {'line': b'-- Installing: /home/sophie/isaac_lab/isaac_ws/rl_code/soarm100sim/third_party/orbbec_v1_ws/install/orbbec_description/share/orbbec_description/meshes/gemini335L_336L/camera_IMU_frame.STL\n'}
[0.849965] (orbbec_description) StdoutLine: {'line': b'-- Installing: /home/sophie/isaac_lab/isaac_ws/rl_code/soarm100sim/third_party/orbbec_v1_ws/install/orbbec_description/share/orbbec_description/meshes/gemini335L_336L/camera_color_screw_frame.STL\n'}
[0.850804] (orbbec_description) StdoutLine: {'line': b'-- Installing: /home/sophie/isaac_lab/isaac_ws/rl_code/soarm100sim/third_party/orbbec_v1_ws/install/orbbec_description/share/orbbec_description/meshes/gemini335L_336L/camera_color_optical_frame.STL\n'}
[0.850988] (orbbec_description) StdoutLine: {'line': b'-- Installing: /home/sophie/isaac_lab/isaac_ws/rl_code/soarm100sim/third_party/orbbec_v1_ws/install/orbbec_description/share/orbbec_description/meshes/gemini335L_336L/base_link.STL\n'}
[0.853692] (orbbec_description) StdoutLine: {'line': b'-- Installing: /home/sophie/isaac_lab/isaac_ws/rl_code/soarm100sim/third_party/orbbec_v1_ws/install/orbbec_description/share/orbbec_description/meshes/gemini335L_336L/camera_infra2_optical_frame.STL\n'}
[0.853864] (orbbec_description) StdoutLine: {'line': b'-- Installing: /home/sophie/isaac_lab/isaac_ws/rl_code/soarm100sim/third_party/orbbec_v1_ws/install/orbbec_description/share/orbbec_description/meshes/gemini335L_336L/camera_color_frame.STL\n'}
[0.854069] (orbbec_description) StdoutLine: {'line': b'-- Installing: /home/sophie/isaac_lab/isaac_ws/rl_code/soarm100sim/third_party/orbbec_v1_ws/install/orbbec_description/share/orbbec_description/meshes/gemini335L_336L/camera_infra1_frame.STL\n'}
[0.854292] (orbbec_description) StdoutLine: {'line': b'-- Installing: /home/sophie/isaac_lab/isaac_ws/rl_code/soarm100sim/third_party/orbbec_v1_ws/install/orbbec_description/share/orbbec_description/meshes/gemini335L_336L/camera_depth_frame.STL\n'}
[0.854516] (orbbec_description) StdoutLine: {'line': b'-- Installing: /home/sophie/isaac_lab/isaac_ws/rl_code/soarm100sim/third_party/orbbec_v1_ws/install/orbbec_description/share/orbbec_description/meshes/gemini335L_336L/camera_infra2_frame.STL\n'}
[0.854819] (orbbec_description) StdoutLine: {'line': b'-- Installing: /home/sophie/isaac_lab/isaac_ws/rl_code/soarm100sim/third_party/orbbec_v1_ws/install/orbbec_description/share/orbbec_description/meshes/gemini335L_336L/camera_infra1_optical_frame.STL\n'}
[0.854945] (orbbec_description) StdoutLine: {'line': b'-- Installing: /home/sophie/isaac_lab/isaac_ws/rl_code/soarm100sim/third_party/orbbec_v1_ws/install/orbbec_description/share/orbbec_description/meshes/femto_bolt\n'}
[0.855045] (orbbec_description) StdoutLine: {'line': b'-- Installing: /home/sophie/isaac_lab/isaac_ws/rl_code/soarm100sim/third_party/orbbec_v1_ws/install/orbbec_description/share/orbbec_description/meshes/femto_bolt/femto_bolt.stl\n'}
[0.855302] (orbbec_description) StdoutLine: {'line': b'-- Installing: /home/sophie/isaac_lab/isaac_ws/rl_code/soarm100sim/third_party/orbbec_v1_ws/install/orbbec_description/share/orbbec_description/meshes/gemini2l\n'}
[0.855439] (orbbec_description) StdoutLine: {'line': b'-- Installing: /home/sophie/isaac_lab/isaac_ws/rl_code/soarm100sim/third_party/orbbec_v1_ws/install/orbbec_description/share/orbbec_description/meshes/gemini2l/camera_imu_frame.STL\n'}
[0.855474] (orbbec_description) StdoutLine: {'line': b'-- Installing: /home/sophie/isaac_lab/isaac_ws/rl_code/soarm100sim/third_party/orbbec_v1_ws/install/orbbec_description/share/orbbec_description/meshes/gemini2l/camera_IR1_optical_frame.STL\n'}
[0.855568] (orbbec_description) StdoutLine: {'line': b'-- Installing: /home/sophie/isaac_lab/isaac_ws/rl_code/soarm100sim/third_party/orbbec_v1_ws/install/orbbec_description/share/orbbec_description/meshes/gemini2l/camera_bottom_screw_frame.STL\n'}
[0.856800] (orbbec_description) StdoutLine: {'line': b'-- Installing: /home/sophie/isaac_lab/isaac_ws/rl_code/soarm100sim/third_party/orbbec_v1_ws/install/orbbec_description/share/orbbec_description/meshes/gemini2l/base_link.STL\n'}
[0.856955] (orbbec_description) StdoutLine: {'line': b'-- Installing: /home/sophie/isaac_lab/isaac_ws/rl_code/soarm100sim/third_party/orbbec_v1_ws/install/orbbec_description/share/orbbec_description/meshes/gemini2l/camera_IR2_optical_frame.STL\n'}
[0.857071] (orbbec_description) StdoutLine: {'line': b'-- Installing: /home/sophie/isaac_lab/isaac_ws/rl_code/soarm100sim/third_party/orbbec_v1_ws/install/orbbec_description/share/orbbec_description/meshes/gemini2l/camera_IR1_frame.STL\n'}
[0.857264] (orbbec_description) StdoutLine: {'line': b'-- Installing: /home/sophie/isaac_lab/isaac_ws/rl_code/soarm100sim/third_party/orbbec_v1_ws/install/orbbec_description/share/orbbec_description/meshes/gemini2l/camera_color_frame.STL\n'}
[0.857360] (orbbec_description) StdoutLine: {'line': b'-- Installing: /home/sophie/isaac_lab/isaac_ws/rl_code/soarm100sim/third_party/orbbec_v1_ws/install/orbbec_description/share/orbbec_description/meshes/gemini2l/camera_rgb_optical_frame.STL\n'}
[0.857459] (orbbec_description) StdoutLine: {'line': b'-- Installing: /home/sophie/isaac_lab/isaac_ws/rl_code/soarm100sim/third_party/orbbec_v1_ws/install/orbbec_description/share/orbbec_description/meshes/gemini2l/camera_depth_frame.STL\n'}
[0.857636] (orbbec_description) StdoutLine: {'line': b'-- Installing: /home/sophie/isaac_lab/isaac_ws/rl_code/soarm100sim/third_party/orbbec_v1_ws/install/orbbec_description/share/orbbec_description/meshes/gemini2l/camera_IR2_frame.STL\n'}
[0.857739] (orbbec_description) StdoutLine: {'line': b'-- Installing: /home/sophie/isaac_lab/isaac_ws/rl_code/soarm100sim/third_party/orbbec_v1_ws/install/orbbec_description/share/orbbec_description/meshes/gemini335_336\n'}
[0.857805] (orbbec_description) StdoutLine: {'line': b'-- Installing: /home/sophie/isaac_lab/isaac_ws/rl_code/soarm100sim/third_party/orbbec_v1_ws/install/orbbec_description/share/orbbec_description/meshes/gemini335_336/camera_left_ir_optical_frame.STL\n'}
[0.857996] (orbbec_description) StdoutLine: {'line': b'-- Installing: /home/sophie/isaac_lab/isaac_ws/rl_code/soarm100sim/third_party/orbbec_v1_ws/install/orbbec_description/share/orbbec_description/meshes/gemini335_336/camera_bottom_screw_frame.STL\n'}
[0.858659] (orbbec_description) StdoutLine: {'line': b'-- Installing: /home/sophie/isaac_lab/isaac_ws/rl_code/soarm100sim/third_party/orbbec_v1_ws/install/orbbec_description/share/orbbec_description/meshes/gemini335_336/camera_right_ir_optical_frame.STL\n'}
[0.858855] (orbbec_description) StdoutLine: {'line': b'-- Installing: /home/sophie/isaac_lab/isaac_ws/rl_code/soarm100sim/third_party/orbbec_v1_ws/install/orbbec_description/share/orbbec_description/meshes/gemini335_336/camera_depth_optical_frame.STL\n'}
[0.859052] (orbbec_description) StdoutLine: {'line': b'-- Installing: /home/sophie/isaac_lab/isaac_ws/rl_code/soarm100sim/third_party/orbbec_v1_ws/install/orbbec_description/share/orbbec_description/meshes/gemini335_336/camera_left_ir_frame.STL\n'}
[0.859260] (orbbec_description) StdoutLine: {'line': b'-- Installing: /home/sophie/isaac_lab/isaac_ws/rl_code/soarm100sim/third_party/orbbec_v1_ws/install/orbbec_description/share/orbbec_description/meshes/gemini335_336/camera_color_optical_frame.STL\n'}
[0.859490] (orbbec_description) StdoutLine: {'line': b'-- Installing: /home/sophie/isaac_lab/isaac_ws/rl_code/soarm100sim/third_party/orbbec_v1_ws/install/orbbec_description/share/orbbec_description/meshes/gemini335_336/camera_link.STL\n'}
[0.860825] (orbbec_description) StdoutLine: {'line': b'-- Installing: /home/sophie/isaac_lab/isaac_ws/rl_code/soarm100sim/third_party/orbbec_v1_ws/install/orbbec_description/share/orbbec_description/meshes/gemini335_336/camera_color_frame.STL\n'}
[0.861029] (orbbec_description) StdoutLine: {'line': b'-- Installing: /home/sophie/isaac_lab/isaac_ws/rl_code/soarm100sim/third_party/orbbec_v1_ws/install/orbbec_description/share/orbbec_description/meshes/gemini335_336/camera_right_ir_frame.STL\n'}
[0.861242] (orbbec_description) StdoutLine: {'line': b'-- Installing: /home/sophie/isaac_lab/isaac_ws/rl_code/soarm100sim/third_party/orbbec_v1_ws/install/orbbec_description/share/orbbec_description/meshes/gemini335_336/camera_depth_frame.STL\n'}
[0.861458] (orbbec_description) StdoutLine: {'line': b'-- Installing: /home/sophie/isaac_lab/isaac_ws/rl_code/soarm100sim/third_party/orbbec_v1_ws/install/orbbec_description/share/orbbec_description/meshes/AstraPlus.stl\n'}
[0.877989] (orbbec_description) StdoutLine: {'line': b'-- Installing: /home/sophie/isaac_lab/isaac_ws/rl_code/soarm100sim/third_party/orbbec_v1_ws/install/orbbec_description/share/orbbec_description/meshes/gemini2\n'}
[0.878138] (orbbec_description) StdoutLine: {'line': b'-- Installing: /home/sophie/isaac_lab/isaac_ws/rl_code/soarm100sim/third_party/orbbec_v1_ws/install/orbbec_description/share/orbbec_description/meshes/gemini2/camera_botter_screw_frame.STL\n'}
[0.878504] (orbbec_description) StdoutLine: {'line': b'-- Installing: /home/sophie/isaac_lab/isaac_ws/rl_code/soarm100sim/third_party/orbbec_v1_ws/install/orbbec_description/share/orbbec_description/meshes/gemini2/camera_color_optical_frame.STL\n'}
[0.878662] (orbbec_description) StdoutLine: {'line': b'-- Installing: /home/sophie/isaac_lab/isaac_ws/rl_code/soarm100sim/third_party/orbbec_v1_ws/install/orbbec_description/share/orbbec_description/meshes/gemini2/base_link.STL\n'}
[0.880043] (orbbec_description) StdoutLine: {'line': b'-- Installing: /home/sophie/isaac_lab/isaac_ws/rl_code/soarm100sim/third_party/orbbec_v1_ws/install/orbbec_description/share/orbbec_description/meshes/gemini2/camera_infra2_optical_frame.STL\n'}
[0.880272] (orbbec_description) StdoutLine: {'line': b'-- Installing: /home/sophie/isaac_lab/isaac_ws/rl_code/soarm100sim/third_party/orbbec_v1_ws/install/orbbec_description/share/orbbec_description/meshes/gemini2/camera_color_frame.STL\n'}
[0.880540] (orbbec_description) StdoutLine: {'line': b'-- Installing: /home/sophie/isaac_lab/isaac_ws/rl_code/soarm100sim/third_party/orbbec_v1_ws/install/orbbec_description/share/orbbec_description/meshes/gemini2/camera_infra1_frame.STL\n'}
[0.880748] (orbbec_description) StdoutLine: {'line': b'-- Installing: /home/sophie/isaac_lab/isaac_ws/rl_code/soarm100sim/third_party/orbbec_v1_ws/install/orbbec_description/share/orbbec_description/meshes/gemini2/camera_depth_frame.STL\n'}
[0.880963] (orbbec_description) StdoutLine: {'line': b'-- Installing: /home/sophie/isaac_lab/isaac_ws/rl_code/soarm100sim/third_party/orbbec_v1_ws/install/orbbec_description/share/orbbec_description/meshes/gemini2/camera_infra2_frame.STL\n'}
[0.881183] (orbbec_description) StdoutLine: {'line': b'-- Installing: /home/sophie/isaac_lab/isaac_ws/rl_code/soarm100sim/third_party/orbbec_v1_ws/install/orbbec_description/share/orbbec_description/meshes/gemini2/camera_infra1_optical_frame.STL\n'}
[0.881410] (orbbec_description) StdoutLine: {'line': b'-- Installing: /home/sophie/isaac_lab/isaac_ws/rl_code/soarm100sim/third_party/orbbec_v1_ws/install/orbbec_description/share/orbbec_description/urdf\n'}
[0.881582] (orbbec_description) StdoutLine: {'line': b'-- Installing: /home/sophie/isaac_lab/isaac_ws/rl_code/soarm100sim/third_party/orbbec_v1_ws/install/orbbec_description/share/orbbec_description/urdf/test_femto_bolt.urdf.xacro\n'}
[0.881748] (orbbec_description) StdoutLine: {'line': b'-- Installing: /home/sophie/isaac_lab/isaac_ws/rl_code/soarm100sim/third_party/orbbec_v1_ws/install/orbbec_description/share/orbbec_description/urdf/test_gemini335L.urdf.xacro\n'}
[0.881863] (orbbec_description) StdoutLine: {'line': b'-- Installing: /home/sophie/isaac_lab/isaac_ws/rl_code/soarm100sim/third_party/orbbec_v1_ws/install/orbbec_description/share/orbbec_description/urdf/test_gemini2.urdf.xacro\n'}
[0.882019] (orbbec_description) StdoutLine: {'line': b'-- Installing: /home/sophie/isaac_lab/isaac_ws/rl_code/soarm100sim/third_party/orbbec_v1_ws/install/orbbec_description/share/orbbec_description/urdf/gemini335L_336L.urdf.xacro\n'}
[0.882152] (orbbec_description) StdoutLine: {'line': b'-- Installing: /home/sophie/isaac_lab/isaac_ws/rl_code/soarm100sim/third_party/orbbec_v1_ws/install/orbbec_description/share/orbbec_description/urdf/test_gemini_335.urdf.xarco\n'}
[0.882246] (orbbec_description) StdoutLine: {'line': b'-- Installing: /home/sophie/isaac_lab/isaac_ws/rl_code/soarm100sim/third_party/orbbec_v1_ws/install/orbbec_description/share/orbbec_description/urdf/test_gemini2L.urdf.xacro\n'}
[0.882320] (orbbec_description) StdoutLine: {'line': b'-- Installing: /home/sophie/isaac_lab/isaac_ws/rl_code/soarm100sim/third_party/orbbec_v1_ws/install/orbbec_description/share/orbbec_description/urdf/gemini_335_336.urdf.xacro\n'}
[0.882405] (orbbec_description) StdoutLine: {'line': b'-- Installing: /home/sophie/isaac_lab/isaac_ws/rl_code/soarm100sim/third_party/orbbec_v1_ws/install/orbbec_description/share/orbbec_description/urdf/test_gemini336L.urdf.xacro\n'}
[0.882529] (orbbec_description) StdoutLine: {'line': b'-- Installing: /home/sophie/isaac_lab/isaac_ws/rl_code/soarm100sim/third_party/orbbec_v1_ws/install/orbbec_description/share/orbbec_description/urdf/gemini2L.urdf.xacro\n'}
[0.882648] (orbbec_description) StdoutLine: {'line': b'-- Installing: /home/sophie/isaac_lab/isaac_ws/rl_code/soarm100sim/third_party/orbbec_v1_ws/install/orbbec_description/share/orbbec_description/urdf/test_gemini_336.urdf.xarco\n'}
[0.882772] (orbbec_description) StdoutLine: {'line': b'-- Installing: /home/sophie/isaac_lab/isaac_ws/rl_code/soarm100sim/third_party/orbbec_v1_ws/install/orbbec_description/share/orbbec_description/urdf/gemini2.urdf.xacro\n'}
[0.882921] (orbbec_description) StdoutLine: {'line': b'-- Installing: /home/sophie/isaac_lab/isaac_ws/rl_code/soarm100sim/third_party/orbbec_v1_ws/install/orbbec_description/share/orbbec_description/urdf/femto_bolt.urdf.xacro\n'}
[0.883025] (orbbec_description) StdoutLine: {'line': b'-- Installing: /home/sophie/isaac_lab/isaac_ws/rl_code/soarm100sim/third_party/orbbec_v1_ws/install/orbbec_description/share/orbbec_description/urdf/astra2.urdf.xacro\n'}
[0.883159] (orbbec_description) StdoutLine: {'line': b'-- Installing: /home/sophie/isaac_lab/isaac_ws/rl_code/soarm100sim/third_party/orbbec_v1_ws/install/orbbec_description/share/orbbec_description/urdf/test_astra2.urdf.xacro\n'}
[0.883277] (orbbec_description) StdoutLine: {'line': b'-- Installing: /home/sophie/isaac_lab/isaac_ws/rl_code/soarm100sim/third_party/orbbec_v1_ws/install/orbbec_description/share/orbbec_description/rviz\n'}
[0.883344] (orbbec_description) StdoutLine: {'line': b'-- Installing: /home/sophie/isaac_lab/isaac_ws/rl_code/soarm100sim/third_party/orbbec_v1_ws/install/orbbec_description/share/orbbec_description/rviz/urdf.rviz\n'}
[0.883405] (orbbec_description) StdoutLine: {'line': b'-- Installing: /home/sophie/isaac_lab/isaac_ws/rl_code/soarm100sim/third_party/orbbec_v1_ws/install/orbbec_description/share/ament_index/resource_index/package_run_dependencies/orbbec_description\n'}
[0.883467] (orbbec_description) StdoutLine: {'line': b'-- Installing: /home/sophie/isaac_lab/isaac_ws/rl_code/soarm100sim/third_party/orbbec_v1_ws/install/orbbec_description/share/ament_index/resource_index/parent_prefix_path/orbbec_description\n'}
[0.883527] (orbbec_description) StdoutLine: {'line': b'-- Installing: /home/sophie/isaac_lab/isaac_ws/rl_code/soarm100sim/third_party/orbbec_v1_ws/install/orbbec_description/share/orbbec_description/environment/ament_prefix_path.sh\n'}
[0.883588] (orbbec_description) StdoutLine: {'line': b'-- Installing: /home/sophie/isaac_lab/isaac_ws/rl_code/soarm100sim/third_party/orbbec_v1_ws/install/orbbec_description/share/orbbec_description/environment/ament_prefix_path.dsv\n'}
[0.883649] (orbbec_description) StdoutLine: {'line': b'-- Installing: /home/sophie/isaac_lab/isaac_ws/rl_code/soarm100sim/third_party/orbbec_v1_ws/install/orbbec_description/share/orbbec_description/environment/path.sh\n'}
[0.883711] (orbbec_description) StdoutLine: {'line': b'-- Installing: /home/sophie/isaac_lab/isaac_ws/rl_code/soarm100sim/third_party/orbbec_v1_ws/install/orbbec_description/share/orbbec_description/environment/path.dsv\n'}
[0.883773] (orbbec_description) StdoutLine: {'line': b'-- Installing: /home/sophie/isaac_lab/isaac_ws/rl_code/soarm100sim/third_party/orbbec_v1_ws/install/orbbec_description/share/orbbec_description/local_setup.bash\n'}
[0.883834] (orbbec_description) StdoutLine: {'line': b'-- Installing: /home/sophie/isaac_lab/isaac_ws/rl_code/soarm100sim/third_party/orbbec_v1_ws/install/orbbec_description/share/orbbec_description/local_setup.sh\n'}
[0.883893] (orbbec_description) StdoutLine: {'line': b'-- Installing: /home/sophie/isaac_lab/isaac_ws/rl_code/soarm100sim/third_party/orbbec_v1_ws/install/orbbec_description/share/orbbec_description/local_setup.zsh\n'}
[0.883966] (orbbec_description) StdoutLine: {'line': b'-- Installing: /home/sophie/isaac_lab/isaac_ws/rl_code/soarm100sim/third_party/orbbec_v1_ws/install/orbbec_description/share/orbbec_description/local_setup.dsv\n'}
[0.884388] (orbbec_description) StdoutLine: {'line': b'-- Installing: /home/sophie/isaac_lab/isaac_ws/rl_code/soarm100sim/third_party/orbbec_v1_ws/install/orbbec_description/share/orbbec_description/package.dsv\n'}
[0.884461] (orbbec_description) StdoutLine: {'line': b'-- Installing: /home/sophie/isaac_lab/isaac_ws/rl_code/soarm100sim/third_party/orbbec_v1_ws/install/orbbec_description/share/ament_index/resource_index/packages/orbbec_description\n'}
[0.884521] (orbbec_description) StdoutLine: {'line': b'-- Installing: /home/sophie/isaac_lab/isaac_ws/rl_code/soarm100sim/third_party/orbbec_v1_ws/install/orbbec_description/share/orbbec_description/cmake/orbbec_descriptionConfig.cmake\n'}
[0.884580] (orbbec_description) StdoutLine: {'line': b'-- Installing: /home/sophie/isaac_lab/isaac_ws/rl_code/soarm100sim/third_party/orbbec_v1_ws/install/orbbec_description/share/orbbec_description/cmake/orbbec_descriptionConfig-version.cmake\n'}
[0.884638] (orbbec_description) StdoutLine: {'line': b'-- Installing: /home/sophie/isaac_lab/isaac_ws/rl_code/soarm100sim/third_party/orbbec_v1_ws/install/orbbec_description/share/orbbec_description/package.xml\n'}
[0.901075] (-) TimerEvent: {}
[1.001246] (-) TimerEvent: {}
[1.061533] (orbbec_camera_msgs) StdoutLine: {'line': b'-- Using all available rosidl_typesupport_c: rosidl_typesupport_fastrtps_c;rosidl_typesupport_introspection_c\n'}
[1.061761] (orbbec_description) CommandEnded: {'returncode': 0}
[1.071494] (orbbec_description) JobEnded: {'identifier': 'orbbec_description', 'rc': 0}
[1.101368] (-) TimerEvent: {}
[1.201565] (-) TimerEvent: {}
[1.301729] (-) TimerEvent: {}
[1.374540] (orbbec_camera_msgs) StdoutLine: {'line': b'-- Using all available rosidl_typesupport_cpp: rosidl_typesupport_fastrtps_cpp;rosidl_typesupport_introspection_cpp\n'}
[1.397070] (orbbec_camera_msgs) StdoutLine: {'line': b'-- Found PythonInterp: /usr/bin/python3 (found suitable version "3.10.12", minimum required is "3.6") \n'}
[1.398669] (orbbec_camera_msgs) StdoutLine: {'line': b'-- Found python_cmake_module: 0.10.0 (/opt/ros/humble/share/python_cmake_module/cmake)\n'}
[1.401817] (-) TimerEvent: {}
[1.429012] (orbbec_camera_msgs) StdoutLine: {'line': b'-- Found PythonLibs: /usr/lib/x86_64-linux-gnu/libpython3.10.so (found suitable version "3.10.12", minimum required is "3.5") \n'}
[1.429186] (orbbec_camera_msgs) StdoutLine: {'line': b'-- Using PYTHON_EXECUTABLE: /usr/bin/python3\n'}
[1.429264] (orbbec_camera_msgs) StdoutLine: {'line': b'-- Using PYTHON_INCLUDE_DIRS: /usr/include/python3.10\n'}
[1.429336] (orbbec_camera_msgs) StdoutLine: {'line': b'-- Using PYTHON_LIBRARIES: /usr/lib/x86_64-linux-gnu/libpython3.10.so\n'}
[1.451918] (orbbec_camera_msgs) StdoutLine: {'line': b'-- Found PythonExtra: .so  \n'}
[1.501960] (-) TimerEvent: {}
[1.581723] (orbbec_camera_msgs) StdoutLine: {'line': b'-- Found ament_lint_auto: 0.12.15 (/opt/ros/humble/share/ament_lint_auto/cmake)\n'}
[1.593735] (orbbec_camera_msgs) StdoutLine: {'line': b"-- Added test 'copyright' to check source files copyright and LICENSE\n"}
[1.595010] (orbbec_camera_msgs) StdoutLine: {'line': b"-- Added test 'lint_cmake' to check CMake code style\n"}
[1.595756] (orbbec_camera_msgs) StdoutLine: {'line': b"-- Added test 'xmllint' to check XML markup files\n"}
[1.597082] (orbbec_camera_msgs) StdoutLine: {'line': b'-- Configuring done\n'}
[1.602050] (-) TimerEvent: {}
[1.635652] (orbbec_camera_msgs) StdoutLine: {'line': b'-- Generating done\n'}
[1.637068] (orbbec_camera_msgs) StderrLine: {'line': b'CMake Warning:\n'}
[1.637162] (orbbec_camera_msgs) StderrLine: {'line': b'  Manually-specified variables were not used by the project:\n'}
[1.637224] (orbbec_camera_msgs) StderrLine: {'line': b'\n'}
[1.637282] (orbbec_camera_msgs) StderrLine: {'line': b'    INSTALL_UDEV_RULES\n'}
[1.637339] (orbbec_camera_msgs) StderrLine: {'line': b'\n'}
[1.637397] (orbbec_camera_msgs) StderrLine: {'line': b'\n'}
[1.645187] (orbbec_camera_msgs) StdoutLine: {'line': b'-- Build files have been written to: /home/sophie/isaac_lab/isaac_ws/rl_code/soarm100sim/third_party/orbbec_v1_ws/build/orbbec_camera_msgs\n'}
[1.651573] (orbbec_camera_msgs) CommandEnded: {'returncode': 0}
[1.652102] (orbbec_camera_msgs) JobProgress: {'identifier': 'orbbec_camera_msgs', 'progress': 'build'}
[1.652421] (orbbec_camera_msgs) Command: {'cmd': ['/usr/bin/cmake', '--build', '/home/sophie/isaac_lab/isaac_ws/rl_code/soarm100sim/third_party/orbbec_v1_ws/build/orbbec_camera_msgs', '--', '-j32', '-l32'], 'cwd': '/home/sophie/isaac_lab/isaac_ws/rl_code/soarm100sim/third_party/orbbec_v1_ws/build/orbbec_camera_msgs', 'env': OrderedDict([('USER', 'sophie'), ('SHLVL', '0'), ('LD_LIBRARY_PATH', '/usr/lib/x86_64-linux-gnu/gazebo-11/plugins:/opt/ros/humble/opt/rviz_ogre_vendor/lib:/opt/ros/humble/lib/x86_64-linux-gnu:/opt/ros/humble/lib'), ('HOME', '/home/sophie'), ('ROS_PYTHON_VERSION', '3'), ('ROS_DISTRO', 'humble'), ('_', '/usr/bin/colcon'), ('ROS_VERSION', '2'), ('ROS_LOCALHOST_ONLY', '0'), ('PATH', '/opt/ros/humble/bin:/usr/local/sbin:/usr/local/bin:/usr/sbin:/usr/bin:/sbin:/bin'), ('LANG', 'C.UTF-8'), ('AMENT_PREFIX_PATH', '/opt/ros/humble'), ('PWD', '/home/sophie/isaac_lab/isaac_ws/rl_code/soarm100sim/third_party/orbbec_v1_ws/build/orbbec_camera_msgs'), ('PYTHONPATH', '/opt/ros/humble/lib/python3.10/site-packages:/opt/ros/humble/local/lib/python3.10/dist-packages'), ('COLCON', '1'), ('CMAKE_PREFIX_PATH', '/opt/ros/humble')]), 'shell': False}
[1.688153] (orbbec_camera_msgs) StdoutLine: {'line': b'[  1%] Generating C code for ROS interfaces\n'}
[1.698553] (orbbec_camera_msgs) StdoutLine: {'line': b'[  2%] Generating Rust code for ROS interfaces\n'}
[1.699896] (orbbec_camera_msgs) StdoutLine: {'line': b'[  2%] Generating C++ code for ROS interfaces\n'}
[1.702122] (-) TimerEvent: {}
[1.702810] (orbbec_camera_msgs) StdoutLine: {'line': b'[  2%] Built target ament_cmake_python_copy_orbbec_camera_msgs\n'}
[1.802219] (-) TimerEvent: {}
[1.863038] (orbbec_camera_msgs) StdoutLine: {'line': b'running egg_info\n'}
[1.863356] (orbbec_camera_msgs) StdoutLine: {'line': b'creating orbbec_camera_msgs.egg-info\n'}
[1.863446] (orbbec_camera_msgs) StdoutLine: {'line': b'writing orbbec_camera_msgs.egg-info/PKG-INFO\n'}
[1.863687] (orbbec_camera_msgs) StdoutLine: {'line': b'writing dependency_links to orbbec_camera_msgs.egg-info/dependency_links.txt\n'}
[1.863775] (orbbec_camera_msgs) StdoutLine: {'line': b'writing top-level names to orbbec_camera_msgs.egg-info/top_level.txt\n'}
[1.863840] (orbbec_camera_msgs) StdoutLine: {'line': b"writing manifest file 'orbbec_camera_msgs.egg-info/SOURCES.txt'\n"}
[1.865077] (orbbec_camera_msgs) StdoutLine: {'line': b"reading manifest file 'orbbec_camera_msgs.egg-info/SOURCES.txt'\n"}
[1.865381] (orbbec_camera_msgs) StdoutLine: {'line': b"writing manifest file 'orbbec_camera_msgs.egg-info/SOURCES.txt'\n"}
[1.884483] (orbbec_camera_msgs) StdoutLine: {'line': b'[  2%] Built target ament_cmake_python_build_orbbec_camera_msgs_egg\n'}
[1.902329] (-) TimerEvent: {}
[1.961475] (orbbec_camera_msgs) StdoutLine: {'line': b'[  2%] Built target orbbec_camera_msgs__rs\n'}
[2.002410] (-) TimerEvent: {}
[2.102583] (-) TimerEvent: {}
[2.202757] (-) TimerEvent: {}
[2.274010] (orbbec_camera_msgs) StdoutLine: {'line': b'[  2%] Building C object CMakeFiles/orbbec_camera_msgs__rosidl_generator_c.dir/rosidl_generator_c/orbbec_camera_msgs/srv/detail/get_string__functions.c.o\n'}
[2.274547] (orbbec_camera_msgs) StdoutLine: {'line': b'[  3%] Building C object CMakeFiles/orbbec_camera_msgs__rosidl_generator_c.dir/rosidl_generator_c/orbbec_camera_msgs/srv/detail/set_int32__functions.c.o\n'}
[2.274662] (orbbec_camera_msgs) StdoutLine: {'line': b'[  4%] Building C object CMakeFiles/orbbec_camera_msgs__rosidl_generator_c.dir/rosidl_generator_c/orbbec_camera_msgs/msg/detail/extrinsics__functions.c.o\n'}
[2.274778] (orbbec_camera_msgs) StdoutLine: {'line': b'[  6%] Building C object CMakeFiles/orbbec_camera_msgs__rosidl_generator_c.dir/rosidl_generator_c/orbbec_camera_msgs/msg/detail/metadata__functions.c.o\n'}
[2.274863] (orbbec_camera_msgs) StdoutLine: {'line': b'[  6%] Building C object CMakeFiles/orbbec_camera_msgs__rosidl_generator_c.dir/rosidl_generator_c/orbbec_camera_msgs/srv/detail/get_int32__functions.c.o\n'}
[2.274934] (orbbec_camera_msgs) StdoutLine: {'line': b'[  7%] Building C object CMakeFiles/orbbec_camera_msgs__rosidl_generator_c.dir/rosidl_generator_c/orbbec_camera_msgs/srv/detail/get_device_info__functions.c.o\n'}
[2.275135] (orbbec_camera_msgs) StdoutLine: {'line': b'[  8%] Building C object CMakeFiles/orbbec_camera_msgs__rosidl_generator_c.dir/rosidl_generator_c/orbbec_camera_msgs/msg/detail/rgbd__functions.c.o\n'}
[2.275806] (orbbec_camera_msgs) StdoutLine: {'line': b'[  9%] Building C object CMakeFiles/orbbec_camera_msgs__rosidl_generator_c.dir/rosidl_generator_c/orbbec_camera_msgs/srv/detail/get_camera_info__functions.c.o\n'}
[2.276155] (orbbec_camera_msgs) StdoutLine: {'line': b'[ 10%] Building C object CMakeFiles/orbbec_camera_msgs__rosidl_generator_c.dir/rosidl_generator_c/orbbec_camera_msgs/msg/detail/device_info__functions.c.o\n'}
[2.276514] (orbbec_camera_msgs) StdoutLine: {'line': b'[ 10%] Building C object CMakeFiles/orbbec_camera_msgs__rosidl_generator_c.dir/rosidl_generator_c/orbbec_camera_msgs/msg/detail/imu_info__functions.c.o\n'}
[2.277128] (orbbec_camera_msgs) StdoutLine: {'line': b'[ 11%] Building C object CMakeFiles/orbbec_camera_msgs__rosidl_generator_c.dir/rosidl_generator_c/orbbec_camera_msgs/srv/detail/set_string__functions.c.o\n'}
[2.278265] (orbbec_camera_msgs) StdoutLine: {'line': b'[ 12%] Building C object CMakeFiles/orbbec_camera_msgs__rosidl_generator_c.dir/rosidl_generator_c/orbbec_camera_msgs/srv/detail/get_bool__functions.c.o\n'}
[2.302911] (-) TimerEvent: {}
[2.305152] (orbbec_camera_msgs) StdoutLine: {'line': b'[ 12%] Built target orbbec_camera_msgs__cpp\n'}
[2.315851] (orbbec_camera_msgs) StdoutLine: {'line': b'[ 15%] Generating C++ type support for eProsima Fast-RTPS\n'}
[2.316033] (orbbec_camera_msgs) StdoutLine: {'line': b'[ 15%] Generating C++ type support dispatch for ROS interfaces\n'}
[2.316106] (orbbec_camera_msgs) StdoutLine: {'line': b'[ 15%] Generating C++ introspection for ROS interfaces\n'}
[2.403020] (-) TimerEvent: {}
[2.403942] (orbbec_camera_msgs) StdoutLine: {'line': b'[ 16%] Linking C shared library liborbbec_camera_msgs__rosidl_generator_c.so\n'}
[2.436537] (orbbec_camera_msgs) StdoutLine: {'line': b'[ 16%] Built target orbbec_camera_msgs__rosidl_generator_c\n'}
[2.446954] (orbbec_camera_msgs) StdoutLine: {'line': b'[ 18%] Generating C introspection for ROS interfaces\n'}
[2.447290] (orbbec_camera_msgs) StdoutLine: {'line': b'[ 18%] Generating C type support for eProsima Fast-RTPS\n'}
[2.447362] (orbbec_camera_msgs) StdoutLine: {'line': b'[ 19%] Generating C type support dispatch for ROS interfaces\n'}
[2.503114] (-) TimerEvent: {}
[2.603310] (-) TimerEvent: {}
[2.689754] (orbbec_camera_msgs) StdoutLine: {'line': b'[ 20%] Building CXX object CMakeFiles/orbbec_camera_msgs__rosidl_typesupport_cpp.dir/rosidl_typesupport_cpp/orbbec_camera_msgs/msg/device_info__type_support.cpp.o\n'}
[2.689931] (orbbec_camera_msgs) StdoutLine: {'line': b'[ 21%] Building CXX object CMakeFiles/orbbec_camera_msgs__rosidl_typesupport_cpp.dir/rosidl_typesupport_cpp/orbbec_camera_msgs/msg/extrinsics__type_support.cpp.o\n'}
[2.690238] (orbbec_camera_msgs) StdoutLine: {'line': b'[ 22%] Building CXX object CMakeFiles/orbbec_camera_msgs__rosidl_typesupport_cpp.dir/rosidl_typesupport_cpp/orbbec_camera_msgs/msg/rgbd__type_support.cpp.o\n'}
[2.691386] (orbbec_camera_msgs) StdoutLine: {'line': b'[ 22%] Building CXX object CMakeFiles/orbbec_camera_msgs__rosidl_typesupport_cpp.dir/rosidl_typesupport_cpp/orbbec_camera_msgs/msg/metadata__type_support.cpp.o\n'}
[2.692064] (orbbec_camera_msgs) StdoutLine: {'line': b'[ 23%] Building CXX object CMakeFiles/orbbec_camera_msgs__rosidl_typesupport_cpp.dir/rosidl_typesupport_cpp/orbbec_camera_msgs/msg/imu_info__type_support.cpp.o\n'}
[2.692298] (orbbec_camera_msgs) StdoutLine: {'line': b'[ 24%] Building CXX object CMakeFiles/orbbec_camera_msgs__rosidl_typesupport_cpp.dir/rosidl_typesupport_cpp/orbbec_camera_msgs/srv/get_bool__type_support.cpp.o\n'}
[2.692492] (orbbec_camera_msgs) StdoutLine: {'line': b'[ 25%] Building CXX object CMakeFiles/orbbec_camera_msgs__rosidl_typesupport_cpp.dir/rosidl_typesupport_cpp/orbbec_camera_msgs/srv/set_int32__type_support.cpp.o\n'}
[2.692720] (orbbec_camera_msgs) StdoutLine: {'line': b'[ 26%] Building CXX object CMakeFiles/orbbec_camera_msgs__rosidl_typesupport_cpp.dir/rosidl_typesupport_cpp/orbbec_camera_msgs/srv/get_device_info__type_support.cpp.o\n'}
[2.693405] (orbbec_camera_msgs) StdoutLine: {'line': b'[ 27%] Building CXX object CMakeFiles/orbbec_camera_msgs__rosidl_typesupport_cpp.dir/rosidl_typesupport_cpp/orbbec_camera_msgs/srv/get_int32__type_support.cpp.o\n'}
[2.693534] (orbbec_camera_msgs) StdoutLine: {'line': b'[ 28%] Building CXX object CMakeFiles/orbbec_camera_msgs__rosidl_typesupport_cpp.dir/rosidl_typesupport_cpp/orbbec_camera_msgs/srv/get_string__type_support.cpp.o\n'}
[2.693613] (orbbec_camera_msgs) StdoutLine: {'line': b'[ 28%] Building CXX object CMakeFiles/orbbec_camera_msgs__rosidl_typesupport_cpp.dir/rosidl_typesupport_cpp/orbbec_camera_msgs/srv/get_camera_info__type_support.cpp.o\n'}
[2.694094] (orbbec_camera_msgs) StdoutLine: {'line': b'[ 29%] Building CXX object CMakeFiles/orbbec_camera_msgs__rosidl_typesupport_cpp.dir/rosidl_typesupport_cpp/orbbec_camera_msgs/srv/set_string__type_support.cpp.o\n'}
[2.703403] (-) TimerEvent: {}
[2.755893] (orbbec_camera_msgs) StdoutLine: {'line': b'[ 30%] Building CXX object CMakeFiles/orbbec_camera_msgs__rosidl_typesupport_introspection_cpp.dir/rosidl_typesupport_introspection_cpp/orbbec_camera_msgs/msg/detail/extrinsics__type_support.cpp.o\n'}
[2.756732] (orbbec_camera_msgs) StdoutLine: {'line': b'[ 31%] Building CXX object CMakeFiles/orbbec_camera_msgs__rosidl_typesupport_introspection_cpp.dir/rosidl_typesupport_introspection_cpp/orbbec_camera_msgs/msg/detail/rgbd__type_support.cpp.o\n'}
[2.756846] (orbbec_camera_msgs) StdoutLine: {'line': b'[ 32%] Building CXX object CMakeFiles/orbbec_camera_msgs__rosidl_typesupport_introspection_cpp.dir/rosidl_typesupport_introspection_cpp/orbbec_camera_msgs/msg/detail/device_info__type_support.cpp.o\n'}
[2.757069] (orbbec_camera_msgs) StdoutLine: {'line': b'[ 32%] Building CXX object CMakeFiles/orbbec_camera_msgs__rosidl_typesupport_introspection_cpp.dir/rosidl_typesupport_introspection_cpp/orbbec_camera_msgs/msg/detail/metadata__type_support.cpp.o\n'}
[2.757327] (orbbec_camera_msgs) StdoutLine: {'line': b'[ 35%] Building CXX object CMakeFiles/orbbec_camera_msgs__rosidl_typesupport_introspection_cpp.dir/rosidl_typesupport_introspection_cpp/orbbec_camera_msgs/srv/detail/get_bool__type_support.cpp.o\n'}
[2.757410] (orbbec_camera_msgs) StdoutLine: {'line': b'[ 35%] Building CXX object CMakeFiles/orbbec_camera_msgs__rosidl_typesupport_introspection_cpp.dir/rosidl_typesupport_introspection_cpp/orbbec_camera_msgs/msg/detail/imu_info__type_support.cpp.o\n'}
[2.757459] (orbbec_camera_msgs) StdoutLine: {'line': b'[ 35%] Building CXX object CMakeFiles/orbbec_camera_msgs__rosidl_typesupport_introspection_cpp.dir/rosidl_typesupport_introspection_cpp/orbbec_camera_msgs/srv/detail/get_device_info__type_support.cpp.o\n'}
[2.757503] (orbbec_camera_msgs) StdoutLine: {'line': b'[ 35%] Building CXX object CMakeFiles/orbbec_camera_msgs__rosidl_typesupport_introspection_cpp.dir/rosidl_typesupport_introspection_cpp/orbbec_camera_msgs/srv/detail/get_int32__type_support.cpp.o\n'}
[2.757546] (orbbec_camera_msgs) StdoutLine: {'line': b'[ 36%] Building CXX object CMakeFiles/orbbec_camera_msgs__rosidl_typesupport_introspection_cpp.dir/rosidl_typesupport_introspection_cpp/orbbec_camera_msgs/srv/detail/get_camera_info__type_support.cpp.o\n'}
[2.757772] (orbbec_camera_msgs) StdoutLine: {'line': b'[ 37%] Building CXX object CMakeFiles/orbbec_camera_msgs__rosidl_typesupport_introspection_cpp.dir/rosidl_typesupport_introspection_cpp/orbbec_camera_msgs/srv/detail/set_string__type_support.cpp.o\n'}
[2.758673] (orbbec_camera_msgs) StdoutLine: {'line': b'[ 39%] Building CXX object CMakeFiles/orbbec_camera_msgs__rosidl_typesupport_introspection_cpp.dir/rosidl_typesupport_introspection_cpp/orbbec_camera_msgs/srv/detail/set_int32__type_support.cpp.o\n'}
[2.758795] (orbbec_camera_msgs) StdoutLine: {'line': b'[ 39%] Building CXX object CMakeFiles/orbbec_camera_msgs__rosidl_typesupport_introspection_cpp.dir/rosidl_typesupport_introspection_cpp/orbbec_camera_msgs/srv/detail/get_string__type_support.cpp.o\n'}
[2.804465] (-) TimerEvent: {}
[2.844092] (orbbec_camera_msgs) StdoutLine: {'line': b'[ 39%] Building CXX object CMakeFiles/orbbec_camera_msgs__rosidl_typesupport_c.dir/rosidl_typesupport_c/orbbec_camera_msgs/msg/device_info__type_support.cpp.o\n'}
[2.844301] (orbbec_camera_msgs) StdoutLine: {'line': b'[ 40%] Building CXX object CMakeFiles/orbbec_camera_msgs__rosidl_typesupport_c.dir/rosidl_typesupport_c/orbbec_camera_msgs/msg/extrinsics__type_support.cpp.o\n'}
[2.847145] (orbbec_camera_msgs) StdoutLine: {'line': b'[ 41%] Building CXX object CMakeFiles/orbbec_camera_msgs__rosidl_typesupport_c.dir/rosidl_typesupport_c/orbbec_camera_msgs/msg/metadata__type_support.cpp.o\n'}
[2.854137] (orbbec_camera_msgs) StdoutLine: {'line': b'[ 42%] Building CXX object CMakeFiles/orbbec_camera_msgs__rosidl_typesupport_c.dir/rosidl_typesupport_c/orbbec_camera_msgs/msg/imu_info__type_support.cpp.o\n'}
[2.855388] (orbbec_camera_msgs) StdoutLine: {'line': b'[ 43%] Building CXX object CMakeFiles/orbbec_camera_msgs__rosidl_typesupport_c.dir/rosidl_typesupport_c/orbbec_camera_msgs/msg/rgbd__type_support.cpp.o\n'}
[2.876984] (orbbec_camera_msgs) StdoutLine: {'line': b'[ 44%] Building CXX object CMakeFiles/orbbec_camera_msgs__rosidl_typesupport_c.dir/rosidl_typesupport_c/orbbec_camera_msgs/srv/get_bool__type_support.cpp.o\n'}
[2.887976] (orbbec_camera_msgs) StdoutLine: {'line': b'[ 44%] Building CXX object CMakeFiles/orbbec_camera_msgs__rosidl_typesupport_c.dir/rosidl_typesupport_c/orbbec_camera_msgs/srv/get_device_info__type_support.cpp.o\n'}
[2.892900] (orbbec_camera_msgs) StdoutLine: {'line': b'[ 46%] Building CXX object CMakeFiles/orbbec_camera_msgs__rosidl_typesupport_c.dir/rosidl_typesupport_c/orbbec_camera_msgs/srv/get_int32__type_support.cpp.o\n'}
[2.893379] (orbbec_camera_msgs) StdoutLine: {'line': b'[ 46%] Building CXX object CMakeFiles/orbbec_camera_msgs__rosidl_typesupport_c.dir/rosidl_typesupport_c/orbbec_camera_msgs/srv/get_camera_info__type_support.cpp.o\n'}
[2.906580] (-) TimerEvent: {}
[2.907807] (orbbec_camera_msgs) StdoutLine: {'line': b'[ 47%] Building CXX object CMakeFiles/orbbec_camera_msgs__rosidl_typesupport_c.dir/rosidl_typesupport_c/orbbec_camera_msgs/srv/get_string__type_support.cpp.o\n'}
[2.908424] (orbbec_camera_msgs) StdoutLine: {'line': b'[ 48%] Building CXX object CMakeFiles/orbbec_camera_msgs__rosidl_typesupport_c.dir/rosidl_typesupport_c/orbbec_camera_msgs/srv/set_string__type_support.cpp.o\n'}
[2.908641] (orbbec_camera_msgs) StdoutLine: {'line': b'[ 49%] Building CXX object CMakeFiles/orbbec_camera_msgs__rosidl_typesupport_c.dir/rosidl_typesupport_c/orbbec_camera_msgs/srv/set_int32__type_support.cpp.o\n'}
[2.921785] (orbbec_camera_msgs) StdoutLine: {'line': b'[ 50%] Building CXX object CMakeFiles/orbbec_camera_msgs__rosidl_typesupport_fastrtps_cpp.dir/rosidl_typesupport_fastrtps_cpp/orbbec_camera_msgs/msg/detail/dds_fastrtps/device_info__type_support.cpp.o\n'}
[2.922005] (orbbec_camera_msgs) StdoutLine: {'line': b'[ 51%] Building CXX object CMakeFiles/orbbec_camera_msgs__rosidl_typesupport_fastrtps_cpp.dir/rosidl_typesupport_fastrtps_cpp/orbbec_camera_msgs/msg/detail/dds_fastrtps/imu_info__type_support.cpp.o\n'}
[2.925368] (orbbec_camera_msgs) StdoutLine: {'line': b'[ 52%] Building CXX object CMakeFiles/orbbec_camera_msgs__rosidl_typesupport_fastrtps_cpp.dir/rosidl_typesupport_fastrtps_cpp/orbbec_camera_msgs/msg/detail/dds_fastrtps/extrinsics__type_support.cpp.o\n'}
[2.926505] (orbbec_camera_msgs) StdoutLine: {'line': b'[ 52%] Building CXX object CMakeFiles/orbbec_camera_msgs__rosidl_typesupport_fastrtps_cpp.dir/rosidl_typesupport_fastrtps_cpp/orbbec_camera_msgs/msg/detail/dds_fastrtps/metadata__type_support.cpp.o\n'}
[2.928265] (orbbec_camera_msgs) StdoutLine: {'line': b'[ 53%] Building CXX object CMakeFiles/orbbec_camera_msgs__rosidl_typesupport_fastrtps_cpp.dir/rosidl_typesupport_fastrtps_cpp/orbbec_camera_msgs/msg/detail/dds_fastrtps/rgbd__type_support.cpp.o\n'}
[2.932957] (orbbec_camera_msgs) StdoutLine: {'line': b'[ 54%] Building CXX object CMakeFiles/orbbec_camera_msgs__rosidl_typesupport_fastrtps_cpp.dir/rosidl_typesupport_fastrtps_cpp/orbbec_camera_msgs/srv/detail/dds_fastrtps/get_bool__type_support.cpp.o\n'}
[2.936114] (orbbec_camera_msgs) StdoutLine: {'line': b'[ 55%] Building CXX object CMakeFiles/orbbec_camera_msgs__rosidl_typesupport_fastrtps_cpp.dir/rosidl_typesupport_fastrtps_cpp/orbbec_camera_msgs/srv/detail/dds_fastrtps/get_device_info__type_support.cpp.o\n'}
[2.940702] (orbbec_camera_msgs) StdoutLine: {'line': b'[ 56%] Building CXX object CMakeFiles/orbbec_camera_msgs__rosidl_typesupport_fastrtps_cpp.dir/rosidl_typesupport_fastrtps_cpp/orbbec_camera_msgs/srv/detail/dds_fastrtps/get_camera_info__type_support.cpp.o\n'}
[2.942268] (orbbec_camera_msgs) StdoutLine: {'line': b'[ 56%] Building CXX object CMakeFiles/orbbec_camera_msgs__rosidl_typesupport_fastrtps_cpp.dir/rosidl_typesupport_fastrtps_cpp/orbbec_camera_msgs/srv/detail/dds_fastrtps/get_int32__type_support.cpp.o\n'}
[2.943011] (orbbec_camera_msgs) StdoutLine: {'line': b'[ 56%] Linking CXX shared library liborbbec_camera_msgs__rosidl_typesupport_c.so\n'}
[2.979446] (orbbec_camera_msgs) StdoutLine: {'line': b'[ 57%] Building CXX object CMakeFiles/orbbec_camera_msgs__rosidl_typesupport_fastrtps_cpp.dir/rosidl_typesupport_fastrtps_cpp/orbbec_camera_msgs/srv/detail/dds_fastrtps/set_int32__type_support.cpp.o\n'}
[2.980873] (orbbec_camera_msgs) StdoutLine: {'line': b'[ 58%] Building CXX object CMakeFiles/orbbec_camera_msgs__rosidl_typesupport_fastrtps_cpp.dir/rosidl_typesupport_fastrtps_cpp/orbbec_camera_msgs/srv/detail/dds_fastrtps/get_string__type_support.cpp.o\n'}
[2.981906] (orbbec_camera_msgs) StdoutLine: {'line': b'[ 59%] Building CXX object CMakeFiles/orbbec_camera_msgs__rosidl_typesupport_fastrtps_cpp.dir/rosidl_typesupport_fastrtps_cpp/orbbec_camera_msgs/srv/detail/dds_fastrtps/set_string__type_support.cpp.o\n'}
[2.989175] (orbbec_camera_msgs) StdoutLine: {'line': b'[ 59%] Built target orbbec_camera_msgs__rosidl_typesupport_c\n'}
[3.005194] (orbbec_camera_msgs) StdoutLine: {'line': b'[ 60%] Linking CXX shared library liborbbec_camera_msgs__rosidl_typesupport_cpp.so\n'}
[3.006660] (-) TimerEvent: {}
[3.039140] (orbbec_camera_msgs) StdoutLine: {'line': b'[ 60%] Building C object CMakeFiles/orbbec_camera_msgs__rosidl_typesupport_introspection_c.dir/rosidl_typesupport_introspection_c/orbbec_camera_msgs/msg/detail/device_info__type_support.c.o\n'}
[3.040249] (orbbec_camera_msgs) StdoutLine: {'line': b'[ 62%] Building C object CMakeFiles/orbbec_camera_msgs__rosidl_typesupport_introspection_c.dir/rosidl_typesupport_introspection_c/orbbec_camera_msgs/msg/detail/extrinsics__type_support.c.o\n'}
[3.041793] (orbbec_camera_msgs) StdoutLine: {'line': b'[ 61%] Building C object CMakeFiles/orbbec_camera_msgs__rosidl_typesupport_introspection_c.dir/rosidl_typesupport_introspection_c/orbbec_camera_msgs/msg/detail/imu_info__type_support.c.o\n'}
[3.045924] (orbbec_camera_msgs) StdoutLine: {'line': b'[ 63%] Building C object CMakeFiles/orbbec_camera_msgs__rosidl_typesupport_introspection_c.dir/rosidl_typesupport_introspection_c/orbbec_camera_msgs/msg/detail/metadata__type_support.c.o\n'}
[3.049035] (orbbec_camera_msgs) StdoutLine: {'line': b'[ 64%] Building C object CMakeFiles/orbbec_camera_msgs__rosidl_typesupport_introspection_c.dir/rosidl_typesupport_introspection_c/orbbec_camera_msgs/msg/detail/rgbd__type_support.c.o\n'}
[3.051871] (orbbec_camera_msgs) StdoutLine: {'line': b'[ 65%] Building C object CMakeFiles/orbbec_camera_msgs__rosidl_typesupport_introspection_c.dir/rosidl_typesupport_introspection_c/orbbec_camera_msgs/srv/detail/get_bool__type_support.c.o\n'}
[3.054526] (orbbec_camera_msgs) StdoutLine: {'line': b'[ 65%] Built target orbbec_camera_msgs__rosidl_typesupport_cpp\n'}
[3.072759] (orbbec_camera_msgs) StdoutLine: {'line': b'[ 65%] Building C object CMakeFiles/orbbec_camera_msgs__rosidl_typesupport_introspection_c.dir/rosidl_typesupport_introspection_c/orbbec_camera_msgs/srv/detail/get_device_info__type_support.c.o\n'}
[3.091049] (orbbec_camera_msgs) StdoutLine: {'line': b'[ 66%] Building C object CMakeFiles/orbbec_camera_msgs__rosidl_typesupport_introspection_c.dir/rosidl_typesupport_introspection_c/orbbec_camera_msgs/srv/detail/get_camera_info__type_support.c.o\n'}
[3.096146] (orbbec_camera_msgs) StdoutLine: {'line': b'[ 67%] Building C object CMakeFiles/orbbec_camera_msgs__rosidl_typesupport_introspection_c.dir/rosidl_typesupport_introspection_c/orbbec_camera_msgs/srv/detail/get_int32__type_support.c.o\n'}
[3.107037] (-) TimerEvent: {}
[3.107587] (orbbec_camera_msgs) StdoutLine: {'line': b'[ 68%] Building C object CMakeFiles/orbbec_camera_msgs__rosidl_typesupport_introspection_c.dir/rosidl_typesupport_introspection_c/orbbec_camera_msgs/srv/detail/get_string__type_support.c.o\n'}
[3.114979] (orbbec_camera_msgs) StdoutLine: {'line': b'[ 69%] Building C object CMakeFiles/orbbec_camera_msgs__rosidl_typesupport_introspection_c.dir/rosidl_typesupport_introspection_c/orbbec_camera_msgs/srv/detail/set_int32__type_support.c.o\n'}
[3.129396] (orbbec_camera_msgs) StdoutLine: {'line': b'[ 70%] Building C object CMakeFiles/orbbec_camera_msgs__rosidl_typesupport_introspection_c.dir/rosidl_typesupport_introspection_c/orbbec_camera_msgs/srv/detail/set_string__type_support.c.o\n'}
[3.162592] (orbbec_camera_msgs) StdoutLine: {'line': b'[ 74%] Building CXX object CMakeFiles/orbbec_camera_msgs__rosidl_typesupport_fastrtps_c.dir/rosidl_typesupport_fastrtps_c/orbbec_camera_msgs/srv/detail/get_device_info__type_support_c.cpp.o\n'}
[3.163038] (orbbec_camera_msgs) StdoutLine: {'line': b'[ 73%] Building CXX object CMakeFiles/orbbec_camera_msgs__rosidl_typesupport_fastrtps_c.dir/rosidl_typesupport_fastrtps_c/orbbec_camera_msgs/msg/detail/extrinsics__type_support_c.cpp.o\n'}
[3.163156] (orbbec_camera_msgs) StdoutLine: {'line': b'[ 74%] Building CXX object CMakeFiles/orbbec_camera_msgs__rosidl_typesupport_fastrtps_c.dir/rosidl_typesupport_fastrtps_c/orbbec_camera_msgs/msg/detail/imu_info__type_support_c.cpp.o\n'}
[3.163212] (orbbec_camera_msgs) StdoutLine: {'line': b'[ 74%] Building CXX object CMakeFiles/orbbec_camera_msgs__rosidl_typesupport_fastrtps_c.dir/rosidl_typesupport_fastrtps_c/orbbec_camera_msgs/srv/detail/get_bool__type_support_c.cpp.o\n'}
[3.163413] (orbbec_camera_msgs) StdoutLine: {'line': b'[ 73%] Building CXX object CMakeFiles/orbbec_camera_msgs__rosidl_typesupport_fastrtps_c.dir/rosidl_typesupport_fastrtps_c/orbbec_camera_msgs/msg/detail/metadata__type_support_c.cpp.o\n'}
[3.163628] (orbbec_camera_msgs) StdoutLine: {'line': b'[ 73%] Building CXX object CMakeFiles/orbbec_camera_msgs__rosidl_typesupport_fastrtps_c.dir/rosidl_typesupport_fastrtps_c/orbbec_camera_msgs/msg/detail/device_info__type_support_c.cpp.o\n'}
[3.164323] (orbbec_camera_msgs) StdoutLine: {'line': b'[ 75%] Building CXX object CMakeFiles/orbbec_camera_msgs__rosidl_typesupport_fastrtps_c.dir/rosidl_typesupport_fastrtps_c/orbbec_camera_msgs/msg/detail/rgbd__type_support_c.cpp.o\n'}
[3.164451] (orbbec_camera_msgs) StdoutLine: {'line': b'[ 75%] Linking C shared library liborbbec_camera_msgs__rosidl_typesupport_introspection_c.so\n'}
[3.165569] (orbbec_camera_msgs) StdoutLine: {'line': b'[ 76%] Building CXX object CMakeFiles/orbbec_camera_msgs__rosidl_typesupport_fastrtps_c.dir/rosidl_typesupport_fastrtps_c/orbbec_camera_msgs/srv/detail/set_int32__type_support_c.cpp.o\n'}
[3.165823] (orbbec_camera_msgs) StdoutLine: {'line': b'[ 77%] Building CXX object CMakeFiles/orbbec_camera_msgs__rosidl_typesupport_fastrtps_c.dir/rosidl_typesupport_fastrtps_c/orbbec_camera_msgs/srv/detail/get_camera_info__type_support_c.cpp.o\n'}
[3.166017] (orbbec_camera_msgs) StdoutLine: {'line': b'[ 78%] Building CXX object CMakeFiles/orbbec_camera_msgs__rosidl_typesupport_fastrtps_c.dir/rosidl_typesupport_fastrtps_c/orbbec_camera_msgs/srv/detail/get_string__type_support_c.cpp.o\n'}
[3.166163] (orbbec_camera_msgs) StdoutLine: {'line': b'[ 79%] Building CXX object CMakeFiles/orbbec_camera_msgs__rosidl_typesupport_fastrtps_c.dir/rosidl_typesupport_fastrtps_c/orbbec_camera_msgs/srv/detail/get_int32__type_support_c.cpp.o\n'}
[3.170786] (orbbec_camera_msgs) StdoutLine: {'line': b'[ 80%] Building CXX object CMakeFiles/orbbec_camera_msgs__rosidl_typesupport_fastrtps_c.dir/rosidl_typesupport_fastrtps_c/orbbec_camera_msgs/srv/detail/set_string__type_support_c.cpp.o\n'}
[3.197912] (orbbec_camera_msgs) StdoutLine: {'line': b'[ 80%] Built target orbbec_camera_msgs__rosidl_typesupport_introspection_c\n'}
[3.207138] (-) TimerEvent: {}
[3.268239] (orbbec_camera_msgs) StdoutLine: {'line': b'[ 81%] Linking CXX shared library liborbbec_camera_msgs__rosidl_typesupport_introspection_cpp.so\n'}
[3.307243] (-) TimerEvent: {}
[3.338975] (orbbec_camera_msgs) StdoutLine: {'line': b'[ 81%] Built target orbbec_camera_msgs__rosidl_typesupport_introspection_cpp\n'}
[3.407436] (-) TimerEvent: {}
[3.451176] (orbbec_camera_msgs) StdoutLine: {'line': b'[ 82%] Linking CXX shared library liborbbec_camera_msgs__rosidl_typesupport_fastrtps_cpp.so\n'}
[3.507066] (orbbec_camera_msgs) StdoutLine: {'line': b'[ 82%] Built target orbbec_camera_msgs__rosidl_typesupport_fastrtps_cpp\n'}
[3.507491] (-) TimerEvent: {}
[3.547596] (orbbec_camera_msgs) StdoutLine: {'line': b'[ 82%] Linking CXX shared library liborbbec_camera_msgs__rosidl_typesupport_fastrtps_c.so\n'}
[3.607604] (-) TimerEvent: {}
[3.609404] (orbbec_camera_msgs) StdoutLine: {'line': b'[ 82%] Built target orbbec_camera_msgs__rosidl_typesupport_fastrtps_c\n'}
[3.629561] (orbbec_camera_msgs) StdoutLine: {'line': b'[ 82%] Built target orbbec_camera_msgs\n'}
[3.648043] (orbbec_camera_msgs) StdoutLine: {'line': b'[ 83%] Generating Python code for ROS interfaces\n'}
[3.707723] (-) TimerEvent: {}
[3.807922] (-) TimerEvent: {}
[3.908057] (-) TimerEvent: {}
[4.008187] (-) TimerEvent: {}
[4.108349] (-) TimerEvent: {}
[4.208510] (-) TimerEvent: {}
[4.308645] (-) TimerEvent: {}
[4.408865] (-) TimerEvent: {}
[4.509046] (-) TimerEvent: {}
[4.609240] (-) TimerEvent: {}
[4.652275] (orbbec_camera_msgs) StdoutLine: {'line': b'[ 83%] Built target orbbec_camera_msgs__py\n'}
[4.668735] (orbbec_camera_msgs) StdoutLine: {'line': b'[ 84%] Building C object CMakeFiles/orbbec_camera_msgs__rosidl_generator_py.dir/rosidl_generator_py/orbbec_camera_msgs/msg/_rgbd_s.c.o\n'}
[4.669489] (orbbec_camera_msgs) StdoutLine: {'line': b'[ 84%] Building C object CMakeFiles/orbbec_camera_msgs__rosidl_generator_py.dir/rosidl_generator_py/orbbec_camera_msgs/srv/_get_int32_s.c.o\n'}
[4.669645] (orbbec_camera_msgs) StdoutLine: {'line': b'[ 85%] Building C object CMakeFiles/orbbec_camera_msgs__rosidl_generator_py.dir/rosidl_generator_py/orbbec_camera_msgs/srv/_get_camera_info_s.c.o\n'}
[4.670065] (orbbec_camera_msgs) StdoutLine: {'line': b'[ 86%] Building C object CMakeFiles/orbbec_camera_msgs__rosidl_generator_py.dir/rosidl_generator_py/orbbec_camera_msgs/srv/_get_string_s.c.o\n'}
[4.670708] (orbbec_camera_msgs) StdoutLine: {'line': b'[ 87%] Building C object CMakeFiles/orbbec_camera_msgs__rosidl_generator_py.dir/rosidl_generator_py/orbbec_camera_msgs/srv/_set_int32_s.c.o\n'}
[4.670849] (orbbec_camera_msgs) StdoutLine: {'line': b'[ 89%] Building C object CMakeFiles/orbbec_camera_msgs__rosidl_generator_py.dir/rosidl_generator_py/orbbec_camera_msgs/msg/_metadata_s.c.o\n'}
[4.671208] (orbbec_camera_msgs) StdoutLine: {'line': b'[ 89%] Building C object CMakeFiles/orbbec_camera_msgs__rosidl_generator_py.dir/rosidl_generator_py/orbbec_camera_msgs/msg/_device_info_s.c.o\n'}
[4.671337] (orbbec_camera_msgs) StdoutLine: {'line': b'[ 89%] Building C object CMakeFiles/orbbec_camera_msgs__rosidl_generator_py.dir/rosidl_generator_py/orbbec_camera_msgs/msg/_extrinsics_s.c.o\n'}
[4.671452] (orbbec_camera_msgs) StdoutLine: {'line': b'[ 90%] Building C object CMakeFiles/orbbec_camera_msgs__rosidl_generator_py.dir/rosidl_generator_py/orbbec_camera_msgs/msg/_imu_info_s.c.o\n'}
[4.672511] (orbbec_camera_msgs) StdoutLine: {'line': b'[ 91%] Building C object CMakeFiles/orbbec_camera_msgs__rosidl_generator_py.dir/rosidl_generator_py/orbbec_camera_msgs/srv/_get_bool_s.c.o\n'}
[4.672943] (orbbec_camera_msgs) StdoutLine: {'line': b'[ 93%] Building C object CMakeFiles/orbbec_camera_msgs__rosidl_generator_py.dir/rosidl_generator_py/orbbec_camera_msgs/srv/_set_string_s.c.o\n'}
[4.673110] (orbbec_camera_msgs) StdoutLine: {'line': b'[ 93%] Building C object CMakeFiles/orbbec_camera_msgs__rosidl_generator_py.dir/rosidl_generator_py/orbbec_camera_msgs/srv/_get_device_info_s.c.o\n'}
[4.709352] (-) TimerEvent: {}
[4.809586] (-) TimerEvent: {}
[4.817565] (orbbec_camera_msgs) StdoutLine: {'line': b'[ 94%] Linking C shared library rosidl_generator_py/orbbec_camera_msgs/liborbbec_camera_msgs__rosidl_generator_py.so\n'}
[4.868901] (orbbec_camera_msgs) StdoutLine: {'line': b'[ 94%] Built target orbbec_camera_msgs__rosidl_generator_py\n'}
[4.889195] (orbbec_camera_msgs) StdoutLine: {'line': b'[ 95%] Building C object CMakeFiles/orbbec_camera_msgs__rosidl_typesupport_introspection_c__pyext.dir/rosidl_generator_py/orbbec_camera_msgs/_orbbec_camera_msgs_s.ep.rosidl_typesupport_introspection_c.c.o\n'}
[4.892354] (orbbec_camera_msgs) StdoutLine: {'line': b'[ 96%] Building C object CMakeFiles/orbbec_camera_msgs__rosidl_typesupport_fastrtps_c__pyext.dir/rosidl_generator_py/orbbec_camera_msgs/_orbbec_camera_msgs_s.ep.rosidl_typesupport_fastrtps_c.c.o\n'}
[4.892728] (orbbec_camera_msgs) StdoutLine: {'line': b'[ 97%] Building C object CMakeFiles/orbbec_camera_msgs__rosidl_typesupport_c__pyext.dir/rosidl_generator_py/orbbec_camera_msgs/_orbbec_camera_msgs_s.ep.rosidl_typesupport_c.c.o\n'}
[4.909742] (-) TimerEvent: {}
[5.009977] (-) TimerEvent: {}
[5.110157] (-) TimerEvent: {}
[5.123276] (orbbec_camera_msgs) StdoutLine: {'line': b'[ 98%] Linking C shared library rosidl_generator_py/orbbec_camera_msgs/orbbec_camera_msgs_s__rosidl_typesupport_fastrtps_c.cpython-310-x86_64-linux-gnu.so\n'}
[5.162099] (orbbec_camera_msgs) StdoutLine: {'line': b'[ 98%] Built target orbbec_camera_msgs__rosidl_typesupport_fastrtps_c__pyext\n'}
[5.177617] (orbbec_camera_msgs) StdoutLine: {'line': b'[ 99%] Linking C shared library rosidl_generator_py/orbbec_camera_msgs/orbbec_camera_msgs_s__rosidl_typesupport_introspection_c.cpython-310-x86_64-linux-gnu.so\n'}
[5.183230] (orbbec_camera_msgs) StdoutLine: {'line': b'[100%] Linking C shared library rosidl_generator_py/orbbec_camera_msgs/orbbec_camera_msgs_s__rosidl_typesupport_c.cpython-310-x86_64-linux-gnu.so\n'}
[5.210255] (-) TimerEvent: {}
[5.217061] (orbbec_camera_msgs) StdoutLine: {'line': b'[100%] Built target orbbec_camera_msgs__rosidl_typesupport_introspection_c__pyext\n'}
[5.220059] (orbbec_camera_msgs) StdoutLine: {'line': b'[100%] Built target orbbec_camera_msgs__rosidl_typesupport_c__pyext\n'}
[5.229781] (orbbec_camera_msgs) CommandEnded: {'returncode': 0}
[5.230483] (orbbec_camera_msgs) JobProgress: {'identifier': 'orbbec_camera_msgs', 'progress': 'install'}
[5.230803] (orbbec_camera_msgs) Command: {'cmd': ['/usr/bin/cmake', '--install', '/home/sophie/isaac_lab/isaac_ws/rl_code/soarm100sim/third_party/orbbec_v1_ws/build/orbbec_camera_msgs'], 'cwd': '/home/sophie/isaac_lab/isaac_ws/rl_code/soarm100sim/third_party/orbbec_v1_ws/build/orbbec_camera_msgs', 'env': OrderedDict([('USER', 'sophie'), ('SHLVL', '0'), ('LD_LIBRARY_PATH', '/usr/lib/x86_64-linux-gnu/gazebo-11/plugins:/opt/ros/humble/opt/rviz_ogre_vendor/lib:/opt/ros/humble/lib/x86_64-linux-gnu:/opt/ros/humble/lib'), ('HOME', '/home/sophie'), ('ROS_PYTHON_VERSION', '3'), ('ROS_DISTRO', 'humble'), ('_', '/usr/bin/colcon'), ('ROS_VERSION', '2'), ('ROS_LOCALHOST_ONLY', '0'), ('PATH', '/opt/ros/humble/bin:/usr/local/sbin:/usr/local/bin:/usr/sbin:/usr/bin:/sbin:/bin'), ('LANG', 'C.UTF-8'), ('AMENT_PREFIX_PATH', '/opt/ros/humble'), ('PWD', '/home/sophie/isaac_lab/isaac_ws/rl_code/soarm100sim/third_party/orbbec_v1_ws/build/orbbec_camera_msgs'), ('PYTHONPATH', '/opt/ros/humble/lib/python3.10/site-packages:/opt/ros/humble/local/lib/python3.10/dist-packages'), ('COLCON', '1'), ('CMAKE_PREFIX_PATH', '/opt/ros/humble')]), 'shell': False}
[5.242151] (orbbec_camera_msgs) StdoutLine: {'line': b'-- Install configuration: "Release"\n'}
[5.242743] (orbbec_camera_msgs) StdoutLine: {'line': b'-- Installing: /home/sophie/isaac_lab/isaac_ws/rl_code/soarm100sim/third_party/orbbec_v1_ws/install/orbbec_camera_msgs/share/ament_index/resource_index/rosidl_interfaces/orbbec_camera_msgs\n'}
[5.243064] (orbbec_camera_msgs) StdoutLine: {'line': b'-- Installing: /home/sophie/isaac_lab/isaac_ws/rl_code/soarm100sim/third_party/orbbec_v1_ws/install/orbbec_camera_msgs/include/orbbec_camera_msgs/orbbec_camera_msgs\n'}
[5.243309] (orbbec_camera_msgs) StdoutLine: {'line': b'-- Installing: /home/sophie/isaac_lab/isaac_ws/rl_code/soarm100sim/third_party/orbbec_v1_ws/install/orbbec_camera_msgs/include/orbbec_camera_msgs/orbbec_camera_msgs/srv\n'}
[5.243569] (orbbec_camera_msgs) StdoutLine: {'line': b'-- Installing: /home/sophie/isaac_lab/isaac_ws/rl_code/soarm100sim/third_party/orbbec_v1_ws/install/orbbec_camera_msgs/include/orbbec_camera_msgs/orbbec_camera_msgs/srv/detail\n'}
[5.243813] (orbbec_camera_msgs) StdoutLine: {'line': b'-- Installing: /home/sophie/isaac_lab/isaac_ws/rl_code/soarm100sim/third_party/orbbec_v1_ws/install/orbbec_camera_msgs/include/orbbec_camera_msgs/orbbec_camera_msgs/srv/detail/get_bool__type_support.h\n'}
[5.244117] (orbbec_camera_msgs) StdoutLine: {'line': b'-- Installing: /home/sophie/isaac_lab/isaac_ws/rl_code/soarm100sim/third_party/orbbec_v1_ws/install/orbbec_camera_msgs/include/orbbec_camera_msgs/orbbec_camera_msgs/srv/detail/get_int32__functions.h\n'}
[5.244411] (orbbec_camera_msgs) StdoutLine: {'line': b'-- Installing: /home/sophie/isaac_lab/isaac_ws/rl_code/soarm100sim/third_party/orbbec_v1_ws/install/orbbec_camera_msgs/include/orbbec_camera_msgs/orbbec_camera_msgs/srv/detail/get_string__functions.c\n'}
[5.244662] (orbbec_camera_msgs) StdoutLine: {'line': b'-- Installing: /home/sophie/isaac_lab/isaac_ws/rl_code/soarm100sim/third_party/orbbec_v1_ws/install/orbbec_camera_msgs/include/orbbec_camera_msgs/orbbec_camera_msgs/srv/detail/set_int32__struct.h\n'}
[5.244786] (orbbec_camera_msgs) StdoutLine: {'line': b'-- Installing: /home/sophie/isaac_lab/isaac_ws/rl_code/soarm100sim/third_party/orbbec_v1_ws/install/orbbec_camera_msgs/include/orbbec_camera_msgs/orbbec_camera_msgs/srv/detail/get_string__struct.h\n'}
[5.245673] (orbbec_camera_msgs) StdoutLine: {'line': b'-- Installing: /home/sophie/isaac_lab/isaac_ws/rl_code/soarm100sim/third_party/orbbec_v1_ws/install/orbbec_camera_msgs/include/orbbec_camera_msgs/orbbec_camera_msgs/srv/detail/set_string__functions.c\n'}
[5.246005] (orbbec_camera_msgs) StdoutLine: {'line': b'-- Installing: /home/sophie/isaac_lab/isaac_ws/rl_code/soarm100sim/third_party/orbbec_v1_ws/install/orbbec_camera_msgs/include/orbbec_camera_msgs/orbbec_camera_msgs/srv/detail/get_bool__functions.c\n'}
[5.246366] (orbbec_camera_msgs) StdoutLine: {'line': b'-- Installing: /home/sophie/isaac_lab/isaac_ws/rl_code/soarm100sim/third_party/orbbec_v1_ws/install/orbbec_camera_msgs/include/orbbec_camera_msgs/orbbec_camera_msgs/srv/detail/get_camera_info__struct.h\n'}
[5.246546] (orbbec_camera_msgs) StdoutLine: {'line': b'-- Installing: /home/sophie/isaac_lab/isaac_ws/rl_code/soarm100sim/third_party/orbbec_v1_ws/install/orbbec_camera_msgs/include/orbbec_camera_msgs/orbbec_camera_msgs/srv/detail/set_int32__functions.c\n'}
[5.246637] (orbbec_camera_msgs) StdoutLine: {'line': b'-- Installing: /home/sophie/isaac_lab/isaac_ws/rl_code/soarm100sim/third_party/orbbec_v1_ws/install/orbbec_camera_msgs/include/orbbec_camera_msgs/orbbec_camera_msgs/srv/detail/set_string__type_support.h\n'}
[5.246746] (orbbec_camera_msgs) StdoutLine: {'line': b'-- Installing: /home/sophie/isaac_lab/isaac_ws/rl_code/soarm100sim/third_party/orbbec_v1_ws/install/orbbec_camera_msgs/include/orbbec_camera_msgs/orbbec_camera_msgs/srv/detail/get_device_info__struct.h\n'}
[5.246839] (orbbec_camera_msgs) StdoutLine: {'line': b'-- Installing: /home/sophie/isaac_lab/isaac_ws/rl_code/soarm100sim/third_party/orbbec_v1_ws/install/orbbec_camera_msgs/include/orbbec_camera_msgs/orbbec_camera_msgs/srv/detail/get_bool__functions.h\n'}
[5.246946] (orbbec_camera_msgs) StdoutLine: {'line': b'-- Installing: /home/sophie/isaac_lab/isaac_ws/rl_code/soarm100sim/third_party/orbbec_v1_ws/install/orbbec_camera_msgs/include/orbbec_camera_msgs/orbbec_camera_msgs/srv/detail/set_string__functions.h\n'}
[5.247005] (orbbec_camera_msgs) StdoutLine: {'line': b'-- Installing: /home/sophie/isaac_lab/isaac_ws/rl_code/soarm100sim/third_party/orbbec_v1_ws/install/orbbec_camera_msgs/include/orbbec_camera_msgs/orbbec_camera_msgs/srv/detail/get_camera_info__type_support.h\n'}
[5.247079] (orbbec_camera_msgs) StdoutLine: {'line': b'-- Installing: /home/sophie/isaac_lab/isaac_ws/rl_code/soarm100sim/third_party/orbbec_v1_ws/install/orbbec_camera_msgs/include/orbbec_camera_msgs/orbbec_camera_msgs/srv/detail/get_device_info__functions.h\n'}
[5.247133] (orbbec_camera_msgs) StdoutLine: {'line': b'-- Installing: /home/sophie/isaac_lab/isaac_ws/rl_code/soarm100sim/third_party/orbbec_v1_ws/install/orbbec_camera_msgs/include/orbbec_camera_msgs/orbbec_camera_msgs/srv/detail/get_camera_info__functions.h\n'}
[5.247351] (orbbec_camera_msgs) StdoutLine: {'line': b'-- Installing: /home/sophie/isaac_lab/isaac_ws/rl_code/soarm100sim/third_party/orbbec_v1_ws/install/orbbec_camera_msgs/include/orbbec_camera_msgs/orbbec_camera_msgs/srv/detail/get_string__type_support.h\n'}
[5.247405] (orbbec_camera_msgs) StdoutLine: {'line': b'-- Installing: /home/sophie/isaac_lab/isaac_ws/rl_code/soarm100sim/third_party/orbbec_v1_ws/install/orbbec_camera_msgs/include/orbbec_camera_msgs/orbbec_camera_msgs/srv/detail/set_int32__functions.h\n'}
[5.247452] (orbbec_camera_msgs) StdoutLine: {'line': b'-- Installing: /home/sophie/isaac_lab/isaac_ws/rl_code/soarm100sim/third_party/orbbec_v1_ws/install/orbbec_camera_msgs/include/orbbec_camera_msgs/orbbec_camera_msgs/srv/detail/get_bool__struct.h\n'}
[5.247505] (orbbec_camera_msgs) StdoutLine: {'line': b'-- Installing: /home/sophie/isaac_lab/isaac_ws/rl_code/soarm100sim/third_party/orbbec_v1_ws/install/orbbec_camera_msgs/include/orbbec_camera_msgs/orbbec_camera_msgs/srv/detail/set_string__struct.h\n'}
[5.247718] (orbbec_camera_msgs) StdoutLine: {'line': b'-- Installing: /home/sophie/isaac_lab/isaac_ws/rl_code/soarm100sim/third_party/orbbec_v1_ws/install/orbbec_camera_msgs/include/orbbec_camera_msgs/orbbec_camera_msgs/srv/detail/set_int32__type_support.h\n'}
[5.247771] (orbbec_camera_msgs) StdoutLine: {'line': b'-- Installing: /home/sophie/isaac_lab/isaac_ws/rl_code/soarm100sim/third_party/orbbec_v1_ws/install/orbbec_camera_msgs/include/orbbec_camera_msgs/orbbec_camera_msgs/srv/detail/get_device_info__functions.c\n'}
[5.247936] (orbbec_camera_msgs) StdoutLine: {'line': b'-- Installing: /home/sophie/isaac_lab/isaac_ws/rl_code/soarm100sim/third_party/orbbec_v1_ws/install/orbbec_camera_msgs/include/orbbec_camera_msgs/orbbec_camera_msgs/srv/detail/get_int32__struct.h\n'}
[5.247990] (orbbec_camera_msgs) StdoutLine: {'line': b'-- Installing: /home/sophie/isaac_lab/isaac_ws/rl_code/soarm100sim/third_party/orbbec_v1_ws/install/orbbec_camera_msgs/include/orbbec_camera_msgs/orbbec_camera_msgs/srv/detail/get_camera_info__functions.c\n'}
[5.248035] (orbbec_camera_msgs) StdoutLine: {'line': b'-- Installing: /home/sophie/isaac_lab/isaac_ws/rl_code/soarm100sim/third_party/orbbec_v1_ws/install/orbbec_camera_msgs/include/orbbec_camera_msgs/orbbec_camera_msgs/srv/detail/get_int32__type_support.h\n'}
[5.248076] (orbbec_camera_msgs) StdoutLine: {'line': b'-- Installing: /home/sophie/isaac_lab/isaac_ws/rl_code/soarm100sim/third_party/orbbec_v1_ws/install/orbbec_camera_msgs/include/orbbec_camera_msgs/orbbec_camera_msgs/srv/detail/get_device_info__type_support.h\n'}
[5.248128] (orbbec_camera_msgs) StdoutLine: {'line': b'-- Installing: /home/sophie/isaac_lab/isaac_ws/rl_code/soarm100sim/third_party/orbbec_v1_ws/install/orbbec_camera_msgs/include/orbbec_camera_msgs/orbbec_camera_msgs/srv/detail/get_int32__functions.c\n'}
[5.248168] (orbbec_camera_msgs) StdoutLine: {'line': b'-- Installing: /home/sophie/isaac_lab/isaac_ws/rl_code/soarm100sim/third_party/orbbec_v1_ws/install/orbbec_camera_msgs/include/orbbec_camera_msgs/orbbec_camera_msgs/srv/detail/get_string__functions.h\n'}
[5.248325] (orbbec_camera_msgs) StdoutLine: {'line': b'-- Installing: /home/sophie/isaac_lab/isaac_ws/rl_code/soarm100sim/third_party/orbbec_v1_ws/install/orbbec_camera_msgs/include/orbbec_camera_msgs/orbbec_camera_msgs/srv/get_int32.h\n'}
[5.248377] (orbbec_camera_msgs) StdoutLine: {'line': b'-- Installing: /home/sophie/isaac_lab/isaac_ws/rl_code/soarm100sim/third_party/orbbec_v1_ws/install/orbbec_camera_msgs/include/orbbec_camera_msgs/orbbec_camera_msgs/srv/set_string.h\n'}
[5.248423] (orbbec_camera_msgs) StdoutLine: {'line': b'-- Installing: /home/sophie/isaac_lab/isaac_ws/rl_code/soarm100sim/third_party/orbbec_v1_ws/install/orbbec_camera_msgs/include/orbbec_camera_msgs/orbbec_camera_msgs/srv/get_bool.h\n'}
[5.248597] (orbbec_camera_msgs) StdoutLine: {'line': b'-- Installing: /home/sophie/isaac_lab/isaac_ws/rl_code/soarm100sim/third_party/orbbec_v1_ws/install/orbbec_camera_msgs/include/orbbec_camera_msgs/orbbec_camera_msgs/srv/get_string.h\n'}
[5.248649] (orbbec_camera_msgs) StdoutLine: {'line': b'-- Installing: /home/sophie/isaac_lab/isaac_ws/rl_code/soarm100sim/third_party/orbbec_v1_ws/install/orbbec_camera_msgs/include/orbbec_camera_msgs/orbbec_camera_msgs/srv/get_device_info.h\n'}
[5.248698] (orbbec_camera_msgs) StdoutLine: {'line': b'-- Installing: /home/sophie/isaac_lab/isaac_ws/rl_code/soarm100sim/third_party/orbbec_v1_ws/install/orbbec_camera_msgs/include/orbbec_camera_msgs/orbbec_camera_msgs/srv/set_int32.h\n'}
[5.248743] (orbbec_camera_msgs) StdoutLine: {'line': b'-- Installing: /home/sophie/isaac_lab/isaac_ws/rl_code/soarm100sim/third_party/orbbec_v1_ws/install/orbbec_camera_msgs/include/orbbec_camera_msgs/orbbec_camera_msgs/srv/get_camera_info.h\n'}
[5.248884] (orbbec_camera_msgs) StdoutLine: {'line': b'-- Installing: /home/sophie/isaac_lab/isaac_ws/rl_code/soarm100sim/third_party/orbbec_v1_ws/install/orbbec_camera_msgs/include/orbbec_camera_msgs/orbbec_camera_msgs/msg\n'}
[5.249063] (orbbec_camera_msgs) StdoutLine: {'line': b'-- Installing: /home/sophie/isaac_lab/isaac_ws/rl_code/soarm100sim/third_party/orbbec_v1_ws/install/orbbec_camera_msgs/include/orbbec_camera_msgs/orbbec_camera_msgs/msg/metadata.h\n'}
[5.249222] (orbbec_camera_msgs) StdoutLine: {'line': b'-- Installing: /home/sophie/isaac_lab/isaac_ws/rl_code/soarm100sim/third_party/orbbec_v1_ws/install/orbbec_camera_msgs/include/orbbec_camera_msgs/orbbec_camera_msgs/msg/detail\n'}
[5.249325] (orbbec_camera_msgs) StdoutLine: {'line': b'-- Installing: /home/sophie/isaac_lab/isaac_ws/rl_code/soarm100sim/third_party/orbbec_v1_ws/install/orbbec_camera_msgs/include/orbbec_camera_msgs/orbbec_camera_msgs/msg/detail/rgbd__struct.h\n'}
[5.249359] (orbbec_camera_msgs) StdoutLine: {'line': b'-- Installing: /home/sophie/isaac_lab/isaac_ws/rl_code/soarm100sim/third_party/orbbec_v1_ws/install/orbbec_camera_msgs/include/orbbec_camera_msgs/orbbec_camera_msgs/msg/detail/imu_info__functions.c\n'}
[5.249390] (orbbec_camera_msgs) StdoutLine: {'line': b'-- Installing: /home/sophie/isaac_lab/isaac_ws/rl_code/soarm100sim/third_party/orbbec_v1_ws/install/orbbec_camera_msgs/include/orbbec_camera_msgs/orbbec_camera_msgs/msg/detail/metadata__functions.c\n'}
[5.249421] (orbbec_camera_msgs) StdoutLine: {'line': b'-- Installing: /home/sophie/isaac_lab/isaac_ws/rl_code/soarm100sim/third_party/orbbec_v1_ws/install/orbbec_camera_msgs/include/orbbec_camera_msgs/orbbec_camera_msgs/msg/detail/rgbd__functions.h\n'}
[5.249450] (orbbec_camera_msgs) StdoutLine: {'line': b'-- Installing: /home/sophie/isaac_lab/isaac_ws/rl_code/soarm100sim/third_party/orbbec_v1_ws/install/orbbec_camera_msgs/include/orbbec_camera_msgs/orbbec_camera_msgs/msg/detail/extrinsics__type_support.h\n'}
[5.249480] (orbbec_camera_msgs) StdoutLine: {'line': b'-- Installing: /home/sophie/isaac_lab/isaac_ws/rl_code/soarm100sim/third_party/orbbec_v1_ws/install/orbbec_camera_msgs/include/orbbec_camera_msgs/orbbec_camera_msgs/msg/detail/imu_info__struct.h\n'}
[5.249578] (orbbec_camera_msgs) StdoutLine: {'line': b'-- Installing: /home/sophie/isaac_lab/isaac_ws/rl_code/soarm100sim/third_party/orbbec_v1_ws/install/orbbec_camera_msgs/include/orbbec_camera_msgs/orbbec_camera_msgs/msg/detail/metadata__functions.h\n'}
[5.249738] (orbbec_camera_msgs) StdoutLine: {'line': b'-- Installing: /home/sophie/isaac_lab/isaac_ws/rl_code/soarm100sim/third_party/orbbec_v1_ws/install/orbbec_camera_msgs/include/orbbec_camera_msgs/orbbec_camera_msgs/msg/detail/device_info__struct.h\n'}
[5.249774] (orbbec_camera_msgs) StdoutLine: {'line': b'-- Installing: /home/sophie/isaac_lab/isaac_ws/rl_code/soarm100sim/third_party/orbbec_v1_ws/install/orbbec_camera_msgs/include/orbbec_camera_msgs/orbbec_camera_msgs/msg/detail/rgbd__functions.c\n'}
[5.249935] (orbbec_camera_msgs) StdoutLine: {'line': b'-- Installing: /home/sophie/isaac_lab/isaac_ws/rl_code/soarm100sim/third_party/orbbec_v1_ws/install/orbbec_camera_msgs/include/orbbec_camera_msgs/orbbec_camera_msgs/msg/detail/metadata__struct.h\n'}
[5.250000] (orbbec_camera_msgs) StdoutLine: {'line': b'-- Installing: /home/sophie/isaac_lab/isaac_ws/rl_code/soarm100sim/third_party/orbbec_v1_ws/install/orbbec_camera_msgs/include/orbbec_camera_msgs/orbbec_camera_msgs/msg/detail/metadata__type_support.h\n'}
[5.250059] (orbbec_camera_msgs) StdoutLine: {'line': b'-- Installing: /home/sophie/isaac_lab/isaac_ws/rl_code/soarm100sim/third_party/orbbec_v1_ws/install/orbbec_camera_msgs/include/orbbec_camera_msgs/orbbec_camera_msgs/msg/detail/imu_info__type_support.h\n'}
[5.250138] (orbbec_camera_msgs) StdoutLine: {'line': b'-- Installing: /home/sophie/isaac_lab/isaac_ws/rl_code/soarm100sim/third_party/orbbec_v1_ws/install/orbbec_camera_msgs/include/orbbec_camera_msgs/orbbec_camera_msgs/msg/detail/device_info__type_support.h\n'}
[5.250197] (orbbec_camera_msgs) StdoutLine: {'line': b'-- Installing: /home/sophie/isaac_lab/isaac_ws/rl_code/soarm100sim/third_party/orbbec_v1_ws/install/orbbec_camera_msgs/include/orbbec_camera_msgs/orbbec_camera_msgs/msg/detail/rgbd__type_support.h\n'}
[5.250258] (orbbec_camera_msgs) StdoutLine: {'line': b'-- Installing: /home/sophie/isaac_lab/isaac_ws/rl_code/soarm100sim/third_party/orbbec_v1_ws/install/orbbec_camera_msgs/include/orbbec_camera_msgs/orbbec_camera_msgs/msg/detail/extrinsics__struct.h\n'}
[5.250326] (orbbec_camera_msgs) StdoutLine: {'line': b'-- Installing: /home/sophie/isaac_lab/isaac_ws/rl_code/soarm100sim/third_party/orbbec_v1_ws/install/orbbec_camera_msgs/include/orbbec_camera_msgs/orbbec_camera_msgs/msg/detail/imu_info__functions.h\n'}
[5.250415] (orbbec_camera_msgs) StdoutLine: {'line': b'-- Installing: /home/sophie/isaac_lab/isaac_ws/rl_code/soarm100sim/third_party/orbbec_v1_ws/install/orbbec_camera_msgs/include/orbbec_camera_msgs/orbbec_camera_msgs/msg/detail/device_info__functions.h\n'}
[5.250549] (orbbec_camera_msgs) StdoutLine: {'line': b'-- Installing: /home/sophie/isaac_lab/isaac_ws/rl_code/soarm100sim/third_party/orbbec_v1_ws/install/orbbec_camera_msgs/include/orbbec_camera_msgs/orbbec_camera_msgs/msg/detail/extrinsics__functions.c\n'}
[5.250656] (orbbec_camera_msgs) StdoutLine: {'line': b'-- Installing: /home/sophie/isaac_lab/isaac_ws/rl_code/soarm100sim/third_party/orbbec_v1_ws/install/orbbec_camera_msgs/include/orbbec_camera_msgs/orbbec_camera_msgs/msg/detail/extrinsics__functions.h\n'}
[5.250760] (orbbec_camera_msgs) StdoutLine: {'line': b'-- Installing: /home/sophie/isaac_lab/isaac_ws/rl_code/soarm100sim/third_party/orbbec_v1_ws/install/orbbec_camera_msgs/include/orbbec_camera_msgs/orbbec_camera_msgs/msg/detail/device_info__functions.c\n'}
[5.250863] (orbbec_camera_msgs) StdoutLine: {'line': b'-- Installing: /home/sophie/isaac_lab/isaac_ws/rl_code/soarm100sim/third_party/orbbec_v1_ws/install/orbbec_camera_msgs/include/orbbec_camera_msgs/orbbec_camera_msgs/msg/extrinsics.h\n'}
[5.250941] (orbbec_camera_msgs) StdoutLine: {'line': b'-- Installing: /home/sophie/isaac_lab/isaac_ws/rl_code/soarm100sim/third_party/orbbec_v1_ws/install/orbbec_camera_msgs/include/orbbec_camera_msgs/orbbec_camera_msgs/msg/rgbd.h\n'}
[5.251022] (orbbec_camera_msgs) StdoutLine: {'line': b'-- Installing: /home/sophie/isaac_lab/isaac_ws/rl_code/soarm100sim/third_party/orbbec_v1_ws/install/orbbec_camera_msgs/include/orbbec_camera_msgs/orbbec_camera_msgs/msg/device_info.h\n'}
[5.251053] (orbbec_camera_msgs) StdoutLine: {'line': b'-- Installing: /home/sophie/isaac_lab/isaac_ws/rl_code/soarm100sim/third_party/orbbec_v1_ws/install/orbbec_camera_msgs/include/orbbec_camera_msgs/orbbec_camera_msgs/msg/imu_info.h\n'}
[5.251083] (orbbec_camera_msgs) StdoutLine: {'line': b'-- Installing: /home/sophie/isaac_lab/isaac_ws/rl_code/soarm100sim/third_party/orbbec_v1_ws/install/orbbec_camera_msgs/include/orbbec_camera_msgs/orbbec_camera_msgs/msg/rosidl_generator_c__visibility_control.h\n'}
[5.251112] (orbbec_camera_msgs) StdoutLine: {'line': b'-- Installing: /home/sophie/isaac_lab/isaac_ws/rl_code/soarm100sim/third_party/orbbec_v1_ws/install/orbbec_camera_msgs/share/orbbec_camera_msgs/environment/library_path.sh\n'}
[5.251141] (orbbec_camera_msgs) StdoutLine: {'line': b'-- Installing: /home/sophie/isaac_lab/isaac_ws/rl_code/soarm100sim/third_party/orbbec_v1_ws/install/orbbec_camera_msgs/share/orbbec_camera_msgs/environment/library_path.dsv\n'}
[5.251171] (orbbec_camera_msgs) StdoutLine: {'line': b'-- Installing: /home/sophie/isaac_lab/isaac_ws/rl_code/soarm100sim/third_party/orbbec_v1_ws/install/orbbec_camera_msgs/lib/liborbbec_camera_msgs__rosidl_generator_c.so\n'}
[5.251285] (orbbec_camera_msgs) StdoutLine: {'line': b'-- Set runtime path of "/home/sophie/isaac_lab/isaac_ws/rl_code/soarm100sim/third_party/orbbec_v1_ws/install/orbbec_camera_msgs/lib/liborbbec_camera_msgs__rosidl_generator_c.so" to ""\n'}
[5.251317] (orbbec_camera_msgs) StdoutLine: {'line': b'-- Up-to-date: /home/sophie/isaac_lab/isaac_ws/rl_code/soarm100sim/third_party/orbbec_v1_ws/install/orbbec_camera_msgs/include/orbbec_camera_msgs/orbbec_camera_msgs\n'}
[5.251347] (orbbec_camera_msgs) StdoutLine: {'line': b'-- Up-to-date: /home/sophie/isaac_lab/isaac_ws/rl_code/soarm100sim/third_party/orbbec_v1_ws/install/orbbec_camera_msgs/include/orbbec_camera_msgs/orbbec_camera_msgs/srv\n'}
[5.251381] (orbbec_camera_msgs) StdoutLine: {'line': b'-- Up-to-date: /home/sophie/isaac_lab/isaac_ws/rl_code/soarm100sim/third_party/orbbec_v1_ws/install/orbbec_camera_msgs/include/orbbec_camera_msgs/orbbec_camera_msgs/srv/detail\n'}
[5.251410] (orbbec_camera_msgs) StdoutLine: {'line': b'-- Installing: /home/sophie/isaac_lab/isaac_ws/rl_code/soarm100sim/third_party/orbbec_v1_ws/install/orbbec_camera_msgs/include/orbbec_camera_msgs/orbbec_camera_msgs/srv/detail/set_int32__rosidl_typesupport_fastrtps_c.h\n'}
[5.251566] (orbbec_camera_msgs) StdoutLine: {'line': b'-- Installing: /home/sophie/isaac_lab/isaac_ws/rl_code/soarm100sim/third_party/orbbec_v1_ws/install/orbbec_camera_msgs/include/orbbec_camera_msgs/orbbec_camera_msgs/srv/detail/get_device_info__rosidl_typesupport_fastrtps_c.h\n'}
[5.251671] (orbbec_camera_msgs) StdoutLine: {'line': b'-- Installing: /home/sophie/isaac_lab/isaac_ws/rl_code/soarm100sim/third_party/orbbec_v1_ws/install/orbbec_camera_msgs/include/orbbec_camera_msgs/orbbec_camera_msgs/srv/detail/get_camera_info__rosidl_typesupport_fastrtps_c.h\n'}
[5.251778] (orbbec_camera_msgs) StdoutLine: {'line': b'-- Installing: /home/sophie/isaac_lab/isaac_ws/rl_code/soarm100sim/third_party/orbbec_v1_ws/install/orbbec_camera_msgs/include/orbbec_camera_msgs/orbbec_camera_msgs/srv/detail/get_bool__rosidl_typesupport_fastrtps_c.h\n'}
[5.251886] (orbbec_camera_msgs) StdoutLine: {'line': b'-- Installing: /home/sophie/isaac_lab/isaac_ws/rl_code/soarm100sim/third_party/orbbec_v1_ws/install/orbbec_camera_msgs/include/orbbec_camera_msgs/orbbec_camera_msgs/srv/detail/get_string__rosidl_typesupport_fastrtps_c.h\n'}
[5.251991] (orbbec_camera_msgs) StdoutLine: {'line': b'-- Installing: /home/sophie/isaac_lab/isaac_ws/rl_code/soarm100sim/third_party/orbbec_v1_ws/install/orbbec_camera_msgs/include/orbbec_camera_msgs/orbbec_camera_msgs/srv/detail/set_string__rosidl_typesupport_fastrtps_c.h\n'}
[5.252099] (orbbec_camera_msgs) StdoutLine: {'line': b'-- Installing: /home/sophie/isaac_lab/isaac_ws/rl_code/soarm100sim/third_party/orbbec_v1_ws/install/orbbec_camera_msgs/include/orbbec_camera_msgs/orbbec_camera_msgs/srv/detail/get_int32__rosidl_typesupport_fastrtps_c.h\n'}
[5.252202] (orbbec_camera_msgs) StdoutLine: {'line': b'-- Up-to-date: /home/sophie/isaac_lab/isaac_ws/rl_code/soarm100sim/third_party/orbbec_v1_ws/install/orbbec_camera_msgs/include/orbbec_camera_msgs/orbbec_camera_msgs/msg\n'}
[5.252301] (orbbec_camera_msgs) StdoutLine: {'line': b'-- Up-to-date: /home/sophie/isaac_lab/isaac_ws/rl_code/soarm100sim/third_party/orbbec_v1_ws/install/orbbec_camera_msgs/include/orbbec_camera_msgs/orbbec_camera_msgs/msg/detail\n'}
[5.252371] (orbbec_camera_msgs) StdoutLine: {'line': b'-- Installing: /home/sophie/isaac_lab/isaac_ws/rl_code/soarm100sim/third_party/orbbec_v1_ws/install/orbbec_camera_msgs/include/orbbec_camera_msgs/orbbec_camera_msgs/msg/detail/extrinsics__rosidl_typesupport_fastrtps_c.h\n'}
[5.252476] (orbbec_camera_msgs) StdoutLine: {'line': b'-- Installing: /home/sophie/isaac_lab/isaac_ws/rl_code/soarm100sim/third_party/orbbec_v1_ws/install/orbbec_camera_msgs/include/orbbec_camera_msgs/orbbec_camera_msgs/msg/detail/metadata__rosidl_typesupport_fastrtps_c.h\n'}
[5.252584] (orbbec_camera_msgs) StdoutLine: {'line': b'-- Installing: /home/sophie/isaac_lab/isaac_ws/rl_code/soarm100sim/third_party/orbbec_v1_ws/install/orbbec_camera_msgs/include/orbbec_camera_msgs/orbbec_camera_msgs/msg/detail/rgbd__rosidl_typesupport_fastrtps_c.h\n'}
[5.252686] (orbbec_camera_msgs) StdoutLine: {'line': b'-- Installing: /home/sophie/isaac_lab/isaac_ws/rl_code/soarm100sim/third_party/orbbec_v1_ws/install/orbbec_camera_msgs/include/orbbec_camera_msgs/orbbec_camera_msgs/msg/detail/imu_info__rosidl_typesupport_fastrtps_c.h\n'}
[5.252790] (orbbec_camera_msgs) StdoutLine: {'line': b'-- Installing: /home/sophie/isaac_lab/isaac_ws/rl_code/soarm100sim/third_party/orbbec_v1_ws/install/orbbec_camera_msgs/include/orbbec_camera_msgs/orbbec_camera_msgs/msg/detail/device_info__rosidl_typesupport_fastrtps_c.h\n'}
[5.252896] (orbbec_camera_msgs) StdoutLine: {'line': b'-- Installing: /home/sophie/isaac_lab/isaac_ws/rl_code/soarm100sim/third_party/orbbec_v1_ws/install/orbbec_camera_msgs/include/orbbec_camera_msgs/orbbec_camera_msgs/msg/rosidl_typesupport_fastrtps_c__visibility_control.h\n'}
[5.252982] (orbbec_camera_msgs) StdoutLine: {'line': b'-- Installing: /home/sophie/isaac_lab/isaac_ws/rl_code/soarm100sim/third_party/orbbec_v1_ws/install/orbbec_camera_msgs/lib/liborbbec_camera_msgs__rosidl_typesupport_fastrtps_c.so\n'}
[5.253084] (orbbec_camera_msgs) StdoutLine: {'line': b'-- Set runtime path of "/home/sophie/isaac_lab/isaac_ws/rl_code/soarm100sim/third_party/orbbec_v1_ws/install/orbbec_camera_msgs/lib/liborbbec_camera_msgs__rosidl_typesupport_fastrtps_c.so" to ""\n'}
[5.253121] (orbbec_camera_msgs) StdoutLine: {'line': b'-- Up-to-date: /home/sophie/isaac_lab/isaac_ws/rl_code/soarm100sim/third_party/orbbec_v1_ws/install/orbbec_camera_msgs/include/orbbec_camera_msgs/orbbec_camera_msgs\n'}
[5.253260] (orbbec_camera_msgs) StdoutLine: {'line': b'-- Up-to-date: /home/sophie/isaac_lab/isaac_ws/rl_code/soarm100sim/third_party/orbbec_v1_ws/install/orbbec_camera_msgs/include/orbbec_camera_msgs/orbbec_camera_msgs/srv\n'}
[5.253449] (orbbec_camera_msgs) StdoutLine: {'line': b'-- Up-to-date: /home/sophie/isaac_lab/isaac_ws/rl_code/soarm100sim/third_party/orbbec_v1_ws/install/orbbec_camera_msgs/include/orbbec_camera_msgs/orbbec_camera_msgs/srv/detail\n'}
[5.253553] (orbbec_camera_msgs) StdoutLine: {'line': b'-- Installing: /home/sophie/isaac_lab/isaac_ws/rl_code/soarm100sim/third_party/orbbec_v1_ws/install/orbbec_camera_msgs/include/orbbec_camera_msgs/orbbec_camera_msgs/srv/detail/set_int32__type_support.c\n'}
[5.253651] (orbbec_camera_msgs) StdoutLine: {'line': b'-- Installing: /home/sophie/isaac_lab/isaac_ws/rl_code/soarm100sim/third_party/orbbec_v1_ws/install/orbbec_camera_msgs/include/orbbec_camera_msgs/orbbec_camera_msgs/srv/detail/set_int32__rosidl_typesupport_introspection_c.h\n'}
[5.253752] (orbbec_camera_msgs) StdoutLine: {'line': b'-- Installing: /home/sophie/isaac_lab/isaac_ws/rl_code/soarm100sim/third_party/orbbec_v1_ws/install/orbbec_camera_msgs/include/orbbec_camera_msgs/orbbec_camera_msgs/srv/detail/get_int32__rosidl_typesupport_introspection_c.h\n'}
[5.253854] (orbbec_camera_msgs) StdoutLine: {'line': b'-- Installing: /home/sophie/isaac_lab/isaac_ws/rl_code/soarm100sim/third_party/orbbec_v1_ws/install/orbbec_camera_msgs/include/orbbec_camera_msgs/orbbec_camera_msgs/srv/detail/get_bool__rosidl_typesupport_introspection_c.h\n'}
[5.254003] (orbbec_camera_msgs) StdoutLine: {'line': b'-- Installing: /home/sophie/isaac_lab/isaac_ws/rl_code/soarm100sim/third_party/orbbec_v1_ws/install/orbbec_camera_msgs/include/orbbec_camera_msgs/orbbec_camera_msgs/srv/detail/get_bool__type_support.c\n'}
[5.254110] (orbbec_camera_msgs) StdoutLine: {'line': b'-- Installing: /home/sophie/isaac_lab/isaac_ws/rl_code/soarm100sim/third_party/orbbec_v1_ws/install/orbbec_camera_msgs/include/orbbec_camera_msgs/orbbec_camera_msgs/srv/detail/set_string__type_support.c\n'}
[5.254215] (orbbec_camera_msgs) StdoutLine: {'line': b'-- Installing: /home/sophie/isaac_lab/isaac_ws/rl_code/soarm100sim/third_party/orbbec_v1_ws/install/orbbec_camera_msgs/include/orbbec_camera_msgs/orbbec_camera_msgs/srv/detail/get_device_info__rosidl_typesupport_introspection_c.h\n'}
[5.254321] (orbbec_camera_msgs) StdoutLine: {'line': b'-- Installing: /home/sophie/isaac_lab/isaac_ws/rl_code/soarm100sim/third_party/orbbec_v1_ws/install/orbbec_camera_msgs/include/orbbec_camera_msgs/orbbec_camera_msgs/srv/detail/get_device_info__type_support.c\n'}
[5.254419] (orbbec_camera_msgs) StdoutLine: {'line': b'-- Installing: /home/sophie/isaac_lab/isaac_ws/rl_code/soarm100sim/third_party/orbbec_v1_ws/install/orbbec_camera_msgs/include/orbbec_camera_msgs/orbbec_camera_msgs/srv/detail/get_camera_info__rosidl_typesupport_introspection_c.h\n'}
[5.254518] (orbbec_camera_msgs) StdoutLine: {'line': b'-- Installing: /home/sophie/isaac_lab/isaac_ws/rl_code/soarm100sim/third_party/orbbec_v1_ws/install/orbbec_camera_msgs/include/orbbec_camera_msgs/orbbec_camera_msgs/srv/detail/set_string__rosidl_typesupport_introspection_c.h\n'}
[5.254611] (orbbec_camera_msgs) StdoutLine: {'line': b'-- Installing: /home/sophie/isaac_lab/isaac_ws/rl_code/soarm100sim/third_party/orbbec_v1_ws/install/orbbec_camera_msgs/include/orbbec_camera_msgs/orbbec_camera_msgs/srv/detail/get_string__type_support.c\n'}
[5.254709] (orbbec_camera_msgs) StdoutLine: {'line': b'-- Installing: /home/sophie/isaac_lab/isaac_ws/rl_code/soarm100sim/third_party/orbbec_v1_ws/install/orbbec_camera_msgs/include/orbbec_camera_msgs/orbbec_camera_msgs/srv/detail/get_string__rosidl_typesupport_introspection_c.h\n'}
[5.254763] (orbbec_camera_msgs) StdoutLine: {'line': b'-- Installing: /home/sophie/isaac_lab/isaac_ws/rl_code/soarm100sim/third_party/orbbec_v1_ws/install/orbbec_camera_msgs/include/orbbec_camera_msgs/orbbec_camera_msgs/srv/detail/get_camera_info__type_support.c\n'}
[5.254950] (orbbec_camera_msgs) StdoutLine: {'line': b'-- Installing: /home/sophie/isaac_lab/isaac_ws/rl_code/soarm100sim/third_party/orbbec_v1_ws/install/orbbec_camera_msgs/include/orbbec_camera_msgs/orbbec_camera_msgs/srv/detail/get_int32__type_support.c\n'}
[5.255008] (orbbec_camera_msgs) StdoutLine: {'line': b'-- Up-to-date: /home/sophie/isaac_lab/isaac_ws/rl_code/soarm100sim/third_party/orbbec_v1_ws/install/orbbec_camera_msgs/include/orbbec_camera_msgs/orbbec_camera_msgs/msg\n'}
[5.255167] (orbbec_camera_msgs) StdoutLine: {'line': b'-- Up-to-date: /home/sophie/isaac_lab/isaac_ws/rl_code/soarm100sim/third_party/orbbec_v1_ws/install/orbbec_camera_msgs/include/orbbec_camera_msgs/orbbec_camera_msgs/msg/detail\n'}
[5.255320] (orbbec_camera_msgs) StdoutLine: {'line': b'-- Installing: /home/sophie/isaac_lab/isaac_ws/rl_code/soarm100sim/third_party/orbbec_v1_ws/install/orbbec_camera_msgs/include/orbbec_camera_msgs/orbbec_camera_msgs/msg/detail/extrinsics__rosidl_typesupport_introspection_c.h\n'}
[5.255452] (orbbec_camera_msgs) StdoutLine: {'line': b'-- Installing: /home/sophie/isaac_lab/isaac_ws/rl_code/soarm100sim/third_party/orbbec_v1_ws/install/orbbec_camera_msgs/include/orbbec_camera_msgs/orbbec_camera_msgs/msg/detail/extrinsics__type_support.c\n'}
[5.255509] (orbbec_camera_msgs) StdoutLine: {'line': b'-- Installing: /home/sophie/isaac_lab/isaac_ws/rl_code/soarm100sim/third_party/orbbec_v1_ws/install/orbbec_camera_msgs/include/orbbec_camera_msgs/orbbec_camera_msgs/msg/detail/rgbd__rosidl_typesupport_introspection_c.h\n'}
[5.255621] (orbbec_camera_msgs) StdoutLine: {'line': b'-- Installing: /home/sophie/isaac_lab/isaac_ws/rl_code/soarm100sim/third_party/orbbec_v1_ws/install/orbbec_camera_msgs/include/orbbec_camera_msgs/orbbec_camera_msgs/msg/detail/metadata__rosidl_typesupport_introspection_c.h\n'}
[5.255716] (orbbec_camera_msgs) StdoutLine: {'line': b'-- Installing: /home/sophie/isaac_lab/isaac_ws/rl_code/soarm100sim/third_party/orbbec_v1_ws/install/orbbec_camera_msgs/include/orbbec_camera_msgs/orbbec_camera_msgs/msg/detail/imu_info__rosidl_typesupport_introspection_c.h\n'}
[5.255762] (orbbec_camera_msgs) StdoutLine: {'line': b'-- Installing: /home/sophie/isaac_lab/isaac_ws/rl_code/soarm100sim/third_party/orbbec_v1_ws/install/orbbec_camera_msgs/include/orbbec_camera_msgs/orbbec_camera_msgs/msg/detail/device_info__type_support.c\n'}
[5.255807] (orbbec_camera_msgs) StdoutLine: {'line': b'-- Installing: /home/sophie/isaac_lab/isaac_ws/rl_code/soarm100sim/third_party/orbbec_v1_ws/install/orbbec_camera_msgs/include/orbbec_camera_msgs/orbbec_camera_msgs/msg/detail/imu_info__type_support.c\n'}
[5.255984] (orbbec_camera_msgs) StdoutLine: {'line': b'-- Installing: /home/sophie/isaac_lab/isaac_ws/rl_code/soarm100sim/third_party/orbbec_v1_ws/install/orbbec_camera_msgs/include/orbbec_camera_msgs/orbbec_camera_msgs/msg/detail/rgbd__type_support.c\n'}
[5.256110] (orbbec_camera_msgs) StdoutLine: {'line': b'-- Installing: /home/sophie/isaac_lab/isaac_ws/rl_code/soarm100sim/third_party/orbbec_v1_ws/install/orbbec_camera_msgs/include/orbbec_camera_msgs/orbbec_camera_msgs/msg/detail/metadata__type_support.c\n'}
[5.256263] (orbbec_camera_msgs) StdoutLine: {'line': b'-- Installing: /home/sophie/isaac_lab/isaac_ws/rl_code/soarm100sim/third_party/orbbec_v1_ws/install/orbbec_camera_msgs/include/orbbec_camera_msgs/orbbec_camera_msgs/msg/detail/device_info__rosidl_typesupport_introspection_c.h\n'}
[5.256310] (orbbec_camera_msgs) StdoutLine: {'line': b'-- Installing: /home/sophie/isaac_lab/isaac_ws/rl_code/soarm100sim/third_party/orbbec_v1_ws/install/orbbec_camera_msgs/include/orbbec_camera_msgs/orbbec_camera_msgs/msg/rosidl_typesupport_introspection_c__visibility_control.h\n'}
[5.256360] (orbbec_camera_msgs) StdoutLine: {'line': b'-- Installing: /home/sophie/isaac_lab/isaac_ws/rl_code/soarm100sim/third_party/orbbec_v1_ws/install/orbbec_camera_msgs/lib/liborbbec_camera_msgs__rosidl_typesupport_introspection_c.so\n'}
[5.256524] (orbbec_camera_msgs) StdoutLine: {'line': b'-- Set runtime path of "/home/sophie/isaac_lab/isaac_ws/rl_code/soarm100sim/third_party/orbbec_v1_ws/install/orbbec_camera_msgs/lib/liborbbec_camera_msgs__rosidl_typesupport_introspection_c.so" to ""\n'}
[5.256578] (orbbec_camera_msgs) StdoutLine: {'line': b'-- Installing: /home/sophie/isaac_lab/isaac_ws/rl_code/soarm100sim/third_party/orbbec_v1_ws/install/orbbec_camera_msgs/lib/liborbbec_camera_msgs__rosidl_typesupport_c.so\n'}
[5.256630] (orbbec_camera_msgs) StdoutLine: {'line': b'-- Set runtime path of "/home/sophie/isaac_lab/isaac_ws/rl_code/soarm100sim/third_party/orbbec_v1_ws/install/orbbec_camera_msgs/lib/liborbbec_camera_msgs__rosidl_typesupport_c.so" to ""\n'}
[5.256794] (orbbec_camera_msgs) StdoutLine: {'line': b'-- Up-to-date: /home/sophie/isaac_lab/isaac_ws/rl_code/soarm100sim/third_party/orbbec_v1_ws/install/orbbec_camera_msgs/include/orbbec_camera_msgs/orbbec_camera_msgs\n'}
[5.256928] (orbbec_camera_msgs) StdoutLine: {'line': b'-- Up-to-date: /home/sophie/isaac_lab/isaac_ws/rl_code/soarm100sim/third_party/orbbec_v1_ws/install/orbbec_camera_msgs/include/orbbec_camera_msgs/orbbec_camera_msgs/srv\n'}
[5.256986] (orbbec_camera_msgs) StdoutLine: {'line': b'-- Up-to-date: /home/sophie/isaac_lab/isaac_ws/rl_code/soarm100sim/third_party/orbbec_v1_ws/install/orbbec_camera_msgs/include/orbbec_camera_msgs/orbbec_camera_msgs/srv/detail\n'}
[5.257038] (orbbec_camera_msgs) StdoutLine: {'line': b'-- Installing: /home/sophie/isaac_lab/isaac_ws/rl_code/soarm100sim/third_party/orbbec_v1_ws/install/orbbec_camera_msgs/include/orbbec_camera_msgs/orbbec_camera_msgs/srv/detail/get_bool__struct.hpp\n'}
[5.257192] (orbbec_camera_msgs) StdoutLine: {'line': b'-- Installing: /home/sophie/isaac_lab/isaac_ws/rl_code/soarm100sim/third_party/orbbec_v1_ws/install/orbbec_camera_msgs/include/orbbec_camera_msgs/orbbec_camera_msgs/srv/detail/get_device_info__traits.hpp\n'}
[5.257247] (orbbec_camera_msgs) StdoutLine: {'line': b'-- Installing: /home/sophie/isaac_lab/isaac_ws/rl_code/soarm100sim/third_party/orbbec_v1_ws/install/orbbec_camera_msgs/include/orbbec_camera_msgs/orbbec_camera_msgs/srv/detail/get_int32__builder.hpp\n'}
[5.257295] (orbbec_camera_msgs) StdoutLine: {'line': b'-- Installing: /home/sophie/isaac_lab/isaac_ws/rl_code/soarm100sim/third_party/orbbec_v1_ws/install/orbbec_camera_msgs/include/orbbec_camera_msgs/orbbec_camera_msgs/srv/detail/get_camera_info__type_support.hpp\n'}
[5.257344] (orbbec_camera_msgs) StdoutLine: {'line': b'-- Installing: /home/sophie/isaac_lab/isaac_ws/rl_code/soarm100sim/third_party/orbbec_v1_ws/install/orbbec_camera_msgs/include/orbbec_camera_msgs/orbbec_camera_msgs/srv/detail/get_string__type_support.hpp\n'}
[5.257470] (orbbec_camera_msgs) StdoutLine: {'line': b'-- Installing: /home/sophie/isaac_lab/isaac_ws/rl_code/soarm100sim/third_party/orbbec_v1_ws/install/orbbec_camera_msgs/include/orbbec_camera_msgs/orbbec_camera_msgs/srv/detail/set_int32__traits.hpp\n'}
[5.257520] (orbbec_camera_msgs) StdoutLine: {'line': b'-- Installing: /home/sophie/isaac_lab/isaac_ws/rl_code/soarm100sim/third_party/orbbec_v1_ws/install/orbbec_camera_msgs/include/orbbec_camera_msgs/orbbec_camera_msgs/srv/detail/set_int32__type_support.hpp\n'}
[5.257567] (orbbec_camera_msgs) StdoutLine: {'line': b'-- Installing: /home/sophie/isaac_lab/isaac_ws/rl_code/soarm100sim/third_party/orbbec_v1_ws/install/orbbec_camera_msgs/include/orbbec_camera_msgs/orbbec_camera_msgs/srv/detail/set_string__builder.hpp\n'}
[5.257699] (orbbec_camera_msgs) StdoutLine: {'line': b'-- Installing: /home/sophie/isaac_lab/isaac_ws/rl_code/soarm100sim/third_party/orbbec_v1_ws/install/orbbec_camera_msgs/include/orbbec_camera_msgs/orbbec_camera_msgs/srv/detail/set_int32__builder.hpp\n'}
[5.257755] (orbbec_camera_msgs) StdoutLine: {'line': b'-- Installing: /home/sophie/isaac_lab/isaac_ws/rl_code/soarm100sim/third_party/orbbec_v1_ws/install/orbbec_camera_msgs/include/orbbec_camera_msgs/orbbec_camera_msgs/srv/detail/set_int32__struct.hpp\n'}
[5.257807] (orbbec_camera_msgs) StdoutLine: {'line': b'-- Installing: /home/sophie/isaac_lab/isaac_ws/rl_code/soarm100sim/third_party/orbbec_v1_ws/install/orbbec_camera_msgs/include/orbbec_camera_msgs/orbbec_camera_msgs/srv/detail/get_int32__struct.hpp\n'}
[5.257978] (orbbec_camera_msgs) StdoutLine: {'line': b'-- Installing: /home/sophie/isaac_lab/isaac_ws/rl_code/soarm100sim/third_party/orbbec_v1_ws/install/orbbec_camera_msgs/include/orbbec_camera_msgs/orbbec_camera_msgs/srv/detail/set_string__type_support.hpp\n'}
[5.258037] (orbbec_camera_msgs) StdoutLine: {'line': b'-- Installing: /home/sophie/isaac_lab/isaac_ws/rl_code/soarm100sim/third_party/orbbec_v1_ws/install/orbbec_camera_msgs/include/orbbec_camera_msgs/orbbec_camera_msgs/srv/detail/get_camera_info__traits.hpp\n'}
[5.258190] (orbbec_camera_msgs) StdoutLine: {'line': b'-- Installing: /home/sophie/isaac_lab/isaac_ws/rl_code/soarm100sim/third_party/orbbec_v1_ws/install/orbbec_camera_msgs/include/orbbec_camera_msgs/orbbec_camera_msgs/srv/detail/get_int32__traits.hpp\n'}
[5.258241] (orbbec_camera_msgs) StdoutLine: {'line': b'-- Installing: /home/sophie/isaac_lab/isaac_ws/rl_code/soarm100sim/third_party/orbbec_v1_ws/install/orbbec_camera_msgs/include/orbbec_camera_msgs/orbbec_camera_msgs/srv/detail/get_bool__builder.hpp\n'}
[5.258323] (orbbec_camera_msgs) StdoutLine: {'line': b'-- Installing: /home/sophie/isaac_lab/isaac_ws/rl_code/soarm100sim/third_party/orbbec_v1_ws/install/orbbec_camera_msgs/include/orbbec_camera_msgs/orbbec_camera_msgs/srv/detail/get_string__builder.hpp\n'}
[5.258995] (orbbec_camera_msgs) StdoutLine: {'line': b'-- Installing: /home/sophie/isaac_lab/isaac_ws/rl_code/soarm100sim/third_party/orbbec_v1_ws/install/orbbec_camera_msgs/include/orbbec_camera_msgs/orbbec_camera_msgs/srv/detail/get_device_info__struct.hpp\n'}
[5.259166] (orbbec_camera_msgs) StdoutLine: {'line': b'-- Installing: /home/sophie/isaac_lab/isaac_ws/rl_code/soarm100sim/third_party/orbbec_v1_ws/install/orbbec_camera_msgs/include/orbbec_camera_msgs/orbbec_camera_msgs/srv/detail/get_camera_info__struct.hpp\n'}
[5.259220] (orbbec_camera_msgs) StdoutLine: {'line': b'-- Installing: /home/sophie/isaac_lab/isaac_ws/rl_code/soarm100sim/third_party/orbbec_v1_ws/install/orbbec_camera_msgs/include/orbbec_camera_msgs/orbbec_camera_msgs/srv/detail/set_string__traits.hpp\n'}
[5.259271] (orbbec_camera_msgs) StdoutLine: {'line': b'-- Installing: /home/sophie/isaac_lab/isaac_ws/rl_code/soarm100sim/third_party/orbbec_v1_ws/install/orbbec_camera_msgs/include/orbbec_camera_msgs/orbbec_camera_msgs/srv/detail/get_int32__type_support.hpp\n'}
[5.259424] (orbbec_camera_msgs) StdoutLine: {'line': b'-- Installing: /home/sophie/isaac_lab/isaac_ws/rl_code/soarm100sim/third_party/orbbec_v1_ws/install/orbbec_camera_msgs/include/orbbec_camera_msgs/orbbec_camera_msgs/srv/detail/get_bool__type_support.hpp\n'}
[5.259515] (orbbec_camera_msgs) StdoutLine: {'line': b'-- Installing: /home/sophie/isaac_lab/isaac_ws/rl_code/soarm100sim/third_party/orbbec_v1_ws/install/orbbec_camera_msgs/include/orbbec_camera_msgs/orbbec_camera_msgs/srv/detail/get_string__struct.hpp\n'}
[5.259600] (orbbec_camera_msgs) StdoutLine: {'line': b'-- Installing: /home/sophie/isaac_lab/isaac_ws/rl_code/soarm100sim/third_party/orbbec_v1_ws/install/orbbec_camera_msgs/include/orbbec_camera_msgs/orbbec_camera_msgs/srv/detail/get_string__traits.hpp\n'}
[5.259652] (orbbec_camera_msgs) StdoutLine: {'line': b'-- Installing: /home/sophie/isaac_lab/isaac_ws/rl_code/soarm100sim/third_party/orbbec_v1_ws/install/orbbec_camera_msgs/include/orbbec_camera_msgs/orbbec_camera_msgs/srv/detail/get_bool__traits.hpp\n'}
[5.259755] (orbbec_camera_msgs) StdoutLine: {'line': b'-- Installing: /home/sophie/isaac_lab/isaac_ws/rl_code/soarm100sim/third_party/orbbec_v1_ws/install/orbbec_camera_msgs/include/orbbec_camera_msgs/orbbec_camera_msgs/srv/detail/get_device_info__type_support.hpp\n'}
[5.259807] (orbbec_camera_msgs) StdoutLine: {'line': b'-- Installing: /home/sophie/isaac_lab/isaac_ws/rl_code/soarm100sim/third_party/orbbec_v1_ws/install/orbbec_camera_msgs/include/orbbec_camera_msgs/orbbec_camera_msgs/srv/detail/get_camera_info__builder.hpp\n'}
[5.259911] (orbbec_camera_msgs) StdoutLine: {'line': b'-- Installing: /home/sophie/isaac_lab/isaac_ws/rl_code/soarm100sim/third_party/orbbec_v1_ws/install/orbbec_camera_msgs/include/orbbec_camera_msgs/orbbec_camera_msgs/srv/detail/set_string__struct.hpp\n'}
[5.259968] (orbbec_camera_msgs) StdoutLine: {'line': b'-- Installing: /home/sophie/isaac_lab/isaac_ws/rl_code/soarm100sim/third_party/orbbec_v1_ws/install/orbbec_camera_msgs/include/orbbec_camera_msgs/orbbec_camera_msgs/srv/detail/get_device_info__builder.hpp\n'}
[5.260014] (orbbec_camera_msgs) StdoutLine: {'line': b'-- Installing: /home/sophie/isaac_lab/isaac_ws/rl_code/soarm100sim/third_party/orbbec_v1_ws/install/orbbec_camera_msgs/include/orbbec_camera_msgs/orbbec_camera_msgs/srv/get_device_info.hpp\n'}
[5.260059] (orbbec_camera_msgs) StdoutLine: {'line': b'-- Installing: /home/sophie/isaac_lab/isaac_ws/rl_code/soarm100sim/third_party/orbbec_v1_ws/install/orbbec_camera_msgs/include/orbbec_camera_msgs/orbbec_camera_msgs/srv/set_string.hpp\n'}
[5.260103] (orbbec_camera_msgs) StdoutLine: {'line': b'-- Installing: /home/sophie/isaac_lab/isaac_ws/rl_code/soarm100sim/third_party/orbbec_v1_ws/install/orbbec_camera_msgs/include/orbbec_camera_msgs/orbbec_camera_msgs/srv/get_camera_info.hpp\n'}
[5.260146] (orbbec_camera_msgs) StdoutLine: {'line': b'-- Installing: /home/sophie/isaac_lab/isaac_ws/rl_code/soarm100sim/third_party/orbbec_v1_ws/install/orbbec_camera_msgs/include/orbbec_camera_msgs/orbbec_camera_msgs/srv/get_int32.hpp\n'}
[5.260188] (orbbec_camera_msgs) StdoutLine: {'line': b'-- Installing: /home/sophie/isaac_lab/isaac_ws/rl_code/soarm100sim/third_party/orbbec_v1_ws/install/orbbec_camera_msgs/include/orbbec_camera_msgs/orbbec_camera_msgs/srv/get_bool.hpp\n'}
[5.260230] (orbbec_camera_msgs) StdoutLine: {'line': b'-- Installing: /home/sophie/isaac_lab/isaac_ws/rl_code/soarm100sim/third_party/orbbec_v1_ws/install/orbbec_camera_msgs/include/orbbec_camera_msgs/orbbec_camera_msgs/srv/get_string.hpp\n'}
[5.260274] (orbbec_camera_msgs) StdoutLine: {'line': b'-- Installing: /home/sophie/isaac_lab/isaac_ws/rl_code/soarm100sim/third_party/orbbec_v1_ws/install/orbbec_camera_msgs/include/orbbec_camera_msgs/orbbec_camera_msgs/srv/set_int32.hpp\n'}
[5.260317] (orbbec_camera_msgs) StdoutLine: {'line': b'-- Up-to-date: /home/sophie/isaac_lab/isaac_ws/rl_code/soarm100sim/third_party/orbbec_v1_ws/install/orbbec_camera_msgs/include/orbbec_camera_msgs/orbbec_camera_msgs/msg\n'}
[5.260362] (orbbec_camera_msgs) StdoutLine: {'line': b'-- Up-to-date: /home/sophie/isaac_lab/isaac_ws/rl_code/soarm100sim/third_party/orbbec_v1_ws/install/orbbec_camera_msgs/include/orbbec_camera_msgs/orbbec_camera_msgs/msg/detail\n'}
[5.260406] (orbbec_camera_msgs) StdoutLine: {'line': b'-- Installing: /home/sophie/isaac_lab/isaac_ws/rl_code/soarm100sim/third_party/orbbec_v1_ws/install/orbbec_camera_msgs/include/orbbec_camera_msgs/orbbec_camera_msgs/msg/detail/rgbd__builder.hpp\n'}
[5.260449] (orbbec_camera_msgs) StdoutLine: {'line': b'-- Installing: /home/sophie/isaac_lab/isaac_ws/rl_code/soarm100sim/third_party/orbbec_v1_ws/install/orbbec_camera_msgs/include/orbbec_camera_msgs/orbbec_camera_msgs/msg/detail/rgbd__type_support.hpp\n'}
[5.260491] (orbbec_camera_msgs) StdoutLine: {'line': b'-- Installing: /home/sophie/isaac_lab/isaac_ws/rl_code/soarm100sim/third_party/orbbec_v1_ws/install/orbbec_camera_msgs/include/orbbec_camera_msgs/orbbec_camera_msgs/msg/detail/metadata__traits.hpp\n'}
[5.260536] (orbbec_camera_msgs) StdoutLine: {'line': b'-- Installing: /home/sophie/isaac_lab/isaac_ws/rl_code/soarm100sim/third_party/orbbec_v1_ws/install/orbbec_camera_msgs/include/orbbec_camera_msgs/orbbec_camera_msgs/msg/detail/metadata__struct.hpp\n'}
[5.260580] (orbbec_camera_msgs) StdoutLine: {'line': b'-- Installing: /home/sophie/isaac_lab/isaac_ws/rl_code/soarm100sim/third_party/orbbec_v1_ws/install/orbbec_camera_msgs/include/orbbec_camera_msgs/orbbec_camera_msgs/msg/detail/imu_info__struct.hpp\n'}
[5.260621] (orbbec_camera_msgs) StdoutLine: {'line': b'-- Installing: /home/sophie/isaac_lab/isaac_ws/rl_code/soarm100sim/third_party/orbbec_v1_ws/install/orbbec_camera_msgs/include/orbbec_camera_msgs/orbbec_camera_msgs/msg/detail/device_info__type_support.hpp\n'}
[5.260664] (orbbec_camera_msgs) StdoutLine: {'line': b'-- Installing: /home/sophie/isaac_lab/isaac_ws/rl_code/soarm100sim/third_party/orbbec_v1_ws/install/orbbec_camera_msgs/include/orbbec_camera_msgs/orbbec_camera_msgs/msg/detail/rgbd__traits.hpp\n'}
[5.260707] (orbbec_camera_msgs) StdoutLine: {'line': b'-- Installing: /home/sophie/isaac_lab/isaac_ws/rl_code/soarm100sim/third_party/orbbec_v1_ws/install/orbbec_camera_msgs/include/orbbec_camera_msgs/orbbec_camera_msgs/msg/detail/metadata__builder.hpp\n'}
[5.260749] (orbbec_camera_msgs) StdoutLine: {'line': b'-- Installing: /home/sophie/isaac_lab/isaac_ws/rl_code/soarm100sim/third_party/orbbec_v1_ws/install/orbbec_camera_msgs/include/orbbec_camera_msgs/orbbec_camera_msgs/msg/detail/extrinsics__traits.hpp\n'}
[5.260792] (orbbec_camera_msgs) StdoutLine: {'line': b'-- Installing: /home/sophie/isaac_lab/isaac_ws/rl_code/soarm100sim/third_party/orbbec_v1_ws/install/orbbec_camera_msgs/include/orbbec_camera_msgs/orbbec_camera_msgs/msg/detail/metadata__type_support.hpp\n'}
[5.260838] (orbbec_camera_msgs) StdoutLine: {'line': b'-- Installing: /home/sophie/isaac_lab/isaac_ws/rl_code/soarm100sim/third_party/orbbec_v1_ws/install/orbbec_camera_msgs/include/orbbec_camera_msgs/orbbec_camera_msgs/msg/detail/extrinsics__type_support.hpp\n'}
[5.260880] (orbbec_camera_msgs) StdoutLine: {'line': b'-- Installing: /home/sophie/isaac_lab/isaac_ws/rl_code/soarm100sim/third_party/orbbec_v1_ws/install/orbbec_camera_msgs/include/orbbec_camera_msgs/orbbec_camera_msgs/msg/detail/imu_info__builder.hpp\n'}
[5.260928] (orbbec_camera_msgs) StdoutLine: {'line': b'-- Installing: /home/sophie/isaac_lab/isaac_ws/rl_code/soarm100sim/third_party/orbbec_v1_ws/install/orbbec_camera_msgs/include/orbbec_camera_msgs/orbbec_camera_msgs/msg/detail/extrinsics__struct.hpp\n'}
[5.260973] (orbbec_camera_msgs) StdoutLine: {'line': b'-- Installing: /home/sophie/isaac_lab/isaac_ws/rl_code/soarm100sim/third_party/orbbec_v1_ws/install/orbbec_camera_msgs/include/orbbec_camera_msgs/orbbec_camera_msgs/msg/detail/device_info__struct.hpp\n'}
[5.261017] (orbbec_camera_msgs) StdoutLine: {'line': b'-- Installing: /home/sophie/isaac_lab/isaac_ws/rl_code/soarm100sim/third_party/orbbec_v1_ws/install/orbbec_camera_msgs/include/orbbec_camera_msgs/orbbec_camera_msgs/msg/detail/rgbd__struct.hpp\n'}
[5.261058] (orbbec_camera_msgs) StdoutLine: {'line': b'-- Installing: /home/sophie/isaac_lab/isaac_ws/rl_code/soarm100sim/third_party/orbbec_v1_ws/install/orbbec_camera_msgs/include/orbbec_camera_msgs/orbbec_camera_msgs/msg/detail/device_info__traits.hpp\n'}
[5.261099] (orbbec_camera_msgs) StdoutLine: {'line': b'-- Installing: /home/sophie/isaac_lab/isaac_ws/rl_code/soarm100sim/third_party/orbbec_v1_ws/install/orbbec_camera_msgs/include/orbbec_camera_msgs/orbbec_camera_msgs/msg/detail/device_info__builder.hpp\n'}
[5.261143] (orbbec_camera_msgs) StdoutLine: {'line': b'-- Installing: /home/sophie/isaac_lab/isaac_ws/rl_code/soarm100sim/third_party/orbbec_v1_ws/install/orbbec_camera_msgs/include/orbbec_camera_msgs/orbbec_camera_msgs/msg/detail/imu_info__type_support.hpp\n'}
[5.261184] (orbbec_camera_msgs) StdoutLine: {'line': b'-- Installing: /home/sophie/isaac_lab/isaac_ws/rl_code/soarm100sim/third_party/orbbec_v1_ws/install/orbbec_camera_msgs/include/orbbec_camera_msgs/orbbec_camera_msgs/msg/detail/extrinsics__builder.hpp\n'}
[5.261227] (orbbec_camera_msgs) StdoutLine: {'line': b'-- Installing: /home/sophie/isaac_lab/isaac_ws/rl_code/soarm100sim/third_party/orbbec_v1_ws/install/orbbec_camera_msgs/include/orbbec_camera_msgs/orbbec_camera_msgs/msg/detail/imu_info__traits.hpp\n'}
[5.261269] (orbbec_camera_msgs) StdoutLine: {'line': b'-- Installing: /home/sophie/isaac_lab/isaac_ws/rl_code/soarm100sim/third_party/orbbec_v1_ws/install/orbbec_camera_msgs/include/orbbec_camera_msgs/orbbec_camera_msgs/msg/imu_info.hpp\n'}
[5.261310] (orbbec_camera_msgs) StdoutLine: {'line': b'-- Installing: /home/sophie/isaac_lab/isaac_ws/rl_code/soarm100sim/third_party/orbbec_v1_ws/install/orbbec_camera_msgs/include/orbbec_camera_msgs/orbbec_camera_msgs/msg/extrinsics.hpp\n'}
[5.261347] (orbbec_camera_msgs) StdoutLine: {'line': b'-- Installing: /home/sophie/isaac_lab/isaac_ws/rl_code/soarm100sim/third_party/orbbec_v1_ws/install/orbbec_camera_msgs/include/orbbec_camera_msgs/orbbec_camera_msgs/msg/metadata.hpp\n'}
[5.261374] (orbbec_camera_msgs) StdoutLine: {'line': b'-- Installing: /home/sophie/isaac_lab/isaac_ws/rl_code/soarm100sim/third_party/orbbec_v1_ws/install/orbbec_camera_msgs/include/orbbec_camera_msgs/orbbec_camera_msgs/msg/rosidl_generator_cpp__visibility_control.hpp\n'}
[5.261405] (orbbec_camera_msgs) StdoutLine: {'line': b'-- Installing: /home/sophie/isaac_lab/isaac_ws/rl_code/soarm100sim/third_party/orbbec_v1_ws/install/orbbec_camera_msgs/include/orbbec_camera_msgs/orbbec_camera_msgs/msg/rgbd.hpp\n'}
[5.261433] (orbbec_camera_msgs) StdoutLine: {'line': b'-- Installing: /home/sophie/isaac_lab/isaac_ws/rl_code/soarm100sim/third_party/orbbec_v1_ws/install/orbbec_camera_msgs/include/orbbec_camera_msgs/orbbec_camera_msgs/msg/device_info.hpp\n'}
[5.261464] (orbbec_camera_msgs) StdoutLine: {'line': b'-- Up-to-date: /home/sophie/isaac_lab/isaac_ws/rl_code/soarm100sim/third_party/orbbec_v1_ws/install/orbbec_camera_msgs/include/orbbec_camera_msgs/orbbec_camera_msgs\n'}
[5.261490] (orbbec_camera_msgs) StdoutLine: {'line': b'-- Up-to-date: /home/sophie/isaac_lab/isaac_ws/rl_code/soarm100sim/third_party/orbbec_v1_ws/install/orbbec_camera_msgs/include/orbbec_camera_msgs/orbbec_camera_msgs/srv\n'}
[5.261516] (orbbec_camera_msgs) StdoutLine: {'line': b'-- Up-to-date: /home/sophie/isaac_lab/isaac_ws/rl_code/soarm100sim/third_party/orbbec_v1_ws/install/orbbec_camera_msgs/include/orbbec_camera_msgs/orbbec_camera_msgs/srv/detail\n'}
[5.261541] (orbbec_camera_msgs) StdoutLine: {'line': b'-- Installing: /home/sophie/isaac_lab/isaac_ws/rl_code/soarm100sim/third_party/orbbec_v1_ws/install/orbbec_camera_msgs/include/orbbec_camera_msgs/orbbec_camera_msgs/srv/detail/get_int32__rosidl_typesupport_fastrtps_cpp.hpp\n'}
[5.261567] (orbbec_camera_msgs) StdoutLine: {'line': b'-- Installing: /home/sophie/isaac_lab/isaac_ws/rl_code/soarm100sim/third_party/orbbec_v1_ws/install/orbbec_camera_msgs/include/orbbec_camera_msgs/orbbec_camera_msgs/srv/detail/set_string__rosidl_typesupport_fastrtps_cpp.hpp\n'}
[5.261597] (orbbec_camera_msgs) StdoutLine: {'line': b'-- Installing: /home/sophie/isaac_lab/isaac_ws/rl_code/soarm100sim/third_party/orbbec_v1_ws/install/orbbec_camera_msgs/include/orbbec_camera_msgs/orbbec_camera_msgs/srv/detail/get_device_info__rosidl_typesupport_fastrtps_cpp.hpp\n'}
[5.261626] (orbbec_camera_msgs) StdoutLine: {'line': b'-- Installing: /home/sophie/isaac_lab/isaac_ws/rl_code/soarm100sim/third_party/orbbec_v1_ws/install/orbbec_camera_msgs/include/orbbec_camera_msgs/orbbec_camera_msgs/srv/detail/set_int32__rosidl_typesupport_fastrtps_cpp.hpp\n'}
[5.261654] (orbbec_camera_msgs) StdoutLine: {'line': b'-- Installing: /home/sophie/isaac_lab/isaac_ws/rl_code/soarm100sim/third_party/orbbec_v1_ws/install/orbbec_camera_msgs/include/orbbec_camera_msgs/orbbec_camera_msgs/srv/detail/get_camera_info__rosidl_typesupport_fastrtps_cpp.hpp\n'}
[5.261681] (orbbec_camera_msgs) StdoutLine: {'line': b'-- Installing: /home/sophie/isaac_lab/isaac_ws/rl_code/soarm100sim/third_party/orbbec_v1_ws/install/orbbec_camera_msgs/include/orbbec_camera_msgs/orbbec_camera_msgs/srv/detail/get_bool__rosidl_typesupport_fastrtps_cpp.hpp\n'}
[5.261708] (orbbec_camera_msgs) StdoutLine: {'line': b'-- Installing: /home/sophie/isaac_lab/isaac_ws/rl_code/soarm100sim/third_party/orbbec_v1_ws/install/orbbec_camera_msgs/include/orbbec_camera_msgs/orbbec_camera_msgs/srv/detail/get_string__rosidl_typesupport_fastrtps_cpp.hpp\n'}
[5.261735] (orbbec_camera_msgs) StdoutLine: {'line': b'-- Installing: /home/sophie/isaac_lab/isaac_ws/rl_code/soarm100sim/third_party/orbbec_v1_ws/install/orbbec_camera_msgs/include/orbbec_camera_msgs/orbbec_camera_msgs/srv/detail/dds_fastrtps\n'}
[5.261762] (orbbec_camera_msgs) StdoutLine: {'line': b'-- Up-to-date: /home/sophie/isaac_lab/isaac_ws/rl_code/soarm100sim/third_party/orbbec_v1_ws/install/orbbec_camera_msgs/include/orbbec_camera_msgs/orbbec_camera_msgs/msg\n'}
[5.261788] (orbbec_camera_msgs) StdoutLine: {'line': b'-- Up-to-date: /home/sophie/isaac_lab/isaac_ws/rl_code/soarm100sim/third_party/orbbec_v1_ws/install/orbbec_camera_msgs/include/orbbec_camera_msgs/orbbec_camera_msgs/msg/detail\n'}
[5.261814] (orbbec_camera_msgs) StdoutLine: {'line': b'-- Installing: /home/sophie/isaac_lab/isaac_ws/rl_code/soarm100sim/third_party/orbbec_v1_ws/install/orbbec_camera_msgs/include/orbbec_camera_msgs/orbbec_camera_msgs/msg/detail/extrinsics__rosidl_typesupport_fastrtps_cpp.hpp\n'}
[5.261841] (orbbec_camera_msgs) StdoutLine: {'line': b'-- Installing: /home/sophie/isaac_lab/isaac_ws/rl_code/soarm100sim/third_party/orbbec_v1_ws/install/orbbec_camera_msgs/include/orbbec_camera_msgs/orbbec_camera_msgs/msg/detail/metadata__rosidl_typesupport_fastrtps_cpp.hpp\n'}
[5.261867] (orbbec_camera_msgs) StdoutLine: {'line': b'-- Installing: /home/sophie/isaac_lab/isaac_ws/rl_code/soarm100sim/third_party/orbbec_v1_ws/install/orbbec_camera_msgs/include/orbbec_camera_msgs/orbbec_camera_msgs/msg/detail/rgbd__rosidl_typesupport_fastrtps_cpp.hpp\n'}
[5.261895] (orbbec_camera_msgs) StdoutLine: {'line': b'-- Installing: /home/sophie/isaac_lab/isaac_ws/rl_code/soarm100sim/third_party/orbbec_v1_ws/install/orbbec_camera_msgs/include/orbbec_camera_msgs/orbbec_camera_msgs/msg/detail/device_info__rosidl_typesupport_fastrtps_cpp.hpp\n'}
[5.261930] (orbbec_camera_msgs) StdoutLine: {'line': b'-- Installing: /home/sophie/isaac_lab/isaac_ws/rl_code/soarm100sim/third_party/orbbec_v1_ws/install/orbbec_camera_msgs/include/orbbec_camera_msgs/orbbec_camera_msgs/msg/detail/imu_info__rosidl_typesupport_fastrtps_cpp.hpp\n'}
[5.261962] (orbbec_camera_msgs) StdoutLine: {'line': b'-- Installing: /home/sophie/isaac_lab/isaac_ws/rl_code/soarm100sim/third_party/orbbec_v1_ws/install/orbbec_camera_msgs/include/orbbec_camera_msgs/orbbec_camera_msgs/msg/detail/dds_fastrtps\n'}
[5.261988] (orbbec_camera_msgs) StdoutLine: {'line': b'-- Installing: /home/sophie/isaac_lab/isaac_ws/rl_code/soarm100sim/third_party/orbbec_v1_ws/install/orbbec_camera_msgs/include/orbbec_camera_msgs/orbbec_camera_msgs/msg/rosidl_typesupport_fastrtps_cpp__visibility_control.h\n'}
[5.262015] (orbbec_camera_msgs) StdoutLine: {'line': b'-- Installing: /home/sophie/isaac_lab/isaac_ws/rl_code/soarm100sim/third_party/orbbec_v1_ws/install/orbbec_camera_msgs/lib/liborbbec_camera_msgs__rosidl_typesupport_fastrtps_cpp.so\n'}
[5.262043] (orbbec_camera_msgs) StdoutLine: {'line': b'-- Set runtime path of "/home/sophie/isaac_lab/isaac_ws/rl_code/soarm100sim/third_party/orbbec_v1_ws/install/orbbec_camera_msgs/lib/liborbbec_camera_msgs__rosidl_typesupport_fastrtps_cpp.so" to ""\n'}
[5.262071] (orbbec_camera_msgs) StdoutLine: {'line': b'-- Up-to-date: /home/sophie/isaac_lab/isaac_ws/rl_code/soarm100sim/third_party/orbbec_v1_ws/install/orbbec_camera_msgs/include/orbbec_camera_msgs/orbbec_camera_msgs\n'}
[5.262097] (orbbec_camera_msgs) StdoutLine: {'line': b'-- Up-to-date: /home/sophie/isaac_lab/isaac_ws/rl_code/soarm100sim/third_party/orbbec_v1_ws/install/orbbec_camera_msgs/include/orbbec_camera_msgs/orbbec_camera_msgs/srv\n'}
[5.262123] (orbbec_camera_msgs) StdoutLine: {'line': b'-- Up-to-date: /home/sophie/isaac_lab/isaac_ws/rl_code/soarm100sim/third_party/orbbec_v1_ws/install/orbbec_camera_msgs/include/orbbec_camera_msgs/orbbec_camera_msgs/srv/detail\n'}
[5.262151] (orbbec_camera_msgs) StdoutLine: {'line': b'-- Installing: /home/sophie/isaac_lab/isaac_ws/rl_code/soarm100sim/third_party/orbbec_v1_ws/install/orbbec_camera_msgs/include/orbbec_camera_msgs/orbbec_camera_msgs/srv/detail/get_string__type_support.cpp\n'}
[5.262179] (orbbec_camera_msgs) StdoutLine: {'line': b'-- Installing: /home/sophie/isaac_lab/isaac_ws/rl_code/soarm100sim/third_party/orbbec_v1_ws/install/orbbec_camera_msgs/include/orbbec_camera_msgs/orbbec_camera_msgs/srv/detail/set_string__rosidl_typesupport_introspection_cpp.hpp\n'}
[5.262207] (orbbec_camera_msgs) StdoutLine: {'line': b'-- Installing: /home/sophie/isaac_lab/isaac_ws/rl_code/soarm100sim/third_party/orbbec_v1_ws/install/orbbec_camera_msgs/include/orbbec_camera_msgs/orbbec_camera_msgs/srv/detail/get_bool__rosidl_typesupport_introspection_cpp.hpp\n'}
[5.262234] (orbbec_camera_msgs) StdoutLine: {'line': b'-- Installing: /home/sophie/isaac_lab/isaac_ws/rl_code/soarm100sim/third_party/orbbec_v1_ws/install/orbbec_camera_msgs/include/orbbec_camera_msgs/orbbec_camera_msgs/srv/detail/set_int32__rosidl_typesupport_introspection_cpp.hpp\n'}
[5.262261] (orbbec_camera_msgs) StdoutLine: {'line': b'-- Installing: /home/sophie/isaac_lab/isaac_ws/rl_code/soarm100sim/third_party/orbbec_v1_ws/install/orbbec_camera_msgs/include/orbbec_camera_msgs/orbbec_camera_msgs/srv/detail/set_int32__type_support.cpp\n'}
[5.262288] (orbbec_camera_msgs) StdoutLine: {'line': b'-- Installing: /home/sophie/isaac_lab/isaac_ws/rl_code/soarm100sim/third_party/orbbec_v1_ws/install/orbbec_camera_msgs/include/orbbec_camera_msgs/orbbec_camera_msgs/srv/detail/get_string__rosidl_typesupport_introspection_cpp.hpp\n'}
[5.262316] (orbbec_camera_msgs) StdoutLine: {'line': b'-- Installing: /home/sophie/isaac_lab/isaac_ws/rl_code/soarm100sim/third_party/orbbec_v1_ws/install/orbbec_camera_msgs/include/orbbec_camera_msgs/orbbec_camera_msgs/srv/detail/get_int32__type_support.cpp\n'}
[5.262344] (orbbec_camera_msgs) StdoutLine: {'line': b'-- Installing: /home/sophie/isaac_lab/isaac_ws/rl_code/soarm100sim/third_party/orbbec_v1_ws/install/orbbec_camera_msgs/include/orbbec_camera_msgs/orbbec_camera_msgs/srv/detail/get_camera_info__type_support.cpp\n'}
[5.262371] (orbbec_camera_msgs) StdoutLine: {'line': b'-- Installing: /home/sophie/isaac_lab/isaac_ws/rl_code/soarm100sim/third_party/orbbec_v1_ws/install/orbbec_camera_msgs/include/orbbec_camera_msgs/orbbec_camera_msgs/srv/detail/get_camera_info__rosidl_typesupport_introspection_cpp.hpp\n'}
[5.262398] (orbbec_camera_msgs) StdoutLine: {'line': b'-- Installing: /home/sophie/isaac_lab/isaac_ws/rl_code/soarm100sim/third_party/orbbec_v1_ws/install/orbbec_camera_msgs/include/orbbec_camera_msgs/orbbec_camera_msgs/srv/detail/get_bool__type_support.cpp\n'}
[5.262425] (orbbec_camera_msgs) StdoutLine: {'line': b'-- Installing: /home/sophie/isaac_lab/isaac_ws/rl_code/soarm100sim/third_party/orbbec_v1_ws/install/orbbec_camera_msgs/include/orbbec_camera_msgs/orbbec_camera_msgs/srv/detail/get_device_info__type_support.cpp\n'}
[5.262456] (orbbec_camera_msgs) StdoutLine: {'line': b'-- Installing: /home/sophie/isaac_lab/isaac_ws/rl_code/soarm100sim/third_party/orbbec_v1_ws/install/orbbec_camera_msgs/include/orbbec_camera_msgs/orbbec_camera_msgs/srv/detail/get_int32__rosidl_typesupport_introspection_cpp.hpp\n'}
[5.262486] (orbbec_camera_msgs) StdoutLine: {'line': b'-- Installing: /home/sophie/isaac_lab/isaac_ws/rl_code/soarm100sim/third_party/orbbec_v1_ws/install/orbbec_camera_msgs/include/orbbec_camera_msgs/orbbec_camera_msgs/srv/detail/get_device_info__rosidl_typesupport_introspection_cpp.hpp\n'}
[5.262515] (orbbec_camera_msgs) StdoutLine: {'line': b'-- Installing: /home/sophie/isaac_lab/isaac_ws/rl_code/soarm100sim/third_party/orbbec_v1_ws/install/orbbec_camera_msgs/include/orbbec_camera_msgs/orbbec_camera_msgs/srv/detail/set_string__type_support.cpp\n'}
[5.262543] (orbbec_camera_msgs) StdoutLine: {'line': b'-- Up-to-date: /home/sophie/isaac_lab/isaac_ws/rl_code/soarm100sim/third_party/orbbec_v1_ws/install/orbbec_camera_msgs/include/orbbec_camera_msgs/orbbec_camera_msgs/msg\n'}
[5.262570] (orbbec_camera_msgs) StdoutLine: {'line': b'-- Up-to-date: /home/sophie/isaac_lab/isaac_ws/rl_code/soarm100sim/third_party/orbbec_v1_ws/install/orbbec_camera_msgs/include/orbbec_camera_msgs/orbbec_camera_msgs/msg/detail\n'}
[5.262598] (orbbec_camera_msgs) StdoutLine: {'line': b'-- Installing: /home/sophie/isaac_lab/isaac_ws/rl_code/soarm100sim/third_party/orbbec_v1_ws/install/orbbec_camera_msgs/include/orbbec_camera_msgs/orbbec_camera_msgs/msg/detail/device_info__rosidl_typesupport_introspection_cpp.hpp\n'}
[5.262624] (orbbec_camera_msgs) StdoutLine: {'line': b'-- Installing: /home/sophie/isaac_lab/isaac_ws/rl_code/soarm100sim/third_party/orbbec_v1_ws/install/orbbec_camera_msgs/include/orbbec_camera_msgs/orbbec_camera_msgs/msg/detail/rgbd__type_support.cpp\n'}
[5.262651] (orbbec_camera_msgs) StdoutLine: {'line': b'-- Installing: /home/sophie/isaac_lab/isaac_ws/rl_code/soarm100sim/third_party/orbbec_v1_ws/install/orbbec_camera_msgs/include/orbbec_camera_msgs/orbbec_camera_msgs/msg/detail/device_info__type_support.cpp\n'}
[5.262681] (orbbec_camera_msgs) StdoutLine: {'line': b'-- Installing: /home/sophie/isaac_lab/isaac_ws/rl_code/soarm100sim/third_party/orbbec_v1_ws/install/orbbec_camera_msgs/include/orbbec_camera_msgs/orbbec_camera_msgs/msg/detail/extrinsics__type_support.cpp\n'}
[5.262709] (orbbec_camera_msgs) StdoutLine: {'line': b'-- Installing: /home/sophie/isaac_lab/isaac_ws/rl_code/soarm100sim/third_party/orbbec_v1_ws/install/orbbec_camera_msgs/include/orbbec_camera_msgs/orbbec_camera_msgs/msg/detail/rgbd__rosidl_typesupport_introspection_cpp.hpp\n'}
[5.262739] (orbbec_camera_msgs) StdoutLine: {'line': b'-- Installing: /home/sophie/isaac_lab/isaac_ws/rl_code/soarm100sim/third_party/orbbec_v1_ws/install/orbbec_camera_msgs/include/orbbec_camera_msgs/orbbec_camera_msgs/msg/detail/imu_info__type_support.cpp\n'}
[5.262782] (orbbec_camera_msgs) StdoutLine: {'line': b'-- Installing: /home/sophie/isaac_lab/isaac_ws/rl_code/soarm100sim/third_party/orbbec_v1_ws/install/orbbec_camera_msgs/include/orbbec_camera_msgs/orbbec_camera_msgs/msg/detail/imu_info__rosidl_typesupport_introspection_cpp.hpp\n'}
[5.262812] (orbbec_camera_msgs) StdoutLine: {'line': b'-- Installing: /home/sophie/isaac_lab/isaac_ws/rl_code/soarm100sim/third_party/orbbec_v1_ws/install/orbbec_camera_msgs/include/orbbec_camera_msgs/orbbec_camera_msgs/msg/detail/metadata__type_support.cpp\n'}
[5.262842] (orbbec_camera_msgs) StdoutLine: {'line': b'-- Installing: /home/sophie/isaac_lab/isaac_ws/rl_code/soarm100sim/third_party/orbbec_v1_ws/install/orbbec_camera_msgs/include/orbbec_camera_msgs/orbbec_camera_msgs/msg/detail/extrinsics__rosidl_typesupport_introspection_cpp.hpp\n'}
[5.262874] (orbbec_camera_msgs) StdoutLine: {'line': b'-- Installing: /home/sophie/isaac_lab/isaac_ws/rl_code/soarm100sim/third_party/orbbec_v1_ws/install/orbbec_camera_msgs/include/orbbec_camera_msgs/orbbec_camera_msgs/msg/detail/metadata__rosidl_typesupport_introspection_cpp.hpp\n'}
[5.262903] (orbbec_camera_msgs) StdoutLine: {'line': b'-- Installing: /home/sophie/isaac_lab/isaac_ws/rl_code/soarm100sim/third_party/orbbec_v1_ws/install/orbbec_camera_msgs/lib/liborbbec_camera_msgs__rosidl_typesupport_introspection_cpp.so\n'}
[5.262941] (orbbec_camera_msgs) StdoutLine: {'line': b'-- Set runtime path of "/home/sophie/isaac_lab/isaac_ws/rl_code/soarm100sim/third_party/orbbec_v1_ws/install/orbbec_camera_msgs/lib/liborbbec_camera_msgs__rosidl_typesupport_introspection_cpp.so" to ""\n'}
[5.262969] (orbbec_camera_msgs) StdoutLine: {'line': b'-- Installing: /home/sophie/isaac_lab/isaac_ws/rl_code/soarm100sim/third_party/orbbec_v1_ws/install/orbbec_camera_msgs/lib/liborbbec_camera_msgs__rosidl_typesupport_cpp.so\n'}
[5.262996] (orbbec_camera_msgs) StdoutLine: {'line': b'-- Set runtime path of "/home/sophie/isaac_lab/isaac_ws/rl_code/soarm100sim/third_party/orbbec_v1_ws/install/orbbec_camera_msgs/lib/liborbbec_camera_msgs__rosidl_typesupport_cpp.so" to ""\n'}
[5.263024] (orbbec_camera_msgs) StdoutLine: {'line': b'-- Installing: /home/sophie/isaac_lab/isaac_ws/rl_code/soarm100sim/third_party/orbbec_v1_ws/install/orbbec_camera_msgs/share/orbbec_camera_msgs/environment/pythonpath.sh\n'}
[5.263053] (orbbec_camera_msgs) StdoutLine: {'line': b'-- Installing: /home/sophie/isaac_lab/isaac_ws/rl_code/soarm100sim/third_party/orbbec_v1_ws/install/orbbec_camera_msgs/share/orbbec_camera_msgs/environment/pythonpath.dsv\n'}
[5.263079] (orbbec_camera_msgs) StdoutLine: {'line': b'-- Installing: /home/sophie/isaac_lab/isaac_ws/rl_code/soarm100sim/third_party/orbbec_v1_ws/install/orbbec_camera_msgs/local/lib/python3.10/dist-packages/orbbec_camera_msgs-1.5.21-py3.10.egg-info\n'}
[5.263105] (orbbec_camera_msgs) StdoutLine: {'line': b'-- Installing: /home/sophie/isaac_lab/isaac_ws/rl_code/soarm100sim/third_party/orbbec_v1_ws/install/orbbec_camera_msgs/local/lib/python3.10/dist-packages/orbbec_camera_msgs-1.5.21-py3.10.egg-info/top_level.txt\n'}
[5.263133] (orbbec_camera_msgs) StdoutLine: {'line': b'-- Installing: /home/sophie/isaac_lab/isaac_ws/rl_code/soarm100sim/third_party/orbbec_v1_ws/install/orbbec_camera_msgs/local/lib/python3.10/dist-packages/orbbec_camera_msgs-1.5.21-py3.10.egg-info/dependency_links.txt\n'}
[5.263160] (orbbec_camera_msgs) StdoutLine: {'line': b'-- Installing: /home/sophie/isaac_lab/isaac_ws/rl_code/soarm100sim/third_party/orbbec_v1_ws/install/orbbec_camera_msgs/local/lib/python3.10/dist-packages/orbbec_camera_msgs-1.5.21-py3.10.egg-info/SOURCES.txt\n'}
[5.263185] (orbbec_camera_msgs) StdoutLine: {'line': b'-- Installing: /home/sophie/isaac_lab/isaac_ws/rl_code/soarm100sim/third_party/orbbec_v1_ws/install/orbbec_camera_msgs/local/lib/python3.10/dist-packages/orbbec_camera_msgs-1.5.21-py3.10.egg-info/PKG-INFO\n'}
[5.263212] (orbbec_camera_msgs) StdoutLine: {'line': b'-- Installing: /home/sophie/isaac_lab/isaac_ws/rl_code/soarm100sim/third_party/orbbec_v1_ws/install/orbbec_camera_msgs/local/lib/python3.10/dist-packages/orbbec_camera_msgs\n'}
[5.263238] (orbbec_camera_msgs) StdoutLine: {'line': b'-- Installing: /home/sophie/isaac_lab/isaac_ws/rl_code/soarm100sim/third_party/orbbec_v1_ws/install/orbbec_camera_msgs/local/lib/python3.10/dist-packages/orbbec_camera_msgs/__init__.py\n'}
[5.263264] (orbbec_camera_msgs) StdoutLine: {'line': b'-- Installing: /home/sophie/isaac_lab/isaac_ws/rl_code/soarm100sim/third_party/orbbec_v1_ws/install/orbbec_camera_msgs/local/lib/python3.10/dist-packages/orbbec_camera_msgs/_orbbec_camera_msgs_s.ep.rosidl_typesupport_fastrtps_c.c\n'}
[5.263296] (orbbec_camera_msgs) StdoutLine: {'line': b'-- Installing: /home/sophie/isaac_lab/isaac_ws/rl_code/soarm100sim/third_party/orbbec_v1_ws/install/orbbec_camera_msgs/local/lib/python3.10/dist-packages/orbbec_camera_msgs/srv\n'}
[5.263323] (orbbec_camera_msgs) StdoutLine: {'line': b'-- Installing: /home/sophie/isaac_lab/isaac_ws/rl_code/soarm100sim/third_party/orbbec_v1_ws/install/orbbec_camera_msgs/local/lib/python3.10/dist-packages/orbbec_camera_msgs/srv/_get_int32.py\n'}
[5.263349] (orbbec_camera_msgs) StdoutLine: {'line': b'-- Installing: /home/sophie/isaac_lab/isaac_ws/rl_code/soarm100sim/third_party/orbbec_v1_ws/install/orbbec_camera_msgs/local/lib/python3.10/dist-packages/orbbec_camera_msgs/srv/_get_string_s.c\n'}
[5.263376] (orbbec_camera_msgs) StdoutLine: {'line': b'-- Installing: /home/sophie/isaac_lab/isaac_ws/rl_code/soarm100sim/third_party/orbbec_v1_ws/install/orbbec_camera_msgs/local/lib/python3.10/dist-packages/orbbec_camera_msgs/srv/__init__.py\n'}
[5.263402] (orbbec_camera_msgs) StdoutLine: {'line': b'-- Installing: /home/sophie/isaac_lab/isaac_ws/rl_code/soarm100sim/third_party/orbbec_v1_ws/install/orbbec_camera_msgs/local/lib/python3.10/dist-packages/orbbec_camera_msgs/srv/_get_device_info_s.c\n'}
[5.263428] (orbbec_camera_msgs) StdoutLine: {'line': b'-- Installing: /home/sophie/isaac_lab/isaac_ws/rl_code/soarm100sim/third_party/orbbec_v1_ws/install/orbbec_camera_msgs/local/lib/python3.10/dist-packages/orbbec_camera_msgs/srv/_get_camera_info.py\n'}
[5.263454] (orbbec_camera_msgs) StdoutLine: {'line': b'-- Installing: /home/sophie/isaac_lab/isaac_ws/rl_code/soarm100sim/third_party/orbbec_v1_ws/install/orbbec_camera_msgs/local/lib/python3.10/dist-packages/orbbec_camera_msgs/srv/_get_bool_s.c\n'}
[5.263482] (orbbec_camera_msgs) StdoutLine: {'line': b'-- Installing: /home/sophie/isaac_lab/isaac_ws/rl_code/soarm100sim/third_party/orbbec_v1_ws/install/orbbec_camera_msgs/local/lib/python3.10/dist-packages/orbbec_camera_msgs/srv/_get_int32_s.c\n'}
[5.263508] (orbbec_camera_msgs) StdoutLine: {'line': b'-- Installing: /home/sophie/isaac_lab/isaac_ws/rl_code/soarm100sim/third_party/orbbec_v1_ws/install/orbbec_camera_msgs/local/lib/python3.10/dist-packages/orbbec_camera_msgs/srv/_get_string.py\n'}
[5.263536] (orbbec_camera_msgs) StdoutLine: {'line': b'-- Installing: /home/sophie/isaac_lab/isaac_ws/rl_code/soarm100sim/third_party/orbbec_v1_ws/install/orbbec_camera_msgs/local/lib/python3.10/dist-packages/orbbec_camera_msgs/srv/_set_int32.py\n'}
[5.263563] (orbbec_camera_msgs) StdoutLine: {'line': b'-- Installing: /home/sophie/isaac_lab/isaac_ws/rl_code/soarm100sim/third_party/orbbec_v1_ws/install/orbbec_camera_msgs/local/lib/python3.10/dist-packages/orbbec_camera_msgs/srv/_set_string.py\n'}
[5.263591] (orbbec_camera_msgs) StdoutLine: {'line': b'-- Installing: /home/sophie/isaac_lab/isaac_ws/rl_code/soarm100sim/third_party/orbbec_v1_ws/install/orbbec_camera_msgs/local/lib/python3.10/dist-packages/orbbec_camera_msgs/srv/_get_device_info.py\n'}
[5.263618] (orbbec_camera_msgs) StdoutLine: {'line': b'-- Installing: /home/sophie/isaac_lab/isaac_ws/rl_code/soarm100sim/third_party/orbbec_v1_ws/install/orbbec_camera_msgs/local/lib/python3.10/dist-packages/orbbec_camera_msgs/srv/_get_bool.py\n'}
[5.263644] (orbbec_camera_msgs) StdoutLine: {'line': b'-- Installing: /home/sophie/isaac_lab/isaac_ws/rl_code/soarm100sim/third_party/orbbec_v1_ws/install/orbbec_camera_msgs/local/lib/python3.10/dist-packages/orbbec_camera_msgs/srv/_set_int32_s.c\n'}
[5.263670] (orbbec_camera_msgs) StdoutLine: {'line': b'-- Installing: /home/sophie/isaac_lab/isaac_ws/rl_code/soarm100sim/third_party/orbbec_v1_ws/install/orbbec_camera_msgs/local/lib/python3.10/dist-packages/orbbec_camera_msgs/srv/_get_camera_info_s.c\n'}
[5.263697] (orbbec_camera_msgs) StdoutLine: {'line': b'-- Installing: /home/sophie/isaac_lab/isaac_ws/rl_code/soarm100sim/third_party/orbbec_v1_ws/install/orbbec_camera_msgs/local/lib/python3.10/dist-packages/orbbec_camera_msgs/srv/_set_string_s.c\n'}
[5.263724] (orbbec_camera_msgs) StdoutLine: {'line': b'-- Installing: /home/sophie/isaac_lab/isaac_ws/rl_code/soarm100sim/third_party/orbbec_v1_ws/install/orbbec_camera_msgs/local/lib/python3.10/dist-packages/orbbec_camera_msgs/orbbec_camera_msgs_s__rosidl_typesupport_fastrtps_c.cpython-310-x86_64-linux-gnu.so\n'}
[5.263752] (orbbec_camera_msgs) StdoutLine: {'line': b'-- Installing: /home/sophie/isaac_lab/isaac_ws/rl_code/soarm100sim/third_party/orbbec_v1_ws/install/orbbec_camera_msgs/local/lib/python3.10/dist-packages/orbbec_camera_msgs/msg\n'}
[5.263780] (orbbec_camera_msgs) StdoutLine: {'line': b'-- Installing: /home/sophie/isaac_lab/isaac_ws/rl_code/soarm100sim/third_party/orbbec_v1_ws/install/orbbec_camera_msgs/local/lib/python3.10/dist-packages/orbbec_camera_msgs/msg/_imu_info_s.c\n'}
[5.263808] (orbbec_camera_msgs) StdoutLine: {'line': b'-- Installing: /home/sophie/isaac_lab/isaac_ws/rl_code/soarm100sim/third_party/orbbec_v1_ws/install/orbbec_camera_msgs/local/lib/python3.10/dist-packages/orbbec_camera_msgs/msg/__init__.py\n'}
[5.263834] (orbbec_camera_msgs) StdoutLine: {'line': b'-- Installing: /home/sophie/isaac_lab/isaac_ws/rl_code/soarm100sim/third_party/orbbec_v1_ws/install/orbbec_camera_msgs/local/lib/python3.10/dist-packages/orbbec_camera_msgs/msg/_metadata_s.c\n'}
[5.263863] (orbbec_camera_msgs) StdoutLine: {'line': b'-- Installing: /home/sophie/isaac_lab/isaac_ws/rl_code/soarm100sim/third_party/orbbec_v1_ws/install/orbbec_camera_msgs/local/lib/python3.10/dist-packages/orbbec_camera_msgs/msg/_extrinsics_s.c\n'}
[5.263890] (orbbec_camera_msgs) StdoutLine: {'line': b'-- Installing: /home/sophie/isaac_lab/isaac_ws/rl_code/soarm100sim/third_party/orbbec_v1_ws/install/orbbec_camera_msgs/local/lib/python3.10/dist-packages/orbbec_camera_msgs/msg/_extrinsics.py\n'}
[5.263921] (orbbec_camera_msgs) StdoutLine: {'line': b'-- Installing: /home/sophie/isaac_lab/isaac_ws/rl_code/soarm100sim/third_party/orbbec_v1_ws/install/orbbec_camera_msgs/local/lib/python3.10/dist-packages/orbbec_camera_msgs/msg/_rgbd.py\n'}
[5.263952] (orbbec_camera_msgs) StdoutLine: {'line': b'-- Installing: /home/sophie/isaac_lab/isaac_ws/rl_code/soarm100sim/third_party/orbbec_v1_ws/install/orbbec_camera_msgs/local/lib/python3.10/dist-packages/orbbec_camera_msgs/msg/_device_info.py\n'}
[5.263980] (orbbec_camera_msgs) StdoutLine: {'line': b'-- Installing: /home/sophie/isaac_lab/isaac_ws/rl_code/soarm100sim/third_party/orbbec_v1_ws/install/orbbec_camera_msgs/local/lib/python3.10/dist-packages/orbbec_camera_msgs/msg/_imu_info.py\n'}
[5.264008] (orbbec_camera_msgs) StdoutLine: {'line': b'-- Installing: /home/sophie/isaac_lab/isaac_ws/rl_code/soarm100sim/third_party/orbbec_v1_ws/install/orbbec_camera_msgs/local/lib/python3.10/dist-packages/orbbec_camera_msgs/msg/_device_info_s.c\n'}
[5.264036] (orbbec_camera_msgs) StdoutLine: {'line': b'-- Installing: /home/sophie/isaac_lab/isaac_ws/rl_code/soarm100sim/third_party/orbbec_v1_ws/install/orbbec_camera_msgs/local/lib/python3.10/dist-packages/orbbec_camera_msgs/msg/_rgbd_s.c\n'}
[5.264064] (orbbec_camera_msgs) StdoutLine: {'line': b'-- Installing: /home/sophie/isaac_lab/isaac_ws/rl_code/soarm100sim/third_party/orbbec_v1_ws/install/orbbec_camera_msgs/local/lib/python3.10/dist-packages/orbbec_camera_msgs/msg/_metadata.py\n'}
[5.264092] (orbbec_camera_msgs) StdoutLine: {'line': b'-- Installing: /home/sophie/isaac_lab/isaac_ws/rl_code/soarm100sim/third_party/orbbec_v1_ws/install/orbbec_camera_msgs/local/lib/python3.10/dist-packages/orbbec_camera_msgs/_orbbec_camera_msgs_s.ep.rosidl_typesupport_c.c\n'}
[5.264120] (orbbec_camera_msgs) StdoutLine: {'line': b'-- Installing: /home/sophie/isaac_lab/isaac_ws/rl_code/soarm100sim/third_party/orbbec_v1_ws/install/orbbec_camera_msgs/local/lib/python3.10/dist-packages/orbbec_camera_msgs/_orbbec_camera_msgs_s.ep.rosidl_typesupport_introspection_c.c\n'}
[5.264149] (orbbec_camera_msgs) StdoutLine: {'line': b'-- Installing: /home/sophie/isaac_lab/isaac_ws/rl_code/soarm100sim/third_party/orbbec_v1_ws/install/orbbec_camera_msgs/local/lib/python3.10/dist-packages/orbbec_camera_msgs/orbbec_camera_msgs_s__rosidl_typesupport_introspection_c.cpython-310-x86_64-linux-gnu.so\n'}
[5.264177] (orbbec_camera_msgs) StdoutLine: {'line': b'-- Installing: /home/sophie/isaac_lab/isaac_ws/rl_code/soarm100sim/third_party/orbbec_v1_ws/install/orbbec_camera_msgs/local/lib/python3.10/dist-packages/orbbec_camera_msgs/orbbec_camera_msgs_s__rosidl_typesupport_c.cpython-310-x86_64-linux-gnu.so\n'}
[5.264204] (orbbec_camera_msgs) StdoutLine: {'line': b'-- Installing: /home/sophie/isaac_lab/isaac_ws/rl_code/soarm100sim/third_party/orbbec_v1_ws/install/orbbec_camera_msgs/local/lib/python3.10/dist-packages/orbbec_camera_msgs/liborbbec_camera_msgs__rosidl_generator_py.so\n'}
[5.298794] (orbbec_camera_msgs) StdoutLine: {'line': b"Listing '/home/sophie/isaac_lab/isaac_ws/rl_code/soarm100sim/third_party/orbbec_v1_ws/install/orbbec_camera_msgs/local/lib/python3.10/dist-packages/orbbec_camera_msgs'...\n"}
[5.298929] (orbbec_camera_msgs) StdoutLine: {'line': b"Compiling '/home/sophie/isaac_lab/isaac_ws/rl_code/soarm100sim/third_party/orbbec_v1_ws/install/orbbec_camera_msgs/local/lib/python3.10/dist-packages/orbbec_camera_msgs/__init__.py'...\n"}
[5.298970] (orbbec_camera_msgs) StdoutLine: {'line': b"Listing '/home/sophie/isaac_lab/isaac_ws/rl_code/soarm100sim/third_party/orbbec_v1_ws/install/orbbec_camera_msgs/local/lib/python3.10/dist-packages/orbbec_camera_msgs/msg'...\n"}
[5.299001] (orbbec_camera_msgs) StdoutLine: {'line': b"Compiling '/home/sophie/isaac_lab/isaac_ws/rl_code/soarm100sim/third_party/orbbec_v1_ws/install/orbbec_camera_msgs/local/lib/python3.10/dist-packages/orbbec_camera_msgs/msg/__init__.py'...\n"}
[5.299032] (orbbec_camera_msgs) StdoutLine: {'line': b"Compiling '/home/sophie/isaac_lab/isaac_ws/rl_code/soarm100sim/third_party/orbbec_v1_ws/install/orbbec_camera_msgs/local/lib/python3.10/dist-packages/orbbec_camera_msgs/msg/_device_info.py'...\n"}
[5.299060] (orbbec_camera_msgs) StdoutLine: {'line': b"Compiling '/home/sophie/isaac_lab/isaac_ws/rl_code/soarm100sim/third_party/orbbec_v1_ws/install/orbbec_camera_msgs/local/lib/python3.10/dist-packages/orbbec_camera_msgs/msg/_extrinsics.py'...\n"}
[5.299088] (orbbec_camera_msgs) StdoutLine: {'line': b"Compiling '/home/sophie/isaac_lab/isaac_ws/rl_code/soarm100sim/third_party/orbbec_v1_ws/install/orbbec_camera_msgs/local/lib/python3.10/dist-packages/orbbec_camera_msgs/msg/_imu_info.py'...\n"}
[5.299124] (orbbec_camera_msgs) StdoutLine: {'line': b"Compiling '/home/sophie/isaac_lab/isaac_ws/rl_code/soarm100sim/third_party/orbbec_v1_ws/install/orbbec_camera_msgs/local/lib/python3.10/dist-packages/orbbec_camera_msgs/msg/_metadata.py'...\n"}
[5.299154] (orbbec_camera_msgs) StdoutLine: {'line': b"Compiling '/home/sophie/isaac_lab/isaac_ws/rl_code/soarm100sim/third_party/orbbec_v1_ws/install/orbbec_camera_msgs/local/lib/python3.10/dist-packages/orbbec_camera_msgs/msg/_rgbd.py'...\n"}
[5.299180] (orbbec_camera_msgs) StdoutLine: {'line': b"Listing '/home/sophie/isaac_lab/isaac_ws/rl_code/soarm100sim/third_party/orbbec_v1_ws/install/orbbec_camera_msgs/local/lib/python3.10/dist-packages/orbbec_camera_msgs/srv'...\n"}
[5.299207] (orbbec_camera_msgs) StdoutLine: {'line': b"Compiling '/home/sophie/isaac_lab/isaac_ws/rl_code/soarm100sim/third_party/orbbec_v1_ws/install/orbbec_camera_msgs/local/lib/python3.10/dist-packages/orbbec_camera_msgs/srv/__init__.py'...\n"}
[5.299235] (orbbec_camera_msgs) StdoutLine: {'line': b"Compiling '/home/sophie/isaac_lab/isaac_ws/rl_code/soarm100sim/third_party/orbbec_v1_ws/install/orbbec_camera_msgs/local/lib/python3.10/dist-packages/orbbec_camera_msgs/srv/_get_bool.py'...\n"}
[5.299261] (orbbec_camera_msgs) StdoutLine: {'line': b"Compiling '/home/sophie/isaac_lab/isaac_ws/rl_code/soarm100sim/third_party/orbbec_v1_ws/install/orbbec_camera_msgs/local/lib/python3.10/dist-packages/orbbec_camera_msgs/srv/_get_camera_info.py'...\n"}
[5.299288] (orbbec_camera_msgs) StdoutLine: {'line': b"Compiling '/home/sophie/isaac_lab/isaac_ws/rl_code/soarm100sim/third_party/orbbec_v1_ws/install/orbbec_camera_msgs/local/lib/python3.10/dist-packages/orbbec_camera_msgs/srv/_get_device_info.py'...\n"}
[5.299313] (orbbec_camera_msgs) StdoutLine: {'line': b"Compiling '/home/sophie/isaac_lab/isaac_ws/rl_code/soarm100sim/third_party/orbbec_v1_ws/install/orbbec_camera_msgs/local/lib/python3.10/dist-packages/orbbec_camera_msgs/srv/_get_int32.py'...\n"}
[5.299340] (orbbec_camera_msgs) StdoutLine: {'line': b"Compiling '/home/sophie/isaac_lab/isaac_ws/rl_code/soarm100sim/third_party/orbbec_v1_ws/install/orbbec_camera_msgs/local/lib/python3.10/dist-packages/orbbec_camera_msgs/srv/_get_string.py'...\n"}
[5.299367] (orbbec_camera_msgs) StdoutLine: {'line': b"Compiling '/home/sophie/isaac_lab/isaac_ws/rl_code/soarm100sim/third_party/orbbec_v1_ws/install/orbbec_camera_msgs/local/lib/python3.10/dist-packages/orbbec_camera_msgs/srv/_set_int32.py'...\n"}
[5.299397] (orbbec_camera_msgs) StdoutLine: {'line': b"Compiling '/home/sophie/isaac_lab/isaac_ws/rl_code/soarm100sim/third_party/orbbec_v1_ws/install/orbbec_camera_msgs/local/lib/python3.10/dist-packages/orbbec_camera_msgs/srv/_set_string.py'...\n"}
[5.302525] (orbbec_camera_msgs) StdoutLine: {'line': b'-- Installing: /home/sophie/isaac_lab/isaac_ws/rl_code/soarm100sim/third_party/orbbec_v1_ws/install/orbbec_camera_msgs/local/lib/python3.10/dist-packages/orbbec_camera_msgs/orbbec_camera_msgs_s__rosidl_typesupport_fastrtps_c.cpython-310-x86_64-linux-gnu.so\n'}
[5.302718] (orbbec_camera_msgs) StdoutLine: {'line': b'-- Set runtime path of "/home/sophie/isaac_lab/isaac_ws/rl_code/soarm100sim/third_party/orbbec_v1_ws/install/orbbec_camera_msgs/local/lib/python3.10/dist-packages/orbbec_camera_msgs/orbbec_camera_msgs_s__rosidl_typesupport_fastrtps_c.cpython-310-x86_64-linux-gnu.so" to ""\n'}
[5.302857] (orbbec_camera_msgs) StdoutLine: {'line': b'-- Installing: /home/sophie/isaac_lab/isaac_ws/rl_code/soarm100sim/third_party/orbbec_v1_ws/install/orbbec_camera_msgs/local/lib/python3.10/dist-packages/orbbec_camera_msgs/orbbec_camera_msgs_s__rosidl_typesupport_introspection_c.cpython-310-x86_64-linux-gnu.so\n'}
[5.303091] (orbbec_camera_msgs) StdoutLine: {'line': b'-- Set runtime path of "/home/sophie/isaac_lab/isaac_ws/rl_code/soarm100sim/third_party/orbbec_v1_ws/install/orbbec_camera_msgs/local/lib/python3.10/dist-packages/orbbec_camera_msgs/orbbec_camera_msgs_s__rosidl_typesupport_introspection_c.cpython-310-x86_64-linux-gnu.so" to ""\n'}
[5.303224] (orbbec_camera_msgs) StdoutLine: {'line': b'-- Installing: /home/sophie/isaac_lab/isaac_ws/rl_code/soarm100sim/third_party/orbbec_v1_ws/install/orbbec_camera_msgs/local/lib/python3.10/dist-packages/orbbec_camera_msgs/orbbec_camera_msgs_s__rosidl_typesupport_c.cpython-310-x86_64-linux-gnu.so\n'}
[5.303442] (orbbec_camera_msgs) StdoutLine: {'line': b'-- Set runtime path of "/home/sophie/isaac_lab/isaac_ws/rl_code/soarm100sim/third_party/orbbec_v1_ws/install/orbbec_camera_msgs/local/lib/python3.10/dist-packages/orbbec_camera_msgs/orbbec_camera_msgs_s__rosidl_typesupport_c.cpython-310-x86_64-linux-gnu.so" to ""\n'}
[5.303543] (orbbec_camera_msgs) StdoutLine: {'line': b'-- Installing: /home/sophie/isaac_lab/isaac_ws/rl_code/soarm100sim/third_party/orbbec_v1_ws/install/orbbec_camera_msgs/lib/liborbbec_camera_msgs__rosidl_generator_py.so\n'}
[5.303763] (orbbec_camera_msgs) StdoutLine: {'line': b'-- Set runtime path of "/home/sophie/isaac_lab/isaac_ws/rl_code/soarm100sim/third_party/orbbec_v1_ws/install/orbbec_camera_msgs/lib/liborbbec_camera_msgs__rosidl_generator_py.so" to ""\n'}
[5.303861] (orbbec_camera_msgs) StdoutLine: {'line': b'-- Installing: /home/sophie/isaac_lab/isaac_ws/rl_code/soarm100sim/third_party/orbbec_v1_ws/install/orbbec_camera_msgs/share/ament_index/resource_index/rust_packages/orbbec_camera_msgs\n'}
[5.303979] (orbbec_camera_msgs) StdoutLine: {'line': b'-- Installing: /home/sophie/isaac_lab/isaac_ws/rl_code/soarm100sim/third_party/orbbec_v1_ws/install/orbbec_camera_msgs/share/orbbec_camera_msgs/rust\n'}
[5.304115] (orbbec_camera_msgs) StdoutLine: {'line': b'-- Installing: /home/sophie/isaac_lab/isaac_ws/rl_code/soarm100sim/third_party/orbbec_v1_ws/install/orbbec_camera_msgs/share/orbbec_camera_msgs/rust/Cargo.toml\n'}
[5.304150] (orbbec_camera_msgs) StdoutLine: {'line': b'-- Installing: /home/sophie/isaac_lab/isaac_ws/rl_code/soarm100sim/third_party/orbbec_v1_ws/install/orbbec_camera_msgs/share/orbbec_camera_msgs/rust/src\n'}
[5.304215] (orbbec_camera_msgs) StdoutLine: {'line': b'-- Installing: /home/sophie/isaac_lab/isaac_ws/rl_code/soarm100sim/third_party/orbbec_v1_ws/install/orbbec_camera_msgs/share/orbbec_camera_msgs/rust/src/srv\n'}
[5.304247] (orbbec_camera_msgs) StdoutLine: {'line': b'-- Installing: /home/sophie/isaac_lab/isaac_ws/rl_code/soarm100sim/third_party/orbbec_v1_ws/install/orbbec_camera_msgs/share/orbbec_camera_msgs/rust/src/srv/rmw.rs\n'}
[5.304304] (orbbec_camera_msgs) StdoutLine: {'line': b'-- Installing: /home/sophie/isaac_lab/isaac_ws/rl_code/soarm100sim/third_party/orbbec_v1_ws/install/orbbec_camera_msgs/share/orbbec_camera_msgs/rust/src/lib.rs\n'}
[5.304379] (orbbec_camera_msgs) StdoutLine: {'line': b'-- Installing: /home/sophie/isaac_lab/isaac_ws/rl_code/soarm100sim/third_party/orbbec_v1_ws/install/orbbec_camera_msgs/share/orbbec_camera_msgs/rust/src/msg\n'}
[5.304431] (orbbec_camera_msgs) StdoutLine: {'line': b'-- Installing: /home/sophie/isaac_lab/isaac_ws/rl_code/soarm100sim/third_party/orbbec_v1_ws/install/orbbec_camera_msgs/share/orbbec_camera_msgs/rust/src/msg/rmw.rs\n'}
[5.304458] (orbbec_camera_msgs) StdoutLine: {'line': b'-- Installing: /home/sophie/isaac_lab/isaac_ws/rl_code/soarm100sim/third_party/orbbec_v1_ws/install/orbbec_camera_msgs/share/orbbec_camera_msgs/rust/src/msg.rs\n'}
[5.304489] (orbbec_camera_msgs) StdoutLine: {'line': b'-- Installing: /home/sophie/isaac_lab/isaac_ws/rl_code/soarm100sim/third_party/orbbec_v1_ws/install/orbbec_camera_msgs/share/orbbec_camera_msgs/rust/src/srv.rs\n'}
[5.304541] (orbbec_camera_msgs) StdoutLine: {'line': b'-- Installing: /home/sophie/isaac_lab/isaac_ws/rl_code/soarm100sim/third_party/orbbec_v1_ws/install/orbbec_camera_msgs/share/orbbec_camera_msgs/rust/build.rs\n'}
[5.304670] (orbbec_camera_msgs) StdoutLine: {'line': b'-- Installing: /home/sophie/isaac_lab/isaac_ws/rl_code/soarm100sim/third_party/orbbec_v1_ws/install/orbbec_camera_msgs/share/orbbec_camera_msgs/msg/DeviceInfo.idl\n'}
[5.304776] (orbbec_camera_msgs) StdoutLine: {'line': b'-- Installing: /home/sophie/isaac_lab/isaac_ws/rl_code/soarm100sim/third_party/orbbec_v1_ws/install/orbbec_camera_msgs/share/orbbec_camera_msgs/msg/Extrinsics.idl\n'}
[5.304837] (orbbec_camera_msgs) StdoutLine: {'line': b'-- Installing: /home/sophie/isaac_lab/isaac_ws/rl_code/soarm100sim/third_party/orbbec_v1_ws/install/orbbec_camera_msgs/share/orbbec_camera_msgs/msg/Metadata.idl\n'}
[5.304889] (orbbec_camera_msgs) StdoutLine: {'line': b'-- Installing: /home/sophie/isaac_lab/isaac_ws/rl_code/soarm100sim/third_party/orbbec_v1_ws/install/orbbec_camera_msgs/share/orbbec_camera_msgs/msg/IMUInfo.idl\n'}
[5.304921] (orbbec_camera_msgs) StdoutLine: {'line': b'-- Installing: /home/sophie/isaac_lab/isaac_ws/rl_code/soarm100sim/third_party/orbbec_v1_ws/install/orbbec_camera_msgs/share/orbbec_camera_msgs/msg/RGBD.idl\n'}
[5.304977] (orbbec_camera_msgs) StdoutLine: {'line': b'-- Installing: /home/sophie/isaac_lab/isaac_ws/rl_code/soarm100sim/third_party/orbbec_v1_ws/install/orbbec_camera_msgs/share/orbbec_camera_msgs/srv/GetBool.idl\n'}
[5.305110] (orbbec_camera_msgs) StdoutLine: {'line': b'-- Installing: /home/sophie/isaac_lab/isaac_ws/rl_code/soarm100sim/third_party/orbbec_v1_ws/install/orbbec_camera_msgs/share/orbbec_camera_msgs/srv/GetDeviceInfo.idl\n'}
[5.305144] (orbbec_camera_msgs) StdoutLine: {'line': b'-- Installing: /home/sophie/isaac_lab/isaac_ws/rl_code/soarm100sim/third_party/orbbec_v1_ws/install/orbbec_camera_msgs/share/orbbec_camera_msgs/srv/GetCameraInfo.idl\n'}
[5.305208] (orbbec_camera_msgs) StdoutLine: {'line': b'-- Installing: /home/sophie/isaac_lab/isaac_ws/rl_code/soarm100sim/third_party/orbbec_v1_ws/install/orbbec_camera_msgs/share/orbbec_camera_msgs/srv/GetInt32.idl\n'}
[5.305235] (orbbec_camera_msgs) StdoutLine: {'line': b'-- Installing: /home/sophie/isaac_lab/isaac_ws/rl_code/soarm100sim/third_party/orbbec_v1_ws/install/orbbec_camera_msgs/share/orbbec_camera_msgs/srv/GetString.idl\n'}
[5.305356] (orbbec_camera_msgs) StdoutLine: {'line': b'-- Installing: /home/sophie/isaac_lab/isaac_ws/rl_code/soarm100sim/third_party/orbbec_v1_ws/install/orbbec_camera_msgs/share/orbbec_camera_msgs/srv/SetInt32.idl\n'}
[5.305414] (orbbec_camera_msgs) StdoutLine: {'line': b'-- Installing: /home/sophie/isaac_lab/isaac_ws/rl_code/soarm100sim/third_party/orbbec_v1_ws/install/orbbec_camera_msgs/share/orbbec_camera_msgs/srv/SetString.idl\n'}
[5.305464] (orbbec_camera_msgs) StdoutLine: {'line': b'-- Installing: /home/sophie/isaac_lab/isaac_ws/rl_code/soarm100sim/third_party/orbbec_v1_ws/install/orbbec_camera_msgs/share/orbbec_camera_msgs/msg/DeviceInfo.msg\n'}
[5.305492] (orbbec_camera_msgs) StdoutLine: {'line': b'-- Installing: /home/sophie/isaac_lab/isaac_ws/rl_code/soarm100sim/third_party/orbbec_v1_ws/install/orbbec_camera_msgs/share/orbbec_camera_msgs/msg/Extrinsics.msg\n'}
[5.305610] (orbbec_camera_msgs) StdoutLine: {'line': b'-- Installing: /home/sophie/isaac_lab/isaac_ws/rl_code/soarm100sim/third_party/orbbec_v1_ws/install/orbbec_camera_msgs/share/orbbec_camera_msgs/msg/Metadata.msg\n'}
[5.305723] (orbbec_camera_msgs) StdoutLine: {'line': b'-- Installing: /home/sophie/isaac_lab/isaac_ws/rl_code/soarm100sim/third_party/orbbec_v1_ws/install/orbbec_camera_msgs/share/orbbec_camera_msgs/msg/IMUInfo.msg\n'}
[5.305796] (orbbec_camera_msgs) StdoutLine: {'line': b'-- Installing: /home/sophie/isaac_lab/isaac_ws/rl_code/soarm100sim/third_party/orbbec_v1_ws/install/orbbec_camera_msgs/share/orbbec_camera_msgs/msg/RGBD.msg\n'}
[5.305824] (orbbec_camera_msgs) StdoutLine: {'line': b'-- Installing: /home/sophie/isaac_lab/isaac_ws/rl_code/soarm100sim/third_party/orbbec_v1_ws/install/orbbec_camera_msgs/share/orbbec_camera_msgs/srv/GetBool.srv\n'}
[5.305852] (orbbec_camera_msgs) StdoutLine: {'line': b'-- Installing: /home/sophie/isaac_lab/isaac_ws/rl_code/soarm100sim/third_party/orbbec_v1_ws/install/orbbec_camera_msgs/share/orbbec_camera_msgs/srv/GetBool_Request.msg\n'}
[5.305975] (orbbec_camera_msgs) StdoutLine: {'line': b'-- Installing: /home/sophie/isaac_lab/isaac_ws/rl_code/soarm100sim/third_party/orbbec_v1_ws/install/orbbec_camera_msgs/share/orbbec_camera_msgs/srv/GetBool_Response.msg\n'}
[5.306053] (orbbec_camera_msgs) StdoutLine: {'line': b'-- Installing: /home/sophie/isaac_lab/isaac_ws/rl_code/soarm100sim/third_party/orbbec_v1_ws/install/orbbec_camera_msgs/share/orbbec_camera_msgs/srv/GetDeviceInfo.srv\n'}
[5.306126] (orbbec_camera_msgs) StdoutLine: {'line': b'-- Installing: /home/sophie/isaac_lab/isaac_ws/rl_code/soarm100sim/third_party/orbbec_v1_ws/install/orbbec_camera_msgs/share/orbbec_camera_msgs/srv/GetDeviceInfo_Request.msg\n'}
[5.306235] (orbbec_camera_msgs) StdoutLine: {'line': b'-- Installing: /home/sophie/isaac_lab/isaac_ws/rl_code/soarm100sim/third_party/orbbec_v1_ws/install/orbbec_camera_msgs/share/orbbec_camera_msgs/srv/GetDeviceInfo_Response.msg\n'}
[5.306305] (orbbec_camera_msgs) StdoutLine: {'line': b'-- Installing: /home/sophie/isaac_lab/isaac_ws/rl_code/soarm100sim/third_party/orbbec_v1_ws/install/orbbec_camera_msgs/share/orbbec_camera_msgs/srv/GetCameraInfo.srv\n'}
[5.306381] (orbbec_camera_msgs) StdoutLine: {'line': b'-- Installing: /home/sophie/isaac_lab/isaac_ws/rl_code/soarm100sim/third_party/orbbec_v1_ws/install/orbbec_camera_msgs/share/orbbec_camera_msgs/srv/GetCameraInfo_Request.msg\n'}
[5.306457] (orbbec_camera_msgs) StdoutLine: {'line': b'-- Installing: /home/sophie/isaac_lab/isaac_ws/rl_code/soarm100sim/third_party/orbbec_v1_ws/install/orbbec_camera_msgs/share/orbbec_camera_msgs/srv/GetCameraInfo_Response.msg\n'}
[5.306534] (orbbec_camera_msgs) StdoutLine: {'line': b'-- Installing: /home/sophie/isaac_lab/isaac_ws/rl_code/soarm100sim/third_party/orbbec_v1_ws/install/orbbec_camera_msgs/share/orbbec_camera_msgs/srv/GetInt32.srv\n'}
[5.306608] (orbbec_camera_msgs) StdoutLine: {'line': b'-- Installing: /home/sophie/isaac_lab/isaac_ws/rl_code/soarm100sim/third_party/orbbec_v1_ws/install/orbbec_camera_msgs/share/orbbec_camera_msgs/srv/GetInt32_Request.msg\n'}
[5.306727] (orbbec_camera_msgs) StdoutLine: {'line': b'-- Installing: /home/sophie/isaac_lab/isaac_ws/rl_code/soarm100sim/third_party/orbbec_v1_ws/install/orbbec_camera_msgs/share/orbbec_camera_msgs/srv/GetInt32_Response.msg\n'}
[5.306755] (orbbec_camera_msgs) StdoutLine: {'line': b'-- Installing: /home/sophie/isaac_lab/isaac_ws/rl_code/soarm100sim/third_party/orbbec_v1_ws/install/orbbec_camera_msgs/share/orbbec_camera_msgs/srv/GetString.srv\n'}
[5.306869] (orbbec_camera_msgs) StdoutLine: {'line': b'-- Installing: /home/sophie/isaac_lab/isaac_ws/rl_code/soarm100sim/third_party/orbbec_v1_ws/install/orbbec_camera_msgs/share/orbbec_camera_msgs/srv/GetString_Request.msg\n'}
[5.306900] (orbbec_camera_msgs) StdoutLine: {'line': b'-- Installing: /home/sophie/isaac_lab/isaac_ws/rl_code/soarm100sim/third_party/orbbec_v1_ws/install/orbbec_camera_msgs/share/orbbec_camera_msgs/srv/GetString_Response.msg\n'}
[5.307026] (orbbec_camera_msgs) StdoutLine: {'line': b'-- Installing: /home/sophie/isaac_lab/isaac_ws/rl_code/soarm100sim/third_party/orbbec_v1_ws/install/orbbec_camera_msgs/share/orbbec_camera_msgs/srv/SetInt32.srv\n'}
[5.307104] (orbbec_camera_msgs) StdoutLine: {'line': b'-- Installing: /home/sophie/isaac_lab/isaac_ws/rl_code/soarm100sim/third_party/orbbec_v1_ws/install/orbbec_camera_msgs/share/orbbec_camera_msgs/srv/SetInt32_Request.msg\n'}
[5.307130] (orbbec_camera_msgs) StdoutLine: {'line': b'-- Installing: /home/sophie/isaac_lab/isaac_ws/rl_code/soarm100sim/third_party/orbbec_v1_ws/install/orbbec_camera_msgs/share/orbbec_camera_msgs/srv/SetInt32_Response.msg\n'}
[5.307178] (orbbec_camera_msgs) StdoutLine: {'line': b'-- Installing: /home/sophie/isaac_lab/isaac_ws/rl_code/soarm100sim/third_party/orbbec_v1_ws/install/orbbec_camera_msgs/share/orbbec_camera_msgs/srv/SetString.srv\n'}
[5.307236] (orbbec_camera_msgs) StdoutLine: {'line': b'-- Installing: /home/sophie/isaac_lab/isaac_ws/rl_code/soarm100sim/third_party/orbbec_v1_ws/install/orbbec_camera_msgs/share/orbbec_camera_msgs/srv/SetString_Request.msg\n'}
[5.307327] (orbbec_camera_msgs) StdoutLine: {'line': b'-- Installing: /home/sophie/isaac_lab/isaac_ws/rl_code/soarm100sim/third_party/orbbec_v1_ws/install/orbbec_camera_msgs/share/orbbec_camera_msgs/srv/SetString_Response.msg\n'}
[5.307453] (orbbec_camera_msgs) StdoutLine: {'line': b'-- Installing: /home/sophie/isaac_lab/isaac_ws/rl_code/soarm100sim/third_party/orbbec_v1_ws/install/orbbec_camera_msgs/share/ament_index/resource_index/package_run_dependencies/orbbec_camera_msgs\n'}
[5.307500] (orbbec_camera_msgs) StdoutLine: {'line': b'-- Installing: /home/sophie/isaac_lab/isaac_ws/rl_code/soarm100sim/third_party/orbbec_v1_ws/install/orbbec_camera_msgs/share/ament_index/resource_index/parent_prefix_path/orbbec_camera_msgs\n'}
[5.307643] (orbbec_camera_msgs) StdoutLine: {'line': b'-- Installing: /home/sophie/isaac_lab/isaac_ws/rl_code/soarm100sim/third_party/orbbec_v1_ws/install/orbbec_camera_msgs/share/orbbec_camera_msgs/environment/ament_prefix_path.sh\n'}
[5.307670] (orbbec_camera_msgs) StdoutLine: {'line': b'-- Installing: /home/sophie/isaac_lab/isaac_ws/rl_code/soarm100sim/third_party/orbbec_v1_ws/install/orbbec_camera_msgs/share/orbbec_camera_msgs/environment/ament_prefix_path.dsv\n'}
[5.307782] (orbbec_camera_msgs) StdoutLine: {'line': b'-- Installing: /home/sophie/isaac_lab/isaac_ws/rl_code/soarm100sim/third_party/orbbec_v1_ws/install/orbbec_camera_msgs/share/orbbec_camera_msgs/environment/path.sh\n'}
[5.307865] (orbbec_camera_msgs) StdoutLine: {'line': b'-- Installing: /home/sophie/isaac_lab/isaac_ws/rl_code/soarm100sim/third_party/orbbec_v1_ws/install/orbbec_camera_msgs/share/orbbec_camera_msgs/environment/path.dsv\n'}
[5.307951] (orbbec_camera_msgs) StdoutLine: {'line': b'-- Installing: /home/sophie/isaac_lab/isaac_ws/rl_code/soarm100sim/third_party/orbbec_v1_ws/install/orbbec_camera_msgs/share/orbbec_camera_msgs/local_setup.bash\n'}
[5.308027] (orbbec_camera_msgs) StdoutLine: {'line': b'-- Installing: /home/sophie/isaac_lab/isaac_ws/rl_code/soarm100sim/third_party/orbbec_v1_ws/install/orbbec_camera_msgs/share/orbbec_camera_msgs/local_setup.sh\n'}
[5.308054] (orbbec_camera_msgs) StdoutLine: {'line': b'-- Installing: /home/sophie/isaac_lab/isaac_ws/rl_code/soarm100sim/third_party/orbbec_v1_ws/install/orbbec_camera_msgs/share/orbbec_camera_msgs/local_setup.zsh\n'}
[5.308100] (orbbec_camera_msgs) StdoutLine: {'line': b'-- Installing: /home/sophie/isaac_lab/isaac_ws/rl_code/soarm100sim/third_party/orbbec_v1_ws/install/orbbec_camera_msgs/share/orbbec_camera_msgs/local_setup.dsv\n'}
[5.308164] (orbbec_camera_msgs) StdoutLine: {'line': b'-- Installing: /home/sophie/isaac_lab/isaac_ws/rl_code/soarm100sim/third_party/orbbec_v1_ws/install/orbbec_camera_msgs/share/orbbec_camera_msgs/package.dsv\n'}
[5.308300] (orbbec_camera_msgs) StdoutLine: {'line': b'-- Installing: /home/sophie/isaac_lab/isaac_ws/rl_code/soarm100sim/third_party/orbbec_v1_ws/install/orbbec_camera_msgs/share/ament_index/resource_index/packages/orbbec_camera_msgs\n'}
[5.308340] (orbbec_camera_msgs) StdoutLine: {'line': b'-- Installing: /home/sophie/isaac_lab/isaac_ws/rl_code/soarm100sim/third_party/orbbec_v1_ws/install/orbbec_camera_msgs/share/orbbec_camera_msgs/cmake/export_orbbec_camera_msgs__rosidl_generator_cExport.cmake\n'}
[5.308438] (orbbec_camera_msgs) StdoutLine: {'line': b'-- Installing: /home/sophie/isaac_lab/isaac_ws/rl_code/soarm100sim/third_party/orbbec_v1_ws/install/orbbec_camera_msgs/share/orbbec_camera_msgs/cmake/export_orbbec_camera_msgs__rosidl_generator_cExport-release.cmake\n'}
[5.308526] (orbbec_camera_msgs) StdoutLine: {'line': b'-- Installing: /home/sophie/isaac_lab/isaac_ws/rl_code/soarm100sim/third_party/orbbec_v1_ws/install/orbbec_camera_msgs/share/orbbec_camera_msgs/cmake/export_orbbec_camera_msgs__rosidl_typesupport_fastrtps_cExport.cmake\n'}
[5.308558] (orbbec_camera_msgs) StdoutLine: {'line': b'-- Installing: /home/sophie/isaac_lab/isaac_ws/rl_code/soarm100sim/third_party/orbbec_v1_ws/install/orbbec_camera_msgs/share/orbbec_camera_msgs/cmake/export_orbbec_camera_msgs__rosidl_typesupport_fastrtps_cExport-release.cmake\n'}
[5.308644] (orbbec_camera_msgs) StdoutLine: {'line': b'-- Installing: /home/sophie/isaac_lab/isaac_ws/rl_code/soarm100sim/third_party/orbbec_v1_ws/install/orbbec_camera_msgs/share/orbbec_camera_msgs/cmake/orbbec_camera_msgs__rosidl_typesupport_introspection_cExport.cmake\n'}
[5.308673] (orbbec_camera_msgs) StdoutLine: {'line': b'-- Installing: /home/sophie/isaac_lab/isaac_ws/rl_code/soarm100sim/third_party/orbbec_v1_ws/install/orbbec_camera_msgs/share/orbbec_camera_msgs/cmake/orbbec_camera_msgs__rosidl_typesupport_introspection_cExport-release.cmake\n'}
[5.308780] (orbbec_camera_msgs) StdoutLine: {'line': b'-- Installing: /home/sophie/isaac_lab/isaac_ws/rl_code/soarm100sim/third_party/orbbec_v1_ws/install/orbbec_camera_msgs/share/orbbec_camera_msgs/cmake/orbbec_camera_msgs__rosidl_typesupport_cExport.cmake\n'}
[5.308893] (orbbec_camera_msgs) StdoutLine: {'line': b'-- Installing: /home/sophie/isaac_lab/isaac_ws/rl_code/soarm100sim/third_party/orbbec_v1_ws/install/orbbec_camera_msgs/share/orbbec_camera_msgs/cmake/orbbec_camera_msgs__rosidl_typesupport_cExport-release.cmake\n'}
[5.309020] (orbbec_camera_msgs) StdoutLine: {'line': b'-- Installing: /home/sophie/isaac_lab/isaac_ws/rl_code/soarm100sim/third_party/orbbec_v1_ws/install/orbbec_camera_msgs/share/orbbec_camera_msgs/cmake/export_orbbec_camera_msgs__rosidl_generator_cppExport.cmake\n'}
[5.309289] (orbbec_camera_msgs) StdoutLine: {'line': b'-- Installing: /home/sophie/isaac_lab/isaac_ws/rl_code/soarm100sim/third_party/orbbec_v1_ws/install/orbbec_camera_msgs/share/orbbec_camera_msgs/cmake/export_orbbec_camera_msgs__rosidl_typesupport_fastrtps_cppExport.cmake\n'}
[5.309321] (orbbec_camera_msgs) StdoutLine: {'line': b'-- Installing: /home/sophie/isaac_lab/isaac_ws/rl_code/soarm100sim/third_party/orbbec_v1_ws/install/orbbec_camera_msgs/share/orbbec_camera_msgs/cmake/export_orbbec_camera_msgs__rosidl_typesupport_fastrtps_cppExport-release.cmake\n'}
[5.309432] (orbbec_camera_msgs) StdoutLine: {'line': b'-- Installing: /home/sophie/isaac_lab/isaac_ws/rl_code/soarm100sim/third_party/orbbec_v1_ws/install/orbbec_camera_msgs/share/orbbec_camera_msgs/cmake/orbbec_camera_msgs__rosidl_typesupport_introspection_cppExport.cmake\n'}
[5.309562] (orbbec_camera_msgs) StdoutLine: {'line': b'-- Installing: /home/sophie/isaac_lab/isaac_ws/rl_code/soarm100sim/third_party/orbbec_v1_ws/install/orbbec_camera_msgs/share/orbbec_camera_msgs/cmake/orbbec_camera_msgs__rosidl_typesupport_introspection_cppExport-release.cmake\n'}
[5.309684] (orbbec_camera_msgs) StdoutLine: {'line': b'-- Installing: /home/sophie/isaac_lab/isaac_ws/rl_code/soarm100sim/third_party/orbbec_v1_ws/install/orbbec_camera_msgs/share/orbbec_camera_msgs/cmake/orbbec_camera_msgs__rosidl_typesupport_cppExport.cmake\n'}
[5.309776] (orbbec_camera_msgs) StdoutLine: {'line': b'-- Installing: /home/sophie/isaac_lab/isaac_ws/rl_code/soarm100sim/third_party/orbbec_v1_ws/install/orbbec_camera_msgs/share/orbbec_camera_msgs/cmake/orbbec_camera_msgs__rosidl_typesupport_cppExport-release.cmake\n'}
[5.309874] (orbbec_camera_msgs) StdoutLine: {'line': b'-- Installing: /home/sophie/isaac_lab/isaac_ws/rl_code/soarm100sim/third_party/orbbec_v1_ws/install/orbbec_camera_msgs/share/orbbec_camera_msgs/cmake/export_orbbec_camera_msgs__rosidl_generator_pyExport.cmake\n'}
[5.309970] (orbbec_camera_msgs) StdoutLine: {'line': b'-- Installing: /home/sophie/isaac_lab/isaac_ws/rl_code/soarm100sim/third_party/orbbec_v1_ws/install/orbbec_camera_msgs/share/orbbec_camera_msgs/cmake/export_orbbec_camera_msgs__rosidl_generator_pyExport-release.cmake\n'}
[5.310104] (orbbec_camera_msgs) StdoutLine: {'line': b'-- Installing: /home/sophie/isaac_lab/isaac_ws/rl_code/soarm100sim/third_party/orbbec_v1_ws/install/orbbec_camera_msgs/share/orbbec_camera_msgs/cmake/rosidl_cmake-extras.cmake\n'}
[5.310300] (-) TimerEvent: {}
[5.310453] (orbbec_camera_msgs) StdoutLine: {'line': b'-- Installing: /home/sophie/isaac_lab/isaac_ws/rl_code/soarm100sim/third_party/orbbec_v1_ws/install/orbbec_camera_msgs/share/orbbec_camera_msgs/cmake/ament_cmake_export_dependencies-extras.cmake\n'}
[5.310571] (orbbec_camera_msgs) StdoutLine: {'line': b'-- Installing: /home/sophie/isaac_lab/isaac_ws/rl_code/soarm100sim/third_party/orbbec_v1_ws/install/orbbec_camera_msgs/share/orbbec_camera_msgs/cmake/ament_cmake_export_include_directories-extras.cmake\n'}
[5.310733] (orbbec_camera_msgs) StdoutLine: {'line': b'-- Installing: /home/sophie/isaac_lab/isaac_ws/rl_code/soarm100sim/third_party/orbbec_v1_ws/install/orbbec_camera_msgs/share/orbbec_camera_msgs/cmake/ament_cmake_export_libraries-extras.cmake\n'}
[5.310896] (orbbec_camera_msgs) StdoutLine: {'line': b'-- Installing: /home/sophie/isaac_lab/isaac_ws/rl_code/soarm100sim/third_party/orbbec_v1_ws/install/orbbec_camera_msgs/share/orbbec_camera_msgs/cmake/ament_cmake_export_targets-extras.cmake\n'}
[5.311132] (orbbec_camera_msgs) StdoutLine: {'line': b'-- Installing: /home/sophie/isaac_lab/isaac_ws/rl_code/soarm100sim/third_party/orbbec_v1_ws/install/orbbec_camera_msgs/share/orbbec_camera_msgs/cmake/rosidl_cmake_export_typesupport_targets-extras.cmake\n'}
[5.311303] (orbbec_camera_msgs) StdoutLine: {'line': b'-- Installing: /home/sophie/isaac_lab/isaac_ws/rl_code/soarm100sim/third_party/orbbec_v1_ws/install/orbbec_camera_msgs/share/orbbec_camera_msgs/cmake/rosidl_cmake_export_typesupport_libraries-extras.cmake\n'}
[5.311408] (orbbec_camera_msgs) StdoutLine: {'line': b'-- Installing: /home/sophie/isaac_lab/isaac_ws/rl_code/soarm100sim/third_party/orbbec_v1_ws/install/orbbec_camera_msgs/share/orbbec_camera_msgs/cmake/orbbec_camera_msgsConfig.cmake\n'}
[5.311502] (orbbec_camera_msgs) StdoutLine: {'line': b'-- Installing: /home/sophie/isaac_lab/isaac_ws/rl_code/soarm100sim/third_party/orbbec_v1_ws/install/orbbec_camera_msgs/share/orbbec_camera_msgs/cmake/orbbec_camera_msgsConfig-version.cmake\n'}
[5.311635] (orbbec_camera_msgs) StdoutLine: {'line': b'-- Installing: /home/sophie/isaac_lab/isaac_ws/rl_code/soarm100sim/third_party/orbbec_v1_ws/install/orbbec_camera_msgs/share/orbbec_camera_msgs/package.xml\n'}
[5.314333] (orbbec_camera_msgs) CommandEnded: {'returncode': 0}
[5.323745] (orbbec_camera_msgs) JobEnded: {'identifier': 'orbbec_camera_msgs', 'rc': 0}
[5.324376] (orbbec_camera) JobStarted: {'identifier': 'orbbec_camera'}
[5.329769] (orbbec_camera) JobProgress: {'identifier': 'orbbec_camera', 'progress': 'cmake'}
[5.330236] (orbbec_camera) Command: {'cmd': ['/usr/bin/cmake', '/home/sophie/isaac_lab/isaac_ws/rl_code/soarm100sim/third_party/orbbec_v1_ws/src/OrbbecSDK_ROS2/orbbec_camera', '-DCMAKE_BUILD_TYPE=Release', '-DINSTALL_UDEV_RULES=OFF', '-DPython3_EXECUTABLE=/usr/bin/python3', '-DCMAKE_INSTALL_PREFIX=/home/sophie/isaac_lab/isaac_ws/rl_code/soarm100sim/third_party/orbbec_v1_ws/install/orbbec_camera'], 'cwd': '/home/sophie/isaac_lab/isaac_ws/rl_code/soarm100sim/third_party/orbbec_v1_ws/build/orbbec_camera', 'env': OrderedDict([('USER', 'sophie'), ('SHLVL', '0'), ('LD_LIBRARY_PATH', '/home/sophie/isaac_lab/isaac_ws/rl_code/soarm100sim/third_party/orbbec_v1_ws/install/orbbec_camera_msgs/lib:/usr/lib/x86_64-linux-gnu/gazebo-11/plugins:/opt/ros/humble/opt/rviz_ogre_vendor/lib:/opt/ros/humble/lib/x86_64-linux-gnu:/opt/ros/humble/lib'), ('HOME', '/home/sophie'), ('ROS_PYTHON_VERSION', '3'), ('ROS_DISTRO', 'humble'), ('_', '/usr/bin/colcon'), ('ROS_VERSION', '2'), ('ROS_LOCALHOST_ONLY', '0'), ('PATH', '/opt/ros/humble/bin:/usr/local/sbin:/usr/local/bin:/usr/sbin:/usr/bin:/sbin:/bin'), ('LANG', 'C.UTF-8'), ('AMENT_PREFIX_PATH', '/home/sophie/isaac_lab/isaac_ws/rl_code/soarm100sim/third_party/orbbec_v1_ws/install/orbbec_camera_msgs:/opt/ros/humble'), ('PWD', '/home/sophie/isaac_lab/isaac_ws/rl_code/soarm100sim/third_party/orbbec_v1_ws/build/orbbec_camera'), ('PYTHONPATH', '/home/sophie/isaac_lab/isaac_ws/rl_code/soarm100sim/third_party/orbbec_v1_ws/install/orbbec_camera_msgs/local/lib/python3.10/dist-packages:/opt/ros/humble/lib/python3.10/site-packages:/opt/ros/humble/local/lib/python3.10/dist-packages'), ('COLCON', '1'), ('CMAKE_PREFIX_PATH', '/home/sophie/isaac_lab/isaac_ws/rl_code/soarm100sim/third_party/orbbec_v1_ws/install/orbbec_camera_msgs:/opt/ros/humble')]), 'shell': False}
[5.376189] (orbbec_camera) StdoutLine: {'line': b'-- The C compiler identification is GNU 11.4.0\n'}
[5.410401] (-) TimerEvent: {}
[5.417582] (orbbec_camera) StdoutLine: {'line': b'-- The CXX compiler identification is GNU 11.4.0\n'}
[5.422904] (orbbec_camera) StdoutLine: {'line': b'-- Detecting C compiler ABI info\n'}
[5.484592] (orbbec_camera) StdoutLine: {'line': b'-- Detecting C compiler ABI info - done\n'}
[5.492466] (orbbec_camera) StdoutLine: {'line': b'-- Check for working C compiler: /usr/bin/cc - skipped\n'}
[5.492618] (orbbec_camera) StdoutLine: {'line': b'-- Detecting C compile features\n'}
[5.492880] (orbbec_camera) StdoutLine: {'line': b'-- Detecting C compile features - done\n'}
[5.495185] (orbbec_camera) StdoutLine: {'line': b'-- Detecting CXX compiler ABI info\n'}
[5.510557] (-) TimerEvent: {}
[5.561689] (orbbec_camera) StdoutLine: {'line': b'-- Detecting CXX compiler ABI info - done\n'}
[5.568359] (orbbec_camera) StdoutLine: {'line': b'-- Check for working CXX compiler: /usr/bin/c++ - skipped\n'}
[5.568533] (orbbec_camera) StdoutLine: {'line': b'-- Detecting CXX compile features\n'}
[5.568901] (orbbec_camera) StdoutLine: {'line': b'-- Detecting CXX compile features - done\n'}
[5.570549] (orbbec_camera) StdoutLine: {'line': b'-- Found ament_cmake: 1.3.14 (/opt/ros/humble/share/ament_cmake/cmake)\n'}
[5.610608] (-) TimerEvent: {}
[5.710746] (-) TimerEvent: {}
[5.713519] (orbbec_camera) StdoutLine: {'line': b'-- Found Python3: /usr/bin/python3 (found version "3.10.12") found components: Interpreter \n'}
[5.773693] (orbbec_camera) StdoutLine: {'line': b'-- Found ament_index_cpp: 1.4.1 (/opt/ros/humble/share/ament_index_cpp/cmake)\n'}
[5.778664] (orbbec_camera) StdoutLine: {'line': b'-- Found builtin_interfaces: 1.2.2 (/opt/ros/humble/share/builtin_interfaces/cmake)\n'}
[5.801134] (orbbec_camera) StdoutLine: {'line': b'-- Found rosidl_generator_c: 3.1.8 (/opt/ros/humble/share/rosidl_generator_c/cmake)\n'}
[5.804278] (orbbec_camera) StdoutLine: {'line': b'-- Found rosidl_adapter: 3.1.8 (/opt/ros/humble/share/rosidl_adapter/cmake)\n'}
[5.810137] (orbbec_camera) StdoutLine: {'line': b'-- Found rosidl_generator_cpp: 3.1.8 (/opt/ros/humble/share/rosidl_generator_cpp/cmake)\n'}
[5.810833] (-) TimerEvent: {}
[5.818342] (orbbec_camera) StdoutLine: {'line': b'-- Using all available rosidl_typesupport_c: rosidl_typesupport_fastrtps_c;rosidl_typesupport_introspection_c\n'}
[5.829238] (orbbec_camera) StdoutLine: {'line': b'-- Using all available rosidl_typesupport_cpp: rosidl_typesupport_fastrtps_cpp;rosidl_typesupport_introspection_cpp\n'}
[5.839588] (orbbec_camera) StdoutLine: {'line': b'-- Found cv_bridge: 3.2.1 (/opt/ros/humble/share/cv_bridge/cmake)\n'}
[5.879122] (orbbec_camera) StdoutLine: {'line': b'-- Found camera_info_manager: 3.1.12 (/opt/ros/humble/share/camera_info_manager/cmake)\n'}
[5.906298] (orbbec_camera) StdoutLine: {'line': b'-- Found rmw_implementation_cmake: 6.1.2 (/opt/ros/humble/share/rmw_implementation_cmake/cmake)\n'}
[5.908145] (orbbec_camera) StdoutLine: {'line': b'-- Found rmw_fastrtps_cpp: 6.2.10 (/opt/ros/humble/share/rmw_fastrtps_cpp/cmake)\n'}
[5.910903] (-) TimerEvent: {}
[5.976002] (orbbec_camera) StdoutLine: {'line': b'-- Found OpenSSL: /usr/lib/x86_64-linux-gnu/libcrypto.so (found version "3.0.2")  \n'}
[5.998079] (orbbec_camera) StdoutLine: {'line': b'-- Found FastRTPS: /opt/ros/humble/include  \n'}
[6.011054] (-) TimerEvent: {}
[6.033947] (orbbec_camera) StdoutLine: {'line': b"-- Using RMW implementation 'rmw_fastrtps_cpp' as default\n"}
[6.043278] (orbbec_camera) StdoutLine: {'line': b'-- Looking for pthread.h\n'}
[6.107416] (orbbec_camera) StdoutLine: {'line': b'-- Looking for pthread.h - found\n'}
[6.107726] (orbbec_camera) StdoutLine: {'line': b'-- Performing Test CMAKE_HAVE_LIBC_PTHREAD\n'}
[6.111126] (-) TimerEvent: {}
[6.184826] (orbbec_camera) StdoutLine: {'line': b'-- Performing Test CMAKE_HAVE_LIBC_PTHREAD - Success\n'}
[6.186089] (orbbec_camera) StdoutLine: {'line': b'-- Found Threads: TRUE  \n'}
[6.211247] (-) TimerEvent: {}
[6.229890] (orbbec_camera) StdoutLine: {'line': b'-- Found image_transport: 3.1.12 (/opt/ros/humble/share/image_transport/cmake)\n'}
[6.250898] (orbbec_camera) StdoutLine: {'line': b'-- Found image_publisher: 3.0.9 (/opt/ros/humble/share/image_publisher/cmake)\n'}
[6.269041] (orbbec_camera) StdoutLine: {'line': b'-- Found OpenCV: /usr (found version "4.5.4") \n'}
[6.269351] (orbbec_camera) StdoutLine: {'line': b'-- Found orbbec_camera_msgs: 1.5.21 (/home/sophie/isaac_lab/isaac_ws/rl_code/soarm100sim/third_party/orbbec_v1_ws/install/orbbec_camera_msgs/share/orbbec_camera_msgs/cmake)\n'}
[6.285367] (orbbec_camera) StdoutLine: {'line': b'-- Found std_srvs: 4.9.1 (/opt/ros/humble/share/std_srvs/cmake)\n'}
[6.296456] (orbbec_camera) StdoutLine: {'line': b'-- Found tf2: 0.25.20 (/opt/ros/humble/share/tf2/cmake)\n'}
[6.304754] (orbbec_camera) StdoutLine: {'line': b'-- Found tf2_eigen: 0.25.20 (/opt/ros/humble/share/tf2_eigen/cmake)\n'}
[6.311331] (-) TimerEvent: {}
[6.355515] (orbbec_camera) StdoutLine: {'line': b'-- Found tf2_sensor_msgs: 0.25.20 (/opt/ros/humble/share/tf2_sensor_msgs/cmake)\n'}
[6.361482] (orbbec_camera) StdoutLine: {'line': b'-- Found diagnostic_updater: 4.0.7 (/opt/ros/humble/share/diagnostic_updater/cmake)\n'}
[6.379298] (orbbec_camera) StdoutLine: {'line': b'-- Found PkgConfig: /usr/bin/pkg-config (found version "0.29.2") \n'}
[6.382950] (orbbec_camera) StdoutLine: {'line': b'-- ORRBEC Machine : x86_64\n'}
[6.383065] (orbbec_camera) StdoutLine: {'line': b'\n'}
[6.383134] (orbbec_camera) StdoutLine: {'line': b'-- ORRBEC Machine Bits : 64\n'}
[6.383196] (orbbec_camera) StdoutLine: {'line': b'\n'}
[6.411439] (-) TimerEvent: {}
[6.447509] (orbbec_camera) StdoutLine: {'line': b'-- Found ament_lint_auto: 0.12.15 (/opt/ros/humble/share/ament_lint_auto/cmake)\n'}
[6.511537] (-) TimerEvent: {}
[6.511754] (orbbec_camera) StdoutLine: {'line': b'-- Configuring done\n'}
[6.593229] (orbbec_camera) StdoutLine: {'line': b'-- Generating done\n'}
[6.611628] (-) TimerEvent: {}
[6.612146] (orbbec_camera) StdoutLine: {'line': b'-- Build files have been written to: /home/sophie/isaac_lab/isaac_ws/rl_code/soarm100sim/third_party/orbbec_v1_ws/build/orbbec_camera\n'}
[6.619782] (orbbec_camera) CommandEnded: {'returncode': 0}
[6.620584] (orbbec_camera) JobProgress: {'identifier': 'orbbec_camera', 'progress': 'build'}
[6.620621] (orbbec_camera) Command: {'cmd': ['/usr/bin/cmake', '--build', '/home/sophie/isaac_lab/isaac_ws/rl_code/soarm100sim/third_party/orbbec_v1_ws/build/orbbec_camera', '--', '-j32', '-l32'], 'cwd': '/home/sophie/isaac_lab/isaac_ws/rl_code/soarm100sim/third_party/orbbec_v1_ws/build/orbbec_camera', 'env': OrderedDict([('USER', 'sophie'), ('SHLVL', '0'), ('LD_LIBRARY_PATH', '/home/sophie/isaac_lab/isaac_ws/rl_code/soarm100sim/third_party/orbbec_v1_ws/install/orbbec_camera_msgs/lib:/usr/lib/x86_64-linux-gnu/gazebo-11/plugins:/opt/ros/humble/opt/rviz_ogre_vendor/lib:/opt/ros/humble/lib/x86_64-linux-gnu:/opt/ros/humble/lib'), ('HOME', '/home/sophie'), ('ROS_PYTHON_VERSION', '3'), ('ROS_DISTRO', 'humble'), ('_', '/usr/bin/colcon'), ('ROS_VERSION', '2'), ('ROS_LOCALHOST_ONLY', '0'), ('PATH', '/opt/ros/humble/bin:/usr/local/sbin:/usr/local/bin:/usr/sbin:/usr/bin:/sbin:/bin'), ('LANG', 'C.UTF-8'), ('AMENT_PREFIX_PATH', '/home/sophie/isaac_lab/isaac_ws/rl_code/soarm100sim/third_party/orbbec_v1_ws/install/orbbec_camera_msgs:/opt/ros/humble'), ('PWD', '/home/sophie/isaac_lab/isaac_ws/rl_code/soarm100sim/third_party/orbbec_v1_ws/build/orbbec_camera'), ('PYTHONPATH', '/home/sophie/isaac_lab/isaac_ws/rl_code/soarm100sim/third_party/orbbec_v1_ws/install/orbbec_camera_msgs/local/lib/python3.10/dist-packages:/opt/ros/humble/lib/python3.10/site-packages:/opt/ros/humble/local/lib/python3.10/dist-packages'), ('COLCON', '1'), ('CMAKE_PREFIX_PATH', '/home/sophie/isaac_lab/isaac_ws/rl_code/soarm100sim/third_party/orbbec_v1_ws/install/orbbec_camera_msgs:/opt/ros/humble')]), 'shell': False}
[6.672922] (orbbec_camera) StdoutLine: {'line': b'[  3%] Building CXX object CMakeFiles/frame_latency_node.dir/rclcpp_components/node_main_frame_latency_node.cpp.o\n'}
[6.674463] (orbbec_camera) StdoutLine: {'line': b'[  7%] Building CXX object CMakeFiles/frame_latency.dir/tools/frame_latency.cpp.o\n'}
[6.675394] (orbbec_camera) StdoutLine: {'line': b'[ 11%] Building CXX object CMakeFiles/orbbec_camera.dir/src/d2c_viewer.cpp.o\n'}
[6.676123] (orbbec_camera) StdoutLine: {'line': b'[ 15%] Building CXX object CMakeFiles/orbbec_camera.dir/src/dynamic_params.cpp.o\n'}
[6.679267] (orbbec_camera) StdoutLine: {'line': b'[ 19%] Building CXX object CMakeFiles/orbbec_camera_node.dir/rclcpp_components/node_main_orbbec_camera_node.cpp.o\n'}
[6.679846] (orbbec_camera) StdoutLine: {'line': b'[ 23%] Building CXX object CMakeFiles/orbbec_camera.dir/src/jpeg_decoder.cpp.o\n'}
[6.680827] (orbbec_camera) StdoutLine: {'line': b'[ 26%] Building CXX object CMakeFiles/orbbec_camera.dir/src/image_publisher.cpp.o\n'}
[6.681308] (orbbec_camera) StdoutLine: {'line': b'[ 34%] Building CXX object CMakeFiles/orbbec_camera.dir/src/ros_param_backend.cpp.o\n'}
[6.681453] (orbbec_camera) StdoutLine: {'line': b'[ 34%] Building CXX object CMakeFiles/orbbec_camera.dir/src/frame_timestamp_csv_logger.cpp.o\n'}
[6.681807] (orbbec_camera) StdoutLine: {'line': b'[ 42%] Building CXX object CMakeFiles/orbbec_camera.dir/src/ob_camera_node_driver.cpp.o\n'}
[6.681943] (orbbec_camera) StdoutLine: {'line': b'[ 42%] Building CXX object CMakeFiles/orbbec_camera.dir/src/ob_camera_node.cpp.o\n'}
[6.683292] (orbbec_camera) StdoutLine: {'line': b'[ 46%] Building CXX object CMakeFiles/orbbec_camera.dir/src/ros_service.cpp.o\n'}
[6.683541] (orbbec_camera) StdoutLine: {'line': b'[ 50%] Building CXX object CMakeFiles/orbbec_camera.dir/src/synced_imu_publisher.cpp.o\n'}
[6.684033] (orbbec_camera) StdoutLine: {'line': b'[ 53%] Building CXX object CMakeFiles/orbbec_camera.dir/src/utils.cpp.o\n'}
[6.711785] (-) TimerEvent: {}
[6.811976] (-) TimerEvent: {}
[6.912205] (-) TimerEvent: {}
[7.012390] (-) TimerEvent: {}
[7.112578] (-) TimerEvent: {}
[7.212805] (-) TimerEvent: {}
[7.312988] (-) TimerEvent: {}
[7.413185] (-) TimerEvent: {}
[7.513410] (-) TimerEvent: {}
[7.613598] (-) TimerEvent: {}
[7.713838] (-) TimerEvent: {}
[7.814040] (-) TimerEvent: {}
[7.914233] (-) TimerEvent: {}
[8.014484] (-) TimerEvent: {}
[8.114709] (-) TimerEvent: {}
[8.214906] (-) TimerEvent: {}
[8.315116] (-) TimerEvent: {}
[8.415312] (-) TimerEvent: {}
[8.515526] (-) TimerEvent: {}
[8.615740] (-) TimerEvent: {}
[8.715945] (-) TimerEvent: {}
[8.816135] (-) TimerEvent: {}
[8.916328] (-) TimerEvent: {}
[9.016551] (-) TimerEvent: {}
[9.073530] (orbbec_camera) StdoutLine: {'line': b'[ 57%] Linking CXX executable frame_latency_node\n'}
[9.116683] (-) TimerEvent: {}
[9.157335] (orbbec_camera) StdoutLine: {'line': b'[ 57%] Built target frame_latency_node\n'}
[9.216779] (-) TimerEvent: {}
[9.317038] (-) TimerEvent: {}
[9.417217] (-) TimerEvent: {}
[9.517422] (-) TimerEvent: {}
[9.617602] (-) TimerEvent: {}
[9.660488] (orbbec_camera) StdoutLine: {'line': b'[ 61%] Linking CXX executable orbbec_camera_node\n'}
[9.717710] (-) TimerEvent: {}
[9.769069] (orbbec_camera) StdoutLine: {'line': b'[ 61%] Built target orbbec_camera_node\n'}
[9.817813] (-) TimerEvent: {}
[9.918042] (-) TimerEvent: {}
[10.018227] (-) TimerEvent: {}
[10.118409] (-) TimerEvent: {}
[10.218618] (-) TimerEvent: {}
[10.318855] (-) TimerEvent: {}
[10.419063] (-) TimerEvent: {}
[10.519247] (-) TimerEvent: {}
[10.619432] (-) TimerEvent: {}
[10.719643] (-) TimerEvent: {}
[10.819892] (-) TimerEvent: {}
[10.920072] (-) TimerEvent: {}
[11.020262] (-) TimerEvent: {}
[11.120487] (-) TimerEvent: {}
[11.220692] (-) TimerEvent: {}
[11.320994] (-) TimerEvent: {}
[11.421180] (-) TimerEvent: {}
[11.521362] (-) TimerEvent: {}
[11.621578] (-) TimerEvent: {}
[11.721767] (-) TimerEvent: {}
[11.821994] (-) TimerEvent: {}
[11.922236] (-) TimerEvent: {}
[12.022452] (-) TimerEvent: {}
[12.122636] (-) TimerEvent: {}
[12.222855] (-) TimerEvent: {}
[12.323092] (-) TimerEvent: {}
[12.423323] (-) TimerEvent: {}
[12.523509] (-) TimerEvent: {}
[12.623684] (-) TimerEvent: {}
[12.723869] (-) TimerEvent: {}
[12.824120] (-) TimerEvent: {}
[12.924307] (-) TimerEvent: {}
[13.024482] (-) TimerEvent: {}
[13.124702] (-) TimerEvent: {}
[13.224882] (-) TimerEvent: {}
[13.325077] (-) TimerEvent: {}
[13.425254] (-) TimerEvent: {}
[13.525562] (-) TimerEvent: {}
[13.625767] (-) TimerEvent: {}
[13.725994] (-) TimerEvent: {}
[13.826174] (-) TimerEvent: {}
[13.926394] (-) TimerEvent: {}
[14.026645] (-) TimerEvent: {}
[14.126819] (-) TimerEvent: {}
[14.226973] (-) TimerEvent: {}
[14.327144] (-) TimerEvent: {}
[14.427316] (-) TimerEvent: {}
[14.527524] (-) TimerEvent: {}
[14.627730] (-) TimerEvent: {}
[14.727939] (-) TimerEvent: {}
[14.828118] (-) TimerEvent: {}
[14.928297] (-) TimerEvent: {}
[15.028501] (-) TimerEvent: {}
[15.128681] (-) TimerEvent: {}
[15.228851] (-) TimerEvent: {}
[15.329061] (-) TimerEvent: {}
[15.429237] (-) TimerEvent: {}
[15.529421] (-) TimerEvent: {}
[15.629721] (-) TimerEvent: {}
[15.729933] (-) TimerEvent: {}
[15.830119] (-) TimerEvent: {}
[15.930335] (-) TimerEvent: {}
[16.030553] (-) TimerEvent: {}
[16.130828] (-) TimerEvent: {}
[16.231065] (-) TimerEvent: {}
[16.331336] (-) TimerEvent: {}
[16.431547] (-) TimerEvent: {}
[16.531723] (-) TimerEvent: {}
[16.632021] (-) TimerEvent: {}
[16.732201] (-) TimerEvent: {}
[16.832407] (-) TimerEvent: {}
[16.932578] (-) TimerEvent: {}
[17.032782] (-) TimerEvent: {}
[17.132968] (-) TimerEvent: {}
[17.233138] (-) TimerEvent: {}
[17.333314] (-) TimerEvent: {}
[17.433590] (-) TimerEvent: {}
[17.533803] (-) TimerEvent: {}
[17.633974] (-) TimerEvent: {}
[17.734159] (-) TimerEvent: {}
[17.834344] (-) TimerEvent: {}
[17.934556] (-) TimerEvent: {}
[18.034760] (-) TimerEvent: {}
[18.135025] (-) TimerEvent: {}
[18.235209] (-) TimerEvent: {}
[18.335418] (-) TimerEvent: {}
[18.435633] (-) TimerEvent: {}
[18.535810] (-) TimerEvent: {}
[18.636043] (-) TimerEvent: {}
[18.736226] (-) TimerEvent: {}
[18.836430] (-) TimerEvent: {}
[18.936646] (-) TimerEvent: {}
[19.036853] (-) TimerEvent: {}
[19.137052] (-) TimerEvent: {}
[19.237291] (-) TimerEvent: {}
[19.337500] (-) TimerEvent: {}
[19.437703] (-) TimerEvent: {}
[19.537896] (-) TimerEvent: {}
[19.638214] (-) TimerEvent: {}
[19.738432] (-) TimerEvent: {}
[19.838623] (-) TimerEvent: {}
[19.938783] (-) TimerEvent: {}
[20.039039] (-) TimerEvent: {}
[20.139190] (-) TimerEvent: {}
[20.239371] (-) TimerEvent: {}
[20.339545] (-) TimerEvent: {}
[20.439775] (-) TimerEvent: {}
[20.539929] (-) TimerEvent: {}
[20.640074] (-) TimerEvent: {}
[20.740221] (-) TimerEvent: {}
[20.840401] (-) TimerEvent: {}
[20.940576] (-) TimerEvent: {}
[21.040752] (-) TimerEvent: {}
[21.140981] (-) TimerEvent: {}
[21.241132] (-) TimerEvent: {}
[21.341322] (-) TimerEvent: {}
[21.441495] (-) TimerEvent: {}
[21.541696] (-) TimerEvent: {}
[21.641890] (-) TimerEvent: {}
[21.742054] (-) TimerEvent: {}
[21.842202] (-) TimerEvent: {}
[21.942376] (-) TimerEvent: {}
[22.042556] (-) TimerEvent: {}
[22.142768] (-) TimerEvent: {}
[22.242964] (-) TimerEvent: {}
[22.343104] (-) TimerEvent: {}
[22.443246] (-) TimerEvent: {}
[22.543420] (-) TimerEvent: {}
[22.643599] (-) TimerEvent: {}
[22.743779] (-) TimerEvent: {}
[22.843948] (-) TimerEvent: {}
[22.944124] (-) TimerEvent: {}
[23.044285] (-) TimerEvent: {}
[23.144470] (-) TimerEvent: {}
[23.244647] (-) TimerEvent: {}
[23.344816] (-) TimerEvent: {}
[23.445008] (-) TimerEvent: {}
[23.545154] (-) TimerEvent: {}
[23.645472] (-) TimerEvent: {}
[23.745643] (-) TimerEvent: {}
[23.845850] (-) TimerEvent: {}
[23.945983] (-) TimerEvent: {}
[24.046153] (-) TimerEvent: {}
[24.146352] (-) TimerEvent: {}
[24.246553] (-) TimerEvent: {}
[24.346761] (-) TimerEvent: {}
[24.446955] (-) TimerEvent: {}
[24.547100] (-) TimerEvent: {}
[24.647262] (-) TimerEvent: {}
[24.747443] (-) TimerEvent: {}
[24.847616] (-) TimerEvent: {}
[24.947783] (-) TimerEvent: {}
[25.047968] (-) TimerEvent: {}
[25.148115] (-) TimerEvent: {}
[25.248281] (-) TimerEvent: {}
[25.348424] (-) TimerEvent: {}
[25.448644] (-) TimerEvent: {}
[25.548811] (-) TimerEvent: {}
[25.648989] (-) TimerEvent: {}
[25.749132] (-) TimerEvent: {}
[25.849294] (-) TimerEvent: {}
[25.949460] (-) TimerEvent: {}
[26.049588] (-) TimerEvent: {}
[26.149753] (-) TimerEvent: {}
[26.249922] (-) TimerEvent: {}
[26.282042] (orbbec_camera) StdoutLine: {'line': b'[ 65%] Linking CXX shared library liborbbec_camera.so\n'}
[26.350013] (-) TimerEvent: {}
[26.450186] (-) TimerEvent: {}
[26.550432] (-) TimerEvent: {}
[26.585179] (orbbec_camera) StdoutLine: {'line': b'[ 65%] Built target orbbec_camera\n'}
[26.602697] (orbbec_camera) StdoutLine: {'line': b'[ 69%] Building CXX object CMakeFiles/list_devices_node.dir/tools/list_devices_node.cpp.o\n'}
[26.602853] (orbbec_camera) StdoutLine: {'line': b'[ 73%] Building CXX object CMakeFiles/topic_statistics_node.dir/tools/topic_statistics.cpp.o\n'}
[26.603078] (orbbec_camera) StdoutLine: {'line': b'[ 76%] Building CXX object CMakeFiles/list_camera_profile_mode_node.dir/tools/list_camera_profile.cpp.o\n'}
[26.603462] (orbbec_camera) StdoutLine: {'line': b'[ 80%] Building CXX object CMakeFiles/list_depth_work_mode_node.dir/tools/list_depth_work_mode.cpp.o\n'}
[26.650548] (-) TimerEvent: {}
[26.750735] (-) TimerEvent: {}
[26.850887] (-) TimerEvent: {}
[26.951061] (-) TimerEvent: {}
[27.051241] (-) TimerEvent: {}
[27.151447] (-) TimerEvent: {}
[27.251657] (-) TimerEvent: {}
[27.351831] (-) TimerEvent: {}
[27.452013] (-) TimerEvent: {}
[27.552189] (-) TimerEvent: {}
[27.652391] (-) TimerEvent: {}
[27.752607] (-) TimerEvent: {}
[27.852825] (-) TimerEvent: {}
[27.953034] (-) TimerEvent: {}
[28.053215] (-) TimerEvent: {}
[28.153392] (-) TimerEvent: {}
[28.253571] (-) TimerEvent: {}
[28.353777] (-) TimerEvent: {}
[28.453999] (-) TimerEvent: {}
[28.554172] (-) TimerEvent: {}
[28.654373] (-) TimerEvent: {}
[28.754551] (-) TimerEvent: {}
[28.854760] (-) TimerEvent: {}
[28.954982] (-) TimerEvent: {}
[29.055160] (-) TimerEvent: {}
[29.155362] (-) TimerEvent: {}
[29.201163] (orbbec_camera) StdoutLine: {'line': b'[ 84%] Linking CXX shared library libframe_latency.so\n'}
[29.255462] (-) TimerEvent: {}
[29.355665] (-) TimerEvent: {}
[29.455876] (-) TimerEvent: {}
[29.499131] (orbbec_camera) StdoutLine: {'line': b'[ 84%] Built target frame_latency\n'}
[29.556005] (-) TimerEvent: {}
[29.656185] (-) TimerEvent: {}
[29.756386] (-) TimerEvent: {}
[29.856635] (-) TimerEvent: {}
[29.956935] (-) TimerEvent: {}
[30.057120] (-) TimerEvent: {}
[30.157329] (-) TimerEvent: {}
[30.257540] (-) TimerEvent: {}
[30.357746] (-) TimerEvent: {}
[30.457961] (-) TimerEvent: {}
[30.558138] (-) TimerEvent: {}
[30.658313] (-) TimerEvent: {}
[30.758520] (-) TimerEvent: {}
[30.858732] (-) TimerEvent: {}
[30.958968] (-) TimerEvent: {}
[31.059158] (-) TimerEvent: {}
[31.159379] (-) TimerEvent: {}
[31.175555] (orbbec_camera) StdoutLine: {'line': b'[ 88%] Linking CXX executable list_depth_work_mode_node\n'}
[31.259505] (-) TimerEvent: {}
[31.294752] (orbbec_camera) StdoutLine: {'line': b'[ 92%] Linking CXX executable list_devices_node\n'}
[31.313770] (orbbec_camera) StdoutLine: {'line': b'[ 92%] Built target list_depth_work_mode_node\n'}
[31.359651] (-) TimerEvent: {}
[31.410519] (orbbec_camera) StdoutLine: {'line': b'[ 96%] Linking CXX executable list_camera_profile_mode_node\n'}
[31.459782] (-) TimerEvent: {}
[31.559997] (-) TimerEvent: {}
[31.658290] (orbbec_camera) StdoutLine: {'line': b'[ 96%] Built target list_devices_node\n'}
[31.660094] (-) TimerEvent: {}
[31.758575] (orbbec_camera) StdoutLine: {'line': b'[ 96%] Built target list_camera_profile_mode_node\n'}
[31.760156] (-) TimerEvent: {}
[31.860383] (-) TimerEvent: {}
[31.960594] (-) TimerEvent: {}
[32.060790] (-) TimerEvent: {}
[32.160968] (-) TimerEvent: {}
[32.261137] (-) TimerEvent: {}
[32.361338] (-) TimerEvent: {}
[32.461504] (-) TimerEvent: {}
[32.561671] (-) TimerEvent: {}
[32.661924] (-) TimerEvent: {}
[32.762099] (-) TimerEvent: {}
[32.862273] (-) TimerEvent: {}
[32.962444] (-) TimerEvent: {}
[33.062610] (-) TimerEvent: {}
[33.162818] (-) TimerEvent: {}
[33.262983] (-) TimerEvent: {}
[33.363158] (-) TimerEvent: {}
[33.463355] (-) TimerEvent: {}
[33.563556] (-) TimerEvent: {}
[33.663728] (-) TimerEvent: {}
[33.763991] (-) TimerEvent: {}
[33.864158] (-) TimerEvent: {}
[33.964327] (-) TimerEvent: {}
[34.064519] (-) TimerEvent: {}
[34.164684] (-) TimerEvent: {}
[34.264904] (-) TimerEvent: {}
[34.365080] (-) TimerEvent: {}
[34.465239] (-) TimerEvent: {}
[34.565432] (-) TimerEvent: {}
[34.665658] (-) TimerEvent: {}
[34.765879] (-) TimerEvent: {}
[34.866132] (-) TimerEvent: {}
[34.966305] (-) TimerEvent: {}
[35.066499] (-) TimerEvent: {}
[35.166698] (-) TimerEvent: {}
[35.229418] (orbbec_camera) StdoutLine: {'line': b'[100%] Linking CXX executable topic_statistics_node\n'}
[35.266802] (-) TimerEvent: {}
[35.367086] (-) TimerEvent: {}
[35.410306] (orbbec_camera) StdoutLine: {'line': b'[100%] Built target topic_statistics_node\n'}
[35.467255] (-) TimerEvent: {}
[35.567595] (-) TimerEvent: {}
[35.668073] (-) TimerEvent: {}
[35.768343] (-) TimerEvent: {}
[35.868671] (-) TimerEvent: {}
[35.969012] (-) TimerEvent: {}
[36.069286] (-) TimerEvent: {}
[36.169591] (-) TimerEvent: {}
[36.269892] (-) TimerEvent: {}
[36.370172] (-) TimerEvent: {}
[36.470458] (-) TimerEvent: {}
[36.570778] (-) TimerEvent: {}
[36.671126] (-) TimerEvent: {}
[36.771404] (-) TimerEvent: {}
[36.871687] (-) TimerEvent: {}
[36.972061] (-) TimerEvent: {}
[37.072286] (-) TimerEvent: {}
[37.172558] (-) TimerEvent: {}
[37.272961] (-) TimerEvent: {}
[37.373255] (-) TimerEvent: {}
[37.473565] (-) TimerEvent: {}
[37.573935] (-) TimerEvent: {}
[37.674317] (-) TimerEvent: {}
[37.774648] (-) TimerEvent: {}
[37.875030] (-) TimerEvent: {}
[37.975391] (-) TimerEvent: {}
[38.075706] (-) TimerEvent: {}
[38.175906] (-) TimerEvent: {}
[38.276105] (-) TimerEvent: {}
[38.376335] (-) TimerEvent: {}
[38.476589] (-) TimerEvent: {}
[38.576863] (-) TimerEvent: {}
[38.677205] (-) TimerEvent: {}
[38.777443] (-) TimerEvent: {}
[38.877680] (-) TimerEvent: {}
[38.978023] (-) TimerEvent: {}
[39.078276] (-) TimerEvent: {}
[39.178492] (-) TimerEvent: {}
[39.278723] (-) TimerEvent: {}
[39.378936] (-) TimerEvent: {}
[39.479175] (-) TimerEvent: {}
[39.579457] (-) TimerEvent: {}
[39.679717] (-) TimerEvent: {}
[39.779978] (-) TimerEvent: {}
[39.880202] (-) TimerEvent: {}
[39.980464] (-) TimerEvent: {}
[40.080726] (-) TimerEvent: {}
[40.180982] (-) TimerEvent: {}
[40.281169] (-) TimerEvent: {}
[40.381452] (-) TimerEvent: {}
[40.481693] (-) TimerEvent: {}
[40.581944] (-) TimerEvent: {}
[40.682149] (-) TimerEvent: {}
[40.782414] (-) TimerEvent: {}
[40.882654] (-) TimerEvent: {}
[40.982987] (-) TimerEvent: {}
[41.083248] (-) TimerEvent: {}
[41.183499] (-) TimerEvent: {}
[41.283724] (-) TimerEvent: {}
[41.383963] (-) TimerEvent: {}
[41.484252] (-) TimerEvent: {}
[41.584531] (-) TimerEvent: {}
[41.684833] (-) TimerEvent: {}
[41.785087] (-) TimerEvent: {}
[41.885309] (-) TimerEvent: {}
[41.985560] (-) TimerEvent: {}
[42.085844] (-) TimerEvent: {}
[42.186079] (-) TimerEvent: {}
[42.286258] (-) TimerEvent: {}
[42.386494] (-) TimerEvent: {}
[42.486736] (-) TimerEvent: {}
[42.587007] (-) TimerEvent: {}
[42.687252] (-) TimerEvent: {}
[42.787514] (-) TimerEvent: {}
[42.887761] (-) TimerEvent: {}
[42.988004] (-) TimerEvent: {}
[43.088190] (-) TimerEvent: {}
[43.188382] (-) TimerEvent: {}
[43.288597] (-) TimerEvent: {}
[43.388851] (-) TimerEvent: {}
[43.489209] (-) TimerEvent: {}
[43.589480] (-) TimerEvent: {}
[43.689696] (-) TimerEvent: {}
[43.790031] (-) TimerEvent: {}
[43.890261] (-) TimerEvent: {}
[43.990514] (-) TimerEvent: {}
[44.090737] (-) TimerEvent: {}
[44.191001] (-) TimerEvent: {}
[44.291215] (-) TimerEvent: {}
[44.391439] (-) TimerEvent: {}
[44.491694] (-) TimerEvent: {}
[44.591934] (-) TimerEvent: {}
[44.692148] (-) TimerEvent: {}
[44.792384] (-) TimerEvent: {}
[44.892629] (-) TimerEvent: {}
[44.992987] (-) TimerEvent: {}
[45.093140] (-) TimerEvent: {}
[45.193377] (-) TimerEvent: {}
[45.293521] (-) TimerEvent: {}
[45.393697] (-) TimerEvent: {}
[45.493866] (-) TimerEvent: {}
[45.594010] (-) TimerEvent: {}
[45.694211] (-) TimerEvent: {}
[45.794397] (-) TimerEvent: {}
[45.894570] (-) TimerEvent: {}
[45.994744] (-) TimerEvent: {}
[46.094880] (-) TimerEvent: {}
[46.195033] (-) TimerEvent: {}
[46.295180] (-) TimerEvent: {}
[46.395358] (-) TimerEvent: {}
[46.495562] (-) TimerEvent: {}
[46.595709] (-) TimerEvent: {}
[46.695850] (-) TimerEvent: {}
[46.796021] (-) TimerEvent: {}
[46.896210] (-) TimerEvent: {}
[46.996464] (-) TimerEvent: {}
[47.096782] (-) TimerEvent: {}
[47.197031] (-) TimerEvent: {}
[47.297264] (-) TimerEvent: {}
[47.397507] (-) TimerEvent: {}
[47.497749] (-) TimerEvent: {}
[47.598061] (-) TimerEvent: {}
[47.698262] (-) TimerEvent: {}
[47.798447] (-) TimerEvent: {}
[47.898673] (-) TimerEvent: {}
[47.998899] (-) TimerEvent: {}
[48.099148] (-) TimerEvent: {}
[48.199413] (-) TimerEvent: {}
[48.299653] (-) TimerEvent: {}
[48.399937] (-) TimerEvent: {}
[48.500179] (-) TimerEvent: {}
[48.600432] (-) TimerEvent: {}
[48.700669] (-) TimerEvent: {}
[48.801057] (-) TimerEvent: {}
[48.901254] (-) TimerEvent: {}
[49.001488] (-) TimerEvent: {}
[49.101758] (-) TimerEvent: {}
[49.202041] (-) TimerEvent: {}
[49.302271] (-) TimerEvent: {}
[49.402488] (-) TimerEvent: {}
[49.502715] (-) TimerEvent: {}
[49.602986] (-) TimerEvent: {}
[49.703177] (-) TimerEvent: {}
[49.803384] (-) TimerEvent: {}
[49.903638] (-) TimerEvent: {}
[50.003957] (-) TimerEvent: {}
[50.104174] (-) TimerEvent: {}
[50.204423] (-) TimerEvent: {}
[50.304680] (-) TimerEvent: {}
[50.405030] (-) TimerEvent: {}
[50.505235] (-) TimerEvent: {}
[50.605473] (-) TimerEvent: {}
[50.705655] (-) TimerEvent: {}
[50.805864] (-) TimerEvent: {}
[50.906152] (-) TimerEvent: {}
[51.006462] (-) TimerEvent: {}
[51.106671] (-) TimerEvent: {}
[51.206864] (-) TimerEvent: {}
[51.307015] (-) TimerEvent: {}
[51.407159] (-) TimerEvent: {}
[51.507339] (-) TimerEvent: {}
[51.607532] (-) TimerEvent: {}
[51.707692] (-) TimerEvent: {}
[51.807907] (-) TimerEvent: {}
[51.908093] (-) TimerEvent: {}
[52.008291] (-) TimerEvent: {}
[52.108469] (-) TimerEvent: {}
[52.208670] (-) TimerEvent: {}
[52.308841] (-) TimerEvent: {}
[52.409136] (-) TimerEvent: {}
[52.509462] (-) TimerEvent: {}
[52.609788] (-) TimerEvent: {}
[52.710069] (-) TimerEvent: {}
[52.810362] (-) TimerEvent: {}
[52.910688] (-) TimerEvent: {}
[53.011066] (-) TimerEvent: {}
[53.111309] (-) TimerEvent: {}
[53.211540] (-) TimerEvent: {}
[53.311811] (-) TimerEvent: {}
[53.412144] (-) TimerEvent: {}
[53.512458] (-) TimerEvent: {}
[53.612767] (-) TimerEvent: {}
[53.712991] (-) TimerEvent: {}
[53.813250] (-) TimerEvent: {}
[53.913572] (-) TimerEvent: {}
[54.013899] (-) TimerEvent: {}
[54.114210] (-) TimerEvent: {}
[54.214488] (-) TimerEvent: {}
[54.314787] (-) TimerEvent: {}
[54.415085] (-) TimerEvent: {}
[54.515380] (-) TimerEvent: {}
[54.615654] (-) TimerEvent: {}
[54.715941] (-) TimerEvent: {}
[54.816238] (-) TimerEvent: {}
[54.916534] (-) TimerEvent: {}
[55.016911] (-) TimerEvent: {}
[55.117238] (-) TimerEvent: {}
[55.217568] (-) TimerEvent: {}
[55.318048] (-) TimerEvent: {}
[55.418323] (-) TimerEvent: {}
[55.518600] (-) TimerEvent: {}
[55.618868] (-) TimerEvent: {}
[55.719119] (-) TimerEvent: {}
[55.819373] (-) TimerEvent: {}
[55.919690] (-) TimerEvent: {}
[56.020034] (-) TimerEvent: {}
[56.120333] (-) TimerEvent: {}
[56.220647] (-) TimerEvent: {}
[56.321001] (-) TimerEvent: {}
[56.421285] (-) TimerEvent: {}
[56.521574] (-) TimerEvent: {}
[56.621841] (-) TimerEvent: {}
[56.722075] (-) TimerEvent: {}
[56.822297] (-) TimerEvent: {}
[56.922581] (-) TimerEvent: {}
[57.022862] (-) TimerEvent: {}
[57.123212] (-) TimerEvent: {}
[57.223478] (-) TimerEvent: {}
[57.323736] (-) TimerEvent: {}
[57.424004] (-) TimerEvent: {}
[57.524247] (-) TimerEvent: {}
[57.624497] (-) TimerEvent: {}
[57.724773] (-) TimerEvent: {}
[57.825107] (-) TimerEvent: {}
[57.925351] (-) TimerEvent: {}
[58.025692] (-) TimerEvent: {}
[58.126015] (-) TimerEvent: {}
[58.226272] (-) TimerEvent: {}
[58.326535] (-) TimerEvent: {}
[58.426859] (-) TimerEvent: {}
[58.527158] (-) TimerEvent: {}
[58.627432] (-) TimerEvent: {}
[58.727727] (-) TimerEvent: {}
[58.827953] (-) TimerEvent: {}
[58.928338] (-) TimerEvent: {}
[59.028699] (-) TimerEvent: {}
[59.128979] (-) TimerEvent: {}
[59.229243] (-) TimerEvent: {}
[59.329578] (-) TimerEvent: {}
[59.429833] (-) TimerEvent: {}
[59.530173] (-) TimerEvent: {}
[59.630483] (-) TimerEvent: {}
[59.730822] (-) TimerEvent: {}
[59.831141] (-) TimerEvent: {}
[59.931424] (-) TimerEvent: {}
[60.031725] (-) TimerEvent: {}
[60.132065] (-) TimerEvent: {}
[60.232360] (-) TimerEvent: {}
[60.332673] (-) TimerEvent: {}
[60.432994] (-) TimerEvent: {}
[60.533405] (-) TimerEvent: {}
[60.633687] (-) TimerEvent: {}
[60.733945] (-) TimerEvent: {}
[60.834218] (-) TimerEvent: {}
[60.934449] (-) TimerEvent: {}
[61.034692] (-) TimerEvent: {}
[61.134975] (-) TimerEvent: {}
[61.235287] (-) TimerEvent: {}
[61.335563] (-) TimerEvent: {}
[61.435836] (-) TimerEvent: {}
[61.536088] (-) TimerEvent: {}
[61.636321] (-) TimerEvent: {}
[61.736579] (-) TimerEvent: {}
[61.836820] (-) TimerEvent: {}
[61.937023] (-) TimerEvent: {}
[62.037268] (-) TimerEvent: {}
[62.137508] (-) TimerEvent: {}
[62.237758] (-) TimerEvent: {}
[62.338010] (-) TimerEvent: {}
[62.438228] (-) TimerEvent: {}
[62.538499] (-) TimerEvent: {}
[62.638760] (-) TimerEvent: {}
[62.739027] (-) TimerEvent: {}
[62.839270] (-) TimerEvent: {}
[62.939549] (-) TimerEvent: {}
[63.039796] (-) TimerEvent: {}
[63.140100] (-) TimerEvent: {}
[63.240376] (-) TimerEvent: {}
[63.340637] (-) TimerEvent: {}
[63.440879] (-) TimerEvent: {}
[63.541153] (-) TimerEvent: {}
[63.641400] (-) TimerEvent: {}
[63.741643] (-) TimerEvent: {}
[63.841944] (-) TimerEvent: {}
[63.942211] (-) TimerEvent: {}
[64.042464] (-) TimerEvent: {}
[64.142726] (-) TimerEvent: {}
[64.242994] (-) TimerEvent: {}
[64.343291] (-) TimerEvent: {}
[64.443547] (-) TimerEvent: {}
[64.543695] (-) TimerEvent: {}
[64.643899] (-) TimerEvent: {}
[64.744136] (-) TimerEvent: {}
[64.844425] (-) TimerEvent: {}
[64.944662] (-) TimerEvent: {}
[65.045002] (-) TimerEvent: {}
[65.145256] (-) TimerEvent: {}
[65.245496] (-) TimerEvent: {}
[65.345817] (-) TimerEvent: {}
[65.355876] (orbbec_camera) CommandEnded: {'returncode': 0}
[65.357483] (orbbec_camera) JobProgress: {'identifier': 'orbbec_camera', 'progress': 'install'}
[65.357578] (orbbec_camera) Command: {'cmd': ['/usr/bin/cmake', '--install', '/home/sophie/isaac_lab/isaac_ws/rl_code/soarm100sim/third_party/orbbec_v1_ws/build/orbbec_camera'], 'cwd': '/home/sophie/isaac_lab/isaac_ws/rl_code/soarm100sim/third_party/orbbec_v1_ws/build/orbbec_camera', 'env': OrderedDict([('USER', 'sophie'), ('SHLVL', '0'), ('LD_LIBRARY_PATH', '/home/sophie/isaac_lab/isaac_ws/rl_code/soarm100sim/third_party/orbbec_v1_ws/install/orbbec_camera_msgs/lib:/usr/lib/x86_64-linux-gnu/gazebo-11/plugins:/opt/ros/humble/opt/rviz_ogre_vendor/lib:/opt/ros/humble/lib/x86_64-linux-gnu:/opt/ros/humble/lib'), ('HOME', '/home/sophie'), ('ROS_PYTHON_VERSION', '3'), ('ROS_DISTRO', 'humble'), ('_', '/usr/bin/colcon'), ('ROS_VERSION', '2'), ('ROS_LOCALHOST_ONLY', '0'), ('PATH', '/opt/ros/humble/bin:/usr/local/sbin:/usr/local/bin:/usr/sbin:/usr/bin:/sbin:/bin'), ('LANG', 'C.UTF-8'), ('AMENT_PREFIX_PATH', '/home/sophie/isaac_lab/isaac_ws/rl_code/soarm100sim/third_party/orbbec_v1_ws/install/orbbec_camera_msgs:/opt/ros/humble'), ('PWD', '/home/sophie/isaac_lab/isaac_ws/rl_code/soarm100sim/third_party/orbbec_v1_ws/build/orbbec_camera'), ('PYTHONPATH', '/home/sophie/isaac_lab/isaac_ws/rl_code/soarm100sim/third_party/orbbec_v1_ws/install/orbbec_camera_msgs/local/lib/python3.10/dist-packages:/opt/ros/humble/lib/python3.10/site-packages:/opt/ros/humble/local/lib/python3.10/dist-packages'), ('COLCON', '1'), ('CMAKE_PREFIX_PATH', '/home/sophie/isaac_lab/isaac_ws/rl_code/soarm100sim/third_party/orbbec_v1_ws/install/orbbec_camera_msgs:/opt/ros/humble')]), 'shell': False}
[65.370726] (orbbec_camera) StdoutLine: {'line': b'-- Install configuration: "Release"\n'}
[65.371023] (orbbec_camera) StdoutLine: {'line': b'-- Installing: /home/sophie/isaac_lab/isaac_ws/rl_code/soarm100sim/third_party/orbbec_v1_ws/install/orbbec_camera/lib/orbbec_camera/orbbec_camera_node\n'}
[65.371218] (orbbec_camera) StdoutLine: {'line': b'-- Set runtime path of "/home/sophie/isaac_lab/isaac_ws/rl_code/soarm100sim/third_party/orbbec_v1_ws/install/orbbec_camera/lib/orbbec_camera/orbbec_camera_node" to ":/home/sophie/isaac_lab/isaac_ws/rl_code/soarm100sim/third_party/orbbec_v1_ws/src/OrbbecSDK_ROS2/orbbec_camera/SDK/lib/x64"\n'}
[65.371382] (orbbec_camera) StdoutLine: {'line': b'-- Installing: /home/sophie/isaac_lab/isaac_ws/rl_code/soarm100sim/third_party/orbbec_v1_ws/install/orbbec_camera/lib/orbbec_camera/frame_latency_node\n'}
[65.371562] (orbbec_camera) StdoutLine: {'line': b'-- Set runtime path of "/home/sophie/isaac_lab/isaac_ws/rl_code/soarm100sim/third_party/orbbec_v1_ws/install/orbbec_camera/lib/orbbec_camera/frame_latency_node" to ":/home/sophie/isaac_lab/isaac_ws/rl_code/soarm100sim/third_party/orbbec_v1_ws/src/OrbbecSDK_ROS2/orbbec_camera/SDK/lib/x64"\n'}
[65.371658] (orbbec_camera) StdoutLine: {'line': b'-- Installing: /home/sophie/isaac_lab/isaac_ws/rl_code/soarm100sim/third_party/orbbec_v1_ws/install/orbbec_camera/lib/liborbbec_camera.so\n'}
[65.376186] (orbbec_camera) StdoutLine: {'line': b'-- Set runtime path of "/home/sophie/isaac_lab/isaac_ws/rl_code/soarm100sim/third_party/orbbec_v1_ws/install/orbbec_camera/lib/liborbbec_camera.so" to ":/home/sophie/isaac_lab/isaac_ws/rl_code/soarm100sim/third_party/orbbec_v1_ws/src/OrbbecSDK_ROS2/orbbec_camera/SDK/lib/x64"\n'}
[65.376374] (orbbec_camera) StdoutLine: {'line': b'-- Installing: /home/sophie/isaac_lab/isaac_ws/rl_code/soarm100sim/third_party/orbbec_v1_ws/install/orbbec_camera/lib/libframe_latency.so\n'}
[65.380854] (orbbec_camera) StdoutLine: {'line': b'-- Set runtime path of "/home/sophie/isaac_lab/isaac_ws/rl_code/soarm100sim/third_party/orbbec_v1_ws/install/orbbec_camera/lib/libframe_latency.so" to ":/home/sophie/isaac_lab/isaac_ws/rl_code/soarm100sim/third_party/orbbec_v1_ws/src/OrbbecSDK_ROS2/orbbec_camera/SDK/lib/x64"\n'}
[65.381051] (orbbec_camera) StdoutLine: {'line': b'-- Installing: /home/sophie/isaac_lab/isaac_ws/rl_code/soarm100sim/third_party/orbbec_v1_ws/install/orbbec_camera/include\n'}
[65.381114] (orbbec_camera) StdoutLine: {'line': b'-- Installing: /home/sophie/isaac_lab/isaac_ws/rl_code/soarm100sim/third_party/orbbec_v1_ws/install/orbbec_camera/include/orbbec_camera\n'}
[65.381455] (orbbec_camera) StdoutLine: {'line': b'-- Installing: /home/sophie/isaac_lab/isaac_ws/rl_code/soarm100sim/third_party/orbbec_v1_ws/install/orbbec_camera/include/orbbec_camera/frame_timestamp_csv_logger.h\n'}
[65.381528] (orbbec_camera) StdoutLine: {'line': b'-- Installing: /home/sophie/isaac_lab/isaac_ws/rl_code/soarm100sim/third_party/orbbec_v1_ws/install/orbbec_camera/include/orbbec_camera/dynamic_params.h\n'}
[65.381574] (orbbec_camera) StdoutLine: {'line': b'-- Installing: /home/sophie/isaac_lab/isaac_ws/rl_code/soarm100sim/third_party/orbbec_v1_ws/install/orbbec_camera/include/orbbec_camera/ob_camera_node_driver.h\n'}
[65.381847] (orbbec_camera) StdoutLine: {'line': b'-- Installing: /home/sophie/isaac_lab/isaac_ws/rl_code/soarm100sim/third_party/orbbec_v1_ws/install/orbbec_camera/include/orbbec_camera/jpeg_decoder.h\n'}
[65.381981] (orbbec_camera) StdoutLine: {'line': b'-- Installing: /home/sophie/isaac_lab/isaac_ws/rl_code/soarm100sim/third_party/orbbec_v1_ws/install/orbbec_camera/include/orbbec_camera/synced_imu_publisher.h\n'}
[65.382040] (orbbec_camera) StdoutLine: {'line': b'-- Installing: /home/sophie/isaac_lab/isaac_ws/rl_code/soarm100sim/third_party/orbbec_v1_ws/install/orbbec_camera/include/orbbec_camera/jetson_nv_decoder.h\n'}
[65.382362] (orbbec_camera) StdoutLine: {'line': b'-- Installing: /home/sophie/isaac_lab/isaac_ws/rl_code/soarm100sim/third_party/orbbec_v1_ws/install/orbbec_camera/include/orbbec_camera/image_publisher.h\n'}
[65.382468] (orbbec_camera) StdoutLine: {'line': b'-- Installing: /home/sophie/isaac_lab/isaac_ws/rl_code/soarm100sim/third_party/orbbec_v1_ws/install/orbbec_camera/include/orbbec_camera/utils.h\n'}
[65.382516] (orbbec_camera) StdoutLine: {'line': b'-- Installing: /home/sophie/isaac_lab/isaac_ws/rl_code/soarm100sim/third_party/orbbec_v1_ws/install/orbbec_camera/include/orbbec_camera/constants.h\n'}
[65.382750] (orbbec_camera) StdoutLine: {'line': b'-- Installing: /home/sophie/isaac_lab/isaac_ws/rl_code/soarm100sim/third_party/orbbec_v1_ws/install/orbbec_camera/include/orbbec_camera/rk_mpp_decoder.h\n'}
[65.382849] (orbbec_camera) StdoutLine: {'line': b'-- Installing: /home/sophie/isaac_lab/isaac_ws/rl_code/soarm100sim/third_party/orbbec_v1_ws/install/orbbec_camera/include/orbbec_camera/ros_param_backend.h\n'}
[65.382979] (orbbec_camera) StdoutLine: {'line': b'-- Installing: /home/sophie/isaac_lab/isaac_ws/rl_code/soarm100sim/third_party/orbbec_v1_ws/install/orbbec_camera/include/orbbec_camera/d2c_viewer.h\n'}
[65.383041] (orbbec_camera) StdoutLine: {'line': b'-- Installing: /home/sophie/isaac_lab/isaac_ws/rl_code/soarm100sim/third_party/orbbec_v1_ws/install/orbbec_camera/include/orbbec_camera/ob_camera_node.h\n'}
[65.383210] (orbbec_camera) StdoutLine: {'line': b'-- Installing: /home/sophie/isaac_lab/isaac_ws/rl_code/soarm100sim/third_party/orbbec_v1_ws/install/orbbec_camera/include/magic_enum\n'}
[65.383260] (orbbec_camera) StdoutLine: {'line': b'-- Installing: /home/sophie/isaac_lab/isaac_ws/rl_code/soarm100sim/third_party/orbbec_v1_ws/install/orbbec_camera/include/magic_enum/magic_enum.hpp\n'}
[65.383623] (orbbec_camera) StdoutLine: {'line': b'-- Installing: /home/sophie/isaac_lab/isaac_ws/rl_code/soarm100sim/third_party/orbbec_v1_ws/install/orbbec_camera/share/orbbec_camera//launch\n'}
[65.383827] (orbbec_camera) StdoutLine: {'line': b'-- Installing: /home/sophie/isaac_lab/isaac_ws/rl_code/soarm100sim/third_party/orbbec_v1_ws/install/orbbec_camera/share/orbbec_camera//launch/gemini_intra_process_demo_launch.py\n'}
[65.384100] (orbbec_camera) StdoutLine: {'line': b'-- Installing: /home/sophie/isaac_lab/isaac_ws/rl_code/soarm100sim/third_party/orbbec_v1_ws/install/orbbec_camera/share/orbbec_camera//launch/dabai_max_pro.launch.py\n'}
[65.384147] (orbbec_camera) StdoutLine: {'line': b'-- Installing: /home/sophie/isaac_lab/isaac_ws/rl_code/soarm100sim/third_party/orbbec_v1_ws/install/orbbec_camera/share/orbbec_camera//launch/astra_adv.launch.py\n'}
[65.384299] (orbbec_camera) StdoutLine: {'line': b'-- Installing: /home/sophie/isaac_lab/isaac_ws/rl_code/soarm100sim/third_party/orbbec_v1_ws/install/orbbec_camera/share/orbbec_camera//launch/astra_pro2.launch.py\n'}
[65.384565] (orbbec_camera) StdoutLine: {'line': b'-- Installing: /home/sophie/isaac_lab/isaac_ws/rl_code/soarm100sim/third_party/orbbec_v1_ws/install/orbbec_camera/share/orbbec_camera//launch/dabai_dcw.launch.py\n'}
[65.384613] (orbbec_camera) StdoutLine: {'line': b'-- Installing: /home/sophie/isaac_lab/isaac_ws/rl_code/soarm100sim/third_party/orbbec_v1_ws/install/orbbec_camera/share/orbbec_camera//launch/femto.launch.py\n'}
[65.384753] (orbbec_camera) StdoutLine: {'line': b'-- Installing: /home/sophie/isaac_lab/isaac_ws/rl_code/soarm100sim/third_party/orbbec_v1_ws/install/orbbec_camera/share/orbbec_camera//launch/ob_camera.launch.py\n'}
[65.384959] (orbbec_camera) StdoutLine: {'line': b'-- Installing: /home/sophie/isaac_lab/isaac_ws/rl_code/soarm100sim/third_party/orbbec_v1_ws/install/orbbec_camera/share/orbbec_camera//launch/dabai_dcw2.launch.py\n'}
[65.385073] (orbbec_camera) StdoutLine: {'line': b'-- Installing: /home/sophie/isaac_lab/isaac_ws/rl_code/soarm100sim/third_party/orbbec_v1_ws/install/orbbec_camera/share/orbbec_camera//launch/astra_embedded_s.launch.py\n'}
[65.385192] (orbbec_camera) StdoutLine: {'line': b'-- Installing: /home/sophie/isaac_lab/isaac_ws/rl_code/soarm100sim/third_party/orbbec_v1_ws/install/orbbec_camera/share/orbbec_camera//launch/multi_camera.launch.py\n'}
[65.385312] (orbbec_camera) StdoutLine: {'line': b'-- Installing: /home/sophie/isaac_lab/isaac_ws/rl_code/soarm100sim/third_party/orbbec_v1_ws/install/orbbec_camera/share/orbbec_camera//launch/dabai_dw2.launch.py\n'}
[65.385475] (orbbec_camera) StdoutLine: {'line': b'-- Installing: /home/sophie/isaac_lab/isaac_ws/rl_code/soarm100sim/third_party/orbbec_v1_ws/install/orbbec_camera/share/orbbec_camera//launch/astra2.launch.py\n'}
[65.385665] (orbbec_camera) StdoutLine: {'line': b'-- Installing: /home/sophie/isaac_lab/isaac_ws/rl_code/soarm100sim/third_party/orbbec_v1_ws/install/orbbec_camera/share/orbbec_camera//launch/gemini_ew.launch.py\n'}
[65.385795] (orbbec_camera) StdoutLine: {'line': b'-- Installing: /home/sophie/isaac_lab/isaac_ws/rl_code/soarm100sim/third_party/orbbec_v1_ws/install/orbbec_camera/share/orbbec_camera//launch/femto_mega.launch.py\n'}
[65.385972] (orbbec_camera) StdoutLine: {'line': b'-- Installing: /home/sophie/isaac_lab/isaac_ws/rl_code/soarm100sim/third_party/orbbec_v1_ws/install/orbbec_camera/share/orbbec_camera//launch/dabai_max.launch.py\n'}
[65.386129] (orbbec_camera) StdoutLine: {'line': b'-- Installing: /home/sophie/isaac_lab/isaac_ws/rl_code/soarm100sim/third_party/orbbec_v1_ws/install/orbbec_camera/share/orbbec_camera//launch/gemini_330_series.launch.py\n'}
[65.386299] (orbbec_camera) StdoutLine: {'line': b'-- Installing: /home/sophie/isaac_lab/isaac_ws/rl_code/soarm100sim/third_party/orbbec_v1_ws/install/orbbec_camera/share/orbbec_camera//launch/dabai_dcl.py\n'}
[65.386480] (orbbec_camera) StdoutLine: {'line': b'-- Installing: /home/sophie/isaac_lab/isaac_ws/rl_code/soarm100sim/third_party/orbbec_v1_ws/install/orbbec_camera/share/orbbec_camera//launch/astra.launch.py\n'}
[65.386707] (orbbec_camera) StdoutLine: {'line': b'-- Installing: /home/sophie/isaac_lab/isaac_ws/rl_code/soarm100sim/third_party/orbbec_v1_ws/install/orbbec_camera/share/orbbec_camera//launch/dabai_pro.launch.py\n'}
[65.386889] (orbbec_camera) StdoutLine: {'line': b'-- Installing: /home/sophie/isaac_lab/isaac_ws/rl_code/soarm100sim/third_party/orbbec_v1_ws/install/orbbec_camera/share/orbbec_camera//launch/dabai_dw.launch.py\n'}
[65.387081] (orbbec_camera) StdoutLine: {'line': b'-- Installing: /home/sophie/isaac_lab/isaac_ws/rl_code/soarm100sim/third_party/orbbec_v1_ws/install/orbbec_camera/share/orbbec_camera//launch/dabai.launch.py\n'}
[65.387264] (orbbec_camera) StdoutLine: {'line': b'-- Installing: /home/sophie/isaac_lab/isaac_ws/rl_code/soarm100sim/third_party/orbbec_v1_ws/install/orbbec_camera/share/orbbec_camera//launch/gemini2.launch.py\n'}
[65.387454] (orbbec_camera) StdoutLine: {'line': b'-- Installing: /home/sophie/isaac_lab/isaac_ws/rl_code/soarm100sim/third_party/orbbec_v1_ws/install/orbbec_camera/share/orbbec_camera//launch/deeya.launch.py\n'}
[65.387639] (orbbec_camera) StdoutLine: {'line': b'-- Installing: /home/sophie/isaac_lab/isaac_ws/rl_code/soarm100sim/third_party/orbbec_v1_ws/install/orbbec_camera/share/orbbec_camera//launch/astra_stereo_u3.launch.py\n'}
[65.387818] (orbbec_camera) StdoutLine: {'line': b'-- Installing: /home/sophie/isaac_lab/isaac_ws/rl_code/soarm100sim/third_party/orbbec_v1_ws/install/orbbec_camera/share/orbbec_camera//launch/multi_net_camera.launch.py\n'}
[65.388017] (orbbec_camera) StdoutLine: {'line': b'-- Installing: /home/sophie/isaac_lab/isaac_ws/rl_code/soarm100sim/third_party/orbbec_v1_ws/install/orbbec_camera/share/orbbec_camera//launch/gemini_uw.launch.py\n'}
[65.388203] (orbbec_camera) StdoutLine: {'line': b'-- Installing: /home/sophie/isaac_lab/isaac_ws/rl_code/soarm100sim/third_party/orbbec_v1_ws/install/orbbec_camera/share/orbbec_camera//launch/gemini_e_lite.launch.py\n'}
[65.388388] (orbbec_camera) StdoutLine: {'line': b'-- Installing: /home/sophie/isaac_lab/isaac_ws/rl_code/soarm100sim/third_party/orbbec_v1_ws/install/orbbec_camera/share/orbbec_camera//launch/gemini_e.launch.py\n'}
[65.388569] (orbbec_camera) StdoutLine: {'line': b'-- Installing: /home/sophie/isaac_lab/isaac_ws/rl_code/soarm100sim/third_party/orbbec_v1_ws/install/orbbec_camera/share/orbbec_camera//launch/gemini2XL.launch.py\n'}
[65.388767] (orbbec_camera) StdoutLine: {'line': b'-- Installing: /home/sophie/isaac_lab/isaac_ws/rl_code/soarm100sim/third_party/orbbec_v1_ws/install/orbbec_camera/share/orbbec_camera//launch/gemini2VL.launch.py\n'}
[65.388959] (orbbec_camera) StdoutLine: {'line': b'-- Installing: /home/sophie/isaac_lab/isaac_ws/rl_code/soarm100sim/third_party/orbbec_v1_ws/install/orbbec_camera/share/orbbec_camera//launch/femto_net_camera.launch.py\n'}
[65.389148] (orbbec_camera) StdoutLine: {'line': b'-- Installing: /home/sophie/isaac_lab/isaac_ws/rl_code/soarm100sim/third_party/orbbec_v1_ws/install/orbbec_camera/share/orbbec_camera//launch/femto_bolt.launch.py\n'}
[65.389337] (orbbec_camera) StdoutLine: {'line': b'-- Installing: /home/sophie/isaac_lab/isaac_ws/rl_code/soarm100sim/third_party/orbbec_v1_ws/install/orbbec_camera/share/orbbec_camera//launch/multi_camera_synced.launch.py\n'}
[65.389517] (orbbec_camera) StdoutLine: {'line': b'-- Installing: /home/sophie/isaac_lab/isaac_ws/rl_code/soarm100sim/third_party/orbbec_v1_ws/install/orbbec_camera/share/orbbec_camera//launch/dabai_d1.launch.py\n'}
[65.389705] (orbbec_camera) StdoutLine: {'line': b'-- Installing: /home/sophie/isaac_lab/isaac_ws/rl_code/soarm100sim/third_party/orbbec_v1_ws/install/orbbec_camera/share/orbbec_camera//launch/astra_pro_plus.launch.py\n'}
[65.389894] (orbbec_camera) StdoutLine: {'line': b'-- Installing: /home/sophie/isaac_lab/isaac_ws/rl_code/soarm100sim/third_party/orbbec_v1_ws/install/orbbec_camera/share/orbbec_camera//launch/gemini2L.launch.py\n'}
[65.390102] (orbbec_camera) StdoutLine: {'line': b'-- Installing: /home/sophie/isaac_lab/isaac_ws/rl_code/soarm100sim/third_party/orbbec_v1_ws/install/orbbec_camera/share/orbbec_camera//launch/gemini_ew_lite.launch.py\n'}
[65.390348] (orbbec_camera) StdoutLine: {'line': b'-- Installing: /home/sophie/isaac_lab/isaac_ws/rl_code/soarm100sim/third_party/orbbec_v1_ws/install/orbbec_camera/share/orbbec_camera//config\n'}
[65.390486] (orbbec_camera) StdoutLine: {'line': b'-- Installing: /home/sophie/isaac_lab/isaac_ws/rl_code/soarm100sim/third_party/orbbec_v1_ws/install/orbbec_camera/share/orbbec_camera//config/depthfilter\n'}
[65.390620] (orbbec_camera) StdoutLine: {'line': b'-- Installing: /home/sophie/isaac_lab/isaac_ws/rl_code/soarm100sim/third_party/orbbec_v1_ws/install/orbbec_camera/share/orbbec_camera//config/depthfilter/Gemini2_v1.8.json\n'}
[65.390805] (orbbec_camera) StdoutLine: {'line': b'-- Installing: /home/sophie/isaac_lab/isaac_ws/rl_code/soarm100sim/third_party/orbbec_v1_ws/install/orbbec_camera/share/orbbec_camera//config/depthfilter/Openni_device.json\n'}
[65.390993] (orbbec_camera) StdoutLine: {'line': b'-- Installing: /home/sophie/isaac_lab/isaac_ws/rl_code/soarm100sim/third_party/orbbec_v1_ws/install/orbbec_camera/share/orbbec_camera//config/OrbbecSDKConfig_v1.0.xml\n'}
[65.391481] (orbbec_camera) StdoutLine: {'line': b'-- Installing: /home/sophie/isaac_lab/isaac_ws/rl_code/soarm100sim/third_party/orbbec_v1_ws/install/orbbec_camera/share/orbbec_camera//config/.gitkeep\n'}
[65.391634] (orbbec_camera) StdoutLine: {'line': b'-- Installing: /home/sophie/isaac_lab/isaac_ws/rl_code/soarm100sim/third_party/orbbec_v1_ws/install/orbbec_camera/share/orbbec_camera//config/camera_params.yaml\n'}
[65.391897] (orbbec_camera) StdoutLine: {'line': b'-- Up-to-date: /home/sophie/isaac_lab/isaac_ws/rl_code/soarm100sim/third_party/orbbec_v1_ws/install/orbbec_camera/include\n'}
[65.392059] (orbbec_camera) StdoutLine: {'line': b'-- Installing: /home/sophie/isaac_lab/isaac_ws/rl_code/soarm100sim/third_party/orbbec_v1_ws/install/orbbec_camera/include/libobsensor\n'}
[65.392116] (orbbec_camera) StdoutLine: {'line': b'-- Installing: /home/sophie/isaac_lab/isaac_ws/rl_code/soarm100sim/third_party/orbbec_v1_ws/install/orbbec_camera/include/libobsensor/ObSensor.h\n'}
[65.392257] (orbbec_camera) StdoutLine: {'line': b'-- Installing: /home/sophie/isaac_lab/isaac_ws/rl_code/soarm100sim/third_party/orbbec_v1_ws/install/orbbec_camera/include/libobsensor/h\n'}
[65.392401] (orbbec_camera) StdoutLine: {'line': b'-- Installing: /home/sophie/isaac_lab/isaac_ws/rl_code/soarm100sim/third_party/orbbec_v1_ws/install/orbbec_camera/include/libobsensor/h/Frame.h\n'}
[65.392550] (orbbec_camera) StdoutLine: {'line': b'-- Installing: /home/sophie/isaac_lab/isaac_ws/rl_code/soarm100sim/third_party/orbbec_v1_ws/install/orbbec_camera/include/libobsensor/h/Device.h\n'}
[65.392802] (orbbec_camera) StdoutLine: {'line': b'-- Installing: /home/sophie/isaac_lab/isaac_ws/rl_code/soarm100sim/third_party/orbbec_v1_ws/install/orbbec_camera/include/libobsensor/h/Pipeline.h\n'}
[65.393011] (orbbec_camera) StdoutLine: {'line': b'-- Installing: /home/sophie/isaac_lab/isaac_ws/rl_code/soarm100sim/third_party/orbbec_v1_ws/install/orbbec_camera/include/libobsensor/h/MultipleDevices.h\n'}
[65.393205] (orbbec_camera) StdoutLine: {'line': b'-- Installing: /home/sophie/isaac_lab/isaac_ws/rl_code/soarm100sim/third_party/orbbec_v1_ws/install/orbbec_camera/include/libobsensor/h/Context.h\n'}
[65.393401] (orbbec_camera) StdoutLine: {'line': b'-- Installing: /home/sophie/isaac_lab/isaac_ws/rl_code/soarm100sim/third_party/orbbec_v1_ws/install/orbbec_camera/include/libobsensor/h/Sensor.h\n'}
[65.393597] (orbbec_camera) StdoutLine: {'line': b'-- Installing: /home/sophie/isaac_lab/isaac_ws/rl_code/soarm100sim/third_party/orbbec_v1_ws/install/orbbec_camera/include/libobsensor/h/Version.h\n'}
[65.393858] (orbbec_camera) StdoutLine: {'line': b'-- Installing: /home/sophie/isaac_lab/isaac_ws/rl_code/soarm100sim/third_party/orbbec_v1_ws/install/orbbec_camera/include/libobsensor/h/Filter.h\n'}
[65.394150] (orbbec_camera) StdoutLine: {'line': b'-- Installing: /home/sophie/isaac_lab/isaac_ws/rl_code/soarm100sim/third_party/orbbec_v1_ws/install/orbbec_camera/include/libobsensor/h/StreamProfile.h\n'}
[65.394326] (orbbec_camera) StdoutLine: {'line': b'-- Installing: /home/sophie/isaac_lab/isaac_ws/rl_code/soarm100sim/third_party/orbbec_v1_ws/install/orbbec_camera/include/libobsensor/h/RecordPlayback.h\n'}
[65.394531] (orbbec_camera) StdoutLine: {'line': b'-- Installing: /home/sophie/isaac_lab/isaac_ws/rl_code/soarm100sim/third_party/orbbec_v1_ws/install/orbbec_camera/include/libobsensor/h/ObTypes.h\n'}
[65.394871] (orbbec_camera) StdoutLine: {'line': b'-- Installing: /home/sophie/isaac_lab/isaac_ws/rl_code/soarm100sim/third_party/orbbec_v1_ws/install/orbbec_camera/include/libobsensor/h/Error.h\n'}
[65.395060] (orbbec_camera) StdoutLine: {'line': b'-- Installing: /home/sophie/isaac_lab/isaac_ws/rl_code/soarm100sim/third_party/orbbec_v1_ws/install/orbbec_camera/include/libobsensor/h/Property.h\n'}
[65.395283] (orbbec_camera) StdoutLine: {'line': b'-- Installing: /home/sophie/isaac_lab/isaac_ws/rl_code/soarm100sim/third_party/orbbec_v1_ws/install/orbbec_camera/include/libobsensor/h/Utils.h\n'}
[65.395571] (orbbec_camera) StdoutLine: {'line': b'-- Installing: /home/sophie/isaac_lab/isaac_ws/rl_code/soarm100sim/third_party/orbbec_v1_ws/install/orbbec_camera/include/libobsensor/hpp\n'}
[65.395728] (orbbec_camera) StdoutLine: {'line': b'-- Installing: /home/sophie/isaac_lab/isaac_ws/rl_code/soarm100sim/third_party/orbbec_v1_ws/install/orbbec_camera/include/libobsensor/hpp/Sensor.hpp\n'}
[65.395785] (orbbec_camera) StdoutLine: {'line': b'-- Installing: /home/sophie/isaac_lab/isaac_ws/rl_code/soarm100sim/third_party/orbbec_v1_ws/install/orbbec_camera/include/libobsensor/hpp/Frame.hpp\n'}
[65.395959] (orbbec_camera) StdoutLine: {'line': b'-- Installing: /home/sophie/isaac_lab/isaac_ws/rl_code/soarm100sim/third_party/orbbec_v1_ws/install/orbbec_camera/include/libobsensor/hpp/Utils.hpp\n'}
[65.396248] (orbbec_camera) StdoutLine: {'line': b'-- Installing: /home/sophie/isaac_lab/isaac_ws/rl_code/soarm100sim/third_party/orbbec_v1_ws/install/orbbec_camera/include/libobsensor/hpp/Device.hpp\n'}
[65.396422] (orbbec_camera) StdoutLine: {'line': b'-- Installing: /home/sophie/isaac_lab/isaac_ws/rl_code/soarm100sim/third_party/orbbec_v1_ws/install/orbbec_camera/include/libobsensor/hpp/Filter.hpp\n'}
[65.396592] (orbbec_camera) StdoutLine: {'line': b'-- Installing: /home/sophie/isaac_lab/isaac_ws/rl_code/soarm100sim/third_party/orbbec_v1_ws/install/orbbec_camera/include/libobsensor/hpp/StreamProfile.hpp\n'}
[65.396762] (orbbec_camera) StdoutLine: {'line': b'-- Installing: /home/sophie/isaac_lab/isaac_ws/rl_code/soarm100sim/third_party/orbbec_v1_ws/install/orbbec_camera/include/libobsensor/hpp/Version.hpp\n'}
[65.396911] (orbbec_camera) StdoutLine: {'line': b'-- Installing: /home/sophie/isaac_lab/isaac_ws/rl_code/soarm100sim/third_party/orbbec_v1_ws/install/orbbec_camera/include/libobsensor/hpp/RecordPlayback.hpp\n'}
[65.397067] (orbbec_camera) StdoutLine: {'line': b'-- Installing: /home/sophie/isaac_lab/isaac_ws/rl_code/soarm100sim/third_party/orbbec_v1_ws/install/orbbec_camera/include/libobsensor/hpp/Context.hpp\n'}
[65.397219] (orbbec_camera) StdoutLine: {'line': b'-- Installing: /home/sophie/isaac_lab/isaac_ws/rl_code/soarm100sim/third_party/orbbec_v1_ws/install/orbbec_camera/include/libobsensor/hpp/Pipeline.hpp\n'}
[65.397388] (orbbec_camera) StdoutLine: {'line': b'-- Installing: /home/sophie/isaac_lab/isaac_ws/rl_code/soarm100sim/third_party/orbbec_v1_ws/install/orbbec_camera/include/libobsensor/hpp/Error.hpp\n'}
[65.397533] (orbbec_camera) StdoutLine: {'line': b'-- Installing: /home/sophie/isaac_lab/isaac_ws/rl_code/soarm100sim/third_party/orbbec_v1_ws/install/orbbec_camera/include/libobsensor/hpp/Types.hpp\n'}
[65.397677] (orbbec_camera) StdoutLine: {'line': b'-- Installing: /home/sophie/isaac_lab/isaac_ws/rl_code/soarm100sim/third_party/orbbec_v1_ws/install/orbbec_camera/include/libobsensor/ObSensor.hpp\n'}
[65.397872] (orbbec_camera) StdoutLine: {'line': b'-- Up-to-date: /home/sophie/isaac_lab/isaac_ws/rl_code/soarm100sim/third_party/orbbec_v1_ws/install/orbbec_camera/lib/\n'}
[65.398070] (orbbec_camera) StdoutLine: {'line': b'-- Installing: /home/sophie/isaac_lab/isaac_ws/rl_code/soarm100sim/third_party/orbbec_v1_ws/install/orbbec_camera/lib//libOrbbecSDK.so.1.10\n'}
[65.398109] (orbbec_camera) StdoutLine: {'line': b'-- Installing: /home/sophie/isaac_lab/isaac_ws/rl_code/soarm100sim/third_party/orbbec_v1_ws/install/orbbec_camera/lib//libOrbbecSDK.so\n'}
[65.398144] (orbbec_camera) StdoutLine: {'line': b'-- Installing: /home/sophie/isaac_lab/isaac_ws/rl_code/soarm100sim/third_party/orbbec_v1_ws/install/orbbec_camera/lib//libOrbbecSDK.so.1.10.37\n'}
[65.405182] (orbbec_camera) StdoutLine: {'line': b'-- Installing: /home/sophie/isaac_lab/isaac_ws/rl_code/soarm100sim/third_party/orbbec_v1_ws/install/orbbec_camera/lib//libdepthengine.so.2.0\n'}
[65.405446] (orbbec_camera) StdoutLine: {'line': b'-- Installing: /home/sophie/isaac_lab/isaac_ws/rl_code/soarm100sim/third_party/orbbec_v1_ws/install/orbbec_camera/lib//libob_usb.so\n'}
[65.405569] (orbbec_camera) StdoutLine: {'line': b'-- Installing: /home/sophie/isaac_lab/isaac_ws/rl_code/soarm100sim/third_party/orbbec_v1_ws/install/orbbec_camera/lib//libdepthengine.so\n'}
[65.405597] (orbbec_camera) StdoutLine: {'line': b'-- Installing: /home/sophie/isaac_lab/isaac_ws/rl_code/soarm100sim/third_party/orbbec_v1_ws/install/orbbec_camera/lib//liblive555.so\n'}
[65.406431] (orbbec_camera) StdoutLine: {'line': b'-- Installing: /home/sophie/isaac_lab/isaac_ws/rl_code/soarm100sim/third_party/orbbec_v1_ws/install/orbbec_camera/lib/orbbec_camera/list_devices_node\n'}
[65.406536] (orbbec_camera) StdoutLine: {'line': b'-- Set runtime path of "/home/sophie/isaac_lab/isaac_ws/rl_code/soarm100sim/third_party/orbbec_v1_ws/install/orbbec_camera/lib/orbbec_camera/list_devices_node" to ":/home/sophie/isaac_lab/isaac_ws/rl_code/soarm100sim/third_party/orbbec_v1_ws/src/OrbbecSDK_ROS2/orbbec_camera/SDK/lib/x64"\n'}
[65.406593] (orbbec_camera) StdoutLine: {'line': b'-- Installing: /home/sophie/isaac_lab/isaac_ws/rl_code/soarm100sim/third_party/orbbec_v1_ws/install/orbbec_camera/lib/orbbec_camera/list_depth_work_mode_node\n'}
[65.406685] (orbbec_camera) StdoutLine: {'line': b'-- Set runtime path of "/home/sophie/isaac_lab/isaac_ws/rl_code/soarm100sim/third_party/orbbec_v1_ws/install/orbbec_camera/lib/orbbec_camera/list_depth_work_mode_node" to ":/home/sophie/isaac_lab/isaac_ws/rl_code/soarm100sim/third_party/orbbec_v1_ws/src/OrbbecSDK_ROS2/orbbec_camera/SDK/lib/x64"\n'}
[65.406744] (orbbec_camera) StdoutLine: {'line': b'-- Installing: /home/sophie/isaac_lab/isaac_ws/rl_code/soarm100sim/third_party/orbbec_v1_ws/install/orbbec_camera/lib/orbbec_camera/list_camera_profile_mode_node\n'}
[65.406842] (orbbec_camera) StdoutLine: {'line': b'-- Set runtime path of "/home/sophie/isaac_lab/isaac_ws/rl_code/soarm100sim/third_party/orbbec_v1_ws/install/orbbec_camera/lib/orbbec_camera/list_camera_profile_mode_node" to ":/home/sophie/isaac_lab/isaac_ws/rl_code/soarm100sim/third_party/orbbec_v1_ws/src/OrbbecSDK_ROS2/orbbec_camera/SDK/lib/x64"\n'}
[65.406903] (orbbec_camera) StdoutLine: {'line': b'-- Installing: /home/sophie/isaac_lab/isaac_ws/rl_code/soarm100sim/third_party/orbbec_v1_ws/install/orbbec_camera/lib/orbbec_camera/topic_statistics_node\n'}
[65.407826] (orbbec_camera) StdoutLine: {'line': b'-- Set runtime path of "/home/sophie/isaac_lab/isaac_ws/rl_code/soarm100sim/third_party/orbbec_v1_ws/install/orbbec_camera/lib/orbbec_camera/topic_statistics_node" to ":/home/sophie/isaac_lab/isaac_ws/rl_code/soarm100sim/third_party/orbbec_v1_ws/src/OrbbecSDK_ROS2/orbbec_camera/SDK/lib/x64"\n'}
[65.407906] (orbbec_camera) StdoutLine: {'line': b'-- Installing: /home/sophie/isaac_lab/isaac_ws/rl_code/soarm100sim/third_party/orbbec_v1_ws/install/orbbec_camera/share/orbbec_camera/environment/library_path.sh\n'}
[65.407985] (orbbec_camera) StdoutLine: {'line': b'-- Installing: /home/sophie/isaac_lab/isaac_ws/rl_code/soarm100sim/third_party/orbbec_v1_ws/install/orbbec_camera/share/orbbec_camera/environment/library_path.dsv\n'}
[65.408166] (orbbec_camera) StdoutLine: {'line': b'-- Installing: /home/sophie/isaac_lab/isaac_ws/rl_code/soarm100sim/third_party/orbbec_v1_ws/install/orbbec_camera/share/ament_index/resource_index/package_run_dependencies/orbbec_camera\n'}
[65.408455] (orbbec_camera) StdoutLine: {'line': b'-- Installing: /home/sophie/isaac_lab/isaac_ws/rl_code/soarm100sim/third_party/orbbec_v1_ws/install/orbbec_camera/share/ament_index/resource_index/parent_prefix_path/orbbec_camera\n'}
[65.408601] (orbbec_camera) StdoutLine: {'line': b'-- Installing: /home/sophie/isaac_lab/isaac_ws/rl_code/soarm100sim/third_party/orbbec_v1_ws/install/orbbec_camera/share/orbbec_camera/environment/ament_prefix_path.sh\n'}
[65.408649] (orbbec_camera) StdoutLine: {'line': b'-- Installing: /home/sophie/isaac_lab/isaac_ws/rl_code/soarm100sim/third_party/orbbec_v1_ws/install/orbbec_camera/share/orbbec_camera/environment/ament_prefix_path.dsv\n'}
[65.408745] (orbbec_camera) StdoutLine: {'line': b'-- Installing: /home/sophie/isaac_lab/isaac_ws/rl_code/soarm100sim/third_party/orbbec_v1_ws/install/orbbec_camera/share/orbbec_camera/environment/path.sh\n'}
[65.408791] (orbbec_camera) StdoutLine: {'line': b'-- Installing: /home/sophie/isaac_lab/isaac_ws/rl_code/soarm100sim/third_party/orbbec_v1_ws/install/orbbec_camera/share/orbbec_camera/environment/path.dsv\n'}
[65.408854] (orbbec_camera) StdoutLine: {'line': b'-- Installing: /home/sophie/isaac_lab/isaac_ws/rl_code/soarm100sim/third_party/orbbec_v1_ws/install/orbbec_camera/share/orbbec_camera/local_setup.bash\n'}
[65.408897] (orbbec_camera) StdoutLine: {'line': b'-- Installing: /home/sophie/isaac_lab/isaac_ws/rl_code/soarm100sim/third_party/orbbec_v1_ws/install/orbbec_camera/share/orbbec_camera/local_setup.sh\n'}
[65.408929] (orbbec_camera) StdoutLine: {'line': b'-- Installing: /home/sophie/isaac_lab/isaac_ws/rl_code/soarm100sim/third_party/orbbec_v1_ws/install/orbbec_camera/share/orbbec_camera/local_setup.zsh\n'}
[65.408994] (orbbec_camera) StdoutLine: {'line': b'-- Installing: /home/sophie/isaac_lab/isaac_ws/rl_code/soarm100sim/third_party/orbbec_v1_ws/install/orbbec_camera/share/orbbec_camera/local_setup.dsv\n'}
[65.409021] (orbbec_camera) StdoutLine: {'line': b'-- Installing: /home/sophie/isaac_lab/isaac_ws/rl_code/soarm100sim/third_party/orbbec_v1_ws/install/orbbec_camera/share/orbbec_camera/package.dsv\n'}
[65.409084] (orbbec_camera) StdoutLine: {'line': b'-- Installing: /home/sophie/isaac_lab/isaac_ws/rl_code/soarm100sim/third_party/orbbec_v1_ws/install/orbbec_camera/share/ament_index/resource_index/packages/orbbec_camera\n'}
[65.409123] (orbbec_camera) StdoutLine: {'line': b'-- Installing: /home/sophie/isaac_lab/isaac_ws/rl_code/soarm100sim/third_party/orbbec_v1_ws/install/orbbec_camera/share/ament_index/resource_index/rclcpp_components/orbbec_camera\n'}
[65.409218] (orbbec_camera) StdoutLine: {'line': b'-- Installing: /home/sophie/isaac_lab/isaac_ws/rl_code/soarm100sim/third_party/orbbec_v1_ws/install/orbbec_camera/share/orbbec_camera/cmake/ament_cmake_export_include_directories-extras.cmake\n'}
[65.409263] (orbbec_camera) StdoutLine: {'line': b'-- Installing: /home/sophie/isaac_lab/isaac_ws/rl_code/soarm100sim/third_party/orbbec_v1_ws/install/orbbec_camera/share/orbbec_camera/cmake/ament_cmake_export_libraries-extras.cmake\n'}
[65.409350] (orbbec_camera) StdoutLine: {'line': b'-- Installing: /home/sophie/isaac_lab/isaac_ws/rl_code/soarm100sim/third_party/orbbec_v1_ws/install/orbbec_camera/share/orbbec_camera/cmake/ament_cmake_export_dependencies-extras.cmake\n'}
[65.409400] (orbbec_camera) StdoutLine: {'line': b'-- Installing: /home/sophie/isaac_lab/isaac_ws/rl_code/soarm100sim/third_party/orbbec_v1_ws/install/orbbec_camera/share/orbbec_camera/cmake/orbbec_cameraConfig.cmake\n'}
[65.409484] (orbbec_camera) StdoutLine: {'line': b'-- Installing: /home/sophie/isaac_lab/isaac_ws/rl_code/soarm100sim/third_party/orbbec_v1_ws/install/orbbec_camera/share/orbbec_camera/cmake/orbbec_cameraConfig-version.cmake\n'}
[65.409528] (orbbec_camera) StdoutLine: {'line': b'-- Installing: /home/sophie/isaac_lab/isaac_ws/rl_code/soarm100sim/third_party/orbbec_v1_ws/install/orbbec_camera/share/orbbec_camera/package.xml\n'}
[65.410742] (orbbec_camera) CommandEnded: {'returncode': 0}
[65.435073] (orbbec_camera) JobEnded: {'identifier': 'orbbec_camera', 'rc': 0}
[65.435788] (-) EventReactorShutdown: {}
