[0.000000] (-) TimerEvent: {}
[0.000427] (orbbec_camera_msgs) JobQueued: {'identifier': 'orbbec_camera_msgs', 'dependencies': OrderedDict()}
[0.000514] (orbbec_description) JobQueued: {'identifier': 'orbbec_description', 'dependencies': OrderedDict()}
[0.000536] (orbbec_camera) JobQueued: {'identifier': 'orbbec_camera', 'dependencies': OrderedDict([('orbbec_camera_msgs', '/home/sophie/isaac_lab/isaac_ws/rl_code/soarm100sim/third_party/orbbec_293_ws/install/orbbec_camera_msgs')])}
[0.000558] (orbbec_camera_msgs) JobStarted: {'identifier': 'orbbec_camera_msgs'}
[0.003634] (orbbec_description) JobStarted: {'identifier': 'orbbec_description'}
[0.006388] (orbbec_camera_msgs) JobProgress: {'identifier': 'orbbec_camera_msgs', 'progress': 'cmake'}
[0.007026] (orbbec_camera_msgs) Command: {'cmd': ['/usr/bin/cmake', '/home/sophie/isaac_lab/isaac_ws/rl_code/soarm100sim/third_party/orbbec_293_ws/src/OrbbecSDK_ROS2/orbbec_camera_msgs', '-DCMAKE_BUILD_TYPE=Release', '-DINSTALL_UDEV_RULES=OFF', '-DCMAKE_INSTALL_PREFIX=/home/sophie/isaac_lab/isaac_ws/rl_code/soarm100sim/third_party/orbbec_293_ws/install/orbbec_camera_msgs'], 'cwd': '/home/sophie/isaac_lab/isaac_ws/rl_code/soarm100sim/third_party/orbbec_293_ws/build/orbbec_camera_msgs', 'env': OrderedDict([('USER', 'sophie'), ('SHLVL', '0'), ('LD_LIBRARY_PATH', '/usr/lib/x86_64-linux-gnu/gazebo-11/plugins:/opt/ros/humble/opt/rviz_ogre_vendor/lib:/opt/ros/humble/lib/x86_64-linux-gnu:/opt/ros/humble/lib'), ('HOME', '/home/sophie'), ('ROS_PYTHON_VERSION', '3'), ('ROS_DISTRO', 'humble'), ('_', '/usr/bin/colcon'), ('ROS_VERSION', '2'), ('ROS_LOCALHOST_ONLY', '0'), ('PATH', '/opt/ros/humble/bin:/usr/local/sbin:/usr/local/bin:/usr/sbin:/usr/bin:/sbin:/bin'), ('LANG', 'C.UTF-8'), ('AMENT_PREFIX_PATH', '/opt/ros/humble'), ('PWD', '/home/sophie/isaac_lab/isaac_ws/rl_code/soarm100sim/third_party/orbbec_293_ws/build/orbbec_camera_msgs'), ('PYTHONPATH', '/opt/ros/humble/lib/python3.10/site-packages:/opt/ros/humble/local/lib/python3.10/dist-packages'), ('COLCON', '1'), ('CMAKE_PREFIX_PATH', '/opt/ros/humble')]), 'shell': False}
[0.064545] (orbbec_camera_msgs) StdoutLine: {'line': b'-- The C compiler identification is GNU 11.4.0\n'}
[0.064841] (orbbec_description) JobProgress: {'identifier': 'orbbec_description', 'progress': 'cmake'}
[0.065996] (orbbec_description) Command: {'cmd': ['/usr/bin/cmake', '/home/sophie/isaac_lab/isaac_ws/rl_code/soarm100sim/third_party/orbbec_293_ws/src/OrbbecSDK_ROS2/orbbec_description', '-DCMAKE_BUILD_TYPE=Release', '-DINSTALL_UDEV_RULES=OFF', '-DCMAKE_INSTALL_PREFIX=/home/sophie/isaac_lab/isaac_ws/rl_code/soarm100sim/third_party/orbbec_293_ws/install/orbbec_description'], 'cwd': '/home/sophie/isaac_lab/isaac_ws/rl_code/soarm100sim/third_party/orbbec_293_ws/build/orbbec_description', 'env': OrderedDict([('USER', 'sophie'), ('SHLVL', '0'), ('LD_LIBRARY_PATH', '/usr/lib/x86_64-linux-gnu/gazebo-11/plugins:/opt/ros/humble/opt/rviz_ogre_vendor/lib:/opt/ros/humble/lib/x86_64-linux-gnu:/opt/ros/humble/lib'), ('HOME', '/home/sophie'), ('ROS_PYTHON_VERSION', '3'), ('ROS_DISTRO', 'humble'), ('_', '/usr/bin/colcon'), ('ROS_VERSION', '2'), ('ROS_LOCALHOST_ONLY', '0'), ('PATH', '/opt/ros/humble/bin:/usr/local/sbin:/usr/local/bin:/usr/sbin:/usr/bin:/sbin:/bin'), ('LANG', 'C.UTF-8'), ('AMENT_PREFIX_PATH', '/opt/ros/humble'), ('PWD', '/home/sophie/isaac_lab/isaac_ws/rl_code/soarm100sim/third_party/orbbec_293_ws/build/orbbec_description'), ('PYTHONPATH', '/opt/ros/humble/lib/python3.10/site-packages:/opt/ros/humble/local/lib/python3.10/dist-packages'), ('COLCON', '1'), ('CMAKE_PREFIX_PATH', '/opt/ros/humble')]), 'shell': False}
[0.099909] (-) TimerEvent: {}
[0.110540] (orbbec_description) StdoutLine: {'line': b'-- The C compiler identification is GNU 11.4.0\n'}
[0.111688] (orbbec_camera_msgs) StdoutLine: {'line': b'-- The CXX compiler identification is GNU 11.4.0\n'}
[0.116750] (orbbec_camera_msgs) StdoutLine: {'line': b'-- Detecting C compiler ABI info\n'}
[0.162994] (orbbec_description) StdoutLine: {'line': b'-- The CXX compiler identification is GNU 11.4.0\n'}
[0.168100] (orbbec_description) StdoutLine: {'line': b'-- Detecting C compiler ABI info\n'}
[0.181516] (orbbec_camera_msgs) StdoutLine: {'line': b'-- Detecting C compiler ABI info - done\n'}
[0.186927] (orbbec_camera_msgs) StdoutLine: {'line': b'-- Check for working C compiler: /usr/bin/cc - skipped\n'}
[0.187118] (orbbec_camera_msgs) StdoutLine: {'line': b'-- Detecting C compile features\n'}
[0.187303] (orbbec_camera_msgs) StdoutLine: {'line': b'-- Detecting C compile features - done\n'}
[0.189317] (orbbec_camera_msgs) StdoutLine: {'line': b'-- Detecting CXX compiler ABI info\n'}
[0.200054] (-) TimerEvent: {}
[0.228085] (orbbec_description) StdoutLine: {'line': b'-- Detecting C compiler ABI info - done\n'}
[0.237180] (orbbec_description) StdoutLine: {'line': b'-- Check for working C compiler: /usr/bin/cc - skipped\n'}
[0.237599] (orbbec_description) StdoutLine: {'line': b'-- Detecting C compile features\n'}
[0.237830] (orbbec_description) StdoutLine: {'line': b'-- Detecting C compile features - done\n'}
[0.241079] (orbbec_description) StdoutLine: {'line': b'-- Detecting CXX compiler ABI info\n'}
[0.255464] (orbbec_camera_msgs) StdoutLine: {'line': b'-- Detecting CXX compiler ABI info - done\n'}
[0.260371] (orbbec_camera_msgs) StdoutLine: {'line': b'-- Check for working CXX compiler: /usr/bin/c++ - skipped\n'}
[0.260515] (orbbec_camera_msgs) StdoutLine: {'line': b'-- Detecting CXX compile features\n'}
[0.260785] (orbbec_camera_msgs) StdoutLine: {'line': b'-- Detecting CXX compile features - done\n'}
[0.262517] (orbbec_camera_msgs) StdoutLine: {'line': b'-- Found ament_cmake: 1.3.14 (/opt/ros/humble/share/ament_cmake/cmake)\n'}
[0.300139] (-) TimerEvent: {}
[0.301962] (orbbec_description) StdoutLine: {'line': b'-- Detecting CXX compiler ABI info - done\n'}
[0.311247] (orbbec_description) StdoutLine: {'line': b'-- Check for working CXX compiler: /usr/bin/c++ - skipped\n'}
[0.311505] (orbbec_description) StdoutLine: {'line': b'-- Detecting CXX compile features\n'}
[0.311923] (orbbec_description) StdoutLine: {'line': b'-- Detecting CXX compile features - done\n'}
[0.314363] (orbbec_description) StdoutLine: {'line': b'-- Found ament_cmake: 1.3.14 (/opt/ros/humble/share/ament_cmake/cmake)\n'}
[0.400228] (-) TimerEvent: {}
[0.418471] (orbbec_camera_msgs) StdoutLine: {'line': b'-- Found Python3: /usr/bin/python3 (found version "3.10.12") found components: Interpreter \n'}
[0.453521] (orbbec_description) StdoutLine: {'line': b'-- Found Python3: /usr/bin/python3 (found version "3.10.12") found components: Interpreter \n'}
[0.479736] (orbbec_camera_msgs) StdoutLine: {'line': b'-- Found rosidl_default_generators: 1.2.1 (/opt/ros/humble/share/rosidl_default_generators/cmake)\n'}
[0.481520] (orbbec_camera_msgs) StdoutLine: {'line': b'-- Using all available rosidl_typesupport_c: rosidl_typesupport_fastrtps_c;rosidl_typesupport_introspection_c\n'}
[0.485620] (orbbec_camera_msgs) StdoutLine: {'line': b'-- Found rosidl_adapter: 3.1.8 (/opt/ros/humble/share/rosidl_adapter/cmake)\n'}
[0.500325] (-) TimerEvent: {}
[0.511127] (orbbec_camera_msgs) StdoutLine: {'line': b'-- Using all available rosidl_typesupport_cpp: rosidl_typesupport_fastrtps_cpp;rosidl_typesupport_introspection_cpp\n'}
[0.534768] (orbbec_camera_msgs) StdoutLine: {'line': b'-- Found sensor_msgs: 4.9.1 (/opt/ros/humble/share/sensor_msgs/cmake)\n'}
[0.574127] (orbbec_description) StdoutLine: {'line': b'-- Configuring done\n'}
[0.575452] (orbbec_description) StdoutLine: {'line': b'-- Generating done\n'}
[0.575790] (orbbec_description) StderrLine: {'line': b'CMake Warning:\n'}
[0.575937] (orbbec_description) StderrLine: {'line': b'  Manually-specified variables were not used by the project:\n'}
[0.576011] (orbbec_description) StderrLine: {'line': b'\n'}
[0.576071] (orbbec_description) StderrLine: {'line': b'    INSTALL_UDEV_RULES\n'}
[0.576125] (orbbec_description) StderrLine: {'line': b'\n'}
[0.576178] (orbbec_description) StderrLine: {'line': b'\n'}
[0.576474] (orbbec_description) StdoutLine: {'line': b'-- Build files have been written to: /home/sophie/isaac_lab/isaac_ws/rl_code/soarm100sim/third_party/orbbec_293_ws/build/orbbec_description\n'}
[0.600442] (-) TimerEvent: {}
[0.700698] (-) TimerEvent: {}
[0.800907] (-) TimerEvent: {}
[0.901096] (-) TimerEvent: {}
[0.951870] (orbbec_camera_msgs) StdoutLine: {'line': b'-- Found ament_cmake_ros: 0.10.0 (/opt/ros/humble/share/ament_cmake_ros/cmake)\n'}
[0.953777] (orbbec_description) CommandEnded: {'returncode': 0}
[0.954084] (orbbec_description) JobProgress: {'identifier': 'orbbec_description', 'progress': 'build'}
[0.954112] (orbbec_description) Command: {'cmd': ['/usr/bin/cmake', '--build', '/home/sophie/isaac_lab/isaac_ws/rl_code/soarm100sim/third_party/orbbec_293_ws/build/orbbec_description', '--', '-j32', '-l32'], 'cwd': '/home/sophie/isaac_lab/isaac_ws/rl_code/soarm100sim/third_party/orbbec_293_ws/build/orbbec_description', 'env': OrderedDict([('USER', 'sophie'), ('SHLVL', '0'), ('LD_LIBRARY_PATH', '/usr/lib/x86_64-linux-gnu/gazebo-11/plugins:/opt/ros/humble/opt/rviz_ogre_vendor/lib:/opt/ros/humble/lib/x86_64-linux-gnu:/opt/ros/humble/lib'), ('HOME', '/home/sophie'), ('ROS_PYTHON_VERSION', '3'), ('ROS_DISTRO', 'humble'), ('_', '/usr/bin/colcon'), ('ROS_VERSION', '2'), ('ROS_LOCALHOST_ONLY', '0'), ('PATH', '/opt/ros/humble/bin:/usr/local/sbin:/usr/local/bin:/usr/sbin:/usr/bin:/sbin:/bin'), ('LANG', 'C.UTF-8'), ('AMENT_PREFIX_PATH', '/opt/ros/humble'), ('PWD', '/home/sophie/isaac_lab/isaac_ws/rl_code/soarm100sim/third_party/orbbec_293_ws/build/orbbec_description'), ('PYTHONPATH', '/opt/ros/humble/lib/python3.10/site-packages:/opt/ros/humble/local/lib/python3.10/dist-packages'), ('COLCON', '1'), ('CMAKE_PREFIX_PATH', '/opt/ros/humble')]), 'shell': False}
[0.986531] (orbbec_description) CommandEnded: {'returncode': 0}
[0.986862] (orbbec_description) JobProgress: {'identifier': 'orbbec_description', 'progress': 'install'}
[0.994561] (orbbec_description) Command: {'cmd': ['/usr/bin/cmake', '--install', '/home/sophie/isaac_lab/isaac_ws/rl_code/soarm100sim/third_party/orbbec_293_ws/build/orbbec_description'], 'cwd': '/home/sophie/isaac_lab/isaac_ws/rl_code/soarm100sim/third_party/orbbec_293_ws/build/orbbec_description', 'env': OrderedDict([('USER', 'sophie'), ('SHLVL', '0'), ('LD_LIBRARY_PATH', '/usr/lib/x86_64-linux-gnu/gazebo-11/plugins:/opt/ros/humble/opt/rviz_ogre_vendor/lib:/opt/ros/humble/lib/x86_64-linux-gnu:/opt/ros/humble/lib'), ('HOME', '/home/sophie'), ('ROS_PYTHON_VERSION', '3'), ('ROS_DISTRO', 'humble'), ('_', '/usr/bin/colcon'), ('ROS_VERSION', '2'), ('ROS_LOCALHOST_ONLY', '0'), ('PATH', '/opt/ros/humble/bin:/usr/local/sbin:/usr/local/bin:/usr/sbin:/usr/bin:/sbin:/bin'), ('LANG', 'C.UTF-8'), ('AMENT_PREFIX_PATH', '/opt/ros/humble'), ('PWD', '/home/sophie/isaac_lab/isaac_ws/rl_code/soarm100sim/third_party/orbbec_293_ws/build/orbbec_description'), ('PYTHONPATH', '/opt/ros/humble/lib/python3.10/site-packages:/opt/ros/humble/local/lib/python3.10/dist-packages'), ('COLCON', '1'), ('CMAKE_PREFIX_PATH', '/opt/ros/humble')]), 'shell': False}
[1.000635] (orbbec_description) StdoutLine: {'line': b'-- Install configuration: "Release"\n'}
[1.000804] (orbbec_description) StdoutLine: {'line': b'-- Installing: /home/sophie/isaac_lab/isaac_ws/rl_code/soarm100sim/third_party/orbbec_293_ws/install/orbbec_description/share/orbbec_description/launch\n'}
[1.000844] (orbbec_description) StdoutLine: {'line': b'-- Installing: /home/sophie/isaac_lab/isaac_ws/rl_code/soarm100sim/third_party/orbbec_293_ws/install/orbbec_description/share/orbbec_description/launch/launch_utils.py\n'}
[1.000879] (orbbec_description) StdoutLine: {'line': b'-- Installing: /home/sophie/isaac_lab/isaac_ws/rl_code/soarm100sim/third_party/orbbec_293_ws/install/orbbec_description/share/orbbec_description/launch/view_model.launch.py\n'}
[1.000910] (orbbec_description) StdoutLine: {'line': b'-- Installing: /home/sophie/isaac_lab/isaac_ws/rl_code/soarm100sim/third_party/orbbec_293_ws/install/orbbec_description/share/orbbec_description/meshes\n'}
[1.000941] (orbbec_description) StdoutLine: {'line': b'-- Installing: /home/sophie/isaac_lab/isaac_ws/rl_code/soarm100sim/third_party/orbbec_293_ws/install/orbbec_description/share/orbbec_description/meshes/astra2\n'}
[1.000980] (orbbec_description) StdoutLine: {'line': b'-- Installing: /home/sophie/isaac_lab/isaac_ws/rl_code/soarm100sim/third_party/orbbec_293_ws/install/orbbec_description/share/orbbec_description/meshes/astra2/camera_bottom_screw_frame.STL\n'}
[1.001040] (orbbec_description) StdoutLine: {'line': b'-- Installing: /home/sophie/isaac_lab/isaac_ws/rl_code/soarm100sim/third_party/orbbec_293_ws/install/orbbec_description/share/orbbec_description/meshes/astra2/camera_depth_optical_frame.STL\n'}
[1.001106] (orbbec_description) StdoutLine: {'line': b'-- Installing: /home/sophie/isaac_lab/isaac_ws/rl_code/soarm100sim/third_party/orbbec_293_ws/install/orbbec_description/share/orbbec_description/meshes/astra2/camera_color_optical_frame.STL\n'}
[1.001138] (-) TimerEvent: {}
[1.001324] (orbbec_description) StdoutLine: {'line': b'-- Installing: /home/sophie/isaac_lab/isaac_ws/rl_code/soarm100sim/third_party/orbbec_293_ws/install/orbbec_description/share/orbbec_description/meshes/astra2/base_link.STL\n'}
[1.002922] (orbbec_description) StdoutLine: {'line': b'-- Installing: /home/sophie/isaac_lab/isaac_ws/rl_code/soarm100sim/third_party/orbbec_293_ws/install/orbbec_description/share/orbbec_description/meshes/astra2/camera_colorl_frame.STL\n'}
[1.003053] (orbbec_description) StdoutLine: {'line': b'-- Installing: /home/sophie/isaac_lab/isaac_ws/rl_code/soarm100sim/third_party/orbbec_293_ws/install/orbbec_description/share/orbbec_description/meshes/astra2/camera_infra1_frame.STL\n'}
[1.003216] (orbbec_description) StdoutLine: {'line': b'-- Installing: /home/sophie/isaac_lab/isaac_ws/rl_code/soarm100sim/third_party/orbbec_293_ws/install/orbbec_description/share/orbbec_description/meshes/astra2/camera_depth_frame.STL\n'}
[1.003413] (orbbec_description) StdoutLine: {'line': b'-- Installing: /home/sophie/isaac_lab/isaac_ws/rl_code/soarm100sim/third_party/orbbec_293_ws/install/orbbec_description/share/orbbec_description/meshes/astra2/camera_infra1_optical_frame.STL\n'}
[1.003614] (orbbec_description) StdoutLine: {'line': b'-- Installing: /home/sophie/isaac_lab/isaac_ws/rl_code/soarm100sim/third_party/orbbec_293_ws/install/orbbec_description/share/orbbec_description/meshes/gemini335L_336L\n'}
[1.003671] (orbbec_description) StdoutLine: {'line': b'-- Installing: /home/sophie/isaac_lab/isaac_ws/rl_code/soarm100sim/third_party/orbbec_293_ws/install/orbbec_description/share/orbbec_description/meshes/gemini335L_336L/camera_IMU_frame.STL\n'}
[1.003728] (orbbec_description) StdoutLine: {'line': b'-- Installing: /home/sophie/isaac_lab/isaac_ws/rl_code/soarm100sim/third_party/orbbec_293_ws/install/orbbec_description/share/orbbec_description/meshes/gemini335L_336L/camera_color_screw_frame.STL\n'}
[1.004717] (orbbec_description) StdoutLine: {'line': b'-- Installing: /home/sophie/isaac_lab/isaac_ws/rl_code/soarm100sim/third_party/orbbec_293_ws/install/orbbec_description/share/orbbec_description/meshes/gemini335L_336L/camera_color_optical_frame.STL\n'}
[1.004882] (orbbec_description) StdoutLine: {'line': b'-- Installing: /home/sophie/isaac_lab/isaac_ws/rl_code/soarm100sim/third_party/orbbec_293_ws/install/orbbec_description/share/orbbec_description/meshes/gemini335L_336L/base_link.STL\n'}
[1.007595] (orbbec_description) StdoutLine: {'line': b'-- Installing: /home/sophie/isaac_lab/isaac_ws/rl_code/soarm100sim/third_party/orbbec_293_ws/install/orbbec_description/share/orbbec_description/meshes/gemini335L_336L/camera_infra2_optical_frame.STL\n'}
[1.007771] (orbbec_description) StdoutLine: {'line': b'-- Installing: /home/sophie/isaac_lab/isaac_ws/rl_code/soarm100sim/third_party/orbbec_293_ws/install/orbbec_description/share/orbbec_description/meshes/gemini335L_336L/camera_color_frame.STL\n'}
[1.007980] (orbbec_description) StdoutLine: {'line': b'-- Installing: /home/sophie/isaac_lab/isaac_ws/rl_code/soarm100sim/third_party/orbbec_293_ws/install/orbbec_description/share/orbbec_description/meshes/gemini335L_336L/camera_infra1_frame.STL\n'}
[1.008212] (orbbec_description) StdoutLine: {'line': b'-- Installing: /home/sophie/isaac_lab/isaac_ws/rl_code/soarm100sim/third_party/orbbec_293_ws/install/orbbec_description/share/orbbec_description/meshes/gemini335L_336L/camera_depth_frame.STL\n'}
[1.008415] (orbbec_description) StdoutLine: {'line': b'-- Installing: /home/sophie/isaac_lab/isaac_ws/rl_code/soarm100sim/third_party/orbbec_293_ws/install/orbbec_description/share/orbbec_description/meshes/gemini335L_336L/camera_infra2_frame.STL\n'}
[1.008620] (orbbec_description) StdoutLine: {'line': b'-- Installing: /home/sophie/isaac_lab/isaac_ws/rl_code/soarm100sim/third_party/orbbec_293_ws/install/orbbec_description/share/orbbec_description/meshes/gemini335L_336L/camera_infra1_optical_frame.STL\n'}
[1.008957] (orbbec_description) StdoutLine: {'line': b'-- Installing: /home/sophie/isaac_lab/isaac_ws/rl_code/soarm100sim/third_party/orbbec_293_ws/install/orbbec_description/share/orbbec_description/meshes/gemini345\n'}
[1.009043] (orbbec_description) StdoutLine: {'line': b'-- Installing: /home/sophie/isaac_lab/isaac_ws/rl_code/soarm100sim/third_party/orbbec_293_ws/install/orbbec_description/share/orbbec_description/meshes/gemini345/camera_left_ir_optical_frame.STL\n'}
[1.009105] (orbbec_description) StdoutLine: {'line': b'-- Installing: /home/sophie/isaac_lab/isaac_ws/rl_code/soarm100sim/third_party/orbbec_293_ws/install/orbbec_description/share/orbbec_description/meshes/gemini345/camera_bottom_screw_frame.STL\n'}
[1.009659] (orbbec_description) StdoutLine: {'line': b'-- Installing: /home/sophie/isaac_lab/isaac_ws/rl_code/soarm100sim/third_party/orbbec_293_ws/install/orbbec_description/share/orbbec_description/meshes/gemini345/camera_IMU_frame.STL\n'}
[1.009697] (orbbec_description) StdoutLine: {'line': b'-- Installing: /home/sophie/isaac_lab/isaac_ws/rl_code/soarm100sim/third_party/orbbec_293_ws/install/orbbec_description/share/orbbec_description/meshes/gemini345/camera_right_ir_optical_frame.STL\n'}
[1.009749] (orbbec_description) StdoutLine: {'line': b'-- Installing: /home/sophie/isaac_lab/isaac_ws/rl_code/soarm100sim/third_party/orbbec_293_ws/install/orbbec_description/share/orbbec_description/meshes/gemini345/camera_left_ir_frame.STL\n'}
[1.009850] (orbbec_description) StdoutLine: {'line': b'-- Installing: /home/sophie/isaac_lab/isaac_ws/rl_code/soarm100sim/third_party/orbbec_293_ws/install/orbbec_description/share/orbbec_description/meshes/gemini345/camera_color_optical_frame.STL\n'}
[1.009915] (orbbec_description) StdoutLine: {'line': b'-- Installing: /home/sophie/isaac_lab/isaac_ws/rl_code/soarm100sim/third_party/orbbec_293_ws/install/orbbec_description/share/orbbec_description/meshes/gemini345/camera_link.STL\n'}
[1.010579] (orbbec_description) StdoutLine: {'line': b'-- Installing: /home/sophie/isaac_lab/isaac_ws/rl_code/soarm100sim/third_party/orbbec_293_ws/install/orbbec_description/share/orbbec_description/meshes/gemini345/camera_color_frame.STL\n'}
[1.010645] (orbbec_description) StdoutLine: {'line': b'-- Installing: /home/sophie/isaac_lab/isaac_ws/rl_code/soarm100sim/third_party/orbbec_293_ws/install/orbbec_description/share/orbbec_description/meshes/gemini345/camera_right_ir_frame.STL\n'}
[1.010714] (orbbec_description) StdoutLine: {'line': b'-- Installing: /home/sophie/isaac_lab/isaac_ws/rl_code/soarm100sim/third_party/orbbec_293_ws/install/orbbec_description/share/orbbec_description/meshes/gemini345/camera_depth_frame.STL\n'}
[1.010821] (orbbec_description) StdoutLine: {'line': b'-- Installing: /home/sophie/isaac_lab/isaac_ws/rl_code/soarm100sim/third_party/orbbec_293_ws/install/orbbec_description/share/orbbec_description/meshes/femto_bolt\n'}
[1.010873] (orbbec_description) StdoutLine: {'line': b'-- Installing: /home/sophie/isaac_lab/isaac_ws/rl_code/soarm100sim/third_party/orbbec_293_ws/install/orbbec_description/share/orbbec_description/meshes/femto_bolt/femto_bolt.stl\n'}
[1.011183] (orbbec_description) StdoutLine: {'line': b'-- Installing: /home/sophie/isaac_lab/isaac_ws/rl_code/soarm100sim/third_party/orbbec_293_ws/install/orbbec_description/share/orbbec_description/meshes/gemini309_g\n'}
[1.011240] (orbbec_description) StdoutLine: {'line': b'-- Installing: /home/sophie/isaac_lab/isaac_ws/rl_code/soarm100sim/third_party/orbbec_293_ws/install/orbbec_description/share/orbbec_description/meshes/gemini309_g/USB.STL\n'}
[1.011518] (orbbec_description) StdoutLine: {'line': b'-- Installing: /home/sophie/isaac_lab/isaac_ws/rl_code/soarm100sim/third_party/orbbec_293_ws/install/orbbec_description/share/orbbec_description/meshes/gemini309_g/RGB_L.STL\n'}
[1.011729] (orbbec_description) StdoutLine: {'line': b'-- Installing: /home/sophie/isaac_lab/isaac_ws/rl_code/soarm100sim/third_party/orbbec_293_ws/install/orbbec_description/share/orbbec_description/meshes/gemini309_g/RGB_R.STL\n'}
[1.011940] (orbbec_description) StdoutLine: {'line': b'-- Installing: /home/sophie/isaac_lab/isaac_ws/rl_code/soarm100sim/third_party/orbbec_293_ws/install/orbbec_description/share/orbbec_description/meshes/gemini309_g/FAKRA.STL\n'}
[1.012940] (orbbec_description) StdoutLine: {'line': b'-- Installing: /home/sophie/isaac_lab/isaac_ws/rl_code/soarm100sim/third_party/orbbec_293_ws/install/orbbec_description/share/orbbec_description/meshes/gemini309_g/camera_bottom_screw.STL\n'}
[1.014420] (orbbec_description) StdoutLine: {'line': b'-- Installing: /home/sophie/isaac_lab/isaac_ws/rl_code/soarm100sim/third_party/orbbec_293_ws/install/orbbec_description/share/orbbec_description/meshes/gemini309_g/camera_rear_screw_R.STL\n'}
[1.014625] (orbbec_description) StdoutLine: {'line': b'-- Installing: /home/sophie/isaac_lab/isaac_ws/rl_code/soarm100sim/third_party/orbbec_293_ws/install/orbbec_description/share/orbbec_description/meshes/gemini309_g/camera_rear_screw_L.STL\n'}
[1.014904] (orbbec_description) StdoutLine: {'line': b'-- Installing: /home/sophie/isaac_lab/isaac_ws/rl_code/soarm100sim/third_party/orbbec_293_ws/install/orbbec_description/share/orbbec_description/meshes/gemini2l\n'}
[1.014979] (orbbec_description) StdoutLine: {'line': b'-- Installing: /home/sophie/isaac_lab/isaac_ws/rl_code/soarm100sim/third_party/orbbec_293_ws/install/orbbec_description/share/orbbec_description/meshes/gemini2l/camera_imu_frame.STL\n'}
[1.015009] (orbbec_description) StdoutLine: {'line': b'-- Installing: /home/sophie/isaac_lab/isaac_ws/rl_code/soarm100sim/third_party/orbbec_293_ws/install/orbbec_description/share/orbbec_description/meshes/gemini2l/camera_IR1_optical_frame.STL\n'}
[1.015185] (orbbec_description) StdoutLine: {'line': b'-- Installing: /home/sophie/isaac_lab/isaac_ws/rl_code/soarm100sim/third_party/orbbec_293_ws/install/orbbec_description/share/orbbec_description/meshes/gemini2l/camera_bottom_screw_frame.STL\n'}
[1.016399] (orbbec_description) StdoutLine: {'line': b'-- Installing: /home/sophie/isaac_lab/isaac_ws/rl_code/soarm100sim/third_party/orbbec_293_ws/install/orbbec_description/share/orbbec_description/meshes/gemini2l/base_link.STL\n'}
[1.016560] (orbbec_description) StdoutLine: {'line': b'-- Installing: /home/sophie/isaac_lab/isaac_ws/rl_code/soarm100sim/third_party/orbbec_293_ws/install/orbbec_description/share/orbbec_description/meshes/gemini2l/camera_IR2_optical_frame.STL\n'}
[1.016670] (orbbec_description) StdoutLine: {'line': b'-- Installing: /home/sophie/isaac_lab/isaac_ws/rl_code/soarm100sim/third_party/orbbec_293_ws/install/orbbec_description/share/orbbec_description/meshes/gemini2l/camera_IR1_frame.STL\n'}
[1.016853] (orbbec_description) StdoutLine: {'line': b'-- Installing: /home/sophie/isaac_lab/isaac_ws/rl_code/soarm100sim/third_party/orbbec_293_ws/install/orbbec_description/share/orbbec_description/meshes/gemini2l/camera_color_frame.STL\n'}
[1.016960] (orbbec_description) StdoutLine: {'line': b'-- Installing: /home/sophie/isaac_lab/isaac_ws/rl_code/soarm100sim/third_party/orbbec_293_ws/install/orbbec_description/share/orbbec_description/meshes/gemini2l/camera_rgb_optical_frame.STL\n'}
[1.017073] (orbbec_description) StdoutLine: {'line': b'-- Installing: /home/sophie/isaac_lab/isaac_ws/rl_code/soarm100sim/third_party/orbbec_293_ws/install/orbbec_description/share/orbbec_description/meshes/gemini2l/camera_depth_frame.STL\n'}
[1.017337] (orbbec_description) StdoutLine: {'line': b'-- Installing: /home/sophie/isaac_lab/isaac_ws/rl_code/soarm100sim/third_party/orbbec_293_ws/install/orbbec_description/share/orbbec_description/meshes/gemini2l/camera_IR2_frame.STL\n'}
[1.017444] (orbbec_description) StdoutLine: {'line': b'-- Installing: /home/sophie/isaac_lab/isaac_ws/rl_code/soarm100sim/third_party/orbbec_293_ws/install/orbbec_description/share/orbbec_description/meshes/gemini345Lg\n'}
[1.017500] (orbbec_description) StdoutLine: {'line': b'-- Installing: /home/sophie/isaac_lab/isaac_ws/rl_code/soarm100sim/third_party/orbbec_293_ws/install/orbbec_description/share/orbbec_description/meshes/gemini345Lg/camera_left_ir_optical_frame.STL\n'}
[1.017590] (orbbec_description) StdoutLine: {'line': b'-- Installing: /home/sophie/isaac_lab/isaac_ws/rl_code/soarm100sim/third_party/orbbec_293_ws/install/orbbec_description/share/orbbec_description/meshes/gemini345Lg/camera_bottom_screw_frame.STL\n'}
[1.018163] (orbbec_description) StdoutLine: {'line': b'-- Installing: /home/sophie/isaac_lab/isaac_ws/rl_code/soarm100sim/third_party/orbbec_293_ws/install/orbbec_description/share/orbbec_description/meshes/gemini345Lg/camera_IMU_frame.STL\n'}
[1.018220] (orbbec_description) StdoutLine: {'line': b'-- Installing: /home/sophie/isaac_lab/isaac_ws/rl_code/soarm100sim/third_party/orbbec_293_ws/install/orbbec_description/share/orbbec_description/meshes/gemini345Lg/camera_right_ir_optical_frame.STL\n'}
[1.018314] (orbbec_description) StdoutLine: {'line': b'-- Installing: /home/sophie/isaac_lab/isaac_ws/rl_code/soarm100sim/third_party/orbbec_293_ws/install/orbbec_description/share/orbbec_description/meshes/gemini345Lg/camera_left_ir_frame.STL\n'}
[1.018423] (orbbec_description) StdoutLine: {'line': b'-- Installing: /home/sophie/isaac_lab/isaac_ws/rl_code/soarm100sim/third_party/orbbec_293_ws/install/orbbec_description/share/orbbec_description/meshes/gemini345Lg/camera_color_optical_frame.STL\n'}
[1.018488] (orbbec_description) StdoutLine: {'line': b'-- Installing: /home/sophie/isaac_lab/isaac_ws/rl_code/soarm100sim/third_party/orbbec_293_ws/install/orbbec_description/share/orbbec_description/meshes/gemini345Lg/camera_link.STL\n'}
[1.019290] (orbbec_description) StdoutLine: {'line': b'-- Installing: /home/sophie/isaac_lab/isaac_ws/rl_code/soarm100sim/third_party/orbbec_293_ws/install/orbbec_description/share/orbbec_description/meshes/gemini345Lg/camera_color_frame.STL\n'}
[1.019384] (orbbec_description) StdoutLine: {'line': b'-- Installing: /home/sophie/isaac_lab/isaac_ws/rl_code/soarm100sim/third_party/orbbec_293_ws/install/orbbec_description/share/orbbec_description/meshes/gemini345Lg/camera_right_ir_frame.STL\n'}
[1.019473] (orbbec_description) StdoutLine: {'line': b'-- Installing: /home/sophie/isaac_lab/isaac_ws/rl_code/soarm100sim/third_party/orbbec_293_ws/install/orbbec_description/share/orbbec_description/meshes/gemini345Lg/camera_depth_frame.STL\n'}
[1.019580] (orbbec_description) StdoutLine: {'line': b'-- Installing: /home/sophie/isaac_lab/isaac_ws/rl_code/soarm100sim/third_party/orbbec_293_ws/install/orbbec_description/share/orbbec_description/meshes/gemini335_336\n'}
[1.019631] (orbbec_description) StdoutLine: {'line': b'-- Installing: /home/sophie/isaac_lab/isaac_ws/rl_code/soarm100sim/third_party/orbbec_293_ws/install/orbbec_description/share/orbbec_description/meshes/gemini335_336/camera_left_ir_optical_frame.STL\n'}
[1.019837] (orbbec_description) StdoutLine: {'line': b'-- Installing: /home/sophie/isaac_lab/isaac_ws/rl_code/soarm100sim/third_party/orbbec_293_ws/install/orbbec_description/share/orbbec_description/meshes/gemini335_336/camera_bottom_screw_frame.STL\n'}
[1.020519] (orbbec_description) StdoutLine: {'line': b'-- Installing: /home/sophie/isaac_lab/isaac_ws/rl_code/soarm100sim/third_party/orbbec_293_ws/install/orbbec_description/share/orbbec_description/meshes/gemini335_336/camera_right_ir_optical_frame.STL\n'}
[1.020671] (orbbec_description) StdoutLine: {'line': b'-- Installing: /home/sophie/isaac_lab/isaac_ws/rl_code/soarm100sim/third_party/orbbec_293_ws/install/orbbec_description/share/orbbec_description/meshes/gemini335_336/camera_depth_optical_frame.STL\n'}
[1.020877] (orbbec_description) StdoutLine: {'line': b'-- Installing: /home/sophie/isaac_lab/isaac_ws/rl_code/soarm100sim/third_party/orbbec_293_ws/install/orbbec_description/share/orbbec_description/meshes/gemini335_336/camera_left_ir_frame.STL\n'}
[1.021094] (orbbec_description) StdoutLine: {'line': b'-- Installing: /home/sophie/isaac_lab/isaac_ws/rl_code/soarm100sim/third_party/orbbec_293_ws/install/orbbec_description/share/orbbec_description/meshes/gemini335_336/camera_color_optical_frame.STL\n'}
[1.021317] (orbbec_description) StdoutLine: {'line': b'-- Installing: /home/sophie/isaac_lab/isaac_ws/rl_code/soarm100sim/third_party/orbbec_293_ws/install/orbbec_description/share/orbbec_description/meshes/gemini335_336/camera_link.STL\n'}
[1.022671] (orbbec_description) StdoutLine: {'line': b'-- Installing: /home/sophie/isaac_lab/isaac_ws/rl_code/soarm100sim/third_party/orbbec_293_ws/install/orbbec_description/share/orbbec_description/meshes/gemini335_336/camera_color_frame.STL\n'}
[1.022827] (orbbec_description) StdoutLine: {'line': b'-- Installing: /home/sophie/isaac_lab/isaac_ws/rl_code/soarm100sim/third_party/orbbec_293_ws/install/orbbec_description/share/orbbec_description/meshes/gemini335_336/camera_right_ir_frame.STL\n'}
[1.023040] (orbbec_description) StdoutLine: {'line': b'-- Installing: /home/sophie/isaac_lab/isaac_ws/rl_code/soarm100sim/third_party/orbbec_293_ws/install/orbbec_description/share/orbbec_description/meshes/gemini335_336/camera_depth_frame.STL\n'}
[1.023254] (orbbec_description) StdoutLine: {'line': b'-- Installing: /home/sophie/isaac_lab/isaac_ws/rl_code/soarm100sim/third_party/orbbec_293_ws/install/orbbec_description/share/orbbec_description/meshes/AstraPlus.stl\n'}
[1.039454] (orbbec_description) StdoutLine: {'line': b'-- Installing: /home/sophie/isaac_lab/isaac_ws/rl_code/soarm100sim/third_party/orbbec_293_ws/install/orbbec_description/share/orbbec_description/meshes/dabai_dcw2\n'}
[1.039542] (orbbec_description) StdoutLine: {'line': b'-- Installing: /home/sophie/isaac_lab/isaac_ws/rl_code/soarm100sim/third_party/orbbec_293_ws/install/orbbec_description/share/orbbec_description/meshes/dabai_dcw2/camera_bottom_screw_frame.STL\n'}
[1.040455] (orbbec_description) StdoutLine: {'line': b'-- Installing: /home/sophie/isaac_lab/isaac_ws/rl_code/soarm100sim/third_party/orbbec_293_ws/install/orbbec_description/share/orbbec_description/meshes/dabai_dcw2/camera_left_ir_frame.STL\n'}
[1.040530] (orbbec_description) StdoutLine: {'line': b'-- Installing: /home/sophie/isaac_lab/isaac_ws/rl_code/soarm100sim/third_party/orbbec_293_ws/install/orbbec_description/share/orbbec_description/meshes/dabai_dcw2/base_link.STL\n'}
[1.041020] (orbbec_description) StdoutLine: {'line': b'-- Installing: /home/sophie/isaac_lab/isaac_ws/rl_code/soarm100sim/third_party/orbbec_293_ws/install/orbbec_description/share/orbbec_description/meshes/dabai_dcw2/camera_color_frame.STL\n'}
[1.041097] (orbbec_description) StdoutLine: {'line': b'-- Installing: /home/sophie/isaac_lab/isaac_ws/rl_code/soarm100sim/third_party/orbbec_293_ws/install/orbbec_description/share/orbbec_description/meshes/dabai_dcw2/camera_right_ir_frame.STL\n'}
[1.041274] (orbbec_description) StdoutLine: {'line': b'-- Installing: /home/sophie/isaac_lab/isaac_ws/rl_code/soarm100sim/third_party/orbbec_293_ws/install/orbbec_description/share/orbbec_description/meshes/dabai_dcw2/camera_usb_frame.STL\n'}
[1.041582] (orbbec_description) StdoutLine: {'line': b'-- Installing: /home/sophie/isaac_lab/isaac_ws/rl_code/soarm100sim/third_party/orbbec_293_ws/install/orbbec_description/share/orbbec_description/meshes/dabai_dcw2/camera_depth_frame.STL\n'}
[1.041680] (orbbec_description) StdoutLine: {'line': b'-- Installing: /home/sophie/isaac_lab/isaac_ws/rl_code/soarm100sim/third_party/orbbec_293_ws/install/orbbec_description/share/orbbec_description/meshes/gemini2\n'}
[1.041714] (orbbec_description) StdoutLine: {'line': b'-- Installing: /home/sophie/isaac_lab/isaac_ws/rl_code/soarm100sim/third_party/orbbec_293_ws/install/orbbec_description/share/orbbec_description/meshes/gemini2/camera_botter_screw_frame.STL\n'}
[1.042369] (orbbec_description) StdoutLine: {'line': b'-- Installing: /home/sophie/isaac_lab/isaac_ws/rl_code/soarm100sim/third_party/orbbec_293_ws/install/orbbec_description/share/orbbec_description/meshes/gemini2/camera_color_optical_frame.STL\n'}
[1.042481] (orbbec_description) StdoutLine: {'line': b'-- Installing: /home/sophie/isaac_lab/isaac_ws/rl_code/soarm100sim/third_party/orbbec_293_ws/install/orbbec_description/share/orbbec_description/meshes/gemini2/base_link.STL\n'}
[1.043747] (orbbec_description) StdoutLine: {'line': b'-- Installing: /home/sophie/isaac_lab/isaac_ws/rl_code/soarm100sim/third_party/orbbec_293_ws/install/orbbec_description/share/orbbec_description/meshes/gemini2/camera_infra2_optical_frame.STL\n'}
[1.043901] (orbbec_description) StdoutLine: {'line': b'-- Installing: /home/sophie/isaac_lab/isaac_ws/rl_code/soarm100sim/third_party/orbbec_293_ws/install/orbbec_description/share/orbbec_description/meshes/gemini2/camera_color_frame.STL\n'}
[1.044128] (orbbec_description) StdoutLine: {'line': b'-- Installing: /home/sophie/isaac_lab/isaac_ws/rl_code/soarm100sim/third_party/orbbec_293_ws/install/orbbec_description/share/orbbec_description/meshes/gemini2/camera_infra1_frame.STL\n'}
[1.044349] (orbbec_description) StdoutLine: {'line': b'-- Installing: /home/sophie/isaac_lab/isaac_ws/rl_code/soarm100sim/third_party/orbbec_293_ws/install/orbbec_description/share/orbbec_description/meshes/gemini2/camera_depth_frame.STL\n'}
[1.044557] (orbbec_description) StdoutLine: {'line': b'-- Installing: /home/sophie/isaac_lab/isaac_ws/rl_code/soarm100sim/third_party/orbbec_293_ws/install/orbbec_description/share/orbbec_description/meshes/gemini2/camera_infra2_frame.STL\n'}
[1.044763] (orbbec_description) StdoutLine: {'line': b'-- Installing: /home/sophie/isaac_lab/isaac_ws/rl_code/soarm100sim/third_party/orbbec_293_ws/install/orbbec_description/share/orbbec_description/meshes/gemini2/camera_infra1_optical_frame.STL\n'}
[1.044973] (orbbec_description) StdoutLine: {'line': b'-- Installing: /home/sophie/isaac_lab/isaac_ws/rl_code/soarm100sim/third_party/orbbec_293_ws/install/orbbec_description/share/orbbec_description/meshes/dabai_max_pro\n'}
[1.045034] (orbbec_description) StdoutLine: {'line': b'-- Installing: /home/sophie/isaac_lab/isaac_ws/rl_code/soarm100sim/third_party/orbbec_293_ws/install/orbbec_description/share/orbbec_description/meshes/dabai_max_pro/camera_left_ir_optical_frame.STL\n'}
[1.045107] (orbbec_description) StdoutLine: {'line': b'-- Installing: /home/sophie/isaac_lab/isaac_ws/rl_code/soarm100sim/third_party/orbbec_293_ws/install/orbbec_description/share/orbbec_description/meshes/dabai_max_pro/camera_bottom_screw_frame.STL\n'}
[1.045589] (orbbec_description) StdoutLine: {'line': b'-- Installing: /home/sophie/isaac_lab/isaac_ws/rl_code/soarm100sim/third_party/orbbec_293_ws/install/orbbec_description/share/orbbec_description/meshes/dabai_max_pro/camera_right_ir_optical_frame.STL\n'}
[1.045678] (orbbec_description) StdoutLine: {'line': b'-- Installing: /home/sophie/isaac_lab/isaac_ws/rl_code/soarm100sim/third_party/orbbec_293_ws/install/orbbec_description/share/orbbec_description/meshes/dabai_max_pro/camera_depth_optical_frame.STL\n'}
[1.045730] (orbbec_description) StdoutLine: {'line': b'-- Installing: /home/sophie/isaac_lab/isaac_ws/rl_code/soarm100sim/third_party/orbbec_293_ws/install/orbbec_description/share/orbbec_description/meshes/dabai_max_pro/camera_left_ir_frame.STL\n'}
[1.045816] (orbbec_description) StdoutLine: {'line': b'-- Installing: /home/sophie/isaac_lab/isaac_ws/rl_code/soarm100sim/third_party/orbbec_293_ws/install/orbbec_description/share/orbbec_description/meshes/dabai_max_pro/camera_color_optical_frame.STL\n'}
[1.045884] (orbbec_description) StdoutLine: {'line': b'-- Installing: /home/sophie/isaac_lab/isaac_ws/rl_code/soarm100sim/third_party/orbbec_293_ws/install/orbbec_description/share/orbbec_description/meshes/dabai_max_pro/base_link.STL\n'}
[1.046648] (orbbec_description) StdoutLine: {'line': b'-- Installing: /home/sophie/isaac_lab/isaac_ws/rl_code/soarm100sim/third_party/orbbec_293_ws/install/orbbec_description/share/orbbec_description/meshes/dabai_max_pro/camera_color_frame.STL\n'}
[1.046698] (orbbec_description) StdoutLine: {'line': b'-- Installing: /home/sophie/isaac_lab/isaac_ws/rl_code/soarm100sim/third_party/orbbec_293_ws/install/orbbec_description/share/orbbec_description/meshes/dabai_max_pro/camera_right_ir_frame.STL\n'}
[1.046750] (orbbec_description) StdoutLine: {'line': b'-- Installing: /home/sophie/isaac_lab/isaac_ws/rl_code/soarm100sim/third_party/orbbec_293_ws/install/orbbec_description/share/orbbec_description/meshes/dabai_max_pro/camera_depth_frame.STL\n'}
[1.046817] (orbbec_description) StdoutLine: {'line': b'-- Installing: /home/sophie/isaac_lab/isaac_ws/rl_code/soarm100sim/third_party/orbbec_293_ws/install/orbbec_description/share/orbbec_description/meshes/gemini335Le\n'}
[1.046871] (orbbec_description) StdoutLine: {'line': b'-- Installing: /home/sophie/isaac_lab/isaac_ws/rl_code/soarm100sim/third_party/orbbec_293_ws/install/orbbec_description/share/orbbec_description/meshes/gemini335Le/base_Link.STL\n'}
[1.048452] (orbbec_description) StdoutLine: {'line': b'-- Installing: /home/sophie/isaac_lab/isaac_ws/rl_code/soarm100sim/third_party/orbbec_293_ws/install/orbbec_description/share/orbbec_description/meshes/gemini335Le/canera_left_IR_ROS_frame.STL\n'}
[1.048598] (orbbec_description) StdoutLine: {'line': b'-- Installing: /home/sophie/isaac_lab/isaac_ws/rl_code/soarm100sim/third_party/orbbec_293_ws/install/orbbec_description/share/orbbec_description/meshes/gemini335Le/camera_botton_screw_frame.STL\n'}
[1.050720] (orbbec_description) StdoutLine: {'line': b'-- Installing: /home/sophie/isaac_lab/isaac_ws/rl_code/soarm100sim/third_party/orbbec_293_ws/install/orbbec_description/share/orbbec_description/meshes/gemini335Le/canera_IMU_ROS_frame.STL\n'}
[1.051109] (orbbec_description) StdoutLine: {'line': b'-- Installing: /home/sophie/isaac_lab/isaac_ws/rl_code/soarm100sim/third_party/orbbec_293_ws/install/orbbec_description/share/orbbec_description/meshes/gemini335Le/canera_right_IR_ROS_frame.STL\n'}
[1.051306] (orbbec_description) StdoutLine: {'line': b'-- Installing: /home/sophie/isaac_lab/isaac_ws/rl_code/soarm100sim/third_party/orbbec_293_ws/install/orbbec_description/share/orbbec_description/meshes/gemini335Le/canera_RGB_ROS_frame.STL\n'}
[1.051539] (orbbec_description) StdoutLine: {'line': b'-- Installing: /home/sophie/isaac_lab/isaac_ws/rl_code/soarm100sim/third_party/orbbec_293_ws/install/orbbec_description/share/orbbec_description/meshes/gemini305_g\n'}
[1.051596] (orbbec_description) StdoutLine: {'line': b'-- Installing: /home/sophie/isaac_lab/isaac_ws/rl_code/soarm100sim/third_party/orbbec_293_ws/install/orbbec_description/share/orbbec_description/meshes/gemini305_g/USB.STL\n'}
[1.051882] (orbbec_description) StdoutLine: {'line': b'-- Installing: /home/sophie/isaac_lab/isaac_ws/rl_code/soarm100sim/third_party/orbbec_293_ws/install/orbbec_description/share/orbbec_description/meshes/gemini305_g/RGB_L.STL\n'}
[1.052110] (orbbec_description) StdoutLine: {'line': b'-- Installing: /home/sophie/isaac_lab/isaac_ws/rl_code/soarm100sim/third_party/orbbec_293_ws/install/orbbec_description/share/orbbec_description/meshes/gemini305_g/RGB_R.STL\n'}
[1.052325] (orbbec_description) StdoutLine: {'line': b'-- Installing: /home/sophie/isaac_lab/isaac_ws/rl_code/soarm100sim/third_party/orbbec_293_ws/install/orbbec_description/share/orbbec_description/meshes/gemini305_g/base_link.STL\n'}
[1.054529] (orbbec_description) StdoutLine: {'line': b'-- Installing: /home/sophie/isaac_lab/isaac_ws/rl_code/soarm100sim/third_party/orbbec_293_ws/install/orbbec_description/share/orbbec_description/meshes/gemini305_g/FAKRA.STL\n'}
[1.054734] (orbbec_description) StdoutLine: {'line': b'-- Installing: /home/sophie/isaac_lab/isaac_ws/rl_code/soarm100sim/third_party/orbbec_293_ws/install/orbbec_description/share/orbbec_description/meshes/gemini305_g/camera_bottom_screw.STL\n'}
[1.055488] (orbbec_description) StdoutLine: {'line': b'-- Installing: /home/sophie/isaac_lab/isaac_ws/rl_code/soarm100sim/third_party/orbbec_293_ws/install/orbbec_description/share/orbbec_description/meshes/gemini305_g/camera_rear_screw_R.STL\n'}
[1.055647] (orbbec_description) StdoutLine: {'line': b'-- Installing: /home/sophie/isaac_lab/isaac_ws/rl_code/soarm100sim/third_party/orbbec_293_ws/install/orbbec_description/share/orbbec_description/meshes/gemini305_g/camera_rear_screw_L.STL\n'}
[1.055929] (orbbec_description) StdoutLine: {'line': b'-- Installing: /home/sophie/isaac_lab/isaac_ws/rl_code/soarm100sim/third_party/orbbec_293_ws/install/orbbec_description/share/orbbec_description/meshes/gemini305\n'}
[1.056032] (orbbec_description) StdoutLine: {'line': b'-- Installing: /home/sophie/isaac_lab/isaac_ws/rl_code/soarm100sim/third_party/orbbec_293_ws/install/orbbec_description/share/orbbec_description/meshes/gemini305/USB.STL\n'}
[1.056383] (orbbec_description) StdoutLine: {'line': b'-- Installing: /home/sophie/isaac_lab/isaac_ws/rl_code/soarm100sim/third_party/orbbec_293_ws/install/orbbec_description/share/orbbec_description/meshes/gemini305/RGB_L.STL\n'}
[1.056574] (orbbec_description) StdoutLine: {'line': b'-- Installing: /home/sophie/isaac_lab/isaac_ws/rl_code/soarm100sim/third_party/orbbec_293_ws/install/orbbec_description/share/orbbec_description/meshes/gemini305/RGB_R.STL\n'}
[1.056736] (orbbec_description) StdoutLine: {'line': b'-- Installing: /home/sophie/isaac_lab/isaac_ws/rl_code/soarm100sim/third_party/orbbec_293_ws/install/orbbec_description/share/orbbec_description/meshes/gemini305/base_link.STL\n'}
[1.056919] (orbbec_description) StdoutLine: {'line': b'-- Installing: /home/sophie/isaac_lab/isaac_ws/rl_code/soarm100sim/third_party/orbbec_293_ws/install/orbbec_description/share/orbbec_description/meshes/gemini305/camera_bottom_screw.STL\n'}
[1.057296] (orbbec_description) StdoutLine: {'line': b'-- Installing: /home/sophie/isaac_lab/isaac_ws/rl_code/soarm100sim/third_party/orbbec_293_ws/install/orbbec_description/share/orbbec_description/meshes/gemini305/camera_rear_screw_R.STL\n'}
[1.057495] (orbbec_description) StdoutLine: {'line': b'-- Installing: /home/sophie/isaac_lab/isaac_ws/rl_code/soarm100sim/third_party/orbbec_293_ws/install/orbbec_description/share/orbbec_description/meshes/gemini305/camera_rear_screw_L.STL\n'}
[1.057684] (orbbec_description) StdoutLine: {'line': b'-- Installing: /home/sophie/isaac_lab/isaac_ws/rl_code/soarm100sim/third_party/orbbec_293_ws/install/orbbec_description/share/orbbec_description/meshes/gemini335Lg\n'}
[1.057777] (orbbec_description) StdoutLine: {'line': b'-- Installing: /home/sophie/isaac_lab/isaac_ws/rl_code/soarm100sim/third_party/orbbec_293_ws/install/orbbec_description/share/orbbec_description/meshes/gemini335Lg/camera_bottom_screw_frame.STL\n'}
[1.058684] (orbbec_description) StdoutLine: {'line': b'-- Installing: /home/sophie/isaac_lab/isaac_ws/rl_code/soarm100sim/third_party/orbbec_293_ws/install/orbbec_description/share/orbbec_description/meshes/gemini335Lg/camera_IMU_frame.STL\n'}
[1.058747] (orbbec_description) StdoutLine: {'line': b'-- Installing: /home/sophie/isaac_lab/isaac_ws/rl_code/soarm100sim/third_party/orbbec_293_ws/install/orbbec_description/share/orbbec_description/meshes/gemini335Lg/camera_color_optical_frame.STL\n'}
[1.058858] (orbbec_description) StdoutLine: {'line': b'-- Installing: /home/sophie/isaac_lab/isaac_ws/rl_code/soarm100sim/third_party/orbbec_293_ws/install/orbbec_description/share/orbbec_description/meshes/gemini335Lg/base_link.STL\n'}
[1.061015] (orbbec_description) StdoutLine: {'line': b'-- Installing: /home/sophie/isaac_lab/isaac_ws/rl_code/soarm100sim/third_party/orbbec_293_ws/install/orbbec_description/share/orbbec_description/meshes/gemini335Lg/camera_infra2_optical_frame.STL\n'}
[1.061188] (orbbec_description) StdoutLine: {'line': b'-- Installing: /home/sophie/isaac_lab/isaac_ws/rl_code/soarm100sim/third_party/orbbec_293_ws/install/orbbec_description/share/orbbec_description/meshes/gemini335Lg/camera_color_frame.STL\n'}
[1.061390] (orbbec_description) StdoutLine: {'line': b'-- Installing: /home/sophie/isaac_lab/isaac_ws/rl_code/soarm100sim/third_party/orbbec_293_ws/install/orbbec_description/share/orbbec_description/meshes/gemini335Lg/camera_infra1_frame.STL\n'}
[1.061598] (orbbec_description) StdoutLine: {'line': b'-- Installing: /home/sophie/isaac_lab/isaac_ws/rl_code/soarm100sim/third_party/orbbec_293_ws/install/orbbec_description/share/orbbec_description/meshes/gemini335Lg/camera_depth_frame.STL\n'}
[1.061805] (orbbec_description) StdoutLine: {'line': b'-- Installing: /home/sophie/isaac_lab/isaac_ws/rl_code/soarm100sim/third_party/orbbec_293_ws/install/orbbec_description/share/orbbec_description/meshes/gemini335Lg/camera_infra2_frame.STL\n'}
[1.062011] (orbbec_description) StdoutLine: {'line': b'-- Installing: /home/sophie/isaac_lab/isaac_ws/rl_code/soarm100sim/third_party/orbbec_293_ws/install/orbbec_description/share/orbbec_description/meshes/gemini335Lg/camera_infra1_optical_frame.STL\n'}
[1.062225] (orbbec_description) StdoutLine: {'line': b'-- Installing: /home/sophie/isaac_lab/isaac_ws/rl_code/soarm100sim/third_party/orbbec_293_ws/install/orbbec_description/share/orbbec_description/urdf\n'}
[1.062337] (orbbec_description) StdoutLine: {'line': b'-- Installing: /home/sophie/isaac_lab/isaac_ws/rl_code/soarm100sim/third_party/orbbec_293_ws/install/orbbec_description/share/orbbec_description/urdf/test_femto_bolt.urdf.xacro\n'}
[1.062460] (orbbec_description) StdoutLine: {'line': b'-- Installing: /home/sophie/isaac_lab/isaac_ws/rl_code/soarm100sim/third_party/orbbec_293_ws/install/orbbec_description/share/orbbec_description/urdf/gemini_345_Lg.urdf.xacro\n'}
[1.062519] (orbbec_description) StdoutLine: {'line': b'-- Installing: /home/sophie/isaac_lab/isaac_ws/rl_code/soarm100sim/third_party/orbbec_293_ws/install/orbbec_description/share/orbbec_description/urdf/test_gemini_335.urdf.xacro\n'}
[1.062578] (orbbec_description) StdoutLine: {'line': b'-- Installing: /home/sophie/isaac_lab/isaac_ws/rl_code/soarm100sim/third_party/orbbec_293_ws/install/orbbec_description/share/orbbec_description/urdf/test_dabai_dcw2.urdf.xacro\n'}
[1.062636] (orbbec_description) StdoutLine: {'line': b'-- Installing: /home/sophie/isaac_lab/isaac_ws/rl_code/soarm100sim/third_party/orbbec_293_ws/install/orbbec_description/share/orbbec_description/urdf/test_gemini_345_Lg.urdf.xacro\n'}
[1.062759] (orbbec_description) StdoutLine: {'line': b'-- Installing: /home/sophie/isaac_lab/isaac_ws/rl_code/soarm100sim/third_party/orbbec_293_ws/install/orbbec_description/share/orbbec_description/urdf/dabai_max_pro.urdf.xacro\n'}
[1.062819] (orbbec_description) StdoutLine: {'line': b'-- Installing: /home/sophie/isaac_lab/isaac_ws/rl_code/soarm100sim/third_party/orbbec_293_ws/install/orbbec_description/share/orbbec_description/urdf/gemini_305.urdf.xacro\n'}
[1.062877] (orbbec_description) StdoutLine: {'line': b'-- Installing: /home/sophie/isaac_lab/isaac_ws/rl_code/soarm100sim/third_party/orbbec_293_ws/install/orbbec_description/share/orbbec_description/urdf/test_dabai_max_pro.urdf.xacro\n'}
[1.062997] (orbbec_description) StdoutLine: {'line': b'-- Installing: /home/sophie/isaac_lab/isaac_ws/rl_code/soarm100sim/third_party/orbbec_293_ws/install/orbbec_description/share/orbbec_description/urdf/test_gemini_345.urdf.xacro\n'}
[1.063144] (orbbec_description) StdoutLine: {'line': b'-- Installing: /home/sophie/isaac_lab/isaac_ws/rl_code/soarm100sim/third_party/orbbec_293_ws/install/orbbec_description/share/orbbec_description/urdf/gemini_335_L_336_L.urdf.xacro\n'}
[1.063217] (orbbec_description) StdoutLine: {'line': b'-- Installing: /home/sophie/isaac_lab/isaac_ws/rl_code/soarm100sim/third_party/orbbec_293_ws/install/orbbec_description/share/orbbec_description/urdf/test_gemini_335_L.urdf.xacro\n'}
[1.063297] (orbbec_description) StdoutLine: {'line': b'-- Installing: /home/sophie/isaac_lab/isaac_ws/rl_code/soarm100sim/third_party/orbbec_293_ws/install/orbbec_description/share/orbbec_description/urdf/gemini_335_Lg.urdf.xacro\n'}
[1.063385] (orbbec_description) StdoutLine: {'line': b'-- Installing: /home/sophie/isaac_lab/isaac_ws/rl_code/soarm100sim/third_party/orbbec_293_ws/install/orbbec_description/share/orbbec_description/urdf/gemini_335_336.urdf.xacro\n'}
[1.063495] (orbbec_description) StdoutLine: {'line': b'-- Installing: /home/sophie/isaac_lab/isaac_ws/rl_code/soarm100sim/third_party/orbbec_293_ws/install/orbbec_description/share/orbbec_description/urdf/gemini_305_g.urdf.xacro\n'}
[1.063603] (orbbec_description) StdoutLine: {'line': b'-- Installing: /home/sophie/isaac_lab/isaac_ws/rl_code/soarm100sim/third_party/orbbec_293_ws/install/orbbec_description/share/orbbec_description/urdf/test_gemini_336_L.urdf.xacro\n'}
[1.063695] (orbbec_description) StdoutLine: {'line': b'-- Installing: /home/sophie/isaac_lab/isaac_ws/rl_code/soarm100sim/third_party/orbbec_293_ws/install/orbbec_description/share/orbbec_description/urdf/gemini_2_L.urdf.xacro\n'}
[1.063751] (orbbec_description) StdoutLine: {'line': b'-- Installing: /home/sophie/isaac_lab/isaac_ws/rl_code/soarm100sim/third_party/orbbec_293_ws/install/orbbec_description/share/orbbec_description/urdf/test_gemini_305.urdf.xacro\n'}
[1.063809] (orbbec_description) StdoutLine: {'line': b'-- Installing: /home/sophie/isaac_lab/isaac_ws/rl_code/soarm100sim/third_party/orbbec_293_ws/install/orbbec_description/share/orbbec_description/urdf/astra_2.urdf.xacro\n'}
[1.063897] (orbbec_description) StdoutLine: {'line': b'-- Installing: /home/sophie/isaac_lab/isaac_ws/rl_code/soarm100sim/third_party/orbbec_293_ws/install/orbbec_description/share/orbbec_description/urdf/test_gemini_335_Lg.urdf.xacro\n'}
[1.063990] (orbbec_description) StdoutLine: {'line': b'-- Installing: /home/sophie/isaac_lab/isaac_ws/rl_code/soarm100sim/third_party/orbbec_293_ws/install/orbbec_description/share/orbbec_description/urdf/test_gemini_336.urdf.xacro\n'}
[1.064103] (orbbec_description) StdoutLine: {'line': b'-- Installing: /home/sophie/isaac_lab/isaac_ws/rl_code/soarm100sim/third_party/orbbec_293_ws/install/orbbec_description/share/orbbec_description/urdf/gemini_335_Le.urdf.xacro\n'}
[1.064206] (orbbec_description) StdoutLine: {'line': b'-- Installing: /home/sophie/isaac_lab/isaac_ws/rl_code/soarm100sim/third_party/orbbec_293_ws/install/orbbec_description/share/orbbec_description/urdf/femto_bolt.urdf.xacro\n'}
[1.064277] (orbbec_description) StdoutLine: {'line': b'-- Installing: /home/sophie/isaac_lab/isaac_ws/rl_code/soarm100sim/third_party/orbbec_293_ws/install/orbbec_description/share/orbbec_description/urdf/test_gemini_2_L.urdf.xacro\n'}
[1.064336] (orbbec_description) StdoutLine: {'line': b'-- Installing: /home/sophie/isaac_lab/isaac_ws/rl_code/soarm100sim/third_party/orbbec_293_ws/install/orbbec_description/share/orbbec_description/urdf/test_gemini_335_Le.urdf.xacro\n'}
[1.064398] (orbbec_description) StdoutLine: {'line': b'-- Installing: /home/sophie/isaac_lab/isaac_ws/rl_code/soarm100sim/third_party/orbbec_293_ws/install/orbbec_description/share/orbbec_description/urdf/test_astra_2.urdf.xacro\n'}
[1.064455] (orbbec_description) StdoutLine: {'line': b'-- Installing: /home/sophie/isaac_lab/isaac_ws/rl_code/soarm100sim/third_party/orbbec_293_ws/install/orbbec_description/share/orbbec_description/urdf/gemini_309_g.urdf.xacro\n'}
[1.064544] (orbbec_description) StdoutLine: {'line': b'-- Installing: /home/sophie/isaac_lab/isaac_ws/rl_code/soarm100sim/third_party/orbbec_293_ws/install/orbbec_description/share/orbbec_description/urdf/test_gemini_309_g.urdf.xacro\n'}
[1.064660] (orbbec_description) StdoutLine: {'line': b'-- Installing: /home/sophie/isaac_lab/isaac_ws/rl_code/soarm100sim/third_party/orbbec_293_ws/install/orbbec_description/share/orbbec_description/urdf/gemini_2.urdf.xacro\n'}
[1.064716] (orbbec_description) StdoutLine: {'line': b'-- Installing: /home/sophie/isaac_lab/isaac_ws/rl_code/soarm100sim/third_party/orbbec_293_ws/install/orbbec_description/share/orbbec_description/urdf/dabai_dcw2.urdf.xacro\n'}
[1.064770] (orbbec_description) StdoutLine: {'line': b'-- Installing: /home/sophie/isaac_lab/isaac_ws/rl_code/soarm100sim/third_party/orbbec_293_ws/install/orbbec_description/share/orbbec_description/urdf/gemini_345.urdf.xacro\n'}
[1.064828] (orbbec_description) StdoutLine: {'line': b'-- Installing: /home/sophie/isaac_lab/isaac_ws/rl_code/soarm100sim/third_party/orbbec_293_ws/install/orbbec_description/share/orbbec_description/urdf/test_gemini_305_g.urdf.xacro\n'}
[1.064888] (orbbec_description) StdoutLine: {'line': b'-- Installing: /home/sophie/isaac_lab/isaac_ws/rl_code/soarm100sim/third_party/orbbec_293_ws/install/orbbec_description/share/orbbec_description/urdf/test_gemini_2.urdf.xacro\n'}
[1.064942] (orbbec_description) StdoutLine: {'line': b'-- Installing: /home/sophie/isaac_lab/isaac_ws/rl_code/soarm100sim/third_party/orbbec_293_ws/install/orbbec_description/share/orbbec_description/rviz\n'}
[1.065004] (orbbec_description) StdoutLine: {'line': b'-- Installing: /home/sophie/isaac_lab/isaac_ws/rl_code/soarm100sim/third_party/orbbec_293_ws/install/orbbec_description/share/orbbec_description/rviz/urdf.rviz\n'}
[1.065064] (orbbec_description) StdoutLine: {'line': b'-- Installing: /home/sophie/isaac_lab/isaac_ws/rl_code/soarm100sim/third_party/orbbec_293_ws/install/orbbec_description/share/ament_index/resource_index/package_run_dependencies/orbbec_description\n'}
[1.065118] (orbbec_description) StdoutLine: {'line': b'-- Installing: /home/sophie/isaac_lab/isaac_ws/rl_code/soarm100sim/third_party/orbbec_293_ws/install/orbbec_description/share/ament_index/resource_index/parent_prefix_path/orbbec_description\n'}
[1.065172] (orbbec_description) StdoutLine: {'line': b'-- Installing: /home/sophie/isaac_lab/isaac_ws/rl_code/soarm100sim/third_party/orbbec_293_ws/install/orbbec_description/share/orbbec_description/environment/ament_prefix_path.sh\n'}
[1.065226] (orbbec_description) StdoutLine: {'line': b'-- Installing: /home/sophie/isaac_lab/isaac_ws/rl_code/soarm100sim/third_party/orbbec_293_ws/install/orbbec_description/share/orbbec_description/environment/ament_prefix_path.dsv\n'}
[1.065279] (orbbec_description) StdoutLine: {'line': b'-- Installing: /home/sophie/isaac_lab/isaac_ws/rl_code/soarm100sim/third_party/orbbec_293_ws/install/orbbec_description/share/orbbec_description/environment/path.sh\n'}
[1.065396] (orbbec_description) StdoutLine: {'line': b'-- Installing: /home/sophie/isaac_lab/isaac_ws/rl_code/soarm100sim/third_party/orbbec_293_ws/install/orbbec_description/share/orbbec_description/environment/path.dsv\n'}
[1.065724] (orbbec_description) StdoutLine: {'line': b'-- Installing: /home/sophie/isaac_lab/isaac_ws/rl_code/soarm100sim/third_party/orbbec_293_ws/install/orbbec_description/share/orbbec_description/local_setup.bash\n'}
[1.065917] (orbbec_description) StdoutLine: {'line': b'-- Installing: /home/sophie/isaac_lab/isaac_ws/rl_code/soarm100sim/third_party/orbbec_293_ws/install/orbbec_description/share/orbbec_description/local_setup.sh\n'}
[1.066408] (orbbec_description) StdoutLine: {'line': b'-- Installing: /home/sophie/isaac_lab/isaac_ws/rl_code/soarm100sim/third_party/orbbec_293_ws/install/orbbec_description/share/orbbec_description/local_setup.zsh\n'}
[1.066750] (orbbec_description) StdoutLine: {'line': b'-- Installing: /home/sophie/isaac_lab/isaac_ws/rl_code/soarm100sim/third_party/orbbec_293_ws/install/orbbec_description/share/orbbec_description/local_setup.dsv\n'}
[1.066820] (orbbec_description) StdoutLine: {'line': b'-- Installing: /home/sophie/isaac_lab/isaac_ws/rl_code/soarm100sim/third_party/orbbec_293_ws/install/orbbec_description/share/orbbec_description/package.dsv\n'}
[1.066882] (orbbec_description) StdoutLine: {'line': b'-- Installing: /home/sophie/isaac_lab/isaac_ws/rl_code/soarm100sim/third_party/orbbec_293_ws/install/orbbec_description/share/ament_index/resource_index/packages/orbbec_description\n'}
[1.066940] (orbbec_description) StdoutLine: {'line': b'-- Installing: /home/sophie/isaac_lab/isaac_ws/rl_code/soarm100sim/third_party/orbbec_293_ws/install/orbbec_description/share/orbbec_description/cmake/orbbec_descriptionConfig.cmake\n'}
[1.067003] (orbbec_description) StdoutLine: {'line': b'-- Installing: /home/sophie/isaac_lab/isaac_ws/rl_code/soarm100sim/third_party/orbbec_293_ws/install/orbbec_description/share/orbbec_description/cmake/orbbec_descriptionConfig-version.cmake\n'}
[1.067283] (orbbec_description) StdoutLine: {'line': b'-- Installing: /home/sophie/isaac_lab/isaac_ws/rl_code/soarm100sim/third_party/orbbec_293_ws/install/orbbec_description/share/orbbec_description/package.xml\n'}
[1.067328] (orbbec_description) CommandEnded: {'returncode': 0}
[1.076299] (orbbec_description) JobEnded: {'identifier': 'orbbec_description', 'rc': 0}
[1.101225] (-) TimerEvent: {}
[1.181171] (orbbec_camera_msgs) StdoutLine: {'line': b'-- Using all available rosidl_typesupport_c: rosidl_typesupport_fastrtps_c;rosidl_typesupport_introspection_c\n'}
[1.201294] (-) TimerEvent: {}
[1.301461] (-) TimerEvent: {}
[1.401698] (-) TimerEvent: {}
[1.500857] (orbbec_camera_msgs) StdoutLine: {'line': b'-- Using all available rosidl_typesupport_cpp: rosidl_typesupport_fastrtps_cpp;rosidl_typesupport_introspection_cpp\n'}
[1.501798] (-) TimerEvent: {}
[1.522994] (orbbec_camera_msgs) StdoutLine: {'line': b'-- Found PythonInterp: /usr/bin/python3 (found suitable version "3.10.12", minimum required is "3.6") \n'}
[1.523932] (orbbec_camera_msgs) StdoutLine: {'line': b'-- Found python_cmake_module: 0.10.0 (/opt/ros/humble/share/python_cmake_module/cmake)\n'}
[1.549081] (orbbec_camera_msgs) StdoutLine: {'line': b'-- Found PythonLibs: /usr/lib/x86_64-linux-gnu/libpython3.10.so (found suitable version "3.10.12", minimum required is "3.5") \n'}
[1.549224] (orbbec_camera_msgs) StdoutLine: {'line': b'-- Using PYTHON_EXECUTABLE: /usr/bin/python3\n'}
[1.549284] (orbbec_camera_msgs) StdoutLine: {'line': b'-- Using PYTHON_INCLUDE_DIRS: /usr/include/python3.10\n'}
[1.549338] (orbbec_camera_msgs) StdoutLine: {'line': b'-- Using PYTHON_LIBRARIES: /usr/lib/x86_64-linux-gnu/libpython3.10.so\n'}
[1.568848] (orbbec_camera_msgs) StdoutLine: {'line': b'-- Found PythonExtra: .so  \n'}
[1.601917] (-) TimerEvent: {}
[1.695849] (orbbec_camera_msgs) StdoutLine: {'line': b'-- Found ament_lint_auto: 0.12.15 (/opt/ros/humble/share/ament_lint_auto/cmake)\n'}
[1.702001] (-) TimerEvent: {}
[1.708734] (orbbec_camera_msgs) StdoutLine: {'line': b"-- Added test 'copyright' to check source files copyright and LICENSE\n"}
[1.710326] (orbbec_camera_msgs) StdoutLine: {'line': b"-- Added test 'lint_cmake' to check CMake code style\n"}
[1.711258] (orbbec_camera_msgs) StdoutLine: {'line': b"-- Added test 'xmllint' to check XML markup files\n"}
[1.712589] (orbbec_camera_msgs) StdoutLine: {'line': b'-- Configuring done\n'}
[1.767742] (orbbec_camera_msgs) StdoutLine: {'line': b'-- Generating done\n'}
[1.769193] (orbbec_camera_msgs) StderrLine: {'line': b'CMake Warning:\n'}
[1.769291] (orbbec_camera_msgs) StderrLine: {'line': b'  Manually-specified variables were not used by the project:\n'}
[1.769355] (orbbec_camera_msgs) StderrLine: {'line': b'\n'}
[1.769416] (orbbec_camera_msgs) StderrLine: {'line': b'    INSTALL_UDEV_RULES\n'}
[1.769475] (orbbec_camera_msgs) StderrLine: {'line': b'\n'}
[1.769532] (orbbec_camera_msgs) StderrLine: {'line': b'\n'}
[1.778739] (orbbec_camera_msgs) StdoutLine: {'line': b'-- Build files have been written to: /home/sophie/isaac_lab/isaac_ws/rl_code/soarm100sim/third_party/orbbec_293_ws/build/orbbec_camera_msgs\n'}
[1.802097] (-) TimerEvent: {}
[1.902258] (-) TimerEvent: {}
[2.002465] (-) TimerEvent: {}
[2.102633] (-) TimerEvent: {}
[2.202873] (-) TimerEvent: {}
[2.303066] (-) TimerEvent: {}
[2.403299] (-) TimerEvent: {}
[2.503502] (-) TimerEvent: {}
[2.603730] (-) TimerEvent: {}
[2.703984] (-) TimerEvent: {}
[2.804190] (-) TimerEvent: {}
[2.904366] (-) TimerEvent: {}
[3.004563] (-) TimerEvent: {}
[3.104766] (-) TimerEvent: {}
[3.204926] (-) TimerEvent: {}
[3.305157] (-) TimerEvent: {}
[3.405460] (-) TimerEvent: {}
[3.505799] (-) TimerEvent: {}
[3.606115] (-) TimerEvent: {}
[3.706380] (-) TimerEvent: {}
[3.806632] (-) TimerEvent: {}
[3.906870] (-) TimerEvent: {}
[4.007172] (-) TimerEvent: {}
[4.107457] (-) TimerEvent: {}
[4.207713] (-) TimerEvent: {}
[4.308028] (-) TimerEvent: {}
[4.408303] (-) TimerEvent: {}
[4.508582] (-) TimerEvent: {}
[4.608946] (-) TimerEvent: {}
[4.709288] (-) TimerEvent: {}
[4.809699] (-) TimerEvent: {}
[4.910117] (-) TimerEvent: {}
[5.010422] (-) TimerEvent: {}
[5.110741] (-) TimerEvent: {}
[5.211206] (-) TimerEvent: {}
[5.311484] (-) TimerEvent: {}
[5.411706] (-) TimerEvent: {}
[5.511906] (-) TimerEvent: {}
[5.612056] (-) TimerEvent: {}
[5.712237] (-) TimerEvent: {}
[5.812434] (-) TimerEvent: {}
[5.912641] (-) TimerEvent: {}
[6.012842] (-) TimerEvent: {}
[6.113069] (-) TimerEvent: {}
[6.213308] (-) TimerEvent: {}
[6.313598] (-) TimerEvent: {}
[6.413877] (-) TimerEvent: {}
[6.514183] (-) TimerEvent: {}
[6.614417] (-) TimerEvent: {}
[6.714639] (-) TimerEvent: {}
[6.814903] (-) TimerEvent: {}
[6.915209] (-) TimerEvent: {}
[7.015458] (-) TimerEvent: {}
[7.115748] (-) TimerEvent: {}
[7.216039] (-) TimerEvent: {}
[7.316310] (-) TimerEvent: {}
[7.416591] (-) TimerEvent: {}
[7.516821] (-) TimerEvent: {}
[7.616999] (-) TimerEvent: {}
[7.717181] (-) TimerEvent: {}
[7.817374] (-) TimerEvent: {}
[7.917583] (-) TimerEvent: {}
[8.017776] (-) TimerEvent: {}
[8.118035] (-) TimerEvent: {}
[8.218206] (-) TimerEvent: {}
[8.318404] (-) TimerEvent: {}
[8.418622] (-) TimerEvent: {}
[8.518831] (-) TimerEvent: {}
[8.619095] (-) TimerEvent: {}
[8.719240] (-) TimerEvent: {}
[8.819414] (-) TimerEvent: {}
[8.919585] (-) TimerEvent: {}
[9.019759] (-) TimerEvent: {}
[9.120001] (-) TimerEvent: {}
[9.220258] (-) TimerEvent: {}
[9.320514] (-) TimerEvent: {}
[9.420790] (-) TimerEvent: {}
[9.521093] (-) TimerEvent: {}
[9.621356] (-) TimerEvent: {}
[9.721617] (-) TimerEvent: {}
[9.821849] (-) TimerEvent: {}
[9.922078] (-) TimerEvent: {}
[10.022252] (-) TimerEvent: {}
[10.122480] (-) TimerEvent: {}
[10.222756] (-) TimerEvent: {}
[10.323084] (-) TimerEvent: {}
[10.423380] (-) TimerEvent: {}
[10.523681] (-) TimerEvent: {}
[10.623976] (-) TimerEvent: {}
[10.724292] (-) TimerEvent: {}
[10.824579] (-) TimerEvent: {}
[10.924842] (-) TimerEvent: {}
[11.025141] (-) TimerEvent: {}
[11.125499] (-) TimerEvent: {}
[11.225842] (-) TimerEvent: {}
[11.326155] (-) TimerEvent: {}
[11.426424] (-) TimerEvent: {}
[11.526663] (-) TimerEvent: {}
[11.626968] (-) TimerEvent: {}
[11.727386] (-) TimerEvent: {}
[11.827675] (-) TimerEvent: {}
[11.927946] (-) TimerEvent: {}
[12.028248] (-) TimerEvent: {}
[12.128568] (-) TimerEvent: {}
[12.228929] (-) TimerEvent: {}
[12.329323] (-) TimerEvent: {}
[12.429625] (-) TimerEvent: {}
[12.529900] (-) TimerEvent: {}
[12.630185] (-) TimerEvent: {}
[12.730465] (-) TimerEvent: {}
[12.830741] (-) TimerEvent: {}
[12.931048] (-) TimerEvent: {}
[13.031312] (-) TimerEvent: {}
[13.131605] (-) TimerEvent: {}
[13.231949] (-) TimerEvent: {}
[13.332239] (-) TimerEvent: {}
[13.432530] (-) TimerEvent: {}
[13.532832] (-) TimerEvent: {}
[13.633136] (-) TimerEvent: {}
[13.733386] (-) TimerEvent: {}
[13.833738] (-) TimerEvent: {}
[13.934062] (-) TimerEvent: {}
[14.034361] (-) TimerEvent: {}
[14.134661] (-) TimerEvent: {}
[14.234943] (-) TimerEvent: {}
[14.335197] (-) TimerEvent: {}
[14.435468] (-) TimerEvent: {}
[14.535781] (-) TimerEvent: {}
[14.636101] (-) TimerEvent: {}
[14.736386] (-) TimerEvent: {}
[14.836704] (-) TimerEvent: {}
[14.937081] (-) TimerEvent: {}
[15.037312] (-) TimerEvent: {}
[15.137600] (-) TimerEvent: {}
[15.237976] (-) TimerEvent: {}
[15.338443] (-) TimerEvent: {}
[15.438665] (-) TimerEvent: {}
[15.538890] (-) TimerEvent: {}
[15.639144] (-) TimerEvent: {}
[15.739386] (-) TimerEvent: {}
[15.839606] (-) TimerEvent: {}
[15.939891] (-) TimerEvent: {}
[16.040147] (-) TimerEvent: {}
[16.140373] (-) TimerEvent: {}
[16.240585] (-) TimerEvent: {}
[16.340821] (-) TimerEvent: {}
[16.441113] (-) TimerEvent: {}
[16.541507] (-) TimerEvent: {}
[16.641803] (-) TimerEvent: {}
[16.742056] (-) TimerEvent: {}
[16.842301] (-) TimerEvent: {}
[16.942540] (-) TimerEvent: {}
[17.042749] (-) TimerEvent: {}
[17.143035] (-) TimerEvent: {}
[17.243267] (-) TimerEvent: {}
[17.343524] (-) TimerEvent: {}
[17.443787] (-) TimerEvent: {}
[17.544066] (-) TimerEvent: {}
[17.644305] (-) TimerEvent: {}
[17.744539] (-) TimerEvent: {}
[17.844759] (-) TimerEvent: {}
[17.945027] (-) TimerEvent: {}
[18.045232] (-) TimerEvent: {}
[18.145389] (-) TimerEvent: {}
[18.245553] (-) TimerEvent: {}
[18.345752] (-) TimerEvent: {}
[18.445947] (-) TimerEvent: {}
[18.546146] (-) TimerEvent: {}
[18.646355] (-) TimerEvent: {}
[18.746595] (-) TimerEvent: {}
[18.846796] (-) TimerEvent: {}
[18.947072] (-) TimerEvent: {}
[19.047395] (-) TimerEvent: {}
[19.147638] (-) TimerEvent: {}
[19.247931] (-) TimerEvent: {}
[19.348157] (-) TimerEvent: {}
[19.448399] (-) TimerEvent: {}
[19.548656] (-) TimerEvent: {}
[19.649027] (-) TimerEvent: {}
[19.749269] (-) TimerEvent: {}
[19.849500] (-) TimerEvent: {}
[19.949737] (-) TimerEvent: {}
[20.049949] (-) TimerEvent: {}
[20.150197] (-) TimerEvent: {}
[20.250433] (-) TimerEvent: {}
[20.350673] (-) TimerEvent: {}
[20.450971] (-) TimerEvent: {}
[20.551194] (-) TimerEvent: {}
[20.651418] (-) TimerEvent: {}
[20.751662] (-) TimerEvent: {}
[20.851863] (-) TimerEvent: {}
[20.952080] (-) TimerEvent: {}
[21.052303] (-) TimerEvent: {}
[21.152538] (-) TimerEvent: {}
[21.252800] (-) TimerEvent: {}
[21.353053] (-) TimerEvent: {}
[21.453265] (-) TimerEvent: {}
[21.553502] (-) TimerEvent: {}
[21.653752] (-) TimerEvent: {}
[21.754001] (-) TimerEvent: {}
[21.854207] (-) TimerEvent: {}
[21.954430] (-) TimerEvent: {}
[22.054709] (-) TimerEvent: {}
[22.154966] (-) TimerEvent: {}
[22.255230] (-) TimerEvent: {}
[22.355466] (-) TimerEvent: {}
[22.455697] (-) TimerEvent: {}
[22.555875] (-) TimerEvent: {}
[22.656018] (-) TimerEvent: {}
[22.756214] (-) TimerEvent: {}
[22.856452] (-) TimerEvent: {}
[22.956664] (-) TimerEvent: {}
[23.056887] (-) TimerEvent: {}
[23.157110] (-) TimerEvent: {}
[23.257343] (-) TimerEvent: {}
[23.357565] (-) TimerEvent: {}
[23.457753] (-) TimerEvent: {}
[23.557957] (-) TimerEvent: {}
[23.658152] (-) TimerEvent: {}
[23.758338] (-) TimerEvent: {}
[23.858559] (-) TimerEvent: {}
[23.958881] (-) TimerEvent: {}
[24.059166] (-) TimerEvent: {}
[24.159396] (-) TimerEvent: {}
[24.259704] (-) TimerEvent: {}
[24.359967] (-) TimerEvent: {}
[24.460290] (-) TimerEvent: {}
[24.560547] (-) TimerEvent: {}
[24.660792] (-) TimerEvent: {}
[24.761095] (-) TimerEvent: {}
[24.861377] (-) TimerEvent: {}
[24.961669] (-) TimerEvent: {}
[25.061915] (-) TimerEvent: {}
[25.162134] (-) TimerEvent: {}
[25.262336] (-) TimerEvent: {}
[25.362573] (-) TimerEvent: {}
[25.462809] (-) TimerEvent: {}
[25.563164] (-) TimerEvent: {}
[25.663393] (-) TimerEvent: {}
[25.763627] (-) TimerEvent: {}
[25.863925] (-) TimerEvent: {}
[25.964215] (-) TimerEvent: {}
[26.064454] (-) TimerEvent: {}
[26.164704] (-) TimerEvent: {}
[26.265002] (-) TimerEvent: {}
[26.365274] (-) TimerEvent: {}
[26.465527] (-) TimerEvent: {}
[26.565766] (-) TimerEvent: {}
[26.665929] (-) TimerEvent: {}
[26.766131] (-) TimerEvent: {}
[26.866376] (-) TimerEvent: {}
[26.966625] (-) TimerEvent: {}
[27.066859] (-) TimerEvent: {}
[27.167111] (-) TimerEvent: {}
[27.267369] (-) TimerEvent: {}
[27.367600] (-) TimerEvent: {}
[27.467948] (-) TimerEvent: {}
[27.568186] (-) TimerEvent: {}
[27.668387] (-) TimerEvent: {}
[27.768588] (-) TimerEvent: {}
[27.868814] (-) TimerEvent: {}
[27.969067] (-) TimerEvent: {}
[28.069278] (-) TimerEvent: {}
[28.169498] (-) TimerEvent: {}
[28.269733] (-) TimerEvent: {}
[28.369997] (-) TimerEvent: {}
[28.470197] (-) TimerEvent: {}
[28.570385] (-) TimerEvent: {}
[28.670590] (-) TimerEvent: {}
[28.770780] (-) TimerEvent: {}
[28.871001] (-) TimerEvent: {}
[28.971250] (-) TimerEvent: {}
[29.071451] (-) TimerEvent: {}
[29.171693] (-) TimerEvent: {}
[29.271920] (-) TimerEvent: {}
[29.372132] (-) TimerEvent: {}
[29.472332] (-) TimerEvent: {}
[29.572571] (-) TimerEvent: {}
[29.672837] (-) TimerEvent: {}
[29.773017] (-) TimerEvent: {}
[29.873229] (-) TimerEvent: {}
[29.973462] (-) TimerEvent: {}
[30.073706] (-) TimerEvent: {}
[30.173976] (-) TimerEvent: {}
[30.274215] (-) TimerEvent: {}
[30.374421] (-) TimerEvent: {}
[30.474649] (-) TimerEvent: {}
[30.574853] (-) TimerEvent: {}
[30.675084] (-) TimerEvent: {}
[30.775269] (-) TimerEvent: {}
[30.875510] (-) TimerEvent: {}
[30.975749] (-) TimerEvent: {}
[31.076023] (-) TimerEvent: {}
[31.106555] (orbbec_camera_msgs) CommandEnded: {'returncode': 0}
[31.107276] (orbbec_camera_msgs) JobProgress: {'identifier': 'orbbec_camera_msgs', 'progress': 'build'}
[31.107665] (orbbec_camera_msgs) Command: {'cmd': ['/usr/bin/cmake', '--build', '/home/sophie/isaac_lab/isaac_ws/rl_code/soarm100sim/third_party/orbbec_293_ws/build/orbbec_camera_msgs', '--', '-j32', '-l32'], 'cwd': '/home/sophie/isaac_lab/isaac_ws/rl_code/soarm100sim/third_party/orbbec_293_ws/build/orbbec_camera_msgs', 'env': OrderedDict([('USER', 'sophie'), ('SHLVL', '0'), ('LD_LIBRARY_PATH', '/usr/lib/x86_64-linux-gnu/gazebo-11/plugins:/opt/ros/humble/opt/rviz_ogre_vendor/lib:/opt/ros/humble/lib/x86_64-linux-gnu:/opt/ros/humble/lib'), ('HOME', '/home/sophie'), ('ROS_PYTHON_VERSION', '3'), ('ROS_DISTRO', 'humble'), ('_', '/usr/bin/colcon'), ('ROS_VERSION', '2'), ('ROS_LOCALHOST_ONLY', '0'), ('PATH', '/opt/ros/humble/bin:/usr/local/sbin:/usr/local/bin:/usr/sbin:/usr/bin:/sbin:/bin'), ('LANG', 'C.UTF-8'), ('AMENT_PREFIX_PATH', '/opt/ros/humble'), ('PWD', '/home/sophie/isaac_lab/isaac_ws/rl_code/soarm100sim/third_party/orbbec_293_ws/build/orbbec_camera_msgs'), ('PYTHONPATH', '/opt/ros/humble/lib/python3.10/site-packages:/opt/ros/humble/local/lib/python3.10/dist-packages'), ('COLCON', '1'), ('CMAKE_PREFIX_PATH', '/opt/ros/humble')]), 'shell': False}
[31.172035] (orbbec_camera_msgs) StdoutLine: {'line': b'[  1%] Generating C code for ROS interfaces\n'}
[31.176027] (-) TimerEvent: {}
[31.179150] (orbbec_camera_msgs) StdoutLine: {'line': b'[  2%] Generating Rust code for ROS interfaces\n'}
[31.181253] (orbbec_camera_msgs) StdoutLine: {'line': b'[  2%] Generating C++ code for ROS interfaces\n'}
[31.185471] (orbbec_camera_msgs) StdoutLine: {'line': b'[  2%] Built target ament_cmake_python_copy_orbbec_camera_msgs\n'}
[31.276190] (-) TimerEvent: {}
[31.352021] (orbbec_camera_msgs) StdoutLine: {'line': b'running egg_info\n'}
[31.352325] (orbbec_camera_msgs) StdoutLine: {'line': b'creating orbbec_camera_msgs.egg-info\n'}
[31.352498] (orbbec_camera_msgs) StdoutLine: {'line': b'writing orbbec_camera_msgs.egg-info/PKG-INFO\n'}
[31.352530] (orbbec_camera_msgs) StdoutLine: {'line': b'writing dependency_links to orbbec_camera_msgs.egg-info/dependency_links.txt\n'}
[31.352666] (orbbec_camera_msgs) StdoutLine: {'line': b'writing top-level names to orbbec_camera_msgs.egg-info/top_level.txt\n'}
[31.352697] (orbbec_camera_msgs) StdoutLine: {'line': b"writing manifest file 'orbbec_camera_msgs.egg-info/SOURCES.txt'\n"}
[31.353963] (orbbec_camera_msgs) StdoutLine: {'line': b"reading manifest file 'orbbec_camera_msgs.egg-info/SOURCES.txt'\n"}
[31.354281] (orbbec_camera_msgs) StdoutLine: {'line': b"writing manifest file 'orbbec_camera_msgs.egg-info/SOURCES.txt'\n"}
[31.371213] (orbbec_camera_msgs) StdoutLine: {'line': b'[  2%] Built target ament_cmake_python_build_orbbec_camera_msgs_egg\n'}
[31.376243] (-) TimerEvent: {}
[31.476374] (-) TimerEvent: {}
[31.576525] (-) TimerEvent: {}
[31.676677] (-) TimerEvent: {}
[31.693254] (orbbec_camera_msgs) StdoutLine: {'line': b'[  2%] Built target orbbec_camera_msgs__rs\n'}
[31.776795] (-) TimerEvent: {}
[31.877053] (-) TimerEvent: {}
[31.977183] (-) TimerEvent: {}
[32.077356] (-) TimerEvent: {}
[32.177556] (-) TimerEvent: {}
[32.277706] (-) TimerEvent: {}
[32.328488] (orbbec_camera_msgs) StdoutLine: {'line': b'[  3%] Building C object CMakeFiles/orbbec_camera_msgs__rosidl_generator_c.dir/rosidl_generator_c/orbbec_camera_msgs/msg/detail/depth_filter_state__functions.c.o\n'}
[32.328679] (orbbec_camera_msgs) StdoutLine: {'line': b'[  3%] Building C object CMakeFiles/orbbec_camera_msgs__rosidl_generator_c.dir/rosidl_generator_c/orbbec_camera_msgs/msg/detail/depth_filter_param__functions.c.o\n'}
[32.328925] (orbbec_camera_msgs) StdoutLine: {'line': b'[  3%] Building C object CMakeFiles/orbbec_camera_msgs__rosidl_generator_c.dir/rosidl_generator_c/orbbec_camera_msgs/msg/detail/device_info__functions.c.o\n'}
[32.329077] (orbbec_camera_msgs) StdoutLine: {'line': b'[  3%] Building C object CMakeFiles/orbbec_camera_msgs__rosidl_generator_c.dir/rosidl_generator_c/orbbec_camera_msgs/msg/detail/depth_filters_status__functions.c.o\n'}
[32.329216] (orbbec_camera_msgs) StdoutLine: {'line': b'[  3%] Building C object CMakeFiles/orbbec_camera_msgs__rosidl_generator_c.dir/rosidl_generator_c/orbbec_camera_msgs/msg/detail/metadata__functions.c.o\n'}
[32.329469] (orbbec_camera_msgs) StdoutLine: {'line': b'[  4%] Building C object CMakeFiles/orbbec_camera_msgs__rosidl_generator_c.dir/rosidl_generator_c/orbbec_camera_msgs/srv/detail/get_device_info__functions.c.o\n'}
[32.329597] (orbbec_camera_msgs) StdoutLine: {'line': b'[  5%] Building C object CMakeFiles/orbbec_camera_msgs__rosidl_generator_c.dir/rosidl_generator_c/orbbec_camera_msgs/msg/detail/device_status__functions.c.o\n'}
[32.329677] (orbbec_camera_msgs) StdoutLine: {'line': b'[  6%] Building C object CMakeFiles/orbbec_camera_msgs__rosidl_generator_c.dir/rosidl_generator_c/orbbec_camera_msgs/msg/detail/extrinsics__functions.c.o\n'}
[32.329745] (orbbec_camera_msgs) StdoutLine: {'line': b'[  6%] Building C object CMakeFiles/orbbec_camera_msgs__rosidl_generator_c.dir/rosidl_generator_c/orbbec_camera_msgs/msg/detail/rgbd__functions.c.o\n'}
[32.329812] (orbbec_camera_msgs) StdoutLine: {'line': b'[  6%] Building C object CMakeFiles/orbbec_camera_msgs__rosidl_generator_c.dir/rosidl_generator_c/orbbec_camera_msgs/srv/detail/get_bool__functions.c.o\n'}
[32.329876] (orbbec_camera_msgs) StdoutLine: {'line': b'[  7%] Building C object CMakeFiles/orbbec_camera_msgs__rosidl_generator_c.dir/rosidl_generator_c/orbbec_camera_msgs/srv/detail/get_int32__functions.c.o\n'}
[32.330102] (orbbec_camera_msgs) StdoutLine: {'line': b'[  8%] Building C object CMakeFiles/orbbec_camera_msgs__rosidl_generator_c.dir/rosidl_generator_c/orbbec_camera_msgs/srv/detail/set_filter__functions.c.o\n'}
[32.330223] (orbbec_camera_msgs) StdoutLine: {'line': b'[  8%] Building C object CMakeFiles/orbbec_camera_msgs__rosidl_generator_c.dir/rosidl_generator_c/orbbec_camera_msgs/srv/detail/get_camera_info__functions.c.o\n'}
[32.330425] (orbbec_camera_msgs) StdoutLine: {'line': b'[  9%] Building C object CMakeFiles/orbbec_camera_msgs__rosidl_generator_c.dir/rosidl_generator_c/orbbec_camera_msgs/msg/detail/stream_profile__functions.c.o\n'}
[32.330495] (orbbec_camera_msgs) StdoutLine: {'line': b'[  9%] Building C object CMakeFiles/orbbec_camera_msgs__rosidl_generator_c.dir/rosidl_generator_c/orbbec_camera_msgs/srv/detail/set_arrays__functions.c.o\n'}
[32.330672] (orbbec_camera_msgs) StdoutLine: {'line': b'[  9%] Building C object CMakeFiles/orbbec_camera_msgs__rosidl_generator_c.dir/rosidl_generator_c/orbbec_camera_msgs/srv/detail/get_device_config__functions.c.o\n'}
[32.330965] (orbbec_camera_msgs) StdoutLine: {'line': b'[  9%] Building C object CMakeFiles/orbbec_camera_msgs__rosidl_generator_c.dir/rosidl_generator_c/orbbec_camera_msgs/srv/detail/get_string__functions.c.o\n'}
[32.331052] (orbbec_camera_msgs) StdoutLine: {'line': b'[ 10%] Building C object CMakeFiles/orbbec_camera_msgs__rosidl_generator_c.dir/rosidl_generator_c/orbbec_camera_msgs/srv/detail/set_string__functions.c.o\n'}
[32.331248] (orbbec_camera_msgs) StdoutLine: {'line': b'[ 11%] Building C object CMakeFiles/orbbec_camera_msgs__rosidl_generator_c.dir/rosidl_generator_c/orbbec_camera_msgs/msg/detail/imu_info__functions.c.o\n'}
[32.331422] (orbbec_camera_msgs) StdoutLine: {'line': b'[ 11%] Building C object CMakeFiles/orbbec_camera_msgs__rosidl_generator_c.dir/rosidl_generator_c/orbbec_camera_msgs/srv/detail/set_int32__functions.c.o\n'}
[32.331833] (orbbec_camera_msgs) StdoutLine: {'line': b'[ 11%] Building C object CMakeFiles/orbbec_camera_msgs__rosidl_generator_c.dir/rosidl_generator_c/orbbec_camera_msgs/srv/detail/set_stream_profile__functions.c.o\n'}
[32.332752] (orbbec_camera_msgs) StdoutLine: {'line': b'[ 11%] Building C object CMakeFiles/orbbec_camera_msgs__rosidl_generator_c.dir/rosidl_generator_c/orbbec_camera_msgs/srv/detail/set_user_calib_params__functions.c.o\n'}
[32.333122] (orbbec_camera_msgs) StdoutLine: {'line': b'[ 12%] Building C object CMakeFiles/orbbec_camera_msgs__rosidl_generator_c.dir/rosidl_generator_c/orbbec_camera_msgs/srv/detail/get_user_calib_params__functions.c.o\n'}
[32.333243] (orbbec_camera_msgs) StdoutLine: {'line': b'[ 13%] Building C object CMakeFiles/orbbec_camera_msgs__rosidl_generator_c.dir/rosidl_generator_c/orbbec_camera_msgs/srv/detail/set_bag_recording__functions.c.o\n'}
[32.334050] (orbbec_camera_msgs) StdoutLine: {'line': b'[ 13%] Built target orbbec_camera_msgs__cpp\n'}
[32.344640] (orbbec_camera_msgs) StdoutLine: {'line': b'[ 13%] Generating C++ type support for eProsima Fast-RTPS\n'}
[32.344810] (orbbec_camera_msgs) StdoutLine: {'line': b'[ 13%] Generating C++ type support dispatch for ROS interfaces\n'}
[32.344878] (orbbec_camera_msgs) StdoutLine: {'line': b'[ 13%] Generating C++ introspection for ROS interfaces\n'}
[32.377799] (-) TimerEvent: {}
[32.470919] (orbbec_camera_msgs) StdoutLine: {'line': b'[ 13%] Linking C shared library liborbbec_camera_msgs__rosidl_generator_c.so\n'}
[32.477916] (-) TimerEvent: {}
[32.504900] (orbbec_camera_msgs) StdoutLine: {'line': b'[ 13%] Built target orbbec_camera_msgs__rosidl_generator_c\n'}
[32.513336] (orbbec_camera_msgs) StdoutLine: {'line': b'[ 14%] Generating C type support dispatch for ROS interfaces\n'}
[32.515178] (orbbec_camera_msgs) StdoutLine: {'line': b'[ 16%] Generating C introspection for ROS interfaces\n'}
[32.515275] (orbbec_camera_msgs) StdoutLine: {'line': b'[ 16%] Generating C type support for eProsima Fast-RTPS\n'}
[32.578077] (-) TimerEvent: {}
[32.678225] (-) TimerEvent: {}
[32.778406] (-) TimerEvent: {}
[32.878558] (-) TimerEvent: {}
[32.978712] (-) TimerEvent: {}
[33.064089] (orbbec_camera_msgs) StdoutLine: {'line': b'[ 17%] Building CXX object CMakeFiles/orbbec_camera_msgs__rosidl_typesupport_cpp.dir/rosidl_typesupport_cpp/orbbec_camera_msgs/msg/device_status__type_support.cpp.o\n'}
[33.064227] (orbbec_camera_msgs) StdoutLine: {'line': b'[ 17%] Building CXX object CMakeFiles/orbbec_camera_msgs__rosidl_typesupport_cpp.dir/rosidl_typesupport_cpp/orbbec_camera_msgs/msg/depth_filter_param__type_support.cpp.o\n'}
[33.064409] (orbbec_camera_msgs) StdoutLine: {'line': b'[ 18%] Building CXX object CMakeFiles/orbbec_camera_msgs__rosidl_typesupport_cpp.dir/rosidl_typesupport_cpp/orbbec_camera_msgs/msg/device_info__type_support.cpp.o\n'}
[33.065556] (orbbec_camera_msgs) StdoutLine: {'line': b'[ 19%] Building CXX object CMakeFiles/orbbec_camera_msgs__rosidl_typesupport_cpp.dir/rosidl_typesupport_cpp/orbbec_camera_msgs/msg/depth_filter_state__type_support.cpp.o\n'}
[33.065676] (orbbec_camera_msgs) StdoutLine: {'line': b'[ 20%] Building CXX object CMakeFiles/orbbec_camera_msgs__rosidl_typesupport_cpp.dir/rosidl_typesupport_cpp/orbbec_camera_msgs/srv/get_bool__type_support.cpp.o\n'}
[33.065726] (orbbec_camera_msgs) StdoutLine: {'line': b'[ 20%] Building CXX object CMakeFiles/orbbec_camera_msgs__rosidl_typesupport_cpp.dir/rosidl_typesupport_cpp/orbbec_camera_msgs/srv/get_device_config__type_support.cpp.o\n'}
[33.065767] (orbbec_camera_msgs) StdoutLine: {'line': b'[ 20%] Building CXX object CMakeFiles/orbbec_camera_msgs__rosidl_typesupport_cpp.dir/rosidl_typesupport_cpp/orbbec_camera_msgs/msg/depth_filters_status__type_support.cpp.o\n'}
[33.065807] (orbbec_camera_msgs) StdoutLine: {'line': b'[ 20%] Building CXX object CMakeFiles/orbbec_camera_msgs__rosidl_typesupport_cpp.dir/rosidl_typesupport_cpp/orbbec_camera_msgs/msg/extrinsics__type_support.cpp.o\n'}
[33.065845] (orbbec_camera_msgs) StdoutLine: {'line': b'[ 21%] Building CXX object CMakeFiles/orbbec_camera_msgs__rosidl_typesupport_cpp.dir/rosidl_typesupport_cpp/orbbec_camera_msgs/msg/metadata__type_support.cpp.o\n'}
[33.065884] (orbbec_camera_msgs) StdoutLine: {'line': b'[ 21%] Building CXX object CMakeFiles/orbbec_camera_msgs__rosidl_typesupport_cpp.dir/rosidl_typesupport_cpp/orbbec_camera_msgs/msg/imu_info__type_support.cpp.o\n'}
[33.066112] (orbbec_camera_msgs) StdoutLine: {'line': b'[ 22%] Building CXX object CMakeFiles/orbbec_camera_msgs__rosidl_typesupport_cpp.dir/rosidl_typesupport_cpp/orbbec_camera_msgs/msg/rgbd__type_support.cpp.o\n'}
[33.066168] (orbbec_camera_msgs) StdoutLine: {'line': b'[ 22%] Building CXX object CMakeFiles/orbbec_camera_msgs__rosidl_typesupport_cpp.dir/rosidl_typesupport_cpp/orbbec_camera_msgs/srv/get_int32__type_support.cpp.o\n'}
[33.066211] (orbbec_camera_msgs) StdoutLine: {'line': b'[ 24%] Building CXX object CMakeFiles/orbbec_camera_msgs__rosidl_typesupport_cpp.dir/rosidl_typesupport_cpp/orbbec_camera_msgs/srv/get_string__type_support.cpp.o\n'}
[33.066580] (orbbec_camera_msgs) StdoutLine: {'line': b'[ 24%] Building CXX object CMakeFiles/orbbec_camera_msgs__rosidl_typesupport_cpp.dir/rosidl_typesupport_cpp/orbbec_camera_msgs/srv/get_camera_info__type_support.cpp.o\n'}
[33.066676] (orbbec_camera_msgs) StdoutLine: {'line': b'[ 24%] Building CXX object CMakeFiles/orbbec_camera_msgs__rosidl_typesupport_cpp.dir/rosidl_typesupport_cpp/orbbec_camera_msgs/srv/set_filter__type_support.cpp.o\n'}
[33.066747] (orbbec_camera_msgs) StdoutLine: {'line': b'[ 24%] Building CXX object CMakeFiles/orbbec_camera_msgs__rosidl_typesupport_cpp.dir/rosidl_typesupport_cpp/orbbec_camera_msgs/msg/stream_profile__type_support.cpp.o\n'}
[33.066911] (orbbec_camera_msgs) StdoutLine: {'line': b'[ 24%] Building CXX object CMakeFiles/orbbec_camera_msgs__rosidl_typesupport_cpp.dir/rosidl_typesupport_cpp/orbbec_camera_msgs/srv/get_device_info__type_support.cpp.o\n'}
[33.066982] (orbbec_camera_msgs) StdoutLine: {'line': b'[ 25%] Building CXX object CMakeFiles/orbbec_camera_msgs__rosidl_typesupport_cpp.dir/rosidl_typesupport_cpp/orbbec_camera_msgs/srv/set_int32__type_support.cpp.o\n'}
[33.067224] (orbbec_camera_msgs) StdoutLine: {'line': b'[ 26%] Building CXX object CMakeFiles/orbbec_camera_msgs__rosidl_typesupport_cpp.dir/rosidl_typesupport_cpp/orbbec_camera_msgs/srv/set_stream_profile__type_support.cpp.o\n'}
[33.067625] (orbbec_camera_msgs) StdoutLine: {'line': b'[ 26%] Building CXX object CMakeFiles/orbbec_camera_msgs__rosidl_typesupport_cpp.dir/rosidl_typesupport_cpp/orbbec_camera_msgs/srv/set_string__type_support.cpp.o\n'}
[33.067736] (orbbec_camera_msgs) StdoutLine: {'line': b'[ 26%] Building CXX object CMakeFiles/orbbec_camera_msgs__rosidl_typesupport_cpp.dir/rosidl_typesupport_cpp/orbbec_camera_msgs/srv/get_user_calib_params__type_support.cpp.o\n'}
[33.067900] (orbbec_camera_msgs) StdoutLine: {'line': b'[ 27%] Building CXX object CMakeFiles/orbbec_camera_msgs__rosidl_typesupport_cpp.dir/rosidl_typesupport_cpp/orbbec_camera_msgs/srv/set_arrays__type_support.cpp.o\n'}
[33.067978] (orbbec_camera_msgs) StdoutLine: {'line': b'[ 27%] Building CXX object CMakeFiles/orbbec_camera_msgs__rosidl_typesupport_cpp.dir/rosidl_typesupport_cpp/orbbec_camera_msgs/srv/set_bag_recording__type_support.cpp.o\n'}
[33.068105] (orbbec_camera_msgs) StdoutLine: {'line': b'[ 28%] Building CXX object CMakeFiles/orbbec_camera_msgs__rosidl_typesupport_cpp.dir/rosidl_typesupport_cpp/orbbec_camera_msgs/srv/set_user_calib_params__type_support.cpp.o\n'}
[33.079085] (-) TimerEvent: {}
[33.179255] (-) TimerEvent: {}
[33.279433] (-) TimerEvent: {}
[33.332051] (orbbec_camera_msgs) StdoutLine: {'line': b'[ 28%] Building CXX object CMakeFiles/orbbec_camera_msgs__rosidl_typesupport_c.dir/rosidl_typesupport_c/orbbec_camera_msgs/msg/device_info__type_support.cpp.o\n'}
[33.332240] (orbbec_camera_msgs) StdoutLine: {'line': b'[ 28%] Building CXX object CMakeFiles/orbbec_camera_msgs__rosidl_typesupport_c.dir/rosidl_typesupport_c/orbbec_camera_msgs/msg/device_status__type_support.cpp.o\n'}
[33.334663] (orbbec_camera_msgs) StdoutLine: {'line': b'[ 29%] Building CXX object CMakeFiles/orbbec_camera_msgs__rosidl_typesupport_c.dir/rosidl_typesupport_c/orbbec_camera_msgs/msg/depth_filter_param__type_support.cpp.o\n'}
[33.342032] (orbbec_camera_msgs) StdoutLine: {'line': b'[ 29%] Building CXX object CMakeFiles/orbbec_camera_msgs__rosidl_typesupport_c.dir/rosidl_typesupport_c/orbbec_camera_msgs/msg/depth_filter_state__type_support.cpp.o\n'}
[33.342235] (orbbec_camera_msgs) StdoutLine: {'line': b'[ 30%] Building CXX object CMakeFiles/orbbec_camera_msgs__rosidl_typesupport_c.dir/rosidl_typesupport_c/orbbec_camera_msgs/msg/depth_filters_status__type_support.cpp.o\n'}
[33.342389] (orbbec_camera_msgs) StdoutLine: {'line': b'[ 31%] Building CXX object CMakeFiles/orbbec_camera_msgs__rosidl_typesupport_c.dir/rosidl_typesupport_c/orbbec_camera_msgs/msg/metadata__type_support.cpp.o\n'}
[33.342443] (orbbec_camera_msgs) StdoutLine: {'line': b'[ 31%] Building CXX object CMakeFiles/orbbec_camera_msgs__rosidl_typesupport_c.dir/rosidl_typesupport_c/orbbec_camera_msgs/msg/extrinsics__type_support.cpp.o\n'}
[33.342579] (orbbec_camera_msgs) StdoutLine: {'line': b'[ 32%] Building CXX object CMakeFiles/orbbec_camera_msgs__rosidl_typesupport_c.dir/rosidl_typesupport_c/orbbec_camera_msgs/srv/get_bool__type_support.cpp.o\n'}
[33.342673] (orbbec_camera_msgs) StdoutLine: {'line': b'[ 32%] Building CXX object CMakeFiles/orbbec_camera_msgs__rosidl_typesupport_c.dir/rosidl_typesupport_c/orbbec_camera_msgs/msg/imu_info__type_support.cpp.o\n'}
[33.343757] (orbbec_camera_msgs) StdoutLine: {'line': b'[ 32%] Building CXX object CMakeFiles/orbbec_camera_msgs__rosidl_typesupport_c.dir/rosidl_typesupport_c/orbbec_camera_msgs/srv/get_camera_info__type_support.cpp.o\n'}
[33.344067] (orbbec_camera_msgs) StdoutLine: {'line': b'[ 32%] Building CXX object CMakeFiles/orbbec_camera_msgs__rosidl_typesupport_c.dir/rosidl_typesupport_c/orbbec_camera_msgs/srv/get_device_config__type_support.cpp.o\n'}
[33.344124] (orbbec_camera_msgs) StdoutLine: {'line': b'[ 32%] Building CXX object CMakeFiles/orbbec_camera_msgs__rosidl_typesupport_c.dir/rosidl_typesupport_c/orbbec_camera_msgs/msg/stream_profile__type_support.cpp.o\n'}
[33.345863] (orbbec_camera_msgs) StdoutLine: {'line': b'[ 33%] Building CXX object CMakeFiles/orbbec_camera_msgs__rosidl_typesupport_c.dir/rosidl_typesupport_c/orbbec_camera_msgs/srv/get_device_info__type_support.cpp.o\n'}
[33.346028] (orbbec_camera_msgs) StdoutLine: {'line': b'[ 34%] Building CXX object CMakeFiles/orbbec_camera_msgs__rosidl_typesupport_c.dir/rosidl_typesupport_c/orbbec_camera_msgs/msg/rgbd__type_support.cpp.o\n'}
[33.353876] (orbbec_camera_msgs) StdoutLine: {'line': b'[ 34%] Building CXX object CMakeFiles/orbbec_camera_msgs__rosidl_typesupport_c.dir/rosidl_typesupport_c/orbbec_camera_msgs/srv/get_int32__type_support.cpp.o\n'}
[33.354087] (orbbec_camera_msgs) StdoutLine: {'line': b'[ 35%] Building CXX object CMakeFiles/orbbec_camera_msgs__rosidl_typesupport_c.dir/rosidl_typesupport_c/orbbec_camera_msgs/srv/get_string__type_support.cpp.o\n'}
[33.354290] (orbbec_camera_msgs) StdoutLine: {'line': b'[ 35%] Building CXX object CMakeFiles/orbbec_camera_msgs__rosidl_typesupport_c.dir/rosidl_typesupport_c/orbbec_camera_msgs/srv/set_filter__type_support.cpp.o\n'}
[33.354653] (orbbec_camera_msgs) StdoutLine: {'line': b'[ 36%] Building CXX object CMakeFiles/orbbec_camera_msgs__rosidl_typesupport_c.dir/rosidl_typesupport_c/orbbec_camera_msgs/srv/set_int32__type_support.cpp.o\n'}
[33.355366] (orbbec_camera_msgs) StdoutLine: {'line': b'[ 37%] Building CXX object CMakeFiles/orbbec_camera_msgs__rosidl_typesupport_c.dir/rosidl_typesupport_c/orbbec_camera_msgs/srv/set_arrays__type_support.cpp.o\n'}
[33.355468] (orbbec_camera_msgs) StdoutLine: {'line': b'[ 37%] Building CXX object CMakeFiles/orbbec_camera_msgs__rosidl_typesupport_c.dir/rosidl_typesupport_c/orbbec_camera_msgs/srv/set_string__type_support.cpp.o\n'}
[33.355518] (orbbec_camera_msgs) StdoutLine: {'line': b'[ 37%] Building CXX object CMakeFiles/orbbec_camera_msgs__rosidl_typesupport_c.dir/rosidl_typesupport_c/orbbec_camera_msgs/srv/get_user_calib_params__type_support.cpp.o\n'}
[33.357314] (orbbec_camera_msgs) StdoutLine: {'line': b'[ 38%] Building CXX object CMakeFiles/orbbec_camera_msgs__rosidl_typesupport_c.dir/rosidl_typesupport_c/orbbec_camera_msgs/srv/set_user_calib_params__type_support.cpp.o\n'}
[33.358481] (orbbec_camera_msgs) StdoutLine: {'line': b'[ 38%] Building CXX object CMakeFiles/orbbec_camera_msgs__rosidl_typesupport_c.dir/rosidl_typesupport_c/orbbec_camera_msgs/srv/set_bag_recording__type_support.cpp.o\n'}
[33.360784] (orbbec_camera_msgs) StdoutLine: {'line': b'[ 39%] Building CXX object CMakeFiles/orbbec_camera_msgs__rosidl_typesupport_c.dir/rosidl_typesupport_c/orbbec_camera_msgs/srv/set_stream_profile__type_support.cpp.o\n'}
[33.364534] (orbbec_camera_msgs) StdoutLine: {'line': b'[ 40%] Building CXX object CMakeFiles/orbbec_camera_msgs__rosidl_typesupport_introspection_cpp.dir/rosidl_typesupport_introspection_cpp/orbbec_camera_msgs/msg/detail/device_info__type_support.cpp.o\n'}
[33.365157] (orbbec_camera_msgs) StdoutLine: {'line': b'[ 41%] Building CXX object CMakeFiles/orbbec_camera_msgs__rosidl_typesupport_introspection_cpp.dir/rosidl_typesupport_introspection_cpp/orbbec_camera_msgs/msg/detail/depth_filter_param__type_support.cpp.o\n'}
[33.365373] (orbbec_camera_msgs) StdoutLine: {'line': b'[ 42%] Building CXX object CMakeFiles/orbbec_camera_msgs__rosidl_typesupport_introspection_cpp.dir/rosidl_typesupport_introspection_cpp/orbbec_camera_msgs/msg/detail/depth_filters_status__type_support.cpp.o\n'}
[33.365445] (orbbec_camera_msgs) StdoutLine: {'line': b'[ 42%] Building CXX object CMakeFiles/orbbec_camera_msgs__rosidl_typesupport_introspection_cpp.dir/rosidl_typesupport_introspection_cpp/orbbec_camera_msgs/msg/detail/device_status__type_support.cpp.o\n'}
[33.365598] (orbbec_camera_msgs) StdoutLine: {'line': b'[ 42%] Building CXX object CMakeFiles/orbbec_camera_msgs__rosidl_typesupport_introspection_cpp.dir/rosidl_typesupport_introspection_cpp/orbbec_camera_msgs/msg/detail/depth_filter_state__type_support.cpp.o\n'}
[33.374029] (orbbec_camera_msgs) StdoutLine: {'line': b'[ 42%] Building CXX object CMakeFiles/orbbec_camera_msgs__rosidl_typesupport_introspection_cpp.dir/rosidl_typesupport_introspection_cpp/orbbec_camera_msgs/msg/detail/extrinsics__type_support.cpp.o\n'}
[33.374208] (orbbec_camera_msgs) StdoutLine: {'line': b'[ 43%] Building CXX object CMakeFiles/orbbec_camera_msgs__rosidl_typesupport_introspection_cpp.dir/rosidl_typesupport_introspection_cpp/orbbec_camera_msgs/msg/detail/metadata__type_support.cpp.o\n'}
[33.374278] (orbbec_camera_msgs) StdoutLine: {'line': b'[ 44%] Building CXX object CMakeFiles/orbbec_camera_msgs__rosidl_typesupport_introspection_cpp.dir/rosidl_typesupport_introspection_cpp/orbbec_camera_msgs/msg/detail/stream_profile__type_support.cpp.o\n'}
[33.374342] (orbbec_camera_msgs) StdoutLine: {'line': b'[ 44%] Building CXX object CMakeFiles/orbbec_camera_msgs__rosidl_typesupport_introspection_cpp.dir/rosidl_typesupport_introspection_cpp/orbbec_camera_msgs/msg/detail/rgbd__type_support.cpp.o\n'}
[33.374402] (orbbec_camera_msgs) StdoutLine: {'line': b'[ 45%] Building CXX object CMakeFiles/orbbec_camera_msgs__rosidl_typesupport_introspection_cpp.dir/rosidl_typesupport_introspection_cpp/orbbec_camera_msgs/srv/detail/get_bool__type_support.cpp.o\n'}
[33.374459] (orbbec_camera_msgs) StdoutLine: {'line': b'[ 45%] Building CXX object CMakeFiles/orbbec_camera_msgs__rosidl_typesupport_introspection_cpp.dir/rosidl_typesupport_introspection_cpp/orbbec_camera_msgs/msg/detail/imu_info__type_support.cpp.o\n'}
[33.377589] (orbbec_camera_msgs) StdoutLine: {'line': b'[ 45%] Building CXX object CMakeFiles/orbbec_camera_msgs__rosidl_typesupport_introspection_cpp.dir/rosidl_typesupport_introspection_cpp/orbbec_camera_msgs/srv/detail/get_device_info__type_support.cpp.o\n'}
[33.377761] (orbbec_camera_msgs) StdoutLine: {'line': b'[ 45%] Building CXX object CMakeFiles/orbbec_camera_msgs__rosidl_typesupport_introspection_cpp.dir/rosidl_typesupport_introspection_cpp/orbbec_camera_msgs/srv/detail/get_int32__type_support.cpp.o\n'}
[33.381134] (-) TimerEvent: {}
[33.381176] (orbbec_camera_msgs) StdoutLine: {'line': b'[ 45%] Building CXX object CMakeFiles/orbbec_camera_msgs__rosidl_typesupport_introspection_cpp.dir/rosidl_typesupport_introspection_cpp/orbbec_camera_msgs/srv/detail/get_device_config__type_support.cpp.o\n'}
[33.381264] (orbbec_camera_msgs) StdoutLine: {'line': b'[ 47%] Building CXX object CMakeFiles/orbbec_camera_msgs__rosidl_typesupport_introspection_cpp.dir/rosidl_typesupport_introspection_cpp/orbbec_camera_msgs/srv/detail/get_string__type_support.cpp.o\n'}
[33.381331] (orbbec_camera_msgs) StdoutLine: {'line': b'[ 47%] Building CXX object CMakeFiles/orbbec_camera_msgs__rosidl_typesupport_introspection_cpp.dir/rosidl_typesupport_introspection_cpp/orbbec_camera_msgs/srv/detail/get_camera_info__type_support.cpp.o\n'}
[33.381401] (orbbec_camera_msgs) StdoutLine: {'line': b'[ 47%] Building CXX object CMakeFiles/orbbec_camera_msgs__rosidl_typesupport_introspection_cpp.dir/rosidl_typesupport_introspection_cpp/orbbec_camera_msgs/srv/detail/set_filter__type_support.cpp.o\n'}
[33.385999] (orbbec_camera_msgs) StdoutLine: {'line': b'[ 48%] Building CXX object CMakeFiles/orbbec_camera_msgs__rosidl_typesupport_introspection_cpp.dir/rosidl_typesupport_introspection_cpp/orbbec_camera_msgs/srv/detail/set_string__type_support.cpp.o\n'}
[33.386128] (orbbec_camera_msgs) StdoutLine: {'line': b'[ 48%] Building CXX object CMakeFiles/orbbec_camera_msgs__rosidl_typesupport_introspection_cpp.dir/rosidl_typesupport_introspection_cpp/orbbec_camera_msgs/srv/detail/get_user_calib_params__type_support.cpp.o\n'}
[33.386172] (orbbec_camera_msgs) StdoutLine: {'line': b'[ 48%] Building CXX object CMakeFiles/orbbec_camera_msgs__rosidl_typesupport_introspection_cpp.dir/rosidl_typesupport_introspection_cpp/orbbec_camera_msgs/srv/detail/set_int32__type_support.cpp.o\n'}
[33.386868] (orbbec_camera_msgs) StdoutLine: {'line': b'[ 49%] Building CXX object CMakeFiles/orbbec_camera_msgs__rosidl_typesupport_introspection_cpp.dir/rosidl_typesupport_introspection_cpp/orbbec_camera_msgs/srv/detail/set_bag_recording__type_support.cpp.o\n'}
[33.386978] (orbbec_camera_msgs) StdoutLine: {'line': b'[ 49%] Building CXX object CMakeFiles/orbbec_camera_msgs__rosidl_typesupport_introspection_cpp.dir/rosidl_typesupport_introspection_cpp/orbbec_camera_msgs/srv/detail/set_stream_profile__type_support.cpp.o\n'}
[33.387041] (orbbec_camera_msgs) StdoutLine: {'line': b'[ 50%] Building CXX object CMakeFiles/orbbec_camera_msgs__rosidl_typesupport_introspection_cpp.dir/rosidl_typesupport_introspection_cpp/orbbec_camera_msgs/srv/detail/set_user_calib_params__type_support.cpp.o\n'}
[33.387089] (orbbec_camera_msgs) StdoutLine: {'line': b'[ 51%] Building CXX object CMakeFiles/orbbec_camera_msgs__rosidl_typesupport_introspection_cpp.dir/rosidl_typesupport_introspection_cpp/orbbec_camera_msgs/srv/detail/set_arrays__type_support.cpp.o\n'}
[33.393300] (orbbec_camera_msgs) StdoutLine: {'line': b'[ 51%] Linking CXX shared library liborbbec_camera_msgs__rosidl_typesupport_c.so\n'}
[33.431491] (orbbec_camera_msgs) StdoutLine: {'line': b'[ 51%] Linking CXX shared library liborbbec_camera_msgs__rosidl_typesupport_cpp.so\n'}
[33.453036] (orbbec_camera_msgs) StdoutLine: {'line': b'[ 51%] Built target orbbec_camera_msgs__rosidl_typesupport_c\n'}
[33.484036] (-) TimerEvent: {}
[33.486257] (orbbec_camera_msgs) StdoutLine: {'line': b'[ 51%] Built target orbbec_camera_msgs__rosidl_typesupport_cpp\n'}
[33.535938] (orbbec_camera_msgs) StdoutLine: {'line': b'[ 51%] Building CXX object CMakeFiles/orbbec_camera_msgs__rosidl_typesupport_fastrtps_cpp.dir/rosidl_typesupport_fastrtps_cpp/orbbec_camera_msgs/msg/detail/dds_fastrtps/device_status__type_support.cpp.o\n'}
[33.536106] (orbbec_camera_msgs) StdoutLine: {'line': b'[ 51%] Building CXX object CMakeFiles/orbbec_camera_msgs__rosidl_typesupport_fastrtps_cpp.dir/rosidl_typesupport_fastrtps_cpp/orbbec_camera_msgs/msg/detail/dds_fastrtps/depth_filter_state__type_support.cpp.o\n'}
[33.536211] (orbbec_camera_msgs) StdoutLine: {'line': b'[ 52%] Building CXX object CMakeFiles/orbbec_camera_msgs__rosidl_typesupport_fastrtps_cpp.dir/rosidl_typesupport_fastrtps_cpp/orbbec_camera_msgs/msg/detail/dds_fastrtps/depth_filters_status__type_support.cpp.o\n'}
[33.536770] (orbbec_camera_msgs) StdoutLine: {'line': b'[ 53%] Building CXX object CMakeFiles/orbbec_camera_msgs__rosidl_typesupport_fastrtps_cpp.dir/rosidl_typesupport_fastrtps_cpp/orbbec_camera_msgs/msg/detail/dds_fastrtps/depth_filter_param__type_support.cpp.o\n'}
[33.538431] (orbbec_camera_msgs) StdoutLine: {'line': b'[ 54%] Building CXX object CMakeFiles/orbbec_camera_msgs__rosidl_typesupport_fastrtps_cpp.dir/rosidl_typesupport_fastrtps_cpp/orbbec_camera_msgs/msg/detail/dds_fastrtps/device_info__type_support.cpp.o\n'}
[33.543622] (orbbec_camera_msgs) StdoutLine: {'line': b'[ 54%] Building CXX object CMakeFiles/orbbec_camera_msgs__rosidl_typesupport_fastrtps_cpp.dir/rosidl_typesupport_fastrtps_cpp/orbbec_camera_msgs/msg/detail/dds_fastrtps/extrinsics__type_support.cpp.o\n'}
[33.584133] (-) TimerEvent: {}
[33.685005] (-) TimerEvent: {}
[33.742579] (orbbec_camera_msgs) StdoutLine: {'line': b'[ 55%] Building CXX object CMakeFiles/orbbec_camera_msgs__rosidl_typesupport_fastrtps_cpp.dir/rosidl_typesupport_fastrtps_cpp/orbbec_camera_msgs/msg/detail/dds_fastrtps/metadata__type_support.cpp.o\n'}
[33.747997] (orbbec_camera_msgs) StdoutLine: {'line': b'[ 55%] Building CXX object CMakeFiles/orbbec_camera_msgs__rosidl_typesupport_fastrtps_cpp.dir/rosidl_typesupport_fastrtps_cpp/orbbec_camera_msgs/msg/detail/dds_fastrtps/imu_info__type_support.cpp.o\n'}
[33.757188] (orbbec_camera_msgs) StdoutLine: {'line': b'[ 56%] Building CXX object CMakeFiles/orbbec_camera_msgs__rosidl_typesupport_fastrtps_cpp.dir/rosidl_typesupport_fastrtps_cpp/orbbec_camera_msgs/msg/detail/dds_fastrtps/rgbd__type_support.cpp.o\n'}
[33.765981] (orbbec_camera_msgs) StdoutLine: {'line': b'[ 56%] Building CXX object CMakeFiles/orbbec_camera_msgs__rosidl_typesupport_fastrtps_cpp.dir/rosidl_typesupport_fastrtps_cpp/orbbec_camera_msgs/msg/detail/dds_fastrtps/stream_profile__type_support.cpp.o\n'}
[33.786827] (-) TimerEvent: {}
[33.791204] (orbbec_camera_msgs) StdoutLine: {'line': b'[ 57%] Building CXX object CMakeFiles/orbbec_camera_msgs__rosidl_typesupport_fastrtps_cpp.dir/rosidl_typesupport_fastrtps_cpp/orbbec_camera_msgs/srv/detail/dds_fastrtps/get_bool__type_support.cpp.o\n'}
[33.796713] (orbbec_camera_msgs) StdoutLine: {'line': b'[ 57%] Building CXX object CMakeFiles/orbbec_camera_msgs__rosidl_typesupport_fastrtps_cpp.dir/rosidl_typesupport_fastrtps_cpp/orbbec_camera_msgs/srv/detail/dds_fastrtps/get_device_info__type_support.cpp.o\n'}
[33.799523] (orbbec_camera_msgs) StdoutLine: {'line': b'[ 57%] Building CXX object CMakeFiles/orbbec_camera_msgs__rosidl_typesupport_fastrtps_cpp.dir/rosidl_typesupport_fastrtps_cpp/orbbec_camera_msgs/srv/detail/dds_fastrtps/get_device_config__type_support.cpp.o\n'}
[33.799702] (orbbec_camera_msgs) StdoutLine: {'line': b'[ 58%] Building CXX object CMakeFiles/orbbec_camera_msgs__rosidl_typesupport_fastrtps_cpp.dir/rosidl_typesupport_fastrtps_cpp/orbbec_camera_msgs/srv/detail/dds_fastrtps/get_camera_info__type_support.cpp.o\n'}
[33.813645] (orbbec_camera_msgs) StdoutLine: {'line': b'[ 58%] Building CXX object CMakeFiles/orbbec_camera_msgs__rosidl_typesupport_fastrtps_cpp.dir/rosidl_typesupport_fastrtps_cpp/orbbec_camera_msgs/srv/detail/dds_fastrtps/get_int32__type_support.cpp.o\n'}
[33.817436] (orbbec_camera_msgs) StdoutLine: {'line': b'[ 59%] Building CXX object CMakeFiles/orbbec_camera_msgs__rosidl_typesupport_fastrtps_cpp.dir/rosidl_typesupport_fastrtps_cpp/orbbec_camera_msgs/srv/detail/dds_fastrtps/get_string__type_support.cpp.o\n'}
[33.819862] (orbbec_camera_msgs) StdoutLine: {'line': b'[ 59%] Building CXX object CMakeFiles/orbbec_camera_msgs__rosidl_typesupport_fastrtps_cpp.dir/rosidl_typesupport_fastrtps_cpp/orbbec_camera_msgs/srv/detail/dds_fastrtps/set_filter__type_support.cpp.o\n'}
[33.825859] (orbbec_camera_msgs) StdoutLine: {'line': b'[ 60%] Building CXX object CMakeFiles/orbbec_camera_msgs__rosidl_typesupport_fastrtps_cpp.dir/rosidl_typesupport_fastrtps_cpp/orbbec_camera_msgs/srv/detail/dds_fastrtps/set_int32__type_support.cpp.o\n'}
[33.837539] (orbbec_camera_msgs) StdoutLine: {'line': b'[ 60%] Building CXX object CMakeFiles/orbbec_camera_msgs__rosidl_typesupport_fastrtps_cpp.dir/rosidl_typesupport_fastrtps_cpp/orbbec_camera_msgs/srv/detail/dds_fastrtps/set_string__type_support.cpp.o\n'}
[33.843054] (orbbec_camera_msgs) StdoutLine: {'line': b'[ 61%] Building CXX object CMakeFiles/orbbec_camera_msgs__rosidl_typesupport_fastrtps_cpp.dir/rosidl_typesupport_fastrtps_cpp/orbbec_camera_msgs/srv/detail/dds_fastrtps/set_arrays__type_support.cpp.o\n'}
[33.849609] (orbbec_camera_msgs) StdoutLine: {'line': b'[ 61%] Building CXX object CMakeFiles/orbbec_camera_msgs__rosidl_typesupport_fastrtps_cpp.dir/rosidl_typesupport_fastrtps_cpp/orbbec_camera_msgs/srv/detail/dds_fastrtps/get_user_calib_params__type_support.cpp.o\n'}
[33.855065] (orbbec_camera_msgs) StdoutLine: {'line': b'[ 62%] Building CXX object CMakeFiles/orbbec_camera_msgs__rosidl_typesupport_fastrtps_cpp.dir/rosidl_typesupport_fastrtps_cpp/orbbec_camera_msgs/srv/detail/dds_fastrtps/set_user_calib_params__type_support.cpp.o\n'}
[33.855350] (orbbec_camera_msgs) StdoutLine: {'line': b'[ 62%] Building CXX object CMakeFiles/orbbec_camera_msgs__rosidl_typesupport_fastrtps_cpp.dir/rosidl_typesupport_fastrtps_cpp/orbbec_camera_msgs/srv/detail/dds_fastrtps/set_bag_recording__type_support.cpp.o\n'}
[33.881506] (orbbec_camera_msgs) StdoutLine: {'line': b'[ 63%] Building CXX object CMakeFiles/orbbec_camera_msgs__rosidl_typesupport_fastrtps_cpp.dir/rosidl_typesupport_fastrtps_cpp/orbbec_camera_msgs/srv/detail/dds_fastrtps/set_stream_profile__type_support.cpp.o\n'}
[33.886936] (-) TimerEvent: {}
[33.924427] (orbbec_camera_msgs) StdoutLine: {'line': b'[ 63%] Building C object CMakeFiles/orbbec_camera_msgs__rosidl_typesupport_introspection_c.dir/rosidl_typesupport_introspection_c/orbbec_camera_msgs/msg/detail/device_status__type_support.c.o\n'}
[33.926329] (orbbec_camera_msgs) StdoutLine: {'line': b'[ 63%] Building C object CMakeFiles/orbbec_camera_msgs__rosidl_typesupport_introspection_c.dir/rosidl_typesupport_introspection_c/orbbec_camera_msgs/msg/detail/device_info__type_support.c.o\n'}
[33.934149] (orbbec_camera_msgs) StdoutLine: {'line': b'[ 64%] Building C object CMakeFiles/orbbec_camera_msgs__rosidl_typesupport_introspection_c.dir/rosidl_typesupport_introspection_c/orbbec_camera_msgs/msg/detail/depth_filter_param__type_support.c.o\n'}
[33.940301] (orbbec_camera_msgs) StdoutLine: {'line': b'[ 64%] Linking CXX shared library liborbbec_camera_msgs__rosidl_typesupport_introspection_cpp.so\n'}
[33.942209] (orbbec_camera_msgs) StdoutLine: {'line': b'[ 64%] Building C object CMakeFiles/orbbec_camera_msgs__rosidl_typesupport_introspection_c.dir/rosidl_typesupport_introspection_c/orbbec_camera_msgs/msg/detail/depth_filter_state__type_support.c.o\n'}
[33.950663] (orbbec_camera_msgs) StdoutLine: {'line': b'[ 65%] Building C object CMakeFiles/orbbec_camera_msgs__rosidl_typesupport_introspection_c.dir/rosidl_typesupport_introspection_c/orbbec_camera_msgs/msg/detail/depth_filters_status__type_support.c.o\n'}
[33.953716] (orbbec_camera_msgs) StdoutLine: {'line': b'[ 65%] Building C object CMakeFiles/orbbec_camera_msgs__rosidl_typesupport_introspection_c.dir/rosidl_typesupport_introspection_c/orbbec_camera_msgs/msg/detail/extrinsics__type_support.c.o\n'}
[33.961045] (orbbec_camera_msgs) StdoutLine: {'line': b'[ 66%] Building C object CMakeFiles/orbbec_camera_msgs__rosidl_typesupport_introspection_c.dir/rosidl_typesupport_introspection_c/orbbec_camera_msgs/msg/detail/metadata__type_support.c.o\n'}
[33.962487] (orbbec_camera_msgs) StdoutLine: {'line': b'[ 66%] Building C object CMakeFiles/orbbec_camera_msgs__rosidl_typesupport_introspection_c.dir/rosidl_typesupport_introspection_c/orbbec_camera_msgs/msg/detail/imu_info__type_support.c.o\n'}
[33.965995] (orbbec_camera_msgs) StdoutLine: {'line': b'[ 67%] Building C object CMakeFiles/orbbec_camera_msgs__rosidl_typesupport_introspection_c.dir/rosidl_typesupport_introspection_c/orbbec_camera_msgs/msg/detail/rgbd__type_support.c.o\n'}
[33.971229] (orbbec_camera_msgs) StdoutLine: {'line': b'[ 67%] Building C object CMakeFiles/orbbec_camera_msgs__rosidl_typesupport_introspection_c.dir/rosidl_typesupport_introspection_c/orbbec_camera_msgs/msg/detail/stream_profile__type_support.c.o\n'}
[33.976660] (orbbec_camera_msgs) StdoutLine: {'line': b'[ 68%] Building C object CMakeFiles/orbbec_camera_msgs__rosidl_typesupport_introspection_c.dir/rosidl_typesupport_introspection_c/orbbec_camera_msgs/srv/detail/get_bool__type_support.c.o\n'}
[33.978067] (orbbec_camera_msgs) StdoutLine: {'line': b'[ 68%] Building C object CMakeFiles/orbbec_camera_msgs__rosidl_typesupport_introspection_c.dir/rosidl_typesupport_introspection_c/orbbec_camera_msgs/srv/detail/get_device_config__type_support.c.o\n'}
[33.987277] (-) TimerEvent: {}
[33.992069] (orbbec_camera_msgs) StdoutLine: {'line': b'[ 69%] Building C object CMakeFiles/orbbec_camera_msgs__rosidl_typesupport_introspection_c.dir/rosidl_typesupport_introspection_c/orbbec_camera_msgs/srv/detail/get_device_info__type_support.c.o\n'}
[33.996778] (orbbec_camera_msgs) StdoutLine: {'line': b'[ 69%] Building CXX object CMakeFiles/orbbec_camera_msgs__rosidl_typesupport_fastrtps_c.dir/rosidl_typesupport_fastrtps_c/orbbec_camera_msgs/msg/detail/device_info__type_support_c.cpp.o\n'}
[33.997468] (orbbec_camera_msgs) StdoutLine: {'line': b'[ 69%] Building CXX object CMakeFiles/orbbec_camera_msgs__rosidl_typesupport_fastrtps_c.dir/rosidl_typesupport_fastrtps_c/orbbec_camera_msgs/msg/detail/device_status__type_support_c.cpp.o\n'}
[34.005850] (orbbec_camera_msgs) StdoutLine: {'line': b'[ 69%] Building C object CMakeFiles/orbbec_camera_msgs__rosidl_typesupport_introspection_c.dir/rosidl_typesupport_introspection_c/orbbec_camera_msgs/srv/detail/get_camera_info__type_support.c.o\n'}
[34.007159] (orbbec_camera_msgs) StdoutLine: {'line': b'[ 69%] Building C object CMakeFiles/orbbec_camera_msgs__rosidl_typesupport_introspection_c.dir/rosidl_typesupport_introspection_c/orbbec_camera_msgs/srv/detail/get_int32__type_support.c.o\n'}
[34.007296] (orbbec_camera_msgs) StdoutLine: {'line': b'[ 70%] Building CXX object CMakeFiles/orbbec_camera_msgs__rosidl_typesupport_fastrtps_c.dir/rosidl_typesupport_fastrtps_c/orbbec_camera_msgs/msg/detail/depth_filter_param__type_support_c.cpp.o\n'}
[34.012380] (orbbec_camera_msgs) StdoutLine: {'line': b'[ 71%] Building C object CMakeFiles/orbbec_camera_msgs__rosidl_typesupport_introspection_c.dir/rosidl_typesupport_introspection_c/orbbec_camera_msgs/srv/detail/get_string__type_support.c.o\n'}
[34.013158] (orbbec_camera_msgs) StdoutLine: {'line': b'[ 71%] Building C object CMakeFiles/orbbec_camera_msgs__rosidl_typesupport_introspection_c.dir/rosidl_typesupport_introspection_c/orbbec_camera_msgs/srv/detail/set_filter__type_support.c.o\n'}
[34.023859] (orbbec_camera_msgs) StdoutLine: {'line': b'[ 72%] Building C object CMakeFiles/orbbec_camera_msgs__rosidl_typesupport_introspection_c.dir/rosidl_typesupport_introspection_c/orbbec_camera_msgs/srv/detail/set_string__type_support.c.o\n'}
[34.023976] (orbbec_camera_msgs) StdoutLine: {'line': b'[ 72%] Building C object CMakeFiles/orbbec_camera_msgs__rosidl_typesupport_introspection_c.dir/rosidl_typesupport_introspection_c/orbbec_camera_msgs/srv/detail/set_int32__type_support.c.o\n'}
[34.026713] (orbbec_camera_msgs) StdoutLine: {'line': b'[ 72%] Building CXX object CMakeFiles/orbbec_camera_msgs__rosidl_typesupport_fastrtps_c.dir/rosidl_typesupport_fastrtps_c/orbbec_camera_msgs/msg/detail/depth_filter_state__type_support_c.cpp.o\n'}
[34.027322] (orbbec_camera_msgs) StdoutLine: {'line': b'[ 72%] Built target orbbec_camera_msgs__rosidl_typesupport_introspection_cpp\n'}
[34.038039] (orbbec_camera_msgs) StdoutLine: {'line': b'[ 73%] Building CXX object CMakeFiles/orbbec_camera_msgs__rosidl_typesupport_fastrtps_c.dir/rosidl_typesupport_fastrtps_c/orbbec_camera_msgs/msg/detail/depth_filters_status__type_support_c.cpp.o\n'}
[34.040975] (orbbec_camera_msgs) StdoutLine: {'line': b'[ 74%] Building C object CMakeFiles/orbbec_camera_msgs__rosidl_typesupport_introspection_c.dir/rosidl_typesupport_introspection_c/orbbec_camera_msgs/srv/detail/set_arrays__type_support.c.o\n'}
[34.057029] (orbbec_camera_msgs) StdoutLine: {'line': b'[ 74%] Building C object CMakeFiles/orbbec_camera_msgs__rosidl_typesupport_introspection_c.dir/rosidl_typesupport_introspection_c/orbbec_camera_msgs/srv/detail/get_user_calib_params__type_support.c.o\n'}
[34.057177] (orbbec_camera_msgs) StdoutLine: {'line': b'[ 75%] Building C object CMakeFiles/orbbec_camera_msgs__rosidl_typesupport_introspection_c.dir/rosidl_typesupport_introspection_c/orbbec_camera_msgs/srv/detail/set_user_calib_params__type_support.c.o\n'}
[34.057902] (orbbec_camera_msgs) StdoutLine: {'line': b'[ 75%] Building CXX object CMakeFiles/orbbec_camera_msgs__rosidl_typesupport_fastrtps_c.dir/rosidl_typesupport_fastrtps_c/orbbec_camera_msgs/msg/detail/extrinsics__type_support_c.cpp.o\n'}
[34.065304] (orbbec_camera_msgs) StdoutLine: {'line': b'[ 76%] Building CXX object CMakeFiles/orbbec_camera_msgs__rosidl_typesupport_fastrtps_c.dir/rosidl_typesupport_fastrtps_c/orbbec_camera_msgs/msg/detail/metadata__type_support_c.cpp.o\n'}
[34.070282] (orbbec_camera_msgs) StdoutLine: {'line': b'[ 76%] Building CXX object CMakeFiles/orbbec_camera_msgs__rosidl_typesupport_fastrtps_c.dir/rosidl_typesupport_fastrtps_c/orbbec_camera_msgs/msg/detail/imu_info__type_support_c.cpp.o\n'}
[34.079232] (orbbec_camera_msgs) StdoutLine: {'line': b'[ 76%] Building C object CMakeFiles/orbbec_camera_msgs__rosidl_typesupport_introspection_c.dir/rosidl_typesupport_introspection_c/orbbec_camera_msgs/srv/detail/set_bag_recording__type_support.c.o\n'}
[34.084463] (orbbec_camera_msgs) StdoutLine: {'line': b'[ 77%] Building CXX object CMakeFiles/orbbec_camera_msgs__rosidl_typesupport_fastrtps_c.dir/rosidl_typesupport_fastrtps_c/orbbec_camera_msgs/msg/detail/rgbd__type_support_c.cpp.o\n'}
[34.087373] (-) TimerEvent: {}
[34.096660] (orbbec_camera_msgs) StdoutLine: {'line': b'[ 78%] Building C object CMakeFiles/orbbec_camera_msgs__rosidl_typesupport_introspection_c.dir/rosidl_typesupport_introspection_c/orbbec_camera_msgs/srv/detail/set_stream_profile__type_support.c.o\n'}
[34.104186] (orbbec_camera_msgs) StdoutLine: {'line': b'[ 78%] Building CXX object CMakeFiles/orbbec_camera_msgs__rosidl_typesupport_fastrtps_c.dir/rosidl_typesupport_fastrtps_c/orbbec_camera_msgs/msg/detail/stream_profile__type_support_c.cpp.o\n'}
[34.124035] (orbbec_camera_msgs) StdoutLine: {'line': b'[ 79%] Building CXX object CMakeFiles/orbbec_camera_msgs__rosidl_typesupport_fastrtps_c.dir/rosidl_typesupport_fastrtps_c/orbbec_camera_msgs/srv/detail/get_bool__type_support_c.cpp.o\n'}
[34.133951] (orbbec_camera_msgs) StdoutLine: {'line': b'[ 79%] Building CXX object CMakeFiles/orbbec_camera_msgs__rosidl_typesupport_fastrtps_c.dir/rosidl_typesupport_fastrtps_c/orbbec_camera_msgs/srv/detail/get_device_config__type_support_c.cpp.o\n'}
[34.154052] (orbbec_camera_msgs) StdoutLine: {'line': b'[ 80%] Building CXX object CMakeFiles/orbbec_camera_msgs__rosidl_typesupport_fastrtps_c.dir/rosidl_typesupport_fastrtps_c/orbbec_camera_msgs/srv/detail/get_device_info__type_support_c.cpp.o\n'}
[34.154227] (orbbec_camera_msgs) StdoutLine: {'line': b'[ 80%] Linking C shared library liborbbec_camera_msgs__rosidl_typesupport_introspection_c.so\n'}
[34.154413] (orbbec_camera_msgs) StdoutLine: {'line': b'[ 80%] Building CXX object CMakeFiles/orbbec_camera_msgs__rosidl_typesupport_fastrtps_c.dir/rosidl_typesupport_fastrtps_c/orbbec_camera_msgs/srv/detail/get_camera_info__type_support_c.cpp.o\n'}
[34.187476] (-) TimerEvent: {}
[34.196517] (orbbec_camera_msgs) StdoutLine: {'line': b'[ 80%] Building CXX object CMakeFiles/orbbec_camera_msgs__rosidl_typesupport_fastrtps_c.dir/rosidl_typesupport_fastrtps_c/orbbec_camera_msgs/srv/detail/get_int32__type_support_c.cpp.o\n'}
[34.199504] (orbbec_camera_msgs) StdoutLine: {'line': b'[ 80%] Built target orbbec_camera_msgs__rosidl_typesupport_introspection_c\n'}
[34.217115] (orbbec_camera_msgs) StdoutLine: {'line': b'[ 81%] Building CXX object CMakeFiles/orbbec_camera_msgs__rosidl_typesupport_fastrtps_c.dir/rosidl_typesupport_fastrtps_c/orbbec_camera_msgs/srv/detail/get_string__type_support_c.cpp.o\n'}
[34.222428] (orbbec_camera_msgs) StdoutLine: {'line': b'[ 81%] Building CXX object CMakeFiles/orbbec_camera_msgs__rosidl_typesupport_fastrtps_c.dir/rosidl_typesupport_fastrtps_c/orbbec_camera_msgs/srv/detail/set_filter__type_support_c.cpp.o\n'}
[34.229548] (orbbec_camera_msgs) StdoutLine: {'line': b'[ 82%] Building CXX object CMakeFiles/orbbec_camera_msgs__rosidl_typesupport_fastrtps_c.dir/rosidl_typesupport_fastrtps_c/orbbec_camera_msgs/srv/detail/set_int32__type_support_c.cpp.o\n'}
[34.238242] (orbbec_camera_msgs) StdoutLine: {'line': b'[ 82%] Building CXX object CMakeFiles/orbbec_camera_msgs__rosidl_typesupport_fastrtps_c.dir/rosidl_typesupport_fastrtps_c/orbbec_camera_msgs/srv/detail/set_string__type_support_c.cpp.o\n'}
[34.249053] (orbbec_camera_msgs) StdoutLine: {'line': b'[ 83%] Building CXX object CMakeFiles/orbbec_camera_msgs__rosidl_typesupport_fastrtps_c.dir/rosidl_typesupport_fastrtps_c/orbbec_camera_msgs/srv/detail/set_arrays__type_support_c.cpp.o\n'}
[34.256035] (orbbec_camera_msgs) StdoutLine: {'line': b'[ 83%] Building CXX object CMakeFiles/orbbec_camera_msgs__rosidl_typesupport_fastrtps_c.dir/rosidl_typesupport_fastrtps_c/orbbec_camera_msgs/srv/detail/get_user_calib_params__type_support_c.cpp.o\n'}
[34.268342] (orbbec_camera_msgs) StdoutLine: {'line': b'[ 84%] Building CXX object CMakeFiles/orbbec_camera_msgs__rosidl_typesupport_fastrtps_c.dir/rosidl_typesupport_fastrtps_c/orbbec_camera_msgs/srv/detail/set_user_calib_params__type_support_c.cpp.o\n'}
[34.274597] (orbbec_camera_msgs) StdoutLine: {'line': b'[ 84%] Building CXX object CMakeFiles/orbbec_camera_msgs__rosidl_typesupport_fastrtps_c.dir/rosidl_typesupport_fastrtps_c/orbbec_camera_msgs/srv/detail/set_bag_recording__type_support_c.cpp.o\n'}
[34.287592] (-) TimerEvent: {}
[34.306207] (orbbec_camera_msgs) StdoutLine: {'line': b'[ 85%] Building CXX object CMakeFiles/orbbec_camera_msgs__rosidl_typesupport_fastrtps_c.dir/rosidl_typesupport_fastrtps_c/orbbec_camera_msgs/srv/detail/set_stream_profile__type_support_c.cpp.o\n'}
[34.389056] (-) TimerEvent: {}
[34.450186] (orbbec_camera_msgs) StdoutLine: {'line': b'[ 85%] Linking CXX shared library liborbbec_camera_msgs__rosidl_typesupport_fastrtps_cpp.so\n'}
[34.489160] (-) TimerEvent: {}
[34.517510] (orbbec_camera_msgs) StdoutLine: {'line': b'[ 85%] Built target orbbec_camera_msgs__rosidl_typesupport_fastrtps_cpp\n'}
[34.589260] (-) TimerEvent: {}
[34.621282] (orbbec_camera_msgs) StdoutLine: {'line': b'[ 85%] Linking CXX shared library liborbbec_camera_msgs__rosidl_typesupport_fastrtps_c.so\n'}
[34.687708] (orbbec_camera_msgs) StdoutLine: {'line': b'[ 85%] Built target orbbec_camera_msgs__rosidl_typesupport_fastrtps_c\n'}
[34.689338] (-) TimerEvent: {}
[34.709746] (orbbec_camera_msgs) StdoutLine: {'line': b'[ 85%] Built target orbbec_camera_msgs\n'}
[34.740420] (orbbec_camera_msgs) StdoutLine: {'line': b'[ 85%] Generating Python code for ROS interfaces\n'}
[34.789469] (-) TimerEvent: {}
[34.889702] (-) TimerEvent: {}
[34.989933] (-) TimerEvent: {}
[35.090092] (-) TimerEvent: {}
[35.190289] (-) TimerEvent: {}
[35.290494] (-) TimerEvent: {}
[35.390702] (-) TimerEvent: {}
[35.491109] (-) TimerEvent: {}
[35.591580] (-) TimerEvent: {}
[35.692052] (-) TimerEvent: {}
[35.792646] (-) TimerEvent: {}
[35.893287] (-) TimerEvent: {}
[35.993483] (-) TimerEvent: {}
[36.093692] (-) TimerEvent: {}
[36.193908] (-) TimerEvent: {}
[36.294125] (-) TimerEvent: {}
[36.394673] (-) TimerEvent: {}
[36.495139] (-) TimerEvent: {}
[36.595313] (-) TimerEvent: {}
[36.695515] (-) TimerEvent: {}
[36.795744] (-) TimerEvent: {}
[36.895940] (-) TimerEvent: {}
[36.900728] (orbbec_camera_msgs) StdoutLine: {'line': b'[ 85%] Built target orbbec_camera_msgs__py\n'}
[36.920608] (orbbec_camera_msgs) StdoutLine: {'line': b'[ 86%] Building C object CMakeFiles/orbbec_camera_msgs__rosidl_generator_py.dir/rosidl_generator_py/orbbec_camera_msgs/msg/_device_info_s.c.o\n'}
[36.921383] (orbbec_camera_msgs) StdoutLine: {'line': b'[ 87%] Building C object CMakeFiles/orbbec_camera_msgs__rosidl_generator_py.dir/rosidl_generator_py/orbbec_camera_msgs/msg/_device_status_s.c.o\n'}
[36.921501] (orbbec_camera_msgs) StdoutLine: {'line': b'[ 87%] Building C object CMakeFiles/orbbec_camera_msgs__rosidl_generator_py.dir/rosidl_generator_py/orbbec_camera_msgs/msg/_depth_filter_state_s.c.o\n'}
[36.921578] (orbbec_camera_msgs) StdoutLine: {'line': b'[ 88%] Building C object CMakeFiles/orbbec_camera_msgs__rosidl_generator_py.dir/rosidl_generator_py/orbbec_camera_msgs/msg/_rgbd_s.c.o\n'}
[36.921645] (orbbec_camera_msgs) StdoutLine: {'line': b'[ 88%] Building C object CMakeFiles/orbbec_camera_msgs__rosidl_generator_py.dir/rosidl_generator_py/orbbec_camera_msgs/msg/_depth_filter_param_s.c.o\n'}
[36.921756] (orbbec_camera_msgs) StdoutLine: {'line': b'[ 88%] Building C object CMakeFiles/orbbec_camera_msgs__rosidl_generator_py.dir/rosidl_generator_py/orbbec_camera_msgs/msg/_stream_profile_s.c.o\n'}
[36.921971] (orbbec_camera_msgs) StdoutLine: {'line': b'[ 89%] Building C object CMakeFiles/orbbec_camera_msgs__rosidl_generator_py.dir/rosidl_generator_py/orbbec_camera_msgs/srv/_get_bool_s.c.o\n'}
[36.922075] (orbbec_camera_msgs) StdoutLine: {'line': b'[ 90%] Building C object CMakeFiles/orbbec_camera_msgs__rosidl_generator_py.dir/rosidl_generator_py/orbbec_camera_msgs/msg/_depth_filters_status_s.c.o\n'}
[36.922363] (orbbec_camera_msgs) StdoutLine: {'line': b'[ 90%] Building C object CMakeFiles/orbbec_camera_msgs__rosidl_generator_py.dir/rosidl_generator_py/orbbec_camera_msgs/msg/_extrinsics_s.c.o\n'}
[36.923029] (orbbec_camera_msgs) StdoutLine: {'line': b'[ 90%] Building C object CMakeFiles/orbbec_camera_msgs__rosidl_generator_py.dir/rosidl_generator_py/orbbec_camera_msgs/srv/_get_device_config_s.c.o\n'}
[36.923432] (orbbec_camera_msgs) StdoutLine: {'line': b'[ 91%] Building C object CMakeFiles/orbbec_camera_msgs__rosidl_generator_py.dir/rosidl_generator_py/orbbec_camera_msgs/msg/_metadata_s.c.o\n'}
[36.923530] (orbbec_camera_msgs) StdoutLine: {'line': b'[ 91%] Building C object CMakeFiles/orbbec_camera_msgs__rosidl_generator_py.dir/rosidl_generator_py/orbbec_camera_msgs/srv/_get_device_info_s.c.o\n'}
[36.923815] (orbbec_camera_msgs) StdoutLine: {'line': b'[ 91%] Building C object CMakeFiles/orbbec_camera_msgs__rosidl_generator_py.dir/rosidl_generator_py/orbbec_camera_msgs/msg/_imu_info_s.c.o\n'}
[36.923909] (orbbec_camera_msgs) StdoutLine: {'line': b'[ 91%] Building C object CMakeFiles/orbbec_camera_msgs__rosidl_generator_py.dir/rosidl_generator_py/orbbec_camera_msgs/srv/_set_filter_s.c.o\n'}
[36.924433] (orbbec_camera_msgs) StdoutLine: {'line': b'[ 92%] Building C object CMakeFiles/orbbec_camera_msgs__rosidl_generator_py.dir/rosidl_generator_py/orbbec_camera_msgs/srv/_get_string_s.c.o\n'}
[36.924804] (orbbec_camera_msgs) StdoutLine: {'line': b'[ 93%] Building C object CMakeFiles/orbbec_camera_msgs__rosidl_generator_py.dir/rosidl_generator_py/orbbec_camera_msgs/srv/_set_arrays_s.c.o\n'}
[36.926465] (orbbec_camera_msgs) StdoutLine: {'line': b'[ 93%] Building C object CMakeFiles/orbbec_camera_msgs__rosidl_generator_py.dir/rosidl_generator_py/orbbec_camera_msgs/srv/_set_bag_recording_s.c.o\n'}
[36.926678] (orbbec_camera_msgs) StdoutLine: {'line': b'[ 93%] Building C object CMakeFiles/orbbec_camera_msgs__rosidl_generator_py.dir/rosidl_generator_py/orbbec_camera_msgs/srv/_get_user_calib_params_s.c.o\n'}
[36.927329] (orbbec_camera_msgs) StdoutLine: {'line': b'[ 94%] Building C object CMakeFiles/orbbec_camera_msgs__rosidl_generator_py.dir/rosidl_generator_py/orbbec_camera_msgs/srv/_get_camera_info_s.c.o\n'}
[36.927475] (orbbec_camera_msgs) StdoutLine: {'line': b'[ 95%] Building C object CMakeFiles/orbbec_camera_msgs__rosidl_generator_py.dir/rosidl_generator_py/orbbec_camera_msgs/srv/_set_stream_profile_s.c.o\n'}
[36.927591] (orbbec_camera_msgs) StdoutLine: {'line': b'[ 95%] Building C object CMakeFiles/orbbec_camera_msgs__rosidl_generator_py.dir/rosidl_generator_py/orbbec_camera_msgs/srv/_get_int32_s.c.o\n'}
[36.927700] (orbbec_camera_msgs) StdoutLine: {'line': b'[ 96%] Building C object CMakeFiles/orbbec_camera_msgs__rosidl_generator_py.dir/rosidl_generator_py/orbbec_camera_msgs/srv/_set_user_calib_params_s.c.o\n'}
[36.928122] (orbbec_camera_msgs) StdoutLine: {'line': b'[ 97%] Building C object CMakeFiles/orbbec_camera_msgs__rosidl_generator_py.dir/rosidl_generator_py/orbbec_camera_msgs/srv/_set_int32_s.c.o\n'}
[36.928980] (orbbec_camera_msgs) StdoutLine: {'line': b'[ 97%] Building C object CMakeFiles/orbbec_camera_msgs__rosidl_generator_py.dir/rosidl_generator_py/orbbec_camera_msgs/srv/_set_string_s.c.o\n'}
[36.996140] (-) TimerEvent: {}
[37.096345] (-) TimerEvent: {}
[37.110424] (orbbec_camera_msgs) StdoutLine: {'line': b'[ 97%] Linking C shared library rosidl_generator_py/orbbec_camera_msgs/liborbbec_camera_msgs__rosidl_generator_py.so\n'}
[37.168397] (orbbec_camera_msgs) StdoutLine: {'line': b'[ 97%] Built target orbbec_camera_msgs__rosidl_generator_py\n'}
[37.195501] (orbbec_camera_msgs) StdoutLine: {'line': b'[ 98%] Building C object CMakeFiles/orbbec_camera_msgs__rosidl_typesupport_fastrtps_c__pyext.dir/rosidl_generator_py/orbbec_camera_msgs/_orbbec_camera_msgs_s.ep.rosidl_typesupport_fastrtps_c.c.o\n'}
[37.196448] (-) TimerEvent: {}
[37.197551] (orbbec_camera_msgs) StdoutLine: {'line': b'[100%] Building C object CMakeFiles/orbbec_camera_msgs__rosidl_typesupport_introspection_c__pyext.dir/rosidl_generator_py/orbbec_camera_msgs/_orbbec_camera_msgs_s.ep.rosidl_typesupport_introspection_c.c.o\n'}
[37.197662] (orbbec_camera_msgs) StdoutLine: {'line': b'[100%] Building C object CMakeFiles/orbbec_camera_msgs__rosidl_typesupport_c__pyext.dir/rosidl_generator_py/orbbec_camera_msgs/_orbbec_camera_msgs_s.ep.rosidl_typesupport_c.c.o\n'}
[37.296545] (-) TimerEvent: {}
[37.397016] (-) TimerEvent: {}
[37.497194] (-) TimerEvent: {}
[37.569856] (orbbec_camera_msgs) StdoutLine: {'line': b'[100%] Linking C shared library rosidl_generator_py/orbbec_camera_msgs/orbbec_camera_msgs_s__rosidl_typesupport_fastrtps_c.cpython-310-x86_64-linux-gnu.so\n'}
[37.570030] (orbbec_camera_msgs) StdoutLine: {'line': b'[100%] Linking C shared library rosidl_generator_py/orbbec_camera_msgs/orbbec_camera_msgs_s__rosidl_typesupport_c.cpython-310-x86_64-linux-gnu.so\n'}
[37.574070] (orbbec_camera_msgs) StdoutLine: {'line': b'[100%] Linking C shared library rosidl_generator_py/orbbec_camera_msgs/orbbec_camera_msgs_s__rosidl_typesupport_introspection_c.cpython-310-x86_64-linux-gnu.so\n'}
[37.597290] (-) TimerEvent: {}
[37.607051] (orbbec_camera_msgs) StdoutLine: {'line': b'[100%] Built target orbbec_camera_msgs__rosidl_typesupport_fastrtps_c__pyext\n'}
[37.607175] (orbbec_camera_msgs) StdoutLine: {'line': b'[100%] Built target orbbec_camera_msgs__rosidl_typesupport_c__pyext\n'}
[37.608147] (orbbec_camera_msgs) StdoutLine: {'line': b'[100%] Built target orbbec_camera_msgs__rosidl_typesupport_introspection_c__pyext\n'}
[37.697428] (-) TimerEvent: {}
[37.797773] (-) TimerEvent: {}
[37.898081] (-) TimerEvent: {}
[37.998360] (-) TimerEvent: {}
[38.098640] (-) TimerEvent: {}
[38.198980] (-) TimerEvent: {}
[38.299571] (-) TimerEvent: {}
[38.399891] (-) TimerEvent: {}
[38.500224] (-) TimerEvent: {}
[38.600419] (-) TimerEvent: {}
[38.700651] (-) TimerEvent: {}
[38.800857] (-) TimerEvent: {}
[38.901108] (-) TimerEvent: {}
[39.001370] (-) TimerEvent: {}
[39.101627] (-) TimerEvent: {}
[39.201897] (-) TimerEvent: {}
[39.302269] (-) TimerEvent: {}
[39.402529] (-) TimerEvent: {}
[39.502931] (-) TimerEvent: {}
[39.603147] (-) TimerEvent: {}
[39.703731] (-) TimerEvent: {}
[39.804231] (-) TimerEvent: {}
[39.904652] (-) TimerEvent: {}
[40.005145] (-) TimerEvent: {}
[40.105575] (-) TimerEvent: {}
[40.206022] (-) TimerEvent: {}
[40.306527] (-) TimerEvent: {}
[40.407024] (-) TimerEvent: {}
[40.507508] (-) TimerEvent: {}
[40.607786] (-) TimerEvent: {}
[40.708093] (-) TimerEvent: {}
[40.808314] (-) TimerEvent: {}
[40.908598] (-) TimerEvent: {}
[41.008888] (-) TimerEvent: {}
[41.109116] (-) TimerEvent: {}
[41.209397] (-) TimerEvent: {}
[41.309641] (-) TimerEvent: {}
[41.409883] (-) TimerEvent: {}
[41.510111] (-) TimerEvent: {}
[41.610294] (-) TimerEvent: {}
[41.710506] (-) TimerEvent: {}
[41.810740] (-) TimerEvent: {}
[41.910979] (-) TimerEvent: {}
[42.011243] (-) TimerEvent: {}
[42.111495] (-) TimerEvent: {}
[42.211729] (-) TimerEvent: {}
[42.311985] (-) TimerEvent: {}
[42.412261] (-) TimerEvent: {}
[42.512544] (-) TimerEvent: {}
[42.612765] (-) TimerEvent: {}
[42.713107] (-) TimerEvent: {}
[42.813311] (-) TimerEvent: {}
[42.913594] (-) TimerEvent: {}
[43.013878] (-) TimerEvent: {}
[43.114071] (-) TimerEvent: {}
[43.214313] (-) TimerEvent: {}
[43.314571] (-) TimerEvent: {}
[43.414818] (-) TimerEvent: {}
[43.515066] (-) TimerEvent: {}
[43.615318] (-) TimerEvent: {}
[43.715540] (-) TimerEvent: {}
[43.815783] (-) TimerEvent: {}
[43.916093] (-) TimerEvent: {}
[44.016355] (-) TimerEvent: {}
[44.116599] (-) TimerEvent: {}
[44.216832] (-) TimerEvent: {}
[44.317065] (-) TimerEvent: {}
[44.417294] (-) TimerEvent: {}
[44.517553] (-) TimerEvent: {}
[44.617781] (-) TimerEvent: {}
[44.718046] (-) TimerEvent: {}
[44.818274] (-) TimerEvent: {}
[44.918473] (-) TimerEvent: {}
[45.018682] (-) TimerEvent: {}
[45.118927] (-) TimerEvent: {}
[45.219196] (-) TimerEvent: {}
[45.319473] (-) TimerEvent: {}
[45.419806] (-) TimerEvent: {}
[45.520072] (-) TimerEvent: {}
[45.620421] (-) TimerEvent: {}
[45.720693] (-) TimerEvent: {}
[45.820983] (-) TimerEvent: {}
[45.921243] (-) TimerEvent: {}
[46.021489] (-) TimerEvent: {}
[46.121758] (-) TimerEvent: {}
[46.222051] (-) TimerEvent: {}
[46.322280] (-) TimerEvent: {}
[46.422539] (-) TimerEvent: {}
[46.522794] (-) TimerEvent: {}
[46.623129] (-) TimerEvent: {}
[46.723441] (-) TimerEvent: {}
[46.823714] (-) TimerEvent: {}
[46.924028] (-) TimerEvent: {}
[47.024272] (-) TimerEvent: {}
[47.124676] (-) TimerEvent: {}
[47.225087] (-) TimerEvent: {}
[47.325326] (-) TimerEvent: {}
[47.425611] (-) TimerEvent: {}
[47.525894] (-) TimerEvent: {}
[47.626132] (-) TimerEvent: {}
[47.726402] (-) TimerEvent: {}
[47.826694] (-) TimerEvent: {}
[47.927022] (-) TimerEvent: {}
[48.027337] (-) TimerEvent: {}
[48.127613] (-) TimerEvent: {}
[48.227966] (-) TimerEvent: {}
[48.328336] (-) TimerEvent: {}
[48.428622] (-) TimerEvent: {}
[48.528926] (-) TimerEvent: {}
[48.629281] (-) TimerEvent: {}
[48.729580] (-) TimerEvent: {}
[48.829846] (-) TimerEvent: {}
[48.930092] (-) TimerEvent: {}
[49.030331] (-) TimerEvent: {}
[49.130594] (-) TimerEvent: {}
[49.230895] (-) TimerEvent: {}
[49.331174] (-) TimerEvent: {}
[49.431445] (-) TimerEvent: {}
[49.531691] (-) TimerEvent: {}
[49.632020] (-) TimerEvent: {}
[49.732289] (-) TimerEvent: {}
[49.832552] (-) TimerEvent: {}
[49.932783] (-) TimerEvent: {}
[50.033143] (-) TimerEvent: {}
[50.133436] (-) TimerEvent: {}
[50.233755] (-) TimerEvent: {}
[50.334014] (-) TimerEvent: {}
[50.434400] (-) TimerEvent: {}
[50.534641] (-) TimerEvent: {}
[50.634936] (-) TimerEvent: {}
[50.735218] (-) TimerEvent: {}
[50.835505] (-) TimerEvent: {}
[50.935750] (-) TimerEvent: {}
[51.035979] (-) TimerEvent: {}
[51.136269] (-) TimerEvent: {}
[51.236650] (-) TimerEvent: {}
[51.336880] (-) TimerEvent: {}
[51.437089] (-) TimerEvent: {}
[51.537328] (-) TimerEvent: {}
[51.637548] (-) TimerEvent: {}
[51.737778] (-) TimerEvent: {}
[51.838071] (-) TimerEvent: {}
[51.938285] (-) TimerEvent: {}
[52.038518] (-) TimerEvent: {}
[52.138747] (-) TimerEvent: {}
[52.239013] (-) TimerEvent: {}
[52.339263] (-) TimerEvent: {}
[52.439534] (-) TimerEvent: {}
[52.539875] (-) TimerEvent: {}
[52.640209] (-) TimerEvent: {}
[52.740558] (-) TimerEvent: {}
[52.840900] (-) TimerEvent: {}
[52.941207] (-) TimerEvent: {}
[53.041488] (-) TimerEvent: {}
[53.141811] (-) TimerEvent: {}
[53.242082] (-) TimerEvent: {}
[53.342326] (-) TimerEvent: {}
[53.442600] (-) TimerEvent: {}
[53.542858] (-) TimerEvent: {}
[53.643070] (-) TimerEvent: {}
[53.743309] (-) TimerEvent: {}
[53.843588] (-) TimerEvent: {}
[53.943893] (-) TimerEvent: {}
[54.044232] (-) TimerEvent: {}
[54.144505] (-) TimerEvent: {}
[54.244751] (-) TimerEvent: {}
[54.345070] (-) TimerEvent: {}
[54.445362] (-) TimerEvent: {}
[54.545740] (-) TimerEvent: {}
[54.646114] (-) TimerEvent: {}
[54.746362] (-) TimerEvent: {}
[54.846605] (-) TimerEvent: {}
[54.946891] (-) TimerEvent: {}
[55.047103] (-) TimerEvent: {}
[55.147503] (-) TimerEvent: {}
[55.247765] (-) TimerEvent: {}
[55.348029] (-) TimerEvent: {}
[55.448321] (-) TimerEvent: {}
[55.548671] (-) TimerEvent: {}
[55.648944] (-) TimerEvent: {}
[55.749196] (-) TimerEvent: {}
[55.849436] (-) TimerEvent: {}
[55.949692] (-) TimerEvent: {}
[56.050026] (-) TimerEvent: {}
[56.150258] (-) TimerEvent: {}
[56.250489] (-) TimerEvent: {}
[56.350720] (-) TimerEvent: {}
[56.451027] (-) TimerEvent: {}
[56.551237] (-) TimerEvent: {}
[56.651467] (-) TimerEvent: {}
[56.751695] (-) TimerEvent: {}
[56.851912] (-) TimerEvent: {}
[56.952151] (-) TimerEvent: {}
[57.052375] (-) TimerEvent: {}
[57.152610] (-) TimerEvent: {}
[57.252824] (-) TimerEvent: {}
[57.353091] (-) TimerEvent: {}
[57.453334] (-) TimerEvent: {}
[57.553555] (-) TimerEvent: {}
[57.653762] (-) TimerEvent: {}
[57.753965] (-) TimerEvent: {}
[57.854247] (-) TimerEvent: {}
[57.954570] (-) TimerEvent: {}
[58.054879] (-) TimerEvent: {}
[58.155104] (-) TimerEvent: {}
[58.255368] (-) TimerEvent: {}
[58.355691] (-) TimerEvent: {}
[58.455900] (-) TimerEvent: {}
[58.556062] (-) TimerEvent: {}
[58.656347] (-) TimerEvent: {}
[58.756587] (-) TimerEvent: {}
[58.856803] (-) TimerEvent: {}
[58.957062] (-) TimerEvent: {}
[59.057278] (-) TimerEvent: {}
[59.157520] (-) TimerEvent: {}
[59.257770] (-) TimerEvent: {}
[59.358010] (-) TimerEvent: {}
[59.458229] (-) TimerEvent: {}
[59.558484] (-) TimerEvent: {}
[59.658687] (-) TimerEvent: {}
[59.758918] (-) TimerEvent: {}
[59.859149] (-) TimerEvent: {}
[59.959388] (-) TimerEvent: {}
[60.059683] (-) TimerEvent: {}
[60.159953] (-) TimerEvent: {}
[60.260225] (-) TimerEvent: {}
[60.360478] (-) TimerEvent: {}
[60.460730] (-) TimerEvent: {}
[60.560979] (-) TimerEvent: {}
[60.661201] (-) TimerEvent: {}
[60.761409] (-) TimerEvent: {}
[60.861661] (-) TimerEvent: {}
[60.961870] (-) TimerEvent: {}
[61.062059] (-) TimerEvent: {}
[61.130545] (orbbec_camera_msgs) CommandEnded: {'returncode': 0}
[61.131549] (orbbec_camera_msgs) JobProgress: {'identifier': 'orbbec_camera_msgs', 'progress': 'install'}
[61.132037] (orbbec_camera_msgs) Command: {'cmd': ['/usr/bin/cmake', '--install', '/home/sophie/isaac_lab/isaac_ws/rl_code/soarm100sim/third_party/orbbec_293_ws/build/orbbec_camera_msgs'], 'cwd': '/home/sophie/isaac_lab/isaac_ws/rl_code/soarm100sim/third_party/orbbec_293_ws/build/orbbec_camera_msgs', 'env': OrderedDict([('USER', 'sophie'), ('SHLVL', '0'), ('LD_LIBRARY_PATH', '/usr/lib/x86_64-linux-gnu/gazebo-11/plugins:/opt/ros/humble/opt/rviz_ogre_vendor/lib:/opt/ros/humble/lib/x86_64-linux-gnu:/opt/ros/humble/lib'), ('HOME', '/home/sophie'), ('ROS_PYTHON_VERSION', '3'), ('ROS_DISTRO', 'humble'), ('_', '/usr/bin/colcon'), ('ROS_VERSION', '2'), ('ROS_LOCALHOST_ONLY', '0'), ('PATH', '/opt/ros/humble/bin:/usr/local/sbin:/usr/local/bin:/usr/sbin:/usr/bin:/sbin:/bin'), ('LANG', 'C.UTF-8'), ('AMENT_PREFIX_PATH', '/opt/ros/humble'), ('PWD', '/home/sophie/isaac_lab/isaac_ws/rl_code/soarm100sim/third_party/orbbec_293_ws/build/orbbec_camera_msgs'), ('PYTHONPATH', '/opt/ros/humble/lib/python3.10/site-packages:/opt/ros/humble/local/lib/python3.10/dist-packages'), ('COLCON', '1'), ('CMAKE_PREFIX_PATH', '/opt/ros/humble')]), 'shell': False}
[61.144965] (orbbec_camera_msgs) StdoutLine: {'line': b'-- Install configuration: "Release"\n'}
[61.145319] (orbbec_camera_msgs) StdoutLine: {'line': b'-- Installing: /home/sophie/isaac_lab/isaac_ws/rl_code/soarm100sim/third_party/orbbec_293_ws/install/orbbec_camera_msgs/share/ament_index/resource_index/rosidl_interfaces/orbbec_camera_msgs\n'}
[61.145851] (orbbec_camera_msgs) StdoutLine: {'line': b'-- Installing: /home/sophie/isaac_lab/isaac_ws/rl_code/soarm100sim/third_party/orbbec_293_ws/install/orbbec_camera_msgs/include/orbbec_camera_msgs/orbbec_camera_msgs\n'}
[61.145917] (orbbec_camera_msgs) StdoutLine: {'line': b'-- Installing: /home/sophie/isaac_lab/isaac_ws/rl_code/soarm100sim/third_party/orbbec_293_ws/install/orbbec_camera_msgs/include/orbbec_camera_msgs/orbbec_camera_msgs/srv\n'}
[61.146007] (orbbec_camera_msgs) StdoutLine: {'line': b'-- Installing: /home/sophie/isaac_lab/isaac_ws/rl_code/soarm100sim/third_party/orbbec_293_ws/install/orbbec_camera_msgs/include/orbbec_camera_msgs/orbbec_camera_msgs/srv/detail\n'}
[61.146266] (orbbec_camera_msgs) StdoutLine: {'line': b'-- Installing: /home/sophie/isaac_lab/isaac_ws/rl_code/soarm100sim/third_party/orbbec_293_ws/install/orbbec_camera_msgs/include/orbbec_camera_msgs/orbbec_camera_msgs/srv/detail/get_bool__type_support.h\n'}
[61.146468] (orbbec_camera_msgs) StdoutLine: {'line': b'-- Installing: /home/sophie/isaac_lab/isaac_ws/rl_code/soarm100sim/third_party/orbbec_293_ws/install/orbbec_camera_msgs/include/orbbec_camera_msgs/orbbec_camera_msgs/srv/detail/get_int32__functions.h\n'}
[61.146647] (orbbec_camera_msgs) StdoutLine: {'line': b'-- Installing: /home/sophie/isaac_lab/isaac_ws/rl_code/soarm100sim/third_party/orbbec_293_ws/install/orbbec_camera_msgs/include/orbbec_camera_msgs/orbbec_camera_msgs/srv/detail/set_bag_recording__type_support.h\n'}
[61.146812] (orbbec_camera_msgs) StdoutLine: {'line': b'-- Installing: /home/sophie/isaac_lab/isaac_ws/rl_code/soarm100sim/third_party/orbbec_293_ws/install/orbbec_camera_msgs/include/orbbec_camera_msgs/orbbec_camera_msgs/srv/detail/set_stream_profile__struct.h\n'}
[61.146873] (orbbec_camera_msgs) StdoutLine: {'line': b'-- Installing: /home/sophie/isaac_lab/isaac_ws/rl_code/soarm100sim/third_party/orbbec_293_ws/install/orbbec_camera_msgs/include/orbbec_camera_msgs/orbbec_camera_msgs/srv/detail/get_string__functions.c\n'}
[61.147112] (orbbec_camera_msgs) StdoutLine: {'line': b'-- Installing: /home/sophie/isaac_lab/isaac_ws/rl_code/soarm100sim/third_party/orbbec_293_ws/install/orbbec_camera_msgs/include/orbbec_camera_msgs/orbbec_camera_msgs/srv/detail/set_arrays__functions.h\n'}
[61.147215] (orbbec_camera_msgs) StdoutLine: {'line': b'-- Installing: /home/sophie/isaac_lab/isaac_ws/rl_code/soarm100sim/third_party/orbbec_293_ws/install/orbbec_camera_msgs/include/orbbec_camera_msgs/orbbec_camera_msgs/srv/detail/get_user_calib_params__functions.h\n'}
[61.147459] (orbbec_camera_msgs) StdoutLine: {'line': b'-- Installing: /home/sophie/isaac_lab/isaac_ws/rl_code/soarm100sim/third_party/orbbec_293_ws/install/orbbec_camera_msgs/include/orbbec_camera_msgs/orbbec_camera_msgs/srv/detail/get_device_config__functions.h\n'}
[61.147546] (orbbec_camera_msgs) StdoutLine: {'line': b'-- Installing: /home/sophie/isaac_lab/isaac_ws/rl_code/soarm100sim/third_party/orbbec_293_ws/install/orbbec_camera_msgs/include/orbbec_camera_msgs/orbbec_camera_msgs/srv/detail/set_bag_recording__functions.h\n'}
[61.147782] (orbbec_camera_msgs) StdoutLine: {'line': b'-- Installing: /home/sophie/isaac_lab/isaac_ws/rl_code/soarm100sim/third_party/orbbec_293_ws/install/orbbec_camera_msgs/include/orbbec_camera_msgs/orbbec_camera_msgs/srv/detail/set_int32__struct.h\n'}
[61.147851] (orbbec_camera_msgs) StdoutLine: {'line': b'-- Installing: /home/sophie/isaac_lab/isaac_ws/rl_code/soarm100sim/third_party/orbbec_293_ws/install/orbbec_camera_msgs/include/orbbec_camera_msgs/orbbec_camera_msgs/srv/detail/get_device_config__type_support.h\n'}
[61.148076] (orbbec_camera_msgs) StdoutLine: {'line': b'-- Installing: /home/sophie/isaac_lab/isaac_ws/rl_code/soarm100sim/third_party/orbbec_293_ws/install/orbbec_camera_msgs/include/orbbec_camera_msgs/orbbec_camera_msgs/srv/detail/get_user_calib_params__struct.h\n'}
[61.148139] (orbbec_camera_msgs) StdoutLine: {'line': b'-- Installing: /home/sophie/isaac_lab/isaac_ws/rl_code/soarm100sim/third_party/orbbec_293_ws/install/orbbec_camera_msgs/include/orbbec_camera_msgs/orbbec_camera_msgs/srv/detail/get_string__struct.h\n'}
[61.148282] (orbbec_camera_msgs) StdoutLine: {'line': b'-- Installing: /home/sophie/isaac_lab/isaac_ws/rl_code/soarm100sim/third_party/orbbec_293_ws/install/orbbec_camera_msgs/include/orbbec_camera_msgs/orbbec_camera_msgs/srv/detail/set_string__functions.c\n'}
[61.148448] (orbbec_camera_msgs) StdoutLine: {'line': b'-- Installing: /home/sophie/isaac_lab/isaac_ws/rl_code/soarm100sim/third_party/orbbec_293_ws/install/orbbec_camera_msgs/include/orbbec_camera_msgs/orbbec_camera_msgs/srv/detail/get_bool__functions.c\n'}
[61.148607] (orbbec_camera_msgs) StdoutLine: {'line': b'-- Installing: /home/sophie/isaac_lab/isaac_ws/rl_code/soarm100sim/third_party/orbbec_293_ws/install/orbbec_camera_msgs/include/orbbec_camera_msgs/orbbec_camera_msgs/srv/detail/get_camera_info__struct.h\n'}
[61.148773] (orbbec_camera_msgs) StdoutLine: {'line': b'-- Installing: /home/sophie/isaac_lab/isaac_ws/rl_code/soarm100sim/third_party/orbbec_293_ws/install/orbbec_camera_msgs/include/orbbec_camera_msgs/orbbec_camera_msgs/srv/detail/set_int32__functions.c\n'}
[61.148945] (orbbec_camera_msgs) StdoutLine: {'line': b'-- Installing: /home/sophie/isaac_lab/isaac_ws/rl_code/soarm100sim/third_party/orbbec_293_ws/install/orbbec_camera_msgs/include/orbbec_camera_msgs/orbbec_camera_msgs/srv/detail/get_user_calib_params__functions.c\n'}
[61.149135] (orbbec_camera_msgs) StdoutLine: {'line': b'-- Installing: /home/sophie/isaac_lab/isaac_ws/rl_code/soarm100sim/third_party/orbbec_293_ws/install/orbbec_camera_msgs/include/orbbec_camera_msgs/orbbec_camera_msgs/srv/detail/set_string__type_support.h\n'}
[61.149299] (orbbec_camera_msgs) StdoutLine: {'line': b'-- Installing: /home/sophie/isaac_lab/isaac_ws/rl_code/soarm100sim/third_party/orbbec_293_ws/install/orbbec_camera_msgs/include/orbbec_camera_msgs/orbbec_camera_msgs/srv/detail/get_device_info__struct.h\n'}
[61.149560] (orbbec_camera_msgs) StdoutLine: {'line': b'-- Installing: /home/sophie/isaac_lab/isaac_ws/rl_code/soarm100sim/third_party/orbbec_293_ws/install/orbbec_camera_msgs/include/orbbec_camera_msgs/orbbec_camera_msgs/srv/detail/set_arrays__struct.h\n'}
[61.150148] (orbbec_camera_msgs) StdoutLine: {'line': b'-- Installing: /home/sophie/isaac_lab/isaac_ws/rl_code/soarm100sim/third_party/orbbec_293_ws/install/orbbec_camera_msgs/include/orbbec_camera_msgs/orbbec_camera_msgs/srv/detail/set_arrays__type_support.h\n'}
[61.151854] (orbbec_camera_msgs) StdoutLine: {'line': b'-- Installing: /home/sophie/isaac_lab/isaac_ws/rl_code/soarm100sim/third_party/orbbec_293_ws/install/orbbec_camera_msgs/include/orbbec_camera_msgs/orbbec_camera_msgs/srv/detail/set_user_calib_params__type_support.h\n'}
[61.151968] (orbbec_camera_msgs) StdoutLine: {'line': b'-- Installing: /home/sophie/isaac_lab/isaac_ws/rl_code/soarm100sim/third_party/orbbec_293_ws/install/orbbec_camera_msgs/include/orbbec_camera_msgs/orbbec_camera_msgs/srv/detail/get_bool__functions.h\n'}
[61.152059] (orbbec_camera_msgs) StdoutLine: {'line': b'-- Installing: /home/sophie/isaac_lab/isaac_ws/rl_code/soarm100sim/third_party/orbbec_293_ws/install/orbbec_camera_msgs/include/orbbec_camera_msgs/orbbec_camera_msgs/srv/detail/set_string__functions.h\n'}
[61.152125] (orbbec_camera_msgs) StdoutLine: {'line': b'-- Installing: /home/sophie/isaac_lab/isaac_ws/rl_code/soarm100sim/third_party/orbbec_293_ws/install/orbbec_camera_msgs/include/orbbec_camera_msgs/orbbec_camera_msgs/srv/detail/get_camera_info__type_support.h\n'}
[61.152185] (orbbec_camera_msgs) StdoutLine: {'line': b'-- Installing: /home/sophie/isaac_lab/isaac_ws/rl_code/soarm100sim/third_party/orbbec_293_ws/install/orbbec_camera_msgs/include/orbbec_camera_msgs/orbbec_camera_msgs/srv/detail/get_device_info__functions.h\n'}
[61.152244] (orbbec_camera_msgs) StdoutLine: {'line': b'-- Installing: /home/sophie/isaac_lab/isaac_ws/rl_code/soarm100sim/third_party/orbbec_293_ws/install/orbbec_camera_msgs/include/orbbec_camera_msgs/orbbec_camera_msgs/srv/detail/get_camera_info__functions.h\n'}
[61.152300] (orbbec_camera_msgs) StdoutLine: {'line': b'-- Installing: /home/sophie/isaac_lab/isaac_ws/rl_code/soarm100sim/third_party/orbbec_293_ws/install/orbbec_camera_msgs/include/orbbec_camera_msgs/orbbec_camera_msgs/srv/detail/get_string__type_support.h\n'}
[61.152355] (orbbec_camera_msgs) StdoutLine: {'line': b'-- Installing: /home/sophie/isaac_lab/isaac_ws/rl_code/soarm100sim/third_party/orbbec_293_ws/install/orbbec_camera_msgs/include/orbbec_camera_msgs/orbbec_camera_msgs/srv/detail/set_int32__functions.h\n'}
[61.152411] (orbbec_camera_msgs) StdoutLine: {'line': b'-- Installing: /home/sophie/isaac_lab/isaac_ws/rl_code/soarm100sim/third_party/orbbec_293_ws/install/orbbec_camera_msgs/include/orbbec_camera_msgs/orbbec_camera_msgs/srv/detail/get_device_config__struct.h\n'}
[61.152466] (orbbec_camera_msgs) StdoutLine: {'line': b'-- Installing: /home/sophie/isaac_lab/isaac_ws/rl_code/soarm100sim/third_party/orbbec_293_ws/install/orbbec_camera_msgs/include/orbbec_camera_msgs/orbbec_camera_msgs/srv/detail/set_stream_profile__functions.c\n'}
[61.152520] (orbbec_camera_msgs) StdoutLine: {'line': b'-- Installing: /home/sophie/isaac_lab/isaac_ws/rl_code/soarm100sim/third_party/orbbec_293_ws/install/orbbec_camera_msgs/include/orbbec_camera_msgs/orbbec_camera_msgs/srv/detail/get_bool__struct.h\n'}
[61.152576] (orbbec_camera_msgs) StdoutLine: {'line': b'-- Installing: /home/sophie/isaac_lab/isaac_ws/rl_code/soarm100sim/third_party/orbbec_293_ws/install/orbbec_camera_msgs/include/orbbec_camera_msgs/orbbec_camera_msgs/srv/detail/set_filter__functions.h\n'}
[61.152895] (orbbec_camera_msgs) StdoutLine: {'line': b'-- Installing: /home/sophie/isaac_lab/isaac_ws/rl_code/soarm100sim/third_party/orbbec_293_ws/install/orbbec_camera_msgs/include/orbbec_camera_msgs/orbbec_camera_msgs/srv/detail/set_user_calib_params__struct.h\n'}
[61.152959] (orbbec_camera_msgs) StdoutLine: {'line': b'-- Installing: /home/sophie/isaac_lab/isaac_ws/rl_code/soarm100sim/third_party/orbbec_293_ws/install/orbbec_camera_msgs/include/orbbec_camera_msgs/orbbec_camera_msgs/srv/detail/set_user_calib_params__functions.c\n'}
[61.153124] (orbbec_camera_msgs) StdoutLine: {'line': b'-- Installing: /home/sophie/isaac_lab/isaac_ws/rl_code/soarm100sim/third_party/orbbec_293_ws/install/orbbec_camera_msgs/include/orbbec_camera_msgs/orbbec_camera_msgs/srv/detail/set_bag_recording__functions.c\n'}
[61.153184] (orbbec_camera_msgs) StdoutLine: {'line': b'-- Installing: /home/sophie/isaac_lab/isaac_ws/rl_code/soarm100sim/third_party/orbbec_293_ws/install/orbbec_camera_msgs/include/orbbec_camera_msgs/orbbec_camera_msgs/srv/detail/set_string__struct.h\n'}
[61.153244] (orbbec_camera_msgs) StdoutLine: {'line': b'-- Installing: /home/sophie/isaac_lab/isaac_ws/rl_code/soarm100sim/third_party/orbbec_293_ws/install/orbbec_camera_msgs/include/orbbec_camera_msgs/orbbec_camera_msgs/srv/detail/set_int32__type_support.h\n'}
[61.153302] (orbbec_camera_msgs) StdoutLine: {'line': b'-- Installing: /home/sophie/isaac_lab/isaac_ws/rl_code/soarm100sim/third_party/orbbec_293_ws/install/orbbec_camera_msgs/include/orbbec_camera_msgs/orbbec_camera_msgs/srv/detail/set_filter__struct.h\n'}
[61.153360] (orbbec_camera_msgs) StdoutLine: {'line': b'-- Installing: /home/sophie/isaac_lab/isaac_ws/rl_code/soarm100sim/third_party/orbbec_293_ws/install/orbbec_camera_msgs/include/orbbec_camera_msgs/orbbec_camera_msgs/srv/detail/get_device_info__functions.c\n'}
[61.153584] (orbbec_camera_msgs) StdoutLine: {'line': b'-- Installing: /home/sophie/isaac_lab/isaac_ws/rl_code/soarm100sim/third_party/orbbec_293_ws/install/orbbec_camera_msgs/include/orbbec_camera_msgs/orbbec_camera_msgs/srv/detail/set_bag_recording__struct.h\n'}
[61.153658] (orbbec_camera_msgs) StdoutLine: {'line': b'-- Installing: /home/sophie/isaac_lab/isaac_ws/rl_code/soarm100sim/third_party/orbbec_293_ws/install/orbbec_camera_msgs/include/orbbec_camera_msgs/orbbec_camera_msgs/srv/detail/set_stream_profile__type_support.h\n'}
[61.153728] (orbbec_camera_msgs) StdoutLine: {'line': b'-- Installing: /home/sophie/isaac_lab/isaac_ws/rl_code/soarm100sim/third_party/orbbec_293_ws/install/orbbec_camera_msgs/include/orbbec_camera_msgs/orbbec_camera_msgs/srv/detail/get_device_config__functions.c\n'}
[61.153930] (orbbec_camera_msgs) StdoutLine: {'line': b'-- Installing: /home/sophie/isaac_lab/isaac_ws/rl_code/soarm100sim/third_party/orbbec_293_ws/install/orbbec_camera_msgs/include/orbbec_camera_msgs/orbbec_camera_msgs/srv/detail/set_filter__type_support.h\n'}
[61.153993] (orbbec_camera_msgs) StdoutLine: {'line': b'-- Installing: /home/sophie/isaac_lab/isaac_ws/rl_code/soarm100sim/third_party/orbbec_293_ws/install/orbbec_camera_msgs/include/orbbec_camera_msgs/orbbec_camera_msgs/srv/detail/get_int32__struct.h\n'}
[61.154149] (orbbec_camera_msgs) StdoutLine: {'line': b'-- Installing: /home/sophie/isaac_lab/isaac_ws/rl_code/soarm100sim/third_party/orbbec_293_ws/install/orbbec_camera_msgs/include/orbbec_camera_msgs/orbbec_camera_msgs/srv/detail/get_user_calib_params__type_support.h\n'}
[61.154307] (orbbec_camera_msgs) StdoutLine: {'line': b'-- Installing: /home/sophie/isaac_lab/isaac_ws/rl_code/soarm100sim/third_party/orbbec_293_ws/install/orbbec_camera_msgs/include/orbbec_camera_msgs/orbbec_camera_msgs/srv/detail/get_camera_info__functions.c\n'}
[61.154455] (orbbec_camera_msgs) StdoutLine: {'line': b'-- Installing: /home/sophie/isaac_lab/isaac_ws/rl_code/soarm100sim/third_party/orbbec_293_ws/install/orbbec_camera_msgs/include/orbbec_camera_msgs/orbbec_camera_msgs/srv/detail/set_stream_profile__functions.h\n'}
[61.154647] (orbbec_camera_msgs) StdoutLine: {'line': b'-- Installing: /home/sophie/isaac_lab/isaac_ws/rl_code/soarm100sim/third_party/orbbec_293_ws/install/orbbec_camera_msgs/include/orbbec_camera_msgs/orbbec_camera_msgs/srv/detail/get_int32__type_support.h\n'}
[61.154813] (orbbec_camera_msgs) StdoutLine: {'line': b'-- Installing: /home/sophie/isaac_lab/isaac_ws/rl_code/soarm100sim/third_party/orbbec_293_ws/install/orbbec_camera_msgs/include/orbbec_camera_msgs/orbbec_camera_msgs/srv/detail/set_filter__functions.c\n'}
[61.155014] (orbbec_camera_msgs) StdoutLine: {'line': b'-- Installing: /home/sophie/isaac_lab/isaac_ws/rl_code/soarm100sim/third_party/orbbec_293_ws/install/orbbec_camera_msgs/include/orbbec_camera_msgs/orbbec_camera_msgs/srv/detail/set_user_calib_params__functions.h\n'}
[61.155242] (orbbec_camera_msgs) StdoutLine: {'line': b'-- Installing: /home/sophie/isaac_lab/isaac_ws/rl_code/soarm100sim/third_party/orbbec_293_ws/install/orbbec_camera_msgs/include/orbbec_camera_msgs/orbbec_camera_msgs/srv/detail/get_device_info__type_support.h\n'}
[61.155412] (orbbec_camera_msgs) StdoutLine: {'line': b'-- Installing: /home/sophie/isaac_lab/isaac_ws/rl_code/soarm100sim/third_party/orbbec_293_ws/install/orbbec_camera_msgs/include/orbbec_camera_msgs/orbbec_camera_msgs/srv/detail/get_int32__functions.c\n'}
[61.155600] (orbbec_camera_msgs) StdoutLine: {'line': b'-- Installing: /home/sophie/isaac_lab/isaac_ws/rl_code/soarm100sim/third_party/orbbec_293_ws/install/orbbec_camera_msgs/include/orbbec_camera_msgs/orbbec_camera_msgs/srv/detail/get_string__functions.h\n'}
[61.155783] (orbbec_camera_msgs) StdoutLine: {'line': b'-- Installing: /home/sophie/isaac_lab/isaac_ws/rl_code/soarm100sim/third_party/orbbec_293_ws/install/orbbec_camera_msgs/include/orbbec_camera_msgs/orbbec_camera_msgs/srv/detail/set_arrays__functions.c\n'}
[61.155982] (orbbec_camera_msgs) StdoutLine: {'line': b'-- Installing: /home/sophie/isaac_lab/isaac_ws/rl_code/soarm100sim/third_party/orbbec_293_ws/install/orbbec_camera_msgs/include/orbbec_camera_msgs/orbbec_camera_msgs/srv/get_int32.h\n'}
[61.156131] (orbbec_camera_msgs) StdoutLine: {'line': b'-- Installing: /home/sophie/isaac_lab/isaac_ws/rl_code/soarm100sim/third_party/orbbec_293_ws/install/orbbec_camera_msgs/include/orbbec_camera_msgs/orbbec_camera_msgs/srv/set_user_calib_params.h\n'}
[61.156285] (orbbec_camera_msgs) StdoutLine: {'line': b'-- Installing: /home/sophie/isaac_lab/isaac_ws/rl_code/soarm100sim/third_party/orbbec_293_ws/install/orbbec_camera_msgs/include/orbbec_camera_msgs/orbbec_camera_msgs/srv/set_string.h\n'}
[61.156470] (orbbec_camera_msgs) StdoutLine: {'line': b'-- Installing: /home/sophie/isaac_lab/isaac_ws/rl_code/soarm100sim/third_party/orbbec_293_ws/install/orbbec_camera_msgs/include/orbbec_camera_msgs/orbbec_camera_msgs/srv/get_bool.h\n'}
[61.156623] (orbbec_camera_msgs) StdoutLine: {'line': b'-- Installing: /home/sophie/isaac_lab/isaac_ws/rl_code/soarm100sim/third_party/orbbec_293_ws/install/orbbec_camera_msgs/include/orbbec_camera_msgs/orbbec_camera_msgs/srv/get_device_config.h\n'}
[61.156773] (orbbec_camera_msgs) StdoutLine: {'line': b'-- Installing: /home/sophie/isaac_lab/isaac_ws/rl_code/soarm100sim/third_party/orbbec_293_ws/install/orbbec_camera_msgs/include/orbbec_camera_msgs/orbbec_camera_msgs/srv/get_string.h\n'}
[61.156927] (orbbec_camera_msgs) StdoutLine: {'line': b'-- Installing: /home/sophie/isaac_lab/isaac_ws/rl_code/soarm100sim/third_party/orbbec_293_ws/install/orbbec_camera_msgs/include/orbbec_camera_msgs/orbbec_camera_msgs/srv/get_device_info.h\n'}
[61.157089] (orbbec_camera_msgs) StdoutLine: {'line': b'-- Installing: /home/sophie/isaac_lab/isaac_ws/rl_code/soarm100sim/third_party/orbbec_293_ws/install/orbbec_camera_msgs/include/orbbec_camera_msgs/orbbec_camera_msgs/srv/set_filter.h\n'}
[61.157254] (orbbec_camera_msgs) StdoutLine: {'line': b'-- Installing: /home/sophie/isaac_lab/isaac_ws/rl_code/soarm100sim/third_party/orbbec_293_ws/install/orbbec_camera_msgs/include/orbbec_camera_msgs/orbbec_camera_msgs/srv/set_arrays.h\n'}
[61.157419] (orbbec_camera_msgs) StdoutLine: {'line': b'-- Installing: /home/sophie/isaac_lab/isaac_ws/rl_code/soarm100sim/third_party/orbbec_293_ws/install/orbbec_camera_msgs/include/orbbec_camera_msgs/orbbec_camera_msgs/srv/set_bag_recording.h\n'}
[61.157565] (orbbec_camera_msgs) StdoutLine: {'line': b'-- Installing: /home/sophie/isaac_lab/isaac_ws/rl_code/soarm100sim/third_party/orbbec_293_ws/install/orbbec_camera_msgs/include/orbbec_camera_msgs/orbbec_camera_msgs/srv/get_user_calib_params.h\n'}
[61.157709] (orbbec_camera_msgs) StdoutLine: {'line': b'-- Installing: /home/sophie/isaac_lab/isaac_ws/rl_code/soarm100sim/third_party/orbbec_293_ws/install/orbbec_camera_msgs/include/orbbec_camera_msgs/orbbec_camera_msgs/srv/set_int32.h\n'}
[61.157839] (orbbec_camera_msgs) StdoutLine: {'line': b'-- Installing: /home/sophie/isaac_lab/isaac_ws/rl_code/soarm100sim/third_party/orbbec_293_ws/install/orbbec_camera_msgs/include/orbbec_camera_msgs/orbbec_camera_msgs/srv/get_camera_info.h\n'}
[61.157974] (orbbec_camera_msgs) StdoutLine: {'line': b'-- Installing: /home/sophie/isaac_lab/isaac_ws/rl_code/soarm100sim/third_party/orbbec_293_ws/install/orbbec_camera_msgs/include/orbbec_camera_msgs/orbbec_camera_msgs/srv/set_stream_profile.h\n'}
[61.158125] (orbbec_camera_msgs) StdoutLine: {'line': b'-- Installing: /home/sophie/isaac_lab/isaac_ws/rl_code/soarm100sim/third_party/orbbec_293_ws/install/orbbec_camera_msgs/include/orbbec_camera_msgs/orbbec_camera_msgs/msg\n'}
[61.158258] (orbbec_camera_msgs) StdoutLine: {'line': b'-- Installing: /home/sophie/isaac_lab/isaac_ws/rl_code/soarm100sim/third_party/orbbec_293_ws/install/orbbec_camera_msgs/include/orbbec_camera_msgs/orbbec_camera_msgs/msg/metadata.h\n'}
[61.158402] (orbbec_camera_msgs) StdoutLine: {'line': b'-- Installing: /home/sophie/isaac_lab/isaac_ws/rl_code/soarm100sim/third_party/orbbec_293_ws/install/orbbec_camera_msgs/include/orbbec_camera_msgs/orbbec_camera_msgs/msg/detail\n'}
[61.158526] (orbbec_camera_msgs) StdoutLine: {'line': b'-- Installing: /home/sophie/isaac_lab/isaac_ws/rl_code/soarm100sim/third_party/orbbec_293_ws/install/orbbec_camera_msgs/include/orbbec_camera_msgs/orbbec_camera_msgs/msg/detail/depth_filter_state__functions.h\n'}
[61.158676] (orbbec_camera_msgs) StdoutLine: {'line': b'-- Installing: /home/sophie/isaac_lab/isaac_ws/rl_code/soarm100sim/third_party/orbbec_293_ws/install/orbbec_camera_msgs/include/orbbec_camera_msgs/orbbec_camera_msgs/msg/detail/rgbd__struct.h\n'}
[61.158808] (orbbec_camera_msgs) StdoutLine: {'line': b'-- Installing: /home/sophie/isaac_lab/isaac_ws/rl_code/soarm100sim/third_party/orbbec_293_ws/install/orbbec_camera_msgs/include/orbbec_camera_msgs/orbbec_camera_msgs/msg/detail/imu_info__functions.c\n'}
[61.158952] (orbbec_camera_msgs) StdoutLine: {'line': b'-- Installing: /home/sophie/isaac_lab/isaac_ws/rl_code/soarm100sim/third_party/orbbec_293_ws/install/orbbec_camera_msgs/include/orbbec_camera_msgs/orbbec_camera_msgs/msg/detail/metadata__functions.c\n'}
[61.159102] (orbbec_camera_msgs) StdoutLine: {'line': b'-- Installing: /home/sophie/isaac_lab/isaac_ws/rl_code/soarm100sim/third_party/orbbec_293_ws/install/orbbec_camera_msgs/include/orbbec_camera_msgs/orbbec_camera_msgs/msg/detail/rgbd__functions.h\n'}
[61.159245] (orbbec_camera_msgs) StdoutLine: {'line': b'-- Installing: /home/sophie/isaac_lab/isaac_ws/rl_code/soarm100sim/third_party/orbbec_293_ws/install/orbbec_camera_msgs/include/orbbec_camera_msgs/orbbec_camera_msgs/msg/detail/stream_profile__struct.h\n'}
[61.159380] (orbbec_camera_msgs) StdoutLine: {'line': b'-- Installing: /home/sophie/isaac_lab/isaac_ws/rl_code/soarm100sim/third_party/orbbec_293_ws/install/orbbec_camera_msgs/include/orbbec_camera_msgs/orbbec_camera_msgs/msg/detail/extrinsics__type_support.h\n'}
[61.159508] (orbbec_camera_msgs) StdoutLine: {'line': b'-- Installing: /home/sophie/isaac_lab/isaac_ws/rl_code/soarm100sim/third_party/orbbec_293_ws/install/orbbec_camera_msgs/include/orbbec_camera_msgs/orbbec_camera_msgs/msg/detail/imu_info__struct.h\n'}
[61.159644] (orbbec_camera_msgs) StdoutLine: {'line': b'-- Installing: /home/sophie/isaac_lab/isaac_ws/rl_code/soarm100sim/third_party/orbbec_293_ws/install/orbbec_camera_msgs/include/orbbec_camera_msgs/orbbec_camera_msgs/msg/detail/metadata__functions.h\n'}
[61.159781] (orbbec_camera_msgs) StdoutLine: {'line': b'-- Installing: /home/sophie/isaac_lab/isaac_ws/rl_code/soarm100sim/third_party/orbbec_293_ws/install/orbbec_camera_msgs/include/orbbec_camera_msgs/orbbec_camera_msgs/msg/detail/device_status__functions.h\n'}
[61.159917] (orbbec_camera_msgs) StdoutLine: {'line': b'-- Installing: /home/sophie/isaac_lab/isaac_ws/rl_code/soarm100sim/third_party/orbbec_293_ws/install/orbbec_camera_msgs/include/orbbec_camera_msgs/orbbec_camera_msgs/msg/detail/device_info__struct.h\n'}
[61.160054] (orbbec_camera_msgs) StdoutLine: {'line': b'-- Installing: /home/sophie/isaac_lab/isaac_ws/rl_code/soarm100sim/third_party/orbbec_293_ws/install/orbbec_camera_msgs/include/orbbec_camera_msgs/orbbec_camera_msgs/msg/detail/rgbd__functions.c\n'}
[61.160210] (orbbec_camera_msgs) StdoutLine: {'line': b'-- Installing: /home/sophie/isaac_lab/isaac_ws/rl_code/soarm100sim/third_party/orbbec_293_ws/install/orbbec_camera_msgs/include/orbbec_camera_msgs/orbbec_camera_msgs/msg/detail/metadata__struct.h\n'}
[61.160382] (orbbec_camera_msgs) StdoutLine: {'line': b'-- Installing: /home/sophie/isaac_lab/isaac_ws/rl_code/soarm100sim/third_party/orbbec_293_ws/install/orbbec_camera_msgs/include/orbbec_camera_msgs/orbbec_camera_msgs/msg/detail/depth_filters_status__functions.c\n'}
[61.160543] (orbbec_camera_msgs) StdoutLine: {'line': b'-- Installing: /home/sophie/isaac_lab/isaac_ws/rl_code/soarm100sim/third_party/orbbec_293_ws/install/orbbec_camera_msgs/include/orbbec_camera_msgs/orbbec_camera_msgs/msg/detail/depth_filter_state__struct.h\n'}
[61.160667] (orbbec_camera_msgs) StdoutLine: {'line': b'-- Installing: /home/sophie/isaac_lab/isaac_ws/rl_code/soarm100sim/third_party/orbbec_293_ws/install/orbbec_camera_msgs/include/orbbec_camera_msgs/orbbec_camera_msgs/msg/detail/depth_filter_state__type_support.h\n'}
[61.160786] (orbbec_camera_msgs) StdoutLine: {'line': b'-- Installing: /home/sophie/isaac_lab/isaac_ws/rl_code/soarm100sim/third_party/orbbec_293_ws/install/orbbec_camera_msgs/include/orbbec_camera_msgs/orbbec_camera_msgs/msg/detail/metadata__type_support.h\n'}
[61.160919] (orbbec_camera_msgs) StdoutLine: {'line': b'-- Installing: /home/sophie/isaac_lab/isaac_ws/rl_code/soarm100sim/third_party/orbbec_293_ws/install/orbbec_camera_msgs/include/orbbec_camera_msgs/orbbec_camera_msgs/msg/detail/imu_info__type_support.h\n'}
[61.161067] (orbbec_camera_msgs) StdoutLine: {'line': b'-- Installing: /home/sophie/isaac_lab/isaac_ws/rl_code/soarm100sim/third_party/orbbec_293_ws/install/orbbec_camera_msgs/include/orbbec_camera_msgs/orbbec_camera_msgs/msg/detail/device_info__type_support.h\n'}
[61.161177] (orbbec_camera_msgs) StdoutLine: {'line': b'-- Installing: /home/sophie/isaac_lab/isaac_ws/rl_code/soarm100sim/third_party/orbbec_293_ws/install/orbbec_camera_msgs/include/orbbec_camera_msgs/orbbec_camera_msgs/msg/detail/rgbd__type_support.h\n'}
[61.161296] (orbbec_camera_msgs) StdoutLine: {'line': b'-- Installing: /home/sophie/isaac_lab/isaac_ws/rl_code/soarm100sim/third_party/orbbec_293_ws/install/orbbec_camera_msgs/include/orbbec_camera_msgs/orbbec_camera_msgs/msg/detail/depth_filter_param__struct.h\n'}
[61.161407] (orbbec_camera_msgs) StdoutLine: {'line': b'-- Installing: /home/sophie/isaac_lab/isaac_ws/rl_code/soarm100sim/third_party/orbbec_293_ws/install/orbbec_camera_msgs/include/orbbec_camera_msgs/orbbec_camera_msgs/msg/detail/extrinsics__struct.h\n'}
[61.161516] (orbbec_camera_msgs) StdoutLine: {'line': b'-- Installing: /home/sophie/isaac_lab/isaac_ws/rl_code/soarm100sim/third_party/orbbec_293_ws/install/orbbec_camera_msgs/include/orbbec_camera_msgs/orbbec_camera_msgs/msg/detail/imu_info__functions.h\n'}
[61.161636] (orbbec_camera_msgs) StdoutLine: {'line': b'-- Installing: /home/sophie/isaac_lab/isaac_ws/rl_code/soarm100sim/third_party/orbbec_293_ws/install/orbbec_camera_msgs/include/orbbec_camera_msgs/orbbec_camera_msgs/msg/detail/depth_filter_param__functions.c\n'}
[61.161749] (orbbec_camera_msgs) StdoutLine: {'line': b'-- Installing: /home/sophie/isaac_lab/isaac_ws/rl_code/soarm100sim/third_party/orbbec_293_ws/install/orbbec_camera_msgs/include/orbbec_camera_msgs/orbbec_camera_msgs/msg/detail/depth_filter_state__functions.c\n'}
[61.161869] (orbbec_camera_msgs) StdoutLine: {'line': b'-- Installing: /home/sophie/isaac_lab/isaac_ws/rl_code/soarm100sim/third_party/orbbec_293_ws/install/orbbec_camera_msgs/include/orbbec_camera_msgs/orbbec_camera_msgs/msg/detail/depth_filters_status__struct.h\n'}
[61.161977] (orbbec_camera_msgs) StdoutLine: {'line': b'-- Installing: /home/sophie/isaac_lab/isaac_ws/rl_code/soarm100sim/third_party/orbbec_293_ws/install/orbbec_camera_msgs/include/orbbec_camera_msgs/orbbec_camera_msgs/msg/detail/device_status__struct.h\n'}
[61.162091] (orbbec_camera_msgs) StdoutLine: {'line': b'-- Installing: /home/sophie/isaac_lab/isaac_ws/rl_code/soarm100sim/third_party/orbbec_293_ws/install/orbbec_camera_msgs/include/orbbec_camera_msgs/orbbec_camera_msgs/msg/detail/stream_profile__type_support.h\n'}
[61.162124] (-) TimerEvent: {}
[61.162211] (orbbec_camera_msgs) StdoutLine: {'line': b'-- Installing: /home/sophie/isaac_lab/isaac_ws/rl_code/soarm100sim/third_party/orbbec_293_ws/install/orbbec_camera_msgs/include/orbbec_camera_msgs/orbbec_camera_msgs/msg/detail/depth_filters_status__type_support.h\n'}
[61.162321] (orbbec_camera_msgs) StdoutLine: {'line': b'-- Installing: /home/sophie/isaac_lab/isaac_ws/rl_code/soarm100sim/third_party/orbbec_293_ws/install/orbbec_camera_msgs/include/orbbec_camera_msgs/orbbec_camera_msgs/msg/detail/device_info__functions.h\n'}
[61.162436] (orbbec_camera_msgs) StdoutLine: {'line': b'-- Installing: /home/sophie/isaac_lab/isaac_ws/rl_code/soarm100sim/third_party/orbbec_293_ws/install/orbbec_camera_msgs/include/orbbec_camera_msgs/orbbec_camera_msgs/msg/detail/stream_profile__functions.c\n'}
[61.162555] (orbbec_camera_msgs) StdoutLine: {'line': b'-- Installing: /home/sophie/isaac_lab/isaac_ws/rl_code/soarm100sim/third_party/orbbec_293_ws/install/orbbec_camera_msgs/include/orbbec_camera_msgs/orbbec_camera_msgs/msg/detail/stream_profile__functions.h\n'}
[61.162669] (orbbec_camera_msgs) StdoutLine: {'line': b'-- Installing: /home/sophie/isaac_lab/isaac_ws/rl_code/soarm100sim/third_party/orbbec_293_ws/install/orbbec_camera_msgs/include/orbbec_camera_msgs/orbbec_camera_msgs/msg/detail/depth_filter_param__type_support.h\n'}
[61.162781] (orbbec_camera_msgs) StdoutLine: {'line': b'-- Installing: /home/sophie/isaac_lab/isaac_ws/rl_code/soarm100sim/third_party/orbbec_293_ws/install/orbbec_camera_msgs/include/orbbec_camera_msgs/orbbec_camera_msgs/msg/detail/extrinsics__functions.c\n'}
[61.162896] (orbbec_camera_msgs) StdoutLine: {'line': b'-- Installing: /home/sophie/isaac_lab/isaac_ws/rl_code/soarm100sim/third_party/orbbec_293_ws/install/orbbec_camera_msgs/include/orbbec_camera_msgs/orbbec_camera_msgs/msg/detail/extrinsics__functions.h\n'}
[61.163018] (orbbec_camera_msgs) StdoutLine: {'line': b'-- Installing: /home/sophie/isaac_lab/isaac_ws/rl_code/soarm100sim/third_party/orbbec_293_ws/install/orbbec_camera_msgs/include/orbbec_camera_msgs/orbbec_camera_msgs/msg/detail/device_status__functions.c\n'}
[61.163152] (orbbec_camera_msgs) StdoutLine: {'line': b'-- Installing: /home/sophie/isaac_lab/isaac_ws/rl_code/soarm100sim/third_party/orbbec_293_ws/install/orbbec_camera_msgs/include/orbbec_camera_msgs/orbbec_camera_msgs/msg/detail/device_info__functions.c\n'}
[61.163244] (orbbec_camera_msgs) StdoutLine: {'line': b'-- Installing: /home/sophie/isaac_lab/isaac_ws/rl_code/soarm100sim/third_party/orbbec_293_ws/install/orbbec_camera_msgs/include/orbbec_camera_msgs/orbbec_camera_msgs/msg/detail/depth_filter_param__functions.h\n'}
[61.163339] (orbbec_camera_msgs) StdoutLine: {'line': b'-- Installing: /home/sophie/isaac_lab/isaac_ws/rl_code/soarm100sim/third_party/orbbec_293_ws/install/orbbec_camera_msgs/include/orbbec_camera_msgs/orbbec_camera_msgs/msg/detail/depth_filters_status__functions.h\n'}
[61.163437] (orbbec_camera_msgs) StdoutLine: {'line': b'-- Installing: /home/sophie/isaac_lab/isaac_ws/rl_code/soarm100sim/third_party/orbbec_293_ws/install/orbbec_camera_msgs/include/orbbec_camera_msgs/orbbec_camera_msgs/msg/detail/device_status__type_support.h\n'}
[61.163527] (orbbec_camera_msgs) StdoutLine: {'line': b'-- Installing: /home/sophie/isaac_lab/isaac_ws/rl_code/soarm100sim/third_party/orbbec_293_ws/install/orbbec_camera_msgs/include/orbbec_camera_msgs/orbbec_camera_msgs/msg/depth_filter_state.h\n'}
[61.163619] (orbbec_camera_msgs) StdoutLine: {'line': b'-- Installing: /home/sophie/isaac_lab/isaac_ws/rl_code/soarm100sim/third_party/orbbec_293_ws/install/orbbec_camera_msgs/include/orbbec_camera_msgs/orbbec_camera_msgs/msg/extrinsics.h\n'}
[61.163707] (orbbec_camera_msgs) StdoutLine: {'line': b'-- Installing: /home/sophie/isaac_lab/isaac_ws/rl_code/soarm100sim/third_party/orbbec_293_ws/install/orbbec_camera_msgs/include/orbbec_camera_msgs/orbbec_camera_msgs/msg/rgbd.h\n'}
[61.163794] (orbbec_camera_msgs) StdoutLine: {'line': b'-- Installing: /home/sophie/isaac_lab/isaac_ws/rl_code/soarm100sim/third_party/orbbec_293_ws/install/orbbec_camera_msgs/include/orbbec_camera_msgs/orbbec_camera_msgs/msg/device_info.h\n'}
[61.163883] (orbbec_camera_msgs) StdoutLine: {'line': b'-- Installing: /home/sophie/isaac_lab/isaac_ws/rl_code/soarm100sim/third_party/orbbec_293_ws/install/orbbec_camera_msgs/include/orbbec_camera_msgs/orbbec_camera_msgs/msg/imu_info.h\n'}
[61.163969] (orbbec_camera_msgs) StdoutLine: {'line': b'-- Installing: /home/sophie/isaac_lab/isaac_ws/rl_code/soarm100sim/third_party/orbbec_293_ws/install/orbbec_camera_msgs/include/orbbec_camera_msgs/orbbec_camera_msgs/msg/depth_filters_status.h\n'}
[61.164081] (orbbec_camera_msgs) StdoutLine: {'line': b'-- Installing: /home/sophie/isaac_lab/isaac_ws/rl_code/soarm100sim/third_party/orbbec_293_ws/install/orbbec_camera_msgs/include/orbbec_camera_msgs/orbbec_camera_msgs/msg/rosidl_generator_c__visibility_control.h\n'}
[61.164168] (orbbec_camera_msgs) StdoutLine: {'line': b'-- Installing: /home/sophie/isaac_lab/isaac_ws/rl_code/soarm100sim/third_party/orbbec_293_ws/install/orbbec_camera_msgs/include/orbbec_camera_msgs/orbbec_camera_msgs/msg/stream_profile.h\n'}
[61.164262] (orbbec_camera_msgs) StdoutLine: {'line': b'-- Installing: /home/sophie/isaac_lab/isaac_ws/rl_code/soarm100sim/third_party/orbbec_293_ws/install/orbbec_camera_msgs/include/orbbec_camera_msgs/orbbec_camera_msgs/msg/device_status.h\n'}
[61.164349] (orbbec_camera_msgs) StdoutLine: {'line': b'-- Installing: /home/sophie/isaac_lab/isaac_ws/rl_code/soarm100sim/third_party/orbbec_293_ws/install/orbbec_camera_msgs/include/orbbec_camera_msgs/orbbec_camera_msgs/msg/depth_filter_param.h\n'}
[61.164562] (orbbec_camera_msgs) StdoutLine: {'line': b'-- Installing: /home/sophie/isaac_lab/isaac_ws/rl_code/soarm100sim/third_party/orbbec_293_ws/install/orbbec_camera_msgs/share/orbbec_camera_msgs/environment/library_path.sh\n'}
[61.164703] (orbbec_camera_msgs) StdoutLine: {'line': b'-- Installing: /home/sophie/isaac_lab/isaac_ws/rl_code/soarm100sim/third_party/orbbec_293_ws/install/orbbec_camera_msgs/share/orbbec_camera_msgs/environment/library_path.dsv\n'}
[61.164894] (orbbec_camera_msgs) StdoutLine: {'line': b'-- Installing: /home/sophie/isaac_lab/isaac_ws/rl_code/soarm100sim/third_party/orbbec_293_ws/install/orbbec_camera_msgs/lib/liborbbec_camera_msgs__rosidl_generator_c.so\n'}
[61.165482] (orbbec_camera_msgs) StdoutLine: {'line': b'-- Set runtime path of "/home/sophie/isaac_lab/isaac_ws/rl_code/soarm100sim/third_party/orbbec_293_ws/install/orbbec_camera_msgs/lib/liborbbec_camera_msgs__rosidl_generator_c.so" to ""\n'}
[61.165635] (orbbec_camera_msgs) StdoutLine: {'line': b'-- Up-to-date: /home/sophie/isaac_lab/isaac_ws/rl_code/soarm100sim/third_party/orbbec_293_ws/install/orbbec_camera_msgs/include/orbbec_camera_msgs/orbbec_camera_msgs\n'}
[61.165664] (orbbec_camera_msgs) StdoutLine: {'line': b'-- Up-to-date: /home/sophie/isaac_lab/isaac_ws/rl_code/soarm100sim/third_party/orbbec_293_ws/install/orbbec_camera_msgs/include/orbbec_camera_msgs/orbbec_camera_msgs/srv\n'}
[61.165747] (orbbec_camera_msgs) StdoutLine: {'line': b'-- Up-to-date: /home/sophie/isaac_lab/isaac_ws/rl_code/soarm100sim/third_party/orbbec_293_ws/install/orbbec_camera_msgs/include/orbbec_camera_msgs/orbbec_camera_msgs/srv/detail\n'}
[61.165777] (orbbec_camera_msgs) StdoutLine: {'line': b'-- Installing: /home/sophie/isaac_lab/isaac_ws/rl_code/soarm100sim/third_party/orbbec_293_ws/install/orbbec_camera_msgs/include/orbbec_camera_msgs/orbbec_camera_msgs/srv/detail/set_stream_profile__rosidl_typesupport_fastrtps_c.h\n'}
[61.165805] (orbbec_camera_msgs) StdoutLine: {'line': b'-- Installing: /home/sophie/isaac_lab/isaac_ws/rl_code/soarm100sim/third_party/orbbec_293_ws/install/orbbec_camera_msgs/include/orbbec_camera_msgs/orbbec_camera_msgs/srv/detail/set_bag_recording__rosidl_typesupport_fastrtps_c.h\n'}
[61.165880] (orbbec_camera_msgs) StdoutLine: {'line': b'-- Installing: /home/sophie/isaac_lab/isaac_ws/rl_code/soarm100sim/third_party/orbbec_293_ws/install/orbbec_camera_msgs/include/orbbec_camera_msgs/orbbec_camera_msgs/srv/detail/set_int32__rosidl_typesupport_fastrtps_c.h\n'}
[61.165956] (orbbec_camera_msgs) StdoutLine: {'line': b'-- Installing: /home/sophie/isaac_lab/isaac_ws/rl_code/soarm100sim/third_party/orbbec_293_ws/install/orbbec_camera_msgs/include/orbbec_camera_msgs/orbbec_camera_msgs/srv/detail/get_device_info__rosidl_typesupport_fastrtps_c.h\n'}
[61.166033] (orbbec_camera_msgs) StdoutLine: {'line': b'-- Installing: /home/sophie/isaac_lab/isaac_ws/rl_code/soarm100sim/third_party/orbbec_293_ws/install/orbbec_camera_msgs/include/orbbec_camera_msgs/orbbec_camera_msgs/srv/detail/set_filter__rosidl_typesupport_fastrtps_c.h\n'}
[61.166130] (orbbec_camera_msgs) StdoutLine: {'line': b'-- Installing: /home/sophie/isaac_lab/isaac_ws/rl_code/soarm100sim/third_party/orbbec_293_ws/install/orbbec_camera_msgs/include/orbbec_camera_msgs/orbbec_camera_msgs/srv/detail/get_camera_info__rosidl_typesupport_fastrtps_c.h\n'}
[61.166233] (orbbec_camera_msgs) StdoutLine: {'line': b'-- Installing: /home/sophie/isaac_lab/isaac_ws/rl_code/soarm100sim/third_party/orbbec_293_ws/install/orbbec_camera_msgs/include/orbbec_camera_msgs/orbbec_camera_msgs/srv/detail/get_bool__rosidl_typesupport_fastrtps_c.h\n'}
[61.166354] (orbbec_camera_msgs) StdoutLine: {'line': b'-- Installing: /home/sophie/isaac_lab/isaac_ws/rl_code/soarm100sim/third_party/orbbec_293_ws/install/orbbec_camera_msgs/include/orbbec_camera_msgs/orbbec_camera_msgs/srv/detail/get_string__rosidl_typesupport_fastrtps_c.h\n'}
[61.166449] (orbbec_camera_msgs) StdoutLine: {'line': b'-- Installing: /home/sophie/isaac_lab/isaac_ws/rl_code/soarm100sim/third_party/orbbec_293_ws/install/orbbec_camera_msgs/include/orbbec_camera_msgs/orbbec_camera_msgs/srv/detail/set_arrays__rosidl_typesupport_fastrtps_c.h\n'}
[61.166553] (orbbec_camera_msgs) StdoutLine: {'line': b'-- Installing: /home/sophie/isaac_lab/isaac_ws/rl_code/soarm100sim/third_party/orbbec_293_ws/install/orbbec_camera_msgs/include/orbbec_camera_msgs/orbbec_camera_msgs/srv/detail/set_string__rosidl_typesupport_fastrtps_c.h\n'}
[61.166649] (orbbec_camera_msgs) StdoutLine: {'line': b'-- Installing: /home/sophie/isaac_lab/isaac_ws/rl_code/soarm100sim/third_party/orbbec_293_ws/install/orbbec_camera_msgs/include/orbbec_camera_msgs/orbbec_camera_msgs/srv/detail/get_int32__rosidl_typesupport_fastrtps_c.h\n'}
[61.166744] (orbbec_camera_msgs) StdoutLine: {'line': b'-- Installing: /home/sophie/isaac_lab/isaac_ws/rl_code/soarm100sim/third_party/orbbec_293_ws/install/orbbec_camera_msgs/include/orbbec_camera_msgs/orbbec_camera_msgs/srv/detail/get_device_config__rosidl_typesupport_fastrtps_c.h\n'}
[61.166840] (orbbec_camera_msgs) StdoutLine: {'line': b'-- Installing: /home/sophie/isaac_lab/isaac_ws/rl_code/soarm100sim/third_party/orbbec_293_ws/install/orbbec_camera_msgs/include/orbbec_camera_msgs/orbbec_camera_msgs/srv/detail/get_user_calib_params__rosidl_typesupport_fastrtps_c.h\n'}
[61.166938] (orbbec_camera_msgs) StdoutLine: {'line': b'-- Installing: /home/sophie/isaac_lab/isaac_ws/rl_code/soarm100sim/third_party/orbbec_293_ws/install/orbbec_camera_msgs/include/orbbec_camera_msgs/orbbec_camera_msgs/srv/detail/set_user_calib_params__rosidl_typesupport_fastrtps_c.h\n'}
[61.167104] (orbbec_camera_msgs) StdoutLine: {'line': b'-- Up-to-date: /home/sophie/isaac_lab/isaac_ws/rl_code/soarm100sim/third_party/orbbec_293_ws/install/orbbec_camera_msgs/include/orbbec_camera_msgs/orbbec_camera_msgs/msg\n'}
[61.167133] (orbbec_camera_msgs) StdoutLine: {'line': b'-- Up-to-date: /home/sophie/isaac_lab/isaac_ws/rl_code/soarm100sim/third_party/orbbec_293_ws/install/orbbec_camera_msgs/include/orbbec_camera_msgs/orbbec_camera_msgs/msg/detail\n'}
[61.167157] (orbbec_camera_msgs) StdoutLine: {'line': b'-- Installing: /home/sophie/isaac_lab/isaac_ws/rl_code/soarm100sim/third_party/orbbec_293_ws/install/orbbec_camera_msgs/include/orbbec_camera_msgs/orbbec_camera_msgs/msg/detail/stream_profile__rosidl_typesupport_fastrtps_c.h\n'}
[61.167231] (orbbec_camera_msgs) StdoutLine: {'line': b'-- Installing: /home/sophie/isaac_lab/isaac_ws/rl_code/soarm100sim/third_party/orbbec_293_ws/install/orbbec_camera_msgs/include/orbbec_camera_msgs/orbbec_camera_msgs/msg/detail/extrinsics__rosidl_typesupport_fastrtps_c.h\n'}
[61.167304] (orbbec_camera_msgs) StdoutLine: {'line': b'-- Installing: /home/sophie/isaac_lab/isaac_ws/rl_code/soarm100sim/third_party/orbbec_293_ws/install/orbbec_camera_msgs/include/orbbec_camera_msgs/orbbec_camera_msgs/msg/detail/depth_filter_state__rosidl_typesupport_fastrtps_c.h\n'}
[61.167386] (orbbec_camera_msgs) StdoutLine: {'line': b'-- Installing: /home/sophie/isaac_lab/isaac_ws/rl_code/soarm100sim/third_party/orbbec_293_ws/install/orbbec_camera_msgs/include/orbbec_camera_msgs/orbbec_camera_msgs/msg/detail/depth_filter_param__rosidl_typesupport_fastrtps_c.h\n'}
[61.167490] (orbbec_camera_msgs) StdoutLine: {'line': b'-- Installing: /home/sophie/isaac_lab/isaac_ws/rl_code/soarm100sim/third_party/orbbec_293_ws/install/orbbec_camera_msgs/include/orbbec_camera_msgs/orbbec_camera_msgs/msg/detail/device_status__rosidl_typesupport_fastrtps_c.h\n'}
[61.167582] (orbbec_camera_msgs) StdoutLine: {'line': b'-- Installing: /home/sophie/isaac_lab/isaac_ws/rl_code/soarm100sim/third_party/orbbec_293_ws/install/orbbec_camera_msgs/include/orbbec_camera_msgs/orbbec_camera_msgs/msg/detail/metadata__rosidl_typesupport_fastrtps_c.h\n'}
[61.167698] (orbbec_camera_msgs) StdoutLine: {'line': b'-- Installing: /home/sophie/isaac_lab/isaac_ws/rl_code/soarm100sim/third_party/orbbec_293_ws/install/orbbec_camera_msgs/include/orbbec_camera_msgs/orbbec_camera_msgs/msg/detail/rgbd__rosidl_typesupport_fastrtps_c.h\n'}
[61.167777] (orbbec_camera_msgs) StdoutLine: {'line': b'-- Installing: /home/sophie/isaac_lab/isaac_ws/rl_code/soarm100sim/third_party/orbbec_293_ws/install/orbbec_camera_msgs/include/orbbec_camera_msgs/orbbec_camera_msgs/msg/detail/imu_info__rosidl_typesupport_fastrtps_c.h\n'}
[61.167866] (orbbec_camera_msgs) StdoutLine: {'line': b'-- Installing: /home/sophie/isaac_lab/isaac_ws/rl_code/soarm100sim/third_party/orbbec_293_ws/install/orbbec_camera_msgs/include/orbbec_camera_msgs/orbbec_camera_msgs/msg/detail/depth_filters_status__rosidl_typesupport_fastrtps_c.h\n'}
[61.167958] (orbbec_camera_msgs) StdoutLine: {'line': b'-- Installing: /home/sophie/isaac_lab/isaac_ws/rl_code/soarm100sim/third_party/orbbec_293_ws/install/orbbec_camera_msgs/include/orbbec_camera_msgs/orbbec_camera_msgs/msg/detail/device_info__rosidl_typesupport_fastrtps_c.h\n'}
[61.168054] (orbbec_camera_msgs) StdoutLine: {'line': b'-- Installing: /home/sophie/isaac_lab/isaac_ws/rl_code/soarm100sim/third_party/orbbec_293_ws/install/orbbec_camera_msgs/include/orbbec_camera_msgs/orbbec_camera_msgs/msg/rosidl_typesupport_fastrtps_c__visibility_control.h\n'}
[61.168189] (orbbec_camera_msgs) StdoutLine: {'line': b'-- Installing: /home/sophie/isaac_lab/isaac_ws/rl_code/soarm100sim/third_party/orbbec_293_ws/install/orbbec_camera_msgs/lib/liborbbec_camera_msgs__rosidl_typesupport_fastrtps_c.so\n'}
[61.168831] (orbbec_camera_msgs) StdoutLine: {'line': b'-- Set runtime path of "/home/sophie/isaac_lab/isaac_ws/rl_code/soarm100sim/third_party/orbbec_293_ws/install/orbbec_camera_msgs/lib/liborbbec_camera_msgs__rosidl_typesupport_fastrtps_c.so" to ""\n'}
[61.168863] (orbbec_camera_msgs) StdoutLine: {'line': b'-- Up-to-date: /home/sophie/isaac_lab/isaac_ws/rl_code/soarm100sim/third_party/orbbec_293_ws/install/orbbec_camera_msgs/include/orbbec_camera_msgs/orbbec_camera_msgs\n'}
[61.168889] (orbbec_camera_msgs) StdoutLine: {'line': b'-- Up-to-date: /home/sophie/isaac_lab/isaac_ws/rl_code/soarm100sim/third_party/orbbec_293_ws/install/orbbec_camera_msgs/include/orbbec_camera_msgs/orbbec_camera_msgs/srv\n'}
[61.168915] (orbbec_camera_msgs) StdoutLine: {'line': b'-- Up-to-date: /home/sophie/isaac_lab/isaac_ws/rl_code/soarm100sim/third_party/orbbec_293_ws/install/orbbec_camera_msgs/include/orbbec_camera_msgs/orbbec_camera_msgs/srv/detail\n'}
[61.168942] (orbbec_camera_msgs) StdoutLine: {'line': b'-- Installing: /home/sophie/isaac_lab/isaac_ws/rl_code/soarm100sim/third_party/orbbec_293_ws/install/orbbec_camera_msgs/include/orbbec_camera_msgs/orbbec_camera_msgs/srv/detail/set_int32__type_support.c\n'}
[61.169054] (orbbec_camera_msgs) StdoutLine: {'line': b'-- Installing: /home/sophie/isaac_lab/isaac_ws/rl_code/soarm100sim/third_party/orbbec_293_ws/install/orbbec_camera_msgs/include/orbbec_camera_msgs/orbbec_camera_msgs/srv/detail/set_arrays__rosidl_typesupport_introspection_c.h\n'}
[61.169087] (orbbec_camera_msgs) StdoutLine: {'line': b'-- Installing: /home/sophie/isaac_lab/isaac_ws/rl_code/soarm100sim/third_party/orbbec_293_ws/install/orbbec_camera_msgs/include/orbbec_camera_msgs/orbbec_camera_msgs/srv/detail/set_int32__rosidl_typesupport_introspection_c.h\n'}
[61.169163] (orbbec_camera_msgs) StdoutLine: {'line': b'-- Installing: /home/sophie/isaac_lab/isaac_ws/rl_code/soarm100sim/third_party/orbbec_293_ws/install/orbbec_camera_msgs/include/orbbec_camera_msgs/orbbec_camera_msgs/srv/detail/get_int32__rosidl_typesupport_introspection_c.h\n'}
[61.169241] (orbbec_camera_msgs) StdoutLine: {'line': b'-- Installing: /home/sophie/isaac_lab/isaac_ws/rl_code/soarm100sim/third_party/orbbec_293_ws/install/orbbec_camera_msgs/include/orbbec_camera_msgs/orbbec_camera_msgs/srv/detail/get_user_calib_params__type_support.c\n'}
[61.169382] (orbbec_camera_msgs) StdoutLine: {'line': b'-- Installing: /home/sophie/isaac_lab/isaac_ws/rl_code/soarm100sim/third_party/orbbec_293_ws/install/orbbec_camera_msgs/include/orbbec_camera_msgs/orbbec_camera_msgs/srv/detail/set_bag_recording__type_support.c\n'}
[61.169482] (orbbec_camera_msgs) StdoutLine: {'line': b'-- Installing: /home/sophie/isaac_lab/isaac_ws/rl_code/soarm100sim/third_party/orbbec_293_ws/install/orbbec_camera_msgs/include/orbbec_camera_msgs/orbbec_camera_msgs/srv/detail/set_bag_recording__rosidl_typesupport_introspection_c.h\n'}
[61.169577] (orbbec_camera_msgs) StdoutLine: {'line': b'-- Installing: /home/sophie/isaac_lab/isaac_ws/rl_code/soarm100sim/third_party/orbbec_293_ws/install/orbbec_camera_msgs/include/orbbec_camera_msgs/orbbec_camera_msgs/srv/detail/get_bool__rosidl_typesupport_introspection_c.h\n'}
[61.169673] (orbbec_camera_msgs) StdoutLine: {'line': b'-- Installing: /home/sophie/isaac_lab/isaac_ws/rl_code/soarm100sim/third_party/orbbec_293_ws/install/orbbec_camera_msgs/include/orbbec_camera_msgs/orbbec_camera_msgs/srv/detail/set_arrays__type_support.c\n'}
[61.169786] (orbbec_camera_msgs) StdoutLine: {'line': b'-- Installing: /home/sophie/isaac_lab/isaac_ws/rl_code/soarm100sim/third_party/orbbec_293_ws/install/orbbec_camera_msgs/include/orbbec_camera_msgs/orbbec_camera_msgs/srv/detail/get_bool__type_support.c\n'}
[61.169899] (orbbec_camera_msgs) StdoutLine: {'line': b'-- Installing: /home/sophie/isaac_lab/isaac_ws/rl_code/soarm100sim/third_party/orbbec_293_ws/install/orbbec_camera_msgs/include/orbbec_camera_msgs/orbbec_camera_msgs/srv/detail/set_user_calib_params__type_support.c\n'}
[61.170028] (orbbec_camera_msgs) StdoutLine: {'line': b'-- Installing: /home/sophie/isaac_lab/isaac_ws/rl_code/soarm100sim/third_party/orbbec_293_ws/install/orbbec_camera_msgs/include/orbbec_camera_msgs/orbbec_camera_msgs/srv/detail/set_string__type_support.c\n'}
[61.170139] (orbbec_camera_msgs) StdoutLine: {'line': b'-- Installing: /home/sophie/isaac_lab/isaac_ws/rl_code/soarm100sim/third_party/orbbec_293_ws/install/orbbec_camera_msgs/include/orbbec_camera_msgs/orbbec_camera_msgs/srv/detail/set_user_calib_params__rosidl_typesupport_introspection_c.h\n'}
[61.170238] (orbbec_camera_msgs) StdoutLine: {'line': b'-- Installing: /home/sophie/isaac_lab/isaac_ws/rl_code/soarm100sim/third_party/orbbec_293_ws/install/orbbec_camera_msgs/include/orbbec_camera_msgs/orbbec_camera_msgs/srv/detail/get_device_info__rosidl_typesupport_introspection_c.h\n'}
[61.170337] (orbbec_camera_msgs) StdoutLine: {'line': b'-- Installing: /home/sophie/isaac_lab/isaac_ws/rl_code/soarm100sim/third_party/orbbec_293_ws/install/orbbec_camera_msgs/include/orbbec_camera_msgs/orbbec_camera_msgs/srv/detail/set_filter__type_support.c\n'}
[61.170456] (orbbec_camera_msgs) StdoutLine: {'line': b'-- Installing: /home/sophie/isaac_lab/isaac_ws/rl_code/soarm100sim/third_party/orbbec_293_ws/install/orbbec_camera_msgs/include/orbbec_camera_msgs/orbbec_camera_msgs/srv/detail/get_device_info__type_support.c\n'}
[61.170565] (orbbec_camera_msgs) StdoutLine: {'line': b'-- Installing: /home/sophie/isaac_lab/isaac_ws/rl_code/soarm100sim/third_party/orbbec_293_ws/install/orbbec_camera_msgs/include/orbbec_camera_msgs/orbbec_camera_msgs/srv/detail/get_camera_info__rosidl_typesupport_introspection_c.h\n'}
[61.170664] (orbbec_camera_msgs) StdoutLine: {'line': b'-- Installing: /home/sophie/isaac_lab/isaac_ws/rl_code/soarm100sim/third_party/orbbec_293_ws/install/orbbec_camera_msgs/include/orbbec_camera_msgs/orbbec_camera_msgs/srv/detail/set_filter__rosidl_typesupport_introspection_c.h\n'}
[61.170763] (orbbec_camera_msgs) StdoutLine: {'line': b'-- Installing: /home/sophie/isaac_lab/isaac_ws/rl_code/soarm100sim/third_party/orbbec_293_ws/install/orbbec_camera_msgs/include/orbbec_camera_msgs/orbbec_camera_msgs/srv/detail/set_string__rosidl_typesupport_introspection_c.h\n'}
[61.170868] (orbbec_camera_msgs) StdoutLine: {'line': b'-- Installing: /home/sophie/isaac_lab/isaac_ws/rl_code/soarm100sim/third_party/orbbec_293_ws/install/orbbec_camera_msgs/include/orbbec_camera_msgs/orbbec_camera_msgs/srv/detail/get_string__type_support.c\n'}
[61.170979] (orbbec_camera_msgs) StdoutLine: {'line': b'-- Installing: /home/sophie/isaac_lab/isaac_ws/rl_code/soarm100sim/third_party/orbbec_293_ws/install/orbbec_camera_msgs/include/orbbec_camera_msgs/orbbec_camera_msgs/srv/detail/get_string__rosidl_typesupport_introspection_c.h\n'}
[61.171114] (orbbec_camera_msgs) StdoutLine: {'line': b'-- Installing: /home/sophie/isaac_lab/isaac_ws/rl_code/soarm100sim/third_party/orbbec_293_ws/install/orbbec_camera_msgs/include/orbbec_camera_msgs/orbbec_camera_msgs/srv/detail/set_stream_profile__rosidl_typesupport_introspection_c.h\n'}
[61.171215] (orbbec_camera_msgs) StdoutLine: {'line': b'-- Installing: /home/sophie/isaac_lab/isaac_ws/rl_code/soarm100sim/third_party/orbbec_293_ws/install/orbbec_camera_msgs/include/orbbec_camera_msgs/orbbec_camera_msgs/srv/detail/get_device_config__rosidl_typesupport_introspection_c.h\n'}
[61.171316] (orbbec_camera_msgs) StdoutLine: {'line': b'-- Installing: /home/sophie/isaac_lab/isaac_ws/rl_code/soarm100sim/third_party/orbbec_293_ws/install/orbbec_camera_msgs/include/orbbec_camera_msgs/orbbec_camera_msgs/srv/detail/get_user_calib_params__rosidl_typesupport_introspection_c.h\n'}
[61.171413] (orbbec_camera_msgs) StdoutLine: {'line': b'-- Installing: /home/sophie/isaac_lab/isaac_ws/rl_code/soarm100sim/third_party/orbbec_293_ws/install/orbbec_camera_msgs/include/orbbec_camera_msgs/orbbec_camera_msgs/srv/detail/set_stream_profile__type_support.c\n'}
[61.171575] (orbbec_camera_msgs) StdoutLine: {'line': b'-- Installing: /home/sophie/isaac_lab/isaac_ws/rl_code/soarm100sim/third_party/orbbec_293_ws/install/orbbec_camera_msgs/include/orbbec_camera_msgs/orbbec_camera_msgs/srv/detail/get_camera_info__type_support.c\n'}
[61.171692] (orbbec_camera_msgs) StdoutLine: {'line': b'-- Installing: /home/sophie/isaac_lab/isaac_ws/rl_code/soarm100sim/third_party/orbbec_293_ws/install/orbbec_camera_msgs/include/orbbec_camera_msgs/orbbec_camera_msgs/srv/detail/get_int32__type_support.c\n'}
[61.171798] (orbbec_camera_msgs) StdoutLine: {'line': b'-- Installing: /home/sophie/isaac_lab/isaac_ws/rl_code/soarm100sim/third_party/orbbec_293_ws/install/orbbec_camera_msgs/include/orbbec_camera_msgs/orbbec_camera_msgs/srv/detail/get_device_config__type_support.c\n'}
[61.171992] (orbbec_camera_msgs) StdoutLine: {'line': b'-- Up-to-date: /home/sophie/isaac_lab/isaac_ws/rl_code/soarm100sim/third_party/orbbec_293_ws/install/orbbec_camera_msgs/include/orbbec_camera_msgs/orbbec_camera_msgs/msg\n'}
[61.172040] (orbbec_camera_msgs) StdoutLine: {'line': b'-- Up-to-date: /home/sophie/isaac_lab/isaac_ws/rl_code/soarm100sim/third_party/orbbec_293_ws/install/orbbec_camera_msgs/include/orbbec_camera_msgs/orbbec_camera_msgs/msg/detail\n'}
[61.172084] (orbbec_camera_msgs) StdoutLine: {'line': b'-- Installing: /home/sophie/isaac_lab/isaac_ws/rl_code/soarm100sim/third_party/orbbec_293_ws/install/orbbec_camera_msgs/include/orbbec_camera_msgs/orbbec_camera_msgs/msg/detail/stream_profile__type_support.c\n'}
[61.172187] (orbbec_camera_msgs) StdoutLine: {'line': b'-- Installing: /home/sophie/isaac_lab/isaac_ws/rl_code/soarm100sim/third_party/orbbec_293_ws/install/orbbec_camera_msgs/include/orbbec_camera_msgs/orbbec_camera_msgs/msg/detail/device_status__rosidl_typesupport_introspection_c.h\n'}
[61.172227] (orbbec_camera_msgs) StdoutLine: {'line': b'-- Installing: /home/sophie/isaac_lab/isaac_ws/rl_code/soarm100sim/third_party/orbbec_293_ws/install/orbbec_camera_msgs/include/orbbec_camera_msgs/orbbec_camera_msgs/msg/detail/depth_filter_state__type_support.c\n'}
[61.172316] (orbbec_camera_msgs) StdoutLine: {'line': b'-- Installing: /home/sophie/isaac_lab/isaac_ws/rl_code/soarm100sim/third_party/orbbec_293_ws/install/orbbec_camera_msgs/include/orbbec_camera_msgs/orbbec_camera_msgs/msg/detail/extrinsics__rosidl_typesupport_introspection_c.h\n'}
[61.172402] (orbbec_camera_msgs) StdoutLine: {'line': b'-- Installing: /home/sophie/isaac_lab/isaac_ws/rl_code/soarm100sim/third_party/orbbec_293_ws/install/orbbec_camera_msgs/include/orbbec_camera_msgs/orbbec_camera_msgs/msg/detail/extrinsics__type_support.c\n'}
[61.172490] (orbbec_camera_msgs) StdoutLine: {'line': b'-- Installing: /home/sophie/isaac_lab/isaac_ws/rl_code/soarm100sim/third_party/orbbec_293_ws/install/orbbec_camera_msgs/include/orbbec_camera_msgs/orbbec_camera_msgs/msg/detail/depth_filters_status__rosidl_typesupport_introspection_c.h\n'}
[61.172577] (orbbec_camera_msgs) StdoutLine: {'line': b'-- Installing: /home/sophie/isaac_lab/isaac_ws/rl_code/soarm100sim/third_party/orbbec_293_ws/install/orbbec_camera_msgs/include/orbbec_camera_msgs/orbbec_camera_msgs/msg/detail/device_status__type_support.c\n'}
[61.172689] (orbbec_camera_msgs) StdoutLine: {'line': b'-- Installing: /home/sophie/isaac_lab/isaac_ws/rl_code/soarm100sim/third_party/orbbec_293_ws/install/orbbec_camera_msgs/include/orbbec_camera_msgs/orbbec_camera_msgs/msg/detail/depth_filter_param__rosidl_typesupport_introspection_c.h\n'}
[61.172784] (orbbec_camera_msgs) StdoutLine: {'line': b'-- Installing: /home/sophie/isaac_lab/isaac_ws/rl_code/soarm100sim/third_party/orbbec_293_ws/install/orbbec_camera_msgs/include/orbbec_camera_msgs/orbbec_camera_msgs/msg/detail/rgbd__rosidl_typesupport_introspection_c.h\n'}
[61.172878] (orbbec_camera_msgs) StdoutLine: {'line': b'-- Installing: /home/sophie/isaac_lab/isaac_ws/rl_code/soarm100sim/third_party/orbbec_293_ws/install/orbbec_camera_msgs/include/orbbec_camera_msgs/orbbec_camera_msgs/msg/detail/metadata__rosidl_typesupport_introspection_c.h\n'}
[61.172973] (orbbec_camera_msgs) StdoutLine: {'line': b'-- Installing: /home/sophie/isaac_lab/isaac_ws/rl_code/soarm100sim/third_party/orbbec_293_ws/install/orbbec_camera_msgs/include/orbbec_camera_msgs/orbbec_camera_msgs/msg/detail/depth_filter_param__type_support.c\n'}
[61.173075] (orbbec_camera_msgs) StdoutLine: {'line': b'-- Installing: /home/sophie/isaac_lab/isaac_ws/rl_code/soarm100sim/third_party/orbbec_293_ws/install/orbbec_camera_msgs/include/orbbec_camera_msgs/orbbec_camera_msgs/msg/detail/imu_info__rosidl_typesupport_introspection_c.h\n'}
[61.173172] (orbbec_camera_msgs) StdoutLine: {'line': b'-- Installing: /home/sophie/isaac_lab/isaac_ws/rl_code/soarm100sim/third_party/orbbec_293_ws/install/orbbec_camera_msgs/include/orbbec_camera_msgs/orbbec_camera_msgs/msg/detail/stream_profile__rosidl_typesupport_introspection_c.h\n'}
[61.173265] (orbbec_camera_msgs) StdoutLine: {'line': b'-- Installing: /home/sophie/isaac_lab/isaac_ws/rl_code/soarm100sim/third_party/orbbec_293_ws/install/orbbec_camera_msgs/include/orbbec_camera_msgs/orbbec_camera_msgs/msg/detail/device_info__type_support.c\n'}
[61.173374] (orbbec_camera_msgs) StdoutLine: {'line': b'-- Installing: /home/sophie/isaac_lab/isaac_ws/rl_code/soarm100sim/third_party/orbbec_293_ws/install/orbbec_camera_msgs/include/orbbec_camera_msgs/orbbec_camera_msgs/msg/detail/depth_filters_status__type_support.c\n'}
[61.173479] (orbbec_camera_msgs) StdoutLine: {'line': b'-- Installing: /home/sophie/isaac_lab/isaac_ws/rl_code/soarm100sim/third_party/orbbec_293_ws/install/orbbec_camera_msgs/include/orbbec_camera_msgs/orbbec_camera_msgs/msg/detail/imu_info__type_support.c\n'}
[61.173590] (orbbec_camera_msgs) StdoutLine: {'line': b'-- Installing: /home/sophie/isaac_lab/isaac_ws/rl_code/soarm100sim/third_party/orbbec_293_ws/install/orbbec_camera_msgs/include/orbbec_camera_msgs/orbbec_camera_msgs/msg/detail/rgbd__type_support.c\n'}
[61.173694] (orbbec_camera_msgs) StdoutLine: {'line': b'-- Installing: /home/sophie/isaac_lab/isaac_ws/rl_code/soarm100sim/third_party/orbbec_293_ws/install/orbbec_camera_msgs/include/orbbec_camera_msgs/orbbec_camera_msgs/msg/detail/depth_filter_state__rosidl_typesupport_introspection_c.h\n'}
[61.173791] (orbbec_camera_msgs) StdoutLine: {'line': b'-- Installing: /home/sophie/isaac_lab/isaac_ws/rl_code/soarm100sim/third_party/orbbec_293_ws/install/orbbec_camera_msgs/include/orbbec_camera_msgs/orbbec_camera_msgs/msg/detail/metadata__type_support.c\n'}
[61.173889] (orbbec_camera_msgs) StdoutLine: {'line': b'-- Installing: /home/sophie/isaac_lab/isaac_ws/rl_code/soarm100sim/third_party/orbbec_293_ws/install/orbbec_camera_msgs/include/orbbec_camera_msgs/orbbec_camera_msgs/msg/detail/device_info__rosidl_typesupport_introspection_c.h\n'}
[61.173985] (orbbec_camera_msgs) StdoutLine: {'line': b'-- Installing: /home/sophie/isaac_lab/isaac_ws/rl_code/soarm100sim/third_party/orbbec_293_ws/install/orbbec_camera_msgs/include/orbbec_camera_msgs/orbbec_camera_msgs/msg/rosidl_typesupport_introspection_c__visibility_control.h\n'}
[61.174136] (orbbec_camera_msgs) StdoutLine: {'line': b'-- Installing: /home/sophie/isaac_lab/isaac_ws/rl_code/soarm100sim/third_party/orbbec_293_ws/install/orbbec_camera_msgs/lib/liborbbec_camera_msgs__rosidl_typesupport_introspection_c.so\n'}
[61.174674] (orbbec_camera_msgs) StdoutLine: {'line': b'-- Set runtime path of "/home/sophie/isaac_lab/isaac_ws/rl_code/soarm100sim/third_party/orbbec_293_ws/install/orbbec_camera_msgs/lib/liborbbec_camera_msgs__rosidl_typesupport_introspection_c.so" to ""\n'}
[61.174757] (orbbec_camera_msgs) StdoutLine: {'line': b'-- Installing: /home/sophie/isaac_lab/isaac_ws/rl_code/soarm100sim/third_party/orbbec_293_ws/install/orbbec_camera_msgs/lib/liborbbec_camera_msgs__rosidl_typesupport_c.so\n'}
[61.175175] (orbbec_camera_msgs) StdoutLine: {'line': b'-- Set runtime path of "/home/sophie/isaac_lab/isaac_ws/rl_code/soarm100sim/third_party/orbbec_293_ws/install/orbbec_camera_msgs/lib/liborbbec_camera_msgs__rosidl_typesupport_c.so" to ""\n'}
[61.175319] (orbbec_camera_msgs) StdoutLine: {'line': b'-- Up-to-date: /home/sophie/isaac_lab/isaac_ws/rl_code/soarm100sim/third_party/orbbec_293_ws/install/orbbec_camera_msgs/include/orbbec_camera_msgs/orbbec_camera_msgs\n'}
[61.175344] (orbbec_camera_msgs) StdoutLine: {'line': b'-- Up-to-date: /home/sophie/isaac_lab/isaac_ws/rl_code/soarm100sim/third_party/orbbec_293_ws/install/orbbec_camera_msgs/include/orbbec_camera_msgs/orbbec_camera_msgs/srv\n'}
[61.175417] (orbbec_camera_msgs) StdoutLine: {'line': b'-- Installing: /home/sophie/isaac_lab/isaac_ws/rl_code/soarm100sim/third_party/orbbec_293_ws/install/orbbec_camera_msgs/include/orbbec_camera_msgs/orbbec_camera_msgs/srv/get_device_config.hpp\n'}
[61.175442] (orbbec_camera_msgs) StdoutLine: {'line': b'-- Installing: /home/sophie/isaac_lab/isaac_ws/rl_code/soarm100sim/third_party/orbbec_293_ws/install/orbbec_camera_msgs/include/orbbec_camera_msgs/orbbec_camera_msgs/srv/set_bag_recording.hpp\n'}
[61.175544] (orbbec_camera_msgs) StdoutLine: {'line': b'-- Up-to-date: /home/sophie/isaac_lab/isaac_ws/rl_code/soarm100sim/third_party/orbbec_293_ws/install/orbbec_camera_msgs/include/orbbec_camera_msgs/orbbec_camera_msgs/srv/detail\n'}
[61.175573] (orbbec_camera_msgs) StdoutLine: {'line': b'-- Installing: /home/sophie/isaac_lab/isaac_ws/rl_code/soarm100sim/third_party/orbbec_293_ws/install/orbbec_camera_msgs/include/orbbec_camera_msgs/orbbec_camera_msgs/srv/detail/set_filter__traits.hpp\n'}
[61.175646] (orbbec_camera_msgs) StdoutLine: {'line': b'-- Installing: /home/sophie/isaac_lab/isaac_ws/rl_code/soarm100sim/third_party/orbbec_293_ws/install/orbbec_camera_msgs/include/orbbec_camera_msgs/orbbec_camera_msgs/srv/detail/set_arrays__struct.hpp\n'}
[61.175742] (orbbec_camera_msgs) StdoutLine: {'line': b'-- Installing: /home/sophie/isaac_lab/isaac_ws/rl_code/soarm100sim/third_party/orbbec_293_ws/install/orbbec_camera_msgs/include/orbbec_camera_msgs/orbbec_camera_msgs/srv/detail/get_bool__struct.hpp\n'}
[61.175847] (orbbec_camera_msgs) StdoutLine: {'line': b'-- Installing: /home/sophie/isaac_lab/isaac_ws/rl_code/soarm100sim/third_party/orbbec_293_ws/install/orbbec_camera_msgs/include/orbbec_camera_msgs/orbbec_camera_msgs/srv/detail/set_bag_recording__traits.hpp\n'}
[61.175946] (orbbec_camera_msgs) StdoutLine: {'line': b'-- Installing: /home/sophie/isaac_lab/isaac_ws/rl_code/soarm100sim/third_party/orbbec_293_ws/install/orbbec_camera_msgs/include/orbbec_camera_msgs/orbbec_camera_msgs/srv/detail/get_device_info__traits.hpp\n'}
[61.176059] (orbbec_camera_msgs) StdoutLine: {'line': b'-- Installing: /home/sophie/isaac_lab/isaac_ws/rl_code/soarm100sim/third_party/orbbec_293_ws/install/orbbec_camera_msgs/include/orbbec_camera_msgs/orbbec_camera_msgs/srv/detail/get_int32__builder.hpp\n'}
[61.176158] (orbbec_camera_msgs) StdoutLine: {'line': b'-- Installing: /home/sophie/isaac_lab/isaac_ws/rl_code/soarm100sim/third_party/orbbec_293_ws/install/orbbec_camera_msgs/include/orbbec_camera_msgs/orbbec_camera_msgs/srv/detail/get_camera_info__type_support.hpp\n'}
[61.176259] (orbbec_camera_msgs) StdoutLine: {'line': b'-- Installing: /home/sophie/isaac_lab/isaac_ws/rl_code/soarm100sim/third_party/orbbec_293_ws/install/orbbec_camera_msgs/include/orbbec_camera_msgs/orbbec_camera_msgs/srv/detail/get_string__type_support.hpp\n'}
[61.176355] (orbbec_camera_msgs) StdoutLine: {'line': b'-- Installing: /home/sophie/isaac_lab/isaac_ws/rl_code/soarm100sim/third_party/orbbec_293_ws/install/orbbec_camera_msgs/include/orbbec_camera_msgs/orbbec_camera_msgs/srv/detail/set_int32__traits.hpp\n'}
[61.176457] (orbbec_camera_msgs) StdoutLine: {'line': b'-- Installing: /home/sophie/isaac_lab/isaac_ws/rl_code/soarm100sim/third_party/orbbec_293_ws/install/orbbec_camera_msgs/include/orbbec_camera_msgs/orbbec_camera_msgs/srv/detail/set_int32__type_support.hpp\n'}
[61.176554] (orbbec_camera_msgs) StdoutLine: {'line': b'-- Installing: /home/sophie/isaac_lab/isaac_ws/rl_code/soarm100sim/third_party/orbbec_293_ws/install/orbbec_camera_msgs/include/orbbec_camera_msgs/orbbec_camera_msgs/srv/detail/set_user_calib_params__struct.hpp\n'}
[61.176659] (orbbec_camera_msgs) StdoutLine: {'line': b'-- Installing: /home/sophie/isaac_lab/isaac_ws/rl_code/soarm100sim/third_party/orbbec_293_ws/install/orbbec_camera_msgs/include/orbbec_camera_msgs/orbbec_camera_msgs/srv/detail/set_bag_recording__type_support.hpp\n'}
[61.176755] (orbbec_camera_msgs) StdoutLine: {'line': b'-- Installing: /home/sophie/isaac_lab/isaac_ws/rl_code/soarm100sim/third_party/orbbec_293_ws/install/orbbec_camera_msgs/include/orbbec_camera_msgs/orbbec_camera_msgs/srv/detail/set_string__builder.hpp\n'}
[61.176853] (orbbec_camera_msgs) StdoutLine: {'line': b'-- Installing: /home/sophie/isaac_lab/isaac_ws/rl_code/soarm100sim/third_party/orbbec_293_ws/install/orbbec_camera_msgs/include/orbbec_camera_msgs/orbbec_camera_msgs/srv/detail/get_user_calib_params__type_support.hpp\n'}
[61.176951] (orbbec_camera_msgs) StdoutLine: {'line': b'-- Installing: /home/sophie/isaac_lab/isaac_ws/rl_code/soarm100sim/third_party/orbbec_293_ws/install/orbbec_camera_msgs/include/orbbec_camera_msgs/orbbec_camera_msgs/srv/detail/set_user_calib_params__type_support.hpp\n'}
[61.177054] (orbbec_camera_msgs) StdoutLine: {'line': b'-- Installing: /home/sophie/isaac_lab/isaac_ws/rl_code/soarm100sim/third_party/orbbec_293_ws/install/orbbec_camera_msgs/include/orbbec_camera_msgs/orbbec_camera_msgs/srv/detail/set_user_calib_params__builder.hpp\n'}
[61.177184] (orbbec_camera_msgs) StdoutLine: {'line': b'-- Installing: /home/sophie/isaac_lab/isaac_ws/rl_code/soarm100sim/third_party/orbbec_293_ws/install/orbbec_camera_msgs/include/orbbec_camera_msgs/orbbec_camera_msgs/srv/detail/set_int32__builder.hpp\n'}
[61.177262] (orbbec_camera_msgs) StdoutLine: {'line': b'-- Installing: /home/sophie/isaac_lab/isaac_ws/rl_code/soarm100sim/third_party/orbbec_293_ws/install/orbbec_camera_msgs/include/orbbec_camera_msgs/orbbec_camera_msgs/srv/detail/set_int32__struct.hpp\n'}
[61.177365] (orbbec_camera_msgs) StdoutLine: {'line': b'-- Installing: /home/sophie/isaac_lab/isaac_ws/rl_code/soarm100sim/third_party/orbbec_293_ws/install/orbbec_camera_msgs/include/orbbec_camera_msgs/orbbec_camera_msgs/srv/detail/get_device_config__traits.hpp\n'}
[61.177476] (orbbec_camera_msgs) StdoutLine: {'line': b'-- Installing: /home/sophie/isaac_lab/isaac_ws/rl_code/soarm100sim/third_party/orbbec_293_ws/install/orbbec_camera_msgs/include/orbbec_camera_msgs/orbbec_camera_msgs/srv/detail/get_int32__struct.hpp\n'}
[61.177590] (orbbec_camera_msgs) StdoutLine: {'line': b'-- Installing: /home/sophie/isaac_lab/isaac_ws/rl_code/soarm100sim/third_party/orbbec_293_ws/install/orbbec_camera_msgs/include/orbbec_camera_msgs/orbbec_camera_msgs/srv/detail/set_string__type_support.hpp\n'}
[61.177715] (orbbec_camera_msgs) StdoutLine: {'line': b'-- Installing: /home/sophie/isaac_lab/isaac_ws/rl_code/soarm100sim/third_party/orbbec_293_ws/install/orbbec_camera_msgs/include/orbbec_camera_msgs/orbbec_camera_msgs/srv/detail/get_camera_info__traits.hpp\n'}
[61.177799] (orbbec_camera_msgs) StdoutLine: {'line': b'-- Installing: /home/sophie/isaac_lab/isaac_ws/rl_code/soarm100sim/third_party/orbbec_293_ws/install/orbbec_camera_msgs/include/orbbec_camera_msgs/orbbec_camera_msgs/srv/detail/get_int32__traits.hpp\n'}
[61.177919] (orbbec_camera_msgs) StdoutLine: {'line': b'-- Installing: /home/sophie/isaac_lab/isaac_ws/rl_code/soarm100sim/third_party/orbbec_293_ws/install/orbbec_camera_msgs/include/orbbec_camera_msgs/orbbec_camera_msgs/srv/detail/get_user_calib_params__traits.hpp\n'}
[61.178017] (orbbec_camera_msgs) StdoutLine: {'line': b'-- Installing: /home/sophie/isaac_lab/isaac_ws/rl_code/soarm100sim/third_party/orbbec_293_ws/install/orbbec_camera_msgs/include/orbbec_camera_msgs/orbbec_camera_msgs/srv/detail/get_bool__builder.hpp\n'}
[61.178125] (orbbec_camera_msgs) StdoutLine: {'line': b'-- Installing: /home/sophie/isaac_lab/isaac_ws/rl_code/soarm100sim/third_party/orbbec_293_ws/install/orbbec_camera_msgs/include/orbbec_camera_msgs/orbbec_camera_msgs/srv/detail/get_string__builder.hpp\n'}
[61.178221] (orbbec_camera_msgs) StdoutLine: {'line': b'-- Installing: /home/sophie/isaac_lab/isaac_ws/rl_code/soarm100sim/third_party/orbbec_293_ws/install/orbbec_camera_msgs/include/orbbec_camera_msgs/orbbec_camera_msgs/srv/detail/get_device_info__struct.hpp\n'}
[61.178325] (orbbec_camera_msgs) StdoutLine: {'line': b'-- Installing: /home/sophie/isaac_lab/isaac_ws/rl_code/soarm100sim/third_party/orbbec_293_ws/install/orbbec_camera_msgs/include/orbbec_camera_msgs/orbbec_camera_msgs/srv/detail/get_device_config__builder.hpp\n'}
[61.178430] (orbbec_camera_msgs) StdoutLine: {'line': b'-- Installing: /home/sophie/isaac_lab/isaac_ws/rl_code/soarm100sim/third_party/orbbec_293_ws/install/orbbec_camera_msgs/include/orbbec_camera_msgs/orbbec_camera_msgs/srv/detail/get_camera_info__struct.hpp\n'}
[61.178534] (orbbec_camera_msgs) StdoutLine: {'line': b'-- Installing: /home/sophie/isaac_lab/isaac_ws/rl_code/soarm100sim/third_party/orbbec_293_ws/install/orbbec_camera_msgs/include/orbbec_camera_msgs/orbbec_camera_msgs/srv/detail/set_string__traits.hpp\n'}
[61.178633] (orbbec_camera_msgs) StdoutLine: {'line': b'-- Installing: /home/sophie/isaac_lab/isaac_ws/rl_code/soarm100sim/third_party/orbbec_293_ws/install/orbbec_camera_msgs/include/orbbec_camera_msgs/orbbec_camera_msgs/srv/detail/set_stream_profile__struct.hpp\n'}
[61.178738] (orbbec_camera_msgs) StdoutLine: {'line': b'-- Installing: /home/sophie/isaac_lab/isaac_ws/rl_code/soarm100sim/third_party/orbbec_293_ws/install/orbbec_camera_msgs/include/orbbec_camera_msgs/orbbec_camera_msgs/srv/detail/get_user_calib_params__struct.hpp\n'}
[61.178843] (orbbec_camera_msgs) StdoutLine: {'line': b'-- Installing: /home/sophie/isaac_lab/isaac_ws/rl_code/soarm100sim/third_party/orbbec_293_ws/install/orbbec_camera_msgs/include/orbbec_camera_msgs/orbbec_camera_msgs/srv/detail/get_int32__type_support.hpp\n'}
[61.178939] (orbbec_camera_msgs) StdoutLine: {'line': b'-- Installing: /home/sophie/isaac_lab/isaac_ws/rl_code/soarm100sim/third_party/orbbec_293_ws/install/orbbec_camera_msgs/include/orbbec_camera_msgs/orbbec_camera_msgs/srv/detail/get_bool__type_support.hpp\n'}
[61.179041] (orbbec_camera_msgs) StdoutLine: {'line': b'-- Installing: /home/sophie/isaac_lab/isaac_ws/rl_code/soarm100sim/third_party/orbbec_293_ws/install/orbbec_camera_msgs/include/orbbec_camera_msgs/orbbec_camera_msgs/srv/detail/get_device_config__type_support.hpp\n'}
[61.179137] (orbbec_camera_msgs) StdoutLine: {'line': b'-- Installing: /home/sophie/isaac_lab/isaac_ws/rl_code/soarm100sim/third_party/orbbec_293_ws/install/orbbec_camera_msgs/include/orbbec_camera_msgs/orbbec_camera_msgs/srv/detail/get_string__struct.hpp\n'}
[61.179242] (orbbec_camera_msgs) StdoutLine: {'line': b'-- Installing: /home/sophie/isaac_lab/isaac_ws/rl_code/soarm100sim/third_party/orbbec_293_ws/install/orbbec_camera_msgs/include/orbbec_camera_msgs/orbbec_camera_msgs/srv/detail/set_stream_profile__traits.hpp\n'}
[61.179347] (orbbec_camera_msgs) StdoutLine: {'line': b'-- Installing: /home/sophie/isaac_lab/isaac_ws/rl_code/soarm100sim/third_party/orbbec_293_ws/install/orbbec_camera_msgs/include/orbbec_camera_msgs/orbbec_camera_msgs/srv/detail/set_bag_recording__builder.hpp\n'}
[61.179445] (orbbec_camera_msgs) StdoutLine: {'line': b'-- Installing: /home/sophie/isaac_lab/isaac_ws/rl_code/soarm100sim/third_party/orbbec_293_ws/install/orbbec_camera_msgs/include/orbbec_camera_msgs/orbbec_camera_msgs/srv/detail/set_filter__builder.hpp\n'}
[61.179542] (orbbec_camera_msgs) StdoutLine: {'line': b'-- Installing: /home/sophie/isaac_lab/isaac_ws/rl_code/soarm100sim/third_party/orbbec_293_ws/install/orbbec_camera_msgs/include/orbbec_camera_msgs/orbbec_camera_msgs/srv/detail/get_string__traits.hpp\n'}
[61.179645] (orbbec_camera_msgs) StdoutLine: {'line': b'-- Installing: /home/sophie/isaac_lab/isaac_ws/rl_code/soarm100sim/third_party/orbbec_293_ws/install/orbbec_camera_msgs/include/orbbec_camera_msgs/orbbec_camera_msgs/srv/detail/get_user_calib_params__builder.hpp\n'}
[61.179747] (orbbec_camera_msgs) StdoutLine: {'line': b'-- Installing: /home/sophie/isaac_lab/isaac_ws/rl_code/soarm100sim/third_party/orbbec_293_ws/install/orbbec_camera_msgs/include/orbbec_camera_msgs/orbbec_camera_msgs/srv/detail/get_device_config__struct.hpp\n'}
[61.179861] (orbbec_camera_msgs) StdoutLine: {'line': b'-- Installing: /home/sophie/isaac_lab/isaac_ws/rl_code/soarm100sim/third_party/orbbec_293_ws/install/orbbec_camera_msgs/include/orbbec_camera_msgs/orbbec_camera_msgs/srv/detail/set_filter__struct.hpp\n'}
[61.179967] (orbbec_camera_msgs) StdoutLine: {'line': b'-- Installing: /home/sophie/isaac_lab/isaac_ws/rl_code/soarm100sim/third_party/orbbec_293_ws/install/orbbec_camera_msgs/include/orbbec_camera_msgs/orbbec_camera_msgs/srv/detail/set_bag_recording__struct.hpp\n'}
[61.180076] (orbbec_camera_msgs) StdoutLine: {'line': b'-- Installing: /home/sophie/isaac_lab/isaac_ws/rl_code/soarm100sim/third_party/orbbec_293_ws/install/orbbec_camera_msgs/include/orbbec_camera_msgs/orbbec_camera_msgs/srv/detail/set_stream_profile__type_support.hpp\n'}
[61.180176] (orbbec_camera_msgs) StdoutLine: {'line': b'-- Installing: /home/sophie/isaac_lab/isaac_ws/rl_code/soarm100sim/third_party/orbbec_293_ws/install/orbbec_camera_msgs/include/orbbec_camera_msgs/orbbec_camera_msgs/srv/detail/set_stream_profile__builder.hpp\n'}
[61.180275] (orbbec_camera_msgs) StdoutLine: {'line': b'-- Installing: /home/sophie/isaac_lab/isaac_ws/rl_code/soarm100sim/third_party/orbbec_293_ws/install/orbbec_camera_msgs/include/orbbec_camera_msgs/orbbec_camera_msgs/srv/detail/set_user_calib_params__traits.hpp\n'}
[61.180386] (orbbec_camera_msgs) StdoutLine: {'line': b'-- Installing: /home/sophie/isaac_lab/isaac_ws/rl_code/soarm100sim/third_party/orbbec_293_ws/install/orbbec_camera_msgs/include/orbbec_camera_msgs/orbbec_camera_msgs/srv/detail/set_arrays__traits.hpp\n'}
[61.180488] (orbbec_camera_msgs) StdoutLine: {'line': b'-- Installing: /home/sophie/isaac_lab/isaac_ws/rl_code/soarm100sim/third_party/orbbec_293_ws/install/orbbec_camera_msgs/include/orbbec_camera_msgs/orbbec_camera_msgs/srv/detail/get_bool__traits.hpp\n'}
[61.180594] (orbbec_camera_msgs) StdoutLine: {'line': b'-- Installing: /home/sophie/isaac_lab/isaac_ws/rl_code/soarm100sim/third_party/orbbec_293_ws/install/orbbec_camera_msgs/include/orbbec_camera_msgs/orbbec_camera_msgs/srv/detail/get_device_info__type_support.hpp\n'}
[61.180693] (orbbec_camera_msgs) StdoutLine: {'line': b'-- Installing: /home/sophie/isaac_lab/isaac_ws/rl_code/soarm100sim/third_party/orbbec_293_ws/install/orbbec_camera_msgs/include/orbbec_camera_msgs/orbbec_camera_msgs/srv/detail/set_arrays__type_support.hpp\n'}
[61.180797] (orbbec_camera_msgs) StdoutLine: {'line': b'-- Installing: /home/sophie/isaac_lab/isaac_ws/rl_code/soarm100sim/third_party/orbbec_293_ws/install/orbbec_camera_msgs/include/orbbec_camera_msgs/orbbec_camera_msgs/srv/detail/set_filter__type_support.hpp\n'}
[61.180895] (orbbec_camera_msgs) StdoutLine: {'line': b'-- Installing: /home/sophie/isaac_lab/isaac_ws/rl_code/soarm100sim/third_party/orbbec_293_ws/install/orbbec_camera_msgs/include/orbbec_camera_msgs/orbbec_camera_msgs/srv/detail/get_camera_info__builder.hpp\n'}
[61.181000] (orbbec_camera_msgs) StdoutLine: {'line': b'-- Installing: /home/sophie/isaac_lab/isaac_ws/rl_code/soarm100sim/third_party/orbbec_293_ws/install/orbbec_camera_msgs/include/orbbec_camera_msgs/orbbec_camera_msgs/srv/detail/set_arrays__builder.hpp\n'}
[61.181102] (orbbec_camera_msgs) StdoutLine: {'line': b'-- Installing: /home/sophie/isaac_lab/isaac_ws/rl_code/soarm100sim/third_party/orbbec_293_ws/install/orbbec_camera_msgs/include/orbbec_camera_msgs/orbbec_camera_msgs/srv/detail/set_string__struct.hpp\n'}
[61.181209] (orbbec_camera_msgs) StdoutLine: {'line': b'-- Installing: /home/sophie/isaac_lab/isaac_ws/rl_code/soarm100sim/third_party/orbbec_293_ws/install/orbbec_camera_msgs/include/orbbec_camera_msgs/orbbec_camera_msgs/srv/detail/get_device_info__builder.hpp\n'}
[61.181307] (orbbec_camera_msgs) StdoutLine: {'line': b'-- Installing: /home/sophie/isaac_lab/isaac_ws/rl_code/soarm100sim/third_party/orbbec_293_ws/install/orbbec_camera_msgs/include/orbbec_camera_msgs/orbbec_camera_msgs/srv/get_user_calib_params.hpp\n'}
[61.181398] (orbbec_camera_msgs) StdoutLine: {'line': b'-- Installing: /home/sophie/isaac_lab/isaac_ws/rl_code/soarm100sim/third_party/orbbec_293_ws/install/orbbec_camera_msgs/include/orbbec_camera_msgs/orbbec_camera_msgs/srv/get_device_info.hpp\n'}
[61.181485] (orbbec_camera_msgs) StdoutLine: {'line': b'-- Installing: /home/sophie/isaac_lab/isaac_ws/rl_code/soarm100sim/third_party/orbbec_293_ws/install/orbbec_camera_msgs/include/orbbec_camera_msgs/orbbec_camera_msgs/srv/set_string.hpp\n'}
[61.181571] (orbbec_camera_msgs) StdoutLine: {'line': b'-- Installing: /home/sophie/isaac_lab/isaac_ws/rl_code/soarm100sim/third_party/orbbec_293_ws/install/orbbec_camera_msgs/include/orbbec_camera_msgs/orbbec_camera_msgs/srv/set_arrays.hpp\n'}
[61.181659] (orbbec_camera_msgs) StdoutLine: {'line': b'-- Installing: /home/sophie/isaac_lab/isaac_ws/rl_code/soarm100sim/third_party/orbbec_293_ws/install/orbbec_camera_msgs/include/orbbec_camera_msgs/orbbec_camera_msgs/srv/get_camera_info.hpp\n'}
[61.181746] (orbbec_camera_msgs) StdoutLine: {'line': b'-- Installing: /home/sophie/isaac_lab/isaac_ws/rl_code/soarm100sim/third_party/orbbec_293_ws/install/orbbec_camera_msgs/include/orbbec_camera_msgs/orbbec_camera_msgs/srv/get_int32.hpp\n'}
[61.181834] (orbbec_camera_msgs) StdoutLine: {'line': b'-- Installing: /home/sophie/isaac_lab/isaac_ws/rl_code/soarm100sim/third_party/orbbec_293_ws/install/orbbec_camera_msgs/include/orbbec_camera_msgs/orbbec_camera_msgs/srv/get_bool.hpp\n'}
[61.181923] (orbbec_camera_msgs) StdoutLine: {'line': b'-- Installing: /home/sophie/isaac_lab/isaac_ws/rl_code/soarm100sim/third_party/orbbec_293_ws/install/orbbec_camera_msgs/include/orbbec_camera_msgs/orbbec_camera_msgs/srv/set_filter.hpp\n'}
[61.182015] (orbbec_camera_msgs) StdoutLine: {'line': b'-- Installing: /home/sophie/isaac_lab/isaac_ws/rl_code/soarm100sim/third_party/orbbec_293_ws/install/orbbec_camera_msgs/include/orbbec_camera_msgs/orbbec_camera_msgs/srv/set_stream_profile.hpp\n'}
[61.182111] (orbbec_camera_msgs) StdoutLine: {'line': b'-- Installing: /home/sophie/isaac_lab/isaac_ws/rl_code/soarm100sim/third_party/orbbec_293_ws/install/orbbec_camera_msgs/include/orbbec_camera_msgs/orbbec_camera_msgs/srv/set_user_calib_params.hpp\n'}
[61.182201] (orbbec_camera_msgs) StdoutLine: {'line': b'-- Installing: /home/sophie/isaac_lab/isaac_ws/rl_code/soarm100sim/third_party/orbbec_293_ws/install/orbbec_camera_msgs/include/orbbec_camera_msgs/orbbec_camera_msgs/srv/get_string.hpp\n'}
[61.182287] (orbbec_camera_msgs) StdoutLine: {'line': b'-- Installing: /home/sophie/isaac_lab/isaac_ws/rl_code/soarm100sim/third_party/orbbec_293_ws/install/orbbec_camera_msgs/include/orbbec_camera_msgs/orbbec_camera_msgs/srv/set_int32.hpp\n'}
[61.182407] (orbbec_camera_msgs) StdoutLine: {'line': b'-- Up-to-date: /home/sophie/isaac_lab/isaac_ws/rl_code/soarm100sim/third_party/orbbec_293_ws/install/orbbec_camera_msgs/include/orbbec_camera_msgs/orbbec_camera_msgs/msg\n'}
[61.182437] (orbbec_camera_msgs) StdoutLine: {'line': b'-- Up-to-date: /home/sophie/isaac_lab/isaac_ws/rl_code/soarm100sim/third_party/orbbec_293_ws/install/orbbec_camera_msgs/include/orbbec_camera_msgs/orbbec_camera_msgs/msg/detail\n'}
[61.182548] (orbbec_camera_msgs) StdoutLine: {'line': b'-- Installing: /home/sophie/isaac_lab/isaac_ws/rl_code/soarm100sim/third_party/orbbec_293_ws/install/orbbec_camera_msgs/include/orbbec_camera_msgs/orbbec_camera_msgs/msg/detail/rgbd__builder.hpp\n'}
[61.182574] (orbbec_camera_msgs) StdoutLine: {'line': b'-- Installing: /home/sophie/isaac_lab/isaac_ws/rl_code/soarm100sim/third_party/orbbec_293_ws/install/orbbec_camera_msgs/include/orbbec_camera_msgs/orbbec_camera_msgs/msg/detail/depth_filters_status__struct.hpp\n'}
[61.182653] (orbbec_camera_msgs) StdoutLine: {'line': b'-- Installing: /home/sophie/isaac_lab/isaac_ws/rl_code/soarm100sim/third_party/orbbec_293_ws/install/orbbec_camera_msgs/include/orbbec_camera_msgs/orbbec_camera_msgs/msg/detail/device_status__traits.hpp\n'}
[61.182759] (orbbec_camera_msgs) StdoutLine: {'line': b'-- Installing: /home/sophie/isaac_lab/isaac_ws/rl_code/soarm100sim/third_party/orbbec_293_ws/install/orbbec_camera_msgs/include/orbbec_camera_msgs/orbbec_camera_msgs/msg/detail/rgbd__type_support.hpp\n'}
[61.182857] (orbbec_camera_msgs) StdoutLine: {'line': b'-- Installing: /home/sophie/isaac_lab/isaac_ws/rl_code/soarm100sim/third_party/orbbec_293_ws/install/orbbec_camera_msgs/include/orbbec_camera_msgs/orbbec_camera_msgs/msg/detail/depth_filter_param__type_support.hpp\n'}
[61.182953] (orbbec_camera_msgs) StdoutLine: {'line': b'-- Installing: /home/sophie/isaac_lab/isaac_ws/rl_code/soarm100sim/third_party/orbbec_293_ws/install/orbbec_camera_msgs/include/orbbec_camera_msgs/orbbec_camera_msgs/msg/detail/depth_filters_status__traits.hpp\n'}
[61.183056] (orbbec_camera_msgs) StdoutLine: {'line': b'-- Installing: /home/sophie/isaac_lab/isaac_ws/rl_code/soarm100sim/third_party/orbbec_293_ws/install/orbbec_camera_msgs/include/orbbec_camera_msgs/orbbec_camera_msgs/msg/detail/metadata__traits.hpp\n'}
[61.183154] (orbbec_camera_msgs) StdoutLine: {'line': b'-- Installing: /home/sophie/isaac_lab/isaac_ws/rl_code/soarm100sim/third_party/orbbec_293_ws/install/orbbec_camera_msgs/include/orbbec_camera_msgs/orbbec_camera_msgs/msg/detail/metadata__struct.hpp\n'}
[61.183254] (orbbec_camera_msgs) StdoutLine: {'line': b'-- Installing: /home/sophie/isaac_lab/isaac_ws/rl_code/soarm100sim/third_party/orbbec_293_ws/install/orbbec_camera_msgs/include/orbbec_camera_msgs/orbbec_camera_msgs/msg/detail/imu_info__struct.hpp\n'}
[61.183356] (orbbec_camera_msgs) StdoutLine: {'line': b'-- Installing: /home/sophie/isaac_lab/isaac_ws/rl_code/soarm100sim/third_party/orbbec_293_ws/install/orbbec_camera_msgs/include/orbbec_camera_msgs/orbbec_camera_msgs/msg/detail/device_info__type_support.hpp\n'}
[61.183458] (orbbec_camera_msgs) StdoutLine: {'line': b'-- Installing: /home/sophie/isaac_lab/isaac_ws/rl_code/soarm100sim/third_party/orbbec_293_ws/install/orbbec_camera_msgs/include/orbbec_camera_msgs/orbbec_camera_msgs/msg/detail/stream_profile__traits.hpp\n'}
[61.183556] (orbbec_camera_msgs) StdoutLine: {'line': b'-- Installing: /home/sophie/isaac_lab/isaac_ws/rl_code/soarm100sim/third_party/orbbec_293_ws/install/orbbec_camera_msgs/include/orbbec_camera_msgs/orbbec_camera_msgs/msg/detail/depth_filter_param__traits.hpp\n'}
[61.183656] (orbbec_camera_msgs) StdoutLine: {'line': b'-- Installing: /home/sophie/isaac_lab/isaac_ws/rl_code/soarm100sim/third_party/orbbec_293_ws/install/orbbec_camera_msgs/include/orbbec_camera_msgs/orbbec_camera_msgs/msg/detail/rgbd__traits.hpp\n'}
[61.183757] (orbbec_camera_msgs) StdoutLine: {'line': b'-- Installing: /home/sophie/isaac_lab/isaac_ws/rl_code/soarm100sim/third_party/orbbec_293_ws/install/orbbec_camera_msgs/include/orbbec_camera_msgs/orbbec_camera_msgs/msg/detail/depth_filter_state__type_support.hpp\n'}
[61.183856] (orbbec_camera_msgs) StdoutLine: {'line': b'-- Installing: /home/sophie/isaac_lab/isaac_ws/rl_code/soarm100sim/third_party/orbbec_293_ws/install/orbbec_camera_msgs/include/orbbec_camera_msgs/orbbec_camera_msgs/msg/detail/metadata__builder.hpp\n'}
[61.183953] (orbbec_camera_msgs) StdoutLine: {'line': b'-- Installing: /home/sophie/isaac_lab/isaac_ws/rl_code/soarm100sim/third_party/orbbec_293_ws/install/orbbec_camera_msgs/include/orbbec_camera_msgs/orbbec_camera_msgs/msg/detail/extrinsics__traits.hpp\n'}
[61.184060] (orbbec_camera_msgs) StdoutLine: {'line': b'-- Installing: /home/sophie/isaac_lab/isaac_ws/rl_code/soarm100sim/third_party/orbbec_293_ws/install/orbbec_camera_msgs/include/orbbec_camera_msgs/orbbec_camera_msgs/msg/detail/metadata__type_support.hpp\n'}
[61.184164] (orbbec_camera_msgs) StdoutLine: {'line': b'-- Installing: /home/sophie/isaac_lab/isaac_ws/rl_code/soarm100sim/third_party/orbbec_293_ws/install/orbbec_camera_msgs/include/orbbec_camera_msgs/orbbec_camera_msgs/msg/detail/depth_filter_state__struct.hpp\n'}
[61.184265] (orbbec_camera_msgs) StdoutLine: {'line': b'-- Installing: /home/sophie/isaac_lab/isaac_ws/rl_code/soarm100sim/third_party/orbbec_293_ws/install/orbbec_camera_msgs/include/orbbec_camera_msgs/orbbec_camera_msgs/msg/detail/device_status__builder.hpp\n'}
[61.184375] (orbbec_camera_msgs) StdoutLine: {'line': b'-- Installing: /home/sophie/isaac_lab/isaac_ws/rl_code/soarm100sim/third_party/orbbec_293_ws/install/orbbec_camera_msgs/include/orbbec_camera_msgs/orbbec_camera_msgs/msg/detail/stream_profile__struct.hpp\n'}
[61.184478] (orbbec_camera_msgs) StdoutLine: {'line': b'-- Installing: /home/sophie/isaac_lab/isaac_ws/rl_code/soarm100sim/third_party/orbbec_293_ws/install/orbbec_camera_msgs/include/orbbec_camera_msgs/orbbec_camera_msgs/msg/detail/depth_filter_state__builder.hpp\n'}
[61.184577] (orbbec_camera_msgs) StdoutLine: {'line': b'-- Installing: /home/sophie/isaac_lab/isaac_ws/rl_code/soarm100sim/third_party/orbbec_293_ws/install/orbbec_camera_msgs/include/orbbec_camera_msgs/orbbec_camera_msgs/msg/detail/extrinsics__type_support.hpp\n'}
[61.184675] (orbbec_camera_msgs) StdoutLine: {'line': b'-- Installing: /home/sophie/isaac_lab/isaac_ws/rl_code/soarm100sim/third_party/orbbec_293_ws/install/orbbec_camera_msgs/include/orbbec_camera_msgs/orbbec_camera_msgs/msg/detail/imu_info__builder.hpp\n'}
[61.184775] (orbbec_camera_msgs) StdoutLine: {'line': b'-- Installing: /home/sophie/isaac_lab/isaac_ws/rl_code/soarm100sim/third_party/orbbec_293_ws/install/orbbec_camera_msgs/include/orbbec_camera_msgs/orbbec_camera_msgs/msg/detail/depth_filter_param__builder.hpp\n'}
[61.184881] (orbbec_camera_msgs) StdoutLine: {'line': b'-- Installing: /home/sophie/isaac_lab/isaac_ws/rl_code/soarm100sim/third_party/orbbec_293_ws/install/orbbec_camera_msgs/include/orbbec_camera_msgs/orbbec_camera_msgs/msg/detail/depth_filters_status__type_support.hpp\n'}
[61.184982] (orbbec_camera_msgs) StdoutLine: {'line': b'-- Installing: /home/sophie/isaac_lab/isaac_ws/rl_code/soarm100sim/third_party/orbbec_293_ws/install/orbbec_camera_msgs/include/orbbec_camera_msgs/orbbec_camera_msgs/msg/detail/stream_profile__type_support.hpp\n'}
[61.185086] (orbbec_camera_msgs) StdoutLine: {'line': b'-- Installing: /home/sophie/isaac_lab/isaac_ws/rl_code/soarm100sim/third_party/orbbec_293_ws/install/orbbec_camera_msgs/include/orbbec_camera_msgs/orbbec_camera_msgs/msg/detail/device_status__struct.hpp\n'}
[61.185196] (orbbec_camera_msgs) StdoutLine: {'line': b'-- Installing: /home/sophie/isaac_lab/isaac_ws/rl_code/soarm100sim/third_party/orbbec_293_ws/install/orbbec_camera_msgs/include/orbbec_camera_msgs/orbbec_camera_msgs/msg/detail/extrinsics__struct.hpp\n'}
[61.185298] (orbbec_camera_msgs) StdoutLine: {'line': b'-- Installing: /home/sophie/isaac_lab/isaac_ws/rl_code/soarm100sim/third_party/orbbec_293_ws/install/orbbec_camera_msgs/include/orbbec_camera_msgs/orbbec_camera_msgs/msg/detail/device_info__struct.hpp\n'}
[61.185400] (orbbec_camera_msgs) StdoutLine: {'line': b'-- Installing: /home/sophie/isaac_lab/isaac_ws/rl_code/soarm100sim/third_party/orbbec_293_ws/install/orbbec_camera_msgs/include/orbbec_camera_msgs/orbbec_camera_msgs/msg/detail/stream_profile__builder.hpp\n'}
[61.185499] (orbbec_camera_msgs) StdoutLine: {'line': b'-- Installing: /home/sophie/isaac_lab/isaac_ws/rl_code/soarm100sim/third_party/orbbec_293_ws/install/orbbec_camera_msgs/include/orbbec_camera_msgs/orbbec_camera_msgs/msg/detail/depth_filters_status__builder.hpp\n'}
[61.185599] (orbbec_camera_msgs) StdoutLine: {'line': b'-- Installing: /home/sophie/isaac_lab/isaac_ws/rl_code/soarm100sim/third_party/orbbec_293_ws/install/orbbec_camera_msgs/include/orbbec_camera_msgs/orbbec_camera_msgs/msg/detail/rgbd__struct.hpp\n'}
[61.185702] (orbbec_camera_msgs) StdoutLine: {'line': b'-- Installing: /home/sophie/isaac_lab/isaac_ws/rl_code/soarm100sim/third_party/orbbec_293_ws/install/orbbec_camera_msgs/include/orbbec_camera_msgs/orbbec_camera_msgs/msg/detail/depth_filter_state__traits.hpp\n'}
[61.185849] (orbbec_camera_msgs) StdoutLine: {'line': b'-- Installing: /home/sophie/isaac_lab/isaac_ws/rl_code/soarm100sim/third_party/orbbec_293_ws/install/orbbec_camera_msgs/include/orbbec_camera_msgs/orbbec_camera_msgs/msg/detail/depth_filter_param__struct.hpp\n'}
[61.185949] (orbbec_camera_msgs) StdoutLine: {'line': b'-- Installing: /home/sophie/isaac_lab/isaac_ws/rl_code/soarm100sim/third_party/orbbec_293_ws/install/orbbec_camera_msgs/include/orbbec_camera_msgs/orbbec_camera_msgs/msg/detail/device_info__traits.hpp\n'}
[61.186072] (orbbec_camera_msgs) StdoutLine: {'line': b'-- Installing: /home/sophie/isaac_lab/isaac_ws/rl_code/soarm100sim/third_party/orbbec_293_ws/install/orbbec_camera_msgs/include/orbbec_camera_msgs/orbbec_camera_msgs/msg/detail/device_info__builder.hpp\n'}
[61.186170] (orbbec_camera_msgs) StdoutLine: {'line': b'-- Installing: /home/sophie/isaac_lab/isaac_ws/rl_code/soarm100sim/third_party/orbbec_293_ws/install/orbbec_camera_msgs/include/orbbec_camera_msgs/orbbec_camera_msgs/msg/detail/device_status__type_support.hpp\n'}
[61.186266] (orbbec_camera_msgs) StdoutLine: {'line': b'-- Installing: /home/sophie/isaac_lab/isaac_ws/rl_code/soarm100sim/third_party/orbbec_293_ws/install/orbbec_camera_msgs/include/orbbec_camera_msgs/orbbec_camera_msgs/msg/detail/imu_info__type_support.hpp\n'}
[61.186360] (orbbec_camera_msgs) StdoutLine: {'line': b'-- Installing: /home/sophie/isaac_lab/isaac_ws/rl_code/soarm100sim/third_party/orbbec_293_ws/install/orbbec_camera_msgs/include/orbbec_camera_msgs/orbbec_camera_msgs/msg/detail/extrinsics__builder.hpp\n'}
[61.186456] (orbbec_camera_msgs) StdoutLine: {'line': b'-- Installing: /home/sophie/isaac_lab/isaac_ws/rl_code/soarm100sim/third_party/orbbec_293_ws/install/orbbec_camera_msgs/include/orbbec_camera_msgs/orbbec_camera_msgs/msg/detail/imu_info__traits.hpp\n'}
[61.186556] (orbbec_camera_msgs) StdoutLine: {'line': b'-- Installing: /home/sophie/isaac_lab/isaac_ws/rl_code/soarm100sim/third_party/orbbec_293_ws/install/orbbec_camera_msgs/include/orbbec_camera_msgs/orbbec_camera_msgs/msg/imu_info.hpp\n'}
[61.186644] (orbbec_camera_msgs) StdoutLine: {'line': b'-- Installing: /home/sophie/isaac_lab/isaac_ws/rl_code/soarm100sim/third_party/orbbec_293_ws/install/orbbec_camera_msgs/include/orbbec_camera_msgs/orbbec_camera_msgs/msg/depth_filters_status.hpp\n'}
[61.186732] (orbbec_camera_msgs) StdoutLine: {'line': b'-- Installing: /home/sophie/isaac_lab/isaac_ws/rl_code/soarm100sim/third_party/orbbec_293_ws/install/orbbec_camera_msgs/include/orbbec_camera_msgs/orbbec_camera_msgs/msg/extrinsics.hpp\n'}
[61.186820] (orbbec_camera_msgs) StdoutLine: {'line': b'-- Installing: /home/sophie/isaac_lab/isaac_ws/rl_code/soarm100sim/third_party/orbbec_293_ws/install/orbbec_camera_msgs/include/orbbec_camera_msgs/orbbec_camera_msgs/msg/metadata.hpp\n'}
[61.186907] (orbbec_camera_msgs) StdoutLine: {'line': b'-- Installing: /home/sophie/isaac_lab/isaac_ws/rl_code/soarm100sim/third_party/orbbec_293_ws/install/orbbec_camera_msgs/include/orbbec_camera_msgs/orbbec_camera_msgs/msg/device_status.hpp\n'}
[61.186997] (orbbec_camera_msgs) StdoutLine: {'line': b'-- Installing: /home/sophie/isaac_lab/isaac_ws/rl_code/soarm100sim/third_party/orbbec_293_ws/install/orbbec_camera_msgs/include/orbbec_camera_msgs/orbbec_camera_msgs/msg/rosidl_generator_cpp__visibility_control.hpp\n'}
[61.187091] (orbbec_camera_msgs) StdoutLine: {'line': b'-- Installing: /home/sophie/isaac_lab/isaac_ws/rl_code/soarm100sim/third_party/orbbec_293_ws/install/orbbec_camera_msgs/include/orbbec_camera_msgs/orbbec_camera_msgs/msg/stream_profile.hpp\n'}
[61.187180] (orbbec_camera_msgs) StdoutLine: {'line': b'-- Installing: /home/sophie/isaac_lab/isaac_ws/rl_code/soarm100sim/third_party/orbbec_293_ws/install/orbbec_camera_msgs/include/orbbec_camera_msgs/orbbec_camera_msgs/msg/rgbd.hpp\n'}
[61.187267] (orbbec_camera_msgs) StdoutLine: {'line': b'-- Installing: /home/sophie/isaac_lab/isaac_ws/rl_code/soarm100sim/third_party/orbbec_293_ws/install/orbbec_camera_msgs/include/orbbec_camera_msgs/orbbec_camera_msgs/msg/device_info.hpp\n'}
[61.187359] (orbbec_camera_msgs) StdoutLine: {'line': b'-- Installing: /home/sophie/isaac_lab/isaac_ws/rl_code/soarm100sim/third_party/orbbec_293_ws/install/orbbec_camera_msgs/include/orbbec_camera_msgs/orbbec_camera_msgs/msg/depth_filter_state.hpp\n'}
[61.187445] (orbbec_camera_msgs) StdoutLine: {'line': b'-- Installing: /home/sophie/isaac_lab/isaac_ws/rl_code/soarm100sim/third_party/orbbec_293_ws/install/orbbec_camera_msgs/include/orbbec_camera_msgs/orbbec_camera_msgs/msg/depth_filter_param.hpp\n'}
[61.187706] (orbbec_camera_msgs) StdoutLine: {'line': b'-- Up-to-date: /home/sophie/isaac_lab/isaac_ws/rl_code/soarm100sim/third_party/orbbec_293_ws/install/orbbec_camera_msgs/include/orbbec_camera_msgs/orbbec_camera_msgs\n'}
[61.187738] (orbbec_camera_msgs) StdoutLine: {'line': b'-- Up-to-date: /home/sophie/isaac_lab/isaac_ws/rl_code/soarm100sim/third_party/orbbec_293_ws/install/orbbec_camera_msgs/include/orbbec_camera_msgs/orbbec_camera_msgs/srv\n'}
[61.187765] (orbbec_camera_msgs) StdoutLine: {'line': b'-- Up-to-date: /home/sophie/isaac_lab/isaac_ws/rl_code/soarm100sim/third_party/orbbec_293_ws/install/orbbec_camera_msgs/include/orbbec_camera_msgs/orbbec_camera_msgs/srv/detail\n'}
[61.187790] (orbbec_camera_msgs) StdoutLine: {'line': b'-- Installing: /home/sophie/isaac_lab/isaac_ws/rl_code/soarm100sim/third_party/orbbec_293_ws/install/orbbec_camera_msgs/include/orbbec_camera_msgs/orbbec_camera_msgs/srv/detail/set_arrays__rosidl_typesupport_fastrtps_cpp.hpp\n'}
[61.187860] (orbbec_camera_msgs) StdoutLine: {'line': b'-- Installing: /home/sophie/isaac_lab/isaac_ws/rl_code/soarm100sim/third_party/orbbec_293_ws/install/orbbec_camera_msgs/include/orbbec_camera_msgs/orbbec_camera_msgs/srv/detail/get_int32__rosidl_typesupport_fastrtps_cpp.hpp\n'}
[61.187954] (orbbec_camera_msgs) StdoutLine: {'line': b'-- Installing: /home/sophie/isaac_lab/isaac_ws/rl_code/soarm100sim/third_party/orbbec_293_ws/install/orbbec_camera_msgs/include/orbbec_camera_msgs/orbbec_camera_msgs/srv/detail/get_device_config__rosidl_typesupport_fastrtps_cpp.hpp\n'}
[61.188064] (orbbec_camera_msgs) StdoutLine: {'line': b'-- Installing: /home/sophie/isaac_lab/isaac_ws/rl_code/soarm100sim/third_party/orbbec_293_ws/install/orbbec_camera_msgs/include/orbbec_camera_msgs/orbbec_camera_msgs/srv/detail/set_bag_recording__rosidl_typesupport_fastrtps_cpp.hpp\n'}
[61.188169] (orbbec_camera_msgs) StdoutLine: {'line': b'-- Installing: /home/sophie/isaac_lab/isaac_ws/rl_code/soarm100sim/third_party/orbbec_293_ws/install/orbbec_camera_msgs/include/orbbec_camera_msgs/orbbec_camera_msgs/srv/detail/set_string__rosidl_typesupport_fastrtps_cpp.hpp\n'}
[61.188270] (orbbec_camera_msgs) StdoutLine: {'line': b'-- Installing: /home/sophie/isaac_lab/isaac_ws/rl_code/soarm100sim/third_party/orbbec_293_ws/install/orbbec_camera_msgs/include/orbbec_camera_msgs/orbbec_camera_msgs/srv/detail/set_filter__rosidl_typesupport_fastrtps_cpp.hpp\n'}
[61.188373] (orbbec_camera_msgs) StdoutLine: {'line': b'-- Installing: /home/sophie/isaac_lab/isaac_ws/rl_code/soarm100sim/third_party/orbbec_293_ws/install/orbbec_camera_msgs/include/orbbec_camera_msgs/orbbec_camera_msgs/srv/detail/get_device_info__rosidl_typesupport_fastrtps_cpp.hpp\n'}
[61.188478] (orbbec_camera_msgs) StdoutLine: {'line': b'-- Installing: /home/sophie/isaac_lab/isaac_ws/rl_code/soarm100sim/third_party/orbbec_293_ws/install/orbbec_camera_msgs/include/orbbec_camera_msgs/orbbec_camera_msgs/srv/detail/set_stream_profile__rosidl_typesupport_fastrtps_cpp.hpp\n'}
[61.188585] (orbbec_camera_msgs) StdoutLine: {'line': b'-- Installing: /home/sophie/isaac_lab/isaac_ws/rl_code/soarm100sim/third_party/orbbec_293_ws/install/orbbec_camera_msgs/include/orbbec_camera_msgs/orbbec_camera_msgs/srv/detail/get_user_calib_params__rosidl_typesupport_fastrtps_cpp.hpp\n'}
[61.188694] (orbbec_camera_msgs) StdoutLine: {'line': b'-- Installing: /home/sophie/isaac_lab/isaac_ws/rl_code/soarm100sim/third_party/orbbec_293_ws/install/orbbec_camera_msgs/include/orbbec_camera_msgs/orbbec_camera_msgs/srv/detail/set_int32__rosidl_typesupport_fastrtps_cpp.hpp\n'}
[61.188807] (orbbec_camera_msgs) StdoutLine: {'line': b'-- Installing: /home/sophie/isaac_lab/isaac_ws/rl_code/soarm100sim/third_party/orbbec_293_ws/install/orbbec_camera_msgs/include/orbbec_camera_msgs/orbbec_camera_msgs/srv/detail/get_camera_info__rosidl_typesupport_fastrtps_cpp.hpp\n'}
[61.188910] (orbbec_camera_msgs) StdoutLine: {'line': b'-- Installing: /home/sophie/isaac_lab/isaac_ws/rl_code/soarm100sim/third_party/orbbec_293_ws/install/orbbec_camera_msgs/include/orbbec_camera_msgs/orbbec_camera_msgs/srv/detail/get_bool__rosidl_typesupport_fastrtps_cpp.hpp\n'}
[61.189016] (orbbec_camera_msgs) StdoutLine: {'line': b'-- Installing: /home/sophie/isaac_lab/isaac_ws/rl_code/soarm100sim/third_party/orbbec_293_ws/install/orbbec_camera_msgs/include/orbbec_camera_msgs/orbbec_camera_msgs/srv/detail/get_string__rosidl_typesupport_fastrtps_cpp.hpp\n'}
[61.189124] (orbbec_camera_msgs) StdoutLine: {'line': b'-- Installing: /home/sophie/isaac_lab/isaac_ws/rl_code/soarm100sim/third_party/orbbec_293_ws/install/orbbec_camera_msgs/include/orbbec_camera_msgs/orbbec_camera_msgs/srv/detail/set_user_calib_params__rosidl_typesupport_fastrtps_cpp.hpp\n'}
[61.189229] (orbbec_camera_msgs) StdoutLine: {'line': b'-- Installing: /home/sophie/isaac_lab/isaac_ws/rl_code/soarm100sim/third_party/orbbec_293_ws/install/orbbec_camera_msgs/include/orbbec_camera_msgs/orbbec_camera_msgs/srv/detail/dds_fastrtps\n'}
[61.189394] (orbbec_camera_msgs) StdoutLine: {'line': b'-- Up-to-date: /home/sophie/isaac_lab/isaac_ws/rl_code/soarm100sim/third_party/orbbec_293_ws/install/orbbec_camera_msgs/include/orbbec_camera_msgs/orbbec_camera_msgs/msg\n'}
[61.189422] (orbbec_camera_msgs) StdoutLine: {'line': b'-- Up-to-date: /home/sophie/isaac_lab/isaac_ws/rl_code/soarm100sim/third_party/orbbec_293_ws/install/orbbec_camera_msgs/include/orbbec_camera_msgs/orbbec_camera_msgs/msg/detail\n'}
[61.189452] (orbbec_camera_msgs) StdoutLine: {'line': b'-- Installing: /home/sophie/isaac_lab/isaac_ws/rl_code/soarm100sim/third_party/orbbec_293_ws/install/orbbec_camera_msgs/include/orbbec_camera_msgs/orbbec_camera_msgs/msg/detail/extrinsics__rosidl_typesupport_fastrtps_cpp.hpp\n'}
[61.189528] (orbbec_camera_msgs) StdoutLine: {'line': b'-- Installing: /home/sophie/isaac_lab/isaac_ws/rl_code/soarm100sim/third_party/orbbec_293_ws/install/orbbec_camera_msgs/include/orbbec_camera_msgs/orbbec_camera_msgs/msg/detail/metadata__rosidl_typesupport_fastrtps_cpp.hpp\n'}
[61.189603] (orbbec_camera_msgs) StdoutLine: {'line': b'-- Installing: /home/sophie/isaac_lab/isaac_ws/rl_code/soarm100sim/third_party/orbbec_293_ws/install/orbbec_camera_msgs/include/orbbec_camera_msgs/orbbec_camera_msgs/msg/detail/rgbd__rosidl_typesupport_fastrtps_cpp.hpp\n'}
[61.189677] (orbbec_camera_msgs) StdoutLine: {'line': b'-- Installing: /home/sophie/isaac_lab/isaac_ws/rl_code/soarm100sim/third_party/orbbec_293_ws/install/orbbec_camera_msgs/include/orbbec_camera_msgs/orbbec_camera_msgs/msg/detail/stream_profile__rosidl_typesupport_fastrtps_cpp.hpp\n'}
[61.189775] (orbbec_camera_msgs) StdoutLine: {'line': b'-- Installing: /home/sophie/isaac_lab/isaac_ws/rl_code/soarm100sim/third_party/orbbec_293_ws/install/orbbec_camera_msgs/include/orbbec_camera_msgs/orbbec_camera_msgs/msg/detail/device_info__rosidl_typesupport_fastrtps_cpp.hpp\n'}
[61.189871] (orbbec_camera_msgs) StdoutLine: {'line': b'-- Installing: /home/sophie/isaac_lab/isaac_ws/rl_code/soarm100sim/third_party/orbbec_293_ws/install/orbbec_camera_msgs/include/orbbec_camera_msgs/orbbec_camera_msgs/msg/detail/depth_filters_status__rosidl_typesupport_fastrtps_cpp.hpp\n'}
[61.189967] (orbbec_camera_msgs) StdoutLine: {'line': b'-- Installing: /home/sophie/isaac_lab/isaac_ws/rl_code/soarm100sim/third_party/orbbec_293_ws/install/orbbec_camera_msgs/include/orbbec_camera_msgs/orbbec_camera_msgs/msg/detail/device_status__rosidl_typesupport_fastrtps_cpp.hpp\n'}
[61.190068] (orbbec_camera_msgs) StdoutLine: {'line': b'-- Installing: /home/sophie/isaac_lab/isaac_ws/rl_code/soarm100sim/third_party/orbbec_293_ws/install/orbbec_camera_msgs/include/orbbec_camera_msgs/orbbec_camera_msgs/msg/detail/imu_info__rosidl_typesupport_fastrtps_cpp.hpp\n'}
[61.190165] (orbbec_camera_msgs) StdoutLine: {'line': b'-- Installing: /home/sophie/isaac_lab/isaac_ws/rl_code/soarm100sim/third_party/orbbec_293_ws/install/orbbec_camera_msgs/include/orbbec_camera_msgs/orbbec_camera_msgs/msg/detail/depth_filter_state__rosidl_typesupport_fastrtps_cpp.hpp\n'}
[61.190266] (orbbec_camera_msgs) StdoutLine: {'line': b'-- Installing: /home/sophie/isaac_lab/isaac_ws/rl_code/soarm100sim/third_party/orbbec_293_ws/install/orbbec_camera_msgs/include/orbbec_camera_msgs/orbbec_camera_msgs/msg/detail/depth_filter_param__rosidl_typesupport_fastrtps_cpp.hpp\n'}
[61.190360] (orbbec_camera_msgs) StdoutLine: {'line': b'-- Installing: /home/sophie/isaac_lab/isaac_ws/rl_code/soarm100sim/third_party/orbbec_293_ws/install/orbbec_camera_msgs/include/orbbec_camera_msgs/orbbec_camera_msgs/msg/detail/dds_fastrtps\n'}
[61.190446] (orbbec_camera_msgs) StdoutLine: {'line': b'-- Installing: /home/sophie/isaac_lab/isaac_ws/rl_code/soarm100sim/third_party/orbbec_293_ws/install/orbbec_camera_msgs/include/orbbec_camera_msgs/orbbec_camera_msgs/msg/rosidl_typesupport_fastrtps_cpp__visibility_control.h\n'}
[61.190601] (orbbec_camera_msgs) StdoutLine: {'line': b'-- Installing: /home/sophie/isaac_lab/isaac_ws/rl_code/soarm100sim/third_party/orbbec_293_ws/install/orbbec_camera_msgs/lib/liborbbec_camera_msgs__rosidl_typesupport_fastrtps_cpp.so\n'}
[61.191351] (orbbec_camera_msgs) StdoutLine: {'line': b'-- Set runtime path of "/home/sophie/isaac_lab/isaac_ws/rl_code/soarm100sim/third_party/orbbec_293_ws/install/orbbec_camera_msgs/lib/liborbbec_camera_msgs__rosidl_typesupport_fastrtps_cpp.so" to ""\n'}
[61.191387] (orbbec_camera_msgs) StdoutLine: {'line': b'-- Up-to-date: /home/sophie/isaac_lab/isaac_ws/rl_code/soarm100sim/third_party/orbbec_293_ws/install/orbbec_camera_msgs/include/orbbec_camera_msgs/orbbec_camera_msgs\n'}
[61.191413] (orbbec_camera_msgs) StdoutLine: {'line': b'-- Up-to-date: /home/sophie/isaac_lab/isaac_ws/rl_code/soarm100sim/third_party/orbbec_293_ws/install/orbbec_camera_msgs/include/orbbec_camera_msgs/orbbec_camera_msgs/srv\n'}
[61.191438] (orbbec_camera_msgs) StdoutLine: {'line': b'-- Up-to-date: /home/sophie/isaac_lab/isaac_ws/rl_code/soarm100sim/third_party/orbbec_293_ws/install/orbbec_camera_msgs/include/orbbec_camera_msgs/orbbec_camera_msgs/srv/detail\n'}
[61.191463] (orbbec_camera_msgs) StdoutLine: {'line': b'-- Installing: /home/sophie/isaac_lab/isaac_ws/rl_code/soarm100sim/third_party/orbbec_293_ws/install/orbbec_camera_msgs/include/orbbec_camera_msgs/orbbec_camera_msgs/srv/detail/get_user_calib_params__type_support.cpp\n'}
[61.191535] (orbbec_camera_msgs) StdoutLine: {'line': b'-- Installing: /home/sophie/isaac_lab/isaac_ws/rl_code/soarm100sim/third_party/orbbec_293_ws/install/orbbec_camera_msgs/include/orbbec_camera_msgs/orbbec_camera_msgs/srv/detail/set_arrays__rosidl_typesupport_introspection_cpp.hpp\n'}
[61.191626] (orbbec_camera_msgs) StdoutLine: {'line': b'-- Installing: /home/sophie/isaac_lab/isaac_ws/rl_code/soarm100sim/third_party/orbbec_293_ws/install/orbbec_camera_msgs/include/orbbec_camera_msgs/orbbec_camera_msgs/srv/detail/get_string__type_support.cpp\n'}
[61.191737] (orbbec_camera_msgs) StdoutLine: {'line': b'-- Installing: /home/sophie/isaac_lab/isaac_ws/rl_code/soarm100sim/third_party/orbbec_293_ws/install/orbbec_camera_msgs/include/orbbec_camera_msgs/orbbec_camera_msgs/srv/detail/set_string__rosidl_typesupport_introspection_cpp.hpp\n'}
[61.191841] (orbbec_camera_msgs) StdoutLine: {'line': b'-- Installing: /home/sophie/isaac_lab/isaac_ws/rl_code/soarm100sim/third_party/orbbec_293_ws/install/orbbec_camera_msgs/include/orbbec_camera_msgs/orbbec_camera_msgs/srv/detail/get_bool__rosidl_typesupport_introspection_cpp.hpp\n'}
[61.191942] (orbbec_camera_msgs) StdoutLine: {'line': b'-- Installing: /home/sophie/isaac_lab/isaac_ws/rl_code/soarm100sim/third_party/orbbec_293_ws/install/orbbec_camera_msgs/include/orbbec_camera_msgs/orbbec_camera_msgs/srv/detail/set_int32__rosidl_typesupport_introspection_cpp.hpp\n'}
[61.192050] (orbbec_camera_msgs) StdoutLine: {'line': b'-- Installing: /home/sophie/isaac_lab/isaac_ws/rl_code/soarm100sim/third_party/orbbec_293_ws/install/orbbec_camera_msgs/include/orbbec_camera_msgs/orbbec_camera_msgs/srv/detail/get_device_config__rosidl_typesupport_introspection_cpp.hpp\n'}
[61.192152] (orbbec_camera_msgs) StdoutLine: {'line': b'-- Installing: /home/sophie/isaac_lab/isaac_ws/rl_code/soarm100sim/third_party/orbbec_293_ws/install/orbbec_camera_msgs/include/orbbec_camera_msgs/orbbec_camera_msgs/srv/detail/set_int32__type_support.cpp\n'}
[61.192264] (orbbec_camera_msgs) StdoutLine: {'line': b'-- Installing: /home/sophie/isaac_lab/isaac_ws/rl_code/soarm100sim/third_party/orbbec_293_ws/install/orbbec_camera_msgs/include/orbbec_camera_msgs/orbbec_camera_msgs/srv/detail/get_string__rosidl_typesupport_introspection_cpp.hpp\n'}
[61.192367] (orbbec_camera_msgs) StdoutLine: {'line': b'-- Installing: /home/sophie/isaac_lab/isaac_ws/rl_code/soarm100sim/third_party/orbbec_293_ws/install/orbbec_camera_msgs/include/orbbec_camera_msgs/orbbec_camera_msgs/srv/detail/get_user_calib_params__rosidl_typesupport_introspection_cpp.hpp\n'}
[61.192474] (orbbec_camera_msgs) StdoutLine: {'line': b'-- Installing: /home/sophie/isaac_lab/isaac_ws/rl_code/soarm100sim/third_party/orbbec_293_ws/install/orbbec_camera_msgs/include/orbbec_camera_msgs/orbbec_camera_msgs/srv/detail/get_int32__type_support.cpp\n'}
[61.192586] (orbbec_camera_msgs) StdoutLine: {'line': b'-- Installing: /home/sophie/isaac_lab/isaac_ws/rl_code/soarm100sim/third_party/orbbec_293_ws/install/orbbec_camera_msgs/include/orbbec_camera_msgs/orbbec_camera_msgs/srv/detail/set_filter__type_support.cpp\n'}
[61.192704] (orbbec_camera_msgs) StdoutLine: {'line': b'-- Installing: /home/sophie/isaac_lab/isaac_ws/rl_code/soarm100sim/third_party/orbbec_293_ws/install/orbbec_camera_msgs/include/orbbec_camera_msgs/orbbec_camera_msgs/srv/detail/set_arrays__type_support.cpp\n'}
[61.192824] (orbbec_camera_msgs) StdoutLine: {'line': b'-- Installing: /home/sophie/isaac_lab/isaac_ws/rl_code/soarm100sim/third_party/orbbec_293_ws/install/orbbec_camera_msgs/include/orbbec_camera_msgs/orbbec_camera_msgs/srv/detail/get_camera_info__type_support.cpp\n'}
[61.192936] (orbbec_camera_msgs) StdoutLine: {'line': b'-- Installing: /home/sophie/isaac_lab/isaac_ws/rl_code/soarm100sim/third_party/orbbec_293_ws/install/orbbec_camera_msgs/include/orbbec_camera_msgs/orbbec_camera_msgs/srv/detail/get_device_config__type_support.cpp\n'}
[61.193096] (orbbec_camera_msgs) StdoutLine: {'line': b'-- Installing: /home/sophie/isaac_lab/isaac_ws/rl_code/soarm100sim/third_party/orbbec_293_ws/install/orbbec_camera_msgs/include/orbbec_camera_msgs/orbbec_camera_msgs/srv/detail/set_bag_recording__type_support.cpp\n'}
[61.193205] (orbbec_camera_msgs) StdoutLine: {'line': b'-- Installing: /home/sophie/isaac_lab/isaac_ws/rl_code/soarm100sim/third_party/orbbec_293_ws/install/orbbec_camera_msgs/include/orbbec_camera_msgs/orbbec_camera_msgs/srv/detail/set_stream_profile__type_support.cpp\n'}
[61.193315] (orbbec_camera_msgs) StdoutLine: {'line': b'-- Installing: /home/sophie/isaac_lab/isaac_ws/rl_code/soarm100sim/third_party/orbbec_293_ws/install/orbbec_camera_msgs/include/orbbec_camera_msgs/orbbec_camera_msgs/srv/detail/get_camera_info__rosidl_typesupport_introspection_cpp.hpp\n'}
[61.193424] (orbbec_camera_msgs) StdoutLine: {'line': b'-- Installing: /home/sophie/isaac_lab/isaac_ws/rl_code/soarm100sim/third_party/orbbec_293_ws/install/orbbec_camera_msgs/include/orbbec_camera_msgs/orbbec_camera_msgs/srv/detail/set_user_calib_params__rosidl_typesupport_introspection_cpp.hpp\n'}
[61.193528] (orbbec_camera_msgs) StdoutLine: {'line': b'-- Installing: /home/sophie/isaac_lab/isaac_ws/rl_code/soarm100sim/third_party/orbbec_293_ws/install/orbbec_camera_msgs/include/orbbec_camera_msgs/orbbec_camera_msgs/srv/detail/get_bool__type_support.cpp\n'}
[61.193643] (orbbec_camera_msgs) StdoutLine: {'line': b'-- Installing: /home/sophie/isaac_lab/isaac_ws/rl_code/soarm100sim/third_party/orbbec_293_ws/install/orbbec_camera_msgs/include/orbbec_camera_msgs/orbbec_camera_msgs/srv/detail/set_user_calib_params__type_support.cpp\n'}
[61.193766] (orbbec_camera_msgs) StdoutLine: {'line': b'-- Installing: /home/sophie/isaac_lab/isaac_ws/rl_code/soarm100sim/third_party/orbbec_293_ws/install/orbbec_camera_msgs/include/orbbec_camera_msgs/orbbec_camera_msgs/srv/detail/set_stream_profile__rosidl_typesupport_introspection_cpp.hpp\n'}
[61.193897] (orbbec_camera_msgs) StdoutLine: {'line': b'-- Installing: /home/sophie/isaac_lab/isaac_ws/rl_code/soarm100sim/third_party/orbbec_293_ws/install/orbbec_camera_msgs/include/orbbec_camera_msgs/orbbec_camera_msgs/srv/detail/get_device_info__type_support.cpp\n'}
[61.194015] (orbbec_camera_msgs) StdoutLine: {'line': b'-- Installing: /home/sophie/isaac_lab/isaac_ws/rl_code/soarm100sim/third_party/orbbec_293_ws/install/orbbec_camera_msgs/include/orbbec_camera_msgs/orbbec_camera_msgs/srv/detail/get_int32__rosidl_typesupport_introspection_cpp.hpp\n'}
[61.194121] (orbbec_camera_msgs) StdoutLine: {'line': b'-- Installing: /home/sophie/isaac_lab/isaac_ws/rl_code/soarm100sim/third_party/orbbec_293_ws/install/orbbec_camera_msgs/include/orbbec_camera_msgs/orbbec_camera_msgs/srv/detail/set_bag_recording__rosidl_typesupport_introspection_cpp.hpp\n'}
[61.194217] (orbbec_camera_msgs) StdoutLine: {'line': b'-- Installing: /home/sophie/isaac_lab/isaac_ws/rl_code/soarm100sim/third_party/orbbec_293_ws/install/orbbec_camera_msgs/include/orbbec_camera_msgs/orbbec_camera_msgs/srv/detail/get_device_info__rosidl_typesupport_introspection_cpp.hpp\n'}
[61.194314] (orbbec_camera_msgs) StdoutLine: {'line': b'-- Installing: /home/sophie/isaac_lab/isaac_ws/rl_code/soarm100sim/third_party/orbbec_293_ws/install/orbbec_camera_msgs/include/orbbec_camera_msgs/orbbec_camera_msgs/srv/detail/set_filter__rosidl_typesupport_introspection_cpp.hpp\n'}
[61.194412] (orbbec_camera_msgs) StdoutLine: {'line': b'-- Installing: /home/sophie/isaac_lab/isaac_ws/rl_code/soarm100sim/third_party/orbbec_293_ws/install/orbbec_camera_msgs/include/orbbec_camera_msgs/orbbec_camera_msgs/srv/detail/set_string__type_support.cpp\n'}
[61.194592] (orbbec_camera_msgs) StdoutLine: {'line': b'-- Up-to-date: /home/sophie/isaac_lab/isaac_ws/rl_code/soarm100sim/third_party/orbbec_293_ws/install/orbbec_camera_msgs/include/orbbec_camera_msgs/orbbec_camera_msgs/msg\n'}
[61.194635] (orbbec_camera_msgs) StdoutLine: {'line': b'-- Up-to-date: /home/sophie/isaac_lab/isaac_ws/rl_code/soarm100sim/third_party/orbbec_293_ws/install/orbbec_camera_msgs/include/orbbec_camera_msgs/orbbec_camera_msgs/msg/detail\n'}
[61.194677] (orbbec_camera_msgs) StdoutLine: {'line': b'-- Installing: /home/sophie/isaac_lab/isaac_ws/rl_code/soarm100sim/third_party/orbbec_293_ws/install/orbbec_camera_msgs/include/orbbec_camera_msgs/orbbec_camera_msgs/msg/detail/device_info__rosidl_typesupport_introspection_cpp.hpp\n'}
[61.194803] (orbbec_camera_msgs) StdoutLine: {'line': b'-- Installing: /home/sophie/isaac_lab/isaac_ws/rl_code/soarm100sim/third_party/orbbec_293_ws/install/orbbec_camera_msgs/include/orbbec_camera_msgs/orbbec_camera_msgs/msg/detail/rgbd__type_support.cpp\n'}
[61.194830] (orbbec_camera_msgs) StdoutLine: {'line': b'-- Installing: /home/sophie/isaac_lab/isaac_ws/rl_code/soarm100sim/third_party/orbbec_293_ws/install/orbbec_camera_msgs/include/orbbec_camera_msgs/orbbec_camera_msgs/msg/detail/device_info__type_support.cpp\n'}
[61.195022] (orbbec_camera_msgs) StdoutLine: {'line': b'-- Installing: /home/sophie/isaac_lab/isaac_ws/rl_code/soarm100sim/third_party/orbbec_293_ws/install/orbbec_camera_msgs/include/orbbec_camera_msgs/orbbec_camera_msgs/msg/detail/extrinsics__type_support.cpp\n'}
[61.195053] (orbbec_camera_msgs) StdoutLine: {'line': b'-- Installing: /home/sophie/isaac_lab/isaac_ws/rl_code/soarm100sim/third_party/orbbec_293_ws/install/orbbec_camera_msgs/include/orbbec_camera_msgs/orbbec_camera_msgs/msg/detail/rgbd__rosidl_typesupport_introspection_cpp.hpp\n'}
[61.195229] (orbbec_camera_msgs) StdoutLine: {'line': b'-- Installing: /home/sophie/isaac_lab/isaac_ws/rl_code/soarm100sim/third_party/orbbec_293_ws/install/orbbec_camera_msgs/include/orbbec_camera_msgs/orbbec_camera_msgs/msg/detail/depth_filter_state__rosidl_typesupport_introspection_cpp.hpp\n'}
[61.195258] (orbbec_camera_msgs) StdoutLine: {'line': b'-- Installing: /home/sophie/isaac_lab/isaac_ws/rl_code/soarm100sim/third_party/orbbec_293_ws/install/orbbec_camera_msgs/include/orbbec_camera_msgs/orbbec_camera_msgs/msg/detail/depth_filter_param__rosidl_typesupport_introspection_cpp.hpp\n'}
[61.195347] (orbbec_camera_msgs) StdoutLine: {'line': b'-- Installing: /home/sophie/isaac_lab/isaac_ws/rl_code/soarm100sim/third_party/orbbec_293_ws/install/orbbec_camera_msgs/include/orbbec_camera_msgs/orbbec_camera_msgs/msg/detail/device_status__rosidl_typesupport_introspection_cpp.hpp\n'}
[61.195428] (orbbec_camera_msgs) StdoutLine: {'line': b'-- Installing: /home/sophie/isaac_lab/isaac_ws/rl_code/soarm100sim/third_party/orbbec_293_ws/install/orbbec_camera_msgs/include/orbbec_camera_msgs/orbbec_camera_msgs/msg/detail/device_status__type_support.cpp\n'}
[61.195594] (orbbec_camera_msgs) StdoutLine: {'line': b'-- Installing: /home/sophie/isaac_lab/isaac_ws/rl_code/soarm100sim/third_party/orbbec_293_ws/install/orbbec_camera_msgs/include/orbbec_camera_msgs/orbbec_camera_msgs/msg/detail/imu_info__type_support.cpp\n'}
[61.195700] (orbbec_camera_msgs) StdoutLine: {'line': b'-- Installing: /home/sophie/isaac_lab/isaac_ws/rl_code/soarm100sim/third_party/orbbec_293_ws/install/orbbec_camera_msgs/include/orbbec_camera_msgs/orbbec_camera_msgs/msg/detail/imu_info__rosidl_typesupport_introspection_cpp.hpp\n'}
[61.195741] (orbbec_camera_msgs) StdoutLine: {'line': b'-- Installing: /home/sophie/isaac_lab/isaac_ws/rl_code/soarm100sim/third_party/orbbec_293_ws/install/orbbec_camera_msgs/include/orbbec_camera_msgs/orbbec_camera_msgs/msg/detail/metadata__type_support.cpp\n'}
[61.195836] (orbbec_camera_msgs) StdoutLine: {'line': b'-- Installing: /home/sophie/isaac_lab/isaac_ws/rl_code/soarm100sim/third_party/orbbec_293_ws/install/orbbec_camera_msgs/include/orbbec_camera_msgs/orbbec_camera_msgs/msg/detail/stream_profile__rosidl_typesupport_introspection_cpp.hpp\n'}
[61.195878] (orbbec_camera_msgs) StdoutLine: {'line': b'-- Installing: /home/sophie/isaac_lab/isaac_ws/rl_code/soarm100sim/third_party/orbbec_293_ws/install/orbbec_camera_msgs/include/orbbec_camera_msgs/orbbec_camera_msgs/msg/detail/depth_filters_status__rosidl_typesupport_introspection_cpp.hpp\n'}
[61.195914] (orbbec_camera_msgs) StdoutLine: {'line': b'-- Installing: /home/sophie/isaac_lab/isaac_ws/rl_code/soarm100sim/third_party/orbbec_293_ws/install/orbbec_camera_msgs/include/orbbec_camera_msgs/orbbec_camera_msgs/msg/detail/depth_filters_status__type_support.cpp\n'}
[61.195993] (orbbec_camera_msgs) StdoutLine: {'line': b'-- Installing: /home/sophie/isaac_lab/isaac_ws/rl_code/soarm100sim/third_party/orbbec_293_ws/install/orbbec_camera_msgs/include/orbbec_camera_msgs/orbbec_camera_msgs/msg/detail/stream_profile__type_support.cpp\n'}
[61.196036] (orbbec_camera_msgs) StdoutLine: {'line': b'-- Installing: /home/sophie/isaac_lab/isaac_ws/rl_code/soarm100sim/third_party/orbbec_293_ws/install/orbbec_camera_msgs/include/orbbec_camera_msgs/orbbec_camera_msgs/msg/detail/depth_filter_param__type_support.cpp\n'}
[61.196072] (orbbec_camera_msgs) StdoutLine: {'line': b'-- Installing: /home/sophie/isaac_lab/isaac_ws/rl_code/soarm100sim/third_party/orbbec_293_ws/install/orbbec_camera_msgs/include/orbbec_camera_msgs/orbbec_camera_msgs/msg/detail/depth_filter_state__type_support.cpp\n'}
[61.196148] (orbbec_camera_msgs) StdoutLine: {'line': b'-- Installing: /home/sophie/isaac_lab/isaac_ws/rl_code/soarm100sim/third_party/orbbec_293_ws/install/orbbec_camera_msgs/include/orbbec_camera_msgs/orbbec_camera_msgs/msg/detail/extrinsics__rosidl_typesupport_introspection_cpp.hpp\n'}
[61.196186] (orbbec_camera_msgs) StdoutLine: {'line': b'-- Installing: /home/sophie/isaac_lab/isaac_ws/rl_code/soarm100sim/third_party/orbbec_293_ws/install/orbbec_camera_msgs/include/orbbec_camera_msgs/orbbec_camera_msgs/msg/detail/metadata__rosidl_typesupport_introspection_cpp.hpp\n'}
[61.196256] (orbbec_camera_msgs) StdoutLine: {'line': b'-- Installing: /home/sophie/isaac_lab/isaac_ws/rl_code/soarm100sim/third_party/orbbec_293_ws/install/orbbec_camera_msgs/lib/liborbbec_camera_msgs__rosidl_typesupport_introspection_cpp.so\n'}
[61.196563] (orbbec_camera_msgs) StdoutLine: {'line': b'-- Set runtime path of "/home/sophie/isaac_lab/isaac_ws/rl_code/soarm100sim/third_party/orbbec_293_ws/install/orbbec_camera_msgs/lib/liborbbec_camera_msgs__rosidl_typesupport_introspection_cpp.so" to ""\n'}
[61.196637] (orbbec_camera_msgs) StdoutLine: {'line': b'-- Installing: /home/sophie/isaac_lab/isaac_ws/rl_code/soarm100sim/third_party/orbbec_293_ws/install/orbbec_camera_msgs/lib/liborbbec_camera_msgs__rosidl_typesupport_cpp.so\n'}
[61.196867] (orbbec_camera_msgs) StdoutLine: {'line': b'-- Set runtime path of "/home/sophie/isaac_lab/isaac_ws/rl_code/soarm100sim/third_party/orbbec_293_ws/install/orbbec_camera_msgs/lib/liborbbec_camera_msgs__rosidl_typesupport_cpp.so" to ""\n'}
[61.196933] (orbbec_camera_msgs) StdoutLine: {'line': b'-- Installing: /home/sophie/isaac_lab/isaac_ws/rl_code/soarm100sim/third_party/orbbec_293_ws/install/orbbec_camera_msgs/share/orbbec_camera_msgs/environment/pythonpath.sh\n'}
[61.197008] (orbbec_camera_msgs) StdoutLine: {'line': b'-- Installing: /home/sophie/isaac_lab/isaac_ws/rl_code/soarm100sim/third_party/orbbec_293_ws/install/orbbec_camera_msgs/share/orbbec_camera_msgs/environment/pythonpath.dsv\n'}
[61.197079] (orbbec_camera_msgs) StdoutLine: {'line': b'-- Installing: /home/sophie/isaac_lab/isaac_ws/rl_code/soarm100sim/third_party/orbbec_293_ws/install/orbbec_camera_msgs/local/lib/python3.10/dist-packages/orbbec_camera_msgs-2.9.3-py3.10.egg-info\n'}
[61.197146] (orbbec_camera_msgs) StdoutLine: {'line': b'-- Installing: /home/sophie/isaac_lab/isaac_ws/rl_code/soarm100sim/third_party/orbbec_293_ws/install/orbbec_camera_msgs/local/lib/python3.10/dist-packages/orbbec_camera_msgs-2.9.3-py3.10.egg-info/top_level.txt\n'}
[61.197240] (orbbec_camera_msgs) StdoutLine: {'line': b'-- Installing: /home/sophie/isaac_lab/isaac_ws/rl_code/soarm100sim/third_party/orbbec_293_ws/install/orbbec_camera_msgs/local/lib/python3.10/dist-packages/orbbec_camera_msgs-2.9.3-py3.10.egg-info/dependency_links.txt\n'}
[61.197311] (orbbec_camera_msgs) StdoutLine: {'line': b'-- Installing: /home/sophie/isaac_lab/isaac_ws/rl_code/soarm100sim/third_party/orbbec_293_ws/install/orbbec_camera_msgs/local/lib/python3.10/dist-packages/orbbec_camera_msgs-2.9.3-py3.10.egg-info/SOURCES.txt\n'}
[61.197378] (orbbec_camera_msgs) StdoutLine: {'line': b'-- Installing: /home/sophie/isaac_lab/isaac_ws/rl_code/soarm100sim/third_party/orbbec_293_ws/install/orbbec_camera_msgs/local/lib/python3.10/dist-packages/orbbec_camera_msgs-2.9.3-py3.10.egg-info/PKG-INFO\n'}
[61.197415] (orbbec_camera_msgs) StdoutLine: {'line': b'-- Installing: /home/sophie/isaac_lab/isaac_ws/rl_code/soarm100sim/third_party/orbbec_293_ws/install/orbbec_camera_msgs/local/lib/python3.10/dist-packages/orbbec_camera_msgs\n'}
[61.197487] (orbbec_camera_msgs) StdoutLine: {'line': b'-- Installing: /home/sophie/isaac_lab/isaac_ws/rl_code/soarm100sim/third_party/orbbec_293_ws/install/orbbec_camera_msgs/local/lib/python3.10/dist-packages/orbbec_camera_msgs/__init__.py\n'}
[61.197520] (orbbec_camera_msgs) StdoutLine: {'line': b'-- Installing: /home/sophie/isaac_lab/isaac_ws/rl_code/soarm100sim/third_party/orbbec_293_ws/install/orbbec_camera_msgs/local/lib/python3.10/dist-packages/orbbec_camera_msgs/_orbbec_camera_msgs_s.ep.rosidl_typesupport_fastrtps_c.c\n'}
[61.197625] (orbbec_camera_msgs) StdoutLine: {'line': b'-- Installing: /home/sophie/isaac_lab/isaac_ws/rl_code/soarm100sim/third_party/orbbec_293_ws/install/orbbec_camera_msgs/local/lib/python3.10/dist-packages/orbbec_camera_msgs/srv\n'}
[61.197721] (orbbec_camera_msgs) StdoutLine: {'line': b'-- Installing: /home/sophie/isaac_lab/isaac_ws/rl_code/soarm100sim/third_party/orbbec_293_ws/install/orbbec_camera_msgs/local/lib/python3.10/dist-packages/orbbec_camera_msgs/srv/_get_int32.py\n'}
[61.197785] (orbbec_camera_msgs) StdoutLine: {'line': b'-- Installing: /home/sophie/isaac_lab/isaac_ws/rl_code/soarm100sim/third_party/orbbec_293_ws/install/orbbec_camera_msgs/local/lib/python3.10/dist-packages/orbbec_camera_msgs/srv/_set_arrays.py\n'}
[61.197824] (orbbec_camera_msgs) StdoutLine: {'line': b'-- Installing: /home/sophie/isaac_lab/isaac_ws/rl_code/soarm100sim/third_party/orbbec_293_ws/install/orbbec_camera_msgs/local/lib/python3.10/dist-packages/orbbec_camera_msgs/srv/_set_user_calib_params_s.c\n'}
[61.197921] (orbbec_camera_msgs) StdoutLine: {'line': b'-- Installing: /home/sophie/isaac_lab/isaac_ws/rl_code/soarm100sim/third_party/orbbec_293_ws/install/orbbec_camera_msgs/local/lib/python3.10/dist-packages/orbbec_camera_msgs/srv/_get_string_s.c\n'}
[61.197962] (orbbec_camera_msgs) StdoutLine: {'line': b'-- Installing: /home/sophie/isaac_lab/isaac_ws/rl_code/soarm100sim/third_party/orbbec_293_ws/install/orbbec_camera_msgs/local/lib/python3.10/dist-packages/orbbec_camera_msgs/srv/_set_user_calib_params.py\n'}
[61.198279] (orbbec_camera_msgs) StdoutLine: {'line': b'-- Installing: /home/sophie/isaac_lab/isaac_ws/rl_code/soarm100sim/third_party/orbbec_293_ws/install/orbbec_camera_msgs/local/lib/python3.10/dist-packages/orbbec_camera_msgs/srv/__init__.py\n'}
[61.198356] (orbbec_camera_msgs) StdoutLine: {'line': b'-- Installing: /home/sophie/isaac_lab/isaac_ws/rl_code/soarm100sim/third_party/orbbec_293_ws/install/orbbec_camera_msgs/local/lib/python3.10/dist-packages/orbbec_camera_msgs/srv/_get_user_calib_params_s.c\n'}
[61.198392] (orbbec_camera_msgs) StdoutLine: {'line': b'-- Installing: /home/sophie/isaac_lab/isaac_ws/rl_code/soarm100sim/third_party/orbbec_293_ws/install/orbbec_camera_msgs/local/lib/python3.10/dist-packages/orbbec_camera_msgs/srv/_get_device_info_s.c\n'}
[61.198423] (orbbec_camera_msgs) StdoutLine: {'line': b'-- Installing: /home/sophie/isaac_lab/isaac_ws/rl_code/soarm100sim/third_party/orbbec_293_ws/install/orbbec_camera_msgs/local/lib/python3.10/dist-packages/orbbec_camera_msgs/srv/_set_filter_s.c\n'}
[61.198452] (orbbec_camera_msgs) StdoutLine: {'line': b'-- Installing: /home/sophie/isaac_lab/isaac_ws/rl_code/soarm100sim/third_party/orbbec_293_ws/install/orbbec_camera_msgs/local/lib/python3.10/dist-packages/orbbec_camera_msgs/srv/_set_bag_recording_s.c\n'}
[61.198488] (orbbec_camera_msgs) StdoutLine: {'line': b'-- Installing: /home/sophie/isaac_lab/isaac_ws/rl_code/soarm100sim/third_party/orbbec_293_ws/install/orbbec_camera_msgs/local/lib/python3.10/dist-packages/orbbec_camera_msgs/srv/_get_device_config.py\n'}
[61.198520] (orbbec_camera_msgs) StdoutLine: {'line': b'-- Installing: /home/sophie/isaac_lab/isaac_ws/rl_code/soarm100sim/third_party/orbbec_293_ws/install/orbbec_camera_msgs/local/lib/python3.10/dist-packages/orbbec_camera_msgs/srv/_get_camera_info.py\n'}
[61.198548] (orbbec_camera_msgs) StdoutLine: {'line': b'-- Installing: /home/sophie/isaac_lab/isaac_ws/rl_code/soarm100sim/third_party/orbbec_293_ws/install/orbbec_camera_msgs/local/lib/python3.10/dist-packages/orbbec_camera_msgs/srv/_set_bag_recording.py\n'}
[61.198578] (orbbec_camera_msgs) StdoutLine: {'line': b'-- Installing: /home/sophie/isaac_lab/isaac_ws/rl_code/soarm100sim/third_party/orbbec_293_ws/install/orbbec_camera_msgs/local/lib/python3.10/dist-packages/orbbec_camera_msgs/srv/_get_bool_s.c\n'}
[61.198722] (orbbec_camera_msgs) StdoutLine: {'line': b'-- Installing: /home/sophie/isaac_lab/isaac_ws/rl_code/soarm100sim/third_party/orbbec_293_ws/install/orbbec_camera_msgs/local/lib/python3.10/dist-packages/orbbec_camera_msgs/srv/_get_int32_s.c\n'}
[61.198803] (orbbec_camera_msgs) StdoutLine: {'line': b'-- Installing: /home/sophie/isaac_lab/isaac_ws/rl_code/soarm100sim/third_party/orbbec_293_ws/install/orbbec_camera_msgs/local/lib/python3.10/dist-packages/orbbec_camera_msgs/srv/_set_stream_profile.py\n'}
[61.198833] (orbbec_camera_msgs) StdoutLine: {'line': b'-- Installing: /home/sophie/isaac_lab/isaac_ws/rl_code/soarm100sim/third_party/orbbec_293_ws/install/orbbec_camera_msgs/local/lib/python3.10/dist-packages/orbbec_camera_msgs/srv/_get_string.py\n'}
[61.198862] (orbbec_camera_msgs) StdoutLine: {'line': b'-- Installing: /home/sophie/isaac_lab/isaac_ws/rl_code/soarm100sim/third_party/orbbec_293_ws/install/orbbec_camera_msgs/local/lib/python3.10/dist-packages/orbbec_camera_msgs/srv/_set_filter.py\n'}
[61.198891] (orbbec_camera_msgs) StdoutLine: {'line': b'-- Installing: /home/sophie/isaac_lab/isaac_ws/rl_code/soarm100sim/third_party/orbbec_293_ws/install/orbbec_camera_msgs/local/lib/python3.10/dist-packages/orbbec_camera_msgs/srv/_set_int32.py\n'}
[61.198918] (orbbec_camera_msgs) StdoutLine: {'line': b'-- Installing: /home/sophie/isaac_lab/isaac_ws/rl_code/soarm100sim/third_party/orbbec_293_ws/install/orbbec_camera_msgs/local/lib/python3.10/dist-packages/orbbec_camera_msgs/srv/_set_string.py\n'}
[61.198946] (orbbec_camera_msgs) StdoutLine: {'line': b'-- Installing: /home/sophie/isaac_lab/isaac_ws/rl_code/soarm100sim/third_party/orbbec_293_ws/install/orbbec_camera_msgs/local/lib/python3.10/dist-packages/orbbec_camera_msgs/srv/_get_device_config_s.c\n'}
[61.199027] (orbbec_camera_msgs) StdoutLine: {'line': b'-- Installing: /home/sophie/isaac_lab/isaac_ws/rl_code/soarm100sim/third_party/orbbec_293_ws/install/orbbec_camera_msgs/local/lib/python3.10/dist-packages/orbbec_camera_msgs/srv/_set_stream_profile_s.c\n'}
[61.199056] (orbbec_camera_msgs) StdoutLine: {'line': b'-- Installing: /home/sophie/isaac_lab/isaac_ws/rl_code/soarm100sim/third_party/orbbec_293_ws/install/orbbec_camera_msgs/local/lib/python3.10/dist-packages/orbbec_camera_msgs/srv/_get_device_info.py\n'}
[61.199085] (orbbec_camera_msgs) StdoutLine: {'line': b'-- Installing: /home/sophie/isaac_lab/isaac_ws/rl_code/soarm100sim/third_party/orbbec_293_ws/install/orbbec_camera_msgs/local/lib/python3.10/dist-packages/orbbec_camera_msgs/srv/_get_user_calib_params.py\n'}
[61.199112] (orbbec_camera_msgs) StdoutLine: {'line': b'-- Installing: /home/sophie/isaac_lab/isaac_ws/rl_code/soarm100sim/third_party/orbbec_293_ws/install/orbbec_camera_msgs/local/lib/python3.10/dist-packages/orbbec_camera_msgs/srv/_get_bool.py\n'}
[61.199140] (orbbec_camera_msgs) StdoutLine: {'line': b'-- Installing: /home/sophie/isaac_lab/isaac_ws/rl_code/soarm100sim/third_party/orbbec_293_ws/install/orbbec_camera_msgs/local/lib/python3.10/dist-packages/orbbec_camera_msgs/srv/_set_arrays_s.c\n'}
[61.199168] (orbbec_camera_msgs) StdoutLine: {'line': b'-- Installing: /home/sophie/isaac_lab/isaac_ws/rl_code/soarm100sim/third_party/orbbec_293_ws/install/orbbec_camera_msgs/local/lib/python3.10/dist-packages/orbbec_camera_msgs/srv/_set_int32_s.c\n'}
[61.199196] (orbbec_camera_msgs) StdoutLine: {'line': b'-- Installing: /home/sophie/isaac_lab/isaac_ws/rl_code/soarm100sim/third_party/orbbec_293_ws/install/orbbec_camera_msgs/local/lib/python3.10/dist-packages/orbbec_camera_msgs/srv/_get_camera_info_s.c\n'}
[61.199283] (orbbec_camera_msgs) StdoutLine: {'line': b'-- Installing: /home/sophie/isaac_lab/isaac_ws/rl_code/soarm100sim/third_party/orbbec_293_ws/install/orbbec_camera_msgs/local/lib/python3.10/dist-packages/orbbec_camera_msgs/srv/_set_string_s.c\n'}
[61.199338] (orbbec_camera_msgs) StdoutLine: {'line': b'-- Installing: /home/sophie/isaac_lab/isaac_ws/rl_code/soarm100sim/third_party/orbbec_293_ws/install/orbbec_camera_msgs/local/lib/python3.10/dist-packages/orbbec_camera_msgs/orbbec_camera_msgs_s__rosidl_typesupport_fastrtps_c.cpython-310-x86_64-linux-gnu.so\n'}
[61.199367] (orbbec_camera_msgs) StdoutLine: {'line': b'-- Installing: /home/sophie/isaac_lab/isaac_ws/rl_code/soarm100sim/third_party/orbbec_293_ws/install/orbbec_camera_msgs/local/lib/python3.10/dist-packages/orbbec_camera_msgs/msg\n'}
[61.199396] (orbbec_camera_msgs) StdoutLine: {'line': b'-- Installing: /home/sophie/isaac_lab/isaac_ws/rl_code/soarm100sim/third_party/orbbec_293_ws/install/orbbec_camera_msgs/local/lib/python3.10/dist-packages/orbbec_camera_msgs/msg/_imu_info_s.c\n'}
[61.199424] (orbbec_camera_msgs) StdoutLine: {'line': b'-- Installing: /home/sophie/isaac_lab/isaac_ws/rl_code/soarm100sim/third_party/orbbec_293_ws/install/orbbec_camera_msgs/local/lib/python3.10/dist-packages/orbbec_camera_msgs/msg/_depth_filter_param_s.c\n'}
[61.199452] (orbbec_camera_msgs) StdoutLine: {'line': b'-- Installing: /home/sophie/isaac_lab/isaac_ws/rl_code/soarm100sim/third_party/orbbec_293_ws/install/orbbec_camera_msgs/local/lib/python3.10/dist-packages/orbbec_camera_msgs/msg/__init__.py\n'}
[61.199531] (orbbec_camera_msgs) StdoutLine: {'line': b'-- Installing: /home/sophie/isaac_lab/isaac_ws/rl_code/soarm100sim/third_party/orbbec_293_ws/install/orbbec_camera_msgs/local/lib/python3.10/dist-packages/orbbec_camera_msgs/msg/_stream_profile_s.c\n'}
[61.199580] (orbbec_camera_msgs) StdoutLine: {'line': b'-- Installing: /home/sophie/isaac_lab/isaac_ws/rl_code/soarm100sim/third_party/orbbec_293_ws/install/orbbec_camera_msgs/local/lib/python3.10/dist-packages/orbbec_camera_msgs/msg/_depth_filter_state_s.c\n'}
[61.199610] (orbbec_camera_msgs) StdoutLine: {'line': b'-- Installing: /home/sophie/isaac_lab/isaac_ws/rl_code/soarm100sim/third_party/orbbec_293_ws/install/orbbec_camera_msgs/local/lib/python3.10/dist-packages/orbbec_camera_msgs/msg/_metadata_s.c\n'}
[61.199662] (orbbec_camera_msgs) StdoutLine: {'line': b'-- Installing: /home/sophie/isaac_lab/isaac_ws/rl_code/soarm100sim/third_party/orbbec_293_ws/install/orbbec_camera_msgs/local/lib/python3.10/dist-packages/orbbec_camera_msgs/msg/_depth_filters_status_s.c\n'}
[61.199690] (orbbec_camera_msgs) StdoutLine: {'line': b'-- Installing: /home/sophie/isaac_lab/isaac_ws/rl_code/soarm100sim/third_party/orbbec_293_ws/install/orbbec_camera_msgs/local/lib/python3.10/dist-packages/orbbec_camera_msgs/msg/_extrinsics_s.c\n'}
[61.199717] (orbbec_camera_msgs) StdoutLine: {'line': b'-- Installing: /home/sophie/isaac_lab/isaac_ws/rl_code/soarm100sim/third_party/orbbec_293_ws/install/orbbec_camera_msgs/local/lib/python3.10/dist-packages/orbbec_camera_msgs/msg/_device_status.py\n'}
[61.199744] (orbbec_camera_msgs) StdoutLine: {'line': b'-- Installing: /home/sophie/isaac_lab/isaac_ws/rl_code/soarm100sim/third_party/orbbec_293_ws/install/orbbec_camera_msgs/local/lib/python3.10/dist-packages/orbbec_camera_msgs/msg/_extrinsics.py\n'}
[61.199821] (orbbec_camera_msgs) StdoutLine: {'line': b'-- Installing: /home/sophie/isaac_lab/isaac_ws/rl_code/soarm100sim/third_party/orbbec_293_ws/install/orbbec_camera_msgs/local/lib/python3.10/dist-packages/orbbec_camera_msgs/msg/_depth_filter_param.py\n'}
[61.199851] (orbbec_camera_msgs) StdoutLine: {'line': b'-- Installing: /home/sophie/isaac_lab/isaac_ws/rl_code/soarm100sim/third_party/orbbec_293_ws/install/orbbec_camera_msgs/local/lib/python3.10/dist-packages/orbbec_camera_msgs/msg/_device_status_s.c\n'}
[61.199880] (orbbec_camera_msgs) StdoutLine: {'line': b'-- Installing: /home/sophie/isaac_lab/isaac_ws/rl_code/soarm100sim/third_party/orbbec_293_ws/install/orbbec_camera_msgs/local/lib/python3.10/dist-packages/orbbec_camera_msgs/msg/_rgbd.py\n'}
[61.199908] (orbbec_camera_msgs) StdoutLine: {'line': b'-- Installing: /home/sophie/isaac_lab/isaac_ws/rl_code/soarm100sim/third_party/orbbec_293_ws/install/orbbec_camera_msgs/local/lib/python3.10/dist-packages/orbbec_camera_msgs/msg/_stream_profile.py\n'}
[61.199969] (orbbec_camera_msgs) StdoutLine: {'line': b'-- Installing: /home/sophie/isaac_lab/isaac_ws/rl_code/soarm100sim/third_party/orbbec_293_ws/install/orbbec_camera_msgs/local/lib/python3.10/dist-packages/orbbec_camera_msgs/msg/_device_info.py\n'}
[61.200022] (orbbec_camera_msgs) StdoutLine: {'line': b'-- Installing: /home/sophie/isaac_lab/isaac_ws/rl_code/soarm100sim/third_party/orbbec_293_ws/install/orbbec_camera_msgs/local/lib/python3.10/dist-packages/orbbec_camera_msgs/msg/_imu_info.py\n'}
[61.200051] (orbbec_camera_msgs) StdoutLine: {'line': b'-- Installing: /home/sophie/isaac_lab/isaac_ws/rl_code/soarm100sim/third_party/orbbec_293_ws/install/orbbec_camera_msgs/local/lib/python3.10/dist-packages/orbbec_camera_msgs/msg/_device_info_s.c\n'}
[61.200079] (orbbec_camera_msgs) StdoutLine: {'line': b'-- Installing: /home/sophie/isaac_lab/isaac_ws/rl_code/soarm100sim/third_party/orbbec_293_ws/install/orbbec_camera_msgs/local/lib/python3.10/dist-packages/orbbec_camera_msgs/msg/_depth_filters_status.py\n'}
[61.200136] (orbbec_camera_msgs) StdoutLine: {'line': b'-- Installing: /home/sophie/isaac_lab/isaac_ws/rl_code/soarm100sim/third_party/orbbec_293_ws/install/orbbec_camera_msgs/local/lib/python3.10/dist-packages/orbbec_camera_msgs/msg/_rgbd_s.c\n'}
[61.200166] (orbbec_camera_msgs) StdoutLine: {'line': b'-- Installing: /home/sophie/isaac_lab/isaac_ws/rl_code/soarm100sim/third_party/orbbec_293_ws/install/orbbec_camera_msgs/local/lib/python3.10/dist-packages/orbbec_camera_msgs/msg/_depth_filter_state.py\n'}
[61.200226] (orbbec_camera_msgs) StdoutLine: {'line': b'-- Installing: /home/sophie/isaac_lab/isaac_ws/rl_code/soarm100sim/third_party/orbbec_293_ws/install/orbbec_camera_msgs/local/lib/python3.10/dist-packages/orbbec_camera_msgs/msg/_metadata.py\n'}
[61.200253] (orbbec_camera_msgs) StdoutLine: {'line': b'-- Installing: /home/sophie/isaac_lab/isaac_ws/rl_code/soarm100sim/third_party/orbbec_293_ws/install/orbbec_camera_msgs/local/lib/python3.10/dist-packages/orbbec_camera_msgs/_orbbec_camera_msgs_s.ep.rosidl_typesupport_c.c\n'}
[61.200351] (orbbec_camera_msgs) StdoutLine: {'line': b'-- Installing: /home/sophie/isaac_lab/isaac_ws/rl_code/soarm100sim/third_party/orbbec_293_ws/install/orbbec_camera_msgs/local/lib/python3.10/dist-packages/orbbec_camera_msgs/_orbbec_camera_msgs_s.ep.rosidl_typesupport_introspection_c.c\n'}
[61.200498] (orbbec_camera_msgs) StdoutLine: {'line': b'-- Installing: /home/sophie/isaac_lab/isaac_ws/rl_code/soarm100sim/third_party/orbbec_293_ws/install/orbbec_camera_msgs/local/lib/python3.10/dist-packages/orbbec_camera_msgs/orbbec_camera_msgs_s__rosidl_typesupport_introspection_c.cpython-310-x86_64-linux-gnu.so\n'}
[61.200599] (orbbec_camera_msgs) StdoutLine: {'line': b'-- Installing: /home/sophie/isaac_lab/isaac_ws/rl_code/soarm100sim/third_party/orbbec_293_ws/install/orbbec_camera_msgs/local/lib/python3.10/dist-packages/orbbec_camera_msgs/orbbec_camera_msgs_s__rosidl_typesupport_c.cpython-310-x86_64-linux-gnu.so\n'}
[61.200696] (orbbec_camera_msgs) StdoutLine: {'line': b'-- Installing: /home/sophie/isaac_lab/isaac_ws/rl_code/soarm100sim/third_party/orbbec_293_ws/install/orbbec_camera_msgs/local/lib/python3.10/dist-packages/orbbec_camera_msgs/liborbbec_camera_msgs__rosidl_generator_py.so\n'}
[61.251015] (orbbec_camera_msgs) StdoutLine: {'line': b"Listing '/home/sophie/isaac_lab/isaac_ws/rl_code/soarm100sim/third_party/orbbec_293_ws/install/orbbec_camera_msgs/local/lib/python3.10/dist-packages/orbbec_camera_msgs'...\n"}
[61.251114] (orbbec_camera_msgs) StdoutLine: {'line': b"Compiling '/home/sophie/isaac_lab/isaac_ws/rl_code/soarm100sim/third_party/orbbec_293_ws/install/orbbec_camera_msgs/local/lib/python3.10/dist-packages/orbbec_camera_msgs/__init__.py'...\n"}
[61.251148] (orbbec_camera_msgs) StdoutLine: {'line': b"Listing '/home/sophie/isaac_lab/isaac_ws/rl_code/soarm100sim/third_party/orbbec_293_ws/install/orbbec_camera_msgs/local/lib/python3.10/dist-packages/orbbec_camera_msgs/msg'...\n"}
[61.251179] (orbbec_camera_msgs) StdoutLine: {'line': b"Compiling '/home/sophie/isaac_lab/isaac_ws/rl_code/soarm100sim/third_party/orbbec_293_ws/install/orbbec_camera_msgs/local/lib/python3.10/dist-packages/orbbec_camera_msgs/msg/__init__.py'...\n"}
[61.251207] (orbbec_camera_msgs) StdoutLine: {'line': b"Compiling '/home/sophie/isaac_lab/isaac_ws/rl_code/soarm100sim/third_party/orbbec_293_ws/install/orbbec_camera_msgs/local/lib/python3.10/dist-packages/orbbec_camera_msgs/msg/_depth_filter_param.py'...\n"}
[61.251234] (orbbec_camera_msgs) StdoutLine: {'line': b"Compiling '/home/sophie/isaac_lab/isaac_ws/rl_code/soarm100sim/third_party/orbbec_293_ws/install/orbbec_camera_msgs/local/lib/python3.10/dist-packages/orbbec_camera_msgs/msg/_depth_filter_state.py'...\n"}
[61.251263] (orbbec_camera_msgs) StdoutLine: {'line': b"Compiling '/home/sophie/isaac_lab/isaac_ws/rl_code/soarm100sim/third_party/orbbec_293_ws/install/orbbec_camera_msgs/local/lib/python3.10/dist-packages/orbbec_camera_msgs/msg/_depth_filters_status.py'...\n"}
[61.251290] (orbbec_camera_msgs) StdoutLine: {'line': b"Compiling '/home/sophie/isaac_lab/isaac_ws/rl_code/soarm100sim/third_party/orbbec_293_ws/install/orbbec_camera_msgs/local/lib/python3.10/dist-packages/orbbec_camera_msgs/msg/_device_info.py'...\n"}
[61.251315] (orbbec_camera_msgs) StdoutLine: {'line': b"Compiling '/home/sophie/isaac_lab/isaac_ws/rl_code/soarm100sim/third_party/orbbec_293_ws/install/orbbec_camera_msgs/local/lib/python3.10/dist-packages/orbbec_camera_msgs/msg/_device_status.py'...\n"}
[61.251340] (orbbec_camera_msgs) StdoutLine: {'line': b"Compiling '/home/sophie/isaac_lab/isaac_ws/rl_code/soarm100sim/third_party/orbbec_293_ws/install/orbbec_camera_msgs/local/lib/python3.10/dist-packages/orbbec_camera_msgs/msg/_extrinsics.py'...\n"}
[61.251365] (orbbec_camera_msgs) StdoutLine: {'line': b"Compiling '/home/sophie/isaac_lab/isaac_ws/rl_code/soarm100sim/third_party/orbbec_293_ws/install/orbbec_camera_msgs/local/lib/python3.10/dist-packages/orbbec_camera_msgs/msg/_imu_info.py'...\n"}
[61.251398] (orbbec_camera_msgs) StdoutLine: {'line': b"Compiling '/home/sophie/isaac_lab/isaac_ws/rl_code/soarm100sim/third_party/orbbec_293_ws/install/orbbec_camera_msgs/local/lib/python3.10/dist-packages/orbbec_camera_msgs/msg/_metadata.py'...\n"}
[61.251423] (orbbec_camera_msgs) StdoutLine: {'line': b"Compiling '/home/sophie/isaac_lab/isaac_ws/rl_code/soarm100sim/third_party/orbbec_293_ws/install/orbbec_camera_msgs/local/lib/python3.10/dist-packages/orbbec_camera_msgs/msg/_rgbd.py'...\n"}
[61.251448] (orbbec_camera_msgs) StdoutLine: {'line': b"Compiling '/home/sophie/isaac_lab/isaac_ws/rl_code/soarm100sim/third_party/orbbec_293_ws/install/orbbec_camera_msgs/local/lib/python3.10/dist-packages/orbbec_camera_msgs/msg/_stream_profile.py'...\n"}
[61.251473] (orbbec_camera_msgs) StdoutLine: {'line': b"Listing '/home/sophie/isaac_lab/isaac_ws/rl_code/soarm100sim/third_party/orbbec_293_ws/install/orbbec_camera_msgs/local/lib/python3.10/dist-packages/orbbec_camera_msgs/srv'...\n"}
[61.251497] (orbbec_camera_msgs) StdoutLine: {'line': b"Compiling '/home/sophie/isaac_lab/isaac_ws/rl_code/soarm100sim/third_party/orbbec_293_ws/install/orbbec_camera_msgs/local/lib/python3.10/dist-packages/orbbec_camera_msgs/srv/__init__.py'...\n"}
[61.251521] (orbbec_camera_msgs) StdoutLine: {'line': b"Compiling '/home/sophie/isaac_lab/isaac_ws/rl_code/soarm100sim/third_party/orbbec_293_ws/install/orbbec_camera_msgs/local/lib/python3.10/dist-packages/orbbec_camera_msgs/srv/_get_bool.py'...\n"}
[61.251546] (orbbec_camera_msgs) StdoutLine: {'line': b"Compiling '/home/sophie/isaac_lab/isaac_ws/rl_code/soarm100sim/third_party/orbbec_293_ws/install/orbbec_camera_msgs/local/lib/python3.10/dist-packages/orbbec_camera_msgs/srv/_get_camera_info.py'...\n"}
[61.251570] (orbbec_camera_msgs) StdoutLine: {'line': b"Compiling '/home/sophie/isaac_lab/isaac_ws/rl_code/soarm100sim/third_party/orbbec_293_ws/install/orbbec_camera_msgs/local/lib/python3.10/dist-packages/orbbec_camera_msgs/srv/_get_device_config.py'...\n"}
[61.251594] (orbbec_camera_msgs) StdoutLine: {'line': b"Compiling '/home/sophie/isaac_lab/isaac_ws/rl_code/soarm100sim/third_party/orbbec_293_ws/install/orbbec_camera_msgs/local/lib/python3.10/dist-packages/orbbec_camera_msgs/srv/_get_device_info.py'...\n"}
[61.251620] (orbbec_camera_msgs) StdoutLine: {'line': b"Compiling '/home/sophie/isaac_lab/isaac_ws/rl_code/soarm100sim/third_party/orbbec_293_ws/install/orbbec_camera_msgs/local/lib/python3.10/dist-packages/orbbec_camera_msgs/srv/_get_int32.py'...\n"}
[61.251646] (orbbec_camera_msgs) StdoutLine: {'line': b"Compiling '/home/sophie/isaac_lab/isaac_ws/rl_code/soarm100sim/third_party/orbbec_293_ws/install/orbbec_camera_msgs/local/lib/python3.10/dist-packages/orbbec_camera_msgs/srv/_get_string.py'...\n"}
[61.251670] (orbbec_camera_msgs) StdoutLine: {'line': b"Compiling '/home/sophie/isaac_lab/isaac_ws/rl_code/soarm100sim/third_party/orbbec_293_ws/install/orbbec_camera_msgs/local/lib/python3.10/dist-packages/orbbec_camera_msgs/srv/_get_user_calib_params.py'...\n"}
[61.251694] (orbbec_camera_msgs) StdoutLine: {'line': b"Compiling '/home/sophie/isaac_lab/isaac_ws/rl_code/soarm100sim/third_party/orbbec_293_ws/install/orbbec_camera_msgs/local/lib/python3.10/dist-packages/orbbec_camera_msgs/srv/_set_arrays.py'...\n"}
[61.251718] (orbbec_camera_msgs) StdoutLine: {'line': b"Compiling '/home/sophie/isaac_lab/isaac_ws/rl_code/soarm100sim/third_party/orbbec_293_ws/install/orbbec_camera_msgs/local/lib/python3.10/dist-packages/orbbec_camera_msgs/srv/_set_bag_recording.py'...\n"}
[61.251742] (orbbec_camera_msgs) StdoutLine: {'line': b"Compiling '/home/sophie/isaac_lab/isaac_ws/rl_code/soarm100sim/third_party/orbbec_293_ws/install/orbbec_camera_msgs/local/lib/python3.10/dist-packages/orbbec_camera_msgs/srv/_set_filter.py'...\n"}
[61.251766] (orbbec_camera_msgs) StdoutLine: {'line': b"Compiling '/home/sophie/isaac_lab/isaac_ws/rl_code/soarm100sim/third_party/orbbec_293_ws/install/orbbec_camera_msgs/local/lib/python3.10/dist-packages/orbbec_camera_msgs/srv/_set_int32.py'...\n"}
[61.251792] (orbbec_camera_msgs) StdoutLine: {'line': b"Compiling '/home/sophie/isaac_lab/isaac_ws/rl_code/soarm100sim/third_party/orbbec_293_ws/install/orbbec_camera_msgs/local/lib/python3.10/dist-packages/orbbec_camera_msgs/srv/_set_stream_profile.py'...\n"}
[61.251816] (orbbec_camera_msgs) StdoutLine: {'line': b"Compiling '/home/sophie/isaac_lab/isaac_ws/rl_code/soarm100sim/third_party/orbbec_293_ws/install/orbbec_camera_msgs/local/lib/python3.10/dist-packages/orbbec_camera_msgs/srv/_set_string.py'...\n"}
[61.251840] (orbbec_camera_msgs) StdoutLine: {'line': b"Compiling '/home/sophie/isaac_lab/isaac_ws/rl_code/soarm100sim/third_party/orbbec_293_ws/install/orbbec_camera_msgs/local/lib/python3.10/dist-packages/orbbec_camera_msgs/srv/_set_user_calib_params.py'...\n"}
[61.254440] (orbbec_camera_msgs) StdoutLine: {'line': b'-- Installing: /home/sophie/isaac_lab/isaac_ws/rl_code/soarm100sim/third_party/orbbec_293_ws/install/orbbec_camera_msgs/local/lib/python3.10/dist-packages/orbbec_camera_msgs/orbbec_camera_msgs_s__rosidl_typesupport_fastrtps_c.cpython-310-x86_64-linux-gnu.so\n'}
[61.254650] (orbbec_camera_msgs) StdoutLine: {'line': b'-- Set runtime path of "/home/sophie/isaac_lab/isaac_ws/rl_code/soarm100sim/third_party/orbbec_293_ws/install/orbbec_camera_msgs/local/lib/python3.10/dist-packages/orbbec_camera_msgs/orbbec_camera_msgs_s__rosidl_typesupport_fastrtps_c.cpython-310-x86_64-linux-gnu.so" to ""\n'}
[61.254786] (orbbec_camera_msgs) StdoutLine: {'line': b'-- Installing: /home/sophie/isaac_lab/isaac_ws/rl_code/soarm100sim/third_party/orbbec_293_ws/install/orbbec_camera_msgs/local/lib/python3.10/dist-packages/orbbec_camera_msgs/orbbec_camera_msgs_s__rosidl_typesupport_introspection_c.cpython-310-x86_64-linux-gnu.so\n'}
[61.255050] (orbbec_camera_msgs) StdoutLine: {'line': b'-- Set runtime path of "/home/sophie/isaac_lab/isaac_ws/rl_code/soarm100sim/third_party/orbbec_293_ws/install/orbbec_camera_msgs/local/lib/python3.10/dist-packages/orbbec_camera_msgs/orbbec_camera_msgs_s__rosidl_typesupport_introspection_c.cpython-310-x86_64-linux-gnu.so" to ""\n'}
[61.255168] (orbbec_camera_msgs) StdoutLine: {'line': b'-- Installing: /home/sophie/isaac_lab/isaac_ws/rl_code/soarm100sim/third_party/orbbec_293_ws/install/orbbec_camera_msgs/local/lib/python3.10/dist-packages/orbbec_camera_msgs/orbbec_camera_msgs_s__rosidl_typesupport_c.cpython-310-x86_64-linux-gnu.so\n'}
[61.255376] (orbbec_camera_msgs) StdoutLine: {'line': b'-- Set runtime path of "/home/sophie/isaac_lab/isaac_ws/rl_code/soarm100sim/third_party/orbbec_293_ws/install/orbbec_camera_msgs/local/lib/python3.10/dist-packages/orbbec_camera_msgs/orbbec_camera_msgs_s__rosidl_typesupport_c.cpython-310-x86_64-linux-gnu.so" to ""\n'}
[61.255434] (orbbec_camera_msgs) StdoutLine: {'line': b'-- Installing: /home/sophie/isaac_lab/isaac_ws/rl_code/soarm100sim/third_party/orbbec_293_ws/install/orbbec_camera_msgs/lib/liborbbec_camera_msgs__rosidl_generator_py.so\n'}
[61.255685] (orbbec_camera_msgs) StdoutLine: {'line': b'-- Set runtime path of "/home/sophie/isaac_lab/isaac_ws/rl_code/soarm100sim/third_party/orbbec_293_ws/install/orbbec_camera_msgs/lib/liborbbec_camera_msgs__rosidl_generator_py.so" to ""\n'}
[61.255746] (orbbec_camera_msgs) StdoutLine: {'line': b'-- Installing: /home/sophie/isaac_lab/isaac_ws/rl_code/soarm100sim/third_party/orbbec_293_ws/install/orbbec_camera_msgs/share/ament_index/resource_index/rust_packages/orbbec_camera_msgs\n'}
[61.255815] (orbbec_camera_msgs) StdoutLine: {'line': b'-- Installing: /home/sophie/isaac_lab/isaac_ws/rl_code/soarm100sim/third_party/orbbec_293_ws/install/orbbec_camera_msgs/share/orbbec_camera_msgs/rust\n'}
[61.255874] (orbbec_camera_msgs) StdoutLine: {'line': b'-- Installing: /home/sophie/isaac_lab/isaac_ws/rl_code/soarm100sim/third_party/orbbec_293_ws/install/orbbec_camera_msgs/share/orbbec_camera_msgs/rust/Cargo.toml\n'}
[61.255946] (orbbec_camera_msgs) StdoutLine: {'line': b'-- Installing: /home/sophie/isaac_lab/isaac_ws/rl_code/soarm100sim/third_party/orbbec_293_ws/install/orbbec_camera_msgs/share/orbbec_camera_msgs/rust/src\n'}
[61.256004] (orbbec_camera_msgs) StdoutLine: {'line': b'-- Installing: /home/sophie/isaac_lab/isaac_ws/rl_code/soarm100sim/third_party/orbbec_293_ws/install/orbbec_camera_msgs/share/orbbec_camera_msgs/rust/src/srv\n'}
[61.256030] (orbbec_camera_msgs) StdoutLine: {'line': b'-- Installing: /home/sophie/isaac_lab/isaac_ws/rl_code/soarm100sim/third_party/orbbec_293_ws/install/orbbec_camera_msgs/share/orbbec_camera_msgs/rust/src/srv/rmw.rs\n'}
[61.256111] (orbbec_camera_msgs) StdoutLine: {'line': b'-- Installing: /home/sophie/isaac_lab/isaac_ws/rl_code/soarm100sim/third_party/orbbec_293_ws/install/orbbec_camera_msgs/share/orbbec_camera_msgs/rust/src/lib.rs\n'}
[61.256247] (orbbec_camera_msgs) StdoutLine: {'line': b'-- Installing: /home/sophie/isaac_lab/isaac_ws/rl_code/soarm100sim/third_party/orbbec_293_ws/install/orbbec_camera_msgs/share/orbbec_camera_msgs/rust/src/msg\n'}
[61.256342] (orbbec_camera_msgs) StdoutLine: {'line': b'-- Installing: /home/sophie/isaac_lab/isaac_ws/rl_code/soarm100sim/third_party/orbbec_293_ws/install/orbbec_camera_msgs/share/orbbec_camera_msgs/rust/src/msg/rmw.rs\n'}
[61.256376] (orbbec_camera_msgs) StdoutLine: {'line': b'-- Installing: /home/sophie/isaac_lab/isaac_ws/rl_code/soarm100sim/third_party/orbbec_293_ws/install/orbbec_camera_msgs/share/orbbec_camera_msgs/rust/src/msg.rs\n'}
[61.256438] (orbbec_camera_msgs) StdoutLine: {'line': b'-- Installing: /home/sophie/isaac_lab/isaac_ws/rl_code/soarm100sim/third_party/orbbec_293_ws/install/orbbec_camera_msgs/share/orbbec_camera_msgs/rust/src/srv.rs\n'}
[61.256469] (orbbec_camera_msgs) StdoutLine: {'line': b'-- Installing: /home/sophie/isaac_lab/isaac_ws/rl_code/soarm100sim/third_party/orbbec_293_ws/install/orbbec_camera_msgs/share/orbbec_camera_msgs/rust/build.rs\n'}
[61.256525] (orbbec_camera_msgs) StdoutLine: {'line': b'-- Installing: /home/sophie/isaac_lab/isaac_ws/rl_code/soarm100sim/third_party/orbbec_293_ws/install/orbbec_camera_msgs/share/orbbec_camera_msgs/msg/DeviceInfo.idl\n'}
[61.256583] (orbbec_camera_msgs) StdoutLine: {'line': b'-- Installing: /home/sophie/isaac_lab/isaac_ws/rl_code/soarm100sim/third_party/orbbec_293_ws/install/orbbec_camera_msgs/share/orbbec_camera_msgs/msg/DeviceStatus.idl\n'}
[61.256644] (orbbec_camera_msgs) StdoutLine: {'line': b'-- Installing: /home/sophie/isaac_lab/isaac_ws/rl_code/soarm100sim/third_party/orbbec_293_ws/install/orbbec_camera_msgs/share/orbbec_camera_msgs/msg/DepthFilterParam.idl\n'}
[61.256719] (orbbec_camera_msgs) StdoutLine: {'line': b'-- Installing: /home/sophie/isaac_lab/isaac_ws/rl_code/soarm100sim/third_party/orbbec_293_ws/install/orbbec_camera_msgs/share/orbbec_camera_msgs/msg/DepthFilterState.idl\n'}
[61.256814] (orbbec_camera_msgs) StdoutLine: {'line': b'-- Installing: /home/sophie/isaac_lab/isaac_ws/rl_code/soarm100sim/third_party/orbbec_293_ws/install/orbbec_camera_msgs/share/orbbec_camera_msgs/msg/DepthFiltersStatus.idl\n'}
[61.256878] (orbbec_camera_msgs) StdoutLine: {'line': b'-- Installing: /home/sophie/isaac_lab/isaac_ws/rl_code/soarm100sim/third_party/orbbec_293_ws/install/orbbec_camera_msgs/share/orbbec_camera_msgs/msg/Extrinsics.idl\n'}
[61.256968] (orbbec_camera_msgs) StdoutLine: {'line': b'-- Installing: /home/sophie/isaac_lab/isaac_ws/rl_code/soarm100sim/third_party/orbbec_293_ws/install/orbbec_camera_msgs/share/orbbec_camera_msgs/msg/Metadata.idl\n'}
[61.257040] (orbbec_camera_msgs) StdoutLine: {'line': b'-- Installing: /home/sophie/isaac_lab/isaac_ws/rl_code/soarm100sim/third_party/orbbec_293_ws/install/orbbec_camera_msgs/share/orbbec_camera_msgs/msg/IMUInfo.idl\n'}
[61.257132] (orbbec_camera_msgs) StdoutLine: {'line': b'-- Installing: /home/sophie/isaac_lab/isaac_ws/rl_code/soarm100sim/third_party/orbbec_293_ws/install/orbbec_camera_msgs/share/orbbec_camera_msgs/msg/RGBD.idl\n'}
[61.257200] (orbbec_camera_msgs) StdoutLine: {'line': b'-- Installing: /home/sophie/isaac_lab/isaac_ws/rl_code/soarm100sim/third_party/orbbec_293_ws/install/orbbec_camera_msgs/share/orbbec_camera_msgs/msg/StreamProfile.idl\n'}
[61.257305] (orbbec_camera_msgs) StdoutLine: {'line': b'-- Installing: /home/sophie/isaac_lab/isaac_ws/rl_code/soarm100sim/third_party/orbbec_293_ws/install/orbbec_camera_msgs/share/orbbec_camera_msgs/srv/GetBool.idl\n'}
[61.257382] (orbbec_camera_msgs) StdoutLine: {'line': b'-- Installing: /home/sophie/isaac_lab/isaac_ws/rl_code/soarm100sim/third_party/orbbec_293_ws/install/orbbec_camera_msgs/share/orbbec_camera_msgs/srv/GetDeviceConfig.idl\n'}
[61.257476] (orbbec_camera_msgs) StdoutLine: {'line': b'-- Installing: /home/sophie/isaac_lab/isaac_ws/rl_code/soarm100sim/third_party/orbbec_293_ws/install/orbbec_camera_msgs/share/orbbec_camera_msgs/srv/GetDeviceInfo.idl\n'}
[61.257540] (orbbec_camera_msgs) StdoutLine: {'line': b'-- Installing: /home/sophie/isaac_lab/isaac_ws/rl_code/soarm100sim/third_party/orbbec_293_ws/install/orbbec_camera_msgs/share/orbbec_camera_msgs/srv/GetCameraInfo.idl\n'}
[61.257630] (orbbec_camera_msgs) StdoutLine: {'line': b'-- Installing: /home/sophie/isaac_lab/isaac_ws/rl_code/soarm100sim/third_party/orbbec_293_ws/install/orbbec_camera_msgs/share/orbbec_camera_msgs/srv/GetInt32.idl\n'}
[61.257696] (orbbec_camera_msgs) StdoutLine: {'line': b'-- Installing: /home/sophie/isaac_lab/isaac_ws/rl_code/soarm100sim/third_party/orbbec_293_ws/install/orbbec_camera_msgs/share/orbbec_camera_msgs/srv/GetString.idl\n'}
[61.257787] (orbbec_camera_msgs) StdoutLine: {'line': b'-- Installing: /home/sophie/isaac_lab/isaac_ws/rl_code/soarm100sim/third_party/orbbec_293_ws/install/orbbec_camera_msgs/share/orbbec_camera_msgs/srv/SetFilter.idl\n'}
[61.257852] (orbbec_camera_msgs) StdoutLine: {'line': b'-- Installing: /home/sophie/isaac_lab/isaac_ws/rl_code/soarm100sim/third_party/orbbec_293_ws/install/orbbec_camera_msgs/share/orbbec_camera_msgs/srv/SetInt32.idl\n'}
[61.257943] (orbbec_camera_msgs) StdoutLine: {'line': b'-- Installing: /home/sophie/isaac_lab/isaac_ws/rl_code/soarm100sim/third_party/orbbec_293_ws/install/orbbec_camera_msgs/share/orbbec_camera_msgs/srv/SetString.idl\n'}
[61.258011] (orbbec_camera_msgs) StdoutLine: {'line': b'-- Installing: /home/sophie/isaac_lab/isaac_ws/rl_code/soarm100sim/third_party/orbbec_293_ws/install/orbbec_camera_msgs/share/orbbec_camera_msgs/srv/SetArrays.idl\n'}
[61.258104] (orbbec_camera_msgs) StdoutLine: {'line': b'-- Installing: /home/sophie/isaac_lab/isaac_ws/rl_code/soarm100sim/third_party/orbbec_293_ws/install/orbbec_camera_msgs/share/orbbec_camera_msgs/srv/GetUserCalibParams.idl\n'}
[61.258172] (orbbec_camera_msgs) StdoutLine: {'line': b'-- Installing: /home/sophie/isaac_lab/isaac_ws/rl_code/soarm100sim/third_party/orbbec_293_ws/install/orbbec_camera_msgs/share/orbbec_camera_msgs/srv/SetUserCalibParams.idl\n'}
[61.258263] (orbbec_camera_msgs) StdoutLine: {'line': b'-- Installing: /home/sophie/isaac_lab/isaac_ws/rl_code/soarm100sim/third_party/orbbec_293_ws/install/orbbec_camera_msgs/share/orbbec_camera_msgs/srv/SetBagRecording.idl\n'}
[61.258340] (orbbec_camera_msgs) StdoutLine: {'line': b'-- Installing: /home/sophie/isaac_lab/isaac_ws/rl_code/soarm100sim/third_party/orbbec_293_ws/install/orbbec_camera_msgs/share/orbbec_camera_msgs/srv/SetStreamProfile.idl\n'}
[61.258434] (orbbec_camera_msgs) StdoutLine: {'line': b'-- Installing: /home/sophie/isaac_lab/isaac_ws/rl_code/soarm100sim/third_party/orbbec_293_ws/install/orbbec_camera_msgs/share/orbbec_camera_msgs/msg/DeviceInfo.msg\n'}
[61.258500] (orbbec_camera_msgs) StdoutLine: {'line': b'-- Installing: /home/sophie/isaac_lab/isaac_ws/rl_code/soarm100sim/third_party/orbbec_293_ws/install/orbbec_camera_msgs/share/orbbec_camera_msgs/msg/DeviceStatus.msg\n'}
[61.258596] (orbbec_camera_msgs) StdoutLine: {'line': b'-- Installing: /home/sophie/isaac_lab/isaac_ws/rl_code/soarm100sim/third_party/orbbec_293_ws/install/orbbec_camera_msgs/share/orbbec_camera_msgs/msg/DepthFilterParam.msg\n'}
[61.258662] (orbbec_camera_msgs) StdoutLine: {'line': b'-- Installing: /home/sophie/isaac_lab/isaac_ws/rl_code/soarm100sim/third_party/orbbec_293_ws/install/orbbec_camera_msgs/share/orbbec_camera_msgs/msg/DepthFilterState.msg\n'}
[61.258755] (orbbec_camera_msgs) StdoutLine: {'line': b'-- Installing: /home/sophie/isaac_lab/isaac_ws/rl_code/soarm100sim/third_party/orbbec_293_ws/install/orbbec_camera_msgs/share/orbbec_camera_msgs/msg/DepthFiltersStatus.msg\n'}
[61.258822] (orbbec_camera_msgs) StdoutLine: {'line': b'-- Installing: /home/sophie/isaac_lab/isaac_ws/rl_code/soarm100sim/third_party/orbbec_293_ws/install/orbbec_camera_msgs/share/orbbec_camera_msgs/msg/Extrinsics.msg\n'}
[61.258917] (orbbec_camera_msgs) StdoutLine: {'line': b'-- Installing: /home/sophie/isaac_lab/isaac_ws/rl_code/soarm100sim/third_party/orbbec_293_ws/install/orbbec_camera_msgs/share/orbbec_camera_msgs/msg/Metadata.msg\n'}
[61.258983] (orbbec_camera_msgs) StdoutLine: {'line': b'-- Installing: /home/sophie/isaac_lab/isaac_ws/rl_code/soarm100sim/third_party/orbbec_293_ws/install/orbbec_camera_msgs/share/orbbec_camera_msgs/msg/IMUInfo.msg\n'}
[61.259081] (orbbec_camera_msgs) StdoutLine: {'line': b'-- Installing: /home/sophie/isaac_lab/isaac_ws/rl_code/soarm100sim/third_party/orbbec_293_ws/install/orbbec_camera_msgs/share/orbbec_camera_msgs/msg/RGBD.msg\n'}
[61.259150] (orbbec_camera_msgs) StdoutLine: {'line': b'-- Installing: /home/sophie/isaac_lab/isaac_ws/rl_code/soarm100sim/third_party/orbbec_293_ws/install/orbbec_camera_msgs/share/orbbec_camera_msgs/msg/StreamProfile.msg\n'}
[61.259258] (orbbec_camera_msgs) StdoutLine: {'line': b'-- Installing: /home/sophie/isaac_lab/isaac_ws/rl_code/soarm100sim/third_party/orbbec_293_ws/install/orbbec_camera_msgs/share/orbbec_camera_msgs/srv/GetBool.srv\n'}
[61.259325] (orbbec_camera_msgs) StdoutLine: {'line': b'-- Installing: /home/sophie/isaac_lab/isaac_ws/rl_code/soarm100sim/third_party/orbbec_293_ws/install/orbbec_camera_msgs/share/orbbec_camera_msgs/srv/GetBool_Request.msg\n'}
[61.259412] (orbbec_camera_msgs) StdoutLine: {'line': b'-- Installing: /home/sophie/isaac_lab/isaac_ws/rl_code/soarm100sim/third_party/orbbec_293_ws/install/orbbec_camera_msgs/share/orbbec_camera_msgs/srv/GetBool_Response.msg\n'}
[61.259492] (orbbec_camera_msgs) StdoutLine: {'line': b'-- Installing: /home/sophie/isaac_lab/isaac_ws/rl_code/soarm100sim/third_party/orbbec_293_ws/install/orbbec_camera_msgs/share/orbbec_camera_msgs/srv/GetDeviceConfig.srv\n'}
[61.259590] (orbbec_camera_msgs) StdoutLine: {'line': b'-- Installing: /home/sophie/isaac_lab/isaac_ws/rl_code/soarm100sim/third_party/orbbec_293_ws/install/orbbec_camera_msgs/share/orbbec_camera_msgs/srv/GetDeviceConfig_Request.msg\n'}
[61.259656] (orbbec_camera_msgs) StdoutLine: {'line': b'-- Installing: /home/sophie/isaac_lab/isaac_ws/rl_code/soarm100sim/third_party/orbbec_293_ws/install/orbbec_camera_msgs/share/orbbec_camera_msgs/srv/GetDeviceConfig_Response.msg\n'}
[61.259752] (orbbec_camera_msgs) StdoutLine: {'line': b'-- Installing: /home/sophie/isaac_lab/isaac_ws/rl_code/soarm100sim/third_party/orbbec_293_ws/install/orbbec_camera_msgs/share/orbbec_camera_msgs/srv/GetDeviceInfo.srv\n'}
[61.259820] (orbbec_camera_msgs) StdoutLine: {'line': b'-- Installing: /home/sophie/isaac_lab/isaac_ws/rl_code/soarm100sim/third_party/orbbec_293_ws/install/orbbec_camera_msgs/share/orbbec_camera_msgs/srv/GetDeviceInfo_Request.msg\n'}
[61.259913] (orbbec_camera_msgs) StdoutLine: {'line': b'-- Installing: /home/sophie/isaac_lab/isaac_ws/rl_code/soarm100sim/third_party/orbbec_293_ws/install/orbbec_camera_msgs/share/orbbec_camera_msgs/srv/GetDeviceInfo_Response.msg\n'}
[61.259981] (orbbec_camera_msgs) StdoutLine: {'line': b'-- Installing: /home/sophie/isaac_lab/isaac_ws/rl_code/soarm100sim/third_party/orbbec_293_ws/install/orbbec_camera_msgs/share/orbbec_camera_msgs/srv/GetCameraInfo.srv\n'}
[61.260080] (orbbec_camera_msgs) StdoutLine: {'line': b'-- Installing: /home/sophie/isaac_lab/isaac_ws/rl_code/soarm100sim/third_party/orbbec_293_ws/install/orbbec_camera_msgs/share/orbbec_camera_msgs/srv/GetCameraInfo_Request.msg\n'}
[61.260148] (orbbec_camera_msgs) StdoutLine: {'line': b'-- Installing: /home/sophie/isaac_lab/isaac_ws/rl_code/soarm100sim/third_party/orbbec_293_ws/install/orbbec_camera_msgs/share/orbbec_camera_msgs/srv/GetCameraInfo_Response.msg\n'}
[61.260247] (orbbec_camera_msgs) StdoutLine: {'line': b'-- Installing: /home/sophie/isaac_lab/isaac_ws/rl_code/soarm100sim/third_party/orbbec_293_ws/install/orbbec_camera_msgs/share/orbbec_camera_msgs/srv/GetInt32.srv\n'}
[61.260313] (orbbec_camera_msgs) StdoutLine: {'line': b'-- Installing: /home/sophie/isaac_lab/isaac_ws/rl_code/soarm100sim/third_party/orbbec_293_ws/install/orbbec_camera_msgs/share/orbbec_camera_msgs/srv/GetInt32_Request.msg\n'}
[61.260407] (orbbec_camera_msgs) StdoutLine: {'line': b'-- Installing: /home/sophie/isaac_lab/isaac_ws/rl_code/soarm100sim/third_party/orbbec_293_ws/install/orbbec_camera_msgs/share/orbbec_camera_msgs/srv/GetInt32_Response.msg\n'}
[61.260474] (orbbec_camera_msgs) StdoutLine: {'line': b'-- Installing: /home/sophie/isaac_lab/isaac_ws/rl_code/soarm100sim/third_party/orbbec_293_ws/install/orbbec_camera_msgs/share/orbbec_camera_msgs/srv/GetString.srv\n'}
[61.260565] (orbbec_camera_msgs) StdoutLine: {'line': b'-- Installing: /home/sophie/isaac_lab/isaac_ws/rl_code/soarm100sim/third_party/orbbec_293_ws/install/orbbec_camera_msgs/share/orbbec_camera_msgs/srv/GetString_Request.msg\n'}
[61.260646] (orbbec_camera_msgs) StdoutLine: {'line': b'-- Installing: /home/sophie/isaac_lab/isaac_ws/rl_code/soarm100sim/third_party/orbbec_293_ws/install/orbbec_camera_msgs/share/orbbec_camera_msgs/srv/GetString_Response.msg\n'}
[61.260746] (orbbec_camera_msgs) StdoutLine: {'line': b'-- Installing: /home/sophie/isaac_lab/isaac_ws/rl_code/soarm100sim/third_party/orbbec_293_ws/install/orbbec_camera_msgs/share/orbbec_camera_msgs/srv/SetFilter.srv\n'}
[61.260814] (orbbec_camera_msgs) StdoutLine: {'line': b'-- Installing: /home/sophie/isaac_lab/isaac_ws/rl_code/soarm100sim/third_party/orbbec_293_ws/install/orbbec_camera_msgs/share/orbbec_camera_msgs/srv/SetFilter_Request.msg\n'}
[61.260913] (orbbec_camera_msgs) StdoutLine: {'line': b'-- Installing: /home/sophie/isaac_lab/isaac_ws/rl_code/soarm100sim/third_party/orbbec_293_ws/install/orbbec_camera_msgs/share/orbbec_camera_msgs/srv/SetFilter_Response.msg\n'}
[61.260980] (orbbec_camera_msgs) StdoutLine: {'line': b'-- Installing: /home/sophie/isaac_lab/isaac_ws/rl_code/soarm100sim/third_party/orbbec_293_ws/install/orbbec_camera_msgs/share/orbbec_camera_msgs/srv/SetInt32.srv\n'}
[61.261085] (orbbec_camera_msgs) StdoutLine: {'line': b'-- Installing: /home/sophie/isaac_lab/isaac_ws/rl_code/soarm100sim/third_party/orbbec_293_ws/install/orbbec_camera_msgs/share/orbbec_camera_msgs/srv/SetInt32_Request.msg\n'}
[61.261158] (orbbec_camera_msgs) StdoutLine: {'line': b'-- Installing: /home/sophie/isaac_lab/isaac_ws/rl_code/soarm100sim/third_party/orbbec_293_ws/install/orbbec_camera_msgs/share/orbbec_camera_msgs/srv/SetInt32_Response.msg\n'}
[61.261261] (orbbec_camera_msgs) StdoutLine: {'line': b'-- Installing: /home/sophie/isaac_lab/isaac_ws/rl_code/soarm100sim/third_party/orbbec_293_ws/install/orbbec_camera_msgs/share/orbbec_camera_msgs/srv/SetString.srv\n'}
[61.261329] (orbbec_camera_msgs) StdoutLine: {'line': b'-- Installing: /home/sophie/isaac_lab/isaac_ws/rl_code/soarm100sim/third_party/orbbec_293_ws/install/orbbec_camera_msgs/share/orbbec_camera_msgs/srv/SetString_Request.msg\n'}
[61.261427] (orbbec_camera_msgs) StdoutLine: {'line': b'-- Installing: /home/sophie/isaac_lab/isaac_ws/rl_code/soarm100sim/third_party/orbbec_293_ws/install/orbbec_camera_msgs/share/orbbec_camera_msgs/srv/SetString_Response.msg\n'}
[61.261499] (orbbec_camera_msgs) StdoutLine: {'line': b'-- Installing: /home/sophie/isaac_lab/isaac_ws/rl_code/soarm100sim/third_party/orbbec_293_ws/install/orbbec_camera_msgs/share/orbbec_camera_msgs/srv/SetArrays.srv\n'}
[61.261589] (orbbec_camera_msgs) StdoutLine: {'line': b'-- Installing: /home/sophie/isaac_lab/isaac_ws/rl_code/soarm100sim/third_party/orbbec_293_ws/install/orbbec_camera_msgs/share/orbbec_camera_msgs/srv/SetArrays_Request.msg\n'}
[61.261672] (orbbec_camera_msgs) StdoutLine: {'line': b'-- Installing: /home/sophie/isaac_lab/isaac_ws/rl_code/soarm100sim/third_party/orbbec_293_ws/install/orbbec_camera_msgs/share/orbbec_camera_msgs/srv/SetArrays_Response.msg\n'}
[61.261775] (orbbec_camera_msgs) StdoutLine: {'line': b'-- Installing: /home/sophie/isaac_lab/isaac_ws/rl_code/soarm100sim/third_party/orbbec_293_ws/install/orbbec_camera_msgs/share/orbbec_camera_msgs/srv/GetUserCalibParams.srv\n'}
[61.261843] (orbbec_camera_msgs) StdoutLine: {'line': b'-- Installing: /home/sophie/isaac_lab/isaac_ws/rl_code/soarm100sim/third_party/orbbec_293_ws/install/orbbec_camera_msgs/share/orbbec_camera_msgs/srv/GetUserCalibParams_Request.msg\n'}
[61.261944] (orbbec_camera_msgs) StdoutLine: {'line': b'-- Installing: /home/sophie/isaac_lab/isaac_ws/rl_code/soarm100sim/third_party/orbbec_293_ws/install/orbbec_camera_msgs/share/orbbec_camera_msgs/srv/GetUserCalibParams_Response.msg\n'}
[61.262017] (orbbec_camera_msgs) StdoutLine: {'line': b'-- Installing: /home/sophie/isaac_lab/isaac_ws/rl_code/soarm100sim/third_party/orbbec_293_ws/install/orbbec_camera_msgs/share/orbbec_camera_msgs/srv/SetUserCalibParams.srv\n'}
[61.262115] (orbbec_camera_msgs) StdoutLine: {'line': b'-- Installing: /home/sophie/isaac_lab/isaac_ws/rl_code/soarm100sim/third_party/orbbec_293_ws/install/orbbec_camera_msgs/share/orbbec_camera_msgs/srv/SetUserCalibParams_Request.msg\n'}
[61.262140] (-) TimerEvent: {}
[61.262184] (orbbec_camera_msgs) StdoutLine: {'line': b'-- Installing: /home/sophie/isaac_lab/isaac_ws/rl_code/soarm100sim/third_party/orbbec_293_ws/install/orbbec_camera_msgs/share/orbbec_camera_msgs/srv/SetUserCalibParams_Response.msg\n'}
[61.262286] (orbbec_camera_msgs) StdoutLine: {'line': b'-- Installing: /home/sophie/isaac_lab/isaac_ws/rl_code/soarm100sim/third_party/orbbec_293_ws/install/orbbec_camera_msgs/share/orbbec_camera_msgs/srv/SetBagRecording.srv\n'}
[61.262356] (orbbec_camera_msgs) StdoutLine: {'line': b'-- Installing: /home/sophie/isaac_lab/isaac_ws/rl_code/soarm100sim/third_party/orbbec_293_ws/install/orbbec_camera_msgs/share/orbbec_camera_msgs/srv/SetBagRecording_Request.msg\n'}
[61.262456] (orbbec_camera_msgs) StdoutLine: {'line': b'-- Installing: /home/sophie/isaac_lab/isaac_ws/rl_code/soarm100sim/third_party/orbbec_293_ws/install/orbbec_camera_msgs/share/orbbec_camera_msgs/srv/SetBagRecording_Response.msg\n'}
[61.262524] (orbbec_camera_msgs) StdoutLine: {'line': b'-- Installing: /home/sophie/isaac_lab/isaac_ws/rl_code/soarm100sim/third_party/orbbec_293_ws/install/orbbec_camera_msgs/share/orbbec_camera_msgs/srv/SetStreamProfile.srv\n'}
[61.262628] (orbbec_camera_msgs) StdoutLine: {'line': b'-- Installing: /home/sophie/isaac_lab/isaac_ws/rl_code/soarm100sim/third_party/orbbec_293_ws/install/orbbec_camera_msgs/share/orbbec_camera_msgs/srv/SetStreamProfile_Request.msg\n'}
[61.262700] (orbbec_camera_msgs) StdoutLine: {'line': b'-- Installing: /home/sophie/isaac_lab/isaac_ws/rl_code/soarm100sim/third_party/orbbec_293_ws/install/orbbec_camera_msgs/share/orbbec_camera_msgs/srv/SetStreamProfile_Response.msg\n'}
[61.262821] (orbbec_camera_msgs) StdoutLine: {'line': b'-- Installing: /home/sophie/isaac_lab/isaac_ws/rl_code/soarm100sim/third_party/orbbec_293_ws/install/orbbec_camera_msgs/share/ament_index/resource_index/package_run_dependencies/orbbec_camera_msgs\n'}
[61.262924] (orbbec_camera_msgs) StdoutLine: {'line': b'-- Installing: /home/sophie/isaac_lab/isaac_ws/rl_code/soarm100sim/third_party/orbbec_293_ws/install/orbbec_camera_msgs/share/ament_index/resource_index/parent_prefix_path/orbbec_camera_msgs\n'}
[61.263032] (orbbec_camera_msgs) StdoutLine: {'line': b'-- Installing: /home/sophie/isaac_lab/isaac_ws/rl_code/soarm100sim/third_party/orbbec_293_ws/install/orbbec_camera_msgs/share/orbbec_camera_msgs/environment/ament_prefix_path.sh\n'}
[61.263099] (orbbec_camera_msgs) StdoutLine: {'line': b'-- Installing: /home/sophie/isaac_lab/isaac_ws/rl_code/soarm100sim/third_party/orbbec_293_ws/install/orbbec_camera_msgs/share/orbbec_camera_msgs/environment/ament_prefix_path.dsv\n'}
[61.263204] (orbbec_camera_msgs) StdoutLine: {'line': b'-- Installing: /home/sophie/isaac_lab/isaac_ws/rl_code/soarm100sim/third_party/orbbec_293_ws/install/orbbec_camera_msgs/share/orbbec_camera_msgs/environment/path.sh\n'}
[61.263268] (orbbec_camera_msgs) StdoutLine: {'line': b'-- Installing: /home/sophie/isaac_lab/isaac_ws/rl_code/soarm100sim/third_party/orbbec_293_ws/install/orbbec_camera_msgs/share/orbbec_camera_msgs/environment/path.dsv\n'}
[61.263371] (orbbec_camera_msgs) StdoutLine: {'line': b'-- Installing: /home/sophie/isaac_lab/isaac_ws/rl_code/soarm100sim/third_party/orbbec_293_ws/install/orbbec_camera_msgs/share/orbbec_camera_msgs/local_setup.bash\n'}
[61.263438] (orbbec_camera_msgs) StdoutLine: {'line': b'-- Installing: /home/sophie/isaac_lab/isaac_ws/rl_code/soarm100sim/third_party/orbbec_293_ws/install/orbbec_camera_msgs/share/orbbec_camera_msgs/local_setup.sh\n'}
[61.263547] (orbbec_camera_msgs) StdoutLine: {'line': b'-- Installing: /home/sophie/isaac_lab/isaac_ws/rl_code/soarm100sim/third_party/orbbec_293_ws/install/orbbec_camera_msgs/share/orbbec_camera_msgs/local_setup.zsh\n'}
[61.263611] (orbbec_camera_msgs) StdoutLine: {'line': b'-- Installing: /home/sophie/isaac_lab/isaac_ws/rl_code/soarm100sim/third_party/orbbec_293_ws/install/orbbec_camera_msgs/share/orbbec_camera_msgs/local_setup.dsv\n'}
[61.263709] (orbbec_camera_msgs) StdoutLine: {'line': b'-- Installing: /home/sophie/isaac_lab/isaac_ws/rl_code/soarm100sim/third_party/orbbec_293_ws/install/orbbec_camera_msgs/share/orbbec_camera_msgs/package.dsv\n'}
[61.263800] (orbbec_camera_msgs) StdoutLine: {'line': b'-- Installing: /home/sophie/isaac_lab/isaac_ws/rl_code/soarm100sim/third_party/orbbec_293_ws/install/orbbec_camera_msgs/share/ament_index/resource_index/packages/orbbec_camera_msgs\n'}
[61.263919] (orbbec_camera_msgs) StdoutLine: {'line': b'-- Installing: /home/sophie/isaac_lab/isaac_ws/rl_code/soarm100sim/third_party/orbbec_293_ws/install/orbbec_camera_msgs/share/orbbec_camera_msgs/cmake/export_orbbec_camera_msgs__rosidl_generator_cExport.cmake\n'}
[61.264021] (orbbec_camera_msgs) StdoutLine: {'line': b'-- Installing: /home/sophie/isaac_lab/isaac_ws/rl_code/soarm100sim/third_party/orbbec_293_ws/install/orbbec_camera_msgs/share/orbbec_camera_msgs/cmake/export_orbbec_camera_msgs__rosidl_generator_cExport-release.cmake\n'}
[61.264141] (orbbec_camera_msgs) StdoutLine: {'line': b'-- Installing: /home/sophie/isaac_lab/isaac_ws/rl_code/soarm100sim/third_party/orbbec_293_ws/install/orbbec_camera_msgs/share/orbbec_camera_msgs/cmake/export_orbbec_camera_msgs__rosidl_typesupport_fastrtps_cExport.cmake\n'}
[61.264216] (orbbec_camera_msgs) StdoutLine: {'line': b'-- Installing: /home/sophie/isaac_lab/isaac_ws/rl_code/soarm100sim/third_party/orbbec_293_ws/install/orbbec_camera_msgs/share/orbbec_camera_msgs/cmake/export_orbbec_camera_msgs__rosidl_typesupport_fastrtps_cExport-release.cmake\n'}
[61.264328] (orbbec_camera_msgs) StdoutLine: {'line': b'-- Installing: /home/sophie/isaac_lab/isaac_ws/rl_code/soarm100sim/third_party/orbbec_293_ws/install/orbbec_camera_msgs/share/orbbec_camera_msgs/cmake/orbbec_camera_msgs__rosidl_typesupport_introspection_cExport.cmake\n'}
[61.264399] (orbbec_camera_msgs) StdoutLine: {'line': b'-- Installing: /home/sophie/isaac_lab/isaac_ws/rl_code/soarm100sim/third_party/orbbec_293_ws/install/orbbec_camera_msgs/share/orbbec_camera_msgs/cmake/orbbec_camera_msgs__rosidl_typesupport_introspection_cExport-release.cmake\n'}
[61.264510] (orbbec_camera_msgs) StdoutLine: {'line': b'-- Installing: /home/sophie/isaac_lab/isaac_ws/rl_code/soarm100sim/third_party/orbbec_293_ws/install/orbbec_camera_msgs/share/orbbec_camera_msgs/cmake/orbbec_camera_msgs__rosidl_typesupport_cExport.cmake\n'}
[61.264582] (orbbec_camera_msgs) StdoutLine: {'line': b'-- Installing: /home/sophie/isaac_lab/isaac_ws/rl_code/soarm100sim/third_party/orbbec_293_ws/install/orbbec_camera_msgs/share/orbbec_camera_msgs/cmake/orbbec_camera_msgs__rosidl_typesupport_cExport-release.cmake\n'}
[61.264695] (orbbec_camera_msgs) StdoutLine: {'line': b'-- Installing: /home/sophie/isaac_lab/isaac_ws/rl_code/soarm100sim/third_party/orbbec_293_ws/install/orbbec_camera_msgs/share/orbbec_camera_msgs/cmake/export_orbbec_camera_msgs__rosidl_generator_cppExport.cmake\n'}
[61.264770] (orbbec_camera_msgs) StdoutLine: {'line': b'-- Installing: /home/sophie/isaac_lab/isaac_ws/rl_code/soarm100sim/third_party/orbbec_293_ws/install/orbbec_camera_msgs/share/orbbec_camera_msgs/cmake/export_orbbec_camera_msgs__rosidl_typesupport_fastrtps_cppExport.cmake\n'}
[61.264880] (orbbec_camera_msgs) StdoutLine: {'line': b'-- Installing: /home/sophie/isaac_lab/isaac_ws/rl_code/soarm100sim/third_party/orbbec_293_ws/install/orbbec_camera_msgs/share/orbbec_camera_msgs/cmake/export_orbbec_camera_msgs__rosidl_typesupport_fastrtps_cppExport-release.cmake\n'}
[61.264958] (orbbec_camera_msgs) StdoutLine: {'line': b'-- Installing: /home/sophie/isaac_lab/isaac_ws/rl_code/soarm100sim/third_party/orbbec_293_ws/install/orbbec_camera_msgs/share/orbbec_camera_msgs/cmake/orbbec_camera_msgs__rosidl_typesupport_introspection_cppExport.cmake\n'}
[61.265062] (orbbec_camera_msgs) StdoutLine: {'line': b'-- Installing: /home/sophie/isaac_lab/isaac_ws/rl_code/soarm100sim/third_party/orbbec_293_ws/install/orbbec_camera_msgs/share/orbbec_camera_msgs/cmake/orbbec_camera_msgs__rosidl_typesupport_introspection_cppExport-release.cmake\n'}
[61.265159] (orbbec_camera_msgs) StdoutLine: {'line': b'-- Installing: /home/sophie/isaac_lab/isaac_ws/rl_code/soarm100sim/third_party/orbbec_293_ws/install/orbbec_camera_msgs/share/orbbec_camera_msgs/cmake/orbbec_camera_msgs__rosidl_typesupport_cppExport.cmake\n'}
[61.265268] (orbbec_camera_msgs) StdoutLine: {'line': b'-- Installing: /home/sophie/isaac_lab/isaac_ws/rl_code/soarm100sim/third_party/orbbec_293_ws/install/orbbec_camera_msgs/share/orbbec_camera_msgs/cmake/orbbec_camera_msgs__rosidl_typesupport_cppExport-release.cmake\n'}
[61.265344] (orbbec_camera_msgs) StdoutLine: {'line': b'-- Installing: /home/sophie/isaac_lab/isaac_ws/rl_code/soarm100sim/third_party/orbbec_293_ws/install/orbbec_camera_msgs/share/orbbec_camera_msgs/cmake/export_orbbec_camera_msgs__rosidl_generator_pyExport.cmake\n'}
[61.265453] (orbbec_camera_msgs) StdoutLine: {'line': b'-- Installing: /home/sophie/isaac_lab/isaac_ws/rl_code/soarm100sim/third_party/orbbec_293_ws/install/orbbec_camera_msgs/share/orbbec_camera_msgs/cmake/export_orbbec_camera_msgs__rosidl_generator_pyExport-release.cmake\n'}
[61.265523] (orbbec_camera_msgs) StdoutLine: {'line': b'-- Installing: /home/sophie/isaac_lab/isaac_ws/rl_code/soarm100sim/third_party/orbbec_293_ws/install/orbbec_camera_msgs/share/orbbec_camera_msgs/cmake/rosidl_cmake-extras.cmake\n'}
[61.265628] (orbbec_camera_msgs) StdoutLine: {'line': b'-- Installing: /home/sophie/isaac_lab/isaac_ws/rl_code/soarm100sim/third_party/orbbec_293_ws/install/orbbec_camera_msgs/share/orbbec_camera_msgs/cmake/ament_cmake_export_dependencies-extras.cmake\n'}
[61.265702] (orbbec_camera_msgs) StdoutLine: {'line': b'-- Installing: /home/sophie/isaac_lab/isaac_ws/rl_code/soarm100sim/third_party/orbbec_293_ws/install/orbbec_camera_msgs/share/orbbec_camera_msgs/cmake/ament_cmake_export_include_directories-extras.cmake\n'}
[61.265805] (orbbec_camera_msgs) StdoutLine: {'line': b'-- Installing: /home/sophie/isaac_lab/isaac_ws/rl_code/soarm100sim/third_party/orbbec_293_ws/install/orbbec_camera_msgs/share/orbbec_camera_msgs/cmake/ament_cmake_export_libraries-extras.cmake\n'}
[61.265875] (orbbec_camera_msgs) StdoutLine: {'line': b'-- Installing: /home/sophie/isaac_lab/isaac_ws/rl_code/soarm100sim/third_party/orbbec_293_ws/install/orbbec_camera_msgs/share/orbbec_camera_msgs/cmake/ament_cmake_export_targets-extras.cmake\n'}
[61.265971] (orbbec_camera_msgs) StdoutLine: {'line': b'-- Installing: /home/sophie/isaac_lab/isaac_ws/rl_code/soarm100sim/third_party/orbbec_293_ws/install/orbbec_camera_msgs/share/orbbec_camera_msgs/cmake/rosidl_cmake_export_typesupport_targets-extras.cmake\n'}
[61.266060] (orbbec_camera_msgs) StdoutLine: {'line': b'-- Installing: /home/sophie/isaac_lab/isaac_ws/rl_code/soarm100sim/third_party/orbbec_293_ws/install/orbbec_camera_msgs/share/orbbec_camera_msgs/cmake/rosidl_cmake_export_typesupport_libraries-extras.cmake\n'}
[61.266168] (orbbec_camera_msgs) StdoutLine: {'line': b'-- Installing: /home/sophie/isaac_lab/isaac_ws/rl_code/soarm100sim/third_party/orbbec_293_ws/install/orbbec_camera_msgs/share/orbbec_camera_msgs/cmake/orbbec_camera_msgsConfig.cmake\n'}
[61.266222] (orbbec_camera_msgs) StdoutLine: {'line': b'-- Installing: /home/sophie/isaac_lab/isaac_ws/rl_code/soarm100sim/third_party/orbbec_293_ws/install/orbbec_camera_msgs/share/orbbec_camera_msgs/cmake/orbbec_camera_msgsConfig-version.cmake\n'}
[61.266281] (orbbec_camera_msgs) StdoutLine: {'line': b'-- Installing: /home/sophie/isaac_lab/isaac_ws/rl_code/soarm100sim/third_party/orbbec_293_ws/install/orbbec_camera_msgs/share/orbbec_camera_msgs/package.xml\n'}
[61.267908] (orbbec_camera_msgs) CommandEnded: {'returncode': 0}
[61.277619] (orbbec_camera_msgs) JobEnded: {'identifier': 'orbbec_camera_msgs', 'rc': 0}
[61.278181] (orbbec_camera) JobStarted: {'identifier': 'orbbec_camera'}
[61.284538] (orbbec_camera) JobProgress: {'identifier': 'orbbec_camera', 'progress': 'cmake'}
[61.285102] (orbbec_camera) Command: {'cmd': ['/usr/bin/cmake', '/home/sophie/isaac_lab/isaac_ws/rl_code/soarm100sim/third_party/orbbec_293_ws/src/OrbbecSDK_ROS2/orbbec_camera', '-DCMAKE_BUILD_TYPE=Release', '-DINSTALL_UDEV_RULES=OFF', '-DCMAKE_INSTALL_PREFIX=/home/sophie/isaac_lab/isaac_ws/rl_code/soarm100sim/third_party/orbbec_293_ws/install/orbbec_camera'], 'cwd': '/home/sophie/isaac_lab/isaac_ws/rl_code/soarm100sim/third_party/orbbec_293_ws/build/orbbec_camera', 'env': OrderedDict([('USER', 'sophie'), ('SHLVL', '0'), ('LD_LIBRARY_PATH', '/home/sophie/isaac_lab/isaac_ws/rl_code/soarm100sim/third_party/orbbec_293_ws/install/orbbec_camera_msgs/lib:/usr/lib/x86_64-linux-gnu/gazebo-11/plugins:/opt/ros/humble/opt/rviz_ogre_vendor/lib:/opt/ros/humble/lib/x86_64-linux-gnu:/opt/ros/humble/lib'), ('HOME', '/home/sophie'), ('ROS_PYTHON_VERSION', '3'), ('ROS_DISTRO', 'humble'), ('_', '/usr/bin/colcon'), ('ROS_VERSION', '2'), ('ROS_LOCALHOST_ONLY', '0'), ('PATH', '/opt/ros/humble/bin:/usr/local/sbin:/usr/local/bin:/usr/sbin:/usr/bin:/sbin:/bin'), ('LANG', 'C.UTF-8'), ('AMENT_PREFIX_PATH', '/home/sophie/isaac_lab/isaac_ws/rl_code/soarm100sim/third_party/orbbec_293_ws/install/orbbec_camera_msgs:/opt/ros/humble'), ('PWD', '/home/sophie/isaac_lab/isaac_ws/rl_code/soarm100sim/third_party/orbbec_293_ws/build/orbbec_camera'), ('PYTHONPATH', '/home/sophie/isaac_lab/isaac_ws/rl_code/soarm100sim/third_party/orbbec_293_ws/install/orbbec_camera_msgs/local/lib/python3.10/dist-packages:/opt/ros/humble/lib/python3.10/site-packages:/opt/ros/humble/local/lib/python3.10/dist-packages'), ('COLCON', '1'), ('CMAKE_PREFIX_PATH', '/home/sophie/isaac_lab/isaac_ws/rl_code/soarm100sim/third_party/orbbec_293_ws/install/orbbec_camera_msgs:/opt/ros/humble')]), 'shell': False}
[61.352602] (orbbec_camera) StdoutLine: {'line': b'-- The C compiler identification is GNU 11.4.0\n'}
[61.362212] (-) TimerEvent: {}
[61.395890] (orbbec_camera) StdoutLine: {'line': b'-- The CXX compiler identification is GNU 11.4.0\n'}
[61.401151] (orbbec_camera) StdoutLine: {'line': b'-- Detecting C compiler ABI info\n'}
[61.462328] (-) TimerEvent: {}
[61.470454] (orbbec_camera) StdoutLine: {'line': b'-- Detecting C compiler ABI info - done\n'}
[61.477590] (orbbec_camera) StdoutLine: {'line': b'-- Check for working C compiler: /usr/bin/cc - skipped\n'}
[61.477707] (orbbec_camera) StdoutLine: {'line': b'-- Detecting C compile features\n'}
[61.477990] (orbbec_camera) StdoutLine: {'line': b'-- Detecting C compile features - done\n'}
[61.480074] (orbbec_camera) StdoutLine: {'line': b'-- Detecting CXX compiler ABI info\n'}
[61.562068] (orbbec_camera) StdoutLine: {'line': b'-- Detecting CXX compiler ABI info - done\n'}
[61.562385] (-) TimerEvent: {}
[61.571285] (orbbec_camera) StdoutLine: {'line': b'-- Check for working CXX compiler: /usr/bin/c++ - skipped\n'}
[61.571467] (orbbec_camera) StdoutLine: {'line': b'-- Detecting CXX compile features\n'}
[61.571868] (orbbec_camera) StdoutLine: {'line': b'-- Detecting CXX compile features - done\n'}
[61.573647] (orbbec_camera) StdoutLine: {'line': b'-- Found ament_cmake: 1.3.14 (/opt/ros/humble/share/ament_cmake/cmake)\n'}
[61.662472] (-) TimerEvent: {}
[61.727651] (orbbec_camera) StdoutLine: {'line': b'-- Found Python3: /usr/bin/python3 (found version "3.10.12") found components: Interpreter \n'}
[61.762559] (-) TimerEvent: {}
[61.794605] (orbbec_camera) StdoutLine: {'line': b'-- Found ament_index_cpp: 1.4.1 (/opt/ros/humble/share/ament_index_cpp/cmake)\n'}
[61.802231] (orbbec_camera) StdoutLine: {'line': b'-- Found builtin_interfaces: 1.2.2 (/opt/ros/humble/share/builtin_interfaces/cmake)\n'}
[61.826023] (orbbec_camera) StdoutLine: {'line': b'-- Found rosidl_generator_c: 3.1.8 (/opt/ros/humble/share/rosidl_generator_c/cmake)\n'}
[61.830024] (orbbec_camera) StdoutLine: {'line': b'-- Found rosidl_adapter: 3.1.8 (/opt/ros/humble/share/rosidl_adapter/cmake)\n'}
[61.835586] (orbbec_camera) StdoutLine: {'line': b'-- Found rosidl_generator_cpp: 3.1.8 (/opt/ros/humble/share/rosidl_generator_cpp/cmake)\n'}
[61.843182] (orbbec_camera) StdoutLine: {'line': b'-- Using all available rosidl_typesupport_c: rosidl_typesupport_fastrtps_c;rosidl_typesupport_introspection_c\n'}
[61.853553] (orbbec_camera) StdoutLine: {'line': b'-- Using all available rosidl_typesupport_cpp: rosidl_typesupport_fastrtps_cpp;rosidl_typesupport_introspection_cpp\n'}
[61.862667] (-) TimerEvent: {}
[61.864021] (orbbec_camera) StdoutLine: {'line': b'-- Found cv_bridge: 3.2.1 (/opt/ros/humble/share/cv_bridge/cmake)\n'}
[61.902303] (orbbec_camera) StdoutLine: {'line': b'-- Found camera_info_manager: 3.1.12 (/opt/ros/humble/share/camera_info_manager/cmake)\n'}
[61.928515] (orbbec_camera) StdoutLine: {'line': b'-- Found rmw_implementation_cmake: 6.1.2 (/opt/ros/humble/share/rmw_implementation_cmake/cmake)\n'}
[61.930159] (orbbec_camera) StdoutLine: {'line': b'-- Found rmw_fastrtps_cpp: 6.2.10 (/opt/ros/humble/share/rmw_fastrtps_cpp/cmake)\n'}
[61.962845] (-) TimerEvent: {}
[62.013860] (orbbec_camera) StdoutLine: {'line': b'-- Found OpenSSL: /usr/lib/x86_64-linux-gnu/libcrypto.so (found version "3.0.2")  \n'}
[62.033690] (orbbec_camera) StdoutLine: {'line': b'-- Found FastRTPS: /opt/ros/humble/include  \n'}
[62.060336] (orbbec_camera) StdoutLine: {'line': b"-- Using RMW implementation 'rmw_fastrtps_cpp' as default\n"}
[62.062980] (-) TimerEvent: {}
[62.065910] (orbbec_camera) StdoutLine: {'line': b'-- Looking for pthread.h\n'}
[62.163091] (-) TimerEvent: {}
[62.165593] (orbbec_camera) StdoutLine: {'line': b'-- Looking for pthread.h - found\n'}
[62.165726] (orbbec_camera) StdoutLine: {'line': b'-- Performing Test CMAKE_HAVE_LIBC_PTHREAD\n'}
[62.262427] (orbbec_camera) StdoutLine: {'line': b'-- Performing Test CMAKE_HAVE_LIBC_PTHREAD - Success\n'}
[62.263144] (-) TimerEvent: {}
[62.263240] (orbbec_camera) StdoutLine: {'line': b'-- Found Threads: TRUE  \n'}
[62.295833] (orbbec_camera) StdoutLine: {'line': b'-- Found image_transport: 3.1.12 (/opt/ros/humble/share/image_transport/cmake)\n'}
[62.316603] (orbbec_camera) StdoutLine: {'line': b'-- Found image_publisher: 3.0.9 (/opt/ros/humble/share/image_publisher/cmake)\n'}
[62.333892] (orbbec_camera) StdoutLine: {'line': b'-- Found OpenCV: /usr (found version "4.5.4") \n'}
[62.334082] (orbbec_camera) StdoutLine: {'line': b'-- Found orbbec_camera_msgs: 2.9.3 (/home/sophie/isaac_lab/isaac_ws/rl_code/soarm100sim/third_party/orbbec_293_ws/install/orbbec_camera_msgs/share/orbbec_camera_msgs/cmake)\n'}
[62.345429] (orbbec_camera) StdoutLine: {'line': b'-- Found std_srvs: 4.9.1 (/opt/ros/humble/share/std_srvs/cmake)\n'}
[62.352071] (orbbec_camera) StdoutLine: {'line': b'-- Found tf2: 0.25.20 (/opt/ros/humble/share/tf2/cmake)\n'}
[62.354973] (orbbec_camera) StdoutLine: {'line': b'-- Found tf2_msgs: 0.25.20 (/opt/ros/humble/share/tf2_msgs/cmake)\n'}
[62.363239] (-) TimerEvent: {}
[62.382539] (orbbec_camera) StdoutLine: {'line': b'-- Found tf2_ros: 0.25.20 (/opt/ros/humble/share/tf2_ros/cmake)\n'}
[62.394723] (orbbec_camera) StdoutLine: {'line': b'-- Found tf2_sensor_msgs: 0.25.20 (/opt/ros/humble/share/tf2_sensor_msgs/cmake)\n'}
[62.400629] (orbbec_camera) StdoutLine: {'line': b'-- Found diagnostic_updater: 4.0.7 (/opt/ros/humble/share/diagnostic_updater/cmake)\n'}
[62.417825] (orbbec_camera) StdoutLine: {'line': b'-- Found PkgConfig: /usr/bin/pkg-config (found version "0.29.2") \n'}
[62.428531] (orbbec_camera) StdoutLine: {'line': b'-- ORRBEC Machine : x86_64\n'}
[62.428619] (orbbec_camera) StdoutLine: {'line': b'\n'}
[62.428650] (orbbec_camera) StdoutLine: {'line': b'-- ORRBEC Machine Bits : 64\n'}
[62.428679] (orbbec_camera) StdoutLine: {'line': b'\n'}
[62.463357] (-) TimerEvent: {}
[62.563520] (-) TimerEvent: {}
[62.563855] (orbbec_camera) StdoutLine: {'line': b'-- Found ament_lint_auto: 0.12.15 (/opt/ros/humble/share/ament_lint_auto/cmake)\n'}
[62.638281] (orbbec_camera) StdoutLine: {'line': b'-- Configuring done\n'}
[62.663602] (-) TimerEvent: {}
[62.763767] (-) TimerEvent: {}
[62.810494] (orbbec_camera) StdoutLine: {'line': b'-- Generating done\n'}
[62.855588] (orbbec_camera) StdoutLine: {'line': b'-- Build files have been written to: /home/sophie/isaac_lab/isaac_ws/rl_code/soarm100sim/third_party/orbbec_293_ws/build/orbbec_camera\n'}
[62.863889] (-) TimerEvent: {}
[62.964034] (-) TimerEvent: {}
[63.064226] (-) TimerEvent: {}
[63.164458] (-) TimerEvent: {}
[63.264683] (-) TimerEvent: {}
[63.364927] (-) TimerEvent: {}
[63.465221] (-) TimerEvent: {}
[63.565478] (-) TimerEvent: {}
[63.665712] (-) TimerEvent: {}
[63.765904] (-) TimerEvent: {}
[63.866091] (-) TimerEvent: {}
[63.966296] (-) TimerEvent: {}
[64.066533] (-) TimerEvent: {}
[64.166772] (-) TimerEvent: {}
[64.267033] (-) TimerEvent: {}
[64.367262] (-) TimerEvent: {}
[64.467524] (-) TimerEvent: {}
[64.567790] (-) TimerEvent: {}
[64.668091] (-) TimerEvent: {}
[64.768265] (-) TimerEvent: {}
[64.868493] (-) TimerEvent: {}
[64.968738] (-) TimerEvent: {}
[65.069025] (-) TimerEvent: {}
[65.169331] (-) TimerEvent: {}
[65.269573] (-) TimerEvent: {}
[65.369869] (-) TimerEvent: {}
[65.470087] (-) TimerEvent: {}
[65.570268] (-) TimerEvent: {}
[65.670451] (-) TimerEvent: {}
[65.770636] (-) TimerEvent: {}
[65.870863] (-) TimerEvent: {}
[65.971067] (-) TimerEvent: {}
[66.071246] (-) TimerEvent: {}
[66.171472] (-) TimerEvent: {}
[66.271710] (-) TimerEvent: {}
[66.371934] (-) TimerEvent: {}
[66.472153] (-) TimerEvent: {}
[66.572354] (-) TimerEvent: {}
[66.672555] (-) TimerEvent: {}
[66.772781] (-) TimerEvent: {}
[66.873097] (-) TimerEvent: {}
[66.973312] (-) TimerEvent: {}
[67.073529] (-) TimerEvent: {}
[67.173766] (-) TimerEvent: {}
[67.274044] (-) TimerEvent: {}
[67.374250] (-) TimerEvent: {}
[67.474490] (-) TimerEvent: {}
[67.574736] (-) TimerEvent: {}
[67.675025] (-) TimerEvent: {}
[67.775226] (-) TimerEvent: {}
[67.875504] (-) TimerEvent: {}
[67.975761] (-) TimerEvent: {}
[68.076035] (-) TimerEvent: {}
[68.176237] (-) TimerEvent: {}
[68.276458] (-) TimerEvent: {}
[68.376712] (-) TimerEvent: {}
[68.477059] (-) TimerEvent: {}
[68.577303] (-) TimerEvent: {}
[68.677533] (-) TimerEvent: {}
[68.777944] (-) TimerEvent: {}
[68.878285] (-) TimerEvent: {}
[68.978630] (-) TimerEvent: {}
[69.078982] (-) TimerEvent: {}
[69.179306] (-) TimerEvent: {}
[69.279636] (-) TimerEvent: {}
[69.379914] (-) TimerEvent: {}
[69.480706] (-) TimerEvent: {}
[69.581111] (-) TimerEvent: {}
[69.681365] (-) TimerEvent: {}
[69.781585] (-) TimerEvent: {}
[69.881902] (-) TimerEvent: {}
[69.982213] (-) TimerEvent: {}
[70.082531] (-) TimerEvent: {}
[70.182858] (-) TimerEvent: {}
[70.283225] (-) TimerEvent: {}
[70.383483] (-) TimerEvent: {}
[70.483768] (-) TimerEvent: {}
[70.584205] (-) TimerEvent: {}
[70.684457] (-) TimerEvent: {}
[70.784730] (-) TimerEvent: {}
[70.885298] (-) TimerEvent: {}
[70.985652] (-) TimerEvent: {}
[71.086123] (-) TimerEvent: {}
[71.186436] (-) TimerEvent: {}
[71.286773] (-) TimerEvent: {}
[71.387172] (-) TimerEvent: {}
[71.487420] (-) TimerEvent: {}
[71.587643] (-) TimerEvent: {}
[71.687838] (-) TimerEvent: {}
[71.788117] (-) TimerEvent: {}
[71.888336] (-) TimerEvent: {}
[71.988604] (-) TimerEvent: {}
[72.088880] (-) TimerEvent: {}
[72.189093] (-) TimerEvent: {}
[72.289337] (-) TimerEvent: {}
[72.389597] (-) TimerEvent: {}
[72.490003] (-) TimerEvent: {}
[72.590236] (-) TimerEvent: {}
[72.690484] (-) TimerEvent: {}
[72.790707] (-) TimerEvent: {}
[72.890981] (-) TimerEvent: {}
[72.991245] (-) TimerEvent: {}
[73.091525] (-) TimerEvent: {}
[73.191863] (-) TimerEvent: {}
[73.292105] (-) TimerEvent: {}
[73.392328] (-) TimerEvent: {}
[73.492547] (-) TimerEvent: {}
[73.592854] (-) TimerEvent: {}
[73.693058] (-) TimerEvent: {}
[73.793248] (-) TimerEvent: {}
[73.893552] (-) TimerEvent: {}
[73.993892] (-) TimerEvent: {}
[74.094279] (-) TimerEvent: {}
[74.194626] (-) TimerEvent: {}
[74.294984] (-) TimerEvent: {}
[74.395231] (-) TimerEvent: {}
[74.495565] (-) TimerEvent: {}
[74.595898] (-) TimerEvent: {}
[74.696152] (-) TimerEvent: {}
[74.796363] (-) TimerEvent: {}
[74.896645] (-) TimerEvent: {}
[74.996966] (-) TimerEvent: {}
[75.097297] (-) TimerEvent: {}
[75.197603] (-) TimerEvent: {}
[75.298026] (-) TimerEvent: {}
[75.398306] (-) TimerEvent: {}
[75.498527] (-) TimerEvent: {}
[75.598776] (-) TimerEvent: {}
[75.699132] (-) TimerEvent: {}
[75.799338] (-) TimerEvent: {}
[75.899540] (-) TimerEvent: {}
[75.999729] (-) TimerEvent: {}
[76.099940] (-) TimerEvent: {}
[76.200173] (-) TimerEvent: {}
[76.300417] (-) TimerEvent: {}
[76.400672] (-) TimerEvent: {}
[76.500910] (-) TimerEvent: {}
[76.601141] (-) TimerEvent: {}
[76.701365] (-) TimerEvent: {}
[76.801565] (-) TimerEvent: {}
[76.901757] (-) TimerEvent: {}
[77.001946] (-) TimerEvent: {}
[77.102090] (-) TimerEvent: {}
[77.202273] (-) TimerEvent: {}
[77.302459] (-) TimerEvent: {}
[77.402703] (-) TimerEvent: {}
[77.502964] (-) TimerEvent: {}
[77.603165] (-) TimerEvent: {}
[77.703327] (-) TimerEvent: {}
[77.803515] (-) TimerEvent: {}
[77.903678] (-) TimerEvent: {}
[78.003866] (-) TimerEvent: {}
[78.104106] (-) TimerEvent: {}
[78.204338] (-) TimerEvent: {}
[78.304525] (-) TimerEvent: {}
[78.404704] (-) TimerEvent: {}
[78.504903] (-) TimerEvent: {}
[78.605174] (-) TimerEvent: {}
[78.705429] (-) TimerEvent: {}
[78.805670] (-) TimerEvent: {}
[78.905933] (-) TimerEvent: {}
[79.006195] (-) TimerEvent: {}
[79.106422] (-) TimerEvent: {}
[79.206667] (-) TimerEvent: {}
[79.306914] (-) TimerEvent: {}
[79.407158] (-) TimerEvent: {}
[79.507366] (-) TimerEvent: {}
[79.607576] (-) TimerEvent: {}
[79.707746] (-) TimerEvent: {}
[79.808075] (-) TimerEvent: {}
[79.908316] (-) TimerEvent: {}
[80.008525] (-) TimerEvent: {}
[80.108776] (-) TimerEvent: {}
[80.209051] (-) TimerEvent: {}
[80.309285] (-) TimerEvent: {}
[80.409519] (-) TimerEvent: {}
[80.509866] (-) TimerEvent: {}
[80.610089] (-) TimerEvent: {}
[80.710315] (-) TimerEvent: {}
[80.810579] (-) TimerEvent: {}
[80.910816] (-) TimerEvent: {}
[81.011077] (-) TimerEvent: {}
[81.111293] (-) TimerEvent: {}
[81.211522] (-) TimerEvent: {}
[81.311764] (-) TimerEvent: {}
[81.411978] (-) TimerEvent: {}
[81.512226] (-) TimerEvent: {}
[81.612565] (-) TimerEvent: {}
[81.712839] (-) TimerEvent: {}
[81.813068] (-) TimerEvent: {}
[81.913256] (-) TimerEvent: {}
[82.013515] (-) TimerEvent: {}
[82.113755] (-) TimerEvent: {}
[82.214035] (-) TimerEvent: {}
[82.314238] (-) TimerEvent: {}
[82.414464] (-) TimerEvent: {}
[82.514721] (-) TimerEvent: {}
[82.614922] (-) TimerEvent: {}
[82.715119] (-) TimerEvent: {}
[82.815319] (-) TimerEvent: {}
[82.915550] (-) TimerEvent: {}
[83.015765] (-) TimerEvent: {}
[83.116015] (-) TimerEvent: {}
[83.216257] (-) TimerEvent: {}
[83.316481] (-) TimerEvent: {}
[83.416690] (-) TimerEvent: {}
[83.516895] (-) TimerEvent: {}
[83.617079] (-) TimerEvent: {}
[83.717281] (-) TimerEvent: {}
[83.817493] (-) TimerEvent: {}
[83.917696] (-) TimerEvent: {}
[84.017922] (-) TimerEvent: {}
[84.118165] (-) TimerEvent: {}
[84.218419] (-) TimerEvent: {}
[84.318621] (-) TimerEvent: {}
[84.418850] (-) TimerEvent: {}
[84.519280] (-) TimerEvent: {}
[84.619531] (-) TimerEvent: {}
[84.719768] (-) TimerEvent: {}
[84.820002] (-) TimerEvent: {}
[84.920197] (-) TimerEvent: {}
[85.020476] (-) TimerEvent: {}
[85.120728] (-) TimerEvent: {}
[85.221035] (-) TimerEvent: {}
[85.321286] (-) TimerEvent: {}
[85.421467] (-) TimerEvent: {}
[85.521695] (-) TimerEvent: {}
[85.621939] (-) TimerEvent: {}
[85.722205] (-) TimerEvent: {}
[85.822465] (-) TimerEvent: {}
[85.922725] (-) TimerEvent: {}
[86.023060] (-) TimerEvent: {}
[86.123322] (-) TimerEvent: {}
[86.223557] (-) TimerEvent: {}
[86.323754] (-) TimerEvent: {}
[86.423978] (-) TimerEvent: {}
[86.524233] (-) TimerEvent: {}
[86.624447] (-) TimerEvent: {}
[86.724683] (-) TimerEvent: {}
[86.824962] (-) TimerEvent: {}
[86.925266] (-) TimerEvent: {}
[87.025538] (-) TimerEvent: {}
[87.125813] (-) TimerEvent: {}
[87.226088] (-) TimerEvent: {}
[87.326315] (-) TimerEvent: {}
[87.426549] (-) TimerEvent: {}
[87.526787] (-) TimerEvent: {}
[87.627148] (-) TimerEvent: {}
[87.727412] (-) TimerEvent: {}
[87.827770] (-) TimerEvent: {}
[87.928048] (-) TimerEvent: {}
[88.028278] (-) TimerEvent: {}
[88.128523] (-) TimerEvent: {}
[88.228725] (-) TimerEvent: {}
[88.328945] (-) TimerEvent: {}
[88.429219] (-) TimerEvent: {}
[88.529456] (-) TimerEvent: {}
[88.629707] (-) TimerEvent: {}
[88.730028] (-) TimerEvent: {}
[88.830282] (-) TimerEvent: {}
[88.930528] (-) TimerEvent: {}
[89.030771] (-) TimerEvent: {}
[89.131015] (-) TimerEvent: {}
[89.231253] (-) TimerEvent: {}
[89.331518] (-) TimerEvent: {}
[89.431756] (-) TimerEvent: {}
[89.532015] (-) TimerEvent: {}
[89.632233] (-) TimerEvent: {}
[89.732459] (-) TimerEvent: {}
[89.832696] (-) TimerEvent: {}
[89.932925] (-) TimerEvent: {}
[90.033155] (-) TimerEvent: {}
[90.133376] (-) TimerEvent: {}
[90.233592] (-) TimerEvent: {}
[90.333821] (-) TimerEvent: {}
[90.434054] (-) TimerEvent: {}
[90.534272] (-) TimerEvent: {}
[90.634505] (-) TimerEvent: {}
[90.734770] (-) TimerEvent: {}
[90.835133] (-) TimerEvent: {}
[90.935348] (-) TimerEvent: {}
[91.035555] (-) TimerEvent: {}
[91.135764] (-) TimerEvent: {}
[91.236003] (-) TimerEvent: {}
[91.306777] (orbbec_camera) CommandEnded: {'returncode': 0}
[91.308882] (orbbec_camera) JobProgress: {'identifier': 'orbbec_camera', 'progress': 'build'}
[91.308945] (orbbec_camera) Command: {'cmd': ['/usr/bin/cmake', '--build', '/home/sophie/isaac_lab/isaac_ws/rl_code/soarm100sim/third_party/orbbec_293_ws/build/orbbec_camera', '--', '-j32', '-l32'], 'cwd': '/home/sophie/isaac_lab/isaac_ws/rl_code/soarm100sim/third_party/orbbec_293_ws/build/orbbec_camera', 'env': OrderedDict([('USER', 'sophie'), ('SHLVL', '0'), ('LD_LIBRARY_PATH', '/home/sophie/isaac_lab/isaac_ws/rl_code/soarm100sim/third_party/orbbec_293_ws/install/orbbec_camera_msgs/lib:/usr/lib/x86_64-linux-gnu/gazebo-11/plugins:/opt/ros/humble/opt/rviz_ogre_vendor/lib:/opt/ros/humble/lib/x86_64-linux-gnu:/opt/ros/humble/lib'), ('HOME', '/home/sophie'), ('ROS_PYTHON_VERSION', '3'), ('ROS_DISTRO', 'humble'), ('_', '/usr/bin/colcon'), ('ROS_VERSION', '2'), ('ROS_LOCALHOST_ONLY', '0'), ('PATH', '/opt/ros/humble/bin:/usr/local/sbin:/usr/local/bin:/usr/sbin:/usr/bin:/sbin:/bin'), ('LANG', 'C.UTF-8'), ('AMENT_PREFIX_PATH', '/home/sophie/isaac_lab/isaac_ws/rl_code/soarm100sim/third_party/orbbec_293_ws/install/orbbec_camera_msgs:/opt/ros/humble'), ('PWD', '/home/sophie/isaac_lab/isaac_ws/rl_code/soarm100sim/third_party/orbbec_293_ws/build/orbbec_camera'), ('PYTHONPATH', '/home/sophie/isaac_lab/isaac_ws/rl_code/soarm100sim/third_party/orbbec_293_ws/install/orbbec_camera_msgs/local/lib/python3.10/dist-packages:/opt/ros/humble/lib/python3.10/site-packages:/opt/ros/humble/local/lib/python3.10/dist-packages'), ('COLCON', '1'), ('CMAKE_PREFIX_PATH', '/home/sophie/isaac_lab/isaac_ws/rl_code/soarm100sim/third_party/orbbec_293_ws/install/orbbec_camera_msgs:/opt/ros/humble')]), 'shell': False}
[91.336141] (-) TimerEvent: {}
[91.376202] (orbbec_camera) StdoutLine: {'line': b'[  2%] Building CXX object CMakeFiles/orbbec_camera_node.dir/rclcpp_components/node_main_orbbec_camera_node.cpp.o\n'}
[91.377346] (orbbec_camera) StdoutLine: {'line': b'[  4%] Building CXX object CMakeFiles/orbbec_camera.dir/src/image_publisher.cpp.o\n'}
[91.377480] (orbbec_camera) StdoutLine: {'line': b'[  6%] Building CXX object CMakeFiles/orbbec_camera.dir/src/dynamic_params.cpp.o\n'}
[91.378073] (orbbec_camera) StdoutLine: {'line': b'[  8%] Building CXX object CMakeFiles/orbbec_camera.dir/src/frame_timestamp_csv_logger.cpp.o\n'}
[91.379697] (orbbec_camera) StdoutLine: {'line': b'[ 10%] Building CXX object CMakeFiles/orbbec_camera.dir/src/ros_param_backend.cpp.o\n'}
[91.380351] (orbbec_camera) StdoutLine: {'line': b'[ 12%] Building CXX object CMakeFiles/orbbec_camera.dir/src/ros_service.cpp.o\n'}
[91.380806] (orbbec_camera) StdoutLine: {'line': b'[ 14%] Building CXX object CMakeFiles/frame_latency_node.dir/rclcpp_components/node_main_frame_latency_node.cpp.o\n'}
[91.380878] (orbbec_camera) StdoutLine: {'line': b'[ 16%] Building CXX object CMakeFiles/multi_save_rgbir_node.dir/rclcpp_components/node_main_multi_save_rgbir_node.cpp.o\n'}
[91.380911] (orbbec_camera) StdoutLine: {'line': b'[ 18%] Building CXX object CMakeFiles/orbbec_camera.dir/src/d2c_viewer.cpp.o\n'}
[91.381183] (orbbec_camera) StdoutLine: {'line': b'[ 20%] Building CXX object CMakeFiles/orbbec_camera.dir/src/ob_camera_node_driver.cpp.o\n'}
[91.381315] (orbbec_camera) StdoutLine: {'line': b'[ 26%] Building CXX object CMakeFiles/frame_latency.dir/tools/frame_latency.cpp.o\n'}
[91.381383] (orbbec_camera) StdoutLine: {'line': b'[ 24%] Building CXX object CMakeFiles/start_benchmark_node.dir/rclcpp_components/node_main_start_benchmark_node.cpp.o\n'}
[91.381545] (orbbec_camera) StdoutLine: {'line': b'[ 26%] Building CXX object CMakeFiles/orbbec_camera.dir/src/ob_camera_node.cpp.o\n'}
[91.381686] (orbbec_camera) StdoutLine: {'line': b'[ 28%] Building CXX object CMakeFiles/orbbec_camera.dir/src/utils.cpp.o\n'}
[91.381752] (orbbec_camera) StdoutLine: {'line': b'[ 30%] Building CXX object CMakeFiles/multi_save_rgbir.dir/tools/multi_save_rgbir.cpp.o\n'}
[91.381930] (orbbec_camera) StdoutLine: {'line': b'[ 32%] Building CXX object CMakeFiles/orbbec_camera.dir/src/ob_lidar_node.cpp.o\n'}
[91.382082] (orbbec_camera) StdoutLine: {'line': b'[ 34%] Building CXX object CMakeFiles/multi_save_rgbir.dir/src/utils.cpp.o\n'}
[91.382424] (orbbec_camera) StdoutLine: {'line': b'[ 38%] Building CXX object CMakeFiles/orbbec_camera.dir/src/synced_imu_publisher.cpp.o\n'}
[91.382479] (orbbec_camera) StdoutLine: {'line': b'[ 38%] Building CXX object CMakeFiles/start_benchmark.dir/tools/start_benchmark.cpp.o\n'}
[91.382667] (orbbec_camera) StdoutLine: {'line': b'[ 40%] Building CXX object CMakeFiles/orbbec_camera.dir/src/jpeg_decoder.cpp.o\n'}
[91.436248] (-) TimerEvent: {}
[91.536430] (-) TimerEvent: {}
[91.636610] (-) TimerEvent: {}
[91.736787] (-) TimerEvent: {}
[91.836986] (-) TimerEvent: {}
[91.937226] (-) TimerEvent: {}
[92.037454] (-) TimerEvent: {}
[92.137645] (-) TimerEvent: {}
[92.237826] (-) TimerEvent: {}
[92.338027] (-) TimerEvent: {}
[92.438226] (-) TimerEvent: {}
[92.538418] (-) TimerEvent: {}
[92.638603] (-) TimerEvent: {}
[92.738797] (-) TimerEvent: {}
[92.838998] (-) TimerEvent: {}
[92.939192] (-) TimerEvent: {}
[93.039386] (-) TimerEvent: {}
[93.139586] (-) TimerEvent: {}
[93.239785] (-) TimerEvent: {}
[93.339999] (-) TimerEvent: {}
[93.440191] (-) TimerEvent: {}
[93.540379] (-) TimerEvent: {}
[93.640572] (-) TimerEvent: {}
[93.740768] (-) TimerEvent: {}
[93.745455] (orbbec_camera) StdoutLine: {'line': b'[ 42%] Linking CXX executable start_benchmark_node\n'}
[93.835419] (orbbec_camera) StdoutLine: {'line': b'[ 42%] Built target start_benchmark_node\n'}
[93.840866] (-) TimerEvent: {}
[93.941051] (-) TimerEvent: {}
[94.041240] (-) TimerEvent: {}
[94.075203] (orbbec_camera) StdoutLine: {'line': b'[ 44%] Linking CXX executable orbbec_camera_node\n'}
[94.141361] (-) TimerEvent: {}
[94.190598] (orbbec_camera) StdoutLine: {'line': b'[ 44%] Built target orbbec_camera_node\n'}
[94.241463] (-) TimerEvent: {}
[94.341679] (-) TimerEvent: {}
[94.414885] (orbbec_camera) StdoutLine: {'line': b'[ 46%] Linking CXX executable frame_latency_node\n'}
[94.441783] (-) TimerEvent: {}
[94.494573] (orbbec_camera) StdoutLine: {'line': b'[ 46%] Built target frame_latency_node\n'}
[94.541897] (-) TimerEvent: {}
[94.642090] (-) TimerEvent: {}
[94.742307] (-) TimerEvent: {}
[94.842497] (-) TimerEvent: {}
[94.863632] (orbbec_camera) StdoutLine: {'line': b'[ 48%] Linking CXX executable multi_save_rgbir_node\n'}
[94.942596] (-) TimerEvent: {}
[94.978721] (orbbec_camera) StdoutLine: {'line': b'[ 48%] Built target multi_save_rgbir_node\n'}
[95.042704] (-) TimerEvent: {}
[95.142901] (-) TimerEvent: {}
[95.243122] (-) TimerEvent: {}
[95.343313] (-) TimerEvent: {}
[95.443498] (-) TimerEvent: {}
[95.543685] (-) TimerEvent: {}
[95.643872] (-) TimerEvent: {}
[95.744083] (-) TimerEvent: {}
[95.844270] (-) TimerEvent: {}
[95.944490] (-) TimerEvent: {}
[96.044702] (-) TimerEvent: {}
[96.144895] (-) TimerEvent: {}
[96.245053] (-) TimerEvent: {}
[96.345250] (-) TimerEvent: {}
[96.445457] (-) TimerEvent: {}
[96.545670] (-) TimerEvent: {}
[96.645851] (-) TimerEvent: {}
[96.746041] (-) TimerEvent: {}
[96.846227] (-) TimerEvent: {}
[96.946440] (-) TimerEvent: {}
[97.046656] (-) TimerEvent: {}
[97.146901] (-) TimerEvent: {}
[97.247064] (-) TimerEvent: {}
[97.347256] (-) TimerEvent: {}
[97.447442] (-) TimerEvent: {}
[97.547627] (-) TimerEvent: {}
[97.647815] (-) TimerEvent: {}
[97.748052] (-) TimerEvent: {}
[97.848244] (-) TimerEvent: {}
[97.948421] (-) TimerEvent: {}
[98.048602] (-) TimerEvent: {}
[98.148794] (-) TimerEvent: {}
[98.248971] (-) TimerEvent: {}
[98.349158] (-) TimerEvent: {}
[98.449332] (-) TimerEvent: {}
[98.549513] (-) TimerEvent: {}
[98.649728] (-) TimerEvent: {}
[98.749911] (-) TimerEvent: {}
[98.850058] (-) TimerEvent: {}
[98.950235] (-) TimerEvent: {}
[99.050419] (-) TimerEvent: {}
[99.150594] (-) TimerEvent: {}
[99.250786] (-) TimerEvent: {}
[99.350969] (-) TimerEvent: {}
[99.451154] (-) TimerEvent: {}
[99.551331] (-) TimerEvent: {}
[99.651510] (-) TimerEvent: {}
[99.751715] (-) TimerEvent: {}
[99.851893] (-) TimerEvent: {}
[99.952070] (-) TimerEvent: {}
[100.052245] (-) TimerEvent: {}
[100.152475] (-) TimerEvent: {}
[100.252654] (-) TimerEvent: {}
[100.352905] (-) TimerEvent: {}
[100.453096] (-) TimerEvent: {}
[100.553314] (-) TimerEvent: {}
[100.653490] (-) TimerEvent: {}
[100.753666] (-) TimerEvent: {}
[100.853916] (-) TimerEvent: {}
[100.954055] (-) TimerEvent: {}
[101.054232] (-) TimerEvent: {}
[101.154410] (-) TimerEvent: {}
[101.254615] (-) TimerEvent: {}
[101.354847] (-) TimerEvent: {}
[101.455042] (-) TimerEvent: {}
[101.555231] (-) TimerEvent: {}
[101.655434] (-) TimerEvent: {}
[101.755622] (-) TimerEvent: {}
[101.855860] (-) TimerEvent: {}
[101.956116] (-) TimerEvent: {}
[102.056305] (-) TimerEvent: {}
[102.156506] (-) TimerEvent: {}
[102.256720] (-) TimerEvent: {}
[102.356927] (-) TimerEvent: {}
[102.457186] (-) TimerEvent: {}
[102.557361] (-) TimerEvent: {}
[102.657531] (-) TimerEvent: {}
[102.757737] (-) TimerEvent: {}
[102.857913] (-) TimerEvent: {}
[102.958090] (-) TimerEvent: {}
[103.058271] (-) TimerEvent: {}
[103.158450] (-) TimerEvent: {}
[103.258621] (-) TimerEvent: {}
[103.358854] (-) TimerEvent: {}
[103.459043] (-) TimerEvent: {}
[103.559225] (-) TimerEvent: {}
[103.659403] (-) TimerEvent: {}
[103.759588] (-) TimerEvent: {}
[103.859777] (-) TimerEvent: {}
[103.960027] (-) TimerEvent: {}
[104.060215] (-) TimerEvent: {}
[104.160388] (-) TimerEvent: {}
[104.260562] (-) TimerEvent: {}
[104.360740] (-) TimerEvent: {}
[104.460954] (-) TimerEvent: {}
[104.561137] (-) TimerEvent: {}
[104.661315] (-) TimerEvent: {}
[104.761494] (-) TimerEvent: {}
[104.861711] (-) TimerEvent: {}
[104.961895] (-) TimerEvent: {}
[105.062093] (-) TimerEvent: {}
[105.162269] (-) TimerEvent: {}
[105.262473] (-) TimerEvent: {}
[105.362718] (-) TimerEvent: {}
[105.462931] (-) TimerEvent: {}
[105.563113] (-) TimerEvent: {}
[105.663295] (-) TimerEvent: {}
[105.763468] (-) TimerEvent: {}
[105.863639] (-) TimerEvent: {}
[105.963849] (-) TimerEvent: {}
[106.064079] (-) TimerEvent: {}
[106.164249] (-) TimerEvent: {}
[106.264420] (-) TimerEvent: {}
[106.364613] (-) TimerEvent: {}
[106.464835] (-) TimerEvent: {}
[106.565065] (-) TimerEvent: {}
[106.665242] (-) TimerEvent: {}
[106.765442] (-) TimerEvent: {}
[106.865645] (-) TimerEvent: {}
[106.965849] (-) TimerEvent: {}
[107.066036] (-) TimerEvent: {}
[107.166210] (-) TimerEvent: {}
[107.266387] (-) TimerEvent: {}
[107.366575] (-) TimerEvent: {}
[107.466774] (-) TimerEvent: {}
[107.567005] (-) TimerEvent: {}
[107.667179] (-) TimerEvent: {}
[107.767348] (-) TimerEvent: {}
[107.786384] (orbbec_camera) StdoutLine: {'line': b'[ 50%] Linking CXX shared library libstart_benchmark.so\n'}
[107.867474] (-) TimerEvent: {}
[107.967685] (-) TimerEvent: {}
[108.000522] (orbbec_camera) StdoutLine: {'line': b'[ 50%] Built target start_benchmark\n'}
[108.067811] (-) TimerEvent: {}
[108.167983] (-) TimerEvent: {}
[108.268162] (-) TimerEvent: {}
[108.368330] (-) TimerEvent: {}
[108.468522] (-) TimerEvent: {}
[108.568690] (-) TimerEvent: {}
[108.668959] (-) TimerEvent: {}
[108.769159] (-) TimerEvent: {}
[108.869330] (-) TimerEvent: {}
[108.969526] (-) TimerEvent: {}
[109.069731] (-) TimerEvent: {}
[109.169969] (-) TimerEvent: {}
[109.270151] (-) TimerEvent: {}
[109.370324] (-) TimerEvent: {}
[109.470519] (-) TimerEvent: {}
[109.570690] (-) TimerEvent: {}
[109.670923] (-) TimerEvent: {}
[109.771101] (-) TimerEvent: {}
[109.871276] (-) TimerEvent: {}
[109.930431] (orbbec_camera) StdoutLine: {'line': b'[ 52%] Linking CXX shared library libmulti_save_rgbir.so\n'}
[109.971393] (-) TimerEvent: {}
[110.071595] (-) TimerEvent: {}
[110.171852] (-) TimerEvent: {}
[110.272062] (-) TimerEvent: {}
[110.372285] (-) TimerEvent: {}
[110.395157] (orbbec_camera) StdoutLine: {'line': b'[ 52%] Built target multi_save_rgbir\n'}
[110.472414] (-) TimerEvent: {}
[110.572609] (-) TimerEvent: {}
[110.672813] (-) TimerEvent: {}
[110.773070] (-) TimerEvent: {}
[110.873233] (-) TimerEvent: {}
[110.973404] (-) TimerEvent: {}
[111.073558] (-) TimerEvent: {}
[111.173706] (-) TimerEvent: {}
[111.273858] (-) TimerEvent: {}
[111.374039] (-) TimerEvent: {}
[111.474219] (-) TimerEvent: {}
[111.574366] (-) TimerEvent: {}
[111.674543] (-) TimerEvent: {}
[111.774713] (-) TimerEvent: {}
[111.874894] (-) TimerEvent: {}
[111.975072] (-) TimerEvent: {}
[112.075215] (-) TimerEvent: {}
[112.175462] (-) TimerEvent: {}
[112.275633] (-) TimerEvent: {}
[112.375790] (-) TimerEvent: {}
[112.475959] (-) TimerEvent: {}
[112.576112] (-) TimerEvent: {}
[112.676254] (-) TimerEvent: {}
[112.776427] (-) TimerEvent: {}
[112.876566] (-) TimerEvent: {}
[112.976743] (-) TimerEvent: {}
[113.076913] (-) TimerEvent: {}
[113.177072] (-) TimerEvent: {}
[113.277319] (-) TimerEvent: {}
[113.377505] (-) TimerEvent: {}
[113.477682] (-) TimerEvent: {}
[113.577870] (-) TimerEvent: {}
[113.678082] (-) TimerEvent: {}
[113.778229] (-) TimerEvent: {}
[113.878383] (-) TimerEvent: {}
[113.978565] (-) TimerEvent: {}
[114.078802] (-) TimerEvent: {}
[114.179106] (-) TimerEvent: {}
[114.279274] (-) TimerEvent: {}
[114.379461] (-) TimerEvent: {}
[114.474404] (orbbec_camera) StdoutLine: {'line': b'[ 54%] Linking CXX shared library libframe_latency.so\n'}
[114.479543] (-) TimerEvent: {}
[114.579746] (-) TimerEvent: {}
[114.679921] (-) TimerEvent: {}
[114.777771] (orbbec_camera) StdoutLine: {'line': b'[ 54%] Built target frame_latency\n'}
[114.780062] (-) TimerEvent: {}
[114.880196] (-) TimerEvent: {}
[114.980352] (-) TimerEvent: {}
[115.080541] (-) TimerEvent: {}
[115.180842] (-) TimerEvent: {}
[115.281000] (-) TimerEvent: {}
[115.381163] (-) TimerEvent: {}
[115.481330] (-) TimerEvent: {}
[115.581497] (-) TimerEvent: {}
[115.681741] (-) TimerEvent: {}
[115.781904] (-) TimerEvent: {}
[115.882094] (-) TimerEvent: {}
[115.982284] (-) TimerEvent: {}
[116.082464] (-) TimerEvent: {}
[116.182648] (-) TimerEvent: {}
[116.282884] (-) TimerEvent: {}
[116.383031] (-) TimerEvent: {}
[116.483184] (-) TimerEvent: {}
[116.583346] (-) TimerEvent: {}
[116.683533] (-) TimerEvent: {}
[116.783720] (-) TimerEvent: {}
[116.883890] (-) TimerEvent: {}
[116.984079] (-) TimerEvent: {}
[117.084223] (-) TimerEvent: {}
[117.184381] (-) TimerEvent: {}
[117.284555] (-) TimerEvent: {}
[117.384698] (-) TimerEvent: {}
[117.484872] (-) TimerEvent: {}
[117.585111] (-) TimerEvent: {}
[117.685262] (-) TimerEvent: {}
[117.785436] (-) TimerEvent: {}
[117.885672] (-) TimerEvent: {}
[117.985851] (-) TimerEvent: {}
[118.086058] (-) TimerEvent: {}
[118.186280] (-) TimerEvent: {}
[118.286468] (-) TimerEvent: {}
[118.386682] (-) TimerEvent: {}
[118.486898] (-) TimerEvent: {}
[118.587096] (-) TimerEvent: {}
[118.687247] (-) TimerEvent: {}
[118.787439] (-) TimerEvent: {}
[118.887619] (-) TimerEvent: {}
[118.987825] (-) TimerEvent: {}
[119.088038] (-) TimerEvent: {}
[119.188181] (-) TimerEvent: {}
[119.288381] (-) TimerEvent: {}
[119.388587] (-) TimerEvent: {}
[119.488809] (-) TimerEvent: {}
[119.589023] (-) TimerEvent: {}
[119.689244] (-) TimerEvent: {}
[119.789413] (-) TimerEvent: {}
[119.889625] (-) TimerEvent: {}
[119.989885] (-) TimerEvent: {}
[120.090097] (-) TimerEvent: {}
[120.190302] (-) TimerEvent: {}
[120.290492] (-) TimerEvent: {}
[120.390655] (-) TimerEvent: {}
[120.490870] (-) TimerEvent: {}
[120.591071] (-) TimerEvent: {}
[120.691289] (-) TimerEvent: {}
[120.791509] (-) TimerEvent: {}
[120.891707] (-) TimerEvent: {}
[120.991899] (-) TimerEvent: {}
[121.092049] (-) TimerEvent: {}
[121.192246] (-) TimerEvent: {}
[121.292422] (-) TimerEvent: {}
[121.392615] (-) TimerEvent: {}
[121.492808] (-) TimerEvent: {}
[121.593013] (-) TimerEvent: {}
[121.693184] (-) TimerEvent: {}
[121.793366] (-) TimerEvent: {}
[121.893552] (-) TimerEvent: {}
[121.993756] (-) TimerEvent: {}
[122.093958] (-) TimerEvent: {}
[122.194119] (-) TimerEvent: {}
[122.294288] (-) TimerEvent: {}
[122.394491] (-) TimerEvent: {}
[122.494659] (-) TimerEvent: {}
[122.594851] (-) TimerEvent: {}
[122.695070] (-) TimerEvent: {}
[122.795237] (-) TimerEvent: {}
[122.895437] (-) TimerEvent: {}
[122.995635] (-) TimerEvent: {}
[123.095882] (-) TimerEvent: {}
[123.196090] (-) TimerEvent: {}
[123.296256] (-) TimerEvent: {}
[123.396427] (-) TimerEvent: {}
[123.496601] (-) TimerEvent: {}
[123.596798] (-) TimerEvent: {}
[123.696963] (-) TimerEvent: {}
[123.797143] (-) TimerEvent: {}
[123.897311] (-) TimerEvent: {}
[123.997499] (-) TimerEvent: {}
[124.097664] (-) TimerEvent: {}
[124.197854] (-) TimerEvent: {}
[124.298013] (-) TimerEvent: {}
[124.398206] (-) TimerEvent: {}
[124.498367] (-) TimerEvent: {}
[124.598501] (-) TimerEvent: {}
[124.698639] (-) TimerEvent: {}
[124.798804] (-) TimerEvent: {}
[124.898953] (-) TimerEvent: {}
[124.999102] (-) TimerEvent: {}
[125.099276] (-) TimerEvent: {}
[125.199475] (-) TimerEvent: {}
[125.299697] (-) TimerEvent: {}
[125.399856] (-) TimerEvent: {}
[125.500046] (-) TimerEvent: {}
[125.600194] (-) TimerEvent: {}
[125.700341] (-) TimerEvent: {}
[125.800513] (-) TimerEvent: {}
[125.900761] (-) TimerEvent: {}
[126.000938] (-) TimerEvent: {}
[126.101040] (-) TimerEvent: {}
[126.201196] (-) TimerEvent: {}
[126.301371] (-) TimerEvent: {}
[126.401541] (-) TimerEvent: {}
[126.501684] (-) TimerEvent: {}
[126.601849] (-) TimerEvent: {}
[126.702030] (-) TimerEvent: {}
[126.802200] (-) TimerEvent: {}
[126.902373] (-) TimerEvent: {}
[127.002544] (-) TimerEvent: {}
[127.040062] (orbbec_camera) StdoutLine: {'line': b'[ 56%] Linking CXX shared library liborbbec_camera.so\n'}
[127.102651] (-) TimerEvent: {}
[127.202905] (-) TimerEvent: {}
[127.303168] (-) TimerEvent: {}
[127.403314] (-) TimerEvent: {}
[127.503481] (-) TimerEvent: {}
[127.539685] (orbbec_camera) StdoutLine: {'line': b'[ 56%] Built target orbbec_camera\n'}
[127.563504] (orbbec_camera) StdoutLine: {'line': b'[ 62%] Building CXX object CMakeFiles/ip_config_tool.dir/tools/ip_config_tool.cpp.o\n'}
[127.563757] (orbbec_camera) StdoutLine: {'line': b'[ 62%] Building CXX object CMakeFiles/list_depth_work_mode_node.dir/tools/list_depth_work_mode.cpp.o\n'}
[127.563872] (orbbec_camera) StdoutLine: {'line': b'[ 62%] Building CXX object CMakeFiles/list_camera_profile_mode_node.dir/tools/list_camera_profile.cpp.o\n'}
[127.564474] (orbbec_camera) StdoutLine: {'line': b'[ 64%] Building CXX object CMakeFiles/topic_statistics_node.dir/tools/topic_statistics.cpp.o\n'}
[127.567451] (orbbec_camera) StdoutLine: {'line': b'[ 68%] Building CXX object CMakeFiles/ob_benchmark_node.dir/tools/ob_benchmark.cpp.o\n'}
[127.567643] (orbbec_camera) StdoutLine: {'line': b'[ 68%] Building CXX object CMakeFiles/firmware_update_tool.dir/tools/firmware_update_tool.cpp.o\n'}
[127.568760] (orbbec_camera) StdoutLine: {'line': b'[ 70%] Building CXX object CMakeFiles/list_devices_node.dir/tools/list_devices_node.cpp.o\n'}
[127.569213] (orbbec_camera) StdoutLine: {'line': b'[ 72%] Building CXX object CMakeFiles/435le_example_node.dir/examples/Gemini_435Le_example_node/camera_example_node.cpp.o\n'}
[127.570169] (orbbec_camera) StdoutLine: {'line': b'[ 76%] Building CXX object CMakeFiles/set_device_ip.dir/tools/ip_config_tool.cpp.o\n'}
[127.570346] (orbbec_camera) StdoutLine: {'line': b'[ 76%] Building CXX object CMakeFiles/service_benchmark_node.dir/scripts/service_benchmark_node.cpp.o\n'}
[127.572402] (orbbec_camera) StdoutLine: {'line': b'[ 78%] Building CXX object CMakeFiles/image_sync_example_node.dir/examples/multi_camera_time_sync/image_sync_example_node.cpp.o\n'}
[127.603638] (-) TimerEvent: {}
[127.703805] (-) TimerEvent: {}
[127.803973] (-) TimerEvent: {}
[127.904160] (-) TimerEvent: {}
[128.004339] (-) TimerEvent: {}
[128.104524] (-) TimerEvent: {}
[128.204708] (-) TimerEvent: {}
[128.304891] (-) TimerEvent: {}
[128.405050] (-) TimerEvent: {}
[128.505223] (-) TimerEvent: {}
[128.605400] (-) TimerEvent: {}
[128.705575] (-) TimerEvent: {}
[128.805753] (-) TimerEvent: {}
[128.905932] (-) TimerEvent: {}
[129.006093] (-) TimerEvent: {}
[129.106265] (-) TimerEvent: {}
[129.206448] (-) TimerEvent: {}
[129.306628] (-) TimerEvent: {}
[129.406811] (-) TimerEvent: {}
[129.506999] (-) TimerEvent: {}
[129.607179] (-) TimerEvent: {}
[129.707399] (-) TimerEvent: {}
[129.807583] (-) TimerEvent: {}
[129.907764] (-) TimerEvent: {}
[130.007945] (-) TimerEvent: {}
[130.108135] (-) TimerEvent: {}
[130.208317] (-) TimerEvent: {}
[130.308498] (-) TimerEvent: {}
[130.408676] (-) TimerEvent: {}
[130.508854] (-) TimerEvent: {}
[130.609048] (-) TimerEvent: {}
[130.709224] (-) TimerEvent: {}
[130.809407] (-) TimerEvent: {}
[130.909610] (-) TimerEvent: {}
[131.009794] (-) TimerEvent: {}
[131.110018] (-) TimerEvent: {}
[131.210200] (-) TimerEvent: {}
[131.310382] (-) TimerEvent: {}
[131.410596] (-) TimerEvent: {}
[131.510803] (-) TimerEvent: {}
[131.611037] (-) TimerEvent: {}
[131.711214] (-) TimerEvent: {}
[131.811389] (-) TimerEvent: {}
[131.911673] (-) TimerEvent: {}
[132.011906] (-) TimerEvent: {}
[132.112134] (-) TimerEvent: {}
[132.184750] (orbbec_camera) StdoutLine: {'line': b'[ 80%] Linking CXX executable firmware_update_tool\n'}
[132.212237] (-) TimerEvent: {}
[132.312435] (-) TimerEvent: {}
[132.412669] (-) TimerEvent: {}
[132.512903] (-) TimerEvent: {}
[132.585155] (orbbec_camera) StdoutLine: {'line': b'[ 80%] Built target firmware_update_tool\n'}
[132.613015] (-) TimerEvent: {}
[132.713200] (-) TimerEvent: {}
[132.813413] (-) TimerEvent: {}
[132.913605] (-) TimerEvent: {}
[133.013793] (-) TimerEvent: {}
[133.043589] (orbbec_camera) StdoutLine: {'line': b'[ 82%] Linking CXX executable list_depth_work_mode_node\n'}
[133.113899] (-) TimerEvent: {}
[133.197061] (orbbec_camera) StdoutLine: {'line': b'[ 82%] Built target list_depth_work_mode_node\n'}
[133.214011] (-) TimerEvent: {}
[133.314185] (-) TimerEvent: {}
[133.414390] (-) TimerEvent: {}
[133.514631] (-) TimerEvent: {}
[133.614819] (-) TimerEvent: {}
[133.715061] (-) TimerEvent: {}
[133.815248] (-) TimerEvent: {}
[133.915470] (-) TimerEvent: {}
[134.015736] (-) TimerEvent: {}
[134.115984] (-) TimerEvent: {}
[134.137752] (orbbec_camera) StdoutLine: {'line': b'[ 84%] Linking CXX executable list_devices_node\n'}
[134.216091] (-) TimerEvent: {}
[134.316268] (-) TimerEvent: {}
[134.344191] (orbbec_camera) StdoutLine: {'line': b'[ 86%] Linking CXX executable list_camera_profile_mode_node\n'}
[134.416374] (-) TimerEvent: {}
[134.516549] (-) TimerEvent: {}
[134.540269] (orbbec_camera) StdoutLine: {'line': b'[ 86%] Built target list_devices_node\n'}
[134.616675] (-) TimerEvent: {}
[134.713657] (orbbec_camera) StdoutLine: {'line': b'[ 86%] Built target list_camera_profile_mode_node\n'}
[134.716773] (-) TimerEvent: {}
[134.817055] (-) TimerEvent: {}
[134.917226] (-) TimerEvent: {}
[135.017423] (-) TimerEvent: {}
[135.117627] (-) TimerEvent: {}
[135.217825] (-) TimerEvent: {}
[135.318048] (-) TimerEvent: {}
[135.320521] (orbbec_camera) StdoutLine: {'line': b'[ 88%] Linking CXX executable ip_config_tool\n'}
[135.418154] (-) TimerEvent: {}
[135.439387] (orbbec_camera) StdoutLine: {'line': b'[ 90%] Linking CXX executable set_device_ip\n'}
[135.518259] (-) TimerEvent: {}
[135.618436] (-) TimerEvent: {}
[135.700934] (orbbec_camera) StdoutLine: {'line': b'[ 90%] Built target ip_config_tool\n'}
[135.718567] (-) TimerEvent: {}
[135.818739] (-) TimerEvent: {}
[135.824857] (orbbec_camera) StdoutLine: {'line': b'[ 90%] Built target set_device_ip\n'}
[135.918892] (-) TimerEvent: {}
[136.019059] (-) TimerEvent: {}
[136.119235] (-) TimerEvent: {}
[136.219416] (-) TimerEvent: {}
[136.319619] (-) TimerEvent: {}
[136.419825] (-) TimerEvent: {}
[136.520046] (-) TimerEvent: {}
[136.609825] (orbbec_camera) StdoutLine: {'line': b'[ 92%] Linking CXX executable ob_benchmark_node\n'}
[136.620143] (-) TimerEvent: {}
[136.720312] (-) TimerEvent: {}
[136.758157] (orbbec_camera) StdoutLine: {'line': b'[ 92%] Built target ob_benchmark_node\n'}
[136.820503] (-) TimerEvent: {}
[136.920684] (-) TimerEvent: {}
[137.020878] (-) TimerEvent: {}
[137.030466] (orbbec_camera) StdoutLine: {'line': b'[ 94%] Linking CXX executable 435le_example_node\n'}
[137.120997] (-) TimerEvent: {}
[137.208850] (orbbec_camera) StdoutLine: {'line': b'[ 94%] Built target 435le_example_node\n'}
[137.221109] (-) TimerEvent: {}
[137.321276] (-) TimerEvent: {}
[137.421468] (-) TimerEvent: {}
[137.521669] (-) TimerEvent: {}
[137.621850] (-) TimerEvent: {}
[137.722040] (-) TimerEvent: {}
[137.822210] (-) TimerEvent: {}
[137.922464] (-) TimerEvent: {}
[137.968716] (orbbec_camera) StdoutLine: {'line': b'[ 96%] Linking CXX executable topic_statistics_node\n'}
[138.022562] (-) TimerEvent: {}
[138.122792] (-) TimerEvent: {}
[138.158842] (orbbec_camera) StdoutLine: {'line': b'[ 96%] Built target topic_statistics_node\n'}
[138.222944] (-) TimerEvent: {}
[138.323171] (-) TimerEvent: {}
[138.423342] (-) TimerEvent: {}
[138.523529] (-) TimerEvent: {}
[138.623759] (-) TimerEvent: {}
[138.724018] (-) TimerEvent: {}
[138.824272] (-) TimerEvent: {}
[138.924446] (-) TimerEvent: {}
[139.024721] (-) TimerEvent: {}
[139.124942] (-) TimerEvent: {}
[139.225217] (-) TimerEvent: {}
[139.325452] (-) TimerEvent: {}
[139.425728] (-) TimerEvent: {}
[139.525998] (-) TimerEvent: {}
[139.626243] (-) TimerEvent: {}
[139.726470] (-) TimerEvent: {}
[139.826698] (-) TimerEvent: {}
[139.926926] (-) TimerEvent: {}
[140.027243] (-) TimerEvent: {}
[140.127443] (-) TimerEvent: {}
[140.227689] (-) TimerEvent: {}
[140.327922] (-) TimerEvent: {}
[140.428159] (-) TimerEvent: {}
[140.528382] (-) TimerEvent: {}
[140.628607] (-) TimerEvent: {}
[140.677094] (orbbec_camera) StdoutLine: {'line': b'[ 98%] Linking CXX executable service_benchmark_node\n'}
[140.728765] (-) TimerEvent: {}
[140.829021] (-) TimerEvent: {}
[140.842092] (orbbec_camera) StdoutLine: {'line': b'[ 98%] Built target service_benchmark_node\n'}
[140.929164] (-) TimerEvent: {}
[141.029326] (-) TimerEvent: {}
[141.129485] (-) TimerEvent: {}
[141.229637] (-) TimerEvent: {}
[141.329763] (-) TimerEvent: {}
[141.429920] (-) TimerEvent: {}
[141.530030] (-) TimerEvent: {}
[141.630165] (-) TimerEvent: {}
[141.730300] (-) TimerEvent: {}
[141.830465] (-) TimerEvent: {}
[141.930624] (-) TimerEvent: {}
[142.030801] (-) TimerEvent: {}
[142.131031] (-) TimerEvent: {}
[142.231175] (-) TimerEvent: {}
[142.331319] (-) TimerEvent: {}
[142.431462] (-) TimerEvent: {}
[142.531637] (-) TimerEvent: {}
[142.631780] (-) TimerEvent: {}
[142.731955] (-) TimerEvent: {}
[142.832103] (-) TimerEvent: {}
[142.932244] (-) TimerEvent: {}
[143.032390] (-) TimerEvent: {}
[143.132574] (-) TimerEvent: {}
[143.232731] (-) TimerEvent: {}
[143.332873] (-) TimerEvent: {}
[143.433055] (-) TimerEvent: {}
[143.533291] (-) TimerEvent: {}
[143.633462] (-) TimerEvent: {}
[143.733630] (-) TimerEvent: {}
[143.833800] (-) TimerEvent: {}
[143.933937] (-) TimerEvent: {}
[144.034028] (-) TimerEvent: {}
[144.134166] (-) TimerEvent: {}
[144.234363] (-) TimerEvent: {}
[144.334576] (-) TimerEvent: {}
[144.434799] (-) TimerEvent: {}
[144.534942] (-) TimerEvent: {}
[144.578959] (orbbec_camera) StdoutLine: {'line': b'[100%] Linking CXX executable image_sync_example_node\n'}
[144.635070] (-) TimerEvent: {}
[144.735217] (-) TimerEvent: {}
[144.835394] (-) TimerEvent: {}
[144.935572] (-) TimerEvent: {}
[144.975237] (orbbec_camera) StdoutLine: {'line': b'[100%] Built target image_sync_example_node\n'}
[144.986532] (orbbec_camera) CommandEnded: {'returncode': 0}
[144.987444] (orbbec_camera) JobProgress: {'identifier': 'orbbec_camera', 'progress': 'install'}
[144.987913] (orbbec_camera) Command: {'cmd': ['/usr/bin/cmake', '--install', '/home/sophie/isaac_lab/isaac_ws/rl_code/soarm100sim/third_party/orbbec_293_ws/build/orbbec_camera'], 'cwd': '/home/sophie/isaac_lab/isaac_ws/rl_code/soarm100sim/third_party/orbbec_293_ws/build/orbbec_camera', 'env': OrderedDict([('USER', 'sophie'), ('SHLVL', '0'), ('LD_LIBRARY_PATH', '/home/sophie/isaac_lab/isaac_ws/rl_code/soarm100sim/third_party/orbbec_293_ws/install/orbbec_camera_msgs/lib:/usr/lib/x86_64-linux-gnu/gazebo-11/plugins:/opt/ros/humble/opt/rviz_ogre_vendor/lib:/opt/ros/humble/lib/x86_64-linux-gnu:/opt/ros/humble/lib'), ('HOME', '/home/sophie'), ('ROS_PYTHON_VERSION', '3'), ('ROS_DISTRO', 'humble'), ('_', '/usr/bin/colcon'), ('ROS_VERSION', '2'), ('ROS_LOCALHOST_ONLY', '0'), ('PATH', '/opt/ros/humble/bin:/usr/local/sbin:/usr/local/bin:/usr/sbin:/usr/bin:/sbin:/bin'), ('LANG', 'C.UTF-8'), ('AMENT_PREFIX_PATH', '/home/sophie/isaac_lab/isaac_ws/rl_code/soarm100sim/third_party/orbbec_293_ws/install/orbbec_camera_msgs:/opt/ros/humble'), ('PWD', '/home/sophie/isaac_lab/isaac_ws/rl_code/soarm100sim/third_party/orbbec_293_ws/build/orbbec_camera'), ('PYTHONPATH', '/home/sophie/isaac_lab/isaac_ws/rl_code/soarm100sim/third_party/orbbec_293_ws/install/orbbec_camera_msgs/local/lib/python3.10/dist-packages:/opt/ros/humble/lib/python3.10/site-packages:/opt/ros/humble/local/lib/python3.10/dist-packages'), ('COLCON', '1'), ('CMAKE_PREFIX_PATH', '/home/sophie/isaac_lab/isaac_ws/rl_code/soarm100sim/third_party/orbbec_293_ws/install/orbbec_camera_msgs:/opt/ros/humble')]), 'shell': False}
[144.997976] (orbbec_camera) StdoutLine: {'line': b'-- Install configuration: "Release"\n'}
[144.998141] (orbbec_camera) StdoutLine: {'line': b'-- Installing: /home/sophie/isaac_lab/isaac_ws/rl_code/soarm100sim/third_party/orbbec_293_ws/install/orbbec_camera/lib/orbbec_camera/orbbec_camera_node\n'}
[144.998347] (orbbec_camera) StdoutLine: {'line': b'-- Set runtime path of "/home/sophie/isaac_lab/isaac_ws/rl_code/soarm100sim/third_party/orbbec_293_ws/install/orbbec_camera/lib/orbbec_camera/orbbec_camera_node" to ":/home/sophie/isaac_lab/isaac_ws/rl_code/soarm100sim/third_party/orbbec_293_ws/src/OrbbecSDK_ROS2/orbbec_camera/SDK/lib/x64"\n'}
[144.998385] (orbbec_camera) StdoutLine: {'line': b'-- Installing: /home/sophie/isaac_lab/isaac_ws/rl_code/soarm100sim/third_party/orbbec_293_ws/install/orbbec_camera/lib/orbbec_camera/common_benchmark_node.py\n'}
[144.998659] (orbbec_camera) StdoutLine: {'line': b'-- Installing: /home/sophie/isaac_lab/isaac_ws/rl_code/soarm100sim/third_party/orbbec_293_ws/install/orbbec_camera/lib/orbbec_camera/service_benchmark_node.py\n'}
[144.998885] (orbbec_camera) StdoutLine: {'line': b'-- Installing: /home/sophie/isaac_lab/isaac_ws/rl_code/soarm100sim/third_party/orbbec_293_ws/install/orbbec_camera/lib/orbbec_camera/frame_latency_node\n'}
[144.999182] (orbbec_camera) StdoutLine: {'line': b'-- Set runtime path of "/home/sophie/isaac_lab/isaac_ws/rl_code/soarm100sim/third_party/orbbec_293_ws/install/orbbec_camera/lib/orbbec_camera/frame_latency_node" to ":/home/sophie/isaac_lab/isaac_ws/rl_code/soarm100sim/third_party/orbbec_293_ws/src/OrbbecSDK_ROS2/orbbec_camera/SDK/lib/x64"\n'}
[144.999215] (orbbec_camera) StdoutLine: {'line': b'-- Installing: /home/sophie/isaac_lab/isaac_ws/rl_code/soarm100sim/third_party/orbbec_293_ws/install/orbbec_camera/lib/orbbec_camera/start_benchmark_node\n'}
[144.999280] (orbbec_camera) StdoutLine: {'line': b'-- Set runtime path of "/home/sophie/isaac_lab/isaac_ws/rl_code/soarm100sim/third_party/orbbec_293_ws/install/orbbec_camera/lib/orbbec_camera/start_benchmark_node" to ":/home/sophie/isaac_lab/isaac_ws/rl_code/soarm100sim/third_party/orbbec_293_ws/src/OrbbecSDK_ROS2/orbbec_camera/SDK/lib/x64"\n'}
[144.999309] (orbbec_camera) StdoutLine: {'line': b'-- Installing: /home/sophie/isaac_lab/isaac_ws/rl_code/soarm100sim/third_party/orbbec_293_ws/install/orbbec_camera/lib/orbbec_camera/multi_save_rgbir_node\n'}
[144.999384] (orbbec_camera) StdoutLine: {'line': b'-- Set runtime path of "/home/sophie/isaac_lab/isaac_ws/rl_code/soarm100sim/third_party/orbbec_293_ws/install/orbbec_camera/lib/orbbec_camera/multi_save_rgbir_node" to ":/home/sophie/isaac_lab/isaac_ws/rl_code/soarm100sim/third_party/orbbec_293_ws/src/OrbbecSDK_ROS2/orbbec_camera/SDK/lib/x64"\n'}
[144.999412] (orbbec_camera) StdoutLine: {'line': b'-- Installing: /home/sophie/isaac_lab/isaac_ws/rl_code/soarm100sim/third_party/orbbec_293_ws/install/orbbec_camera/lib/liborbbec_camera.so\n'}
[145.004576] (orbbec_camera) StdoutLine: {'line': b'-- Set runtime path of "/home/sophie/isaac_lab/isaac_ws/rl_code/soarm100sim/third_party/orbbec_293_ws/install/orbbec_camera/lib/liborbbec_camera.so" to ":/home/sophie/isaac_lab/isaac_ws/rl_code/soarm100sim/third_party/orbbec_293_ws/src/OrbbecSDK_ROS2/orbbec_camera/SDK/lib/x64"\n'}
[145.004629] (orbbec_camera) StdoutLine: {'line': b'-- Installing: /home/sophie/isaac_lab/isaac_ws/rl_code/soarm100sim/third_party/orbbec_293_ws/install/orbbec_camera/lib/libframe_latency.so\n'}
[145.007596] (orbbec_camera) StdoutLine: {'line': b'-- Set runtime path of "/home/sophie/isaac_lab/isaac_ws/rl_code/soarm100sim/third_party/orbbec_293_ws/install/orbbec_camera/lib/libframe_latency.so" to ":/home/sophie/isaac_lab/isaac_ws/rl_code/soarm100sim/third_party/orbbec_293_ws/src/OrbbecSDK_ROS2/orbbec_camera/SDK/lib/x64"\n'}
[145.007651] (orbbec_camera) StdoutLine: {'line': b'-- Installing: /home/sophie/isaac_lab/isaac_ws/rl_code/soarm100sim/third_party/orbbec_293_ws/install/orbbec_camera/lib/libstart_benchmark.so\n'}
[145.008631] (orbbec_camera) StdoutLine: {'line': b'-- Set runtime path of "/home/sophie/isaac_lab/isaac_ws/rl_code/soarm100sim/third_party/orbbec_293_ws/install/orbbec_camera/lib/libstart_benchmark.so" to ":/home/sophie/isaac_lab/isaac_ws/rl_code/soarm100sim/third_party/orbbec_293_ws/src/OrbbecSDK_ROS2/orbbec_camera/SDK/lib/x64"\n'}
[145.008676] (orbbec_camera) StdoutLine: {'line': b'-- Installing: /home/sophie/isaac_lab/isaac_ws/rl_code/soarm100sim/third_party/orbbec_293_ws/install/orbbec_camera/lib/libmulti_save_rgbir.so\n'}
[145.009799] (orbbec_camera) StdoutLine: {'line': b'-- Set runtime path of "/home/sophie/isaac_lab/isaac_ws/rl_code/soarm100sim/third_party/orbbec_293_ws/install/orbbec_camera/lib/libmulti_save_rgbir.so" to ":/home/sophie/isaac_lab/isaac_ws/rl_code/soarm100sim/third_party/orbbec_293_ws/src/OrbbecSDK_ROS2/orbbec_camera/SDK/lib/x64"\n'}
[145.009884] (orbbec_camera) StdoutLine: {'line': b'-- Installing: /home/sophie/isaac_lab/isaac_ws/rl_code/soarm100sim/third_party/orbbec_293_ws/install/orbbec_camera/include\n'}
[145.009960] (orbbec_camera) StdoutLine: {'line': b'-- Installing: /home/sophie/isaac_lab/isaac_ws/rl_code/soarm100sim/third_party/orbbec_293_ws/install/orbbec_camera/include/orbbec_camera\n'}
[145.009994] (orbbec_camera) StdoutLine: {'line': b'-- Installing: /home/sophie/isaac_lab/isaac_ws/rl_code/soarm100sim/third_party/orbbec_293_ws/install/orbbec_camera/include/orbbec_camera/frame_timestamp_csv_logger.h\n'}
[145.010026] (orbbec_camera) StdoutLine: {'line': b'-- Installing: /home/sophie/isaac_lab/isaac_ws/rl_code/soarm100sim/third_party/orbbec_293_ws/install/orbbec_camera/include/orbbec_camera/dynamic_params.h\n'}
[145.010074] (orbbec_camera) StdoutLine: {'line': b'-- Installing: /home/sophie/isaac_lab/isaac_ws/rl_code/soarm100sim/third_party/orbbec_293_ws/install/orbbec_camera/include/orbbec_camera/ob_camera_node_driver.h\n'}
[145.010142] (orbbec_camera) StdoutLine: {'line': b'-- Installing: /home/sophie/isaac_lab/isaac_ws/rl_code/soarm100sim/third_party/orbbec_293_ws/install/orbbec_camera/include/orbbec_camera/jpeg_decoder.h\n'}
[145.010167] (orbbec_camera) StdoutLine: {'line': b'-- Installing: /home/sophie/isaac_lab/isaac_ws/rl_code/soarm100sim/third_party/orbbec_293_ws/install/orbbec_camera/include/orbbec_camera/ob_lidar_node.h\n'}
[145.010192] (orbbec_camera) StdoutLine: {'line': b'-- Installing: /home/sophie/isaac_lab/isaac_ws/rl_code/soarm100sim/third_party/orbbec_293_ws/install/orbbec_camera/include/orbbec_camera/synced_imu_publisher.h\n'}
[145.010352] (orbbec_camera) StdoutLine: {'line': b'-- Installing: /home/sophie/isaac_lab/isaac_ws/rl_code/soarm100sim/third_party/orbbec_293_ws/install/orbbec_camera/include/orbbec_camera/fps_counter.hpp\n'}
[145.010411] (orbbec_camera) StdoutLine: {'line': b'-- Installing: /home/sophie/isaac_lab/isaac_ws/rl_code/soarm100sim/third_party/orbbec_293_ws/install/orbbec_camera/include/orbbec_camera/jetson_nv_decoder.h\n'}
[145.010591] (orbbec_camera) StdoutLine: {'line': b'-- Installing: /home/sophie/isaac_lab/isaac_ws/rl_code/soarm100sim/third_party/orbbec_293_ws/install/orbbec_camera/include/orbbec_camera/image_publisher.h\n'}
[145.010646] (orbbec_camera) StdoutLine: {'line': b'-- Installing: /home/sophie/isaac_lab/isaac_ws/rl_code/soarm100sim/third_party/orbbec_293_ws/install/orbbec_camera/include/orbbec_camera/utils.h\n'}
[145.010700] (orbbec_camera) StdoutLine: {'line': b'-- Installing: /home/sophie/isaac_lab/isaac_ws/rl_code/soarm100sim/third_party/orbbec_293_ws/install/orbbec_camera/include/orbbec_camera/constants.h\n'}
[145.010755] (orbbec_camera) StdoutLine: {'line': b'-- Installing: /home/sophie/isaac_lab/isaac_ws/rl_code/soarm100sim/third_party/orbbec_293_ws/install/orbbec_camera/include/orbbec_camera/rk_mpp_decoder.h\n'}
[145.010864] (orbbec_camera) StdoutLine: {'line': b'-- Installing: /home/sophie/isaac_lab/isaac_ws/rl_code/soarm100sim/third_party/orbbec_293_ws/install/orbbec_camera/include/orbbec_camera/ros_param_backend.h\n'}
[145.010913] (orbbec_camera) StdoutLine: {'line': b'-- Installing: /home/sophie/isaac_lab/isaac_ws/rl_code/soarm100sim/third_party/orbbec_293_ws/install/orbbec_camera/include/orbbec_camera/fps_delay_status.hpp\n'}
[145.010966] (orbbec_camera) StdoutLine: {'line': b'-- Installing: /home/sophie/isaac_lab/isaac_ws/rl_code/soarm100sim/third_party/orbbec_293_ws/install/orbbec_camera/include/orbbec_camera/d2c_viewer.h\n'}
[145.011025] (orbbec_camera) StdoutLine: {'line': b'-- Installing: /home/sophie/isaac_lab/isaac_ws/rl_code/soarm100sim/third_party/orbbec_293_ws/install/orbbec_camera/include/orbbec_camera/ob_camera_node.h\n'}
[145.011088] (orbbec_camera) StdoutLine: {'line': b'-- Installing: /home/sophie/isaac_lab/isaac_ws/rl_code/soarm100sim/third_party/orbbec_293_ws/install/orbbec_camera/include/magic_enum\n'}
[145.011141] (orbbec_camera) StdoutLine: {'line': b'-- Installing: /home/sophie/isaac_lab/isaac_ws/rl_code/soarm100sim/third_party/orbbec_293_ws/install/orbbec_camera/include/magic_enum/magic_enum.hpp\n'}
[145.011243] (orbbec_camera) StdoutLine: {'line': b'-- Installing: /home/sophie/isaac_lab/isaac_ws/rl_code/soarm100sim/third_party/orbbec_293_ws/install/orbbec_camera/share/orbbec_camera//launch\n'}
[145.011333] (orbbec_camera) StdoutLine: {'line': b'-- Installing: /home/sophie/isaac_lab/isaac_ws/rl_code/soarm100sim/third_party/orbbec_293_ws/install/orbbec_camera/share/orbbec_camera//launch/gemini_intra_process_demo_launch.py\n'}
[145.011540] (orbbec_camera) StdoutLine: {'line': b'-- Installing: /home/sophie/isaac_lab/isaac_ws/rl_code/soarm100sim/third_party/orbbec_293_ws/install/orbbec_camera/share/orbbec_camera//launch/dabai_max_pro.launch.py\n'}
[145.011680] (orbbec_camera) StdoutLine: {'line': b'-- Installing: /home/sophie/isaac_lab/isaac_ws/rl_code/soarm100sim/third_party/orbbec_293_ws/install/orbbec_camera/share/orbbec_camera//launch/gemini345_lg.launch.py\n'}
[145.011855] (orbbec_camera) StdoutLine: {'line': b'-- Installing: /home/sophie/isaac_lab/isaac_ws/rl_code/soarm100sim/third_party/orbbec_293_ws/install/orbbec_camera/share/orbbec_camera//launch/gemini_330_series_low_cpu.launch.py\n'}
[145.012370] (orbbec_camera) StdoutLine: {'line': b'-- Installing: /home/sophie/isaac_lab/isaac_ws/rl_code/soarm100sim/third_party/orbbec_293_ws/install/orbbec_camera/share/orbbec_camera//launch/femto.launch.py\n'}
[145.012503] (orbbec_camera) StdoutLine: {'line': b'-- Installing: /home/sophie/isaac_lab/isaac_ws/rl_code/soarm100sim/third_party/orbbec_293_ws/install/orbbec_camera/share/orbbec_camera//launch/gemini435_le.launch.py\n'}
[145.012741] (orbbec_camera) StdoutLine: {'line': b'-- Installing: /home/sophie/isaac_lab/isaac_ws/rl_code/soarm100sim/third_party/orbbec_293_ws/install/orbbec_camera/share/orbbec_camera//launch/dabai_dcw2.launch.py\n'}
[145.012866] (orbbec_camera) StdoutLine: {'line': b'-- Installing: /home/sophie/isaac_lab/isaac_ws/rl_code/soarm100sim/third_party/orbbec_293_ws/install/orbbec_camera/share/orbbec_camera//launch/multi_camera.launch.py\n'}
[145.012977] (orbbec_camera) StdoutLine: {'line': b'-- Installing: /home/sophie/isaac_lab/isaac_ws/rl_code/soarm100sim/third_party/orbbec_293_ws/install/orbbec_camera/share/orbbec_camera//launch/gemini345.launch.py\n'}
[145.013189] (orbbec_camera) StdoutLine: {'line': b'-- Installing: /home/sophie/isaac_lab/isaac_ws/rl_code/soarm100sim/third_party/orbbec_293_ws/install/orbbec_camera/share/orbbec_camera//launch/astra2.launch.py\n'}
[145.013352] (orbbec_camera) StdoutLine: {'line': b'-- Installing: /home/sophie/isaac_lab/isaac_ws/rl_code/soarm100sim/third_party/orbbec_293_ws/install/orbbec_camera/share/orbbec_camera//launch/femto_mega.launch.py\n'}
[145.013547] (orbbec_camera) StdoutLine: {'line': b'-- Installing: /home/sophie/isaac_lab/isaac_ws/rl_code/soarm100sim/third_party/orbbec_293_ws/install/orbbec_camera/share/orbbec_camera//launch/gemini_330_series.launch.py\n'}
[145.013828] (orbbec_camera) StdoutLine: {'line': b'-- Installing: /home/sophie/isaac_lab/isaac_ws/rl_code/soarm100sim/third_party/orbbec_293_ws/install/orbbec_camera/share/orbbec_camera//launch/dabai_al.launch.py\n'}
[145.013976] (orbbec_camera) StdoutLine: {'line': b'-- Installing: /home/sophie/isaac_lab/isaac_ws/rl_code/soarm100sim/third_party/orbbec_293_ws/install/orbbec_camera/share/orbbec_camera//launch/astra.launch.py\n'}
[145.014131] (orbbec_camera) StdoutLine: {'line': b'-- Installing: /home/sophie/isaac_lab/isaac_ws/rl_code/soarm100sim/third_party/orbbec_293_ws/install/orbbec_camera/share/orbbec_camera//launch/gemini_330_series_sdk_json.launch.py\n'}
[145.014272] (orbbec_camera) StdoutLine: {'line': b'-- Installing: /home/sophie/isaac_lab/isaac_ws/rl_code/soarm100sim/third_party/orbbec_293_ws/install/orbbec_camera/share/orbbec_camera//launch/gemini2.launch.py\n'}
[145.014410] (orbbec_camera) StdoutLine: {'line': b'-- Installing: /home/sophie/isaac_lab/isaac_ws/rl_code/soarm100sim/third_party/orbbec_293_ws/install/orbbec_camera/share/orbbec_camera//launch/multi_lidar.launch.py\n'}
[145.014561] (orbbec_camera) StdoutLine: {'line': b'-- Installing: /home/sophie/isaac_lab/isaac_ws/rl_code/soarm100sim/third_party/orbbec_293_ws/install/orbbec_camera/share/orbbec_camera//launch/gemini_301_series.launch.py\n'}
[145.014946] (orbbec_camera) StdoutLine: {'line': b'-- Installing: /home/sophie/isaac_lab/isaac_ws/rl_code/soarm100sim/third_party/orbbec_293_ws/install/orbbec_camera/share/orbbec_camera//launch/dabai_a.launch.py\n'}
[145.015049] (orbbec_camera) StdoutLine: {'line': b'-- Installing: /home/sophie/isaac_lab/isaac_ws/rl_code/soarm100sim/third_party/orbbec_293_ws/install/orbbec_camera/share/orbbec_camera//launch/femto_bolt.launch.py\n'}
[145.015190] (orbbec_camera) StdoutLine: {'line': b'-- Installing: /home/sophie/isaac_lab/isaac_ws/rl_code/soarm100sim/third_party/orbbec_293_ws/install/orbbec_camera/share/orbbec_camera//launch/multi_camera_synced.launch.py\n'}
[145.015355] (orbbec_camera) StdoutLine: {'line': b'-- Installing: /home/sophie/isaac_lab/isaac_ws/rl_code/soarm100sim/third_party/orbbec_293_ws/install/orbbec_camera/share/orbbec_camera//launch/utils_yaml.py\n'}
[145.015471] (orbbec_camera) StdoutLine: {'line': b'-- Installing: /home/sophie/isaac_lab/isaac_ws/rl_code/soarm100sim/third_party/orbbec_293_ws/install/orbbec_camera/share/orbbec_camera//launch/gemini2L.launch.py\n'}
[145.015677] (orbbec_camera) StdoutLine: {'line': b'-- Installing: /home/sophie/isaac_lab/isaac_ws/rl_code/soarm100sim/third_party/orbbec_293_ws/install/orbbec_camera/share/orbbec_camera//launch/lidar.launch.py\n'}
[145.015822] (orbbec_camera) StdoutLine: {'line': b'-- Installing: /home/sophie/isaac_lab/isaac_ws/rl_code/soarm100sim/third_party/orbbec_293_ws/install/orbbec_camera/share/orbbec_camera//launch/gemini210.launch.py\n'}
[145.016094] (orbbec_camera) StdoutLine: {'line': b'-- Installing: /home/sophie/isaac_lab/isaac_ws/rl_code/soarm100sim/third_party/orbbec_293_ws/install/orbbec_camera/share/orbbec_camera//config\n'}
[145.016154] (orbbec_camera) StdoutLine: {'line': b'-- Installing: /home/sophie/isaac_lab/isaac_ws/rl_code/soarm100sim/third_party/orbbec_293_ws/install/orbbec_camera/share/orbbec_camera//config/camera_secondary_params.yaml\n'}
[145.016332] (orbbec_camera) StdoutLine: {'line': b'-- Installing: /home/sophie/isaac_lab/isaac_ws/rl_code/soarm100sim/third_party/orbbec_293_ws/install/orbbec_camera/share/orbbec_camera//config/depthfilter\n'}
[145.016387] (orbbec_camera) StdoutLine: {'line': b'-- Installing: /home/sophie/isaac_lab/isaac_ws/rl_code/soarm100sim/third_party/orbbec_293_ws/install/orbbec_camera/share/orbbec_camera//config/depthfilter/Gemini2_v1.7.json\n'}
[145.016499] (orbbec_camera) StdoutLine: {'line': b'-- Installing: /home/sophie/isaac_lab/isaac_ws/rl_code/soarm100sim/third_party/orbbec_293_ws/install/orbbec_camera/share/orbbec_camera//config/depthfilter/Openni_device.json\n'}
[145.016605] (orbbec_camera) StdoutLine: {'line': b'-- Installing: /home/sophie/isaac_lab/isaac_ws/rl_code/soarm100sim/third_party/orbbec_293_ws/install/orbbec_camera/share/orbbec_camera//config/tools\n'}
[145.016675] (orbbec_camera) StdoutLine: {'line': b'-- Installing: /home/sophie/isaac_lab/isaac_ws/rl_code/soarm100sim/third_party/orbbec_293_ws/install/orbbec_camera/share/orbbec_camera//config/tools/startbenchmark\n'}
[145.016708] (orbbec_camera) StdoutLine: {'line': b'-- Installing: /home/sophie/isaac_lab/isaac_ws/rl_code/soarm100sim/third_party/orbbec_293_ws/install/orbbec_camera/share/orbbec_camera//config/tools/startbenchmark/start_benchmark_params.json\n'}
[145.016780] (orbbec_camera) StdoutLine: {'line': b'-- Installing: /home/sophie/isaac_lab/isaac_ws/rl_code/soarm100sim/third_party/orbbec_293_ws/install/orbbec_camera/share/orbbec_camera//config/tools/multisavergbir\n'}
[145.016835] (orbbec_camera) StdoutLine: {'line': b'-- Installing: /home/sophie/isaac_lab/isaac_ws/rl_code/soarm100sim/third_party/orbbec_293_ws/install/orbbec_camera/share/orbbec_camera//config/tools/multisavergbir/multi_save_rgbir_params.json\n'}
[145.016936] (orbbec_camera) StdoutLine: {'line': b'-- Installing: /home/sophie/isaac_lab/isaac_ws/rl_code/soarm100sim/third_party/orbbec_293_ws/install/orbbec_camera/share/orbbec_camera//config/gemini305_dual_color.yaml\n'}
[145.017038] (orbbec_camera) StdoutLine: {'line': b'-- Installing: /home/sophie/isaac_lab/isaac_ws/rl_code/soarm100sim/third_party/orbbec_293_ws/install/orbbec_camera/share/orbbec_camera//config/.gitkeep\n'}
[145.017096] (orbbec_camera) StdoutLine: {'line': b'-- Installing: /home/sophie/isaac_lab/isaac_ws/rl_code/soarm100sim/third_party/orbbec_293_ws/install/orbbec_camera/share/orbbec_camera//config/camera_params.yaml\n'}
[145.017188] (orbbec_camera) StdoutLine: {'line': b'-- Installing: /home/sophie/isaac_lab/isaac_ws/rl_code/soarm100sim/third_party/orbbec_293_ws/install/orbbec_camera/share/orbbec_camera//config/OrbbecSDKConfig_v2.0.xml\n'}
[145.017946] (orbbec_camera) StdoutLine: {'line': b'-- Installing: /home/sophie/isaac_lab/isaac_ws/rl_code/soarm100sim/third_party/orbbec_293_ws/install/orbbec_camera/share/orbbec_camera//config/gemini2L_dual_ir.yaml\n'}
[145.018032] (orbbec_camera) StdoutLine: {'line': b'-- Installing: /home/sophie/isaac_lab/isaac_ws/rl_code/soarm100sim/third_party/orbbec_293_ws/install/orbbec_camera/share/orbbec_camera//examples\n'}
[145.018094] (orbbec_camera) StdoutLine: {'line': b'-- Installing: /home/sophie/isaac_lab/isaac_ws/rl_code/soarm100sim/third_party/orbbec_293_ws/install/orbbec_camera/share/orbbec_camera//examples/README.MD\n'}
[145.018216] (orbbec_camera) StdoutLine: {'line': b'-- Installing: /home/sophie/isaac_lab/isaac_ws/rl_code/soarm100sim/third_party/orbbec_293_ws/install/orbbec_camera/share/orbbec_camera//examples/multi_camera_synced_verification_tool\n'}
[145.018273] (orbbec_camera) StdoutLine: {'line': b'-- Installing: /home/sophie/isaac_lab/isaac_ws/rl_code/soarm100sim/third_party/orbbec_293_ws/install/orbbec_camera/share/orbbec_camera//examples/multi_camera_synced_verification_tool/gemini_synced_verify.launch.py\n'}
[145.018447] (orbbec_camera) StdoutLine: {'line': b'-- Installing: /home/sophie/isaac_lab/isaac_ws/rl_code/soarm100sim/third_party/orbbec_293_ws/install/orbbec_camera/share/orbbec_camera//examples/multi_camera_synced_verification_tool/multicamera_sync\n'}
[145.018514] (orbbec_camera) StdoutLine: {'line': b'-- Installing: /home/sophie/isaac_lab/isaac_ws/rl_code/soarm100sim/third_party/orbbec_293_ws/install/orbbec_camera/share/orbbec_camera//examples/multi_camera_synced_verification_tool/multicamera_sync/Python\n'}
[145.018542] (orbbec_camera) StdoutLine: {'line': b'-- Installing: /home/sophie/isaac_lab/isaac_ws/rl_code/soarm100sim/third_party/orbbec_293_ws/install/orbbec_camera/share/orbbec_camera//examples/multi_camera_synced_verification_tool/multicamera_sync/Python/README.md\n'}
[145.018664] (orbbec_camera) StdoutLine: {'line': b'-- Installing: /home/sophie/isaac_lab/isaac_ws/rl_code/soarm100sim/third_party/orbbec_293_ws/install/orbbec_camera/share/orbbec_camera//examples/multi_camera_synced_verification_tool/multicamera_sync/Python/SyncFramesMain.py\n'}
[145.018805] (orbbec_camera) StdoutLine: {'line': b'-- Installing: /home/sophie/isaac_lab/isaac_ws/rl_code/soarm100sim/third_party/orbbec_293_ws/install/orbbec_camera/share/orbbec_camera//examples/multi_camera_synced_verification_tool/multicamera_sync/Python/Config.ini\n'}
[145.018923] (orbbec_camera) StdoutLine: {'line': b'-- Installing: /home/sophie/isaac_lab/isaac_ws/rl_code/soarm100sim/third_party/orbbec_293_ws/install/orbbec_camera/share/orbbec_camera//examples/multi_camera_synced_verification_tool/multicamera_sync/Python/script\n'}
[145.018978] (orbbec_camera) StdoutLine: {'line': b'-- Installing: /home/sophie/isaac_lab/isaac_ws/rl_code/soarm100sim/third_party/orbbec_293_ws/install/orbbec_camera/share/orbbec_camera//examples/multi_camera_synced_verification_tool/multicamera_sync/Python/script/config_frameMatch-Astra2_new.py\n'}
[145.019118] (orbbec_camera) StdoutLine: {'line': b'-- Installing: /home/sophie/isaac_lab/isaac_ws/rl_code/soarm100sim/third_party/orbbec_293_ws/install/orbbec_camera/share/orbbec_camera//examples/multi_camera_synced_verification_tool/multicamera_sync/Python/script/config_frameMatch.py\n'}
[145.019378] (orbbec_camera) StdoutLine: {'line': b'-- Installing: /home/sophie/isaac_lab/isaac_ws/rl_code/soarm100sim/third_party/orbbec_293_ws/install/orbbec_camera/share/orbbec_camera//examples/multi_camera_synced_verification_tool/multicamera_sync/Python/script/config_frameMatch_Gemini2VL.py\n'}
[145.019606] (orbbec_camera) StdoutLine: {'line': b'-- Installing: /home/sophie/isaac_lab/isaac_ws/rl_code/soarm100sim/third_party/orbbec_293_ws/install/orbbec_camera/share/orbbec_camera//examples/multi_camera_synced_verification_tool/multicamera_sync/Python/script/config_frameMatch-systemTimestamp.py\n'}
[145.019770] (orbbec_camera) StdoutLine: {'line': b'-- Installing: /home/sophie/isaac_lab/isaac_ws/rl_code/soarm100sim/third_party/orbbec_293_ws/install/orbbec_camera/share/orbbec_camera//examples/multi_camera_synced_verification_tool/multicamera_sync/Python/script/config_frameMatch_g330.py\n'}
[145.020030] (orbbec_camera) StdoutLine: {'line': b'-- Installing: /home/sophie/isaac_lab/isaac_ws/rl_code/soarm100sim/third_party/orbbec_293_ws/install/orbbec_camera/share/orbbec_camera//examples/multi_camera_synced_verification_tool/multicamera_sync/output\n'}
[145.020104] (orbbec_camera) StdoutLine: {'line': b'-- Installing: /home/sophie/isaac_lab/isaac_ws/rl_code/soarm100sim/third_party/orbbec_293_ws/install/orbbec_camera/share/orbbec_camera//examples/multi_camera_synced_verification_tool/multicamera_sync/output/20250218102900\n'}
[145.020133] (orbbec_camera) StdoutLine: {'line': b'-- Installing: /home/sophie/isaac_lab/isaac_ws/rl_code/soarm100sim/third_party/orbbec_293_ws/install/orbbec_camera/share/orbbec_camera//examples/multi_camera_synced_verification_tool/multicamera_sync/output/20250218102900/results-2025-02-25_163648\n'}
[145.020185] (orbbec_camera) StdoutLine: {'line': b'-- Installing: /home/sophie/isaac_lab/isaac_ws/rl_code/soarm100sim/third_party/orbbec_293_ws/install/orbbec_camera/share/orbbec_camera//examples/multi_camera_synced_verification_tool/multicamera_sync/output/20250218102900/results-2025-02-25_163648/frameMatchLog.txt\n'}
[145.020388] (orbbec_camera) StdoutLine: {'line': b'-- Installing: /home/sophie/isaac_lab/isaac_ws/rl_code/soarm100sim/third_party/orbbec_293_ws/install/orbbec_camera/share/orbbec_camera//examples/multi_camera_synced_verification_tool/multicamera_sync/output/20250218102900/results-2025-02-25_163648/matchFrames\n'}
[145.020442] (orbbec_camera) StdoutLine: {'line': b'-- Installing: /home/sophie/isaac_lab/isaac_ws/rl_code/soarm100sim/third_party/orbbec_293_ws/install/orbbec_camera/share/orbbec_camera//examples/multi_camera_synced_verification_tool/multicamera_sync/output/20250218102900/results-2025-02-25_163648/matchFrames/2_color_SNCP1L44P00051_Index1_1739874543460_[0].jpg\n'}
[145.021154] (orbbec_camera) StdoutLine: {'line': b'-- Installing: /home/sophie/isaac_lab/isaac_ws/rl_code/soarm100sim/third_party/orbbec_293_ws/install/orbbec_camera/share/orbbec_camera//examples/multi_camera_synced_verification_tool/multicamera_sync/output/20250218102900/results-2025-02-25_163648/matchFrames/4_ir_left_SNCP1E5420006D_Index0_1739874543361_[1].jpg\n'}
[145.021407] (orbbec_camera) StdoutLine: {'line': b'-- Installing: /home/sophie/isaac_lab/isaac_ws/rl_code/soarm100sim/third_party/orbbec_293_ws/install/orbbec_camera/share/orbbec_camera//examples/multi_camera_synced_verification_tool/multicamera_sync/output/20250218102900/results-2025-02-25_163648/matchFrames/7_ir_left_SNCP1L44P00051_Index1_1739874543427_[0].jpg\n'}
[145.021632] (orbbec_camera) StdoutLine: {'line': b'-- Installing: /home/sophie/isaac_lab/isaac_ws/rl_code/soarm100sim/third_party/orbbec_293_ws/install/orbbec_camera/share/orbbec_camera//examples/multi_camera_synced_verification_tool/multicamera_sync/output/20250218102900/results-2025-02-25_163648/matchFrames/7_ir_left_SNCP1E5420006D_Index0_1739874543427_[0].jpg\n'}
[145.021768] (orbbec_camera) StdoutLine: {'line': b'-- Installing: /home/sophie/isaac_lab/isaac_ws/rl_code/soarm100sim/third_party/orbbec_293_ws/install/orbbec_camera/share/orbbec_camera//examples/multi_camera_synced_verification_tool/multicamera_sync/output/20250218102900/results-2025-02-25_163648/matchFrames/3_ir_left_SNCP1E5420006D_Index0_1739874543260_[0].jpg\n'}
[145.021987] (orbbec_camera) StdoutLine: {'line': b'-- Installing: /home/sophie/isaac_lab/isaac_ws/rl_code/soarm100sim/third_party/orbbec_293_ws/install/orbbec_camera/share/orbbec_camera//examples/multi_camera_synced_verification_tool/multicamera_sync/output/20250218102900/results-2025-02-25_163648/matchFrames/1_ir_left_SNCP1E5420006D_Index0_1739874543494_[0].jpg\n'}
[145.022166] (orbbec_camera) StdoutLine: {'line': b'-- Installing: /home/sophie/isaac_lab/isaac_ws/rl_code/soarm100sim/third_party/orbbec_293_ws/install/orbbec_camera/share/orbbec_camera//examples/multi_camera_synced_verification_tool/multicamera_sync/output/20250218102900/results-2025-02-25_163648/matchFrames/2_ir_left_SNCP1E5420006D_Index0_1739874543461_[1].jpg\n'}
[145.022340] (orbbec_camera) StdoutLine: {'line': b'-- Installing: /home/sophie/isaac_lab/isaac_ws/rl_code/soarm100sim/third_party/orbbec_293_ws/install/orbbec_camera/share/orbbec_camera//examples/multi_camera_synced_verification_tool/multicamera_sync/output/20250218102900/results-2025-02-25_163648/matchFrames/2_ir_left_SNCP1L44P00051_Index1_1739874543460_[0].jpg\n'}
[145.022532] (orbbec_camera) StdoutLine: {'line': b'-- Installing: /home/sophie/isaac_lab/isaac_ws/rl_code/soarm100sim/third_party/orbbec_293_ws/install/orbbec_camera/share/orbbec_camera//examples/multi_camera_synced_verification_tool/multicamera_sync/output/20250218102900/results-2025-02-25_163648/matchFrames/1_color_SNCP1E5420006D_Index0_1739874543494_[0].jpg\n'}
[145.022929] (orbbec_camera) StdoutLine: {'line': b'-- Installing: /home/sophie/isaac_lab/isaac_ws/rl_code/soarm100sim/third_party/orbbec_293_ws/install/orbbec_camera/share/orbbec_camera//examples/multi_camera_synced_verification_tool/multicamera_sync/output/20250218102900/results-2025-02-25_163648/matchFrames/9_ir_left_SNCP1L44P00051_Index1_1739874543394_[1].jpg\n'}
[145.023077] (orbbec_camera) StdoutLine: {'line': b'-- Installing: /home/sophie/isaac_lab/isaac_ws/rl_code/soarm100sim/third_party/orbbec_293_ws/install/orbbec_camera/share/orbbec_camera//examples/multi_camera_synced_verification_tool/multicamera_sync/output/20250218102900/results-2025-02-25_163648/matchFrames/6_ir_left_SNCP1E5420006D_Index0_1739874543561_[1].jpg\n'}
[145.023272] (orbbec_camera) StdoutLine: {'line': b'-- Installing: /home/sophie/isaac_lab/isaac_ws/rl_code/soarm100sim/third_party/orbbec_293_ws/install/orbbec_camera/share/orbbec_camera//examples/multi_camera_synced_verification_tool/multicamera_sync/output/20250218102900/results-2025-02-25_163648/matchFrames/10_ir_left_SNCP1L44P00051_Index1_1739874543227_[0].jpg\n'}
[145.023494] (orbbec_camera) StdoutLine: {'line': b'-- Installing: /home/sophie/isaac_lab/isaac_ws/rl_code/soarm100sim/third_party/orbbec_293_ws/install/orbbec_camera/share/orbbec_camera//examples/multi_camera_synced_verification_tool/multicamera_sync/output/20250218102900/results-2025-02-25_163648/matchFrames/0_color_SNCP1L44P00051_Index1_1739874543527_[0].jpg\n'}
[145.023797] (orbbec_camera) StdoutLine: {'line': b'-- Installing: /home/sophie/isaac_lab/isaac_ws/rl_code/soarm100sim/third_party/orbbec_293_ws/install/orbbec_camera/share/orbbec_camera//examples/multi_camera_synced_verification_tool/multicamera_sync/output/20250218102900/results-2025-02-25_163648/matchFrames/8_color_SNCP1L44P00051_Index1_1739874543293_[0].jpg\n'}
[145.024118] (orbbec_camera) StdoutLine: {'line': b'-- Installing: /home/sophie/isaac_lab/isaac_ws/rl_code/soarm100sim/third_party/orbbec_293_ws/install/orbbec_camera/share/orbbec_camera//examples/multi_camera_synced_verification_tool/multicamera_sync/output/20250218102900/results-2025-02-25_163648/matchFrames/0_ir_left_SNCP1L44P00051_Index1_1739874543527_[0].jpg\n'}
[145.024301] (orbbec_camera) StdoutLine: {'line': b'-- Installing: /home/sophie/isaac_lab/isaac_ws/rl_code/soarm100sim/third_party/orbbec_293_ws/install/orbbec_camera/share/orbbec_camera//examples/multi_camera_synced_verification_tool/multicamera_sync/output/20250218102900/results-2025-02-25_163648/matchFrames/8_color_SNCP1E5420006D_Index0_1739874543294_[1].jpg\n'}
[145.024645] (orbbec_camera) StdoutLine: {'line': b'-- Installing: /home/sophie/isaac_lab/isaac_ws/rl_code/soarm100sim/third_party/orbbec_293_ws/install/orbbec_camera/share/orbbec_camera//examples/multi_camera_synced_verification_tool/multicamera_sync/output/20250218102900/results-2025-02-25_163648/matchFrames/2_color_SNCP1E5420006D_Index0_1739874543461_[1].jpg\n'}
[145.024974] (orbbec_camera) StdoutLine: {'line': b'-- Installing: /home/sophie/isaac_lab/isaac_ws/rl_code/soarm100sim/third_party/orbbec_293_ws/install/orbbec_camera/share/orbbec_camera//examples/multi_camera_synced_verification_tool/multicamera_sync/output/20250218102900/results-2025-02-25_163648/matchFrames/4_ir_left_SNCP1L44P00051_Index1_1739874543360_[0].jpg\n'}
[145.025259] (orbbec_camera) StdoutLine: {'line': b'-- Installing: /home/sophie/isaac_lab/isaac_ws/rl_code/soarm100sim/third_party/orbbec_293_ws/install/orbbec_camera/share/orbbec_camera//examples/multi_camera_synced_verification_tool/multicamera_sync/output/20250218102900/results-2025-02-25_163648/matchFrames/6_color_SNCP1L44P00051_Index1_1739874543560_[0].jpg\n'}
[145.025666] (orbbec_camera) StdoutLine: {'line': b'-- Installing: /home/sophie/isaac_lab/isaac_ws/rl_code/soarm100sim/third_party/orbbec_293_ws/install/orbbec_camera/share/orbbec_camera//examples/multi_camera_synced_verification_tool/multicamera_sync/output/20250218102900/results-2025-02-25_163648/matchFrames/8_ir_left_SNCP1E5420006D_Index0_1739874543294_[1].jpg\n'}
[145.025752] (orbbec_camera) StdoutLine: {'line': b'-- Installing: /home/sophie/isaac_lab/isaac_ws/rl_code/soarm100sim/third_party/orbbec_293_ws/install/orbbec_camera/share/orbbec_camera//examples/multi_camera_synced_verification_tool/multicamera_sync/output/20250218102900/results-2025-02-25_163648/matchFrames/10_color_SNCP1E5420006D_Index0_1739874543227_[0].jpg\n'}
[145.026237] (orbbec_camera) StdoutLine: {'line': b'-- Installing: /home/sophie/isaac_lab/isaac_ws/rl_code/soarm100sim/third_party/orbbec_293_ws/install/orbbec_camera/share/orbbec_camera//examples/multi_camera_synced_verification_tool/multicamera_sync/output/20250218102900/results-2025-02-25_163648/matchFrames/1_color_SNCP1L44P00051_Index1_1739874543494_[0].jpg\n'}
[145.026554] (orbbec_camera) StdoutLine: {'line': b'-- Installing: /home/sophie/isaac_lab/isaac_ws/rl_code/soarm100sim/third_party/orbbec_293_ws/install/orbbec_camera/share/orbbec_camera//examples/multi_camera_synced_verification_tool/multicamera_sync/output/20250218102900/results-2025-02-25_163648/matchFrames/6_ir_left_SNCP1L44P00051_Index1_1739874543560_[0].jpg\n'}
[145.026774] (orbbec_camera) StdoutLine: {'line': b'-- Installing: /home/sophie/isaac_lab/isaac_ws/rl_code/soarm100sim/third_party/orbbec_293_ws/install/orbbec_camera/share/orbbec_camera//examples/multi_camera_synced_verification_tool/multicamera_sync/output/20250218102900/results-2025-02-25_163648/matchFrames/6_color_SNCP1E5420006D_Index0_1739874543561_[1].jpg\n'}
[145.026975] (orbbec_camera) StdoutLine: {'line': b'-- Installing: /home/sophie/isaac_lab/isaac_ws/rl_code/soarm100sim/third_party/orbbec_293_ws/install/orbbec_camera/share/orbbec_camera//examples/multi_camera_synced_verification_tool/multicamera_sync/output/20250218102900/results-2025-02-25_163648/matchFrames/4_color_SNCP1L44P00051_Index1_1739874543360_[0].jpg\n'}
[145.027408] (orbbec_camera) StdoutLine: {'line': b'-- Installing: /home/sophie/isaac_lab/isaac_ws/rl_code/soarm100sim/third_party/orbbec_293_ws/install/orbbec_camera/share/orbbec_camera//examples/multi_camera_synced_verification_tool/multicamera_sync/output/20250218102900/results-2025-02-25_163648/matchFrames/7_color_SNCP1L44P00051_Index1_1739874543427_[0].jpg\n'}
[145.027660] (orbbec_camera) StdoutLine: {'line': b'-- Installing: /home/sophie/isaac_lab/isaac_ws/rl_code/soarm100sim/third_party/orbbec_293_ws/install/orbbec_camera/share/orbbec_camera//examples/multi_camera_synced_verification_tool/multicamera_sync/output/20250218102900/results-2025-02-25_163648/matchFrames/10_color_SNCP1L44P00051_Index1_1739874543227_[0].jpg\n'}
[145.027975] (orbbec_camera) StdoutLine: {'line': b'-- Installing: /home/sophie/isaac_lab/isaac_ws/rl_code/soarm100sim/third_party/orbbec_293_ws/install/orbbec_camera/share/orbbec_camera//examples/multi_camera_synced_verification_tool/multicamera_sync/output/20250218102900/results-2025-02-25_163648/matchFrames/7_color_SNCP1E5420006D_Index0_1739874543427_[0].jpg\n'}
[145.028230] (orbbec_camera) StdoutLine: {'line': b'-- Installing: /home/sophie/isaac_lab/isaac_ws/rl_code/soarm100sim/third_party/orbbec_293_ws/install/orbbec_camera/share/orbbec_camera//examples/multi_camera_synced_verification_tool/multicamera_sync/output/20250218102900/results-2025-02-25_163648/matchFrames/9_color_SNCP1L44P00051_Index1_1739874543393_[0].jpg\n'}
[145.028529] (orbbec_camera) StdoutLine: {'line': b'-- Installing: /home/sophie/isaac_lab/isaac_ws/rl_code/soarm100sim/third_party/orbbec_293_ws/install/orbbec_camera/share/orbbec_camera//examples/multi_camera_synced_verification_tool/multicamera_sync/output/20250218102900/results-2025-02-25_163648/matchFrames/5_ir_left_SNCP1L44P00051_Index1_1739874543327_[0].jpg\n'}
[145.028777] (orbbec_camera) StdoutLine: {'line': b'-- Installing: /home/sophie/isaac_lab/isaac_ws/rl_code/soarm100sim/third_party/orbbec_293_ws/install/orbbec_camera/share/orbbec_camera//examples/multi_camera_synced_verification_tool/multicamera_sync/output/20250218102900/results-2025-02-25_163648/matchFrames/5_color_SNCP1E5420006D_Index0_1739874543327_[0].jpg\n'}
[145.029113] (orbbec_camera) StdoutLine: {'line': b'-- Installing: /home/sophie/isaac_lab/isaac_ws/rl_code/soarm100sim/third_party/orbbec_293_ws/install/orbbec_camera/share/orbbec_camera//examples/multi_camera_synced_verification_tool/multicamera_sync/output/20250218102900/results-2025-02-25_163648/matchFrames/10_ir_left_SNCP1E5420006D_Index0_1739874543227_[0].jpg\n'}
[145.029299] (orbbec_camera) StdoutLine: {'line': b'-- Installing: /home/sophie/isaac_lab/isaac_ws/rl_code/soarm100sim/third_party/orbbec_293_ws/install/orbbec_camera/share/orbbec_camera//examples/multi_camera_synced_verification_tool/multicamera_sync/output/20250218102900/results-2025-02-25_163648/matchFrames/3_color_SNCP1L44P00051_Index1_1739874543260_[0].jpg\n'}
[145.029602] (orbbec_camera) StdoutLine: {'line': b'-- Installing: /home/sophie/isaac_lab/isaac_ws/rl_code/soarm100sim/third_party/orbbec_293_ws/install/orbbec_camera/share/orbbec_camera//examples/multi_camera_synced_verification_tool/multicamera_sync/output/20250218102900/results-2025-02-25_163648/matchFrames/3_color_SNCP1E5420006D_Index0_1739874543260_[0].jpg\n'}
[145.030139] (orbbec_camera) StdoutLine: {'line': b'-- Installing: /home/sophie/isaac_lab/isaac_ws/rl_code/soarm100sim/third_party/orbbec_293_ws/install/orbbec_camera/share/orbbec_camera//examples/multi_camera_synced_verification_tool/multicamera_sync/output/20250218102900/results-2025-02-25_163648/matchFrames/0_ir_left_SNCP1E5420006D_Index0_1739874543527_[0].jpg\n'}
[145.030286] (orbbec_camera) StdoutLine: {'line': b'-- Installing: /home/sophie/isaac_lab/isaac_ws/rl_code/soarm100sim/third_party/orbbec_293_ws/install/orbbec_camera/share/orbbec_camera//examples/multi_camera_synced_verification_tool/multicamera_sync/output/20250218102900/results-2025-02-25_163648/matchFrames/0_color_SNCP1E5420006D_Index0_1739874543527_[0].jpg\n'}
[145.030679] (orbbec_camera) StdoutLine: {'line': b'-- Installing: /home/sophie/isaac_lab/isaac_ws/rl_code/soarm100sim/third_party/orbbec_293_ws/install/orbbec_camera/share/orbbec_camera//examples/multi_camera_synced_verification_tool/multicamera_sync/output/20250218102900/results-2025-02-25_163648/matchFrames/8_ir_left_SNCP1L44P00051_Index1_1739874543294_[1].jpg\n'}
[145.030803] (orbbec_camera) StdoutLine: {'line': b'-- Installing: /home/sophie/isaac_lab/isaac_ws/rl_code/soarm100sim/third_party/orbbec_293_ws/install/orbbec_camera/share/orbbec_camera//examples/multi_camera_synced_verification_tool/multicamera_sync/output/20250218102900/results-2025-02-25_163648/matchFrames/9_ir_left_SNCP1E5420006D_Index0_1739874543394_[1].jpg\n'}
[145.031033] (orbbec_camera) StdoutLine: {'line': b'-- Installing: /home/sophie/isaac_lab/isaac_ws/rl_code/soarm100sim/third_party/orbbec_293_ws/install/orbbec_camera/share/orbbec_camera//examples/multi_camera_synced_verification_tool/multicamera_sync/output/20250218102900/results-2025-02-25_163648/matchFrames/5_color_SNCP1L44P00051_Index1_1739874543327_[0].jpg\n'}
[145.031405] (orbbec_camera) StdoutLine: {'line': b'-- Installing: /home/sophie/isaac_lab/isaac_ws/rl_code/soarm100sim/third_party/orbbec_293_ws/install/orbbec_camera/share/orbbec_camera//examples/multi_camera_synced_verification_tool/multicamera_sync/output/20250218102900/results-2025-02-25_163648/matchFrames/1_ir_left_SNCP1L44P00051_Index1_1739874543494_[0].jpg\n'}
[145.031555] (orbbec_camera) StdoutLine: {'line': b'-- Installing: /home/sophie/isaac_lab/isaac_ws/rl_code/soarm100sim/third_party/orbbec_293_ws/install/orbbec_camera/share/orbbec_camera//examples/multi_camera_synced_verification_tool/multicamera_sync/output/20250218102900/results-2025-02-25_163648/matchFrames/5_ir_left_SNCP1E5420006D_Index0_1739874543327_[0].jpg\n'}
[145.031728] (orbbec_camera) StdoutLine: {'line': b'-- Installing: /home/sophie/isaac_lab/isaac_ws/rl_code/soarm100sim/third_party/orbbec_293_ws/install/orbbec_camera/share/orbbec_camera//examples/multi_camera_synced_verification_tool/multicamera_sync/output/20250218102900/results-2025-02-25_163648/matchFrames/4_color_SNCP1E5420006D_Index0_1739874543360_[0].jpg\n'}
[145.032239] (orbbec_camera) StdoutLine: {'line': b'-- Installing: /home/sophie/isaac_lab/isaac_ws/rl_code/soarm100sim/third_party/orbbec_293_ws/install/orbbec_camera/share/orbbec_camera//examples/multi_camera_synced_verification_tool/multicamera_sync/output/20250218102900/results-2025-02-25_163648/matchFrames/3_ir_left_SNCP1L44P00051_Index1_1739874543260_[0].jpg\n'}
[145.032605] (orbbec_camera) StdoutLine: {'line': b'-- Installing: /home/sophie/isaac_lab/isaac_ws/rl_code/soarm100sim/third_party/orbbec_293_ws/install/orbbec_camera/share/orbbec_camera//examples/multi_camera_synced_verification_tool/multicamera_sync/output/20250218102900/results-2025-02-25_163648/matchFrames/9_color_SNCP1E5420006D_Index0_1739874543394_[1].jpg\n'}
[145.032963] (orbbec_camera) StdoutLine: {'line': b'-- Installing: /home/sophie/isaac_lab/isaac_ws/rl_code/soarm100sim/third_party/orbbec_293_ws/install/orbbec_camera/share/orbbec_camera//examples/multi_camera_synced_verification_tool/multicamera_sync/output/20250218102900/DevicesInfo.txt\n'}
[145.033053] (orbbec_camera) StdoutLine: {'line': b'-- Installing: /home/sophie/isaac_lab/isaac_ws/rl_code/soarm100sim/third_party/orbbec_293_ws/install/orbbec_camera/share/orbbec_camera//examples/multi_camera_synced_verification_tool/multicamera_sync/output/20250218102900/TotalModeFrames\n'}
[145.033107] (orbbec_camera) StdoutLine: {'line': b'-- Installing: /home/sophie/isaac_lab/isaac_ws/rl_code/soarm100sim/third_party/orbbec_293_ws/install/orbbec_camera/share/orbbec_camera//examples/multi_camera_synced_verification_tool/multicamera_sync/output/20250218102900/TotalModeFrames/SNCP1L44P00051_Index1\n'}
[145.033158] (orbbec_camera) StdoutLine: {'line': b'-- Installing: /home/sophie/isaac_lab/isaac_ws/rl_code/soarm100sim/third_party/orbbec_293_ws/install/orbbec_camera/share/orbbec_camera//examples/multi_camera_synced_verification_tool/multicamera_sync/output/20250218102900/TotalModeFrames/SNCP1L44P00051_Index1/ir#left_SNCP1L44P00051_Index1_g1739874543394_f5_s1739874543661_e5000_d16_.jpg\n'}
[145.033326] (orbbec_camera) StdoutLine: {'line': b'-- Installing: /home/sophie/isaac_lab/isaac_ws/rl_code/soarm100sim/third_party/orbbec_293_ws/install/orbbec_camera/share/orbbec_camera//examples/multi_camera_synced_verification_tool/multicamera_sync/output/20250218102900/TotalModeFrames/SNCP1L44P00051_Index1/color_SNCP1L44P00051_Index1_g1739874543360_f4_s1739874543468_e50_d16_.jpg\n'}
[145.033756] (orbbec_camera) StdoutLine: {'line': b'-- Installing: /home/sophie/isaac_lab/isaac_ws/rl_code/soarm100sim/third_party/orbbec_293_ws/install/orbbec_camera/share/orbbec_camera//examples/multi_camera_synced_verification_tool/multicamera_sync/output/20250218102900/TotalModeFrames/SNCP1L44P00051_Index1/ir#left_SNCP1L44P00051_Index1_g1739874543294_f2_s1739874543319_e5000_d16_.jpg\n'}
[145.033928] (orbbec_camera) StdoutLine: {'line': b'-- Installing: /home/sophie/isaac_lab/isaac_ws/rl_code/soarm100sim/third_party/orbbec_293_ws/install/orbbec_camera/share/orbbec_camera//examples/multi_camera_synced_verification_tool/multicamera_sync/output/20250218102900/TotalModeFrames/SNCP1L44P00051_Index1/color_SNCP1L44P00051_Index1_g1739874543227_f0_s1739874543304_e50_d16_.jpg\n'}
[145.034323] (orbbec_camera) StdoutLine: {'line': b'-- Installing: /home/sophie/isaac_lab/isaac_ws/rl_code/soarm100sim/third_party/orbbec_293_ws/install/orbbec_camera/share/orbbec_camera//examples/multi_camera_synced_verification_tool/multicamera_sync/output/20250218102900/TotalModeFrames/SNCP1L44P00051_Index1/color_SNCP1L44P00051_Index1_g1739874543427_f6_s1739874543485_e50_d16_.jpg\n'}
[145.034626] (orbbec_camera) StdoutLine: {'line': b'-- Installing: /home/sophie/isaac_lab/isaac_ws/rl_code/soarm100sim/third_party/orbbec_293_ws/install/orbbec_camera/share/orbbec_camera//examples/multi_camera_synced_verification_tool/multicamera_sync/output/20250218102900/TotalModeFrames/SNCP1L44P00051_Index1/ir#left_SNCP1L44P00051_Index1_g1739874543360_f4_s1739874543460_e5000_d16_.jpg\n'}
[145.034811] (orbbec_camera) StdoutLine: {'line': b'-- Installing: /home/sophie/isaac_lab/isaac_ws/rl_code/soarm100sim/third_party/orbbec_293_ws/install/orbbec_camera/share/orbbec_camera//examples/multi_camera_synced_verification_tool/multicamera_sync/output/20250218102900/TotalModeFrames/SNCP1L44P00051_Index1/ir#left_SNCP1L44P00051_Index1_g1739874543527_f10_s1739874543687_e5000_d16_.jpg\n'}
[145.035023] (orbbec_camera) StdoutLine: {'line': b'-- Installing: /home/sophie/isaac_lab/isaac_ws/rl_code/soarm100sim/third_party/orbbec_293_ws/install/orbbec_camera/share/orbbec_camera//examples/multi_camera_synced_verification_tool/multicamera_sync/output/20250218102900/TotalModeFrames/SNCP1L44P00051_Index1/color_SNCP1L44P00051_Index1_g1739874543460_f7_s1739874543505_e50_d16_.jpg\n'}
[145.035297] (orbbec_camera) StdoutLine: {'line': b'-- Installing: /home/sophie/isaac_lab/isaac_ws/rl_code/soarm100sim/third_party/orbbec_293_ws/install/orbbec_camera/share/orbbec_camera//examples/multi_camera_synced_verification_tool/multicamera_sync/output/20250218102900/TotalModeFrames/SNCP1L44P00051_Index1/ir#left_SNCP1L44P00051_Index1_g1739874543327_f3_s1739874543460_e5000_d16_.jpg\n'}
[145.035502] (orbbec_camera) StdoutLine: {'line': b'-- Installing: /home/sophie/isaac_lab/isaac_ws/rl_code/soarm100sim/third_party/orbbec_293_ws/install/orbbec_camera/share/orbbec_camera//examples/multi_camera_synced_verification_tool/multicamera_sync/output/20250218102900/TotalModeFrames/SNCP1L44P00051_Index1/color_SNCP1L44P00051_Index1_g1739874543393_f5_s1739874543470_e50_d16_.jpg\n'}
[145.035618] (-) TimerEvent: {}
[145.035751] (orbbec_camera) StdoutLine: {'line': b'-- Installing: /home/sophie/isaac_lab/isaac_ws/rl_code/soarm100sim/third_party/orbbec_293_ws/install/orbbec_camera/share/orbbec_camera//examples/multi_camera_synced_verification_tool/multicamera_sync/output/20250218102900/TotalModeFrames/SNCP1L44P00051_Index1/ir#left_SNCP1L44P00051_Index1_g1739874543494_f8_s1739874543687_e5000_d16_.jpg\n'}
[145.035972] (orbbec_camera) StdoutLine: {'line': b'-- Installing: /home/sophie/isaac_lab/isaac_ws/rl_code/soarm100sim/third_party/orbbec_293_ws/install/orbbec_camera/share/orbbec_camera//examples/multi_camera_synced_verification_tool/multicamera_sync/output/20250218102900/TotalModeFrames/SNCP1L44P00051_Index1/color_SNCP1L44P00051_Index1_g1739874543527_f9_s1739874543616_e50_d16_.jpg\n'}
[145.036432] (orbbec_camera) StdoutLine: {'line': b'-- Installing: /home/sophie/isaac_lab/isaac_ws/rl_code/soarm100sim/third_party/orbbec_293_ws/install/orbbec_camera/share/orbbec_camera//examples/multi_camera_synced_verification_tool/multicamera_sync/output/20250218102900/TotalModeFrames/SNCP1L44P00051_Index1/ir#left_SNCP1L44P00051_Index1_g1739874543260_f1_s1739874543294_e5000_d16_.jpg\n'}
[145.036582] (orbbec_camera) StdoutLine: {'line': b'-- Installing: /home/sophie/isaac_lab/isaac_ws/rl_code/soarm100sim/third_party/orbbec_293_ws/install/orbbec_camera/share/orbbec_camera//examples/multi_camera_synced_verification_tool/multicamera_sync/output/20250218102900/TotalModeFrames/SNCP1L44P00051_Index1/ir#left_SNCP1L44P00051_Index1_g1739874543560_f11_s1739874543687_e5000_d16_.jpg\n'}
[145.036768] (orbbec_camera) StdoutLine: {'line': b'-- Installing: /home/sophie/isaac_lab/isaac_ws/rl_code/soarm100sim/third_party/orbbec_293_ws/install/orbbec_camera/share/orbbec_camera//examples/multi_camera_synced_verification_tool/multicamera_sync/output/20250218102900/TotalModeFrames/SNCP1L44P00051_Index1/ir#left_SNCP1L44P00051_Index1_g1739874543227_f0_s1739874543250_e5000_d16_.jpg\n'}
[145.036949] (orbbec_camera) StdoutLine: {'line': b'-- Installing: /home/sophie/isaac_lab/isaac_ws/rl_code/soarm100sim/third_party/orbbec_293_ws/install/orbbec_camera/share/orbbec_camera//examples/multi_camera_synced_verification_tool/multicamera_sync/output/20250218102900/TotalModeFrames/SNCP1L44P00051_Index1/color_SNCP1L44P00051_Index1_g1739874543293_f2_s1739874543446_e50_d16_.jpg\n'}
[145.037334] (orbbec_camera) StdoutLine: {'line': b'-- Installing: /home/sophie/isaac_lab/isaac_ws/rl_code/soarm100sim/third_party/orbbec_293_ws/install/orbbec_camera/share/orbbec_camera//examples/multi_camera_synced_verification_tool/multicamera_sync/output/20250218102900/TotalModeFrames/SNCP1L44P00051_Index1/color_SNCP1L44P00051_Index1_g1739874543327_f3_s1739874543458_e50_d16_.jpg\n'}
[145.037531] (orbbec_camera) StdoutLine: {'line': b'-- Installing: /home/sophie/isaac_lab/isaac_ws/rl_code/soarm100sim/third_party/orbbec_293_ws/install/orbbec_camera/share/orbbec_camera//examples/multi_camera_synced_verification_tool/multicamera_sync/output/20250218102900/TotalModeFrames/SNCP1L44P00051_Index1/color_SNCP1L44P00051_Index1_g1739874543494_f8_s1739874543540_e50_d16_.jpg\n'}
[145.037899] (orbbec_camera) StdoutLine: {'line': b'-- Installing: /home/sophie/isaac_lab/isaac_ws/rl_code/soarm100sim/third_party/orbbec_293_ws/install/orbbec_camera/share/orbbec_camera//examples/multi_camera_synced_verification_tool/multicamera_sync/output/20250218102900/TotalModeFrames/SNCP1L44P00051_Index1/ir#left_SNCP1L44P00051_Index1_g1739874543427_f6_s1739874543684_e5000_d16_.jpg\n'}
[145.038101] (orbbec_camera) StdoutLine: {'line': b'-- Installing: /home/sophie/isaac_lab/isaac_ws/rl_code/soarm100sim/third_party/orbbec_293_ws/install/orbbec_camera/share/orbbec_camera//examples/multi_camera_synced_verification_tool/multicamera_sync/output/20250218102900/TotalModeFrames/SNCP1L44P00051_Index1/ir#left_SNCP1L44P00051_Index1_g1739874543460_f7_s1739874543685_e5000_d16_.jpg\n'}
[145.038235] (orbbec_camera) StdoutLine: {'line': b'-- Installing: /home/sophie/isaac_lab/isaac_ws/rl_code/soarm100sim/third_party/orbbec_293_ws/install/orbbec_camera/share/orbbec_camera//examples/multi_camera_synced_verification_tool/multicamera_sync/output/20250218102900/TotalModeFrames/SNCP1L44P00051_Index1/color_SNCP1L44P00051_Index1_g1739874543560_f10_s1739874543618_e50_d16_.jpg\n'}
[145.038537] (orbbec_camera) StdoutLine: {'line': b'-- Installing: /home/sophie/isaac_lab/isaac_ws/rl_code/soarm100sim/third_party/orbbec_293_ws/install/orbbec_camera/share/orbbec_camera//examples/multi_camera_synced_verification_tool/multicamera_sync/output/20250218102900/TotalModeFrames/SNCP1L44P00051_Index1/color_SNCP1L44P00051_Index1_g1739874543260_f1_s1739874543345_e50_d16_.jpg\n'}
[145.038861] (orbbec_camera) StdoutLine: {'line': b'-- Installing: /home/sophie/isaac_lab/isaac_ws/rl_code/soarm100sim/third_party/orbbec_293_ws/install/orbbec_camera/share/orbbec_camera//examples/multi_camera_synced_verification_tool/multicamera_sync/output/20250218102900/TotalModeFrames/SNCP1E5420006D_Index0\n'}
[145.038963] (orbbec_camera) StdoutLine: {'line': b'-- Installing: /home/sophie/isaac_lab/isaac_ws/rl_code/soarm100sim/third_party/orbbec_293_ws/install/orbbec_camera/share/orbbec_camera//examples/multi_camera_synced_verification_tool/multicamera_sync/output/20250218102900/TotalModeFrames/SNCP1E5420006D_Index0/ir#left_SNCP1E5420006D_Index0_g1739874543394_f5_s1739874543473_e5000_d16_.jpg\n'}
[145.039126] (orbbec_camera) StdoutLine: {'line': b'-- Installing: /home/sophie/isaac_lab/isaac_ws/rl_code/soarm100sim/third_party/orbbec_293_ws/install/orbbec_camera/share/orbbec_camera//examples/multi_camera_synced_verification_tool/multicamera_sync/output/20250218102900/TotalModeFrames/SNCP1E5420006D_Index0/ir#left_SNCP1E5420006D_Index0_g1739874543561_f10_s1739874543628_e5000_d16_.jpg\n'}
[145.039359] (orbbec_camera) StdoutLine: {'line': b'-- Installing: /home/sophie/isaac_lab/isaac_ws/rl_code/soarm100sim/third_party/orbbec_293_ws/install/orbbec_camera/share/orbbec_camera//examples/multi_camera_synced_verification_tool/multicamera_sync/output/20250218102900/TotalModeFrames/SNCP1E5420006D_Index0/color_SNCP1E5420006D_Index0_g1739874543427_f6_s1739874543518_e50_d16_.jpg\n'}
[145.039801] (orbbec_camera) StdoutLine: {'line': b'-- Installing: /home/sophie/isaac_lab/isaac_ws/rl_code/soarm100sim/third_party/orbbec_293_ws/install/orbbec_camera/share/orbbec_camera//examples/multi_camera_synced_verification_tool/multicamera_sync/output/20250218102900/TotalModeFrames/SNCP1E5420006D_Index0/ir#left_SNCP1E5420006D_Index0_g1739874543494_f8_s1739874543528_e5000_d16_.jpg\n'}
[145.040050] (orbbec_camera) StdoutLine: {'line': b'-- Installing: /home/sophie/isaac_lab/isaac_ws/rl_code/soarm100sim/third_party/orbbec_293_ws/install/orbbec_camera/share/orbbec_camera//examples/multi_camera_synced_verification_tool/multicamera_sync/output/20250218102900/TotalModeFrames/SNCP1E5420006D_Index0/color_SNCP1E5420006D_Index0_g1739874543394_f5_s1739874543506_e50_d16_.jpg\n'}
[145.040353] (orbbec_camera) StdoutLine: {'line': b'-- Installing: /home/sophie/isaac_lab/isaac_ws/rl_code/soarm100sim/third_party/orbbec_293_ws/install/orbbec_camera/share/orbbec_camera//examples/multi_camera_synced_verification_tool/multicamera_sync/output/20250218102900/TotalModeFrames/SNCP1E5420006D_Index0/color_SNCP1E5420006D_Index0_g1739874543294_f2_s1739874543359_e50_d16_.jpg\n'}
[145.040667] (orbbec_camera) StdoutLine: {'line': b'-- Installing: /home/sophie/isaac_lab/isaac_ws/rl_code/soarm100sim/third_party/orbbec_293_ws/install/orbbec_camera/share/orbbec_camera//examples/multi_camera_synced_verification_tool/multicamera_sync/output/20250218102900/TotalModeFrames/SNCP1E5420006D_Index0/ir#left_SNCP1E5420006D_Index0_g1739874543427_f6_s1739874543474_e5000_d16_.jpg\n'}
[145.040882] (orbbec_camera) StdoutLine: {'line': b'-- Installing: /home/sophie/isaac_lab/isaac_ws/rl_code/soarm100sim/third_party/orbbec_293_ws/install/orbbec_camera/share/orbbec_camera//examples/multi_camera_synced_verification_tool/multicamera_sync/output/20250218102900/TotalModeFrames/SNCP1E5420006D_Index0/color_SNCP1E5420006D_Index0_g1739874543527_f9_s1739874543603_e50_d16_.jpg\n'}
[145.041256] (orbbec_camera) StdoutLine: {'line': b'-- Installing: /home/sophie/isaac_lab/isaac_ws/rl_code/soarm100sim/third_party/orbbec_293_ws/install/orbbec_camera/share/orbbec_camera//examples/multi_camera_synced_verification_tool/multicamera_sync/output/20250218102900/TotalModeFrames/SNCP1E5420006D_Index0/color_SNCP1E5420006D_Index0_g1739874543494_f8_s1739874543548_e50_d16_.jpg\n'}
[145.041637] (orbbec_camera) StdoutLine: {'line': b'-- Installing: /home/sophie/isaac_lab/isaac_ws/rl_code/soarm100sim/third_party/orbbec_293_ws/install/orbbec_camera/share/orbbec_camera//examples/multi_camera_synced_verification_tool/multicamera_sync/output/20250218102900/TotalModeFrames/SNCP1E5420006D_Index0/color_SNCP1E5420006D_Index0_g1739874543327_f3_s1739874543441_e50_d16_.jpg\n'}
[145.042007] (orbbec_camera) StdoutLine: {'line': b'-- Installing: /home/sophie/isaac_lab/isaac_ws/rl_code/soarm100sim/third_party/orbbec_293_ws/install/orbbec_camera/share/orbbec_camera//examples/multi_camera_synced_verification_tool/multicamera_sync/output/20250218102900/TotalModeFrames/SNCP1E5420006D_Index0/ir#left_SNCP1E5420006D_Index0_g1739874543227_f0_s1739874543250_e5000_d16_.jpg\n'}
[145.042222] (orbbec_camera) StdoutLine: {'line': b'-- Installing: /home/sophie/isaac_lab/isaac_ws/rl_code/soarm100sim/third_party/orbbec_293_ws/install/orbbec_camera/share/orbbec_camera//examples/multi_camera_synced_verification_tool/multicamera_sync/output/20250218102900/TotalModeFrames/SNCP1E5420006D_Index0/ir#left_SNCP1E5420006D_Index0_g1739874543260_f1_s1739874543310_e5000_d16_.jpg\n'}
[145.042429] (orbbec_camera) StdoutLine: {'line': b'-- Installing: /home/sophie/isaac_lab/isaac_ws/rl_code/soarm100sim/third_party/orbbec_293_ws/install/orbbec_camera/share/orbbec_camera//examples/multi_camera_synced_verification_tool/multicamera_sync/output/20250218102900/TotalModeFrames/SNCP1E5420006D_Index0/ir#left_SNCP1E5420006D_Index0_g1739874543294_f2_s1739874543329_e5000_d16_.jpg\n'}
[145.042609] (orbbec_camera) StdoutLine: {'line': b'-- Installing: /home/sophie/isaac_lab/isaac_ws/rl_code/soarm100sim/third_party/orbbec_293_ws/install/orbbec_camera/share/orbbec_camera//examples/multi_camera_synced_verification_tool/multicamera_sync/output/20250218102900/TotalModeFrames/SNCP1E5420006D_Index0/color_SNCP1E5420006D_Index0_g1739874543461_f7_s1739874543520_e50_d16_.jpg\n'}
[145.043063] (orbbec_camera) StdoutLine: {'line': b'-- Installing: /home/sophie/isaac_lab/isaac_ws/rl_code/soarm100sim/third_party/orbbec_293_ws/install/orbbec_camera/share/orbbec_camera//examples/multi_camera_synced_verification_tool/multicamera_sync/output/20250218102900/TotalModeFrames/SNCP1E5420006D_Index0/ir#left_SNCP1E5420006D_Index0_g1739874543527_f9_s1739874543627_e5000_d16_.jpg\n'}
[145.043272] (orbbec_camera) StdoutLine: {'line': b'-- Installing: /home/sophie/isaac_lab/isaac_ws/rl_code/soarm100sim/third_party/orbbec_293_ws/install/orbbec_camera/share/orbbec_camera//examples/multi_camera_synced_verification_tool/multicamera_sync/output/20250218102900/TotalModeFrames/SNCP1E5420006D_Index0/ir#left_SNCP1E5420006D_Index0_g1739874543327_f3_s1739874543393_e5000_d16_.jpg\n'}
[145.043503] (orbbec_camera) StdoutLine: {'line': b'-- Installing: /home/sophie/isaac_lab/isaac_ws/rl_code/soarm100sim/third_party/orbbec_293_ws/install/orbbec_camera/share/orbbec_camera//examples/multi_camera_synced_verification_tool/multicamera_sync/output/20250218102900/TotalModeFrames/SNCP1E5420006D_Index0/color_SNCP1E5420006D_Index0_g1739874543360_f4_s1739874543442_e50_d16_.jpg\n'}
[145.043918] (orbbec_camera) StdoutLine: {'line': b'-- Installing: /home/sophie/isaac_lab/isaac_ws/rl_code/soarm100sim/third_party/orbbec_293_ws/install/orbbec_camera/share/orbbec_camera//examples/multi_camera_synced_verification_tool/multicamera_sync/output/20250218102900/TotalModeFrames/SNCP1E5420006D_Index0/ir#left_SNCP1E5420006D_Index0_g1739874543361_f4_s1739874543405_e5000_d16_.jpg\n'}
[145.044122] (orbbec_camera) StdoutLine: {'line': b'-- Installing: /home/sophie/isaac_lab/isaac_ws/rl_code/soarm100sim/third_party/orbbec_293_ws/install/orbbec_camera/share/orbbec_camera//examples/multi_camera_synced_verification_tool/multicamera_sync/output/20250218102900/TotalModeFrames/SNCP1E5420006D_Index0/color_SNCP1E5420006D_Index0_g1739874543227_f0_s1739874543327_e50_d16_.jpg\n'}
[145.044524] (orbbec_camera) StdoutLine: {'line': b'-- Installing: /home/sophie/isaac_lab/isaac_ws/rl_code/soarm100sim/third_party/orbbec_293_ws/install/orbbec_camera/share/orbbec_camera//examples/multi_camera_synced_verification_tool/multicamera_sync/output/20250218102900/TotalModeFrames/SNCP1E5420006D_Index0/color_SNCP1E5420006D_Index0_g1739874543561_f10_s1739874543648_e50_d16_.jpg\n'}
[145.044972] (orbbec_camera) StdoutLine: {'line': b'-- Installing: /home/sophie/isaac_lab/isaac_ws/rl_code/soarm100sim/third_party/orbbec_293_ws/install/orbbec_camera/share/orbbec_camera//examples/multi_camera_synced_verification_tool/multicamera_sync/output/20250218102900/TotalModeFrames/SNCP1E5420006D_Index0/color_SNCP1E5420006D_Index0_g1739874543260_f1_s1739874543351_e50_d16_.jpg\n'}
[145.045456] (orbbec_camera) StdoutLine: {'line': b'-- Installing: /home/sophie/isaac_lab/isaac_ws/rl_code/soarm100sim/third_party/orbbec_293_ws/install/orbbec_camera/share/orbbec_camera//examples/multi_camera_synced_verification_tool/multicamera_sync/output/20250218102900/TotalModeFrames/SNCP1E5420006D_Index0/ir#left_SNCP1E5420006D_Index0_g1739874543461_f7_s1739874543493_e5000_d16_.jpg\n'}
[145.045622] (orbbec_camera) StdoutLine: {'line': b'-- Installing: /home/sophie/isaac_lab/isaac_ws/rl_code/soarm100sim/third_party/orbbec_293_ws/install/orbbec_camera/share/orbbec_camera//examples/multi_camera_synced_verification_tool/multicamera_sync/output/20250218102900/StreamProfileInfo.txt\n'}
[145.045776] (orbbec_camera) StdoutLine: {'line': b'-- Installing: /home/sophie/isaac_lab/isaac_ws/rl_code/soarm100sim/third_party/orbbec_293_ws/install/orbbec_camera/share/orbbec_camera//examples/multi_camera_synced_verification_tool/gemini_330_series_synced_verify.launch.py\n'}
[145.045975] (orbbec_camera) StdoutLine: {'line': b'-- Installing: /home/sophie/isaac_lab/isaac_ws/rl_code/soarm100sim/third_party/orbbec_293_ws/install/orbbec_camera/share/orbbec_camera//examples/multi_camera_synced_verification_tool/multi_camera_synced_verify.launch.py\n'}
[145.046137] (orbbec_camera) StdoutLine: {'line': b'-- Installing: /home/sophie/isaac_lab/isaac_ws/rl_code/soarm100sim/third_party/orbbec_293_ws/install/orbbec_camera/share/orbbec_camera//examples/benchmark\n'}
[145.046269] (orbbec_camera) StdoutLine: {'line': b'-- Installing: /home/sophie/isaac_lab/isaac_ws/rl_code/soarm100sim/third_party/orbbec_293_ws/install/orbbec_camera/share/orbbec_camera//examples/benchmark/gemini_330_series_benchmark.launch.py\n'}
[145.046443] (orbbec_camera) StdoutLine: {'line': b'-- Installing: /home/sophie/isaac_lab/isaac_ws/rl_code/soarm100sim/third_party/orbbec_293_ws/install/orbbec_camera/share/orbbec_camera//examples/benchmark/ob_benchmark_0.launch.py\n'}
[145.046586] (orbbec_camera) StdoutLine: {'line': b'-- Installing: /home/sophie/isaac_lab/isaac_ws/rl_code/soarm100sim/third_party/orbbec_293_ws/install/orbbec_camera/share/orbbec_camera//examples/benchmark/ob_benchmark_1.launch.py\n'}
[145.046725] (orbbec_camera) StdoutLine: {'line': b'-- Installing: /home/sophie/isaac_lab/isaac_ws/rl_code/soarm100sim/third_party/orbbec_293_ws/install/orbbec_camera/share/orbbec_camera//examples/net_camera\n'}
[145.046866] (orbbec_camera) StdoutLine: {'line': b'-- Installing: /home/sophie/isaac_lab/isaac_ws/rl_code/soarm100sim/third_party/orbbec_293_ws/install/orbbec_camera/share/orbbec_camera//examples/net_camera/multi_net_camera.launch.py\n'}
[145.047049] (orbbec_camera) StdoutLine: {'line': b'-- Installing: /home/sophie/isaac_lab/isaac_ws/rl_code/soarm100sim/third_party/orbbec_293_ws/install/orbbec_camera/share/orbbec_camera//examples/multi_camera_time_sync\n'}
[145.047125] (orbbec_camera) StdoutLine: {'line': b'-- Installing: /home/sophie/isaac_lab/isaac_ws/rl_code/soarm100sim/third_party/orbbec_293_ws/install/orbbec_camera/share/orbbec_camera//examples/multi_camera_time_sync/image_sync_example_node.cpp\n'}
[145.047270] (orbbec_camera) StdoutLine: {'line': b'-- Installing: /home/sophie/isaac_lab/isaac_ws/rl_code/soarm100sim/third_party/orbbec_293_ws/install/orbbec_camera/share/orbbec_camera//examples/gmsl_camera\n'}
[145.047392] (orbbec_camera) StdoutLine: {'line': b'-- Installing: /home/sophie/isaac_lab/isaac_ws/rl_code/soarm100sim/third_party/orbbec_293_ws/install/orbbec_camera/share/orbbec_camera//examples/gmsl_camera/multi_gmsl_camera.launch.py\n'}
[145.047459] (orbbec_camera) StdoutLine: {'line': b'-- Installing: /home/sophie/isaac_lab/isaac_ws/rl_code/soarm100sim/third_party/orbbec_293_ws/install/orbbec_camera/share/orbbec_camera//examples/gmsl_camera/gemini_330_gmsl.launch.py\n'}
[145.047588] (orbbec_camera) StdoutLine: {'line': b'-- Installing: /home/sophie/isaac_lab/isaac_ws/rl_code/soarm100sim/third_party/orbbec_293_ws/install/orbbec_camera/share/orbbec_camera//examples/gmsl_camera/multi_gmsl_camera_synced.launch.py\n'}
[145.047760] (orbbec_camera) StdoutLine: {'line': b'-- Installing: /home/sophie/isaac_lab/isaac_ws/rl_code/soarm100sim/third_party/orbbec_293_ws/install/orbbec_camera/share/orbbec_camera//examples/Gemini_435Le_example_node\n'}
[145.047826] (orbbec_camera) StdoutLine: {'line': b'-- Installing: /home/sophie/isaac_lab/isaac_ws/rl_code/soarm100sim/third_party/orbbec_293_ws/install/orbbec_camera/share/orbbec_camera//examples/Gemini_435Le_example_node/README.MD\n'}
[145.047962] (orbbec_camera) StdoutLine: {'line': b'-- Installing: /home/sophie/isaac_lab/isaac_ws/rl_code/soarm100sim/third_party/orbbec_293_ws/install/orbbec_camera/share/orbbec_camera//examples/Gemini_435Le_example_node/camera_example_node.cpp\n'}
[145.048106] (orbbec_camera) StdoutLine: {'line': b'-- Installing: /home/sophie/isaac_lab/isaac_ws/rl_code/soarm100sim/third_party/orbbec_293_ws/install/orbbec_camera/share/orbbec_camera/SDK/licenses\n'}
[145.048283] (orbbec_camera) StdoutLine: {'line': b'-- Installing: /home/sophie/isaac_lab/isaac_ws/rl_code/soarm100sim/third_party/orbbec_293_ws/install/orbbec_camera/share/orbbec_camera/SDK/licenses/libuvc\n'}
[145.048346] (orbbec_camera) StdoutLine: {'line': b'-- Installing: /home/sophie/isaac_lab/isaac_ws/rl_code/soarm100sim/third_party/orbbec_293_ws/install/orbbec_camera/share/orbbec_camera/SDK/licenses/libuvc/LICENSE.txt\n'}
[145.048522] (orbbec_camera) StdoutLine: {'line': b'-- Installing: /home/sophie/isaac_lab/isaac_ws/rl_code/soarm100sim/third_party/orbbec_293_ws/install/orbbec_camera/share/orbbec_camera/SDK/licenses/libyuv\n'}
[145.048703] (orbbec_camera) StdoutLine: {'line': b'-- Installing: /home/sophie/isaac_lab/isaac_ws/rl_code/soarm100sim/third_party/orbbec_293_ws/install/orbbec_camera/share/orbbec_camera/SDK/licenses/libyuv/LICENSE\n'}
[145.048781] (orbbec_camera) StdoutLine: {'line': b'-- Installing: /home/sophie/isaac_lab/isaac_ws/rl_code/soarm100sim/third_party/orbbec_293_ws/install/orbbec_camera/share/orbbec_camera/SDK/licenses/libjpeg\n'}
[145.048974] (orbbec_camera) StdoutLine: {'line': b'-- Installing: /home/sophie/isaac_lab/isaac_ws/rl_code/soarm100sim/third_party/orbbec_293_ws/install/orbbec_camera/share/orbbec_camera/SDK/licenses/libjpeg/LICENSE.md\n'}
[145.049053] (orbbec_camera) StdoutLine: {'line': b'-- Installing: /home/sophie/isaac_lab/isaac_ws/rl_code/soarm100sim/third_party/orbbec_293_ws/install/orbbec_camera/share/orbbec_camera/SDK/licenses/spdlog\n'}
[145.049193] (orbbec_camera) StdoutLine: {'line': b'-- Installing: /home/sophie/isaac_lab/isaac_ws/rl_code/soarm100sim/third_party/orbbec_293_ws/install/orbbec_camera/share/orbbec_camera/SDK/licenses/spdlog/LICENSE\n'}
[145.049264] (orbbec_camera) StdoutLine: {'line': b'-- Installing: /home/sophie/isaac_lab/isaac_ws/rl_code/soarm100sim/third_party/orbbec_293_ws/install/orbbec_camera/share/orbbec_camera/SDK/licenses/dylib\n'}
[145.049416] (orbbec_camera) StdoutLine: {'line': b'-- Installing: /home/sophie/isaac_lab/isaac_ws/rl_code/soarm100sim/third_party/orbbec_293_ws/install/orbbec_camera/share/orbbec_camera/SDK/licenses/dylib/LICENSE\n'}
[145.049492] (orbbec_camera) StdoutLine: {'line': b'-- Installing: /home/sophie/isaac_lab/isaac_ws/rl_code/soarm100sim/third_party/orbbec_293_ws/install/orbbec_camera/share/orbbec_camera/SDK/licenses/mdns\n'}
[145.049559] (orbbec_camera) StdoutLine: {'line': b'-- Installing: /home/sophie/isaac_lab/isaac_ws/rl_code/soarm100sim/third_party/orbbec_293_ws/install/orbbec_camera/share/orbbec_camera/SDK/licenses/mdns/LICENSE\n'}
[145.049761] (orbbec_camera) StdoutLine: {'line': b'-- Installing: /home/sophie/isaac_lab/isaac_ws/rl_code/soarm100sim/third_party/orbbec_293_ws/install/orbbec_camera/share/orbbec_camera/SDK/licenses/jsoncpp\n'}
[145.049837] (orbbec_camera) StdoutLine: {'line': b'-- Installing: /home/sophie/isaac_lab/isaac_ws/rl_code/soarm100sim/third_party/orbbec_293_ws/install/orbbec_camera/share/orbbec_camera/SDK/licenses/jsoncpp/LICENSE\n'}
[145.049907] (orbbec_camera) StdoutLine: {'line': b'-- Installing: /home/sophie/isaac_lab/isaac_ws/rl_code/soarm100sim/third_party/orbbec_293_ws/install/orbbec_camera/share/orbbec_camera/SDK/licenses/libusb\n'}
[145.050064] (orbbec_camera) StdoutLine: {'line': b'-- Installing: /home/sophie/isaac_lab/isaac_ws/rl_code/soarm100sim/third_party/orbbec_293_ws/install/orbbec_camera/share/orbbec_camera/SDK/licenses/libusb/COPYING\n'}
[145.050212] (orbbec_camera) StdoutLine: {'line': b'-- Installing: /home/sophie/isaac_lab/isaac_ws/rl_code/soarm100sim/third_party/orbbec_293_ws/install/orbbec_camera/share/orbbec_camera/SDK/licenses/live555\n'}
[145.050288] (orbbec_camera) StdoutLine: {'line': b'-- Installing: /home/sophie/isaac_lab/isaac_ws/rl_code/soarm100sim/third_party/orbbec_293_ws/install/orbbec_camera/share/orbbec_camera/SDK/licenses/live555/COPYING\n'}
[145.050433] (orbbec_camera) StdoutLine: {'line': b'-- Installing: /home/sophie/isaac_lab/isaac_ws/rl_code/soarm100sim/third_party/orbbec_293_ws/install/orbbec_camera/share/orbbec_camera/SDK/licenses/live555/COPYING.LESSER\n'}
[145.050570] (orbbec_camera) StdoutLine: {'line': b'-- Installing: /home/sophie/isaac_lab/isaac_ws/rl_code/soarm100sim/third_party/orbbec_293_ws/install/orbbec_camera/share/orbbec_camera/SDK/licenses/rosbag\n'}
[145.050721] (orbbec_camera) StdoutLine: {'line': b'-- Installing: /home/sophie/isaac_lab/isaac_ws/rl_code/soarm100sim/third_party/orbbec_293_ws/install/orbbec_camera/share/orbbec_camera/SDK/licenses/rosbag/LICENSE\n'}
[145.050794] (orbbec_camera) StdoutLine: {'line': b'-- Installing: /home/sophie/isaac_lab/isaac_ws/rl_code/soarm100sim/third_party/orbbec_293_ws/install/orbbec_camera/share/orbbec_camera/SDK/licenses/THIRD_PARTY_LICENSES.md\n'}
[145.050941] (orbbec_camera) StdoutLine: {'line': b'-- Installing: /home/sophie/isaac_lab/isaac_ws/rl_code/soarm100sim/third_party/orbbec_293_ws/install/orbbec_camera/share/orbbec_camera/SDK/licenses/cmrc\n'}
[145.051026] (orbbec_camera) StdoutLine: {'line': b'-- Installing: /home/sophie/isaac_lab/isaac_ws/rl_code/soarm100sim/third_party/orbbec_293_ws/install/orbbec_camera/share/orbbec_camera/SDK/licenses/cmrc/LICENSE.txt\n'}
[145.051181] (orbbec_camera) StdoutLine: {'line': b'-- Installing: /home/sophie/isaac_lab/isaac_ws/rl_code/soarm100sim/third_party/orbbec_293_ws/install/orbbec_camera/share/orbbec_camera/SDK/licenses/tinyxml2\n'}
[145.051248] (orbbec_camera) StdoutLine: {'line': b'-- Installing: /home/sophie/isaac_lab/isaac_ws/rl_code/soarm100sim/third_party/orbbec_293_ws/install/orbbec_camera/share/orbbec_camera/SDK/licenses/tinyxml2/LICENSE.txt\n'}
[145.051426] (orbbec_camera) StdoutLine: {'line': b'-- Up-to-date: /home/sophie/isaac_lab/isaac_ws/rl_code/soarm100sim/third_party/orbbec_293_ws/install/orbbec_camera/include\n'}
[145.051496] (orbbec_camera) StdoutLine: {'line': b'-- Installing: /home/sophie/isaac_lab/isaac_ws/rl_code/soarm100sim/third_party/orbbec_293_ws/install/orbbec_camera/include/libobsensor\n'}
[145.051639] (orbbec_camera) StdoutLine: {'line': b'-- Installing: /home/sophie/isaac_lab/isaac_ws/rl_code/soarm100sim/third_party/orbbec_293_ws/install/orbbec_camera/include/libobsensor/ObSensor.h\n'}
[145.051759] (orbbec_camera) StdoutLine: {'line': b'-- Installing: /home/sophie/isaac_lab/isaac_ws/rl_code/soarm100sim/third_party/orbbec_293_ws/install/orbbec_camera/include/libobsensor/h\n'}
[145.051879] (orbbec_camera) StdoutLine: {'line': b'-- Installing: /home/sophie/isaac_lab/isaac_ws/rl_code/soarm100sim/third_party/orbbec_293_ws/install/orbbec_camera/include/libobsensor/h/Advanced.h\n'}
[145.051933] (orbbec_camera) StdoutLine: {'line': b'-- Installing: /home/sophie/isaac_lab/isaac_ws/rl_code/soarm100sim/third_party/orbbec_293_ws/install/orbbec_camera/include/libobsensor/h/Frame.h\n'}
[145.052046] (orbbec_camera) StdoutLine: {'line': b'-- Installing: /home/sophie/isaac_lab/isaac_ws/rl_code/soarm100sim/third_party/orbbec_293_ws/install/orbbec_camera/include/libobsensor/h/Device.h\n'}
[145.052162] (orbbec_camera) StdoutLine: {'line': b'-- Installing: /home/sophie/isaac_lab/isaac_ws/rl_code/soarm100sim/third_party/orbbec_293_ws/install/orbbec_camera/include/libobsensor/h/Pipeline.h\n'}
[145.052307] (orbbec_camera) StdoutLine: {'line': b'-- Installing: /home/sophie/isaac_lab/isaac_ws/rl_code/soarm100sim/third_party/orbbec_293_ws/install/orbbec_camera/include/libobsensor/h/Export.h\n'}
[145.052358] (orbbec_camera) StdoutLine: {'line': b'-- Installing: /home/sophie/isaac_lab/isaac_ws/rl_code/soarm100sim/third_party/orbbec_293_ws/install/orbbec_camera/include/libobsensor/h/MultipleDevices.h\n'}
[145.052496] (orbbec_camera) StdoutLine: {'line': b'-- Installing: /home/sophie/isaac_lab/isaac_ws/rl_code/soarm100sim/third_party/orbbec_293_ws/install/orbbec_camera/include/libobsensor/h/TypeHelper.h\n'}
[145.052548] (orbbec_camera) StdoutLine: {'line': b'-- Installing: /home/sophie/isaac_lab/isaac_ws/rl_code/soarm100sim/third_party/orbbec_293_ws/install/orbbec_camera/include/libobsensor/h/Context.h\n'}
[145.052680] (orbbec_camera) StdoutLine: {'line': b'-- Installing: /home/sophie/isaac_lab/isaac_ws/rl_code/soarm100sim/third_party/orbbec_293_ws/install/orbbec_camera/include/libobsensor/h/Sensor.h\n'}
[145.052736] (orbbec_camera) StdoutLine: {'line': b'-- Installing: /home/sophie/isaac_lab/isaac_ws/rl_code/soarm100sim/third_party/orbbec_293_ws/install/orbbec_camera/include/libobsensor/h/Version.h\n'}
[145.052849] (orbbec_camera) StdoutLine: {'line': b'-- Installing: /home/sophie/isaac_lab/isaac_ws/rl_code/soarm100sim/third_party/orbbec_293_ws/install/orbbec_camera/include/libobsensor/h/Filter.h\n'}
[145.052899] (orbbec_camera) StdoutLine: {'line': b'-- Installing: /home/sophie/isaac_lab/isaac_ws/rl_code/soarm100sim/third_party/orbbec_293_ws/install/orbbec_camera/include/libobsensor/h/StreamProfile.h\n'}
[145.053000] (orbbec_camera) StdoutLine: {'line': b'-- Installing: /home/sophie/isaac_lab/isaac_ws/rl_code/soarm100sim/third_party/orbbec_293_ws/install/orbbec_camera/include/libobsensor/h/ApplicationConfig.h\n'}
[145.053109] (orbbec_camera) StdoutLine: {'line': b'-- Installing: /home/sophie/isaac_lab/isaac_ws/rl_code/soarm100sim/third_party/orbbec_293_ws/install/orbbec_camera/include/libobsensor/h/RecordPlayback.h\n'}
[145.053216] (orbbec_camera) StdoutLine: {'line': b'-- Installing: /home/sophie/isaac_lab/isaac_ws/rl_code/soarm100sim/third_party/orbbec_293_ws/install/orbbec_camera/include/libobsensor/h/ObTypes.h\n'}
[145.053328] (orbbec_camera) StdoutLine: {'line': b'-- Installing: /home/sophie/isaac_lab/isaac_ws/rl_code/soarm100sim/third_party/orbbec_293_ws/install/orbbec_camera/include/libobsensor/h/Error.h\n'}
[145.053436] (orbbec_camera) StdoutLine: {'line': b'-- Installing: /home/sophie/isaac_lab/isaac_ws/rl_code/soarm100sim/third_party/orbbec_293_ws/install/orbbec_camera/include/libobsensor/h/Property.h\n'}
[145.053535] (orbbec_camera) StdoutLine: {'line': b'-- Installing: /home/sophie/isaac_lab/isaac_ws/rl_code/soarm100sim/third_party/orbbec_293_ws/install/orbbec_camera/include/libobsensor/h/Utils.h\n'}
[145.053807] (orbbec_camera) StdoutLine: {'line': b'-- Installing: /home/sophie/isaac_lab/isaac_ws/rl_code/soarm100sim/third_party/orbbec_293_ws/install/orbbec_camera/include/libobsensor/hpp\n'}
[145.053885] (orbbec_camera) StdoutLine: {'line': b'-- Installing: /home/sophie/isaac_lab/isaac_ws/rl_code/soarm100sim/third_party/orbbec_293_ws/install/orbbec_camera/include/libobsensor/hpp/Sensor.hpp\n'}
[145.053947] (orbbec_camera) StdoutLine: {'line': b'-- Installing: /home/sophie/isaac_lab/isaac_ws/rl_code/soarm100sim/third_party/orbbec_293_ws/install/orbbec_camera/include/libobsensor/hpp/Frame.hpp\n'}
[145.054112] (orbbec_camera) StdoutLine: {'line': b'-- Installing: /home/sophie/isaac_lab/isaac_ws/rl_code/soarm100sim/third_party/orbbec_293_ws/install/orbbec_camera/include/libobsensor/hpp/Utils.hpp\n'}
[145.054171] (orbbec_camera) StdoutLine: {'line': b'-- Installing: /home/sophie/isaac_lab/isaac_ws/rl_code/soarm100sim/third_party/orbbec_293_ws/install/orbbec_camera/include/libobsensor/hpp/ApplicationConfig.hpp\n'}
[145.054223] (orbbec_camera) StdoutLine: {'line': b'-- Installing: /home/sophie/isaac_lab/isaac_ws/rl_code/soarm100sim/third_party/orbbec_293_ws/install/orbbec_camera/include/libobsensor/hpp/Device.hpp\n'}
[145.054320] (orbbec_camera) StdoutLine: {'line': b'-- Installing: /home/sophie/isaac_lab/isaac_ws/rl_code/soarm100sim/third_party/orbbec_293_ws/install/orbbec_camera/include/libobsensor/hpp/Filter.hpp\n'}
[145.054415] (orbbec_camera) StdoutLine: {'line': b'-- Installing: /home/sophie/isaac_lab/isaac_ws/rl_code/soarm100sim/third_party/orbbec_293_ws/install/orbbec_camera/include/libobsensor/hpp/StreamProfile.hpp\n'}
[145.054510] (orbbec_camera) StdoutLine: {'line': b'-- Installing: /home/sophie/isaac_lab/isaac_ws/rl_code/soarm100sim/third_party/orbbec_293_ws/install/orbbec_camera/include/libobsensor/hpp/Version.hpp\n'}
[145.054634] (orbbec_camera) StdoutLine: {'line': b'-- Installing: /home/sophie/isaac_lab/isaac_ws/rl_code/soarm100sim/third_party/orbbec_293_ws/install/orbbec_camera/include/libobsensor/hpp/RecordPlayback.hpp\n'}
[145.054679] (orbbec_camera) StdoutLine: {'line': b'-- Installing: /home/sophie/isaac_lab/isaac_ws/rl_code/soarm100sim/third_party/orbbec_293_ws/install/orbbec_camera/include/libobsensor/hpp/Context.hpp\n'}
[145.054771] (orbbec_camera) StdoutLine: {'line': b'-- Installing: /home/sophie/isaac_lab/isaac_ws/rl_code/soarm100sim/third_party/orbbec_293_ws/install/orbbec_camera/include/libobsensor/hpp/Pipeline.hpp\n'}
[145.054863] (orbbec_camera) StdoutLine: {'line': b'-- Installing: /home/sophie/isaac_lab/isaac_ws/rl_code/soarm100sim/third_party/orbbec_293_ws/install/orbbec_camera/include/libobsensor/hpp/TypeHelper.hpp\n'}
[145.054953] (orbbec_camera) StdoutLine: {'line': b'-- Installing: /home/sophie/isaac_lab/isaac_ws/rl_code/soarm100sim/third_party/orbbec_293_ws/install/orbbec_camera/include/libobsensor/hpp/Error.hpp\n'}
[145.055099] (orbbec_camera) StdoutLine: {'line': b'-- Installing: /home/sophie/isaac_lab/isaac_ws/rl_code/soarm100sim/third_party/orbbec_293_ws/install/orbbec_camera/include/libobsensor/hpp/Types.hpp\n'}
[145.055231] (orbbec_camera) StdoutLine: {'line': b'-- Installing: /home/sophie/isaac_lab/isaac_ws/rl_code/soarm100sim/third_party/orbbec_293_ws/install/orbbec_camera/include/libobsensor/ObSensor.hpp\n'}
[145.055346] (orbbec_camera) StdoutLine: {'line': b'-- Up-to-date: /home/sophie/isaac_lab/isaac_ws/rl_code/soarm100sim/third_party/orbbec_293_ws/install/orbbec_camera/lib/\n'}
[145.055401] (orbbec_camera) StdoutLine: {'line': b'-- Installing: /home/sophie/isaac_lab/isaac_ws/rl_code/soarm100sim/third_party/orbbec_293_ws/install/orbbec_camera/lib//libOrbbecSDK.so\n'}
[145.055450] (orbbec_camera) StdoutLine: {'line': b'-- Installing: /home/sophie/isaac_lab/isaac_ws/rl_code/soarm100sim/third_party/orbbec_293_ws/install/orbbec_camera/lib//libOrbbecSDK.so.2\n'}
[145.055496] (orbbec_camera) StdoutLine: {'line': b'-- Installing: /home/sophie/isaac_lab/isaac_ws/rl_code/soarm100sim/third_party/orbbec_293_ws/install/orbbec_camera/lib//extensions\n'}
[145.055590] (orbbec_camera) StdoutLine: {'line': b'-- Installing: /home/sophie/isaac_lab/isaac_ws/rl_code/soarm100sim/third_party/orbbec_293_ws/install/orbbec_camera/lib//extensions/frameprocessor\n'}
[145.055642] (orbbec_camera) StdoutLine: {'line': b'-- Installing: /home/sophie/isaac_lab/isaac_ws/rl_code/soarm100sim/third_party/orbbec_293_ws/install/orbbec_camera/lib//extensions/frameprocessor/libob_frame_processor.so\n'}
[145.056141] (orbbec_camera) StdoutLine: {'line': b'-- Installing: /home/sophie/isaac_lab/isaac_ws/rl_code/soarm100sim/third_party/orbbec_293_ws/install/orbbec_camera/lib//extensions/depthengine\n'}
[145.056192] (orbbec_camera) StdoutLine: {'line': b'-- Installing: /home/sophie/isaac_lab/isaac_ws/rl_code/soarm100sim/third_party/orbbec_293_ws/install/orbbec_camera/lib//extensions/depthengine/libdepthengine.so.2.0\n'}
[145.056998] (orbbec_camera) StdoutLine: {'line': b'-- Installing: /home/sophie/isaac_lab/isaac_ws/rl_code/soarm100sim/third_party/orbbec_293_ws/install/orbbec_camera/lib//extensions/depthengine/libdepthengine.so\n'}
[145.057036] (orbbec_camera) StdoutLine: {'line': b'-- Installing: /home/sophie/isaac_lab/isaac_ws/rl_code/soarm100sim/third_party/orbbec_293_ws/install/orbbec_camera/lib//extensions/filters\n'}
[145.057069] (orbbec_camera) StdoutLine: {'line': b'-- Installing: /home/sophie/isaac_lab/isaac_ws/rl_code/soarm100sim/third_party/orbbec_293_ws/install/orbbec_camera/lib//extensions/filters/libFilterProcessor.so\n'}
[145.057747] (orbbec_camera) StdoutLine: {'line': b'-- Installing: /home/sophie/isaac_lab/isaac_ws/rl_code/soarm100sim/third_party/orbbec_293_ws/install/orbbec_camera/lib//extensions/filters/libob_priv_filter.so\n'}
[145.058110] (orbbec_camera) StdoutLine: {'line': b'-- Installing: /home/sophie/isaac_lab/isaac_ws/rl_code/soarm100sim/third_party/orbbec_293_ws/install/orbbec_camera/lib//extensions/firmwareupdater\n'}
[145.058180] (orbbec_camera) StdoutLine: {'line': b'-- Installing: /home/sophie/isaac_lab/isaac_ws/rl_code/soarm100sim/third_party/orbbec_293_ws/install/orbbec_camera/lib//extensions/firmwareupdater/libfirmwareupdater.so\n'}
[145.058924] (orbbec_camera) StdoutLine: {'line': b'-- Installing: /home/sophie/isaac_lab/isaac_ws/rl_code/soarm100sim/third_party/orbbec_293_ws/install/orbbec_camera/lib//libOrbbecSDK.so.2.9.3\n'}
[145.070992] (orbbec_camera) StdoutLine: {'line': b'-- Installing: /home/sophie/isaac_lab/isaac_ws/rl_code/soarm100sim/third_party/orbbec_293_ws/install/orbbec_camera/lib/extensions/libdepthengine.so\n'}
[145.071060] (orbbec_camera) StdoutLine: {'line': b'-- Installing: /home/sophie/isaac_lab/isaac_ws/rl_code/soarm100sim/third_party/orbbec_293_ws/install/orbbec_camera/lib/extensions/libdepthengine.so.2.0\n'}
[145.071212] (orbbec_camera) StdoutLine: {'line': b'-- Installing: /home/sophie/isaac_lab/isaac_ws/rl_code/soarm100sim/third_party/orbbec_293_ws/install/orbbec_camera/lib/extensions/libFilterProcessor.so\n'}
[145.071516] (orbbec_camera) StdoutLine: {'line': b'-- Installing: /home/sophie/isaac_lab/isaac_ws/rl_code/soarm100sim/third_party/orbbec_293_ws/install/orbbec_camera/lib/extensions/libob_priv_filter.so\n'}
[145.071652] (orbbec_camera) StdoutLine: {'line': b'-- Installing: /home/sophie/isaac_lab/isaac_ws/rl_code/soarm100sim/third_party/orbbec_293_ws/install/orbbec_camera/lib/extensions/libfirmwareupdater.so\n'}
[145.071937] (orbbec_camera) StdoutLine: {'line': b'-- Installing: /home/sophie/isaac_lab/isaac_ws/rl_code/soarm100sim/third_party/orbbec_293_ws/install/orbbec_camera/lib/extensions/libob_frame_processor.so\n'}
[145.072220] (orbbec_camera) StdoutLine: {'line': b'-- Installing: /home/sophie/isaac_lab/isaac_ws/rl_code/soarm100sim/third_party/orbbec_293_ws/install/orbbec_camera/lib/orbbec_camera/list_devices_node\n'}
[145.072361] (orbbec_camera) StdoutLine: {'line': b'-- Set runtime path of "/home/sophie/isaac_lab/isaac_ws/rl_code/soarm100sim/third_party/orbbec_293_ws/install/orbbec_camera/lib/orbbec_camera/list_devices_node" to ":/home/sophie/isaac_lab/isaac_ws/rl_code/soarm100sim/third_party/orbbec_293_ws/src/OrbbecSDK_ROS2/orbbec_camera/SDK/lib/x64"\n'}
[145.072416] (orbbec_camera) StdoutLine: {'line': b'-- Installing: /home/sophie/isaac_lab/isaac_ws/rl_code/soarm100sim/third_party/orbbec_293_ws/install/orbbec_camera/lib/orbbec_camera/list_depth_work_mode_node\n'}
[145.072531] (orbbec_camera) StdoutLine: {'line': b'-- Set runtime path of "/home/sophie/isaac_lab/isaac_ws/rl_code/soarm100sim/third_party/orbbec_293_ws/install/orbbec_camera/lib/orbbec_camera/list_depth_work_mode_node" to ":/home/sophie/isaac_lab/isaac_ws/rl_code/soarm100sim/third_party/orbbec_293_ws/src/OrbbecSDK_ROS2/orbbec_camera/SDK/lib/x64"\n'}
[145.072586] (orbbec_camera) StdoutLine: {'line': b'-- Installing: /home/sophie/isaac_lab/isaac_ws/rl_code/soarm100sim/third_party/orbbec_293_ws/install/orbbec_camera/lib/orbbec_camera/list_camera_profile_mode_node\n'}
[145.072735] (orbbec_camera) StdoutLine: {'line': b'-- Set runtime path of "/home/sophie/isaac_lab/isaac_ws/rl_code/soarm100sim/third_party/orbbec_293_ws/install/orbbec_camera/lib/orbbec_camera/list_camera_profile_mode_node" to ":/home/sophie/isaac_lab/isaac_ws/rl_code/soarm100sim/third_party/orbbec_293_ws/src/OrbbecSDK_ROS2/orbbec_camera/SDK/lib/x64"\n'}
[145.072788] (orbbec_camera) StdoutLine: {'line': b'-- Installing: /home/sophie/isaac_lab/isaac_ws/rl_code/soarm100sim/third_party/orbbec_293_ws/install/orbbec_camera/lib/orbbec_camera/firmware_update_tool\n'}
[145.072920] (orbbec_camera) StdoutLine: {'line': b'-- Set runtime path of "/home/sophie/isaac_lab/isaac_ws/rl_code/soarm100sim/third_party/orbbec_293_ws/install/orbbec_camera/lib/orbbec_camera/firmware_update_tool" to ":/home/sophie/isaac_lab/isaac_ws/rl_code/soarm100sim/third_party/orbbec_293_ws/src/OrbbecSDK_ROS2/orbbec_camera/SDK/lib/x64"\n'}
[145.072974] (orbbec_camera) StdoutLine: {'line': b'-- Installing: /home/sophie/isaac_lab/isaac_ws/rl_code/soarm100sim/third_party/orbbec_293_ws/install/orbbec_camera/lib/orbbec_camera/topic_statistics_node\n'}
[145.073626] (orbbec_camera) StdoutLine: {'line': b'-- Set runtime path of "/home/sophie/isaac_lab/isaac_ws/rl_code/soarm100sim/third_party/orbbec_293_ws/install/orbbec_camera/lib/orbbec_camera/topic_statistics_node" to ":/home/sophie/isaac_lab/isaac_ws/rl_code/soarm100sim/third_party/orbbec_293_ws/src/OrbbecSDK_ROS2/orbbec_camera/SDK/lib/x64"\n'}
[145.073671] (orbbec_camera) StdoutLine: {'line': b'-- Installing: /home/sophie/isaac_lab/isaac_ws/rl_code/soarm100sim/third_party/orbbec_293_ws/install/orbbec_camera/lib/orbbec_camera/service_benchmark_node\n'}
[145.073991] (orbbec_camera) StdoutLine: {'line': b'-- Set runtime path of "/home/sophie/isaac_lab/isaac_ws/rl_code/soarm100sim/third_party/orbbec_293_ws/install/orbbec_camera/lib/orbbec_camera/service_benchmark_node" to ":/home/sophie/isaac_lab/isaac_ws/rl_code/soarm100sim/third_party/orbbec_293_ws/src/OrbbecSDK_ROS2/orbbec_camera/SDK/lib/x64"\n'}
[145.074098] (orbbec_camera) StdoutLine: {'line': b'-- Installing: /home/sophie/isaac_lab/isaac_ws/rl_code/soarm100sim/third_party/orbbec_293_ws/install/orbbec_camera/lib/orbbec_camera/ob_benchmark_node\n'}
[145.074244] (orbbec_camera) StdoutLine: {'line': b'-- Set runtime path of "/home/sophie/isaac_lab/isaac_ws/rl_code/soarm100sim/third_party/orbbec_293_ws/install/orbbec_camera/lib/orbbec_camera/ob_benchmark_node" to ":/home/sophie/isaac_lab/isaac_ws/rl_code/soarm100sim/third_party/orbbec_293_ws/src/OrbbecSDK_ROS2/orbbec_camera/SDK/lib/x64"\n'}
[145.074297] (orbbec_camera) StdoutLine: {'line': b'-- Installing: /home/sophie/isaac_lab/isaac_ws/rl_code/soarm100sim/third_party/orbbec_293_ws/install/orbbec_camera/lib/orbbec_camera/435le_example_node\n'}
[145.074832] (orbbec_camera) StdoutLine: {'line': b'-- Set runtime path of "/home/sophie/isaac_lab/isaac_ws/rl_code/soarm100sim/third_party/orbbec_293_ws/install/orbbec_camera/lib/orbbec_camera/435le_example_node" to ":/home/sophie/isaac_lab/isaac_ws/rl_code/soarm100sim/third_party/orbbec_293_ws/src/OrbbecSDK_ROS2/orbbec_camera/SDK/lib/x64"\n'}
[145.074893] (orbbec_camera) StdoutLine: {'line': b'-- Installing: /home/sophie/isaac_lab/isaac_ws/rl_code/soarm100sim/third_party/orbbec_293_ws/install/orbbec_camera/lib/orbbec_camera/ip_config_tool\n'}
[145.075002] (orbbec_camera) StdoutLine: {'line': b'-- Set runtime path of "/home/sophie/isaac_lab/isaac_ws/rl_code/soarm100sim/third_party/orbbec_293_ws/install/orbbec_camera/lib/orbbec_camera/ip_config_tool" to ":/home/sophie/isaac_lab/isaac_ws/rl_code/soarm100sim/third_party/orbbec_293_ws/src/OrbbecSDK_ROS2/orbbec_camera/SDK/lib/x64"\n'}
[145.075057] (orbbec_camera) StdoutLine: {'line': b'-- Installing: /home/sophie/isaac_lab/isaac_ws/rl_code/soarm100sim/third_party/orbbec_293_ws/install/orbbec_camera/lib/orbbec_camera/set_device_ip\n'}
[145.075206] (orbbec_camera) StdoutLine: {'line': b'-- Set runtime path of "/home/sophie/isaac_lab/isaac_ws/rl_code/soarm100sim/third_party/orbbec_293_ws/install/orbbec_camera/lib/orbbec_camera/set_device_ip" to ":/home/sophie/isaac_lab/isaac_ws/rl_code/soarm100sim/third_party/orbbec_293_ws/src/OrbbecSDK_ROS2/orbbec_camera/SDK/lib/x64"\n'}
[145.075260] (orbbec_camera) StdoutLine: {'line': b'-- Installing: /home/sophie/isaac_lab/isaac_ws/rl_code/soarm100sim/third_party/orbbec_293_ws/install/orbbec_camera/lib/orbbec_camera/image_sync_example_node\n'}
[145.076180] (orbbec_camera) StdoutLine: {'line': b'-- Set runtime path of "/home/sophie/isaac_lab/isaac_ws/rl_code/soarm100sim/third_party/orbbec_293_ws/install/orbbec_camera/lib/orbbec_camera/image_sync_example_node" to ":/home/sophie/isaac_lab/isaac_ws/rl_code/soarm100sim/third_party/orbbec_293_ws/src/OrbbecSDK_ROS2/orbbec_camera/SDK/lib/x64"\n'}
[145.076240] (orbbec_camera) StdoutLine: {'line': b'-- Installing: /home/sophie/isaac_lab/isaac_ws/rl_code/soarm100sim/third_party/orbbec_293_ws/install/orbbec_camera/share/orbbec_camera/environment/library_path.sh\n'}
[145.076265] (orbbec_camera) StdoutLine: {'line': b'-- Installing: /home/sophie/isaac_lab/isaac_ws/rl_code/soarm100sim/third_party/orbbec_293_ws/install/orbbec_camera/share/orbbec_camera/environment/library_path.dsv\n'}
[145.076482] (orbbec_camera) StdoutLine: {'line': b'-- Installing: /home/sophie/isaac_lab/isaac_ws/rl_code/soarm100sim/third_party/orbbec_293_ws/install/orbbec_camera/share/ament_index/resource_index/package_run_dependencies/orbbec_camera\n'}
[145.076557] (orbbec_camera) StdoutLine: {'line': b'-- Installing: /home/sophie/isaac_lab/isaac_ws/rl_code/soarm100sim/third_party/orbbec_293_ws/install/orbbec_camera/share/ament_index/resource_index/parent_prefix_path/orbbec_camera\n'}
[145.076679] (orbbec_camera) StdoutLine: {'line': b'-- Installing: /home/sophie/isaac_lab/isaac_ws/rl_code/soarm100sim/third_party/orbbec_293_ws/install/orbbec_camera/share/orbbec_camera/environment/ament_prefix_path.sh\n'}
[145.076860] (orbbec_camera) StdoutLine: {'line': b'-- Installing: /home/sophie/isaac_lab/isaac_ws/rl_code/soarm100sim/third_party/orbbec_293_ws/install/orbbec_camera/share/orbbec_camera/environment/ament_prefix_path.dsv\n'}
[145.076944] (orbbec_camera) StdoutLine: {'line': b'-- Installing: /home/sophie/isaac_lab/isaac_ws/rl_code/soarm100sim/third_party/orbbec_293_ws/install/orbbec_camera/share/orbbec_camera/environment/path.sh\n'}
[145.077042] (orbbec_camera) StdoutLine: {'line': b'-- Installing: /home/sophie/isaac_lab/isaac_ws/rl_code/soarm100sim/third_party/orbbec_293_ws/install/orbbec_camera/share/orbbec_camera/environment/path.dsv\n'}
[145.077127] (orbbec_camera) StdoutLine: {'line': b'-- Installing: /home/sophie/isaac_lab/isaac_ws/rl_code/soarm100sim/third_party/orbbec_293_ws/install/orbbec_camera/share/orbbec_camera/local_setup.bash\n'}
[145.077207] (orbbec_camera) StdoutLine: {'line': b'-- Installing: /home/sophie/isaac_lab/isaac_ws/rl_code/soarm100sim/third_party/orbbec_293_ws/install/orbbec_camera/share/orbbec_camera/local_setup.sh\n'}
[145.077302] (orbbec_camera) StdoutLine: {'line': b'-- Installing: /home/sophie/isaac_lab/isaac_ws/rl_code/soarm100sim/third_party/orbbec_293_ws/install/orbbec_camera/share/orbbec_camera/local_setup.zsh\n'}
[145.077418] (orbbec_camera) StdoutLine: {'line': b'-- Installing: /home/sophie/isaac_lab/isaac_ws/rl_code/soarm100sim/third_party/orbbec_293_ws/install/orbbec_camera/share/orbbec_camera/local_setup.dsv\n'}
[145.077502] (orbbec_camera) StdoutLine: {'line': b'-- Installing: /home/sophie/isaac_lab/isaac_ws/rl_code/soarm100sim/third_party/orbbec_293_ws/install/orbbec_camera/share/orbbec_camera/package.dsv\n'}
[145.077603] (orbbec_camera) StdoutLine: {'line': b'-- Installing: /home/sophie/isaac_lab/isaac_ws/rl_code/soarm100sim/third_party/orbbec_293_ws/install/orbbec_camera/share/ament_index/resource_index/packages/orbbec_camera\n'}
[145.077681] (orbbec_camera) StdoutLine: {'line': b'-- Installing: /home/sophie/isaac_lab/isaac_ws/rl_code/soarm100sim/third_party/orbbec_293_ws/install/orbbec_camera/share/ament_index/resource_index/rclcpp_components/orbbec_camera\n'}
[145.077814] (orbbec_camera) StdoutLine: {'line': b'-- Installing: /home/sophie/isaac_lab/isaac_ws/rl_code/soarm100sim/third_party/orbbec_293_ws/install/orbbec_camera/share/orbbec_camera/cmake/ament_cmake_export_include_directories-extras.cmake\n'}
[145.077900] (orbbec_camera) StdoutLine: {'line': b'-- Installing: /home/sophie/isaac_lab/isaac_ws/rl_code/soarm100sim/third_party/orbbec_293_ws/install/orbbec_camera/share/orbbec_camera/cmake/ament_cmake_export_libraries-extras.cmake\n'}
[145.077992] (orbbec_camera) StdoutLine: {'line': b'-- Installing: /home/sophie/isaac_lab/isaac_ws/rl_code/soarm100sim/third_party/orbbec_293_ws/install/orbbec_camera/share/orbbec_camera/cmake/ament_cmake_export_dependencies-extras.cmake\n'}
[145.078097] (orbbec_camera) StdoutLine: {'line': b'-- Installing: /home/sophie/isaac_lab/isaac_ws/rl_code/soarm100sim/third_party/orbbec_293_ws/install/orbbec_camera/share/orbbec_camera/cmake/orbbec_cameraConfig.cmake\n'}
[145.078162] (orbbec_camera) StdoutLine: {'line': b'-- Installing: /home/sophie/isaac_lab/isaac_ws/rl_code/soarm100sim/third_party/orbbec_293_ws/install/orbbec_camera/share/orbbec_camera/cmake/orbbec_cameraConfig-version.cmake\n'}
[145.078371] (orbbec_camera) StdoutLine: {'line': b'-- Installing: /home/sophie/isaac_lab/isaac_ws/rl_code/soarm100sim/third_party/orbbec_293_ws/install/orbbec_camera/share/orbbec_camera/package.xml\n'}
[145.135745] (-) TimerEvent: {}
[145.235980] (-) TimerEvent: {}
[145.336265] (-) TimerEvent: {}
[145.436486] (-) TimerEvent: {}
[145.536723] (-) TimerEvent: {}
[145.637090] (-) TimerEvent: {}
[145.737362] (-) TimerEvent: {}
[145.837643] (-) TimerEvent: {}
[145.937926] (-) TimerEvent: {}
[146.038164] (-) TimerEvent: {}
[146.138411] (-) TimerEvent: {}
[146.238651] (-) TimerEvent: {}
[146.338894] (-) TimerEvent: {}
[146.439191] (-) TimerEvent: {}
[146.539468] (-) TimerEvent: {}
[146.639690] (-) TimerEvent: {}
[146.739928] (-) TimerEvent: {}
[146.840150] (-) TimerEvent: {}
[146.940340] (-) TimerEvent: {}
[147.040567] (-) TimerEvent: {}
[147.140855] (-) TimerEvent: {}
[147.241156] (-) TimerEvent: {}
[147.341383] (-) TimerEvent: {}
[147.441605] (-) TimerEvent: {}
[147.541861] (-) TimerEvent: {}
[147.642139] (-) TimerEvent: {}
[147.742406] (-) TimerEvent: {}
[147.842696] (-) TimerEvent: {}
[147.943038] (-) TimerEvent: {}
[148.043276] (-) TimerEvent: {}
[148.143500] (-) TimerEvent: {}
[148.243706] (-) TimerEvent: {}
[148.344036] (-) TimerEvent: {}
[148.444285] (-) TimerEvent: {}
[148.544501] (-) TimerEvent: {}
[148.644710] (-) TimerEvent: {}
[148.745044] (-) TimerEvent: {}
[148.845278] (-) TimerEvent: {}
[148.945501] (-) TimerEvent: {}
[149.045766] (-) TimerEvent: {}
[149.146119] (-) TimerEvent: {}
[149.246348] (-) TimerEvent: {}
[149.346643] (-) TimerEvent: {}
[149.446895] (-) TimerEvent: {}
[149.547141] (-) TimerEvent: {}
[149.647362] (-) TimerEvent: {}
[149.747605] (-) TimerEvent: {}
[149.847846] (-) TimerEvent: {}
[149.948140] (-) TimerEvent: {}
[150.048376] (-) TimerEvent: {}
[150.148678] (-) TimerEvent: {}
[150.249033] (-) TimerEvent: {}
[150.349251] (-) TimerEvent: {}
[150.449488] (-) TimerEvent: {}
[150.549734] (-) TimerEvent: {}
[150.649966] (-) TimerEvent: {}
[150.750231] (-) TimerEvent: {}
[150.850464] (-) TimerEvent: {}
[150.950729] (-) TimerEvent: {}
[151.050924] (-) TimerEvent: {}
[151.151171] (-) TimerEvent: {}
[151.251386] (-) TimerEvent: {}
[151.319646] (orbbec_camera) CommandEnded: {'returncode': 0}
[151.341912] (orbbec_camera) JobEnded: {'identifier': 'orbbec_camera', 'rc': 0}
[151.342313] (-) EventReactorShutdown: {}
